year,period,region,sex,employment_type,paid_leave,weekly_median_aud,annual_median_aud
2014,AUG,Australia,Females,Full-time,Total,1100,57200
2015,AUG,Australia,Females,Full-time,Total,1125.4,58520.8
2016,AUG,Australia,Females,Full-time,Total,1150,59800
2017,AUG,Australia,Females,Full-time,Total,1190.9,61926.8
2018,AUG,Australia,Females,Full-time,Total,1235.1,64225.2
2019,AUG,Australia,Females,Full-time,Total,1250,65000
2020,AUG,Australia,Females,Full-time,Total,1342,69784
2021,AUG,Australia,Females,Full-time,Total,1374.3,71463.59999999999
2022,AUG,Australia,Females,Full-time,Total,1438,74776
2023,AUG,Australia,Females,Full-time,Total,1500,78000
2024,AUG,Australia,Females,Full-time,Total,1598.1,83101.2
2014,AUG,Australia,Females,Full-time,With leave entitlements,1120,58240
2015,AUG,Australia,Females,Full-time,With leave entitlements,1150,59800
2016,AUG,Australia,Females,Full-time,With leave entitlements,1193,62036
2017,AUG,Australia,Females,Full-time,With leave entitlements,1208,62816
2018,AUG,Australia,Females,Full-time,With leave entitlements,1250,65000
2019,AUG,Australia,Females,Full-time,With leave entitlements,1288,66976
2020,AUG,Australia,Females,Full-time,With leave entitlements,1377,71604
2021,AUG,Australia,Females,Full-time,With leave entitlements,1400,72800
2022,AUG,Australia,Females,Full-time,With leave entitlements,1479.2,76918.40000000001
2023,AUG,Australia,Females,Full-time,With leave entitlements,1519.7,79024.40000000001
2024,AUG,Australia,Females,Full-time,With leave entitlements,1618,84136
2014,AUG,Australia,Females,Full-time,Without leave entitlements,900,46800
2015,AUG,Australia,Females,Full-time,Without leave entitlements,899,46748
2016,AUG,Australia,Females,Full-time,Without leave entitlements,900,46800
2017,AUG,Australia,Females,Full-time,Without leave entitlements,900.2,46810.4
2018,AUG,Australia,Females,Full-time,Without leave entitlements,987.8,51365.6
2019,AUG,Australia,Females,Full-time,Without leave entitlements,999.8,51989.6
2020,AUG,Australia,Females,Full-time,Without leave entitlements,967,50284
2021,AUG,Australia,Females,Full-time,Without leave entitlements,1052.3,54719.6
2022,AUG,Australia,Females,Full-time,Without leave entitlements,1121.4,58312.8
2023,AUG,Australia,Females,Full-time,Without leave entitlements,1159.8,60309.6
2024,AUG,Australia,Females,Full-time,Without leave entitlements,1250,65000
2014,AUG,Australia,Females,Part-time,Total,498,25896
2015,AUG,Australia,Females,Part-time,Total,500,26000
2016,AUG,Australia,Females,Part-time,Total,503,26156
2017,AUG,Australia,Females,Part-time,Total,535,27820
2018,AUG,Australia,Females,Part-time,Total,550,28600
2019,AUG,Australia,Females,Part-time,Total,573.9,29842.8
2020,AUG,Australia,Females,Part-time,Total,708,36816
2021,AUG,Australia,Females,Part-time,Total,613,31876
2022,AUG,Australia,Females,Part-time,Total,650,33800
2023,AUG,Australia,Females,Part-time,Total,700,36400
2024,AUG,Australia,Females,Part-time,Total,703,36556
2014,AUG,Australia,Females,Part-time,With leave entitlements,635,33020
2015,AUG,Australia,Females,Part-time,With leave entitlements,671,34892
2016,AUG,Australia,Females,Part-time,With leave entitlements,670,34840
2017,AUG,Australia,Females,Part-time,With leave entitlements,691.1,35937.200000000004
2018,AUG,Australia,Females,Part-time,With leave entitlements,700,36400
2019,AUG,Australia,Females,Part-time,With leave entitlements,729,37908
2020,AUG,Australia,Females,Part-time,With leave entitlements,758,39416
2021,AUG,Australia,Females,Part-time,With leave entitlements,763,39676
2022,AUG,Australia,Females,Part-time,With leave entitlements,814.1,42333.200000000004
2023,AUG,Australia,Females,Part-time,With leave entitlements,878.3,45671.6
2024,AUG,Australia,Females,Part-time,With leave entitlements,900,46800
2014,AUG,Australia,Females,Part-time,Without leave entitlements,300,15600
2015,AUG,Australia,Females,Part-time,Without leave entitlements,325,16900
2016,AUG,Australia,Females,Part-time,Without leave entitlements,335,17420
2017,AUG,Australia,Females,Part-time,Without leave entitlements,364,18928
2018,AUG,Australia,Females,Part-time,Without leave entitlements,374.9,19494.8
2019,AUG,Australia,Females,Part-time,Without leave entitlements,383,19916
2020,AUG,Australia,Females,Part-time,Without leave entitlements,480,24960
2021,AUG,Australia,Females,Part-time,Without leave entitlements,405,21060
2022,AUG,Australia,Females,Part-time,Without leave entitlements,423.7,22032.399999999998
2023,AUG,Australia,Females,Part-time,Without leave entitlements,476,24752
2024,AUG,Australia,Females,Part-time,Without leave entitlements,434.8,22609.600000000002
2014,AUG,Australia,Females,Total,Total,825,42900
2015,AUG,Australia,Females,Total,Total,850,44200
2016,AUG,Australia,Females,Total,Total,870,45240
2017,AUG,Australia,Females,Total,Total,899,46748
2018,AUG,Australia,Females,Total,Total,912,47424
2019,AUG,Australia,Females,Total,Total,950,49400
2020,AUG,Australia,Females,Total,Total,1000,52000
2021,AUG,Australia,Females,Total,Total,1020,53040
2022,AUG,Australia,Females,Total,Total,1093,56836
2023,AUG,Australia,Females,Total,Total,1150,59800
2024,AUG,Australia,Females,Total,Total,1200,62400
2014,AUG,Australia,Females,Total,With leave entitlements,973.2,50606.4
2015,AUG,Australia,Females,Total,With leave entitlements,999,51948
2016,AUG,Australia,Females,Total,With leave entitlements,1000,52000
2017,AUG,Australia,Females,Total,With leave entitlements,1014,52728
2018,AUG,Australia,Females,Total,With leave entitlements,1054,54808
2019,AUG,Australia,Females,Total,With leave entitlements,1100,57200
2020,AUG,Australia,Females,Total,With leave entitlements,1150,59800
2021,AUG,Australia,Females,Total,With leave entitlements,1197.7,62280.4
2022,AUG,Australia,Females,Total,With leave entitlements,1250,65000
2023,AUG,Australia,Females,Total,With leave entitlements,1319,68588
2024,AUG,Australia,Females,Total,With leave entitlements,1400,72800
2014,AUG,Australia,Females,Total,Without leave entitlements,360,18720
2015,AUG,Australia,Females,Total,Without leave entitlements,400,20800
2016,AUG,Australia,Females,Total,Without leave entitlements,400,20800
2017,AUG,Australia,Females,Total,Without leave entitlements,428.2,22266.399999999998
2018,AUG,Australia,Females,Total,Without leave entitlements,450,23400
2019,AUG,Australia,Females,Total,Without leave entitlements,462,24024
2020,AUG,Australia,Females,Total,Without leave entitlements,571,29692
2021,AUG,Australia,Females,Total,Without leave entitlements,500,26000
2022,AUG,Australia,Females,Total,Without leave entitlements,550,28600
2023,AUG,Australia,Females,Total,Without leave entitlements,554.7,28844.4
2024,AUG,Australia,Females,Total,Without leave entitlements,550,28600
2014,AUG,Australia,Males,Full-time,Total,1302,67704
2015,AUG,Australia,Males,Full-time,Total,1300,67600
2016,AUG,Australia,Males,Full-time,Total,1333,69316
2017,AUG,Australia,Males,Full-time,Total,1361,70772
2018,AUG,Australia,Males,Full-time,Total,1425,74100
2019,AUG,Australia,Males,Full-time,Total,1473,76596
2020,AUG,Australia,Males,Full-time,Total,1500,78000
2021,AUG,Australia,Males,Full-time,Total,1538,79976
2022,AUG,Australia,Males,Full-time,Total,1600,83200
2023,AUG,Australia,Males,Full-time,Total,1700,88400
2024,AUG,Australia,Males,Full-time,Total,1789,93028
2014,AUG,Australia,Males,Full-time,With leave entitlements,1350,70200
2015,AUG,Australia,Males,Full-time,With leave entitlements,1350,70200
2016,AUG,Australia,Males,Full-time,With leave entitlements,1380,71760
2017,AUG,Australia,Males,Full-time,With leave entitlements,1418,73736
2018,AUG,Australia,Males,Full-time,With leave entitlements,1476,76752
2019,AUG,Australia,Males,Full-time,With leave entitlements,1500,78000
2020,AUG,Australia,Males,Full-time,With leave entitlements,1534,79768
2021,AUG,Australia,Males,Full-time,With leave entitlements,1600,83200
2022,AUG,Australia,Males,Full-time,With leave entitlements,1650,85800
2023,AUG,Australia,Males,Full-time,With leave entitlements,1736.3,90287.59999999999
2024,AUG,Australia,Males,Full-time,With leave entitlements,1820,94640
2014,AUG,Australia,Males,Full-time,Without leave entitlements,1000,52000
2015,AUG,Australia,Males,Full-time,Without leave entitlements,1000,52000
2016,AUG,Australia,Males,Full-time,Without leave entitlements,1051.4,54672.8
2017,AUG,Australia,Males,Full-time,Without leave entitlements,1026.9,53398.8
2018,AUG,Australia,Males,Full-time,Without leave entitlements,1182.7,61500.4
2019,AUG,Australia,Males,Full-time,Without leave entitlements,1148.6,59727.2
2020,AUG,Australia,Males,Full-time,Without leave entitlements,1119,58188
2021,AUG,Australia,Males,Full-time,Without leave entitlements,1200,62400
2022,AUG,Australia,Males,Full-time,Without leave entitlements,1189.9,61874.8
2023,AUG,Australia,Males,Full-time,Without leave entitlements,1354.3,70423.59999999999
2024,AUG,Australia,Males,Full-time,Without leave entitlements,1500,78000
2014,AUG,Australia,Males,Part-time,Total,400,20800
2015,AUG,Australia,Males,Part-time,Total,400,20800
2016,AUG,Australia,Males,Part-time,Total,416,21632
2017,AUG,Australia,Males,Part-time,Total,426.9,22198.8
2018,AUG,Australia,Males,Part-time,Total,460,23920
2019,AUG,Australia,Males,Part-time,Total,500,26000
2020,AUG,Australia,Males,Part-time,Total,550,28600
2021,AUG,Australia,Males,Part-time,Total,520,27040
2022,AUG,Australia,Males,Part-time,Total,542,28184
2023,AUG,Australia,Males,Part-time,Total,600,31200
2024,AUG,Australia,Males,Part-time,Total,623,32396
2014,AUG,Australia,Males,Part-time,With leave entitlements,576.8,29993.6
2015,AUG,Australia,Males,Part-time,With leave entitlements,620,32240
2016,AUG,Australia,Males,Part-time,With leave entitlements,600,31200
2017,AUG,Australia,Males,Part-time,With leave entitlements,637.6,33155.200000000004
2018,AUG,Australia,Males,Part-time,With leave entitlements,651.3,33867.6
2019,AUG,Australia,Males,Part-time,With leave entitlements,700,36400
2020,AUG,Australia,Males,Part-time,With leave entitlements,750,39000
2021,AUG,Australia,Males,Part-time,With leave entitlements,750,39000
2022,AUG,Australia,Males,Part-time,With leave entitlements,771.8,40133.6
2023,AUG,Australia,Males,Part-time,With leave entitlements,800,41600
2024,AUG,Australia,Males,Part-time,With leave entitlements,826.1,42957.200000000004
2014,AUG,Australia,Males,Part-time,Without leave entitlements,300,15600
2015,AUG,Australia,Males,Part-time,Without leave entitlements,320,16640
2016,AUG,Australia,Males,Part-time,Without leave entitlements,350,18200
2017,AUG,Australia,Males,Part-time,Without leave entitlements,336,17472
2018,AUG,Australia,Males,Part-time,Without leave entitlements,375,19500
2019,AUG,Australia,Males,Part-time,Without leave entitlements,400,20800
2020,AUG,Australia,Males,Part-time,Without leave entitlements,400,20800
2021,AUG,Australia,Males,Part-time,Without leave entitlements,384.9,20014.8
2022,AUG,Australia,Males,Part-time,Without leave entitlements,424,22048
2023,AUG,Australia,Males,Part-time,Without leave entitlements,461.9,24018.8
2024,AUG,Australia,Males,Part-time,Without leave entitlements,504.4,26228.8
2014,AUG,Australia,Males,Total,Total,1173,60996
2015,AUG,Australia,Males,Total,Total,1182,61464
2016,AUG,Australia,Males,Total,Total,1200,62400
2017,AUG,Australia,Males,Total,Total,1200,62400
2018,AUG,Australia,Males,Total,Total,1258,65416
2019,AUG,Australia,Males,Total,Total,1280,66560
2020,AUG,Australia,Males,Total,Total,1300,67600
2021,AUG,Australia,Males,Total,Total,1375.6,71531.2
2022,AUG,Australia,Males,Total,Total,1411,73372
2023,AUG,Australia,Males,Total,Total,1500,78000
2024,AUG,Australia,Males,Total,Total,1577.1,82009.2
2014,AUG,Australia,Males,Total,With leave entitlements,1300,67600
2015,AUG,Australia,Males,Total,With leave entitlements,1300,67600
2016,AUG,Australia,Males,Total,With leave entitlements,1305,67860
2017,AUG,Australia,Males,Total,With leave entitlements,1350,70200
2018,AUG,Australia,Males,Total,With leave entitlements,1400,72800
2019,AUG,Australia,Males,Total,With leave entitlements,1438,74776
2020,AUG,Australia,Males,Total,With leave entitlements,1490,77480
2021,AUG,Australia,Males,Total,With leave entitlements,1500,78000
2022,AUG,Australia,Males,Total,With leave entitlements,1587.2,82534.40000000001
2023,AUG,Australia,Males,Total,With leave entitlements,1662.4,86444.8
2024,AUG,Australia,Males,Total,With leave entitlements,1729.8,89949.59999999999
2014,AUG,Australia,Males,Total,Without leave entitlements,600,31200
2015,AUG,Australia,Males,Total,Without leave entitlements,600,31200
2016,AUG,Australia,Males,Total,Without leave entitlements,600,31200
2017,AUG,Australia,Males,Total,Without leave entitlements,664.6,34559.200000000004
2018,AUG,Australia,Males,Total,Without leave entitlements,690,35880
2019,AUG,Australia,Males,Total,Without leave entitlements,700,36400
2020,AUG,Australia,Males,Total,Without leave entitlements,740.5,38506
2021,AUG,Australia,Males,Total,Without leave entitlements,700,36400
2022,AUG,Australia,Males,Total,Without leave entitlements,792.7,41220.4
2023,AUG,Australia,Males,Total,Without leave entitlements,772,40144
2024,AUG,Australia,Males,Total,Without leave entitlements,842.8,43825.6
2014,AUG,Australia,Persons,Full-time,Total,1208,62816
2015,AUG,Australia,Persons,Full-time,Total,1230,63960
2016,AUG,Australia,Persons,Full-time,Total,1250,65000
2017,AUG,Australia,Persons,Full-time,Total,1281,66612
2018,AUG,Australia,Persons,Full-time,Total,1342,69784
2019,AUG,Australia,Persons,Full-time,Total,1375,71500
2020,AUG,Australia,Persons,Full-time,Total,1435,74620
2021,AUG,Australia,Persons,Full-time,Total,1486.9,77318.8
2022,AUG,Australia,Persons,Full-time,Total,1500.4,78020.8
2023,AUG,Australia,Persons,Full-time,Total,1600,83200
2024,AUG,Australia,Persons,Full-time,Total,1700,88400
2014,AUG,Australia,Persons,Full-time,With leave entitlements,1250,65000
2015,AUG,Australia,Persons,Full-time,With leave entitlements,1250,65000
2016,AUG,Australia,Persons,Full-time,With leave entitlements,1281,66612
2017,AUG,Australia,Persons,Full-time,With leave entitlements,1323,68796
2018,AUG,Australia,Persons,Full-time,With leave entitlements,1378.6,71687.2
2019,AUG,Australia,Persons,Full-time,With leave entitlements,1400,72800
2020,AUG,Australia,Persons,Full-time,With leave entitlements,1485,77220
2021,AUG,Australia,Persons,Full-time,With leave entitlements,1500,78000
2022,AUG,Australia,Persons,Full-time,With leave entitlements,1562,81224
2023,AUG,Australia,Persons,Full-time,With leave entitlements,1630,84760
2024,AUG,Australia,Persons,Full-time,With leave entitlements,1731,90012
2014,AUG,Australia,Persons,Full-time,Without leave entitlements,960,49920
2015,AUG,Australia,Persons,Full-time,Without leave entitlements,1000,52000
2016,AUG,Australia,Persons,Full-time,Without leave entitlements,1000,52000
2017,AUG,Australia,Persons,Full-time,Without leave entitlements,1000,52000
2018,AUG,Australia,Persons,Full-time,Without leave entitlements,1099.4,57168.8
2019,AUG,Australia,Persons,Full-time,Without leave entitlements,1080,56160
2020,AUG,Australia,Persons,Full-time,Without leave entitlements,1080,56160
2021,AUG,Australia,Persons,Full-time,Without leave entitlements,1130.2,58770.4
2022,AUG,Australia,Persons,Full-time,Without leave entitlements,1153,59956
2023,AUG,Australia,Persons,Full-time,Without leave entitlements,1277.7,66440.40000000001
2024,AUG,Australia,Persons,Full-time,Without leave entitlements,1400,72800
2014,AUG,Australia,Persons,Part-time,Total,460,23920
2015,AUG,Australia,Persons,Part-time,Total,483,25116
2016,AUG,Australia,Persons,Part-time,Total,487,25324
2017,AUG,Australia,Persons,Part-time,Total,500,26000
2018,AUG,Australia,Persons,Part-time,Total,525,27300
2019,AUG,Australia,Persons,Part-time,Total,549,28548
2020,AUG,Australia,Persons,Part-time,Total,674,35048
2021,AUG,Australia,Persons,Part-time,Total,600,31200
2022,AUG,Australia,Persons,Part-time,Total,617,32084
2023,AUG,Australia,Persons,Part-time,Total,657,34164
2024,AUG,Australia,Persons,Part-time,Total,691.1,35937.200000000004
2014,AUG,Australia,Persons,Part-time,With leave entitlements,620,32240
2015,AUG,Australia,Persons,Part-time,With leave entitlements,650,33800
2016,AUG,Australia,Persons,Part-time,With leave entitlements,650,33800
2017,AUG,Australia,Persons,Part-time,With leave entitlements,685,35620
2018,AUG,Australia,Persons,Part-time,With leave entitlements,700,36400
2019,AUG,Australia,Persons,Part-time,With leave entitlements,722,37544
2020,AUG,Australia,Persons,Part-time,With leave entitlements,750,39000
2021,AUG,Australia,Persons,Part-time,With leave entitlements,755.6,39291.200000000004
2022,AUG,Australia,Persons,Part-time,With leave entitlements,801,41652
2023,AUG,Australia,Persons,Part-time,With leave entitlements,853.8,44397.6
2024,AUG,Australia,Persons,Part-time,With leave entitlements,900,46800
2014,AUG,Australia,Persons,Part-time,Without leave entitlements,300,15600
2015,AUG,Australia,Persons,Part-time,Without leave entitlements,322.7,16780.399999999998
2016,AUG,Australia,Persons,Part-time,Without leave entitlements,345,17940
2017,AUG,Australia,Persons,Part-time,Without leave entitlements,350,18200
2018,AUG,Australia,Persons,Part-time,Without leave entitlements,375,19500
2019,AUG,Australia,Persons,Part-time,Without leave entitlements,390,20280
2020,AUG,Australia,Persons,Part-time,Without leave entitlements,450,23400
2021,AUG,Australia,Persons,Part-time,Without leave entitlements,400,20800
2022,AUG,Australia,Persons,Part-time,Without leave entitlements,424,22048
2023,AUG,Australia,Persons,Part-time,Without leave entitlements,470,24440
2024,AUG,Australia,Persons,Part-time,Without leave entitlements,458.4,23836.8
2014,AUG,Australia,Persons,Total,Total,1000,52000
2015,AUG,Australia,Persons,Total,Total,1000,52000
2016,AUG,Australia,Persons,Total,Total,1000,52000
2017,AUG,Australia,Persons,Total,Total,1016,52832
2018,AUG,Australia,Persons,Total,Total,1074,55848
2019,AUG,Australia,Persons,Total,Total,1100,57200
2020,AUG,Australia,Persons,Total,Total,1150,59800
2021,AUG,Australia,Persons,Total,Total,1200,62400
2022,AUG,Australia,Persons,Total,Total,1248,64896
2023,AUG,Australia,Persons,Total,Total,1300,67600
2024,AUG,Australia,Persons,Total,Total,1396,72592
2014,AUG,Australia,Persons,Total,With leave entitlements,1127,58604
2015,AUG,Australia,Persons,Total,With leave entitlements,1150,59800
2016,AUG,Australia,Persons,Total,With leave entitlements,1153,59956
2017,AUG,Australia,Persons,Total,With leave entitlements,1200,62400
2018,AUG,Australia,Persons,Total,With leave entitlements,1235,64220
2019,AUG,Australia,Persons,Total,With leave entitlements,1250,65000
2020,AUG,Australia,Persons,Total,With leave entitlements,1300,67600
2021,AUG,Australia,Persons,Total,With leave entitlements,1344,69888
2022,AUG,Australia,Persons,Total,With leave entitlements,1417.7,73720.40000000001
2023,AUG,Australia,Persons,Total,With leave entitlements,1500,78000
2024,AUG,Australia,Persons,Total,With leave entitlements,1549,80548
2014,AUG,Australia,Persons,Total,Without leave entitlements,450,23400
2015,AUG,Australia,Persons,Total,Without leave entitlements,479,24908
2016,AUG,Australia,Persons,Total,Without leave entitlements,500,26000
2017,AUG,Australia,Persons,Total,Without leave entitlements,500,26000
2018,AUG,Australia,Persons,Total,Without leave entitlements,525,27300
2019,AUG,Australia,Persons,Total,Without leave entitlements,548,28496
2020,AUG,Australia,Persons,Total,Without leave entitlements,620,32240
2021,AUG,Australia,Persons,Total,Without leave entitlements,582,30264
2022,AUG,Australia,Persons,Total,Without leave entitlements,630,32760
2023,AUG,Australia,Persons,Total,Without leave entitlements,638.1,33181.200000000004
2024,AUG,Australia,Persons,Total,Without leave entitlements,658,34216
2014,AUG,Australian Capital Territory,Females,Full-time,Total,1332.8,69305.59999999999
2015,AUG,Australian Capital Territory,Females,Full-time,Total,1440.8,74921.59999999999
2016,AUG,Australian Capital Territory,Females,Full-time,Total,1376.5,71578
2017,AUG,Australian Capital Territory,Females,Full-time,Total,1434.6,74599.2
2018,AUG,Australian Capital Territory,Females,Full-time,Total,1500,78000
2019,AUG,Australian Capital Territory,Females,Full-time,Total,1462.1,76029.2
2020,AUG,Australian Capital Territory,Females,Full-time,Total,1553.7,80792.40000000001
2021,AUG,Australian Capital Territory,Females,Full-time,Total,1600,83200
2022,AUG,Australian Capital Territory,Females,Full-time,Total,1630,84760
2023,AUG,Australian Capital Territory,Females,Full-time,Total,1726,89752
2024,AUG,Australian Capital Territory,Females,Full-time,Total,1885.9,98066.8
2014,AUG,Australian Capital Territory,Females,Full-time,With leave entitlements,1356,70512
2015,AUG,Australian Capital Territory,Females,Full-time,With leave entitlements,1441.9,74978.8
2016,AUG,Australian Capital Territory,Females,Full-time,With leave entitlements,1378.8,71697.59999999999
2017,AUG,Australian Capital Territory,Females,Full-time,With leave entitlements,1440.3,74895.59999999999
2018,AUG,Australian Capital Territory,Females,Full-time,With leave entitlements,1500,78000
2019,AUG,Australian Capital Territory,Females,Full-time,With leave entitlements,1458.9,75862.8
2020,AUG,Australian Capital Territory,Females,Full-time,With leave entitlements,1585.2,82430.40000000001
2021,AUG,Australian Capital Territory,Females,Full-time,With leave entitlements,1610.5,83746
2022,AUG,Australian Capital Territory,Females,Full-time,With leave entitlements,1649.5,85774
2023,AUG,Australian Capital Territory,Females,Full-time,With leave entitlements,1736.1,90277.2
2024,AUG,Australian Capital Territory,Females,Full-time,With leave entitlements,1882.9,97910.8
2014,AUG,Australian Capital Territory,Females,Full-time,Without leave entitlements,972.8,50585.6
2015,AUG,Australian Capital Territory,Females,Full-time,Without leave entitlements,1178.6,61287.2
2016,AUG,Australian Capital Territory,Females,Full-time,Without leave entitlements,1219.9,63434.8
2017,AUG,Australian Capital Territory,Females,Full-time,Without leave entitlements,889.8,46269.6
2018,AUG,Australian Capital Territory,Females,Full-time,Without leave entitlements,1256.7,65348.4
2019,AUG,Australian Capital Territory,Females,Full-time,Without leave entitlements,1575.6,81931.2
2020,AUG,Australian Capital Territory,Females,Full-time,Without leave entitlements,1182.8,61505.6
2021,AUG,Australian Capital Territory,Females,Full-time,Without leave entitlements,1280.9,66606.8
2022,AUG,Australian Capital Territory,Females,Full-time,Without leave entitlements,1498.2,77906.40000000001
2023,AUG,Australian Capital Territory,Females,Full-time,Without leave entitlements,1239,64428
2024,AUG,Australian Capital Territory,Females,Full-time,Without leave entitlements,1881.3,97827.59999999999
2014,AUG,Australian Capital Territory,Females,Part-time,Total,600,31200
2015,AUG,Australian Capital Territory,Females,Part-time,Total,600,31200
2016,AUG,Australian Capital Territory,Females,Part-time,Total,600,31200
2017,AUG,Australian Capital Territory,Females,Part-time,Total,560.8,29161.6
2018,AUG,Australian Capital Territory,Females,Part-time,Total,600,31200
2019,AUG,Australian Capital Territory,Females,Part-time,Total,662,34424
2020,AUG,Australian Capital Territory,Females,Part-time,Total,745.6,38771.200000000004
2021,AUG,Australian Capital Territory,Females,Part-time,Total,765.2,39790.4
2022,AUG,Australian Capital Territory,Females,Part-time,Total,749.6,38979.200000000004
2023,AUG,Australian Capital Territory,Females,Part-time,Total,700,36400
2024,AUG,Australian Capital Territory,Females,Part-time,Total,750,39000
2014,AUG,Australian Capital Territory,Females,Part-time,With leave entitlements,920.5,47866
2015,AUG,Australian Capital Territory,Females,Part-time,With leave entitlements,739.2,38438.4
2016,AUG,Australian Capital Territory,Females,Part-time,With leave entitlements,807.1,41969.200000000004
2017,AUG,Australian Capital Territory,Females,Part-time,With leave entitlements,902.9,46950.799999999996
2018,AUG,Australian Capital Territory,Females,Part-time,With leave entitlements,920,47840
2019,AUG,Australian Capital Territory,Females,Part-time,With leave entitlements,850,44200
2020,AUG,Australian Capital Territory,Females,Part-time,With leave entitlements,853.1,44361.200000000004
2021,AUG,Australian Capital Territory,Females,Part-time,With leave entitlements,1000,52000
2022,AUG,Australian Capital Territory,Females,Part-time,With leave entitlements,925.5,48126
2023,AUG,Australian Capital Territory,Females,Part-time,With leave entitlements,1000,52000
2024,AUG,Australian Capital Territory,Females,Part-time,With leave entitlements,1050,54600
2014,AUG,Australian Capital Territory,Females,Part-time,Without leave entitlements,324.3,16863.600000000002
2015,AUG,Australian Capital Territory,Females,Part-time,Without leave entitlements,371.5,19318
2016,AUG,Australian Capital Territory,Females,Part-time,Without leave entitlements,375,19500
2017,AUG,Australian Capital Territory,Females,Part-time,Without leave entitlements,300,15600
2018,AUG,Australian Capital Territory,Females,Part-time,Without leave entitlements,340,17680
2019,AUG,Australian Capital Territory,Females,Part-time,Without leave entitlements,302.5,15730
2020,AUG,Australian Capital Territory,Females,Part-time,Without leave entitlements,450,23400
2021,AUG,Australian Capital Territory,Females,Part-time,Without leave entitlements,382.5,19890
2022,AUG,Australian Capital Territory,Females,Part-time,Without leave entitlements,472.2,24554.399999999998
2023,AUG,Australian Capital Territory,Females,Part-time,Without leave entitlements,354,18408
2024,AUG,Australian Capital Territory,Females,Part-time,Without leave entitlements,413.8,21517.600000000002
2014,AUG,Australian Capital Territory,Females,Total,Total,1100,57200
2015,AUG,Australian Capital Territory,Females,Total,Total,1150,59800
2016,AUG,Australian Capital Territory,Females,Total,Total,1131.6,58843.2
2017,AUG,Australian Capital Territory,Females,Total,Total,1153,59956
2018,AUG,Australian Capital Territory,Females,Total,Total,1164,60528
2019,AUG,Australian Capital Territory,Females,Total,Total,1200,62400
2020,AUG,Australian Capital Territory,Females,Total,Total,1250,65000
2021,AUG,Australian Capital Territory,Females,Total,Total,1339,69628
2022,AUG,Australian Capital Territory,Females,Total,Total,1366.9,71078.8
2023,AUG,Australian Capital Territory,Females,Total,Total,1534,79768
2024,AUG,Australian Capital Territory,Females,Total,Total,1572.6,81775.2
2014,AUG,Australian Capital Territory,Females,Total,With leave entitlements,1214.6,63159.2
2015,AUG,Australian Capital Territory,Females,Total,With leave entitlements,1293.5,67262
2016,AUG,Australian Capital Territory,Females,Total,With leave entitlements,1250,65000
2017,AUG,Australian Capital Territory,Females,Total,With leave entitlements,1300,67600
2018,AUG,Australian Capital Territory,Females,Total,With leave entitlements,1399.7,72784.40000000001
2019,AUG,Australian Capital Territory,Females,Total,With leave entitlements,1300,67600
2020,AUG,Australian Capital Territory,Females,Total,With leave entitlements,1450,75400
2021,AUG,Australian Capital Territory,Females,Total,With leave entitlements,1466.8,76273.59999999999
2022,AUG,Australian Capital Territory,Females,Total,With leave entitlements,1500,78000
2023,AUG,Australian Capital Territory,Females,Total,With leave entitlements,1629.5,84734
2024,AUG,Australian Capital Territory,Females,Total,With leave entitlements,1749.9,90994.8
2014,AUG,Australian Capital Territory,Females,Total,Without leave entitlements,400,20800
2015,AUG,Australian Capital Territory,Females,Total,Without leave entitlements,432.5,22490
2016,AUG,Australian Capital Territory,Females,Total,Without leave entitlements,461.6,24003.2
2017,AUG,Australian Capital Territory,Females,Total,Without leave entitlements,350,18200
2018,AUG,Australian Capital Territory,Females,Total,Without leave entitlements,453,23556
2019,AUG,Australian Capital Territory,Females,Total,Without leave entitlements,355.6,18491.2
2020,AUG,Australian Capital Territory,Females,Total,Without leave entitlements,537.9,27970.8
2021,AUG,Australian Capital Territory,Females,Total,Without leave entitlements,630.2,32770.4
2022,AUG,Australian Capital Territory,Females,Total,Without leave entitlements,750,39000
2023,AUG,Australian Capital Territory,Females,Total,Without leave entitlements,506.6,26343.2
2024,AUG,Australian Capital Territory,Females,Total,Without leave entitlements,477.7,24840.399999999998
2014,AUG,Australian Capital Territory,Males,Full-time,Total,1590.1,82685.2
2015,AUG,Australian Capital Territory,Males,Full-time,Total,1579.8,82149.59999999999
2016,AUG,Australian Capital Territory,Males,Full-time,Total,1538,79976
2017,AUG,Australian Capital Territory,Males,Full-time,Total,1600,83200
2018,AUG,Australian Capital Territory,Males,Full-time,Total,1598.8,83137.59999999999
2019,AUG,Australian Capital Territory,Males,Full-time,Total,1653.9,86002.8
2020,AUG,Australian Capital Territory,Males,Full-time,Total,1750,91000
2021,AUG,Australian Capital Territory,Males,Full-time,Total,1831.4,95232.8
2022,AUG,Australian Capital Territory,Males,Full-time,Total,1883.2,97926.40000000001
2023,AUG,Australian Capital Territory,Males,Full-time,Total,1777.6,92435.2
2024,AUG,Australian Capital Territory,Males,Full-time,Total,1965.2,102190.40000000001
2014,AUG,Australian Capital Territory,Males,Full-time,With leave entitlements,1599.4,83168.8
2015,AUG,Australian Capital Territory,Males,Full-time,With leave entitlements,1598.5,83122
2016,AUG,Australian Capital Territory,Males,Full-time,With leave entitlements,1546.7,80428.40000000001
2017,AUG,Australian Capital Territory,Males,Full-time,With leave entitlements,1668,86736
2018,AUG,Australian Capital Territory,Males,Full-time,With leave entitlements,1600,83200
2019,AUG,Australian Capital Territory,Males,Full-time,With leave entitlements,1698.7,88332.40000000001
2020,AUG,Australian Capital Territory,Males,Full-time,With leave entitlements,1750,91000
2021,AUG,Australian Capital Territory,Males,Full-time,With leave entitlements,1837.5,95550
2022,AUG,Australian Capital Territory,Males,Full-time,With leave entitlements,1900.6,98831.2
2023,AUG,Australian Capital Territory,Males,Full-time,With leave entitlements,1764.4,91748.8
2024,AUG,Australian Capital Territory,Males,Full-time,With leave entitlements,1964.3,102143.59999999999
2014,AUG,Australian Capital Territory,Males,Full-time,Without leave entitlements,1488.6,77407.2
2015,AUG,Australian Capital Territory,Males,Full-time,Without leave entitlements,1267.7,65920.40000000001
2016,AUG,Australian Capital Territory,Males,Full-time,Without leave entitlements,1364.9,70974.8
2017,AUG,Australian Capital Territory,Males,Full-time,Without leave entitlements,1159.9,60314.8
2018,AUG,Australian Capital Territory,Males,Full-time,Without leave entitlements,1445.9,75186.8
2019,AUG,Australian Capital Territory,Males,Full-time,Without leave entitlements,1232.5,64090
2020,AUG,Australian Capital Territory,Males,Full-time,Without leave entitlements,1883.4,97936.8
2021,AUG,Australian Capital Territory,Males,Full-time,Without leave entitlements,1680.2,87370.40000000001
2022,AUG,Australian Capital Territory,Males,Full-time,Without leave entitlements,1548.6,80527.2
2023,AUG,Australian Capital Territory,Males,Full-time,Without leave entitlements,2024.7,105284.40000000001
2024,AUG,Australian Capital Territory,Males,Full-time,Without leave entitlements,1977.7,102840.40000000001
2014,AUG,Australian Capital Territory,Males,Part-time,Total,395.9,20586.8
2015,AUG,Australian Capital Territory,Males,Part-time,Total,386.4,20092.8
2016,AUG,Australian Capital Territory,Males,Part-time,Total,450,23400
2017,AUG,Australian Capital Territory,Males,Part-time,Total,398.1,20701.2
2018,AUG,Australian Capital Territory,Males,Part-time,Total,420,21840
2019,AUG,Australian Capital Territory,Males,Part-time,Total,500,26000
2020,AUG,Australian Capital Territory,Males,Part-time,Total,600,31200
2021,AUG,Australian Capital Territory,Males,Part-time,Total,606.4,31532.8
2022,AUG,Australian Capital Territory,Males,Part-time,Total,553.3,28771.6
2023,AUG,Australian Capital Territory,Males,Part-time,Total,416,21632
2024,AUG,Australian Capital Territory,Males,Part-time,Total,700,36400
2014,AUG,Australian Capital Territory,Males,Part-time,With leave entitlements,449.1,23353.2
2015,AUG,Australian Capital Territory,Males,Part-time,With leave entitlements,669.3,34803.6
2016,AUG,Australian Capital Territory,Males,Part-time,With leave entitlements,652.5,33930
2017,AUG,Australian Capital Territory,Males,Part-time,With leave entitlements,819.3,42603.6
2018,AUG,Australian Capital Territory,Males,Part-time,With leave entitlements,703.2,36566.4
2019,AUG,Australian Capital Territory,Males,Part-time,With leave entitlements,1004.5,52234
2020,AUG,Australian Capital Territory,Males,Part-time,With leave entitlements,857.6,44595.200000000004
2021,AUG,Australian Capital Territory,Males,Part-time,With leave entitlements,892.8,46425.6
2022,AUG,Australian Capital Territory,Males,Part-time,With leave entitlements,785.8,40861.6
2023,AUG,Australian Capital Territory,Males,Part-time,With leave entitlements,738,38376
2024,AUG,Australian Capital Territory,Males,Part-time,With leave entitlements,860.5,44746
2014,AUG,Australian Capital Territory,Males,Part-time,Without leave entitlements,300,15600
2015,AUG,Australian Capital Territory,Males,Part-time,Without leave entitlements,329.7,17144.399999999998
2016,AUG,Australian Capital Territory,Males,Part-time,Without leave entitlements,393.1,20441.2
2017,AUG,Australian Capital Territory,Males,Part-time,Without leave entitlements,347.9,18090.8
2018,AUG,Australian Capital Territory,Males,Part-time,Without leave entitlements,297.8,15485.6
2019,AUG,Australian Capital Territory,Males,Part-time,Without leave entitlements,350,18200
2020,AUG,Australian Capital Territory,Males,Part-time,Without leave entitlements,339,17628
2021,AUG,Australian Capital Territory,Males,Part-time,Without leave entitlements,460.8,23961.600000000002
2022,AUG,Australian Capital Territory,Males,Part-time,Without leave entitlements,438.1,22781.2
2023,AUG,Australian Capital Territory,Males,Part-time,Without leave entitlements,274.2,14258.4
2024,AUG,Australian Capital Territory,Males,Part-time,Without leave entitlements,433.6,22547.2
2014,AUG,Australian Capital Territory,Males,Total,Total,1383.6,71947.2
2015,AUG,Australian Capital Territory,Males,Total,Total,1375,71500
2016,AUG,Australian Capital Territory,Males,Total,Total,1424.6,74079.2
2017,AUG,Australian Capital Territory,Males,Total,Total,1500,78000
2018,AUG,Australian Capital Territory,Males,Total,Total,1433,74516
2019,AUG,Australian Capital Territory,Males,Total,Total,1486.6,77303.2
2020,AUG,Australian Capital Territory,Males,Total,Total,1608.9,83662.8
2021,AUG,Australian Capital Territory,Males,Total,Total,1611,83772
2022,AUG,Australian Capital Territory,Males,Total,Total,1650.9,85846.8
2023,AUG,Australian Capital Territory,Males,Total,Total,1625.3,84515.59999999999
2024,AUG,Australian Capital Territory,Males,Total,Total,1751.1,91057.2
2014,AUG,Australian Capital Territory,Males,Total,With leave entitlements,1538.1,79981.2
2015,AUG,Australian Capital Territory,Males,Total,With leave entitlements,1520,79040
2016,AUG,Australian Capital Territory,Males,Total,With leave entitlements,1507,78364
2017,AUG,Australian Capital Territory,Males,Total,With leave entitlements,1600.6,83231.2
2018,AUG,Australian Capital Territory,Males,Total,With leave entitlements,1554.3,80823.59999999999
2019,AUG,Australian Capital Territory,Males,Total,With leave entitlements,1628.9,84702.8
2020,AUG,Australian Capital Territory,Males,Total,With leave entitlements,1679.3,87323.59999999999
2021,AUG,Australian Capital Territory,Males,Total,With leave entitlements,1750.7,91036.40000000001
2022,AUG,Australian Capital Territory,Males,Total,With leave entitlements,1851.1,96257.2
2023,AUG,Australian Capital Territory,Males,Total,With leave entitlements,1711.5,88998
2024,AUG,Australian Capital Territory,Males,Total,With leave entitlements,1883.1,97921.2
2014,AUG,Australian Capital Territory,Males,Total,Without leave entitlements,540.4,28100.8
2015,AUG,Australian Capital Territory,Males,Total,Without leave entitlements,540.2,28090.4
2016,AUG,Australian Capital Territory,Males,Total,Without leave entitlements,556.5,28938
2017,AUG,Australian Capital Territory,Males,Total,Without leave entitlements,686.2,35682.4
2018,AUG,Australian Capital Territory,Males,Total,Without leave entitlements,626.9,32598.8
2019,AUG,Australian Capital Territory,Males,Total,Without leave entitlements,701,36452
2020,AUG,Australian Capital Territory,Males,Total,Without leave entitlements,743.7,38672.4
2021,AUG,Australian Capital Territory,Males,Total,Without leave entitlements,900,46800
2022,AUG,Australian Capital Territory,Males,Total,Without leave entitlements,957.8,49805.6
2023,AUG,Australian Capital Territory,Males,Total,Without leave entitlements,585.8,30461.6
2024,AUG,Australian Capital Territory,Males,Total,Without leave entitlements,1199.4,62368.8
2014,AUG,Australian Capital Territory,Persons,Full-time,Total,1461.1,75977.2
2015,AUG,Australian Capital Territory,Persons,Full-time,Total,1500,78000
2016,AUG,Australian Capital Territory,Persons,Full-time,Total,1498.8,77937.59999999999
2017,AUG,Australian Capital Territory,Persons,Full-time,Total,1500,78000
2018,AUG,Australian Capital Territory,Persons,Full-time,Total,1529,79508
2019,AUG,Australian Capital Territory,Persons,Full-time,Total,1551.8,80693.59999999999
2020,AUG,Australian Capital Territory,Persons,Full-time,Total,1650,85800
2021,AUG,Australian Capital Territory,Persons,Full-time,Total,1726,89752
2022,AUG,Australian Capital Territory,Persons,Full-time,Total,1753.7,91192.40000000001
2023,AUG,Australian Capital Territory,Persons,Full-time,Total,1750,91000
2024,AUG,Australian Capital Territory,Persons,Full-time,Total,1927.3,100219.59999999999
2014,AUG,Australian Capital Territory,Persons,Full-time,With leave entitlements,1468,76336
2015,AUG,Australian Capital Territory,Persons,Full-time,With leave entitlements,1500,78000
2016,AUG,Australian Capital Territory,Persons,Full-time,With leave entitlements,1500,78000
2017,AUG,Australian Capital Territory,Persons,Full-time,With leave entitlements,1512,78624
2018,AUG,Australian Capital Territory,Persons,Full-time,With leave entitlements,1549.3,80563.59999999999
2019,AUG,Australian Capital Territory,Persons,Full-time,With leave entitlements,1553.4,80776.8
2020,AUG,Australian Capital Territory,Persons,Full-time,With leave entitlements,1665.8,86621.59999999999
2021,AUG,Australian Capital Territory,Persons,Full-time,With leave entitlements,1742.9,90630.8
2022,AUG,Australian Capital Territory,Persons,Full-time,With leave entitlements,1800,93600
2023,AUG,Australian Capital Territory,Persons,Full-time,With leave entitlements,1750,91000
2024,AUG,Australian Capital Territory,Persons,Full-time,With leave entitlements,1923.1,100001.2
2014,AUG,Australian Capital Territory,Persons,Full-time,Without leave entitlements,1216,63232
2015,AUG,Australian Capital Territory,Persons,Full-time,Without leave entitlements,1200,62400
2016,AUG,Australian Capital Territory,Persons,Full-time,Without leave entitlements,1277,66404
2017,AUG,Australian Capital Territory,Persons,Full-time,Without leave entitlements,1159.1,60273.2
2018,AUG,Australian Capital Territory,Persons,Full-time,Without leave entitlements,1354.7,70444.40000000001
2019,AUG,Australian Capital Territory,Persons,Full-time,Without leave entitlements,1334.2,69378.40000000001
2020,AUG,Australian Capital Territory,Persons,Full-time,Without leave entitlements,1477.7,76840.40000000001
2021,AUG,Australian Capital Territory,Persons,Full-time,Without leave entitlements,1553.6,80787.2
2022,AUG,Australian Capital Territory,Persons,Full-time,Without leave entitlements,1523,79196
2023,AUG,Australian Capital Territory,Persons,Full-time,Without leave entitlements,1621.8,84333.59999999999
2024,AUG,Australian Capital Territory,Persons,Full-time,Without leave entitlements,1983.5,103142
2014,AUG,Australian Capital Territory,Persons,Part-time,Total,499.5,25974
2015,AUG,Australian Capital Territory,Persons,Part-time,Total,516.8,26873.6
2016,AUG,Australian Capital Territory,Persons,Part-time,Total,580.4,30180.8
2017,AUG,Australian Capital Territory,Persons,Part-time,Total,507.9,26410.8
2018,AUG,Australian Capital Territory,Persons,Part-time,Total,550,28600
2019,AUG,Australian Capital Territory,Persons,Part-time,Total,586.1,30477.2
2020,AUG,Australian Capital Territory,Persons,Part-time,Total,700,36400
2021,AUG,Australian Capital Territory,Persons,Part-time,Total,700,36400
2022,AUG,Australian Capital Territory,Persons,Part-time,Total,700,36400
2023,AUG,Australian Capital Territory,Persons,Part-time,Total,630.4,32780.799999999996
2024,AUG,Australian Capital Territory,Persons,Part-time,Total,704,36608
2014,AUG,Australian Capital Territory,Persons,Part-time,With leave entitlements,850,44200
2015,AUG,Australian Capital Territory,Persons,Part-time,With leave entitlements,726.8,37793.6
2016,AUG,Australian Capital Territory,Persons,Part-time,With leave entitlements,800,41600
2017,AUG,Australian Capital Territory,Persons,Part-time,With leave entitlements,900,46800
2018,AUG,Australian Capital Territory,Persons,Part-time,With leave entitlements,890.7,46316.4
2019,AUG,Australian Capital Territory,Persons,Part-time,With leave entitlements,856.5,44538
2020,AUG,Australian Capital Territory,Persons,Part-time,With leave entitlements,850.6,44231.200000000004
2021,AUG,Australian Capital Territory,Persons,Part-time,With leave entitlements,923.5,48022
2022,AUG,Australian Capital Territory,Persons,Part-time,With leave entitlements,900,46800
2023,AUG,Australian Capital Territory,Persons,Part-time,With leave entitlements,895.9,46586.799999999996
2024,AUG,Australian Capital Territory,Persons,Part-time,With leave entitlements,953.1,49561.200000000004
2014,AUG,Australian Capital Territory,Persons,Part-time,Without leave entitlements,320.3,16655.600000000002
2015,AUG,Australian Capital Territory,Persons,Part-time,Without leave entitlements,347.4,18064.8
2016,AUG,Australian Capital Territory,Persons,Part-time,Without leave entitlements,376.8,19593.600000000002
2017,AUG,Australian Capital Territory,Persons,Part-time,Without leave entitlements,300,15600
2018,AUG,Australian Capital Territory,Persons,Part-time,Without leave entitlements,332.5,17290
2019,AUG,Australian Capital Territory,Persons,Part-time,Without leave entitlements,320.8,16681.600000000002
2020,AUG,Australian Capital Territory,Persons,Part-time,Without leave entitlements,400,20800
2021,AUG,Australian Capital Territory,Persons,Part-time,Without leave entitlements,455.9,23706.8
2022,AUG,Australian Capital Territory,Persons,Part-time,Without leave entitlements,468.1,24341.2
2023,AUG,Australian Capital Territory,Persons,Part-time,Without leave entitlements,317.2,16494.399999999998
2024,AUG,Australian Capital Territory,Persons,Part-time,Without leave entitlements,416.5,21658
2014,AUG,Australian Capital Territory,Persons,Total,Total,1200,62400
2015,AUG,Australian Capital Territory,Persons,Total,Total,1256.1,65317.2
2016,AUG,Australian Capital Territory,Persons,Total,Total,1250,65000
2017,AUG,Australian Capital Territory,Persons,Total,Total,1300,67600
2018,AUG,Australian Capital Territory,Persons,Total,Total,1300,67600
2019,AUG,Australian Capital Territory,Persons,Total,Total,1300,67600
2020,AUG,Australian Capital Territory,Persons,Total,Total,1450,75400
2021,AUG,Australian Capital Territory,Persons,Total,Total,1494.8,77729.59999999999
2022,AUG,Australian Capital Territory,Persons,Total,Total,1500,78000
2023,AUG,Australian Capital Territory,Persons,Total,Total,1577.2,82014.40000000001
2024,AUG,Australian Capital Territory,Persons,Total,Total,1687.7,87760.40000000001
2014,AUG,Australian Capital Territory,Persons,Total,With leave entitlements,1356,70512
2015,AUG,Australian Capital Territory,Persons,Total,With leave entitlements,1400,72800
2016,AUG,Australian Capital Territory,Persons,Total,With leave entitlements,1383.7,71952.40000000001
2017,AUG,Australian Capital Territory,Persons,Total,With leave entitlements,1446.7,75228.40000000001
2018,AUG,Australian Capital Territory,Persons,Total,With leave entitlements,1498.8,77937.59999999999
2019,AUG,Australian Capital Territory,Persons,Total,With leave entitlements,1452.8,75545.59999999999
2020,AUG,Australian Capital Territory,Persons,Total,With leave entitlements,1550,80600
2021,AUG,Australian Capital Territory,Persons,Total,With leave entitlements,1600,83200
2022,AUG,Australian Capital Territory,Persons,Total,With leave entitlements,1630,84760
2023,AUG,Australian Capital Territory,Persons,Total,With leave entitlements,1654,86008
2024,AUG,Australian Capital Territory,Persons,Total,With leave entitlements,1785.7,92856.40000000001
2014,AUG,Australian Capital Territory,Persons,Total,Without leave entitlements,450,23400
2015,AUG,Australian Capital Territory,Persons,Total,Without leave entitlements,479.1,24913.2
2016,AUG,Australian Capital Territory,Persons,Total,Without leave entitlements,500,26000
2017,AUG,Australian Capital Territory,Persons,Total,Without leave entitlements,414.3,21543.600000000002
2018,AUG,Australian Capital Territory,Persons,Total,Without leave entitlements,507,26364
2019,AUG,Australian Capital Territory,Persons,Total,Without leave entitlements,517.2,26894.4
2020,AUG,Australian Capital Territory,Persons,Total,Without leave entitlements,594.8,30929.6
2021,AUG,Australian Capital Territory,Persons,Total,Without leave entitlements,750,39000
2022,AUG,Australian Capital Territory,Persons,Total,Without leave entitlements,800,41600
2023,AUG,Australian Capital Territory,Persons,Total,Without leave entitlements,520.3,27055.6
2024,AUG,Australian Capital Territory,Persons,Total,Without leave entitlements,750,39000
2014,AUG,New South Wales,Females,Full-time,Total,1150,59800
2015,AUG,New South Wales,Females,Full-time,Total,1140.2,59290.4
2016,AUG,New South Wales,Females,Full-time,Total,1157.4,60184.8
2017,AUG,New South Wales,Females,Full-time,Total,1200,62400
2018,AUG,New South Wales,Females,Full-time,Total,1250,65000
2019,AUG,New South Wales,Females,Full-time,Total,1281,66612
2020,AUG,New South Wales,Females,Full-time,Total,1343.8,69877.59999999999
2021,AUG,New South Wales,Females,Full-time,Total,1400.4,72820.8
2022,AUG,New South Wales,Females,Full-time,Total,1428,74256
2023,AUG,New South Wales,Females,Full-time,Total,1538,79976
2024,AUG,New South Wales,Females,Full-time,Total,1632.9,84910.8
2014,AUG,New South Wales,Females,Full-time,With leave entitlements,1155.6,60091.2
2015,AUG,New South Wales,Females,Full-time,With leave entitlements,1150,59800
2016,AUG,New South Wales,Females,Full-time,With leave entitlements,1200,62400
2017,AUG,New South Wales,Females,Full-time,With leave entitlements,1225,63700
2018,AUG,New South Wales,Females,Full-time,With leave entitlements,1278.1,66461.2
2019,AUG,New South Wales,Females,Full-time,With leave entitlements,1330,69160
2020,AUG,New South Wales,Females,Full-time,With leave entitlements,1383.2,71926.40000000001
2021,AUG,New South Wales,Females,Full-time,With leave entitlements,1457,75764
2022,AUG,New South Wales,Females,Full-time,With leave entitlements,1458.6,75847.2
2023,AUG,New South Wales,Females,Full-time,With leave entitlements,1576.6,81983.2
2024,AUG,New South Wales,Females,Full-time,With leave entitlements,1700,88400
2014,AUG,New South Wales,Females,Full-time,Without leave entitlements,900,46800
2015,AUG,New South Wales,Females,Full-time,Without leave entitlements,903.9,47002.799999999996
2016,AUG,New South Wales,Females,Full-time,Without leave entitlements,924.6,48079.200000000004
2017,AUG,New South Wales,Females,Full-time,Without leave entitlements,1000,52000
2018,AUG,New South Wales,Females,Full-time,Without leave entitlements,1000,52000
2019,AUG,New South Wales,Females,Full-time,Without leave entitlements,985.3,51235.6
2020,AUG,New South Wales,Females,Full-time,Without leave entitlements,1000,52000
2021,AUG,New South Wales,Females,Full-time,Without leave entitlements,1100,57200
2022,AUG,New South Wales,Females,Full-time,Without leave entitlements,1126.4,58572.8
2023,AUG,New South Wales,Females,Full-time,Without leave entitlements,1194.3,62103.6
2024,AUG,New South Wales,Females,Full-time,Without leave entitlements,1104.9,57454.8
2014,AUG,New South Wales,Females,Part-time,Total,500,26000
2015,AUG,New South Wales,Females,Part-time,Total,500,26000
2016,AUG,New South Wales,Females,Part-time,Total,536.9,27918.8
2017,AUG,New South Wales,Females,Part-time,Total,528,27456
2018,AUG,New South Wales,Females,Part-time,Total,553.1,28761.2
2019,AUG,New South Wales,Females,Part-time,Total,580,30160
2020,AUG,New South Wales,Females,Part-time,Total,709.5,36894
2021,AUG,New South Wales,Females,Part-time,Total,644.5,33514
2022,AUG,New South Wales,Females,Part-time,Total,659.6,34299.200000000004
2023,AUG,New South Wales,Females,Part-time,Total,662.7,34460.4
2024,AUG,New South Wales,Females,Part-time,Total,675,35100
2014,AUG,New South Wales,Females,Part-time,With leave entitlements,675,35100
2015,AUG,New South Wales,Females,Part-time,With leave entitlements,687.5,35750
2016,AUG,New South Wales,Females,Part-time,With leave entitlements,700,36400
2017,AUG,New South Wales,Females,Part-time,With leave entitlements,681.1,35417.200000000004
2018,AUG,New South Wales,Females,Part-time,With leave entitlements,700,36400
2019,AUG,New South Wales,Females,Part-time,With leave entitlements,750,39000
2020,AUG,New South Wales,Females,Part-time,With leave entitlements,750,39000
2021,AUG,New South Wales,Females,Part-time,With leave entitlements,780,40560
2022,AUG,New South Wales,Females,Part-time,With leave entitlements,850,44200
2023,AUG,New South Wales,Females,Part-time,With leave entitlements,866,45032
2024,AUG,New South Wales,Females,Part-time,With leave entitlements,900,46800
2014,AUG,New South Wales,Females,Part-time,Without leave entitlements,298,15496
2015,AUG,New South Wales,Females,Part-time,Without leave entitlements,326.1,16957.2
2016,AUG,New South Wales,Females,Part-time,Without leave entitlements,350,18200
2017,AUG,New South Wales,Females,Part-time,Without leave entitlements,373.1,19401.2
2018,AUG,New South Wales,Females,Part-time,Without leave entitlements,400,20800
2019,AUG,New South Wales,Females,Part-time,Without leave entitlements,375,19500
2020,AUG,New South Wales,Females,Part-time,Without leave entitlements,480,24960
2021,AUG,New South Wales,Females,Part-time,Without leave entitlements,437,22724
2022,AUG,New South Wales,Females,Part-time,Without leave entitlements,435.1,22625.2
2023,AUG,New South Wales,Females,Part-time,Without leave entitlements,480,24960
2024,AUG,New South Wales,Females,Part-time,Without leave entitlements,446.1,23197.2
2014,AUG,New South Wales,Females,Total,Total,850,44200
2015,AUG,New South Wales,Females,Total,Total,867,45084
2016,AUG,New South Wales,Females,Total,Total,900,46800
2017,AUG,New South Wales,Females,Total,Total,900,46800
2018,AUG,New South Wales,Females,Total,Total,939,48828
2019,AUG,New South Wales,Females,Total,Total,1000,52000
2020,AUG,New South Wales,Females,Total,Total,1000,52000
2021,AUG,New South Wales,Females,Total,Total,1107.2,57574.4
2022,AUG,New South Wales,Females,Total,Total,1094,56888
2023,AUG,New South Wales,Females,Total,Total,1199,62348
2024,AUG,New South Wales,Females,Total,Total,1224.5,63674
2014,AUG,New South Wales,Females,Total,With leave entitlements,1000,52000
2015,AUG,New South Wales,Females,Total,With leave entitlements,1000,52000
2016,AUG,New South Wales,Females,Total,With leave entitlements,1001,52052
2017,AUG,New South Wales,Females,Total,With leave entitlements,1050,54600
2018,AUG,New South Wales,Females,Total,With leave entitlements,1093,56836
2019,AUG,New South Wales,Females,Total,With leave entitlements,1150,59800
2020,AUG,New South Wales,Females,Total,With leave entitlements,1182.5,61490
2021,AUG,New South Wales,Females,Total,With leave entitlements,1250,65000
2022,AUG,New South Wales,Females,Total,With leave entitlements,1250,65000
2023,AUG,New South Wales,Females,Total,With leave entitlements,1387.7,72160.40000000001
2024,AUG,New South Wales,Females,Total,With leave entitlements,1446.1,75197.2
2014,AUG,New South Wales,Females,Total,Without leave entitlements,350,18200
2015,AUG,New South Wales,Females,Total,Without leave entitlements,400,20800
2016,AUG,New South Wales,Females,Total,Without leave entitlements,420,21840
2017,AUG,New South Wales,Females,Total,Without leave entitlements,445.2,23150.399999999998
2018,AUG,New South Wales,Females,Total,Without leave entitlements,499,25948
2019,AUG,New South Wales,Females,Total,Without leave entitlements,460.2,23930.399999999998
2020,AUG,New South Wales,Females,Total,Without leave entitlements,569.9,29634.8
2021,AUG,New South Wales,Females,Total,Without leave entitlements,527.4,27424.8
2022,AUG,New South Wales,Females,Total,Without leave entitlements,550,28600
2023,AUG,New South Wales,Females,Total,Without leave entitlements,560,29120
2024,AUG,New South Wales,Females,Total,Without leave entitlements,547.7,28480.4
2014,AUG,New South Wales,Males,Full-time,Total,1300,67600
2015,AUG,New South Wales,Males,Full-time,Total,1346,69992
2016,AUG,New South Wales,Males,Full-time,Total,1341.1,69737.2
2017,AUG,New South Wales,Males,Full-time,Total,1360.7,70756.40000000001
2018,AUG,New South Wales,Males,Full-time,Total,1442,74984
2019,AUG,New South Wales,Males,Full-time,Total,1494,77688
2020,AUG,New South Wales,Males,Full-time,Total,1500,78000
2021,AUG,New South Wales,Males,Full-time,Total,1564.7,81364.40000000001
2022,AUG,New South Wales,Males,Full-time,Total,1600,83200
2023,AUG,New South Wales,Males,Full-time,Total,1700,88400
2024,AUG,New South Wales,Males,Full-time,Total,1730,89960
2014,AUG,New South Wales,Males,Full-time,With leave entitlements,1350,70200
2015,AUG,New South Wales,Males,Full-time,With leave entitlements,1380,71760
2016,AUG,New South Wales,Males,Full-time,With leave entitlements,1380,71760
2017,AUG,New South Wales,Males,Full-time,With leave entitlements,1425,74100
2018,AUG,New South Wales,Males,Full-time,With leave entitlements,1500,78000
2019,AUG,New South Wales,Males,Full-time,With leave entitlements,1500,78000
2020,AUG,New South Wales,Males,Full-time,With leave entitlements,1520,79040
2021,AUG,New South Wales,Males,Full-time,With leave entitlements,1629.8,84749.59999999999
2022,AUG,New South Wales,Males,Full-time,With leave entitlements,1662,86424
2023,AUG,New South Wales,Males,Full-time,With leave entitlements,1726,89752
2024,AUG,New South Wales,Males,Full-time,With leave entitlements,1769,91988
2014,AUG,New South Wales,Males,Full-time,Without leave entitlements,972.8,50585.6
2015,AUG,New South Wales,Males,Full-time,Without leave entitlements,1000,52000
2016,AUG,New South Wales,Males,Full-time,Without leave entitlements,1000,52000
2017,AUG,New South Wales,Males,Full-time,Without leave entitlements,1000,52000
2018,AUG,New South Wales,Males,Full-time,Without leave entitlements,1100,57200
2019,AUG,New South Wales,Males,Full-time,Without leave entitlements,1047.5,54470
2020,AUG,New South Wales,Males,Full-time,Without leave entitlements,1100,57200
2021,AUG,New South Wales,Males,Full-time,Without leave entitlements,1172.4,60964.8
2022,AUG,New South Wales,Males,Full-time,Without leave entitlements,1019,52988
2023,AUG,New South Wales,Males,Full-time,Without leave entitlements,1400,72800
2024,AUG,New South Wales,Males,Full-time,Without leave entitlements,1376.4,71572.8
2014,AUG,New South Wales,Males,Part-time,Total,400,20800
2015,AUG,New South Wales,Males,Part-time,Total,400,20800
2016,AUG,New South Wales,Males,Part-time,Total,444.8,23129.600000000002
2017,AUG,New South Wales,Males,Part-time,Total,450,23400
2018,AUG,New South Wales,Males,Part-time,Total,465.9,24226.8
2019,AUG,New South Wales,Males,Part-time,Total,500,26000
2020,AUG,New South Wales,Males,Part-time,Total,550,28600
2021,AUG,New South Wales,Males,Part-time,Total,537.6,27955.2
2022,AUG,New South Wales,Males,Part-time,Total,560,29120
2023,AUG,New South Wales,Males,Part-time,Total,600,31200
2024,AUG,New South Wales,Males,Part-time,Total,669.9,34834.799999999996
2014,AUG,New South Wales,Males,Part-time,With leave entitlements,578.4,30076.8
2015,AUG,New South Wales,Males,Part-time,With leave entitlements,597.8,31085.6
2016,AUG,New South Wales,Males,Part-time,With leave entitlements,599.8,31189.6
2017,AUG,New South Wales,Males,Part-time,With leave entitlements,662,34424
2018,AUG,New South Wales,Males,Part-time,With leave entitlements,623.5,32422
2019,AUG,New South Wales,Males,Part-time,With leave entitlements,744.4,38708.799999999996
2020,AUG,New South Wales,Males,Part-time,With leave entitlements,750,39000
2021,AUG,New South Wales,Males,Part-time,With leave entitlements,750,39000
2022,AUG,New South Wales,Males,Part-time,With leave entitlements,700,36400
2023,AUG,New South Wales,Males,Part-time,With leave entitlements,800,41600
2024,AUG,New South Wales,Males,Part-time,With leave entitlements,890.3,46295.6
2014,AUG,New South Wales,Males,Part-time,Without leave entitlements,300,15600
2015,AUG,New South Wales,Males,Part-time,Without leave entitlements,315.7,16416.399999999998
2016,AUG,New South Wales,Males,Part-time,Without leave entitlements,375,19500
2017,AUG,New South Wales,Males,Part-time,Without leave entitlements,355.2,18470.399999999998
2018,AUG,New South Wales,Males,Part-time,Without leave entitlements,400,20800
2019,AUG,New South Wales,Males,Part-time,Without leave entitlements,421.5,21918
2020,AUG,New South Wales,Males,Part-time,Without leave entitlements,399.1,20753.2
2021,AUG,New South Wales,Males,Part-time,Without leave entitlements,388.9,20222.8
2022,AUG,New South Wales,Males,Part-time,Without leave entitlements,469.1,24393.2
2023,AUG,New South Wales,Males,Part-time,Without leave entitlements,480,24960
2024,AUG,New South Wales,Males,Part-time,Without leave entitlements,561.7,29208.4
2014,AUG,New South Wales,Males,Total,Total,1184,61568
2015,AUG,New South Wales,Males,Total,Total,1200,62400
2016,AUG,New South Wales,Males,Total,Total,1200,62400
2017,AUG,New South Wales,Males,Total,Total,1200,62400
2018,AUG,New South Wales,Males,Total,Total,1267,65884
2019,AUG,New South Wales,Males,Total,Total,1295.2,67350.40000000001
2020,AUG,New South Wales,Males,Total,Total,1300,67600
2021,AUG,New South Wales,Males,Total,Total,1400,72800
2022,AUG,New South Wales,Males,Total,Total,1400,72800
2023,AUG,New South Wales,Males,Total,Total,1500,78000
2024,AUG,New South Wales,Males,Total,Total,1500,78000
2014,AUG,New South Wales,Males,Total,With leave entitlements,1300,67600
2015,AUG,New South Wales,Males,Total,With leave entitlements,1342,69784
2016,AUG,New South Wales,Males,Total,With leave entitlements,1324.8,68889.59999999999
2017,AUG,New South Wales,Males,Total,With leave entitlements,1352.6,70335.2
2018,AUG,New South Wales,Males,Total,With leave entitlements,1437.4,74744.8
2019,AUG,New South Wales,Males,Total,With leave entitlements,1472.8,76585.59999999999
2020,AUG,New South Wales,Males,Total,With leave entitlements,1495,77740
2021,AUG,New South Wales,Males,Total,With leave entitlements,1549.5,80574
2022,AUG,New South Wales,Males,Total,With leave entitlements,1591,82732
2023,AUG,New South Wales,Males,Total,With leave entitlements,1674.6,87079.2
2024,AUG,New South Wales,Males,Total,With leave entitlements,1693,88036
2014,AUG,New South Wales,Males,Total,Without leave entitlements,560,29120
2015,AUG,New South Wales,Males,Total,Without leave entitlements,600,31200
2016,AUG,New South Wales,Males,Total,Without leave entitlements,600,31200
2017,AUG,New South Wales,Males,Total,Without leave entitlements,649.2,33758.4
2018,AUG,New South Wales,Males,Total,Without leave entitlements,672.5,34970
2019,AUG,New South Wales,Males,Total,Without leave entitlements,656,34112
2020,AUG,New South Wales,Males,Total,Without leave entitlements,665.8,34621.6
2021,AUG,New South Wales,Males,Total,Without leave entitlements,690,35880
2022,AUG,New South Wales,Males,Total,Without leave entitlements,778.1,40461.200000000004
2023,AUG,New South Wales,Males,Total,Without leave entitlements,752.2,39114.4
2024,AUG,New South Wales,Males,Total,Without leave entitlements,800,41600
2014,AUG,New South Wales,Persons,Full-time,Total,1250,65000
2015,AUG,New South Wales,Persons,Full-time,Total,1250,65000
2016,AUG,New South Wales,Persons,Full-time,Total,1250,65000
2017,AUG,New South Wales,Persons,Full-time,Total,1281,66612
2018,AUG,New South Wales,Persons,Full-time,Total,1358.6,70647.2
2019,AUG,New South Wales,Persons,Full-time,Total,1400,72800
2020,AUG,New South Wales,Persons,Full-time,Total,1425,74100
2021,AUG,New South Wales,Persons,Full-time,Total,1500,78000
2022,AUG,New South Wales,Persons,Full-time,Total,1500,78000
2023,AUG,New South Wales,Persons,Full-time,Total,1622.3,84359.59999999999
2024,AUG,New South Wales,Persons,Full-time,Total,1700,88400
2014,AUG,New South Wales,Persons,Full-time,With leave entitlements,1265,65780
2015,AUG,New South Wales,Persons,Full-time,With leave entitlements,1281,66612
2016,AUG,New South Wales,Persons,Full-time,With leave entitlements,1300,67600
2017,AUG,New South Wales,Persons,Full-time,With leave entitlements,1334,69368
2018,AUG,New South Wales,Persons,Full-time,With leave entitlements,1400,72800
2019,AUG,New South Wales,Persons,Full-time,With leave entitlements,1438.5,74802
2020,AUG,New South Wales,Persons,Full-time,With leave entitlements,1487.4,77344.8
2021,AUG,New South Wales,Persons,Full-time,With leave entitlements,1534,79768
2022,AUG,New South Wales,Persons,Full-time,With leave entitlements,1574.1,81853.2
2023,AUG,New South Wales,Persons,Full-time,With leave entitlements,1668,86736
2024,AUG,New South Wales,Persons,Full-time,With leave entitlements,1733.7,90152.40000000001
2014,AUG,New South Wales,Persons,Full-time,Without leave entitlements,950,49400
2015,AUG,New South Wales,Persons,Full-time,Without leave entitlements,994.2,51698.4
2016,AUG,New South Wales,Persons,Full-time,Without leave entitlements,980,50960
2017,AUG,New South Wales,Persons,Full-time,Without leave entitlements,1000,52000
2018,AUG,New South Wales,Persons,Full-time,Without leave entitlements,1037.5,53950
2019,AUG,New South Wales,Persons,Full-time,Without leave entitlements,1000,52000
2020,AUG,New South Wales,Persons,Full-time,Without leave entitlements,1058.3,55031.6
2021,AUG,New South Wales,Persons,Full-time,Without leave entitlements,1100,57200
2022,AUG,New South Wales,Persons,Full-time,Without leave entitlements,1072.7,55780.4
2023,AUG,New South Wales,Persons,Full-time,Without leave entitlements,1289.9,67074.8
2024,AUG,New South Wales,Persons,Full-time,Without leave entitlements,1288.2,66986.40000000001
2014,AUG,New South Wales,Persons,Part-time,Total,479,24908
2015,AUG,New South Wales,Persons,Part-time,Total,480,24960
2016,AUG,New South Wales,Persons,Part-time,Total,500,26000
2017,AUG,New South Wales,Persons,Part-time,Total,500,26000
2018,AUG,New South Wales,Persons,Part-time,Total,525,27300
2019,AUG,New South Wales,Persons,Part-time,Total,550,28600
2020,AUG,New South Wales,Persons,Part-time,Total,674,35048
2021,AUG,New South Wales,Persons,Part-time,Total,600,31200
2022,AUG,New South Wales,Persons,Part-time,Total,622.5,32370
2023,AUG,New South Wales,Persons,Part-time,Total,650,33800
2024,AUG,New South Wales,Persons,Part-time,Total,675,35100
2014,AUG,New South Wales,Persons,Part-time,With leave entitlements,650,33800
2015,AUG,New South Wales,Persons,Part-time,With leave entitlements,650,33800
2016,AUG,New South Wales,Persons,Part-time,With leave entitlements,667.7,34720.4
2017,AUG,New South Wales,Persons,Part-time,With leave entitlements,678.3,35271.6
2018,AUG,New South Wales,Persons,Part-time,With leave entitlements,675,35100
2019,AUG,New South Wales,Persons,Part-time,With leave entitlements,750,39000
2020,AUG,New South Wales,Persons,Part-time,With leave entitlements,750,39000
2021,AUG,New South Wales,Persons,Part-time,With leave entitlements,779.1,40513.200000000004
2022,AUG,New South Wales,Persons,Part-time,With leave entitlements,808.1,42021.200000000004
2023,AUG,New South Wales,Persons,Part-time,With leave entitlements,840,43680
2024,AUG,New South Wales,Persons,Part-time,With leave entitlements,900,46800
2014,AUG,New South Wales,Persons,Part-time,Without leave entitlements,300,15600
2015,AUG,New South Wales,Persons,Part-time,Without leave entitlements,323.5,16822
2016,AUG,New South Wales,Persons,Part-time,Without leave entitlements,355.9,18506.8
2017,AUG,New South Wales,Persons,Part-time,Without leave entitlements,368.2,19146.399999999998
2018,AUG,New South Wales,Persons,Part-time,Without leave entitlements,400,20800
2019,AUG,New South Wales,Persons,Part-time,Without leave entitlements,400,20800
2020,AUG,New South Wales,Persons,Part-time,Without leave entitlements,450,23400
2021,AUG,New South Wales,Persons,Part-time,Without leave entitlements,420,21840
2022,AUG,New South Wales,Persons,Part-time,Without leave entitlements,450,23400
2023,AUG,New South Wales,Persons,Part-time,Without leave entitlements,480,24960
2024,AUG,New South Wales,Persons,Part-time,Without leave entitlements,499,25948
2014,AUG,New South Wales,Persons,Total,Total,1000,52000
2015,AUG,New South Wales,Persons,Total,Total,1000,52000
2016,AUG,New South Wales,Persons,Total,Total,1000,52000
2017,AUG,New South Wales,Persons,Total,Total,1050,54600
2018,AUG,New South Wales,Persons,Total,Total,1073,55796
2019,AUG,New South Wales,Persons,Total,Total,1150,59800
2020,AUG,New South Wales,Persons,Total,Total,1150,59800
2021,AUG,New South Wales,Persons,Total,Total,1250,65000
2022,AUG,New South Wales,Persons,Total,Total,1246.6,64823.2
2023,AUG,New South Wales,Persons,Total,Total,1345,69940
2024,AUG,New South Wales,Persons,Total,Total,1387.4,72144.8
2014,AUG,New South Wales,Persons,Total,With leave entitlements,1150,59800
2015,AUG,New South Wales,Persons,Total,With leave entitlements,1186.1,61677.2
2016,AUG,New South Wales,Persons,Total,With leave entitlements,1200,62400
2017,AUG,New South Wales,Persons,Total,With leave entitlements,1200,62400
2018,AUG,New South Wales,Persons,Total,With leave entitlements,1250,65000
2019,AUG,New South Wales,Persons,Total,With leave entitlements,1295.2,67350.40000000001
2020,AUG,New South Wales,Persons,Total,With leave entitlements,1303,67756
2021,AUG,New South Wales,Persons,Total,With leave entitlements,1400,72800
2022,AUG,New South Wales,Persons,Total,With leave entitlements,1430,74360
2023,AUG,New South Wales,Persons,Total,With leave entitlements,1519.2,78998.40000000001
2024,AUG,New South Wales,Persons,Total,With leave entitlements,1575.1,81905.2
2014,AUG,New South Wales,Persons,Total,Without leave entitlements,420,21840
2015,AUG,New South Wales,Persons,Total,Without leave entitlements,480,24960
2016,AUG,New South Wales,Persons,Total,Without leave entitlements,500,26000
2017,AUG,New South Wales,Persons,Total,Without leave entitlements,520,27040
2018,AUG,New South Wales,Persons,Total,Without leave entitlements,558,29016
2019,AUG,New South Wales,Persons,Total,Without leave entitlements,540,28080
2020,AUG,New South Wales,Persons,Total,Without leave entitlements,600,31200
2021,AUG,New South Wales,Persons,Total,Without leave entitlements,600,31200
2022,AUG,New South Wales,Persons,Total,Without leave entitlements,624,32448
2023,AUG,New South Wales,Persons,Total,Without leave entitlements,611,31772
2024,AUG,New South Wales,Persons,Total,Without leave entitlements,642,33384
2014,AUG,Northern Territory,Females,Full-time,Total,1200,62400
2015,AUG,Northern Territory,Females,Full-time,Total,1200,62400
2016,AUG,Northern Territory,Females,Full-time,Total,1229.8,63949.6
2017,AUG,Northern Territory,Females,Full-time,Total,1250,65000
2018,AUG,Northern Territory,Females,Full-time,Total,1250,65000
2019,AUG,Northern Territory,Females,Full-time,Total,1340.5,69706
2020,AUG,Northern Territory,Females,Full-time,Total,1349.3,70163.59999999999
2021,AUG,Northern Territory,Females,Full-time,Total,1500,78000
2022,AUG,Northern Territory,Females,Full-time,Total,1500,78000
2023,AUG,Northern Territory,Females,Full-time,Total,1449.8,75389.59999999999
2024,AUG,Northern Territory,Females,Full-time,Total,1600,83200
2014,AUG,Northern Territory,Females,Full-time,With leave entitlements,1250,65000
2015,AUG,Northern Territory,Females,Full-time,With leave entitlements,1200,62400
2016,AUG,Northern Territory,Females,Full-time,With leave entitlements,1250,65000
2017,AUG,Northern Territory,Females,Full-time,With leave entitlements,1250,65000
2018,AUG,Northern Territory,Females,Full-time,With leave entitlements,1257.8,65405.6
2019,AUG,Northern Territory,Females,Full-time,With leave entitlements,1400,72800
2020,AUG,Northern Territory,Females,Full-time,With leave entitlements,1399.5,72774
2021,AUG,Northern Territory,Females,Full-time,With leave entitlements,1500,78000
2022,AUG,Northern Territory,Females,Full-time,With leave entitlements,1550,80600
2023,AUG,Northern Territory,Females,Full-time,With leave entitlements,1450,75400
2024,AUG,Northern Territory,Females,Full-time,With leave entitlements,1600,83200
2014,AUG,Northern Territory,Females,Full-time,Without leave entitlements,802.2,41714.4
2015,AUG,Northern Territory,Females,Full-time,Without leave entitlements,1010.6,52551.200000000004
2016,AUG,Northern Territory,Females,Full-time,Without leave entitlements,944.7,49124.4
2017,AUG,Northern Territory,Females,Full-time,Without leave entitlements,1200,62400
2018,AUG,Northern Territory,Females,Full-time,Without leave entitlements,1080.2,56170.4
2019,AUG,Northern Territory,Females,Full-time,Without leave entitlements,938.3,48791.6
2020,AUG,Northern Territory,Females,Full-time,Without leave entitlements,993,51636
2021,AUG,Northern Territory,Females,Full-time,Without leave entitlements,1176,61152
2022,AUG,Northern Territory,Females,Full-time,Without leave entitlements,901.5,46878
2023,AUG,Northern Territory,Females,Full-time,Without leave entitlements,1245,64740
2024,AUG,Northern Territory,Females,Full-time,Without leave entitlements,1216.1,63237.2
2014,AUG,Northern Territory,Females,Part-time,Total,525.8,27341.6
2015,AUG,Northern Territory,Females,Part-time,Total,500.6,26031.2
2016,AUG,Northern Territory,Females,Part-time,Total,578.8,30097.6
2017,AUG,Northern Territory,Females,Part-time,Total,600,31200
2018,AUG,Northern Territory,Females,Part-time,Total,563.4,29296.8
2019,AUG,Northern Territory,Females,Part-time,Total,600,31200
2020,AUG,Northern Territory,Females,Part-time,Total,642.5,33410
2021,AUG,Northern Territory,Females,Part-time,Total,630.7,32796.4
2022,AUG,Northern Territory,Females,Part-time,Total,750,39000
2023,AUG,Northern Territory,Females,Part-time,Total,700,36400
2024,AUG,Northern Territory,Females,Part-time,Total,750,39000
2014,AUG,Northern Territory,Females,Part-time,With leave entitlements,650,33800
2015,AUG,Northern Territory,Females,Part-time,With leave entitlements,728.6,37887.200000000004
2016,AUG,Northern Territory,Females,Part-time,With leave entitlements,750,39000
2017,AUG,Northern Territory,Females,Part-time,With leave entitlements,827.8,43045.6
2018,AUG,Northern Territory,Females,Part-time,With leave entitlements,892.4,46404.799999999996
2019,AUG,Northern Territory,Females,Part-time,With leave entitlements,790.7,41116.4
2020,AUG,Northern Territory,Females,Part-time,With leave entitlements,827.3,43019.6
2021,AUG,Northern Territory,Females,Part-time,With leave entitlements,929.2,48318.4
2022,AUG,Northern Territory,Females,Part-time,With leave entitlements,879.5,45734
2023,AUG,Northern Territory,Females,Part-time,With leave entitlements,947,49244
2024,AUG,Northern Territory,Females,Part-time,With leave entitlements,1000,52000
2014,AUG,Northern Territory,Females,Part-time,Without leave entitlements,350,18200
2015,AUG,Northern Territory,Females,Part-time,Without leave entitlements,400,20800
2016,AUG,Northern Territory,Females,Part-time,Without leave entitlements,398.1,20701.2
2017,AUG,Northern Territory,Females,Part-time,Without leave entitlements,394.4,20508.8
2018,AUG,Northern Territory,Females,Part-time,Without leave entitlements,400,20800
2019,AUG,Northern Territory,Females,Part-time,Without leave entitlements,461.5,23998
2020,AUG,Northern Territory,Females,Part-time,Without leave entitlements,410.4,21340.8
2021,AUG,Northern Territory,Females,Part-time,Without leave entitlements,438.3,22791.600000000002
2022,AUG,Northern Territory,Females,Part-time,Without leave entitlements,465.5,24206
2023,AUG,Northern Territory,Females,Part-time,Without leave entitlements,518.6,26967.2
2024,AUG,Northern Territory,Females,Part-time,Without leave entitlements,500,26000
2014,AUG,Northern Territory,Females,Total,Total,1067.8,55525.6
2015,AUG,Northern Territory,Females,Total,Total,1054,54808
2016,AUG,Northern Territory,Females,Total,Total,1070,55640
2017,AUG,Northern Territory,Females,Total,Total,1113.9,57922.8
2018,AUG,Northern Territory,Females,Total,Total,1129.1,58713.2
2019,AUG,Northern Territory,Females,Total,Total,1100,57200
2020,AUG,Northern Territory,Females,Total,Total,1131.9,58858.8
2021,AUG,Northern Territory,Females,Total,Total,1210.1,62925.2
2022,AUG,Northern Territory,Females,Total,Total,1232.3,64079.6
2023,AUG,Northern Territory,Females,Total,Total,1250,65000
2024,AUG,Northern Territory,Females,Total,Total,1403,72956
2014,AUG,Northern Territory,Females,Total,With leave entitlements,1153,59956
2015,AUG,Northern Territory,Females,Total,With leave entitlements,1151.5,59878
2016,AUG,Northern Territory,Females,Total,With leave entitlements,1167.4,60704.8
2017,AUG,Northern Territory,Females,Total,With leave entitlements,1200,62400
2018,AUG,Northern Territory,Females,Total,With leave entitlements,1246.2,64802.4
2019,AUG,Northern Territory,Females,Total,With leave entitlements,1250,65000
2020,AUG,Northern Territory,Females,Total,With leave entitlements,1252.4,65124.8
2021,AUG,Northern Territory,Females,Total,With leave entitlements,1400,72800
2022,AUG,Northern Territory,Females,Total,With leave entitlements,1400,72800
2023,AUG,Northern Territory,Females,Total,With leave entitlements,1350,70200
2024,AUG,Northern Territory,Females,Total,With leave entitlements,1541,80132
2014,AUG,Northern Territory,Females,Total,Without leave entitlements,500,26000
2015,AUG,Northern Territory,Females,Total,Without leave entitlements,550,28600
2016,AUG,Northern Territory,Females,Total,Without leave entitlements,550,28600
2017,AUG,Northern Territory,Females,Total,Without leave entitlements,451.9,23498.8
2018,AUG,Northern Territory,Females,Total,Without leave entitlements,500,26000
2019,AUG,Northern Territory,Females,Total,Without leave entitlements,600,31200
2020,AUG,Northern Territory,Females,Total,Without leave entitlements,500,26000
2021,AUG,Northern Territory,Females,Total,Without leave entitlements,520,27040
2022,AUG,Northern Territory,Females,Total,Without leave entitlements,705.8,36701.6
2023,AUG,Northern Territory,Females,Total,Without leave entitlements,667.5,34710
2024,AUG,Northern Territory,Females,Total,Without leave entitlements,600,31200
2014,AUG,Northern Territory,Males,Full-time,Total,1547.2,80454.40000000001
2015,AUG,Northern Territory,Males,Full-time,Total,1400,72800
2016,AUG,Northern Territory,Males,Full-time,Total,1500,78000
2017,AUG,Northern Territory,Males,Full-time,Total,1500,78000
2018,AUG,Northern Territory,Males,Full-time,Total,1450.2,75410.40000000001
2019,AUG,Northern Territory,Males,Full-time,Total,1500,78000
2020,AUG,Northern Territory,Males,Full-time,Total,1550,80600
2021,AUG,Northern Territory,Males,Full-time,Total,1617.8,84125.59999999999
2022,AUG,Northern Territory,Males,Full-time,Total,1710.4,88940.8
2023,AUG,Northern Territory,Males,Full-time,Total,1750,91000
2024,AUG,Northern Territory,Males,Full-time,Total,1838.3,95591.59999999999
2014,AUG,Northern Territory,Males,Full-time,With leave entitlements,1600,83200
2015,AUG,Northern Territory,Males,Full-time,With leave entitlements,1411.5,73398
2016,AUG,Northern Territory,Males,Full-time,With leave entitlements,1559.4,81088.8
2017,AUG,Northern Territory,Males,Full-time,With leave entitlements,1503.1,78161.2
2018,AUG,Northern Territory,Males,Full-time,With leave entitlements,1500,78000
2019,AUG,Northern Territory,Males,Full-time,With leave entitlements,1500,78000
2020,AUG,Northern Territory,Males,Full-time,With leave entitlements,1560.2,81130.40000000001
2021,AUG,Northern Territory,Males,Full-time,With leave entitlements,1699,88348
2022,AUG,Northern Territory,Males,Full-time,With leave entitlements,1750,91000
2023,AUG,Northern Territory,Males,Full-time,With leave entitlements,1750,91000
2024,AUG,Northern Territory,Males,Full-time,With leave entitlements,1935.4,100640.8
2014,AUG,Northern Territory,Males,Full-time,Without leave entitlements,1304.1,67813.2
2015,AUG,Northern Territory,Males,Full-time,Without leave entitlements,1068.8,55577.6
2016,AUG,Northern Territory,Males,Full-time,Without leave entitlements,1200,62400
2017,AUG,Northern Territory,Males,Full-time,Without leave entitlements,1082,56264
2018,AUG,Northern Territory,Males,Full-time,Without leave entitlements,1200,62400
2019,AUG,Northern Territory,Males,Full-time,Without leave entitlements,1008.4,52436.799999999996
2020,AUG,Northern Territory,Males,Full-time,Without leave entitlements,1412.7,73460.40000000001
2021,AUG,Northern Territory,Males,Full-time,Without leave entitlements,1274,66248
2022,AUG,Northern Territory,Males,Full-time,Without leave entitlements,1254,65208
2023,AUG,Northern Territory,Males,Full-time,Without leave entitlements,1541.2,80142.40000000001
2024,AUG,Northern Territory,Males,Full-time,Without leave entitlements,1438.7,74812.40000000001
2014,AUG,Northern Territory,Males,Part-time,Total,481.5,25038
2015,AUG,Northern Territory,Males,Part-time,Total,347.5,18070
2016,AUG,Northern Territory,Males,Part-time,Total,472.6,24575.2
2017,AUG,Northern Territory,Males,Part-time,Total,420,21840
2018,AUG,Northern Territory,Males,Part-time,Total,500,26000
2019,AUG,Northern Territory,Males,Part-time,Total,577.7,30040.4
2020,AUG,Northern Territory,Males,Part-time,Total,557.1,28969.2
2021,AUG,Northern Territory,Males,Part-time,Total,540,28080
2022,AUG,Northern Territory,Males,Part-time,Total,538.7,28012.4
2023,AUG,Northern Territory,Males,Part-time,Total,682.8,35505.6
2024,AUG,Northern Territory,Males,Part-time,Total,700.2,36410.4
2014,AUG,Northern Territory,Males,Part-time,With leave entitlements,580,30160
2015,AUG,Northern Territory,Males,Part-time,With leave entitlements,841.5,43758
2016,AUG,Northern Territory,Males,Part-time,With leave entitlements,759.4,39488.799999999996
2017,AUG,Northern Territory,Males,Part-time,With leave entitlements,600,31200
2018,AUG,Northern Territory,Males,Part-time,With leave entitlements,524.2,27258.4
2019,AUG,Northern Territory,Males,Part-time,With leave entitlements,1057.7,55000.4
2020,AUG,Northern Territory,Males,Part-time,With leave entitlements,750,39000
2021,AUG,Northern Territory,Males,Part-time,With leave entitlements,648.3,33711.6
2022,AUG,Northern Territory,Males,Part-time,With leave entitlements,957.2,49774.4
2023,AUG,Northern Territory,Males,Part-time,With leave entitlements,1079,56108
2024,AUG,Northern Territory,Males,Part-time,With leave entitlements,945.8,49181.6
2014,AUG,Northern Territory,Males,Part-time,Without leave entitlements,347.8,18085.600000000002
2015,AUG,Northern Territory,Males,Part-time,Without leave entitlements,250,13000
2016,AUG,Northern Territory,Males,Part-time,Without leave entitlements,318.1,16541.2
2017,AUG,Northern Territory,Males,Part-time,Without leave entitlements,387.8,20165.600000000002
2018,AUG,Northern Territory,Males,Part-time,Without leave entitlements,500,26000
2019,AUG,Northern Territory,Males,Part-time,Without leave entitlements,400,20800
2020,AUG,Northern Territory,Males,Part-time,Without leave entitlements,500,26000
2021,AUG,Northern Territory,Males,Part-time,Without leave entitlements,495.2,25750.399999999998
2022,AUG,Northern Territory,Males,Part-time,Without leave entitlements,399.8,20789.600000000002
2023,AUG,Northern Territory,Males,Part-time,Without leave entitlements,500,26000
2024,AUG,Northern Territory,Males,Part-time,Without leave entitlements,665.2,34590.4
2014,AUG,Northern Territory,Males,Total,Total,1500,78000
2015,AUG,Northern Territory,Males,Total,Total,1330.5,69186
2016,AUG,Northern Territory,Males,Total,Total,1452.2,75514.40000000001
2017,AUG,Northern Territory,Males,Total,Total,1387.8,72165.59999999999
2018,AUG,Northern Territory,Males,Total,Total,1348.3,70111.59999999999
2019,AUG,Northern Territory,Males,Total,Total,1350,70200
2020,AUG,Northern Territory,Males,Total,Total,1313.7,68312.40000000001
2021,AUG,Northern Territory,Males,Total,Total,1452,75504
2022,AUG,Northern Territory,Males,Total,Total,1500,78000
2023,AUG,Northern Territory,Males,Total,Total,1600,83200
2024,AUG,Northern Territory,Males,Total,Total,1673.7,87032.40000000001
2014,AUG,Northern Territory,Males,Total,With leave entitlements,1550,80600
2015,AUG,Northern Territory,Males,Total,With leave entitlements,1400,72800
2016,AUG,Northern Territory,Males,Total,With leave entitlements,1525.5,79326
2017,AUG,Northern Territory,Males,Total,With leave entitlements,1500,78000
2018,AUG,Northern Territory,Males,Total,With leave entitlements,1456.2,75722.40000000001
2019,AUG,Northern Territory,Males,Total,With leave entitlements,1500,78000
2020,AUG,Northern Territory,Males,Total,With leave entitlements,1500,78000
2021,AUG,Northern Territory,Males,Total,With leave entitlements,1632.5,84890
2022,AUG,Northern Territory,Males,Total,With leave entitlements,1682.4,87484.8
2023,AUG,Northern Territory,Males,Total,With leave entitlements,1741.5,90558
2024,AUG,Northern Territory,Males,Total,With leave entitlements,1800.9,93646.8
2014,AUG,Northern Territory,Males,Total,Without leave entitlements,1000,52000
2015,AUG,Northern Territory,Males,Total,Without leave entitlements,983,51116
2016,AUG,Northern Territory,Males,Total,Without leave entitlements,916.9,47678.799999999996
2017,AUG,Northern Territory,Males,Total,Without leave entitlements,815.1,42385.200000000004
2018,AUG,Northern Territory,Males,Total,Without leave entitlements,948.6,49327.200000000004
2019,AUG,Northern Territory,Males,Total,Without leave entitlements,763.9,39722.799999999996
2020,AUG,Northern Territory,Males,Total,Without leave entitlements,750,39000
2021,AUG,Northern Territory,Males,Total,Without leave entitlements,800,41600
2022,AUG,Northern Territory,Males,Total,Without leave entitlements,788.9,41022.799999999996
2023,AUG,Northern Territory,Males,Total,Without leave entitlements,836.2,43482.4
2024,AUG,Northern Territory,Males,Total,Without leave entitlements,1000,52000
2014,AUG,Northern Territory,Persons,Full-time,Total,1380,71760
2015,AUG,Northern Territory,Persons,Full-time,Total,1250,65000
2016,AUG,Northern Territory,Persons,Full-time,Total,1378.1,71661.2
2017,AUG,Northern Territory,Persons,Full-time,Total,1362.4,70844.8
2018,AUG,Northern Territory,Persons,Full-time,Total,1350,70200
2019,AUG,Northern Territory,Persons,Full-time,Total,1400,72800
2020,AUG,Northern Territory,Persons,Full-time,Total,1500,78000
2021,AUG,Northern Territory,Persons,Full-time,Total,1559.6,81099.2
2022,AUG,Northern Territory,Persons,Full-time,Total,1577.2,82014.40000000001
2023,AUG,Northern Territory,Persons,Full-time,Total,1586.9,82518.8
2024,AUG,Northern Territory,Persons,Full-time,Total,1700,88400
2014,AUG,Northern Territory,Persons,Full-time,With leave entitlements,1400,72800
2015,AUG,Northern Territory,Persons,Full-time,With leave entitlements,1286,66872
2016,AUG,Northern Territory,Persons,Full-time,With leave entitlements,1400,72800
2017,AUG,Northern Territory,Persons,Full-time,With leave entitlements,1400,72800
2018,AUG,Northern Territory,Persons,Full-time,With leave entitlements,1365.8,71021.59999999999
2019,AUG,Northern Territory,Persons,Full-time,With leave entitlements,1464.2,76138.40000000001
2020,AUG,Northern Territory,Persons,Full-time,With leave entitlements,1500,78000
2021,AUG,Northern Territory,Persons,Full-time,With leave entitlements,1599.1,83153.2
2022,AUG,Northern Territory,Persons,Full-time,With leave entitlements,1626,84552
2023,AUG,Northern Territory,Persons,Full-time,With leave entitlements,1600,83200
2024,AUG,Northern Territory,Persons,Full-time,With leave entitlements,1750,91000
2014,AUG,Northern Territory,Persons,Full-time,Without leave entitlements,1100,57200
2015,AUG,Northern Territory,Persons,Full-time,Without leave entitlements,1052.5,54730
2016,AUG,Northern Territory,Persons,Full-time,Without leave entitlements,1150,59800
2017,AUG,Northern Territory,Persons,Full-time,Without leave entitlements,1100,57200
2018,AUG,Northern Territory,Persons,Full-time,Without leave entitlements,1177.6,61235.2
2019,AUG,Northern Territory,Persons,Full-time,Without leave entitlements,1000,52000
2020,AUG,Northern Territory,Persons,Full-time,Without leave entitlements,1250,65000
2021,AUG,Northern Territory,Persons,Full-time,Without leave entitlements,1250.4,65020.8
2022,AUG,Northern Territory,Persons,Full-time,Without leave entitlements,1041,54132
2023,AUG,Northern Territory,Persons,Full-time,Without leave entitlements,1441.6,74963.2
2024,AUG,Northern Territory,Persons,Full-time,Without leave entitlements,1328.2,69066.40000000001
2014,AUG,Northern Territory,Persons,Part-time,Total,500,26000
2015,AUG,Northern Territory,Persons,Part-time,Total,480,24960
2016,AUG,Northern Territory,Persons,Part-time,Total,542.6,28215.2
2017,AUG,Northern Territory,Persons,Part-time,Total,501.9,26098.8
2018,AUG,Northern Territory,Persons,Part-time,Total,519.9,27034.8
2019,AUG,Northern Territory,Persons,Part-time,Total,600,31200
2020,AUG,Northern Territory,Persons,Part-time,Total,600,31200
2021,AUG,Northern Territory,Persons,Part-time,Total,600,31200
2022,AUG,Northern Territory,Persons,Part-time,Total,694.7,36124.4
2023,AUG,Northern Territory,Persons,Part-time,Total,700,36400
2024,AUG,Northern Territory,Persons,Part-time,Total,720,37440
2014,AUG,Northern Territory,Persons,Part-time,With leave entitlements,649.1,33753.200000000004
2015,AUG,Northern Territory,Persons,Part-time,With leave entitlements,750,39000
2016,AUG,Northern Territory,Persons,Part-time,With leave entitlements,750,39000
2017,AUG,Northern Territory,Persons,Part-time,With leave entitlements,800,41600
2018,AUG,Northern Territory,Persons,Part-time,With leave entitlements,833.1,43321.200000000004
2019,AUG,Northern Territory,Persons,Part-time,With leave entitlements,800,41600
2020,AUG,Northern Territory,Persons,Part-time,With leave entitlements,786.7,40908.4
2021,AUG,Northern Territory,Persons,Part-time,With leave entitlements,899.8,46789.6
2022,AUG,Northern Territory,Persons,Part-time,With leave entitlements,890.5,46306
2023,AUG,Northern Territory,Persons,Part-time,With leave entitlements,1002.6,52135.200000000004
2024,AUG,Northern Territory,Persons,Part-time,With leave entitlements,1000,52000
2014,AUG,Northern Territory,Persons,Part-time,Without leave entitlements,350,18200
2015,AUG,Northern Territory,Persons,Part-time,Without leave entitlements,322.7,16780.399999999998
2016,AUG,Northern Territory,Persons,Part-time,Without leave entitlements,363,18876
2017,AUG,Northern Territory,Persons,Part-time,Without leave entitlements,394.6,20519.2
2018,AUG,Northern Territory,Persons,Part-time,Without leave entitlements,450,23400
2019,AUG,Northern Territory,Persons,Part-time,Without leave entitlements,435.7,22656.399999999998
2020,AUG,Northern Territory,Persons,Part-time,Without leave entitlements,462.2,24034.399999999998
2021,AUG,Northern Territory,Persons,Part-time,Without leave entitlements,450,23400
2022,AUG,Northern Territory,Persons,Part-time,Without leave entitlements,449.8,23389.600000000002
2023,AUG,Northern Territory,Persons,Part-time,Without leave entitlements,513.4,26696.8
2024,AUG,Northern Territory,Persons,Part-time,Without leave entitlements,546.3,28407.6
2014,AUG,Northern Territory,Persons,Total,Total,1250,65000
2015,AUG,Northern Territory,Persons,Total,Total,1200,62400
2016,AUG,Northern Territory,Persons,Total,Total,1250,65000
2017,AUG,Northern Territory,Persons,Total,Total,1212,63024
2018,AUG,Northern Territory,Persons,Total,Total,1249,64948
2019,AUG,Northern Territory,Persons,Total,Total,1200,62400
2020,AUG,Northern Territory,Persons,Total,Total,1218.2,63346.4
2021,AUG,Northern Territory,Persons,Total,Total,1336.4,69492.8
2022,AUG,Northern Territory,Persons,Total,Total,1378.3,71671.59999999999
2023,AUG,Northern Territory,Persons,Total,Total,1400.7,72836.40000000001
2024,AUG,Northern Territory,Persons,Total,Total,1500,78000
2014,AUG,Northern Territory,Persons,Total,With leave entitlements,1335.7,69456.40000000001
2015,AUG,Northern Territory,Persons,Total,With leave entitlements,1250,65000
2016,AUG,Northern Territory,Persons,Total,With leave entitlements,1326.1,68957.2
2017,AUG,Northern Territory,Persons,Total,With leave entitlements,1300,67600
2018,AUG,Northern Territory,Persons,Total,With leave entitlements,1312.1,68229.2
2019,AUG,Northern Territory,Persons,Total,With leave entitlements,1353.5,70382
2020,AUG,Northern Territory,Persons,Total,With leave entitlements,1359.7,70704.40000000001
2021,AUG,Northern Territory,Persons,Total,With leave entitlements,1500,78000
2022,AUG,Northern Territory,Persons,Total,With leave entitlements,1514.8,78769.59999999999
2023,AUG,Northern Territory,Persons,Total,With leave entitlements,1506.2,78322.40000000001
2024,AUG,Northern Territory,Persons,Total,With leave entitlements,1634.8,85009.59999999999
2014,AUG,Northern Territory,Persons,Total,Without leave entitlements,683.4,35536.799999999996
2015,AUG,Northern Territory,Persons,Total,Without leave entitlements,750,39000
2016,AUG,Northern Territory,Persons,Total,Without leave entitlements,650,33800
2017,AUG,Northern Territory,Persons,Total,Without leave entitlements,596.9,31038.8
2018,AUG,Northern Territory,Persons,Total,Without leave entitlements,650,33800
2019,AUG,Northern Territory,Persons,Total,Without leave entitlements,690,35880
2020,AUG,Northern Territory,Persons,Total,Without leave entitlements,590.1,30685.2
2021,AUG,Northern Territory,Persons,Total,Without leave entitlements,635.2,33030.4
2022,AUG,Northern Territory,Persons,Total,Without leave entitlements,725.6,37731.200000000004
2023,AUG,Northern Territory,Persons,Total,Without leave entitlements,700,36400
2024,AUG,Northern Territory,Persons,Total,Without leave entitlements,771.4,40112.799999999996
2014,AUG,Queensland,Females,Full-time,Total,1029.3,53523.6
2015,AUG,Queensland,Females,Full-time,Total,1100,57200
2016,AUG,Queensland,Females,Full-time,Total,1100,57200
2017,AUG,Queensland,Females,Full-time,Total,1150,59800
2018,AUG,Queensland,Females,Full-time,Total,1197.1,62249.2
2019,AUG,Queensland,Females,Full-time,Total,1200,62400
2020,AUG,Queensland,Females,Full-time,Total,1279.2,66518.40000000001
2021,AUG,Queensland,Females,Full-time,Total,1250,65000
2022,AUG,Queensland,Females,Full-time,Total,1405.6,73091.2
2023,AUG,Queensland,Females,Full-time,Total,1432.6,74495.2
2024,AUG,Queensland,Females,Full-time,Total,1529.7,79544.40000000001
2014,AUG,Queensland,Females,Full-time,With leave entitlements,1057,54964
2015,AUG,Queensland,Females,Full-time,With leave entitlements,1134.6,58999.2
2016,AUG,Queensland,Females,Full-time,With leave entitlements,1101.7,57288.4
2017,AUG,Queensland,Females,Full-time,With leave entitlements,1175,61100
2018,AUG,Queensland,Females,Full-time,With leave entitlements,1222.8,63585.6
2019,AUG,Queensland,Females,Full-time,With leave entitlements,1225,63700
2020,AUG,Queensland,Females,Full-time,With leave entitlements,1300,67600
2021,AUG,Queensland,Females,Full-time,With leave entitlements,1303,67756
2022,AUG,Queensland,Females,Full-time,With leave entitlements,1461,75972
2023,AUG,Queensland,Females,Full-time,With leave entitlements,1469,76388
2024,AUG,Queensland,Females,Full-time,With leave entitlements,1588.4,82596.8
2014,AUG,Queensland,Females,Full-time,Without leave entitlements,875.6,45531.200000000004
2015,AUG,Queensland,Females,Full-time,Without leave entitlements,892,46384
2016,AUG,Queensland,Females,Full-time,Without leave entitlements,972.1,50549.200000000004
2017,AUG,Queensland,Females,Full-time,Without leave entitlements,900,46800
2018,AUG,Queensland,Females,Full-time,Without leave entitlements,941.8,48973.6
2019,AUG,Queensland,Females,Full-time,Without leave entitlements,1000,52000
2020,AUG,Queensland,Females,Full-time,Without leave entitlements,1026.4,53372.8
2021,AUG,Queensland,Females,Full-time,Without leave entitlements,990.5,51506
2022,AUG,Queensland,Females,Full-time,Without leave entitlements,1120.9,58286.8
2023,AUG,Queensland,Females,Full-time,Without leave entitlements,1136.7,59108.4
2024,AUG,Queensland,Females,Full-time,Without leave entitlements,1220.8,63481.6
2014,AUG,Queensland,Females,Part-time,Total,500,26000
2015,AUG,Queensland,Females,Part-time,Total,544,28288
2016,AUG,Queensland,Females,Part-time,Total,500.2,26010.399999999998
2017,AUG,Queensland,Females,Part-time,Total,550,28600
2018,AUG,Queensland,Females,Part-time,Total,525,27300
2019,AUG,Queensland,Females,Part-time,Total,600,31200
2020,AUG,Queensland,Females,Part-time,Total,700,36400
2021,AUG,Queensland,Females,Part-time,Total,600,31200
2022,AUG,Queensland,Females,Part-time,Total,639.3,33243.6
2023,AUG,Queensland,Females,Part-time,Total,720,37440
2024,AUG,Queensland,Females,Part-time,Total,742,38584
2014,AUG,Queensland,Females,Part-time,With leave entitlements,650,33800
2015,AUG,Queensland,Females,Part-time,With leave entitlements,673.6,35027.200000000004
2016,AUG,Queensland,Females,Part-time,With leave entitlements,674.4,35068.799999999996
2017,AUG,Queensland,Females,Part-time,With leave entitlements,700,36400
2018,AUG,Queensland,Females,Part-time,With leave entitlements,711.7,37008.4
2019,AUG,Queensland,Females,Part-time,With leave entitlements,718.3,37351.6
2020,AUG,Queensland,Females,Part-time,With leave entitlements,790.8,41121.6
2021,AUG,Queensland,Females,Part-time,With leave entitlements,750,39000
2022,AUG,Queensland,Females,Part-time,With leave entitlements,790.3,41095.6
2023,AUG,Queensland,Females,Part-time,With leave entitlements,931,48412
2024,AUG,Queensland,Females,Part-time,With leave entitlements,900,46800
2014,AUG,Queensland,Females,Part-time,Without leave entitlements,327.6,17035.2
2015,AUG,Queensland,Females,Part-time,Without leave entitlements,357.9,18610.8
2016,AUG,Queensland,Females,Part-time,Without leave entitlements,375,19500
2017,AUG,Queensland,Females,Part-time,Without leave entitlements,387.8,20165.600000000002
2018,AUG,Queensland,Females,Part-time,Without leave entitlements,364.9,18974.8
2019,AUG,Queensland,Females,Part-time,Without leave entitlements,400,20800
2020,AUG,Queensland,Females,Part-time,Without leave entitlements,460,23920
2021,AUG,Queensland,Females,Part-time,Without leave entitlements,450,23400
2022,AUG,Queensland,Females,Part-time,Without leave entitlements,413.7,21512.399999999998
2023,AUG,Queensland,Females,Part-time,Without leave entitlements,500,26000
2024,AUG,Queensland,Females,Part-time,Without leave entitlements,537.5,27950
2014,AUG,Queensland,Females,Total,Total,800,41600
2015,AUG,Queensland,Females,Total,Total,850,44200
2016,AUG,Queensland,Females,Total,Total,875,45500
2017,AUG,Queensland,Females,Total,Total,865,44980
2018,AUG,Queensland,Females,Total,Total,900,46800
2019,AUG,Queensland,Females,Total,Total,912,47424
2020,AUG,Queensland,Females,Total,Total,986.8,51313.6
2021,AUG,Queensland,Females,Total,Total,1000,52000
2022,AUG,Queensland,Females,Total,Total,1094,56888
2023,AUG,Queensland,Females,Total,Total,1150,59800
2024,AUG,Queensland,Females,Total,Total,1200,62400
2014,AUG,Queensland,Females,Total,With leave entitlements,959.5,49894
2015,AUG,Queensland,Females,Total,With leave entitlements,1000,52000
2016,AUG,Queensland,Females,Total,With leave entitlements,1000,52000
2017,AUG,Queensland,Females,Total,With leave entitlements,1017,52884
2018,AUG,Queensland,Females,Total,With leave entitlements,1050,54600
2019,AUG,Queensland,Females,Total,With leave entitlements,1043.9,54282.8
2020,AUG,Queensland,Females,Total,With leave entitlements,1125,58500
2021,AUG,Queensland,Females,Total,With leave entitlements,1150,59800
2022,AUG,Queensland,Females,Total,With leave entitlements,1254.4,65228.8
2023,AUG,Queensland,Females,Total,With leave entitlements,1265,65780
2024,AUG,Queensland,Females,Total,With leave entitlements,1399.4,72768.8
2014,AUG,Queensland,Females,Total,Without leave entitlements,400,20800
2015,AUG,Queensland,Females,Total,Without leave entitlements,454.2,23618.399999999998
2016,AUG,Queensland,Females,Total,Without leave entitlements,453,23556
2017,AUG,Queensland,Females,Total,Without leave entitlements,470,24440
2018,AUG,Queensland,Females,Total,Without leave entitlements,450,23400
2019,AUG,Queensland,Females,Total,Without leave entitlements,495.8,25781.600000000002
2020,AUG,Queensland,Females,Total,Without leave entitlements,574.5,29874
2021,AUG,Queensland,Females,Total,Without leave entitlements,523.7,27232.4
2022,AUG,Queensland,Females,Total,Without leave entitlements,574,29848
2023,AUG,Queensland,Females,Total,Without leave entitlements,600,31200
2024,AUG,Queensland,Females,Total,Without leave entitlements,671,34892
2014,AUG,Queensland,Males,Full-time,Total,1300,67600
2015,AUG,Queensland,Males,Full-time,Total,1250,65000
2016,AUG,Queensland,Males,Full-time,Total,1260.5,65546
2017,AUG,Queensland,Males,Full-time,Total,1352.3,70319.59999999999
2018,AUG,Queensland,Males,Full-time,Total,1400,72800
2019,AUG,Queensland,Males,Full-time,Total,1422.5,73970
2020,AUG,Queensland,Males,Full-time,Total,1429.4,74328.8
2021,AUG,Queensland,Males,Full-time,Total,1500,78000
2022,AUG,Queensland,Males,Full-time,Total,1552.2,80714.40000000001
2023,AUG,Queensland,Males,Full-time,Total,1660,86320
2024,AUG,Queensland,Males,Full-time,Total,1750,91000
2014,AUG,Queensland,Males,Full-time,With leave entitlements,1342,69784
2015,AUG,Queensland,Males,Full-time,With leave entitlements,1300,67600
2016,AUG,Queensland,Males,Full-time,With leave entitlements,1319.9,68634.8
2017,AUG,Queensland,Males,Full-time,With leave entitlements,1438,74776
2018,AUG,Queensland,Males,Full-time,With leave entitlements,1447.6,75275.2
2019,AUG,Queensland,Males,Full-time,With leave entitlements,1450,75400
2020,AUG,Queensland,Males,Full-time,With leave entitlements,1500,78000
2021,AUG,Queensland,Males,Full-time,With leave entitlements,1572,81744
2022,AUG,Queensland,Males,Full-time,With leave entitlements,1631.6,84843.2
2023,AUG,Queensland,Males,Full-time,With leave entitlements,1730,89960
2024,AUG,Queensland,Males,Full-time,With leave entitlements,1794.6,93319.2
2014,AUG,Queensland,Males,Full-time,Without leave entitlements,1000,52000
2015,AUG,Queensland,Males,Full-time,Without leave entitlements,1100,57200
2016,AUG,Queensland,Males,Full-time,Without leave entitlements,1100,57200
2017,AUG,Queensland,Males,Full-time,Without leave entitlements,1080,56160
2018,AUG,Queensland,Males,Full-time,Without leave entitlements,1200,62400
2019,AUG,Queensland,Males,Full-time,Without leave entitlements,1206,62712
2020,AUG,Queensland,Males,Full-time,Without leave entitlements,1051.3,54667.6
2021,AUG,Queensland,Males,Full-time,Without leave entitlements,1178.8,61297.6
2022,AUG,Queensland,Males,Full-time,Without leave entitlements,1200,62400
2023,AUG,Queensland,Males,Full-time,Without leave entitlements,1378.4,71676.8
2024,AUG,Queensland,Males,Full-time,Without leave entitlements,1497.8,77885.59999999999
2014,AUG,Queensland,Males,Part-time,Total,400,20800
2015,AUG,Queensland,Males,Part-time,Total,400,20800
2016,AUG,Queensland,Males,Part-time,Total,416.7,21668.399999999998
2017,AUG,Queensland,Males,Part-time,Total,440.6,22911.2
2018,AUG,Queensland,Males,Part-time,Total,452,23504
2019,AUG,Queensland,Males,Part-time,Total,503.3,26171.600000000002
2020,AUG,Queensland,Males,Part-time,Total,595.7,30976.4
2021,AUG,Queensland,Males,Part-time,Total,544.1,28293.2
2022,AUG,Queensland,Males,Part-time,Total,531,27612
2023,AUG,Queensland,Males,Part-time,Total,588.3,30591.6
2024,AUG,Queensland,Males,Part-time,Total,576,29952
2014,AUG,Queensland,Males,Part-time,With leave entitlements,600,31200
2015,AUG,Queensland,Males,Part-time,With leave entitlements,700,36400
2016,AUG,Queensland,Males,Part-time,With leave entitlements,748.9,38942.799999999996
2017,AUG,Queensland,Males,Part-time,With leave entitlements,600,31200
2018,AUG,Queensland,Males,Part-time,With leave entitlements,654.5,34034
2019,AUG,Queensland,Males,Part-time,With leave entitlements,750,39000
2020,AUG,Queensland,Males,Part-time,With leave entitlements,750,39000
2021,AUG,Queensland,Males,Part-time,With leave entitlements,787.7,40960.4
2022,AUG,Queensland,Males,Part-time,With leave entitlements,855.3,44475.6
2023,AUG,Queensland,Males,Part-time,With leave entitlements,843.8,43877.6
2024,AUG,Queensland,Males,Part-time,With leave entitlements,788.5,41002
2014,AUG,Queensland,Males,Part-time,Without leave entitlements,300,15600
2015,AUG,Queensland,Males,Part-time,Without leave entitlements,329.3,17123.600000000002
2016,AUG,Queensland,Males,Part-time,Without leave entitlements,300,15600
2017,AUG,Queensland,Males,Part-time,Without leave entitlements,350,18200
2018,AUG,Queensland,Males,Part-time,Without leave entitlements,400,20800
2019,AUG,Queensland,Males,Part-time,Without leave entitlements,392,20384
2020,AUG,Queensland,Males,Part-time,Without leave entitlements,400,20800
2021,AUG,Queensland,Males,Part-time,Without leave entitlements,402.4,20924.8
2022,AUG,Queensland,Males,Part-time,Without leave entitlements,400,20800
2023,AUG,Queensland,Males,Part-time,Without leave entitlements,459.8,23909.600000000002
2024,AUG,Queensland,Males,Part-time,Without leave entitlements,452,23504
2014,AUG,Queensland,Males,Total,Total,1150,59800
2015,AUG,Queensland,Males,Total,Total,1150,59800
2016,AUG,Queensland,Males,Total,Total,1150,59800
2017,AUG,Queensland,Males,Total,Total,1200,62400
2018,AUG,Queensland,Males,Total,Total,1250,65000
2019,AUG,Queensland,Males,Total,Total,1250,65000
2020,AUG,Queensland,Males,Total,Total,1232,64064
2021,AUG,Queensland,Males,Total,Total,1300,67600
2022,AUG,Queensland,Males,Total,Total,1399,72748
2023,AUG,Queensland,Males,Total,Total,1500,78000
2024,AUG,Queensland,Males,Total,Total,1517.1,78889.2
2014,AUG,Queensland,Males,Total,With leave entitlements,1300,67600
2015,AUG,Queensland,Males,Total,With leave entitlements,1250,65000
2016,AUG,Queensland,Males,Total,With leave entitlements,1281,66612
2017,AUG,Queensland,Males,Total,With leave entitlements,1350,70200
2018,AUG,Queensland,Males,Total,With leave entitlements,1400,72800
2019,AUG,Queensland,Males,Total,With leave entitlements,1400,72800
2020,AUG,Queensland,Males,Total,With leave entitlements,1430,74360
2021,AUG,Queensland,Males,Total,With leave entitlements,1500,78000
2022,AUG,Queensland,Males,Total,With leave entitlements,1574.3,81863.59999999999
2023,AUG,Queensland,Males,Total,With leave entitlements,1651.3,85867.59999999999
2024,AUG,Queensland,Males,Total,With leave entitlements,1710,88920
2014,AUG,Queensland,Males,Total,Without leave entitlements,677,35204
2015,AUG,Queensland,Males,Total,Without leave entitlements,700,36400
2016,AUG,Queensland,Males,Total,Without leave entitlements,744.9,38734.799999999996
2017,AUG,Queensland,Males,Total,Without leave entitlements,750,39000
2018,AUG,Queensland,Males,Total,Without leave entitlements,758.5,39442
2019,AUG,Queensland,Males,Total,Without leave entitlements,750,39000
2020,AUG,Queensland,Males,Total,Without leave entitlements,750,39000
2021,AUG,Queensland,Males,Total,Without leave entitlements,741.4,38552.799999999996
2022,AUG,Queensland,Males,Total,Without leave entitlements,817.7,42520.4
2023,AUG,Queensland,Males,Total,Without leave entitlements,840.3,43695.6
2024,AUG,Queensland,Males,Total,Without leave entitlements,850,44200
2014,AUG,Queensland,Persons,Full-time,Total,1189,61828
2015,AUG,Queensland,Persons,Full-time,Total,1200,62400
2016,AUG,Queensland,Persons,Full-time,Total,1200,62400
2017,AUG,Queensland,Persons,Full-time,Total,1250,65000
2018,AUG,Queensland,Persons,Full-time,Total,1300,67600
2019,AUG,Queensland,Persons,Full-time,Total,1300,67600
2020,AUG,Queensland,Persons,Full-time,Total,1353.3,70371.59999999999
2021,AUG,Queensland,Persons,Full-time,Total,1400,72800
2022,AUG,Queensland,Persons,Full-time,Total,1500,78000
2023,AUG,Queensland,Persons,Full-time,Total,1546.7,80428.40000000001
2024,AUG,Queensland,Persons,Full-time,Total,1657,86164
2014,AUG,Queensland,Persons,Full-time,With leave entitlements,1200,62400
2015,AUG,Queensland,Persons,Full-time,With leave entitlements,1200,62400
2016,AUG,Queensland,Persons,Full-time,With leave entitlements,1221.1,63497.2
2017,AUG,Queensland,Persons,Full-time,With leave entitlements,1300,67600
2018,AUG,Queensland,Persons,Full-time,With leave entitlements,1349,70148
2019,AUG,Queensland,Persons,Full-time,With leave entitlements,1342,69784
2020,AUG,Queensland,Persons,Full-time,With leave entitlements,1401,72852
2021,AUG,Queensland,Persons,Full-time,With leave entitlements,1451.3,75467.59999999999
2022,AUG,Queensland,Persons,Full-time,With leave entitlements,1534,79768
2023,AUG,Queensland,Persons,Full-time,With leave entitlements,1584,82368
2024,AUG,Queensland,Persons,Full-time,With leave entitlements,1700,88400
2014,AUG,Queensland,Persons,Full-time,Without leave entitlements,962.7,50060.4
2015,AUG,Queensland,Persons,Full-time,Without leave entitlements,1000,52000
2016,AUG,Queensland,Persons,Full-time,Without leave entitlements,1001.8,52093.6
2017,AUG,Queensland,Persons,Full-time,Without leave entitlements,1000,52000
2018,AUG,Queensland,Persons,Full-time,Without leave entitlements,1113.6,57907.2
2019,AUG,Queensland,Persons,Full-time,Without leave entitlements,1135.4,59040.8
2020,AUG,Queensland,Persons,Full-time,Without leave entitlements,1048.8,54537.6
2021,AUG,Queensland,Persons,Full-time,Without leave entitlements,1086.7,56508.4
2022,AUG,Queensland,Persons,Full-time,Without leave entitlements,1157.5,60190
2023,AUG,Queensland,Persons,Full-time,Without leave entitlements,1300,67600
2024,AUG,Queensland,Persons,Full-time,Without leave entitlements,1390.8,72321.59999999999
2014,AUG,Queensland,Persons,Part-time,Total,475,24700
2015,AUG,Queensland,Persons,Part-time,Total,500,26000
2016,AUG,Queensland,Persons,Part-time,Total,495,25740
2017,AUG,Queensland,Persons,Part-time,Total,520,27040
2018,AUG,Queensland,Persons,Part-time,Total,500,26000
2019,AUG,Queensland,Persons,Part-time,Total,552.6,28735.2
2020,AUG,Queensland,Persons,Part-time,Total,664.2,34538.4
2021,AUG,Queensland,Persons,Part-time,Total,600,31200
2022,AUG,Queensland,Persons,Part-time,Total,623,32396
2023,AUG,Queensland,Persons,Part-time,Total,683.1,35521.200000000004
2024,AUG,Queensland,Persons,Part-time,Total,688.5,35802
2014,AUG,Queensland,Persons,Part-time,With leave entitlements,650,33800
2015,AUG,Queensland,Persons,Part-time,With leave entitlements,683.9,35562.799999999996
2016,AUG,Queensland,Persons,Part-time,With leave entitlements,697.6,36275.200000000004
2017,AUG,Queensland,Persons,Part-time,With leave entitlements,693.9,36082.799999999996
2018,AUG,Queensland,Persons,Part-time,With leave entitlements,700,36400
2019,AUG,Queensland,Persons,Part-time,With leave entitlements,720,37440
2020,AUG,Queensland,Persons,Part-time,With leave entitlements,789.1,41033.200000000004
2021,AUG,Queensland,Persons,Part-time,With leave entitlements,750,39000
2022,AUG,Queensland,Persons,Part-time,With leave entitlements,800,41600
2023,AUG,Queensland,Persons,Part-time,With leave entitlements,900,46800
2024,AUG,Queensland,Persons,Part-time,With leave entitlements,865,44980
2014,AUG,Queensland,Persons,Part-time,Without leave entitlements,310.8,16161.6
2015,AUG,Queensland,Persons,Part-time,Without leave entitlements,350,18200
2016,AUG,Queensland,Persons,Part-time,Without leave entitlements,360,18720
2017,AUG,Queensland,Persons,Part-time,Without leave entitlements,380,19760
2018,AUG,Queensland,Persons,Part-time,Without leave entitlements,378.8,19697.600000000002
2019,AUG,Queensland,Persons,Part-time,Without leave entitlements,400,20800
2020,AUG,Queensland,Persons,Part-time,Without leave entitlements,429.6,22339.2
2021,AUG,Queensland,Persons,Part-time,Without leave entitlements,448.2,23306.399999999998
2022,AUG,Queensland,Persons,Part-time,Without leave entitlements,408.3,21231.600000000002
2023,AUG,Queensland,Persons,Part-time,Without leave entitlements,500,26000
2024,AUG,Queensland,Persons,Part-time,Without leave entitlements,500,26000
2014,AUG,Queensland,Persons,Total,Total,980,50960
2015,AUG,Queensland,Persons,Total,Total,1000,52000
2016,AUG,Queensland,Persons,Total,Total,1000,52000
2017,AUG,Queensland,Persons,Total,Total,1000,52000
2018,AUG,Queensland,Persons,Total,Total,1050,54600
2019,AUG,Queensland,Persons,Total,Total,1057,54964
2020,AUG,Queensland,Persons,Total,Total,1100,57200
2021,AUG,Queensland,Persons,Total,Total,1125,58500
2022,AUG,Queensland,Persons,Total,Total,1215.2,63190.4
2023,AUG,Queensland,Persons,Total,Total,1300,67600
2024,AUG,Queensland,Persons,Total,Total,1350,70200
2014,AUG,Queensland,Persons,Total,With leave entitlements,1100,57200
2015,AUG,Queensland,Persons,Total,With leave entitlements,1127,58604
2016,AUG,Queensland,Persons,Total,With leave entitlements,1120,58240
2017,AUG,Queensland,Persons,Total,With leave entitlements,1184.5,61594
2018,AUG,Queensland,Persons,Total,With leave entitlements,1231.1,64017.2
2019,AUG,Queensland,Persons,Total,With leave entitlements,1200,62400
2020,AUG,Queensland,Persons,Total,With leave entitlements,1250,65000
2021,AUG,Queensland,Persons,Total,With leave entitlements,1291.4,67152.8
2022,AUG,Queensland,Persons,Total,With leave entitlements,1401.2,72862.40000000001
2023,AUG,Queensland,Persons,Total,With leave entitlements,1490.4,77500.8
2024,AUG,Queensland,Persons,Total,With leave entitlements,1518,78936
2014,AUG,Queensland,Persons,Total,Without leave entitlements,500,26000
2015,AUG,Queensland,Persons,Total,Without leave entitlements,527,27404
2016,AUG,Queensland,Persons,Total,Without leave entitlements,550,28600
2017,AUG,Queensland,Persons,Total,Without leave entitlements,560,29120
2018,AUG,Queensland,Persons,Total,Without leave entitlements,526.3,27367.6
2019,AUG,Queensland,Persons,Total,Without leave entitlements,597.6,31075.2
2020,AUG,Queensland,Persons,Total,Without leave entitlements,650,33800
2021,AUG,Queensland,Persons,Total,Without leave entitlements,625,32500
2022,AUG,Queensland,Persons,Total,Without leave entitlements,692.8,36025.6
2023,AUG,Queensland,Persons,Total,Without leave entitlements,697,36244
2024,AUG,Queensland,Persons,Total,Without leave entitlements,720,37440
2014,AUG,South Australia,Females,Full-time,Total,1052.7,54740.4
2015,AUG,South Australia,Females,Full-time,Total,1115.7,58016.4
2016,AUG,South Australia,Females,Full-time,Total,1100,57200
2017,AUG,South Australia,Females,Full-time,Total,1100,57200
2018,AUG,South Australia,Females,Full-time,Total,1169,60788
2019,AUG,South Australia,Females,Full-time,Total,1152.5,59930
2020,AUG,South Australia,Females,Full-time,Total,1216,63232
2021,AUG,South Australia,Females,Full-time,Total,1289.9,67074.8
2022,AUG,South Australia,Females,Full-time,Total,1330.8,69201.59999999999
2023,AUG,South Australia,Females,Full-time,Total,1426.7,74188.40000000001
2024,AUG,South Australia,Females,Full-time,Total,1499,77948
2014,AUG,South Australia,Females,Full-time,With leave entitlements,1065.1,55385.2
2015,AUG,South Australia,Females,Full-time,With leave entitlements,1149.7,59784.4
2016,AUG,South Australia,Females,Full-time,With leave entitlements,1150,59800
2017,AUG,South Australia,Females,Full-time,With leave entitlements,1150,59800
2018,AUG,South Australia,Females,Full-time,With leave entitlements,1200,62400
2019,AUG,South Australia,Females,Full-time,With leave entitlements,1191.4,61952.8
2020,AUG,South Australia,Females,Full-time,With leave entitlements,1250,65000
2021,AUG,South Australia,Females,Full-time,With leave entitlements,1325.2,68910.40000000001
2022,AUG,South Australia,Females,Full-time,With leave entitlements,1400,72800
2023,AUG,South Australia,Females,Full-time,With leave entitlements,1493.7,77672.40000000001
2024,AUG,South Australia,Females,Full-time,With leave entitlements,1500,78000
2014,AUG,South Australia,Females,Full-time,Without leave entitlements,900,46800
2015,AUG,South Australia,Females,Full-time,Without leave entitlements,958.9,49862.799999999996
2016,AUG,South Australia,Females,Full-time,Without leave entitlements,809.4,42088.799999999996
2017,AUG,South Australia,Females,Full-time,Without leave entitlements,806.5,41938
2018,AUG,South Australia,Females,Full-time,Without leave entitlements,1000,52000
2019,AUG,South Australia,Females,Full-time,Without leave entitlements,1019.2,52998.4
2020,AUG,South Australia,Females,Full-time,Without leave entitlements,958.3,49831.6
2021,AUG,South Australia,Females,Full-time,Without leave entitlements,1063.5,55302
2022,AUG,South Australia,Females,Full-time,Without leave entitlements,1150.5,59826
2023,AUG,South Australia,Females,Full-time,Without leave entitlements,1202.7,62540.4
2024,AUG,South Australia,Females,Full-time,Without leave entitlements,1335.6,69451.2
2014,AUG,South Australia,Females,Part-time,Total,489.7,25464.399999999998
2015,AUG,South Australia,Females,Part-time,Total,536.2,27882.4
2016,AUG,South Australia,Females,Part-time,Total,509.7,26504.399999999998
2017,AUG,South Australia,Females,Part-time,Total,547.9,28490.8
2018,AUG,South Australia,Females,Part-time,Total,560,29120
2019,AUG,South Australia,Females,Part-time,Total,560,29120
2020,AUG,South Australia,Females,Part-time,Total,700,36400
2021,AUG,South Australia,Females,Part-time,Total,614.4,31948.8
2022,AUG,South Australia,Females,Part-time,Total,663.1,34481.200000000004
2023,AUG,South Australia,Females,Part-time,Total,700,36400
2024,AUG,South Australia,Females,Part-time,Total,713.5,37102
2014,AUG,South Australia,Females,Part-time,With leave entitlements,592.1,30789.2
2015,AUG,South Australia,Females,Part-time,With leave entitlements,650,33800
2016,AUG,South Australia,Females,Part-time,With leave entitlements,650,33800
2017,AUG,South Australia,Females,Part-time,With leave entitlements,711.4,36992.799999999996
2018,AUG,South Australia,Females,Part-time,With leave entitlements,700,36400
2019,AUG,South Australia,Females,Part-time,With leave entitlements,718.4,37356.799999999996
2020,AUG,South Australia,Females,Part-time,With leave entitlements,750,39000
2021,AUG,South Australia,Females,Part-time,With leave entitlements,800,41600
2022,AUG,South Australia,Females,Part-time,With leave entitlements,856.9,44558.799999999996
2023,AUG,South Australia,Females,Part-time,With leave entitlements,854,44408
2024,AUG,South Australia,Females,Part-time,With leave entitlements,850,44200
2014,AUG,South Australia,Females,Part-time,Without leave entitlements,300,15600
2015,AUG,South Australia,Females,Part-time,Without leave entitlements,382.4,19884.8
2016,AUG,South Australia,Females,Part-time,Without leave entitlements,355.9,18506.8
2017,AUG,South Australia,Females,Part-time,Without leave entitlements,372.3,19359.600000000002
2018,AUG,South Australia,Females,Part-time,Without leave entitlements,400,20800
2019,AUG,South Australia,Females,Part-time,Without leave entitlements,372.3,19359.600000000002
2020,AUG,South Australia,Females,Part-time,Without leave entitlements,500,26000
2021,AUG,South Australia,Females,Part-time,Without leave entitlements,400,20800
2022,AUG,South Australia,Females,Part-time,Without leave entitlements,409,21268
2023,AUG,South Australia,Females,Part-time,Without leave entitlements,480,24960
2024,AUG,South Australia,Females,Part-time,Without leave entitlements,455,23660
2014,AUG,South Australia,Females,Total,Total,767,39884
2015,AUG,South Australia,Females,Total,Total,810,42120
2016,AUG,South Australia,Females,Total,Total,787.4,40944.799999999996
2017,AUG,South Australia,Females,Total,Total,834.7,43404.4
2018,AUG,South Australia,Females,Total,Total,852.5,44330
2019,AUG,South Australia,Females,Total,Total,900,46800
2020,AUG,South Australia,Females,Total,Total,917.5,47710
2021,AUG,South Australia,Females,Total,Total,950,49400
2022,AUG,South Australia,Females,Total,Total,1000,52000
2023,AUG,South Australia,Females,Total,Total,1064,55328
2024,AUG,South Australia,Females,Total,Total,1100,57200
2014,AUG,South Australia,Females,Total,With leave entitlements,920,47840
2015,AUG,South Australia,Females,Total,With leave entitlements,950,49400
2016,AUG,South Australia,Females,Total,With leave entitlements,975.6,50731.200000000004
2017,AUG,South Australia,Females,Total,With leave entitlements,996.6,51823.200000000004
2018,AUG,South Australia,Females,Total,With leave entitlements,1000,52000
2019,AUG,South Australia,Females,Total,With leave entitlements,1019,52988
2020,AUG,South Australia,Females,Total,With leave entitlements,1068.8,55577.6
2021,AUG,South Australia,Females,Total,With leave entitlements,1100,57200
2022,AUG,South Australia,Females,Total,With leave entitlements,1150,59800
2023,AUG,South Australia,Females,Total,With leave entitlements,1250,65000
2024,AUG,South Australia,Females,Total,With leave entitlements,1250,65000
2014,AUG,South Australia,Females,Total,Without leave entitlements,391,20332
2015,AUG,South Australia,Females,Total,Without leave entitlements,440,22880
2016,AUG,South Australia,Females,Total,Without leave entitlements,411.1,21377.2
2017,AUG,South Australia,Females,Total,Without leave entitlements,420,21840
2018,AUG,South Australia,Females,Total,Without leave entitlements,454.3,23623.600000000002
2019,AUG,South Australia,Females,Total,Without leave entitlements,450,23400
2020,AUG,South Australia,Females,Total,Without leave entitlements,600,31200
2021,AUG,South Australia,Females,Total,Without leave entitlements,500,26000
2022,AUG,South Australia,Females,Total,Without leave entitlements,500,26000
2023,AUG,South Australia,Females,Total,Without leave entitlements,600,31200
2024,AUG,South Australia,Females,Total,Without leave entitlements,599.9,31194.8
2014,AUG,South Australia,Males,Full-time,Total,1195.8,62181.6
2015,AUG,South Australia,Males,Full-time,Total,1200,62400
2016,AUG,South Australia,Males,Full-time,Total,1250,65000
2017,AUG,South Australia,Males,Full-time,Total,1210,62920
2018,AUG,South Australia,Males,Full-time,Total,1270.3,66055.59999999999
2019,AUG,South Australia,Males,Full-time,Total,1342,69784
2020,AUG,South Australia,Males,Full-time,Total,1343.9,69882.8
2021,AUG,South Australia,Males,Full-time,Total,1438,74776
2022,AUG,South Australia,Males,Full-time,Total,1420,73840
2023,AUG,South Australia,Males,Full-time,Total,1516.1,78837.2
2024,AUG,South Australia,Males,Full-time,Total,1585.2,82430.40000000001
2014,AUG,South Australia,Males,Full-time,With leave entitlements,1200,62400
2015,AUG,South Australia,Males,Full-time,With leave entitlements,1250,65000
2016,AUG,South Australia,Males,Full-time,With leave entitlements,1297.8,67485.59999999999
2017,AUG,South Australia,Males,Full-time,With leave entitlements,1260.9,65566.8
2018,AUG,South Australia,Males,Full-time,With leave entitlements,1305.9,67906.8
2019,AUG,South Australia,Males,Full-time,With leave entitlements,1380,71760
2020,AUG,South Australia,Males,Full-time,With leave entitlements,1400,72800
2021,AUG,South Australia,Males,Full-time,With leave entitlements,1500,78000
2022,AUG,South Australia,Males,Full-time,With leave entitlements,1450,75400
2023,AUG,South Australia,Males,Full-time,With leave entitlements,1610,83720
2024,AUG,South Australia,Males,Full-time,With leave entitlements,1600,83200
2014,AUG,South Australia,Males,Full-time,Without leave entitlements,900,46800
2015,AUG,South Australia,Males,Full-time,Without leave entitlements,1000,52000
2016,AUG,South Australia,Males,Full-time,Without leave entitlements,1024.4,53268.8
2017,AUG,South Australia,Males,Full-time,Without leave entitlements,950,49400
2018,AUG,South Australia,Males,Full-time,Without leave entitlements,1078.1,56061.2
2019,AUG,South Australia,Males,Full-time,Without leave entitlements,1092.7,56820.4
2020,AUG,South Australia,Males,Full-time,Without leave entitlements,1047.4,54464.8
2021,AUG,South Australia,Males,Full-time,Without leave entitlements,1032.8,53705.6
2022,AUG,South Australia,Males,Full-time,Without leave entitlements,1200,62400
2023,AUG,South Australia,Males,Full-time,Without leave entitlements,1100,57200
2024,AUG,South Australia,Males,Full-time,Without leave entitlements,1404.4,73028.8
2014,AUG,South Australia,Males,Part-time,Total,446.7,23228.399999999998
2015,AUG,South Australia,Males,Part-time,Total,466,24232
2016,AUG,South Australia,Males,Part-time,Total,420,21840
2017,AUG,South Australia,Males,Part-time,Total,460,23920
2018,AUG,South Australia,Males,Part-time,Total,499,25948
2019,AUG,South Australia,Males,Part-time,Total,437.3,22739.600000000002
2020,AUG,South Australia,Males,Part-time,Total,586,30472
2021,AUG,South Australia,Males,Part-time,Total,529.3,27523.6
2022,AUG,South Australia,Males,Part-time,Total,504,26208
2023,AUG,South Australia,Males,Part-time,Total,608.5,31642
2024,AUG,South Australia,Males,Part-time,Total,650,33800
2014,AUG,South Australia,Males,Part-time,With leave entitlements,600,31200
2015,AUG,South Australia,Males,Part-time,With leave entitlements,648.4,33716.799999999996
2016,AUG,South Australia,Males,Part-time,With leave entitlements,541.7,28168.4
2017,AUG,South Australia,Males,Part-time,With leave entitlements,628.7,32692.4
2018,AUG,South Australia,Males,Part-time,With leave entitlements,743.5,38662
2019,AUG,South Australia,Males,Part-time,With leave entitlements,686.3,35687.6
2020,AUG,South Australia,Males,Part-time,With leave entitlements,738.6,38407.200000000004
2021,AUG,South Australia,Males,Part-time,With leave entitlements,703.7,36592.4
2022,AUG,South Australia,Males,Part-time,With leave entitlements,724.1,37653.200000000004
2023,AUG,South Australia,Males,Part-time,With leave entitlements,903.8,46997.6
2024,AUG,South Australia,Males,Part-time,With leave entitlements,809.2,42078.4
2014,AUG,South Australia,Males,Part-time,Without leave entitlements,360,18720
2015,AUG,South Australia,Males,Part-time,Without leave entitlements,400,20800
2016,AUG,South Australia,Males,Part-time,Without leave entitlements,400,20800
2017,AUG,South Australia,Males,Part-time,Without leave entitlements,368.3,19151.600000000002
2018,AUG,South Australia,Males,Part-time,Without leave entitlements,349.9,18194.8
2019,AUG,South Australia,Males,Part-time,Without leave entitlements,327.2,17014.399999999998
2020,AUG,South Australia,Males,Part-time,Without leave entitlements,500,26000
2021,AUG,South Australia,Males,Part-time,Without leave entitlements,400,20800
2022,AUG,South Australia,Males,Part-time,Without leave entitlements,400,20800
2023,AUG,South Australia,Males,Part-time,Without leave entitlements,466.4,24252.8
2024,AUG,South Australia,Males,Part-time,Without leave entitlements,544.2,28298.4
2014,AUG,South Australia,Males,Total,Total,1087.1,56529.2
2015,AUG,South Australia,Males,Total,Total,1100,57200
2016,AUG,South Australia,Males,Total,Total,1100,57200
2017,AUG,South Australia,Males,Total,Total,1097,57044
2018,AUG,South Australia,Males,Total,Total,1150,59800
2019,AUG,South Australia,Males,Total,Total,1200,62400
2020,AUG,South Australia,Males,Total,Total,1200,62400
2021,AUG,South Australia,Males,Total,Total,1250,65000
2022,AUG,South Australia,Males,Total,Total,1276.6,66383.2
2023,AUG,South Australia,Males,Total,Total,1382,71864
2024,AUG,South Australia,Males,Total,Total,1400,72800
2014,AUG,South Australia,Males,Total,With leave entitlements,1200,62400
2015,AUG,South Australia,Males,Total,With leave entitlements,1200,62400
2016,AUG,South Australia,Males,Total,With leave entitlements,1246.3,64807.6
2017,AUG,South Australia,Males,Total,With leave entitlements,1212.5,63050
2018,AUG,South Australia,Males,Total,With leave entitlements,1250,65000
2019,AUG,South Australia,Males,Total,With leave entitlements,1310,68120
2020,AUG,South Australia,Males,Total,With leave entitlements,1350.2,70210.40000000001
2021,AUG,South Australia,Males,Total,With leave entitlements,1423.9,74042.8
2022,AUG,South Australia,Males,Total,With leave entitlements,1400.7,72836.40000000001
2023,AUG,South Australia,Males,Total,With leave entitlements,1533.2,79726.40000000001
2024,AUG,South Australia,Males,Total,With leave entitlements,1502.6,78135.2
2014,AUG,South Australia,Males,Total,Without leave entitlements,659.4,34288.799999999996
2015,AUG,South Australia,Males,Total,Without leave entitlements,640,33280
2016,AUG,South Australia,Males,Total,Without leave entitlements,634,32968
2017,AUG,South Australia,Males,Total,Without leave entitlements,700,36400
2018,AUG,South Australia,Males,Total,Without leave entitlements,750,39000
2019,AUG,South Australia,Males,Total,Without leave entitlements,662.9,34470.799999999996
2020,AUG,South Australia,Males,Total,Without leave entitlements,750,39000
2021,AUG,South Australia,Males,Total,Without leave entitlements,672.5,34970
2022,AUG,South Australia,Males,Total,Without leave entitlements,801.2,41662.4
2023,AUG,South Australia,Males,Total,Without leave entitlements,788.3,40991.6
2024,AUG,South Australia,Males,Total,Without leave entitlements,900,46800
2014,AUG,South Australia,Persons,Full-time,Total,1140,59280
2015,AUG,South Australia,Persons,Full-time,Total,1175,61100
2016,AUG,South Australia,Persons,Full-time,Total,1200,62400
2017,AUG,South Australia,Persons,Full-time,Total,1189,61828
2018,AUG,South Australia,Persons,Full-time,Total,1244.5,64714
2019,AUG,South Australia,Persons,Full-time,Total,1252,65104
2020,AUG,South Australia,Persons,Full-time,Total,1289,67028
2021,AUG,South Australia,Persons,Full-time,Total,1386,72072
2022,AUG,South Australia,Persons,Full-time,Total,1400,72800
2023,AUG,South Australia,Persons,Full-time,Total,1500,78000
2024,AUG,South Australia,Persons,Full-time,Total,1520,79040
2014,AUG,South Australia,Persons,Full-time,With leave entitlements,1172,60944
2015,AUG,South Australia,Persons,Full-time,With leave entitlements,1200,62400
2016,AUG,South Australia,Persons,Full-time,With leave entitlements,1233.3,64131.6
2017,AUG,South Australia,Persons,Full-time,With leave entitlements,1206.2,62722.4
2018,AUG,South Australia,Persons,Full-time,With leave entitlements,1270.1,66045.2
2019,AUG,South Australia,Persons,Full-time,With leave entitlements,1300,67600
2020,AUG,South Australia,Persons,Full-time,With leave entitlements,1346,69992
2021,AUG,South Australia,Persons,Full-time,With leave entitlements,1424.7,74084.40000000001
2022,AUG,South Australia,Persons,Full-time,With leave entitlements,1440.8,74921.59999999999
2023,AUG,South Australia,Persons,Full-time,With leave entitlements,1538,79976
2024,AUG,South Australia,Persons,Full-time,With leave entitlements,1545,80340
2014,AUG,South Australia,Persons,Full-time,Without leave entitlements,900,46800
2015,AUG,South Australia,Persons,Full-time,Without leave entitlements,979,50908
2016,AUG,South Australia,Persons,Full-time,Without leave entitlements,944.4,49108.799999999996
2017,AUG,South Australia,Persons,Full-time,Without leave entitlements,900,46800
2018,AUG,South Australia,Persons,Full-time,Without leave entitlements,1021,53092
2019,AUG,South Australia,Persons,Full-time,Without leave entitlements,1067.2,55494.4
2020,AUG,South Australia,Persons,Full-time,Without leave entitlements,1000.6,52031.200000000004
2021,AUG,South Australia,Persons,Full-time,Without leave entitlements,1048.9,54542.8
2022,AUG,South Australia,Persons,Full-time,Without leave entitlements,1172.6,60975.2
2023,AUG,South Australia,Persons,Full-time,Without leave entitlements,1148.2,59706.4
2024,AUG,South Australia,Persons,Full-time,Without leave entitlements,1400.8,72841.59999999999
2014,AUG,South Australia,Persons,Part-time,Total,475,24700
2015,AUG,South Australia,Persons,Part-time,Total,500,26000
2016,AUG,South Australia,Persons,Part-time,Total,500,26000
2017,AUG,South Australia,Persons,Part-time,Total,511.6,26603.2
2018,AUG,South Australia,Persons,Part-time,Total,550,28600
2019,AUG,South Australia,Persons,Part-time,Total,538.1,27981.2
2020,AUG,South Australia,Persons,Part-time,Total,655.5,34086
2021,AUG,South Australia,Persons,Part-time,Total,600,31200
2022,AUG,South Australia,Persons,Part-time,Total,620.8,32281.6
2023,AUG,South Australia,Persons,Part-time,Total,680.1,35365.200000000004
2024,AUG,South Australia,Persons,Part-time,Total,700,36400
2014,AUG,South Australia,Persons,Part-time,With leave entitlements,599,31148
2015,AUG,South Australia,Persons,Part-time,With leave entitlements,650,33800
2016,AUG,South Australia,Persons,Part-time,With leave entitlements,650,33800
2017,AUG,South Australia,Persons,Part-time,With leave entitlements,700,36400
2018,AUG,South Australia,Persons,Part-time,With leave entitlements,720,37440
2019,AUG,South Australia,Persons,Part-time,With leave entitlements,710,36920
2020,AUG,South Australia,Persons,Part-time,With leave entitlements,750,39000
2021,AUG,South Australia,Persons,Part-time,With leave entitlements,792,41184
2022,AUG,South Australia,Persons,Part-time,With leave entitlements,833,43316
2023,AUG,South Australia,Persons,Part-time,With leave entitlements,863.1,44881.200000000004
2024,AUG,South Australia,Persons,Part-time,With leave entitlements,850,44200
2014,AUG,South Australia,Persons,Part-time,Without leave entitlements,330.2,17170.399999999998
2015,AUG,South Australia,Persons,Part-time,Without leave entitlements,386,20072
2016,AUG,South Australia,Persons,Part-time,Without leave entitlements,373.9,19442.8
2017,AUG,South Australia,Persons,Part-time,Without leave entitlements,370.7,19276.399999999998
2018,AUG,South Australia,Persons,Part-time,Without leave entitlements,375,19500
2019,AUG,South Australia,Persons,Part-time,Without leave entitlements,358.6,18647.2
2020,AUG,South Australia,Persons,Part-time,Without leave entitlements,500,26000
2021,AUG,South Australia,Persons,Part-time,Without leave entitlements,400,20800
2022,AUG,South Australia,Persons,Part-time,Without leave entitlements,402.2,20914.399999999998
2023,AUG,South Australia,Persons,Part-time,Without leave entitlements,480,24960
2024,AUG,South Australia,Persons,Part-time,Without leave entitlements,500,26000
2014,AUG,South Australia,Persons,Total,Total,925,48100
2015,AUG,South Australia,Persons,Total,Total,952.2,49514.4
2016,AUG,South Australia,Persons,Total,Total,950,49400
2017,AUG,South Australia,Persons,Total,Total,973.2,50606.4
2018,AUG,South Australia,Persons,Total,Total,1000,52000
2019,AUG,South Australia,Persons,Total,Total,1013.9,52722.799999999996
2020,AUG,South Australia,Persons,Total,Total,1054,54808
2021,AUG,South Australia,Persons,Total,Total,1100,57200
2022,AUG,South Australia,Persons,Total,Total,1126.5,58578
2023,AUG,South Australia,Persons,Total,Total,1200,62400
2024,AUG,South Australia,Persons,Total,Total,1250,65000
2014,AUG,South Australia,Persons,Total,With leave entitlements,1050,54600
2015,AUG,South Australia,Persons,Total,With leave entitlements,1086,56472
2016,AUG,South Australia,Persons,Total,With leave entitlements,1100,57200
2017,AUG,South Australia,Persons,Total,With leave entitlements,1100,57200
2018,AUG,South Australia,Persons,Total,With leave entitlements,1148.6,59727.2
2019,AUG,South Australia,Persons,Total,With leave entitlements,1159.6,60299.2
2020,AUG,South Australia,Persons,Total,With leave entitlements,1200,62400
2021,AUG,South Australia,Persons,Total,With leave entitlements,1250,65000
2022,AUG,South Australia,Persons,Total,With leave entitlements,1269.5,66014
2023,AUG,South Australia,Persons,Total,With leave entitlements,1400,72800
2024,AUG,South Australia,Persons,Total,With leave entitlements,1399,72748
2014,AUG,South Australia,Persons,Total,Without leave entitlements,487.9,25370.8
2015,AUG,South Australia,Persons,Total,Without leave entitlements,500,26000
2016,AUG,South Australia,Persons,Total,Without leave entitlements,500,26000
2017,AUG,South Australia,Persons,Total,Without leave entitlements,500,26000
2018,AUG,South Australia,Persons,Total,Without leave entitlements,548,28496
2019,AUG,South Australia,Persons,Total,Without leave entitlements,500,26000
2020,AUG,South Australia,Persons,Total,Without leave entitlements,650,33800
2021,AUG,South Australia,Persons,Total,Without leave entitlements,550,28600
2022,AUG,South Australia,Persons,Total,Without leave entitlements,600,31200
2023,AUG,South Australia,Persons,Total,Without leave entitlements,684.5,35594
2024,AUG,South Australia,Persons,Total,Without leave entitlements,741.4,38552.799999999996
2014,AUG,Tasmania,Females,Full-time,Total,1000,52000
2015,AUG,Tasmania,Females,Full-time,Total,1055.9,54906.8
2016,AUG,Tasmania,Females,Full-time,Total,1068.3,55551.6
2017,AUG,Tasmania,Females,Full-time,Total,1100,57200
2018,AUG,Tasmania,Females,Full-time,Total,1150,59800
2019,AUG,Tasmania,Females,Full-time,Total,1204.3,62623.6
2020,AUG,Tasmania,Females,Full-time,Total,1221.7,63528.4
2021,AUG,Tasmania,Females,Full-time,Total,1282.4,66684.8
2022,AUG,Tasmania,Females,Full-time,Total,1303.7,67792.40000000001
2023,AUG,Tasmania,Females,Full-time,Total,1473,76596
2024,AUG,Tasmania,Females,Full-time,Total,1403.9,73002.8
2014,AUG,Tasmania,Females,Full-time,With leave entitlements,1000,52000
2015,AUG,Tasmania,Females,Full-time,With leave entitlements,1062,55224
2016,AUG,Tasmania,Females,Full-time,With leave entitlements,1086.1,56477.2
2017,AUG,Tasmania,Females,Full-time,With leave entitlements,1128.2,58666.4
2018,AUG,Tasmania,Females,Full-time,With leave entitlements,1158.6,60247.2
2019,AUG,Tasmania,Females,Full-time,With leave entitlements,1250,65000
2020,AUG,Tasmania,Females,Full-time,With leave entitlements,1285.5,66846
2021,AUG,Tasmania,Females,Full-time,With leave entitlements,1300,67600
2022,AUG,Tasmania,Females,Full-time,With leave entitlements,1342,69784
2023,AUG,Tasmania,Females,Full-time,With leave entitlements,1523.3,79211.59999999999
2024,AUG,Tasmania,Females,Full-time,With leave entitlements,1449.4,75368.8
2014,AUG,Tasmania,Females,Full-time,Without leave entitlements,798.6,41527.200000000004
2015,AUG,Tasmania,Females,Full-time,Without leave entitlements,961.3,49987.6
2016,AUG,Tasmania,Females,Full-time,Without leave entitlements,857.3,44579.6
2017,AUG,Tasmania,Females,Full-time,Without leave entitlements,828.3,43071.6
2018,AUG,Tasmania,Females,Full-time,Without leave entitlements,950,49400
2019,AUG,Tasmania,Females,Full-time,Without leave entitlements,858.6,44647.200000000004
2020,AUG,Tasmania,Females,Full-time,Without leave entitlements,956.3,49727.6
2021,AUG,Tasmania,Females,Full-time,Without leave entitlements,1100,57200
2022,AUG,Tasmania,Females,Full-time,Without leave entitlements,1096.7,57028.4
2023,AUG,Tasmania,Females,Full-time,Without leave entitlements,1200,62400
2024,AUG,Tasmania,Females,Full-time,Without leave entitlements,1147.1,59649.2
2014,AUG,Tasmania,Females,Part-time,Total,476.5,24778
2015,AUG,Tasmania,Females,Part-time,Total,499.5,25974
2016,AUG,Tasmania,Females,Part-time,Total,500,26000
2017,AUG,Tasmania,Females,Part-time,Total,545.3,28355.6
2018,AUG,Tasmania,Females,Part-time,Total,550,28600
2019,AUG,Tasmania,Females,Part-time,Total,560.8,29161.6
2020,AUG,Tasmania,Females,Part-time,Total,703.9,36602.799999999996
2021,AUG,Tasmania,Females,Part-time,Total,600,31200
2022,AUG,Tasmania,Females,Part-time,Total,626.1,32557.2
2023,AUG,Tasmania,Females,Part-time,Total,750,39000
2024,AUG,Tasmania,Females,Part-time,Total,743.6,38667.200000000004
2014,AUG,Tasmania,Females,Part-time,With leave entitlements,581.9,30258.8
2015,AUG,Tasmania,Females,Part-time,With leave entitlements,650,33800
2016,AUG,Tasmania,Females,Part-time,With leave entitlements,610,31720
2017,AUG,Tasmania,Females,Part-time,With leave entitlements,650,33800
2018,AUG,Tasmania,Females,Part-time,With leave entitlements,650,33800
2019,AUG,Tasmania,Females,Part-time,With leave entitlements,717.6,37315.200000000004
2020,AUG,Tasmania,Females,Part-time,With leave entitlements,802,41704
2021,AUG,Tasmania,Females,Part-time,With leave entitlements,764.2,39738.4
2022,AUG,Tasmania,Females,Part-time,With leave entitlements,750,39000
2023,AUG,Tasmania,Females,Part-time,With leave entitlements,900,46800
2024,AUG,Tasmania,Females,Part-time,With leave entitlements,899,46748
2014,AUG,Tasmania,Females,Part-time,Without leave entitlements,320.5,16666
2015,AUG,Tasmania,Females,Part-time,Without leave entitlements,283.5,14742
2016,AUG,Tasmania,Females,Part-time,Without leave entitlements,308,16016
2017,AUG,Tasmania,Females,Part-time,Without leave entitlements,318.9,16582.8
2018,AUG,Tasmania,Females,Part-time,Without leave entitlements,400,20800
2019,AUG,Tasmania,Females,Part-time,Without leave entitlements,400,20800
2020,AUG,Tasmania,Females,Part-time,Without leave entitlements,484,25168
2021,AUG,Tasmania,Females,Part-time,Without leave entitlements,398.2,20706.399999999998
2022,AUG,Tasmania,Females,Part-time,Without leave entitlements,450,23400
2023,AUG,Tasmania,Females,Part-time,Without leave entitlements,487.5,25350
2024,AUG,Tasmania,Females,Part-time,Without leave entitlements,409.6,21299.2
2014,AUG,Tasmania,Females,Total,Total,700,36400
2015,AUG,Tasmania,Females,Total,Total,767,39884
2016,AUG,Tasmania,Females,Total,Total,750,39000
2017,AUG,Tasmania,Females,Total,Total,750,39000
2018,AUG,Tasmania,Females,Total,Total,832,43264
2019,AUG,Tasmania,Females,Total,Total,876.3,45567.6
2020,AUG,Tasmania,Females,Total,Total,875,45500
2021,AUG,Tasmania,Females,Total,Total,914.5,47554
2022,AUG,Tasmania,Females,Total,Total,954,49608
2023,AUG,Tasmania,Females,Total,Total,1076,55952
2024,AUG,Tasmania,Females,Total,Total,1100,57200
2014,AUG,Tasmania,Females,Total,With leave entitlements,850,44200
2015,AUG,Tasmania,Females,Total,With leave entitlements,892.6,46415.200000000004
2016,AUG,Tasmania,Females,Total,With leave entitlements,887.9,46170.799999999996
2017,AUG,Tasmania,Females,Total,With leave entitlements,900,46800
2018,AUG,Tasmania,Females,Total,With leave entitlements,950,49400
2019,AUG,Tasmania,Females,Total,With leave entitlements,1050,54600
2020,AUG,Tasmania,Females,Total,With leave entitlements,1041.1,54137.2
2021,AUG,Tasmania,Females,Total,With leave entitlements,1046.3,54407.6
2022,AUG,Tasmania,Females,Total,With leave entitlements,1079.2,56118.4
2023,AUG,Tasmania,Females,Total,With leave entitlements,1219.7,63424.4
2024,AUG,Tasmania,Females,Total,With leave entitlements,1240,64480
2014,AUG,Tasmania,Females,Total,Without leave entitlements,371.5,19318
2015,AUG,Tasmania,Females,Total,Without leave entitlements,300,15600
2016,AUG,Tasmania,Females,Total,Without leave entitlements,350,18200
2017,AUG,Tasmania,Females,Total,Without leave entitlements,376.6,19583.2
2018,AUG,Tasmania,Females,Total,Without leave entitlements,449.4,23368.8
2019,AUG,Tasmania,Females,Total,Without leave entitlements,438.8,22817.600000000002
2020,AUG,Tasmania,Females,Total,Without leave entitlements,550,28600
2021,AUG,Tasmania,Females,Total,Without leave entitlements,500,26000
2022,AUG,Tasmania,Females,Total,Without leave entitlements,500,26000
2023,AUG,Tasmania,Females,Total,Without leave entitlements,552.2,28714.4
2024,AUG,Tasmania,Females,Total,Without leave entitlements,508,26416
2014,AUG,Tasmania,Males,Full-time,Total,1100,57200
2015,AUG,Tasmania,Males,Full-time,Total,1111.7,57808.4
2016,AUG,Tasmania,Males,Full-time,Total,1200,62400
2017,AUG,Tasmania,Males,Full-time,Total,1200,62400
2018,AUG,Tasmania,Males,Full-time,Total,1250,65000
2019,AUG,Tasmania,Males,Full-time,Total,1306.3,67927.59999999999
2020,AUG,Tasmania,Males,Full-time,Total,1350,70200
2021,AUG,Tasmania,Males,Full-time,Total,1299.2,67558.40000000001
2022,AUG,Tasmania,Males,Full-time,Total,1410.7,73356.40000000001
2023,AUG,Tasmania,Males,Full-time,Total,1500,78000
2024,AUG,Tasmania,Males,Full-time,Total,1500,78000
2014,AUG,Tasmania,Males,Full-time,With leave entitlements,1115.1,57985.2
2015,AUG,Tasmania,Males,Full-time,With leave entitlements,1192,61984
2016,AUG,Tasmania,Males,Full-time,With leave entitlements,1206.3,62727.6
2017,AUG,Tasmania,Males,Full-time,With leave entitlements,1275.3,66315.59999999999
2018,AUG,Tasmania,Males,Full-time,With leave entitlements,1250,65000
2019,AUG,Tasmania,Males,Full-time,With leave entitlements,1350,70200
2020,AUG,Tasmania,Males,Full-time,With leave entitlements,1400,72800
2021,AUG,Tasmania,Males,Full-time,With leave entitlements,1300,67600
2022,AUG,Tasmania,Males,Full-time,With leave entitlements,1469.7,76424.40000000001
2023,AUG,Tasmania,Males,Full-time,With leave entitlements,1530.4,79580.8
2024,AUG,Tasmania,Males,Full-time,With leave entitlements,1500,78000
2014,AUG,Tasmania,Males,Full-time,Without leave entitlements,1057.8,55005.6
2015,AUG,Tasmania,Males,Full-time,Without leave entitlements,897.5,46670
2016,AUG,Tasmania,Males,Full-time,Without leave entitlements,996.8,51833.6
2017,AUG,Tasmania,Males,Full-time,Without leave entitlements,1002.3,52119.6
2018,AUG,Tasmania,Males,Full-time,Without leave entitlements,1143.6,59467.2
2019,AUG,Tasmania,Males,Full-time,Without leave entitlements,1100,57200
2020,AUG,Tasmania,Males,Full-time,Without leave entitlements,1000,52000
2021,AUG,Tasmania,Males,Full-time,Without leave entitlements,1000,52000
2022,AUG,Tasmania,Males,Full-time,Without leave entitlements,1100,57200
2023,AUG,Tasmania,Males,Full-time,Without leave entitlements,1200,62400
2024,AUG,Tasmania,Males,Full-time,Without leave entitlements,1062.7,55260.4
2014,AUG,Tasmania,Males,Part-time,Total,412,21424
2015,AUG,Tasmania,Males,Part-time,Total,398,20696
2016,AUG,Tasmania,Males,Part-time,Total,452.8,23545.600000000002
2017,AUG,Tasmania,Males,Part-time,Total,433.6,22547.2
2018,AUG,Tasmania,Males,Part-time,Total,450,23400
2019,AUG,Tasmania,Males,Part-time,Total,500,26000
2020,AUG,Tasmania,Males,Part-time,Total,609.9,31714.8
2021,AUG,Tasmania,Males,Part-time,Total,529.8,27549.6
2022,AUG,Tasmania,Males,Part-time,Total,526.7,27388.4
2023,AUG,Tasmania,Males,Part-time,Total,597.2,31054.4
2024,AUG,Tasmania,Males,Part-time,Total,705.8,36701.6
2014,AUG,Tasmania,Males,Part-time,With leave entitlements,570.5,29666
2015,AUG,Tasmania,Males,Part-time,With leave entitlements,600.5,31226
2016,AUG,Tasmania,Males,Part-time,With leave entitlements,661.7,34408.4
2017,AUG,Tasmania,Males,Part-time,With leave entitlements,597.8,31085.6
2018,AUG,Tasmania,Males,Part-time,With leave entitlements,731,38012
2019,AUG,Tasmania,Males,Part-time,With leave entitlements,704,36608
2020,AUG,Tasmania,Males,Part-time,With leave entitlements,750,39000
2021,AUG,Tasmania,Males,Part-time,With leave entitlements,789.9,41074.799999999996
2022,AUG,Tasmania,Males,Part-time,With leave entitlements,788.7,41012.4
2023,AUG,Tasmania,Males,Part-time,With leave entitlements,812.5,42250
2024,AUG,Tasmania,Males,Part-time,With leave entitlements,826.1,42957.200000000004
2014,AUG,Tasmania,Males,Part-time,Without leave entitlements,301.8,15693.6
2015,AUG,Tasmania,Males,Part-time,Without leave entitlements,250,13000
2016,AUG,Tasmania,Males,Part-time,Without leave entitlements,358.2,18626.399999999998
2017,AUG,Tasmania,Males,Part-time,Without leave entitlements,231.9,12058.800000000001
2018,AUG,Tasmania,Males,Part-time,Without leave entitlements,325.1,16905.2
2019,AUG,Tasmania,Males,Part-time,Without leave entitlements,448.6,23327.2
2020,AUG,Tasmania,Males,Part-time,Without leave entitlements,478.1,24861.2
2021,AUG,Tasmania,Males,Part-time,Without leave entitlements,400,20800
2022,AUG,Tasmania,Males,Part-time,Without leave entitlements,350.8,18241.600000000002
2023,AUG,Tasmania,Males,Part-time,Without leave entitlements,400.6,20831.2
2024,AUG,Tasmania,Males,Part-time,Without leave entitlements,480,24960
2014,AUG,Tasmania,Males,Total,Total,1000,52000
2015,AUG,Tasmania,Males,Total,Total,1000,52000
2016,AUG,Tasmania,Males,Total,Total,1033.8,53757.6
2017,AUG,Tasmania,Males,Total,Total,1100.4,57220.8
2018,AUG,Tasmania,Males,Total,Total,1118.7,58172.4
2019,AUG,Tasmania,Males,Total,Total,1152,59904
2020,AUG,Tasmania,Males,Total,Total,1150,59800
2021,AUG,Tasmania,Males,Total,Total,1149.6,59779.2
2022,AUG,Tasmania,Males,Total,Total,1226.9,63798.8
2023,AUG,Tasmania,Males,Total,Total,1328.5,69082
2024,AUG,Tasmania,Males,Total,Total,1350,70200
2014,AUG,Tasmania,Males,Total,With leave entitlements,1081.8,56253.6
2015,AUG,Tasmania,Males,Total,With leave entitlements,1100,57200
2016,AUG,Tasmania,Males,Total,With leave entitlements,1200,62400
2017,AUG,Tasmania,Males,Total,With leave entitlements,1200,62400
2018,AUG,Tasmania,Males,Total,With leave entitlements,1231.6,64043.2
2019,AUG,Tasmania,Males,Total,With leave entitlements,1298.7,67532.40000000001
2020,AUG,Tasmania,Males,Total,With leave entitlements,1324.2,68858.40000000001
2021,AUG,Tasmania,Males,Total,With leave entitlements,1250,65000
2022,AUG,Tasmania,Males,Total,With leave entitlements,1350,70200
2023,AUG,Tasmania,Males,Total,With leave entitlements,1456.8,75753.59999999999
2024,AUG,Tasmania,Males,Total,With leave entitlements,1425,74100
2014,AUG,Tasmania,Males,Total,Without leave entitlements,533.9,27762.8
2015,AUG,Tasmania,Males,Total,Without leave entitlements,490.3,25495.600000000002
2016,AUG,Tasmania,Males,Total,Without leave entitlements,568.9,29582.8
2017,AUG,Tasmania,Males,Total,Without leave entitlements,633.7,32952.4
2018,AUG,Tasmania,Males,Total,Without leave entitlements,623.7,32432.4
2019,AUG,Tasmania,Males,Total,Without leave entitlements,607.2,31574.4
2020,AUG,Tasmania,Males,Total,Without leave entitlements,641.3,33347.6
2021,AUG,Tasmania,Males,Total,Without leave entitlements,600,31200
2022,AUG,Tasmania,Males,Total,Without leave entitlements,776.5,40378
2023,AUG,Tasmania,Males,Total,Without leave entitlements,685.4,35640.799999999996
2024,AUG,Tasmania,Males,Total,Without leave entitlements,677.6,35235.200000000004
2014,AUG,Tasmania,Persons,Full-time,Total,1057.4,54984.8
2015,AUG,Tasmania,Persons,Full-time,Total,1100,57200
2016,AUG,Tasmania,Persons,Full-time,Total,1150,59800
2017,AUG,Tasmania,Persons,Full-time,Total,1184.9,61614.8
2018,AUG,Tasmania,Persons,Full-time,Total,1203.9,62602.8
2019,AUG,Tasmania,Persons,Full-time,Total,1265.1,65785.2
2020,AUG,Tasmania,Persons,Full-time,Total,1300,67600
2021,AUG,Tasmania,Persons,Full-time,Total,1292.6,67215.2
2022,AUG,Tasmania,Persons,Full-time,Total,1355,70460
2023,AUG,Tasmania,Persons,Full-time,Total,1497.4,77864.8
2024,AUG,Tasmania,Persons,Full-time,Total,1480.1,76965.2
2014,AUG,Tasmania,Persons,Full-time,With leave entitlements,1079.2,56118.4
2015,AUG,Tasmania,Persons,Full-time,With leave entitlements,1127.3,58619.6
2016,AUG,Tasmania,Persons,Full-time,With leave entitlements,1200,62400
2017,AUG,Tasmania,Persons,Full-time,With leave entitlements,1200,62400
2018,AUG,Tasmania,Persons,Full-time,With leave entitlements,1229.8,63949.6
2019,AUG,Tasmania,Persons,Full-time,With leave entitlements,1300,67600
2020,AUG,Tasmania,Persons,Full-time,With leave entitlements,1361.5,70798
2021,AUG,Tasmania,Persons,Full-time,With leave entitlements,1300,67600
2022,AUG,Tasmania,Persons,Full-time,With leave entitlements,1400,72800
2023,AUG,Tasmania,Persons,Full-time,With leave entitlements,1523.7,79232.40000000001
2024,AUG,Tasmania,Persons,Full-time,With leave entitlements,1500,78000
2014,AUG,Tasmania,Persons,Full-time,Without leave entitlements,952.1,49509.200000000004
2015,AUG,Tasmania,Persons,Full-time,Without leave entitlements,910.3,47335.6
2016,AUG,Tasmania,Persons,Full-time,Without leave entitlements,948.9,49342.799999999996
2017,AUG,Tasmania,Persons,Full-time,Without leave entitlements,1000,52000
2018,AUG,Tasmania,Persons,Full-time,Without leave entitlements,1100,57200
2019,AUG,Tasmania,Persons,Full-time,Without leave entitlements,998.2,51906.4
2020,AUG,Tasmania,Persons,Full-time,Without leave entitlements,1000,52000
2021,AUG,Tasmania,Persons,Full-time,Without leave entitlements,1033.7,53752.4
2022,AUG,Tasmania,Persons,Full-time,Without leave entitlements,1100,57200
2023,AUG,Tasmania,Persons,Full-time,Without leave entitlements,1200,62400
2024,AUG,Tasmania,Persons,Full-time,Without leave entitlements,1100,57200
2014,AUG,Tasmania,Persons,Part-time,Total,460,23920
2015,AUG,Tasmania,Persons,Part-time,Total,460.7,23956.399999999998
2016,AUG,Tasmania,Persons,Part-time,Total,500,26000
2017,AUG,Tasmania,Persons,Part-time,Total,520.4,27060.8
2018,AUG,Tasmania,Persons,Part-time,Total,540,28080
2019,AUG,Tasmania,Persons,Part-time,Total,548.7,28532.4
2020,AUG,Tasmania,Persons,Part-time,Total,689.1,35833.200000000004
2021,AUG,Tasmania,Persons,Part-time,Total,597.9,31090.8
2022,AUG,Tasmania,Persons,Part-time,Total,600.9,31246.8
2023,AUG,Tasmania,Persons,Part-time,Total,695.8,36181.6
2024,AUG,Tasmania,Persons,Part-time,Total,725,37700
2014,AUG,Tasmania,Persons,Part-time,With leave entitlements,579.9,30154.8
2015,AUG,Tasmania,Persons,Part-time,With leave entitlements,640.4,33300.799999999996
2016,AUG,Tasmania,Persons,Part-time,With leave entitlements,614.9,31974.8
2017,AUG,Tasmania,Persons,Part-time,With leave entitlements,650,33800
2018,AUG,Tasmania,Persons,Part-time,With leave entitlements,652,33904
2019,AUG,Tasmania,Persons,Part-time,With leave entitlements,715.4,37200.799999999996
2020,AUG,Tasmania,Persons,Part-time,With leave entitlements,778.9,40502.799999999996
2021,AUG,Tasmania,Persons,Part-time,With leave entitlements,778.3,40471.6
2022,AUG,Tasmania,Persons,Part-time,With leave entitlements,760.1,39525.200000000004
2023,AUG,Tasmania,Persons,Part-time,With leave entitlements,879.5,45734
2024,AUG,Tasmania,Persons,Part-time,With leave entitlements,865,44980
2014,AUG,Tasmania,Persons,Part-time,Without leave entitlements,304.8,15849.6
2015,AUG,Tasmania,Persons,Part-time,Without leave entitlements,264.6,13759.2
2016,AUG,Tasmania,Persons,Part-time,Without leave entitlements,329.4,17128.8
2017,AUG,Tasmania,Persons,Part-time,Without leave entitlements,300,15600
2018,AUG,Tasmania,Persons,Part-time,Without leave entitlements,375,19500
2019,AUG,Tasmania,Persons,Part-time,Without leave entitlements,400,20800
2020,AUG,Tasmania,Persons,Part-time,Without leave entitlements,484,25168
2021,AUG,Tasmania,Persons,Part-time,Without leave entitlements,400,20800
2022,AUG,Tasmania,Persons,Part-time,Without leave entitlements,400,20800
2023,AUG,Tasmania,Persons,Part-time,Without leave entitlements,456,23712
2024,AUG,Tasmania,Persons,Part-time,Without leave entitlements,425.8,22141.600000000002
2014,AUG,Tasmania,Persons,Total,Total,862.8,44865.6
2015,AUG,Tasmania,Persons,Total,Total,880,45760
2016,AUG,Tasmania,Persons,Total,Total,900,46800
2017,AUG,Tasmania,Persons,Total,Total,950,49400
2018,AUG,Tasmania,Persons,Total,Total,974,50648
2019,AUG,Tasmania,Persons,Total,Total,1000,52000
2020,AUG,Tasmania,Persons,Total,Total,1000,52000
2021,AUG,Tasmania,Persons,Total,Total,1008.8,52457.6
2022,AUG,Tasmania,Persons,Total,Total,1085.9,56466.8
2023,AUG,Tasmania,Persons,Total,Total,1206.1,62717.2
2024,AUG,Tasmania,Persons,Total,Total,1208,62816
2014,AUG,Tasmania,Persons,Total,With leave entitlements,1000,52000
2015,AUG,Tasmania,Persons,Total,With leave entitlements,1000,52000
2016,AUG,Tasmania,Persons,Total,With leave entitlements,1005.1,52265.200000000004
2017,AUG,Tasmania,Persons,Total,With leave entitlements,1054,54808
2018,AUG,Tasmania,Persons,Total,With leave entitlements,1100,57200
2019,AUG,Tasmania,Persons,Total,With leave entitlements,1193.9,62082.8
2020,AUG,Tasmania,Persons,Total,With leave entitlements,1165.8,60621.6
2021,AUG,Tasmania,Persons,Total,With leave entitlements,1190,61880
2022,AUG,Tasmania,Persons,Total,With leave entitlements,1210.2,62930.4
2023,AUG,Tasmania,Persons,Total,With leave entitlements,1346.1,69997.2
2024,AUG,Tasmania,Persons,Total,With leave entitlements,1334.4,69388.8
2014,AUG,Tasmania,Persons,Total,Without leave entitlements,400,20800
2015,AUG,Tasmania,Persons,Total,Without leave entitlements,386.5,20098
2016,AUG,Tasmania,Persons,Total,Without leave entitlements,443.7,23072.399999999998
2017,AUG,Tasmania,Persons,Total,Without leave entitlements,450,23400
2018,AUG,Tasmania,Persons,Total,Without leave entitlements,495.5,25766
2019,AUG,Tasmania,Persons,Total,Without leave entitlements,500,26000
2020,AUG,Tasmania,Persons,Total,Without leave entitlements,592.6,30815.2
2021,AUG,Tasmania,Persons,Total,Without leave entitlements,509.5,26494
2022,AUG,Tasmania,Persons,Total,Without leave entitlements,565.9,29426.8
2023,AUG,Tasmania,Persons,Total,Without leave entitlements,600,31200
2024,AUG,Tasmania,Persons,Total,Without leave entitlements,549.8,28589.6
2014,AUG,Victoria,Females,Full-time,Total,1052,54704
2015,AUG,Victoria,Females,Full-time,Total,1100,57200
2016,AUG,Victoria,Females,Full-time,Total,1139.7,59264.4
2017,AUG,Victoria,Females,Full-time,Total,1175.3,61115.6
2018,AUG,Victoria,Females,Full-time,Total,1200,62400
2019,AUG,Victoria,Females,Full-time,Total,1250,65000
2020,AUG,Victoria,Females,Full-time,Total,1342,69784
2021,AUG,Victoria,Females,Full-time,Total,1380,71760
2022,AUG,Victoria,Females,Full-time,Total,1489.6,77459.2
2023,AUG,Victoria,Females,Full-time,Total,1500,78000
2024,AUG,Victoria,Females,Full-time,Total,1600,83200
2014,AUG,Victoria,Females,Full-time,With leave entitlements,1075,55900
2015,AUG,Victoria,Females,Full-time,With leave entitlements,1101.7,57288.4
2016,AUG,Victoria,Females,Full-time,With leave entitlements,1160.5,60346
2017,AUG,Victoria,Females,Full-time,With leave entitlements,1200,62400
2018,AUG,Victoria,Females,Full-time,With leave entitlements,1249.2,64958.4
2019,AUG,Victoria,Females,Full-time,With leave entitlements,1300,67600
2020,AUG,Victoria,Females,Full-time,With leave entitlements,1372.2,71354.40000000001
2021,AUG,Victoria,Females,Full-time,With leave entitlements,1408.8,73257.59999999999
2022,AUG,Victoria,Females,Full-time,With leave entitlements,1500,78000
2023,AUG,Victoria,Females,Full-time,With leave entitlements,1500,78000
2024,AUG,Victoria,Females,Full-time,With leave entitlements,1622.5,84370
2014,AUG,Victoria,Females,Full-time,Without leave entitlements,899.8,46789.6
2015,AUG,Victoria,Females,Full-time,Without leave entitlements,899.4,46768.799999999996
2016,AUG,Victoria,Females,Full-time,Without leave entitlements,841,43732
2017,AUG,Victoria,Females,Full-time,Without leave entitlements,900,46800
2018,AUG,Victoria,Females,Full-time,Without leave entitlements,922.8,47985.6
2019,AUG,Victoria,Females,Full-time,Without leave entitlements,942.6,49015.200000000004
2020,AUG,Victoria,Females,Full-time,Without leave entitlements,945.8,49181.6
2021,AUG,Victoria,Females,Full-time,Without leave entitlements,1050,54600
2022,AUG,Victoria,Females,Full-time,Without leave entitlements,1099.2,57158.4
2023,AUG,Victoria,Females,Full-time,Without leave entitlements,1143.9,59482.8
2024,AUG,Victoria,Females,Full-time,Without leave entitlements,1328,69056
2014,AUG,Victoria,Females,Part-time,Total,475,24700
2015,AUG,Victoria,Females,Part-time,Total,484,25168
2016,AUG,Victoria,Females,Part-time,Total,487.9,25370.8
2017,AUG,Victoria,Females,Part-time,Total,516.2,26842.4
2018,AUG,Victoria,Females,Part-time,Total,571.2,29702.4
2019,AUG,Victoria,Females,Part-time,Total,540.5,28106
2020,AUG,Victoria,Females,Part-time,Total,719.7,37424.4
2021,AUG,Victoria,Females,Part-time,Total,611,31772
2022,AUG,Victoria,Females,Part-time,Total,674,35048
2023,AUG,Victoria,Females,Part-time,Total,700,36400
2024,AUG,Victoria,Females,Part-time,Total,716.2,37242.4
2014,AUG,Victoria,Females,Part-time,With leave entitlements,600,31200
2015,AUG,Victoria,Females,Part-time,With leave entitlements,650,33800
2016,AUG,Victoria,Females,Part-time,With leave entitlements,635,33020
2017,AUG,Victoria,Females,Part-time,With leave entitlements,678.1,35261.200000000004
2018,AUG,Victoria,Females,Part-time,With leave entitlements,700,36400
2019,AUG,Victoria,Females,Part-time,With leave entitlements,700,36400
2020,AUG,Victoria,Females,Part-time,With leave entitlements,750,39000
2021,AUG,Victoria,Females,Part-time,With leave entitlements,750,39000
2022,AUG,Victoria,Females,Part-time,With leave entitlements,823,42796
2023,AUG,Victoria,Females,Part-time,With leave entitlements,879.4,45728.799999999996
2024,AUG,Victoria,Females,Part-time,With leave entitlements,904.1,47013.200000000004
2014,AUG,Victoria,Females,Part-time,Without leave entitlements,270,14040
2015,AUG,Victoria,Females,Part-time,Without leave entitlements,300,15600
2016,AUG,Victoria,Females,Part-time,Without leave entitlements,294.2,15298.4
2017,AUG,Victoria,Females,Part-time,Without leave entitlements,309.5,16094
2018,AUG,Victoria,Females,Part-time,Without leave entitlements,300,15600
2019,AUG,Victoria,Females,Part-time,Without leave entitlements,350,18200
2020,AUG,Victoria,Females,Part-time,Without leave entitlements,500,26000
2021,AUG,Victoria,Females,Part-time,Without leave entitlements,350,18200
2022,AUG,Victoria,Females,Part-time,Without leave entitlements,416.2,21642.399999999998
2023,AUG,Victoria,Females,Part-time,Without leave entitlements,435.3,22635.600000000002
2024,AUG,Victoria,Females,Part-time,Without leave entitlements,399,20748
2014,AUG,Victoria,Females,Total,Total,820,42640
2015,AUG,Victoria,Females,Total,Total,800,41600
2016,AUG,Victoria,Females,Total,Total,830.6,43191.200000000004
2017,AUG,Victoria,Females,Total,Total,897.5,46670
2018,AUG,Victoria,Females,Total,Total,900,46800
2019,AUG,Victoria,Females,Total,Total,920,47840
2020,AUG,Victoria,Females,Total,Total,1000,52000
2021,AUG,Victoria,Females,Total,Total,1000,52000
2022,AUG,Victoria,Females,Total,Total,1104,57408
2023,AUG,Victoria,Females,Total,Total,1150,59800
2024,AUG,Victoria,Females,Total,Total,1200,62400
2014,AUG,Victoria,Females,Total,With leave entitlements,929,48308
2015,AUG,Victoria,Females,Total,With leave entitlements,937.7,48760.4
2016,AUG,Victoria,Females,Total,With leave entitlements,990,51480
2017,AUG,Victoria,Females,Total,With leave entitlements,1000,52000
2018,AUG,Victoria,Females,Total,With leave entitlements,1035,53820
2019,AUG,Victoria,Females,Total,With leave entitlements,1100,57200
2020,AUG,Victoria,Females,Total,With leave entitlements,1127,58604
2021,AUG,Victoria,Females,Total,With leave entitlements,1150,59800
2022,AUG,Victoria,Females,Total,With leave entitlements,1265,65780
2023,AUG,Victoria,Females,Total,With leave entitlements,1300,67600
2024,AUG,Victoria,Females,Total,With leave entitlements,1368.4,71156.8
2014,AUG,Victoria,Females,Total,Without leave entitlements,324.1,16853.2
2015,AUG,Victoria,Females,Total,Without leave entitlements,350,18200
2016,AUG,Victoria,Females,Total,Without leave entitlements,350,18200
2017,AUG,Victoria,Females,Total,Without leave entitlements,400,20800
2018,AUG,Victoria,Females,Total,Without leave entitlements,405.6,21091.2
2019,AUG,Victoria,Females,Total,Without leave entitlements,420,21840
2020,AUG,Victoria,Females,Total,Without leave entitlements,587.3,30539.6
2021,AUG,Victoria,Females,Total,Without leave entitlements,413.4,21496.8
2022,AUG,Victoria,Females,Total,Without leave entitlements,539,28028
2023,AUG,Victoria,Females,Total,Without leave entitlements,500,26000
2024,AUG,Victoria,Females,Total,Without leave entitlements,450,23400
2014,AUG,Victoria,Males,Full-time,Total,1265,65780
2015,AUG,Victoria,Males,Full-time,Total,1250,65000
2016,AUG,Victoria,Males,Full-time,Total,1300,67600
2017,AUG,Victoria,Males,Full-time,Total,1327.1,69009.2
2018,AUG,Victoria,Males,Full-time,Total,1400,72800
2019,AUG,Victoria,Males,Full-time,Total,1423,73996
2020,AUG,Victoria,Males,Full-time,Total,1500,78000
2021,AUG,Victoria,Males,Full-time,Total,1500,78000
2022,AUG,Victoria,Males,Full-time,Total,1576.4,81972.8
2023,AUG,Victoria,Males,Full-time,Total,1699.9,88394.8
2024,AUG,Victoria,Males,Full-time,Total,1823.5,94822
2014,AUG,Victoria,Males,Full-time,With leave entitlements,1300,67600
2015,AUG,Victoria,Males,Full-time,With leave entitlements,1300,67600
2016,AUG,Victoria,Males,Full-time,With leave entitlements,1342,69784
2017,AUG,Victoria,Males,Full-time,With leave entitlements,1380,71760
2018,AUG,Victoria,Males,Full-time,With leave entitlements,1426.6,74183.2
2019,AUG,Victoria,Males,Full-time,With leave entitlements,1460.4,75940.8
2020,AUG,Victoria,Males,Full-time,With leave entitlements,1500,78000
2021,AUG,Victoria,Males,Full-time,With leave entitlements,1571.4,81712.8
2022,AUG,Victoria,Males,Full-time,With leave entitlements,1610,83720
2023,AUG,Victoria,Males,Full-time,With leave entitlements,1733,90116
2024,AUG,Victoria,Males,Full-time,With leave entitlements,1841,95732
2014,AUG,Victoria,Males,Full-time,Without leave entitlements,920,47840
2015,AUG,Victoria,Males,Full-time,Without leave entitlements,950,49400
2016,AUG,Victoria,Males,Full-time,Without leave entitlements,1036.3,53887.6
2017,AUG,Victoria,Males,Full-time,Without leave entitlements,1022.3,53159.6
2018,AUG,Victoria,Males,Full-time,Without leave entitlements,1094.6,56919.2
2019,AUG,Victoria,Males,Full-time,Without leave entitlements,1089,56628
2020,AUG,Victoria,Males,Full-time,Without leave entitlements,1108.6,57647.2
2021,AUG,Victoria,Males,Full-time,Without leave entitlements,1151.3,59867.6
2022,AUG,Victoria,Males,Full-time,Without leave entitlements,1200,62400
2023,AUG,Victoria,Males,Full-time,Without leave entitlements,1270,66040
2024,AUG,Victoria,Males,Full-time,Without leave entitlements,1700,88400
2014,AUG,Victoria,Males,Part-time,Total,356,18512
2015,AUG,Victoria,Males,Part-time,Total,418.1,21741.2
2016,AUG,Victoria,Males,Part-time,Total,400,20800
2017,AUG,Victoria,Males,Part-time,Total,400,20800
2018,AUG,Victoria,Males,Part-time,Total,452.8,23545.600000000002
2019,AUG,Victoria,Males,Part-time,Total,480,24960
2020,AUG,Victoria,Males,Part-time,Total,561.2,29182.4
2021,AUG,Victoria,Males,Part-time,Total,497.3,25859.600000000002
2022,AUG,Victoria,Males,Part-time,Total,508,26416
2023,AUG,Victoria,Males,Part-time,Total,589.4,30648.8
2024,AUG,Victoria,Males,Part-time,Total,600,31200
2014,AUG,Victoria,Males,Part-time,With leave entitlements,519.7,27024.4
2015,AUG,Victoria,Males,Part-time,With leave entitlements,645.7,33576.4
2016,AUG,Victoria,Males,Part-time,With leave entitlements,557.6,28995.2
2017,AUG,Victoria,Males,Part-time,With leave entitlements,649.6,33779.200000000004
2018,AUG,Victoria,Males,Part-time,With leave entitlements,637.9,33170.799999999996
2019,AUG,Victoria,Males,Part-time,With leave entitlements,699.9,36394.799999999996
2020,AUG,Victoria,Males,Part-time,With leave entitlements,750,39000
2021,AUG,Victoria,Males,Part-time,With leave entitlements,730.6,37991.200000000004
2022,AUG,Victoria,Males,Part-time,With leave entitlements,803.2,41766.4
2023,AUG,Victoria,Males,Part-time,With leave entitlements,747.7,38880.4
2024,AUG,Victoria,Males,Part-time,With leave entitlements,798.5,41522
2014,AUG,Victoria,Males,Part-time,Without leave entitlements,258.5,13442
2015,AUG,Victoria,Males,Part-time,Without leave entitlements,325,16900
2016,AUG,Victoria,Males,Part-time,Without leave entitlements,330,17160
2017,AUG,Victoria,Males,Part-time,Without leave entitlements,314.7,16364.4
2018,AUG,Victoria,Males,Part-time,Without leave entitlements,312.7,16260.4
2019,AUG,Victoria,Males,Part-time,Without leave entitlements,375,19500
2020,AUG,Victoria,Males,Part-time,Without leave entitlements,440,22880
2021,AUG,Victoria,Males,Part-time,Without leave entitlements,317.1,16489.2
2022,AUG,Victoria,Males,Part-time,Without leave entitlements,450,23400
2023,AUG,Victoria,Males,Part-time,Without leave entitlements,450,23400
2024,AUG,Victoria,Males,Part-time,Without leave entitlements,490.8,25521.600000000002
2014,AUG,Victoria,Males,Total,Total,1100,57200
2015,AUG,Victoria,Males,Total,Total,1100,57200
2016,AUG,Victoria,Males,Total,Total,1150,59800
2017,AUG,Victoria,Males,Total,Total,1167.5,60710
2018,AUG,Victoria,Males,Total,Total,1250,65000
2019,AUG,Victoria,Males,Total,Total,1239.3,64443.6
2020,AUG,Victoria,Males,Total,Total,1300,67600
2021,AUG,Victoria,Males,Total,Total,1342,69784
2022,AUG,Victoria,Males,Total,Total,1400,72800
2023,AUG,Victoria,Males,Total,Total,1500,78000
2024,AUG,Victoria,Males,Total,Total,1600,83200
2014,AUG,Victoria,Males,Total,With leave entitlements,1250,65000
2015,AUG,Victoria,Males,Total,With leave entitlements,1250,65000
2016,AUG,Victoria,Males,Total,With leave entitlements,1275,66300
2017,AUG,Victoria,Males,Total,With leave entitlements,1315.3,68395.59999999999
2018,AUG,Victoria,Males,Total,With leave entitlements,1380,71760
2019,AUG,Victoria,Males,Total,With leave entitlements,1380,71760
2020,AUG,Victoria,Males,Total,With leave entitlements,1438,74776
2021,AUG,Victoria,Males,Total,With leave entitlements,1500,78000
2022,AUG,Victoria,Males,Total,With leave entitlements,1552.1,80709.2
2023,AUG,Victoria,Males,Total,With leave entitlements,1648.6,85727.2
2024,AUG,Victoria,Males,Total,With leave entitlements,1747.4,90864.8
2014,AUG,Victoria,Males,Total,Without leave entitlements,500,26000
2015,AUG,Victoria,Males,Total,Without leave entitlements,500,26000
2016,AUG,Victoria,Males,Total,Without leave entitlements,516.9,26878.8
2017,AUG,Victoria,Males,Total,Without leave entitlements,600,31200
2018,AUG,Victoria,Males,Total,Without leave entitlements,600,31200
2019,AUG,Victoria,Males,Total,Without leave entitlements,674,35048
2020,AUG,Victoria,Males,Total,Without leave entitlements,600,31200
2021,AUG,Victoria,Males,Total,Without leave entitlements,646,33592
2022,AUG,Victoria,Males,Total,Without leave entitlements,700,36400
2023,AUG,Victoria,Males,Total,Without leave entitlements,750,39000
2024,AUG,Victoria,Males,Total,Without leave entitlements,773.8,40237.6
2014,AUG,Victoria,Persons,Full-time,Total,1175.5,61126
2015,AUG,Victoria,Persons,Full-time,Total,1199,62348
2016,AUG,Victoria,Persons,Full-time,Total,1246,64792
2017,AUG,Victoria,Persons,Full-time,Total,1250,65000
2018,AUG,Victoria,Persons,Full-time,Total,1300,67600
2019,AUG,Victoria,Persons,Full-time,Total,1342,69784
2020,AUG,Victoria,Persons,Full-time,Total,1426.2,74162.40000000001
2021,AUG,Victoria,Persons,Full-time,Total,1477,76804
2022,AUG,Victoria,Persons,Full-time,Total,1525.3,79315.59999999999
2023,AUG,Victoria,Persons,Full-time,Total,1600,83200
2024,AUG,Victoria,Persons,Full-time,Total,1729,89908
2014,AUG,Victoria,Persons,Full-time,With leave entitlements,1200,62400
2015,AUG,Victoria,Persons,Full-time,With leave entitlements,1208.6,62847.2
2016,AUG,Victoria,Persons,Full-time,With leave entitlements,1250,65000
2017,AUG,Victoria,Persons,Full-time,With leave entitlements,1300,67600
2018,AUG,Victoria,Persons,Full-time,With leave entitlements,1342,69784
2019,AUG,Victoria,Persons,Full-time,With leave entitlements,1380,71760
2020,AUG,Victoria,Persons,Full-time,With leave entitlements,1452.5,75530
2021,AUG,Victoria,Persons,Full-time,With leave entitlements,1500,78000
2022,AUG,Victoria,Persons,Full-time,With leave entitlements,1566.7,81468.40000000001
2023,AUG,Victoria,Persons,Full-time,With leave entitlements,1627,84604
2024,AUG,Victoria,Persons,Full-time,With leave entitlements,1744,90688
2014,AUG,Victoria,Persons,Full-time,Without leave entitlements,900,46800
2015,AUG,Victoria,Persons,Full-time,Without leave entitlements,927.7,48240.4
2016,AUG,Victoria,Persons,Full-time,Without leave entitlements,946,49192
2017,AUG,Victoria,Persons,Full-time,Without leave entitlements,1000,52000
2018,AUG,Victoria,Persons,Full-time,Without leave entitlements,1000,52000
2019,AUG,Victoria,Persons,Full-time,Without leave entitlements,1000,52000
2020,AUG,Victoria,Persons,Full-time,Without leave entitlements,1043.4,54256.8
2021,AUG,Victoria,Persons,Full-time,Without leave entitlements,1144.4,59508.8
2022,AUG,Victoria,Persons,Full-time,Without leave entitlements,1150,59800
2023,AUG,Victoria,Persons,Full-time,Without leave entitlements,1243.5,64662
2024,AUG,Victoria,Persons,Full-time,Without leave entitlements,1500,78000
2014,AUG,Victoria,Persons,Part-time,Total,441,22932
2015,AUG,Victoria,Persons,Part-time,Total,470.8,24481.600000000002
2016,AUG,Victoria,Persons,Part-time,Total,450,23400
2017,AUG,Victoria,Persons,Part-time,Total,483,25116
2018,AUG,Victoria,Persons,Part-time,Total,540,28080
2019,AUG,Victoria,Persons,Part-time,Total,513,26676
2020,AUG,Victoria,Persons,Part-time,Total,675,35100
2021,AUG,Victoria,Persons,Part-time,Total,589.9,30674.8
2022,AUG,Victoria,Persons,Part-time,Total,612,31824
2023,AUG,Victoria,Persons,Part-time,Total,660,34320
2024,AUG,Victoria,Persons,Part-time,Total,684.5,35594
2014,AUG,Victoria,Persons,Part-time,With leave entitlements,597,31044
2015,AUG,Victoria,Persons,Part-time,With leave entitlements,650,33800
2016,AUG,Victoria,Persons,Part-time,With leave entitlements,625,32500
2017,AUG,Victoria,Persons,Part-time,With leave entitlements,675,35100
2018,AUG,Victoria,Persons,Part-time,With leave entitlements,700,36400
2019,AUG,Victoria,Persons,Part-time,With leave entitlements,700,36400
2020,AUG,Victoria,Persons,Part-time,With leave entitlements,750,39000
2021,AUG,Victoria,Persons,Part-time,With leave entitlements,750,39000
2022,AUG,Victoria,Persons,Part-time,With leave entitlements,814.6,42359.200000000004
2023,AUG,Victoria,Persons,Part-time,With leave entitlements,837.5,43550
2024,AUG,Victoria,Persons,Part-time,With leave entitlements,900,46800
2014,AUG,Victoria,Persons,Part-time,Without leave entitlements,270,14040
2015,AUG,Victoria,Persons,Part-time,Without leave entitlements,300,15600
2016,AUG,Victoria,Persons,Part-time,Without leave entitlements,300,15600
2017,AUG,Victoria,Persons,Part-time,Without leave entitlements,310,16120
2018,AUG,Victoria,Persons,Part-time,Without leave entitlements,300,15600
2019,AUG,Victoria,Persons,Part-time,Without leave entitlements,360,18720
2020,AUG,Victoria,Persons,Part-time,Without leave entitlements,475.5,24726
2021,AUG,Victoria,Persons,Part-time,Without leave entitlements,348.8,18137.600000000002
2022,AUG,Victoria,Persons,Part-time,Without leave entitlements,425.6,22131.2
2023,AUG,Victoria,Persons,Part-time,Without leave entitlements,440,22880
2024,AUG,Victoria,Persons,Part-time,Without leave entitlements,400,20800
2014,AUG,Victoria,Persons,Total,Total,950,49400
2015,AUG,Victoria,Persons,Total,Total,950,49400
2016,AUG,Victoria,Persons,Total,Total,1000,52000
2017,AUG,Victoria,Persons,Total,Total,1000,52000
2018,AUG,Victoria,Persons,Total,Total,1070.2,55650.4
2019,AUG,Victoria,Persons,Total,Total,1073,55796
2020,AUG,Victoria,Persons,Total,Total,1150,59800
2021,AUG,Victoria,Persons,Total,Total,1181.6,61443.2
2022,AUG,Victoria,Persons,Total,Total,1250,65000
2023,AUG,Victoria,Persons,Total,Total,1296.3,67407.59999999999
2024,AUG,Victoria,Persons,Total,Total,1400,72800
2014,AUG,Victoria,Persons,Total,With leave entitlements,1059,55068
2015,AUG,Victoria,Persons,Total,With leave entitlements,1079.1,56113.2
2016,AUG,Victoria,Persons,Total,With leave entitlements,1125,58500
2017,AUG,Victoria,Persons,Total,With leave entitlements,1150,59800
2018,AUG,Victoria,Persons,Total,With leave entitlements,1200,62400
2019,AUG,Victoria,Persons,Total,With leave entitlements,1210,62920
2020,AUG,Victoria,Persons,Total,With leave entitlements,1280,66560
2021,AUG,Victoria,Persons,Total,With leave entitlements,1328.2,69066.40000000001
2022,AUG,Victoria,Persons,Total,With leave entitlements,1433.9,74562.8
2023,AUG,Victoria,Persons,Total,With leave entitlements,1476,76752
2024,AUG,Victoria,Persons,Total,With leave entitlements,1557,80964
2014,AUG,Victoria,Persons,Total,Without leave entitlements,385,20020
2015,AUG,Victoria,Persons,Total,Without leave entitlements,400,20800
2016,AUG,Victoria,Persons,Total,Without leave entitlements,410,21320
2017,AUG,Victoria,Persons,Total,Without leave entitlements,464.7,24164.399999999998
2018,AUG,Victoria,Persons,Total,Without leave entitlements,487.7,25360.399999999998
2019,AUG,Victoria,Persons,Total,Without leave entitlements,500,26000
2020,AUG,Victoria,Persons,Total,Without leave entitlements,595.3,30955.6
2021,AUG,Victoria,Persons,Total,Without leave entitlements,500,26000
2022,AUG,Victoria,Persons,Total,Without leave entitlements,600,31200
2023,AUG,Victoria,Persons,Total,Without leave entitlements,600,31200
2024,AUG,Victoria,Persons,Total,Without leave entitlements,585.9,30466.8
2014,AUG,Western Australia,Females,Full-time,Total,1200,62400
2015,AUG,Western Australia,Females,Full-time,Total,1198,62296
2016,AUG,Western Australia,Females,Full-time,Total,1225,63700
2017,AUG,Western Australia,Females,Full-time,Total,1250,65000
2018,AUG,Western Australia,Females,Full-time,Total,1251.9,65098.8
2019,AUG,Western Australia,Females,Full-time,Total,1300,67600
2020,AUG,Western Australia,Females,Full-time,Total,1438,74776
2021,AUG,Western Australia,Females,Full-time,Total,1380.2,71770.40000000001
2022,AUG,Western Australia,Females,Full-time,Total,1400,72800
2023,AUG,Western Australia,Females,Full-time,Total,1500,78000
2024,AUG,Western Australia,Females,Full-time,Total,1565,81380
2014,AUG,Western Australia,Females,Full-time,With leave entitlements,1200,62400
2015,AUG,Western Australia,Females,Full-time,With leave entitlements,1200,62400
2016,AUG,Western Australia,Females,Full-time,With leave entitlements,1249.8,64989.6
2017,AUG,Western Australia,Females,Full-time,With leave entitlements,1292.6,67215.2
2018,AUG,Western Australia,Females,Full-time,With leave entitlements,1275,66300
2019,AUG,Western Australia,Females,Full-time,With leave entitlements,1308.5,68042
2020,AUG,Western Australia,Females,Full-time,With leave entitlements,1478,76856
2021,AUG,Western Australia,Females,Full-time,With leave entitlements,1400,72800
2022,AUG,Western Australia,Females,Full-time,With leave entitlements,1425,74100
2023,AUG,Western Australia,Females,Full-time,With leave entitlements,1512.6,78655.2
2024,AUG,Western Australia,Females,Full-time,With leave entitlements,1583.8,82357.59999999999
2014,AUG,Western Australia,Females,Full-time,Without leave entitlements,1005,52260
2015,AUG,Western Australia,Females,Full-time,Without leave entitlements,870.6,45271.200000000004
2016,AUG,Western Australia,Females,Full-time,Without leave entitlements,885.1,46025.200000000004
2017,AUG,Western Australia,Females,Full-time,Without leave entitlements,887.8,46165.6
2018,AUG,Western Australia,Females,Full-time,Without leave entitlements,1001.4,52072.799999999996
2019,AUG,Western Australia,Females,Full-time,Without leave entitlements,969.2,50398.4
2020,AUG,Western Australia,Females,Full-time,Without leave entitlements,849.2,44158.4
2021,AUG,Western Australia,Females,Full-time,Without leave entitlements,1200,62400
2022,AUG,Western Australia,Females,Full-time,Without leave entitlements,1153.9,60002.8
2023,AUG,Western Australia,Females,Full-time,Without leave entitlements,1098.9,57142.8
2024,AUG,Western Australia,Females,Full-time,Without leave entitlements,1260.9,65566.8
2014,AUG,Western Australia,Females,Part-time,Total,500,26000
2015,AUG,Western Australia,Females,Part-time,Total,500,26000
2016,AUG,Western Australia,Females,Part-time,Total,505.3,26275.600000000002
2017,AUG,Western Australia,Females,Part-time,Total,525,27300
2018,AUG,Western Australia,Females,Part-time,Total,540,28080
2019,AUG,Western Australia,Females,Part-time,Total,600,31200
2020,AUG,Western Australia,Females,Part-time,Total,708.7,36852.4
2021,AUG,Western Australia,Females,Part-time,Total,600,31200
2022,AUG,Western Australia,Females,Part-time,Total,622.2,32354.4
2023,AUG,Western Australia,Females,Part-time,Total,681.3,35427.6
2024,AUG,Western Australia,Females,Part-time,Total,745.5,38766
2014,AUG,Western Australia,Females,Part-time,With leave entitlements,615.4,32000.8
2015,AUG,Western Australia,Females,Part-time,With leave entitlements,672.1,34949.200000000004
2016,AUG,Western Australia,Females,Part-time,With leave entitlements,690,35880
2017,AUG,Western Australia,Females,Part-time,With leave entitlements,690.2,35890.4
2018,AUG,Western Australia,Females,Part-time,With leave entitlements,681.8,35453.6
2019,AUG,Western Australia,Females,Part-time,With leave entitlements,720,37440
2020,AUG,Western Australia,Females,Part-time,With leave entitlements,763.6,39707.200000000004
2021,AUG,Western Australia,Females,Part-time,With leave entitlements,750,39000
2022,AUG,Western Australia,Females,Part-time,With leave entitlements,800,41600
2023,AUG,Western Australia,Females,Part-time,With leave entitlements,826.7,42988.4
2024,AUG,Western Australia,Females,Part-time,With leave entitlements,930,48360
2014,AUG,Western Australia,Females,Part-time,Without leave entitlements,343.8,17877.600000000002
2015,AUG,Western Australia,Females,Part-time,Without leave entitlements,309.6,16099.2
2016,AUG,Western Australia,Females,Part-time,Without leave entitlements,317,16484
2017,AUG,Western Australia,Females,Part-time,Without leave entitlements,380.7,19796.399999999998
2018,AUG,Western Australia,Females,Part-time,Without leave entitlements,356.5,18538
2019,AUG,Western Australia,Females,Part-time,Without leave entitlements,420.6,21871.2
2020,AUG,Western Australia,Females,Part-time,Without leave entitlements,500,26000
2021,AUG,Western Australia,Females,Part-time,Without leave entitlements,385.9,20066.8
2022,AUG,Western Australia,Females,Part-time,Without leave entitlements,420,21840
2023,AUG,Western Australia,Females,Part-time,Without leave entitlements,500,26000
2024,AUG,Western Australia,Females,Part-time,Without leave entitlements,400,20800
2014,AUG,Western Australia,Females,Total,Total,850,44200
2015,AUG,Western Australia,Females,Total,Total,852,44304
2016,AUG,Western Australia,Females,Total,Total,877.1,45609.200000000004
2017,AUG,Western Australia,Females,Total,Total,867.4,45104.799999999996
2018,AUG,Western Australia,Females,Total,Total,924.1,48053.200000000004
2019,AUG,Western Australia,Females,Total,Total,961,49972
2020,AUG,Western Australia,Females,Total,Total,950,49400
2021,AUG,Western Australia,Females,Total,Total,1000,52000
2022,AUG,Western Australia,Females,Total,Total,1050,54600
2023,AUG,Western Australia,Females,Total,Total,1100,57200
2024,AUG,Western Australia,Females,Total,Total,1200,62400
2014,AUG,Western Australia,Females,Total,With leave entitlements,1000,52000
2015,AUG,Western Australia,Females,Total,With leave entitlements,1000,52000
2016,AUG,Western Australia,Females,Total,With leave entitlements,1051,54652
2017,AUG,Western Australia,Females,Total,With leave entitlements,1050,54600
2018,AUG,Western Australia,Females,Total,With leave entitlements,1054.6,54839.2
2019,AUG,Western Australia,Females,Total,With leave entitlements,1112.6,57855.2
2020,AUG,Western Australia,Females,Total,With leave entitlements,1153,59956
2021,AUG,Western Australia,Females,Total,With leave entitlements,1150,59800
2022,AUG,Western Australia,Females,Total,With leave entitlements,1246,64792
2023,AUG,Western Australia,Females,Total,With leave entitlements,1280.7,66596.40000000001
2024,AUG,Western Australia,Females,Total,With leave entitlements,1380,71760
2014,AUG,Western Australia,Females,Total,Without leave entitlements,438.2,22786.399999999998
2015,AUG,Western Australia,Females,Total,Without leave entitlements,404.9,21054.8
2016,AUG,Western Australia,Females,Total,Without leave entitlements,400,20800
2017,AUG,Western Australia,Females,Total,Without leave entitlements,450,23400
2018,AUG,Western Australia,Females,Total,Without leave entitlements,430.1,22365.2
2019,AUG,Western Australia,Females,Total,Without leave entitlements,506.6,26343.2
2020,AUG,Western Australia,Females,Total,Without leave entitlements,567.3,29499.6
2021,AUG,Western Australia,Females,Total,Without leave entitlements,450,23400
2022,AUG,Western Australia,Females,Total,Without leave entitlements,546.5,28418
2023,AUG,Western Australia,Females,Total,Without leave entitlements,551.4,28672.8
2024,AUG,Western Australia,Females,Total,Without leave entitlements,530.3,27575.6
2014,AUG,Western Australia,Males,Full-time,Total,1560,81120
2015,AUG,Western Australia,Males,Full-time,Total,1495,77740
2016,AUG,Western Australia,Males,Full-time,Total,1500,78000
2017,AUG,Western Australia,Males,Full-time,Total,1507.4,78384.8
2018,AUG,Western Australia,Males,Full-time,Total,1600,83200
2019,AUG,Western Australia,Males,Full-time,Total,1666,86632
2020,AUG,Western Australia,Males,Full-time,Total,1800,93600
2021,AUG,Western Australia,Males,Full-time,Total,1766.8,91873.59999999999
2022,AUG,Western Australia,Males,Full-time,Total,1914.8,99569.59999999999
2023,AUG,Western Australia,Males,Full-time,Total,1841,95732
2024,AUG,Western Australia,Males,Full-time,Total,2051,106652
2014,AUG,Western Australia,Males,Full-time,With leave entitlements,1600,83200
2015,AUG,Western Australia,Males,Full-time,With leave entitlements,1500,78000
2016,AUG,Western Australia,Males,Full-time,With leave entitlements,1534,79768
2017,AUG,Western Australia,Males,Full-time,With leave entitlements,1597.7,83080.40000000001
2018,AUG,Western Australia,Males,Full-time,With leave entitlements,1600,83200
2019,AUG,Western Australia,Males,Full-time,With leave entitlements,1723.3,89611.59999999999
2020,AUG,Western Australia,Males,Full-time,With leave entitlements,1821,94692
2021,AUG,Western Australia,Males,Full-time,With leave entitlements,1776.5,92378
2022,AUG,Western Australia,Males,Full-time,With leave entitlements,1942.1,100989.2
2023,AUG,Western Australia,Males,Full-time,With leave entitlements,1873.2,97406.40000000001
2024,AUG,Western Australia,Males,Full-time,With leave entitlements,2071,107692
2014,AUG,Western Australia,Males,Full-time,Without leave entitlements,1307.2,67974.40000000001
2015,AUG,Western Australia,Males,Full-time,Without leave entitlements,1256.5,65338
2016,AUG,Western Australia,Males,Full-time,Without leave entitlements,1200,62400
2017,AUG,Western Australia,Males,Full-time,Without leave entitlements,1200,62400
2018,AUG,Western Australia,Males,Full-time,Without leave entitlements,1524.8,79289.59999999999
2019,AUG,Western Australia,Males,Full-time,Without leave entitlements,1374.3,71463.59999999999
2020,AUG,Western Australia,Males,Full-time,Without leave entitlements,1572.5,81770
2021,AUG,Western Australia,Males,Full-time,Without leave entitlements,1735.1,90225.2
2022,AUG,Western Australia,Males,Full-time,Without leave entitlements,1489.6,77459.2
2023,AUG,Western Australia,Males,Full-time,Without leave entitlements,1690.5,87906
2024,AUG,Western Australia,Males,Full-time,Without leave entitlements,1999.2,103958.40000000001
2014,AUG,Western Australia,Males,Part-time,Total,414.8,21569.600000000002
2015,AUG,Western Australia,Males,Part-time,Total,396.8,20633.600000000002
2016,AUG,Western Australia,Males,Part-time,Total,400,20800
2017,AUG,Western Australia,Males,Part-time,Total,383,19916
2018,AUG,Western Australia,Males,Part-time,Total,499.7,25984.399999999998
2019,AUG,Western Australia,Males,Part-time,Total,495.6,25771.2
2020,AUG,Western Australia,Males,Part-time,Total,549.7,28584.4
2021,AUG,Western Australia,Males,Part-time,Total,500,26000
2022,AUG,Western Australia,Males,Part-time,Total,500,26000
2023,AUG,Western Australia,Males,Part-time,Total,569.7,29624.4
2024,AUG,Western Australia,Males,Part-time,Total,607.7,31600.4
2014,AUG,Western Australia,Males,Part-time,With leave entitlements,527.8,27445.6
2015,AUG,Western Australia,Males,Part-time,With leave entitlements,587.7,30560.4
2016,AUG,Western Australia,Males,Part-time,With leave entitlements,600,31200
2017,AUG,Western Australia,Males,Part-time,With leave entitlements,600,31200
2018,AUG,Western Australia,Males,Part-time,With leave entitlements,810,42120
2019,AUG,Western Australia,Males,Part-time,With leave entitlements,610.7,31756.4
2020,AUG,Western Australia,Males,Part-time,With leave entitlements,700,36400
2021,AUG,Western Australia,Males,Part-time,With leave entitlements,747.2,38854.4
2022,AUG,Western Australia,Males,Part-time,With leave entitlements,777.1,40409.200000000004
2023,AUG,Western Australia,Males,Part-time,With leave entitlements,833.3,43331.6
2024,AUG,Western Australia,Males,Part-time,With leave entitlements,802.8,41745.6
2014,AUG,Western Australia,Males,Part-time,Without leave entitlements,350.4,18220.8
2015,AUG,Western Australia,Males,Part-time,Without leave entitlements,300,15600
2016,AUG,Western Australia,Males,Part-time,Without leave entitlements,300,15600
2017,AUG,Western Australia,Males,Part-time,Without leave entitlements,300,15600
2018,AUG,Western Australia,Males,Part-time,Without leave entitlements,360.3,18735.600000000002
2019,AUG,Western Australia,Males,Part-time,Without leave entitlements,392.1,20389.2
2020,AUG,Western Australia,Males,Part-time,Without leave entitlements,450,23400
2021,AUG,Western Australia,Males,Part-time,Without leave entitlements,362,18824
2022,AUG,Western Australia,Males,Part-time,Without leave entitlements,339.5,17654
2023,AUG,Western Australia,Males,Part-time,Without leave entitlements,480,24960
2024,AUG,Western Australia,Males,Part-time,Without leave entitlements,548.5,28522
2014,AUG,Western Australia,Males,Total,Total,1425.4,74120.8
2015,AUG,Western Australia,Males,Total,Total,1333,69316
2016,AUG,Western Australia,Males,Total,Total,1306.8,67953.59999999999
2017,AUG,Western Australia,Males,Total,Total,1377.8,71645.59999999999
2018,AUG,Western Australia,Males,Total,Total,1438.4,74796.8
2019,AUG,Western Australia,Males,Total,Total,1500,78000
2020,AUG,Western Australia,Males,Total,Total,1593.1,82841.2
2021,AUG,Western Australia,Males,Total,Total,1537.6,79955.2
2022,AUG,Western Australia,Males,Total,Total,1650,85800
2023,AUG,Western Australia,Males,Total,Total,1640.6,85311.2
2024,AUG,Western Australia,Males,Total,Total,1851.9,96298.8
2014,AUG,Western Australia,Males,Total,With leave entitlements,1500,78000
2015,AUG,Western Australia,Males,Total,With leave entitlements,1450,75400
2016,AUG,Western Australia,Males,Total,With leave entitlements,1500,78000
2017,AUG,Western Australia,Males,Total,With leave entitlements,1500,78000
2018,AUG,Western Australia,Males,Total,With leave entitlements,1565,81380
2019,AUG,Western Australia,Males,Total,With leave entitlements,1650,85800
2020,AUG,Western Australia,Males,Total,With leave entitlements,1750,91000
2021,AUG,Western Australia,Males,Total,With leave entitlements,1649.1,85753.2
2022,AUG,Western Australia,Males,Total,With leave entitlements,1828.9,95102.8
2023,AUG,Western Australia,Males,Total,With leave entitlements,1800,93600
2024,AUG,Western Australia,Males,Total,With leave entitlements,2000,104000
2014,AUG,Western Australia,Males,Total,Without leave entitlements,800,41600
2015,AUG,Western Australia,Males,Total,Without leave entitlements,750,39000
2016,AUG,Western Australia,Males,Total,Without leave entitlements,688.2,35786.4
2017,AUG,Western Australia,Males,Total,Without leave entitlements,582.8,30305.6
2018,AUG,Western Australia,Males,Total,Without leave entitlements,750,39000
2019,AUG,Western Australia,Males,Total,Without leave entitlements,900,46800
2020,AUG,Western Australia,Males,Total,Without leave entitlements,936.7,48708.4
2021,AUG,Western Australia,Males,Total,Without leave entitlements,846.3,44007.6
2022,AUG,Western Australia,Males,Total,Without leave entitlements,937.8,48765.6
2023,AUG,Western Australia,Males,Total,Without leave entitlements,874.4,45468.799999999996
2024,AUG,Western Australia,Males,Total,Without leave entitlements,1055.9,54906.8
2014,AUG,Western Australia,Persons,Full-time,Total,1400,72800
2015,AUG,Western Australia,Persons,Full-time,Total,1350,70200
2016,AUG,Western Australia,Persons,Full-time,Total,1380,71760
2017,AUG,Western Australia,Persons,Full-time,Total,1415.7,73616.40000000001
2018,AUG,Western Australia,Persons,Full-time,Total,1479.8,76949.59999999999
2019,AUG,Western Australia,Persons,Full-time,Total,1500,78000
2020,AUG,Western Australia,Persons,Full-time,Total,1634,84968
2021,AUG,Western Australia,Persons,Full-time,Total,1555,80860
2022,AUG,Western Australia,Persons,Full-time,Total,1649,85748
2023,AUG,Western Australia,Persons,Full-time,Total,1700,88400
2024,AUG,Western Australia,Persons,Full-time,Total,1842,95784
2014,AUG,Western Australia,Persons,Full-time,With leave entitlements,1438,74776
2015,AUG,Western Australia,Persons,Full-time,With leave entitlements,1380,71760
2016,AUG,Western Australia,Persons,Full-time,With leave entitlements,1402.2,72914.40000000001
2017,AUG,Western Australia,Persons,Full-time,With leave entitlements,1461.7,76008.40000000001
2018,AUG,Western Australia,Persons,Full-time,With leave entitlements,1495,77740
2019,AUG,Western Australia,Persons,Full-time,With leave entitlements,1534,79768
2020,AUG,Western Australia,Persons,Full-time,With leave entitlements,1650,85800
2021,AUG,Western Australia,Persons,Full-time,With leave entitlements,1572,81744
2022,AUG,Western Australia,Persons,Full-time,With leave entitlements,1686.2,87682.40000000001
2023,AUG,Western Australia,Persons,Full-time,With leave entitlements,1726,89752
2024,AUG,Western Australia,Persons,Full-time,With leave entitlements,1850,96200
2014,AUG,Western Australia,Persons,Full-time,Without leave entitlements,1244.6,64719.2
2015,AUG,Western Australia,Persons,Full-time,Without leave entitlements,1200,62400
2016,AUG,Western Australia,Persons,Full-time,Without leave entitlements,1073.7,55832.4
2017,AUG,Western Australia,Persons,Full-time,Without leave entitlements,1102.3,57319.6
2018,AUG,Western Australia,Persons,Full-time,Without leave entitlements,1350,70200
2019,AUG,Western Australia,Persons,Full-time,Without leave entitlements,1208.1,62821.2
2020,AUG,Western Australia,Persons,Full-time,Without leave entitlements,1324.9,68894.8
2021,AUG,Western Australia,Persons,Full-time,Without leave entitlements,1460,75920
2022,AUG,Western Australia,Persons,Full-time,Without leave entitlements,1383,71916
2023,AUG,Western Australia,Persons,Full-time,Without leave entitlements,1500,78000
2024,AUG,Western Australia,Persons,Full-time,Without leave entitlements,1734.7,90204.40000000001
2014,AUG,Western Australia,Persons,Part-time,Total,479.9,24954.8
2015,AUG,Western Australia,Persons,Part-time,Total,480,24960
2016,AUG,Western Australia,Persons,Part-time,Total,496.3,25807.600000000002
2017,AUG,Western Australia,Persons,Part-time,Total,500,26000
2018,AUG,Western Australia,Persons,Part-time,Total,522,27144
2019,AUG,Western Australia,Persons,Part-time,Total,575,29900
2020,AUG,Western Australia,Persons,Part-time,Total,675.2,35110.4
2021,AUG,Western Australia,Persons,Part-time,Total,600,31200
2022,AUG,Western Australia,Persons,Part-time,Total,600,31200
2023,AUG,Western Australia,Persons,Part-time,Total,650,33800
2024,AUG,Western Australia,Persons,Part-time,Total,700,36400
2014,AUG,Western Australia,Persons,Part-time,With leave entitlements,600,31200
2015,AUG,Western Australia,Persons,Part-time,With leave entitlements,649.8,33789.6
2016,AUG,Western Australia,Persons,Part-time,With leave entitlements,660.8,34361.6
2017,AUG,Western Australia,Persons,Part-time,With leave entitlements,676.9,35198.799999999996
2018,AUG,Western Australia,Persons,Part-time,With leave entitlements,700,36400
2019,AUG,Western Australia,Persons,Part-time,With leave entitlements,703.2,36566.4
2020,AUG,Western Australia,Persons,Part-time,With leave entitlements,750,39000
2021,AUG,Western Australia,Persons,Part-time,With leave entitlements,750,39000
2022,AUG,Western Australia,Persons,Part-time,With leave entitlements,799.4,41568.799999999996
2023,AUG,Western Australia,Persons,Part-time,With leave entitlements,829.5,43134
2024,AUG,Western Australia,Persons,Part-time,With leave entitlements,900,46800
2014,AUG,Western Australia,Persons,Part-time,Without leave entitlements,347,18044
2015,AUG,Western Australia,Persons,Part-time,Without leave entitlements,300,15600
2016,AUG,Western Australia,Persons,Part-time,Without leave entitlements,313.2,16286.4
2017,AUG,Western Australia,Persons,Part-time,Without leave entitlements,350,18200
2018,AUG,Western Australia,Persons,Part-time,Without leave entitlements,359.6,18699.2
2019,AUG,Western Australia,Persons,Part-time,Without leave entitlements,400,20800
2020,AUG,Western Australia,Persons,Part-time,Without leave entitlements,485.2,25230.399999999998
2021,AUG,Western Australia,Persons,Part-time,Without leave entitlements,385,20020
2022,AUG,Western Australia,Persons,Part-time,Without leave entitlements,400,20800
2023,AUG,Western Australia,Persons,Part-time,Without leave entitlements,486,25272
2024,AUG,Western Australia,Persons,Part-time,Without leave entitlements,439.1,22833.2
2014,AUG,Western Australia,Persons,Total,Total,1129,58708
2015,AUG,Western Australia,Persons,Total,Total,1088,56576
2016,AUG,Western Australia,Persons,Total,Total,1100,57200
2017,AUG,Western Australia,Persons,Total,Total,1100,57200
2018,AUG,Western Australia,Persons,Total,Total,1156.4,60132.8
2019,AUG,Western Australia,Persons,Total,Total,1200,62400
2020,AUG,Western Australia,Persons,Total,Total,1250,65000
2021,AUG,Western Australia,Persons,Total,Total,1236.9,64318.8
2022,AUG,Western Australia,Persons,Total,Total,1300.9,67646.8
2023,AUG,Western Australia,Persons,Total,Total,1322.3,68759.59999999999
2024,AUG,Western Australia,Persons,Total,Total,1500,78000
2014,AUG,Western Australia,Persons,Total,With leave entitlements,1250,65000
2015,AUG,Western Australia,Persons,Total,With leave entitlements,1249.6,64979.2
2016,AUG,Western Australia,Persons,Total,With leave entitlements,1250,65000
2017,AUG,Western Australia,Persons,Total,With leave entitlements,1300,67600
2018,AUG,Western Australia,Persons,Total,With leave entitlements,1300,67600
2019,AUG,Western Australia,Persons,Total,With leave entitlements,1350,70200
2020,AUG,Western Australia,Persons,Total,With leave entitlements,1450,75400
2021,AUG,Western Australia,Persons,Total,With leave entitlements,1380,71760
2022,AUG,Western Australia,Persons,Total,With leave entitlements,1500,78000
2023,AUG,Western Australia,Persons,Total,With leave entitlements,1510.6,78551.2
2024,AUG,Western Australia,Persons,Total,With leave entitlements,1633.2,84926.40000000001
2014,AUG,Western Australia,Persons,Total,Without leave entitlements,507.8,26405.600000000002
2015,AUG,Western Australia,Persons,Total,Without leave entitlements,500,26000
2016,AUG,Western Australia,Persons,Total,Without leave entitlements,500,26000
2017,AUG,Western Australia,Persons,Total,Without leave entitlements,500,26000
2018,AUG,Western Australia,Persons,Total,Without leave entitlements,520.5,27066
2019,AUG,Western Australia,Persons,Total,Without leave entitlements,628.6,32687.2
2020,AUG,Western Australia,Persons,Total,Without leave entitlements,700,36400
2021,AUG,Western Australia,Persons,Total,Without leave entitlements,560,29120
2022,AUG,Western Australia,Persons,Total,Without leave entitlements,648,33696
2023,AUG,Western Australia,Persons,Total,Without leave entitlements,650,33800
2024,AUG,Western Australia,Persons,Total,Without leave entitlements,740.5,38506
