year,state,sex,work_status,leave,median_weekly,rse_pct,reliability
2014,ACT,Females,Full-time,Total,1332.8,4.9,ok
2015,ACT,Females,Full-time,Total,1440.8,2.2,ok
2016,ACT,Females,Full-time,Total,1376.5,4.2,ok
2017,ACT,Females,Full-time,Total,1434.6,2.4,ok
2018,ACT,Females,Full-time,Total,1500.0,2.8,ok
2019,ACT,Females,Full-time,Total,1462.1,3.3,ok
2020,ACT,Females,Full-time,Total,1553.7,2.1,ok
2021,ACT,Females,Full-time,Total,1600.0,3.9,ok
2022,ACT,Females,Full-time,Total,1630.0,2.1,ok
2023,ACT,Females,Full-time,Total,1726.0,2.3,ok
2024,ACT,Females,Full-time,Total,1885.9,3.1,ok
2014,ACT,Females,Full-time,With leave entitlements,1356.0,4.1,ok
2015,ACT,Females,Full-time,With leave entitlements,1441.9,2.1,ok
2016,ACT,Females,Full-time,With leave entitlements,1378.8,3.3,ok
2017,ACT,Females,Full-time,With leave entitlements,1440.3,2.3,ok
2018,ACT,Females,Full-time,With leave entitlements,1500.0,2.5,ok
2019,ACT,Females,Full-time,With leave entitlements,1458.9,3.2,ok
2020,ACT,Females,Full-time,With leave entitlements,1585.2,2.0,ok
2021,ACT,Females,Full-time,With leave entitlements,1610.5,4.1,ok
2022,ACT,Females,Full-time,With leave entitlements,1649.5,2.6,ok
2023,ACT,Females,Full-time,With leave entitlements,1736.1,2.1,ok
2024,ACT,Females,Full-time,With leave entitlements,1882.9,2.8,ok
2014,ACT,Females,Full-time,Without leave entitlements,972.8,19.9,ok
2015,ACT,Females,Full-time,Without leave entitlements,1178.6,17.1,ok
2016,ACT,Females,Full-time,Without leave entitlements,1219.9,21.4,ok
2017,ACT,Females,Full-time,Without leave entitlements,889.8,64.3,unreliable
2018,ACT,Females,Full-time,Without leave entitlements,1256.7,16.9,ok
2019,ACT,Females,Full-time,Without leave entitlements,1575.6,18.3,ok
2020,ACT,Females,Full-time,Without leave entitlements,1182.8,15.4,ok
2021,ACT,Females,Full-time,Without leave entitlements,1280.9,25.9,caution
2022,ACT,Females,Full-time,Without leave entitlements,1498.2,10.3,ok
2023,ACT,Females,Full-time,Without leave entitlements,1239.0,21.6,ok
2024,ACT,Females,Full-time,Without leave entitlements,1881.3,29.7,caution
2014,ACT,Females,Part-time,Total,600.0,7.2,ok
2015,ACT,Females,Part-time,Total,600.0,8.0,ok
2016,ACT,Females,Part-time,Total,600.0,4.7,ok
2017,ACT,Females,Part-time,Total,560.8,8.8,ok
2018,ACT,Females,Part-time,Total,600.0,6.9,ok
2019,ACT,Females,Part-time,Total,662.0,9.9,ok
2020,ACT,Females,Part-time,Total,745.6,6.4,ok
2021,ACT,Females,Part-time,Total,765.2,6.6,ok
2022,ACT,Females,Part-time,Total,749.6,5.1,ok
2023,ACT,Females,Part-time,Total,700.0,7.4,ok
2024,ACT,Females,Part-time,Total,750.0,7.6,ok
2014,ACT,Females,Part-time,With leave entitlements,920.5,6.6,ok
2015,ACT,Females,Part-time,With leave entitlements,739.2,8.3,ok
2016,ACT,Females,Part-time,With leave entitlements,807.1,8.3,ok
2017,ACT,Females,Part-time,With leave entitlements,902.9,5.7,ok
2018,ACT,Females,Part-time,With leave entitlements,920.0,6.9,ok
2019,ACT,Females,Part-time,With leave entitlements,850.0,4.5,ok
2020,ACT,Females,Part-time,With leave entitlements,853.1,7.5,ok
2021,ACT,Females,Part-time,With leave entitlements,1000.0,8.6,ok
2022,ACT,Females,Part-time,With leave entitlements,925.5,6.8,ok
2023,ACT,Females,Part-time,With leave entitlements,1000.0,4.9,ok
2024,ACT,Females,Part-time,With leave entitlements,1050.0,9.7,ok
2014,ACT,Females,Part-time,Without leave entitlements,324.3,12.1,ok
2015,ACT,Females,Part-time,Without leave entitlements,371.5,10.7,ok
2016,ACT,Females,Part-time,Without leave entitlements,375.0,14.0,ok
2017,ACT,Females,Part-time,Without leave entitlements,300.0,9.9,ok
2018,ACT,Females,Part-time,Without leave entitlements,340.0,17.0,ok
2019,ACT,Females,Part-time,Without leave entitlements,302.5,10.7,ok
2020,ACT,Females,Part-time,Without leave entitlements,450.0,9.1,ok
2021,ACT,Females,Part-time,Without leave entitlements,382.5,23.3,ok
2022,ACT,Females,Part-time,Without leave entitlements,472.2,17.3,ok
2023,ACT,Females,Part-time,Without leave entitlements,354.0,17.2,ok
2024,ACT,Females,Part-time,Without leave entitlements,413.8,8.9,ok
2014,ACT,Females,Total,Total,1100.0,2.4,ok
2015,ACT,Females,Total,Total,1150.0,4.4,ok
2016,ACT,Females,Total,Total,1131.6,3.3,ok
2017,ACT,Females,Total,Total,1153.0,3.7,ok
2018,ACT,Females,Total,Total,1164.0,3.2,ok
2019,ACT,Females,Total,Total,1200.0,3.2,ok
2020,ACT,Females,Total,Total,1250.0,4.1,ok
2021,ACT,Females,Total,Total,1339.0,3.2,ok
2022,ACT,Females,Total,Total,1366.9,3.0,ok
2023,ACT,Females,Total,Total,1534.0,2.4,ok
2024,ACT,Females,Total,Total,1572.6,3.2,ok
2014,ACT,Females,Total,With leave entitlements,1214.6,3.1,ok
2015,ACT,Females,Total,With leave entitlements,1293.5,3.5,ok
2016,ACT,Females,Total,With leave entitlements,1250.0,3.0,ok
2017,ACT,Females,Total,With leave entitlements,1300.0,2.9,ok
2018,ACT,Females,Total,With leave entitlements,1399.7,2.9,ok
2019,ACT,Females,Total,With leave entitlements,1300.0,3.3,ok
2020,ACT,Females,Total,With leave entitlements,1450.0,2.2,ok
2021,ACT,Females,Total,With leave entitlements,1466.8,2.5,ok
2022,ACT,Females,Total,With leave entitlements,1500.0,3.4,ok
2023,ACT,Females,Total,With leave entitlements,1629.5,2.0,ok
2024,ACT,Females,Total,With leave entitlements,1749.9,3.2,ok
2014,ACT,Females,Total,Without leave entitlements,400.0,12.1,ok
2015,ACT,Females,Total,Without leave entitlements,432.5,14.1,ok
2016,ACT,Females,Total,Without leave entitlements,461.6,12.7,ok
2017,ACT,Females,Total,Without leave entitlements,350.0,7.3,ok
2018,ACT,Females,Total,Without leave entitlements,453.0,14.1,ok
2019,ACT,Females,Total,Without leave entitlements,355.6,14.3,ok
2020,ACT,Females,Total,Without leave entitlements,537.9,13.5,ok
2021,ACT,Females,Total,Without leave entitlements,630.2,13.6,ok
2022,ACT,Females,Total,Without leave entitlements,750.0,9.5,ok
2023,ACT,Females,Total,Without leave entitlements,506.6,14.7,ok
2024,ACT,Females,Total,Without leave entitlements,477.7,10.1,ok
2014,ACT,Males,Full-time,Total,1590.1,2.4,ok
2015,ACT,Males,Full-time,Total,1579.8,3.0,ok
2016,ACT,Males,Full-time,Total,1538.0,3.5,ok
2017,ACT,Males,Full-time,Total,1600.0,3.7,ok
2018,ACT,Males,Full-time,Total,1598.8,2.6,ok
2019,ACT,Males,Full-time,Total,1653.9,3.3,ok
2020,ACT,Males,Full-time,Total,1750.0,3.3,ok
2021,ACT,Males,Full-time,Total,1831.4,3.5,ok
2022,ACT,Males,Full-time,Total,1883.2,3.3,ok
2023,ACT,Males,Full-time,Total,1777.6,3.1,ok
2024,ACT,Males,Full-time,Total,1965.2,1.6,ok
2014,ACT,Males,Full-time,With leave entitlements,1599.4,2.6,ok
2015,ACT,Males,Full-time,With leave entitlements,1598.5,2.3,ok
2016,ACT,Males,Full-time,With leave entitlements,1546.7,3.3,ok
2017,ACT,Males,Full-time,With leave entitlements,1668.0,4.0,ok
2018,ACT,Males,Full-time,With leave entitlements,1600.0,2.6,ok
2019,ACT,Males,Full-time,With leave entitlements,1698.7,3.0,ok
2020,ACT,Males,Full-time,With leave entitlements,1750.0,3.6,ok
2021,ACT,Males,Full-time,With leave entitlements,1837.5,3.4,ok
2022,ACT,Males,Full-time,With leave entitlements,1900.6,2.6,ok
2023,ACT,Males,Full-time,With leave entitlements,1764.4,3.0,ok
2024,ACT,Males,Full-time,With leave entitlements,1964.3,2.1,ok
2014,ACT,Males,Full-time,Without leave entitlements,1488.6,18.3,ok
2015,ACT,Males,Full-time,Without leave entitlements,1267.7,25.7,caution
2016,ACT,Males,Full-time,Without leave entitlements,1364.9,15.8,ok
2017,ACT,Males,Full-time,Without leave entitlements,1159.9,9.1,ok
2018,ACT,Males,Full-time,Without leave entitlements,1445.9,41.6,caution
2019,ACT,Males,Full-time,Without leave entitlements,1232.5,27.5,caution
2020,ACT,Males,Full-time,Without leave entitlements,1883.4,19.1,ok
2021,ACT,Males,Full-time,Without leave entitlements,1680.2,30.6,caution
2022,ACT,Males,Full-time,Without leave entitlements,1548.6,40.0,caution
2023,ACT,Males,Full-time,Without leave entitlements,2024.7,16.1,ok
2024,ACT,Males,Full-time,Without leave entitlements,1977.7,20.1,ok
2014,ACT,Males,Part-time,Total,395.9,7.7,ok
2015,ACT,Males,Part-time,Total,386.4,17.0,ok
2016,ACT,Males,Part-time,Total,450.0,13.4,ok
2017,ACT,Males,Part-time,Total,398.1,15.6,ok
2018,ACT,Males,Part-time,Total,420.0,8.3,ok
2019,ACT,Males,Part-time,Total,500.0,12.7,ok
2020,ACT,Males,Part-time,Total,600.0,15.1,ok
2021,ACT,Males,Part-time,Total,606.4,18.9,ok
2022,ACT,Males,Part-time,Total,553.3,19.0,ok
2023,ACT,Males,Part-time,Total,416.0,18.0,ok
2024,ACT,Males,Part-time,Total,700.0,7.2,ok
2014,ACT,Males,Part-time,With leave entitlements,449.1,39.7,caution
2015,ACT,Males,Part-time,With leave entitlements,669.3,20.3,ok
2016,ACT,Males,Part-time,With leave entitlements,652.5,12.2,ok
2017,ACT,Males,Part-time,With leave entitlements,819.3,29.0,caution
2018,ACT,Males,Part-time,With leave entitlements,703.2,25.5,caution
2019,ACT,Males,Part-time,With leave entitlements,1004.5,15.2,ok
2020,ACT,Males,Part-time,With leave entitlements,857.6,18.4,ok
2021,ACT,Males,Part-time,With leave entitlements,892.8,13.5,ok
2022,ACT,Males,Part-time,With leave entitlements,785.8,27.7,caution
2023,ACT,Males,Part-time,With leave entitlements,738.0,8.7,ok
2024,ACT,Males,Part-time,With leave entitlements,860.5,16.4,ok
2014,ACT,Males,Part-time,Without leave entitlements,300.0,14.5,ok
2015,ACT,Males,Part-time,Without leave entitlements,329.7,14.1,ok
2016,ACT,Males,Part-time,Without leave entitlements,393.1,19.7,ok
2017,ACT,Males,Part-time,Without leave entitlements,347.9,25.7,caution
2018,ACT,Males,Part-time,Without leave entitlements,297.8,18.7,ok
2019,ACT,Males,Part-time,Without leave entitlements,350.0,17.0,ok
2020,ACT,Males,Part-time,Without leave entitlements,339.0,24.2,ok
2021,ACT,Males,Part-time,Without leave entitlements,460.8,20.7,ok
2022,ACT,Males,Part-time,Without leave entitlements,438.1,25.2,caution
2023,ACT,Males,Part-time,Without leave entitlements,274.2,20.0,ok
2024,ACT,Males,Part-time,Without leave entitlements,433.6,24.9,ok
2014,ACT,Males,Total,Total,1383.6,4.8,ok
2015,ACT,Males,Total,Total,1375.0,3.3,ok
2016,ACT,Males,Total,Total,1424.6,3.0,ok
2017,ACT,Males,Total,Total,1500.0,2.4,ok
2018,ACT,Males,Total,Total,1433.0,2.7,ok
2019,ACT,Males,Total,Total,1486.6,4.0,ok
2020,ACT,Males,Total,Total,1608.9,3.3,ok
2021,ACT,Males,Total,Total,1611.0,2.5,ok
2022,ACT,Males,Total,Total,1650.9,3.8,ok
2023,ACT,Males,Total,Total,1625.3,2.3,ok
2024,ACT,Males,Total,Total,1751.1,2.3,ok
2014,ACT,Males,Total,With leave entitlements,1538.1,3.7,ok
2015,ACT,Males,Total,With leave entitlements,1520.0,3.0,ok
2016,ACT,Males,Total,With leave entitlements,1507.0,3.7,ok
2017,ACT,Males,Total,With leave entitlements,1600.6,3.6,ok
2018,ACT,Males,Total,With leave entitlements,1554.3,2.0,ok
2019,ACT,Males,Total,With leave entitlements,1628.9,3.1,ok
2020,ACT,Males,Total,With leave entitlements,1679.3,4.1,ok
2021,ACT,Males,Total,With leave entitlements,1750.7,3.2,ok
2022,ACT,Males,Total,With leave entitlements,1851.1,2.9,ok
2023,ACT,Males,Total,With leave entitlements,1711.5,2.5,ok
2024,ACT,Males,Total,With leave entitlements,1883.1,3.0,ok
2014,ACT,Males,Total,Without leave entitlements,540.4,18.9,ok
2015,ACT,Males,Total,Without leave entitlements,540.2,10.3,ok
2016,ACT,Males,Total,Without leave entitlements,556.5,18.0,ok
2017,ACT,Males,Total,Without leave entitlements,686.2,13.0,ok
2018,ACT,Males,Total,Without leave entitlements,626.9,17.4,ok
2019,ACT,Males,Total,Without leave entitlements,701.0,18.2,ok
2020,ACT,Males,Total,Without leave entitlements,743.7,17.2,ok
2021,ACT,Males,Total,Without leave entitlements,900.0,12.4,ok
2022,ACT,Males,Total,Without leave entitlements,957.8,9.9,ok
2023,ACT,Males,Total,Without leave entitlements,585.8,22.5,ok
2024,ACT,Males,Total,Without leave entitlements,1199.4,15.7,ok
2014,ACT,Persons,Full-time,Total,1461.1,2.2,ok
2015,ACT,Persons,Full-time,Total,1500.0,1.5,ok
2016,ACT,Persons,Full-time,Total,1498.8,2.5,ok
2017,ACT,Persons,Full-time,Total,1500.0,1.4,ok
2018,ACT,Persons,Full-time,Total,1529.0,1.7,ok
2019,ACT,Persons,Full-time,Total,1551.8,2.2,ok
2020,ACT,Persons,Full-time,Total,1650.0,2.3,ok
2021,ACT,Persons,Full-time,Total,1726.0,3.2,ok
2022,ACT,Persons,Full-time,Total,1753.7,2.3,ok
2023,ACT,Persons,Full-time,Total,1750.0,2.2,ok
2024,ACT,Persons,Full-time,Total,1927.3,2.2,ok
2014,ACT,Persons,Full-time,With leave entitlements,1468.0,2.3,ok
2015,ACT,Persons,Full-time,With leave entitlements,1500.0,1.7,ok
2016,ACT,Persons,Full-time,With leave entitlements,1500.0,2.9,ok
2017,ACT,Persons,Full-time,With leave entitlements,1512.0,1.7,ok
2018,ACT,Persons,Full-time,With leave entitlements,1549.3,1.6,ok
2019,ACT,Persons,Full-time,With leave entitlements,1553.4,2.2,ok
2020,ACT,Persons,Full-time,With leave entitlements,1665.8,2.3,ok
2021,ACT,Persons,Full-time,With leave entitlements,1742.9,3.0,ok
2022,ACT,Persons,Full-time,With leave entitlements,1800.0,2.2,ok
2023,ACT,Persons,Full-time,With leave entitlements,1750.0,2.0,ok
2024,ACT,Persons,Full-time,With leave entitlements,1923.1,2.2,ok
2014,ACT,Persons,Full-time,Without leave entitlements,1216.0,16.6,ok
2015,ACT,Persons,Full-time,Without leave entitlements,1200.0,10.5,ok
2016,ACT,Persons,Full-time,Without leave entitlements,1277.0,14.6,ok
2017,ACT,Persons,Full-time,Without leave entitlements,1159.1,9.0,ok
2018,ACT,Persons,Full-time,Without leave entitlements,1354.7,20.4,ok
2019,ACT,Persons,Full-time,Without leave entitlements,1334.2,18.5,ok
2020,ACT,Persons,Full-time,Without leave entitlements,1477.7,10.5,ok
2021,ACT,Persons,Full-time,Without leave entitlements,1553.6,21.1,ok
2022,ACT,Persons,Full-time,Without leave entitlements,1523.0,7.6,ok
2023,ACT,Persons,Full-time,Without leave entitlements,1621.8,16.7,ok
2024,ACT,Persons,Full-time,Without leave entitlements,1983.5,11.1,ok
2014,ACT,Persons,Part-time,Total,499.5,9.2,ok
2015,ACT,Persons,Part-time,Total,516.8,7.1,ok
2016,ACT,Persons,Part-time,Total,580.4,4.9,ok
2017,ACT,Persons,Part-time,Total,507.9,7.8,ok
2018,ACT,Persons,Part-time,Total,550.0,6.1,ok
2019,ACT,Persons,Part-time,Total,586.1,8.7,ok
2020,ACT,Persons,Part-time,Total,700.0,6.6,ok
2021,ACT,Persons,Part-time,Total,700.0,6.0,ok
2022,ACT,Persons,Part-time,Total,700.0,6.1,ok
2023,ACT,Persons,Part-time,Total,630.4,6.7,ok
2024,ACT,Persons,Part-time,Total,704.0,4.4,ok
2014,ACT,Persons,Part-time,With leave entitlements,850.0,9.0,ok
2015,ACT,Persons,Part-time,With leave entitlements,726.8,7.9,ok
2016,ACT,Persons,Part-time,With leave entitlements,800.0,4.7,ok
2017,ACT,Persons,Part-time,With leave entitlements,900.0,5.8,ok
2018,ACT,Persons,Part-time,With leave entitlements,890.7,8.2,ok
2019,ACT,Persons,Part-time,With leave entitlements,856.5,6.0,ok
2020,ACT,Persons,Part-time,With leave entitlements,850.6,7.0,ok
2021,ACT,Persons,Part-time,With leave entitlements,923.5,4.6,ok
2022,ACT,Persons,Part-time,With leave entitlements,900.0,5.7,ok
2023,ACT,Persons,Part-time,With leave entitlements,895.9,5.6,ok
2024,ACT,Persons,Part-time,With leave entitlements,953.1,8.7,ok
2014,ACT,Persons,Part-time,Without leave entitlements,320.3,9.1,ok
2015,ACT,Persons,Part-time,Without leave entitlements,347.4,8.9,ok
2016,ACT,Persons,Part-time,Without leave entitlements,376.8,11.7,ok
2017,ACT,Persons,Part-time,Without leave entitlements,300.0,7.3,ok
2018,ACT,Persons,Part-time,Without leave entitlements,332.5,13.6,ok
2019,ACT,Persons,Part-time,Without leave entitlements,320.8,10.3,ok
2020,ACT,Persons,Part-time,Without leave entitlements,400.0,9.7,ok
2021,ACT,Persons,Part-time,Without leave entitlements,455.9,14.3,ok
2022,ACT,Persons,Part-time,Without leave entitlements,468.1,16.4,ok
2023,ACT,Persons,Part-time,Without leave entitlements,317.2,12.0,ok
2024,ACT,Persons,Part-time,Without leave entitlements,416.5,11.0,ok
2014,ACT,Persons,Total,Total,1200.0,2.4,ok
2015,ACT,Persons,Total,Total,1256.1,2.4,ok
2016,ACT,Persons,Total,Total,1250.0,2.1,ok
2017,ACT,Persons,Total,Total,1300.0,3.0,ok
2018,ACT,Persons,Total,Total,1300.0,2.4,ok
2019,ACT,Persons,Total,Total,1300.0,2.6,ok
2020,ACT,Persons,Total,Total,1450.0,1.8,ok
2021,ACT,Persons,Total,Total,1494.8,3.0,ok
2022,ACT,Persons,Total,Total,1500.0,3.2,ok
2023,ACT,Persons,Total,Total,1577.2,2.1,ok
2024,ACT,Persons,Total,Total,1687.7,2.3,ok
2014,ACT,Persons,Total,With leave entitlements,1356.0,2.4,ok
2015,ACT,Persons,Total,With leave entitlements,1400.0,2.1,ok
2016,ACT,Persons,Total,With leave entitlements,1383.7,2.8,ok
2017,ACT,Persons,Total,With leave entitlements,1446.7,1.8,ok
2018,ACT,Persons,Total,With leave entitlements,1498.8,1.9,ok
2019,ACT,Persons,Total,With leave entitlements,1452.8,1.9,ok
2020,ACT,Persons,Total,With leave entitlements,1550.0,1.6,ok
2021,ACT,Persons,Total,With leave entitlements,1600.0,2.6,ok
2022,ACT,Persons,Total,With leave entitlements,1630.0,1.9,ok
2023,ACT,Persons,Total,With leave entitlements,1654.0,1.9,ok
2024,ACT,Persons,Total,With leave entitlements,1785.7,2.6,ok
2014,ACT,Persons,Total,Without leave entitlements,450.0,5.7,ok
2015,ACT,Persons,Total,Without leave entitlements,479.1,8.4,ok
2016,ACT,Persons,Total,Without leave entitlements,500.0,9.2,ok
2017,ACT,Persons,Total,Without leave entitlements,414.3,11.7,ok
2018,ACT,Persons,Total,Without leave entitlements,507.0,9.1,ok
2019,ACT,Persons,Total,Without leave entitlements,517.2,12.7,ok
2020,ACT,Persons,Total,Without leave entitlements,594.8,10.7,ok
2021,ACT,Persons,Total,Without leave entitlements,750.0,7.5,ok
2022,ACT,Persons,Total,Without leave entitlements,800.0,7.9,ok
2023,ACT,Persons,Total,Without leave entitlements,520.3,13.2,ok
2024,ACT,Persons,Total,Without leave entitlements,750.0,12.3,ok
2014,AUS,Females,Full-time,Total,1100.0,0.6,ok
2015,AUS,Females,Full-time,Total,1125.4,1.1,ok
2016,AUS,Females,Full-time,Total,1150.0,0.7,ok
2017,AUS,Females,Full-time,Total,1190.9,1.1,ok
2018,AUS,Females,Full-time,Total,1235.1,1.0,ok
2019,AUS,Females,Full-time,Total,1250.0,0.3,ok
2020,AUS,Females,Full-time,Total,1342.0,1.2,ok
2021,AUS,Females,Full-time,Total,1374.3,1.1,ok
2022,AUS,Females,Full-time,Total,1438.0,0.9,ok
2023,AUS,Females,Full-time,Total,1500.0,0.0,ok
2024,AUS,Females,Full-time,Total,1598.1,0.8,ok
2014,AUS,Females,Full-time,With leave entitlements,1120.0,1.1,ok
2015,AUS,Females,Full-time,With leave entitlements,1150.0,0.5,ok
2016,AUS,Females,Full-time,With leave entitlements,1193.0,1.0,ok
2017,AUS,Females,Full-time,With leave entitlements,1208.0,1.0,ok
2018,AUS,Females,Full-time,With leave entitlements,1250.0,0.2,ok
2019,AUS,Females,Full-time,With leave entitlements,1288.0,0.8,ok
2020,AUS,Females,Full-time,With leave entitlements,1377.0,1.1,ok
2021,AUS,Females,Full-time,With leave entitlements,1400.0,1.1,ok
2022,AUS,Females,Full-time,With leave entitlements,1479.2,0.9,ok
2023,AUS,Females,Full-time,With leave entitlements,1519.7,0.6,ok
2024,AUS,Females,Full-time,With leave entitlements,1618.0,0.8,ok
2014,AUS,Females,Full-time,Without leave entitlements,900.0,2.1,ok
2015,AUS,Females,Full-time,Without leave entitlements,899.0,1.7,ok
2016,AUS,Females,Full-time,Without leave entitlements,900.0,2.5,ok
2017,AUS,Females,Full-time,Without leave entitlements,900.2,2.4,ok
2018,AUS,Females,Full-time,Without leave entitlements,987.8,1.6,ok
2019,AUS,Females,Full-time,Without leave entitlements,999.8,1.5,ok
2020,AUS,Females,Full-time,Without leave entitlements,967.0,2.7,ok
2021,AUS,Females,Full-time,Without leave entitlements,1052.3,1.9,ok
2022,AUS,Females,Full-time,Without leave entitlements,1121.4,1.5,ok
2023,AUS,Females,Full-time,Without leave entitlements,1159.8,2.5,ok
2024,AUS,Females,Full-time,Without leave entitlements,1250.0,2.1,ok
2014,AUS,Females,Part-time,Total,498.0,1.0,ok
2015,AUS,Females,Part-time,Total,500.0,0.6,ok
2016,AUS,Females,Part-time,Total,503.0,1.2,ok
2017,AUS,Females,Part-time,Total,535.0,1.9,ok
2018,AUS,Females,Part-time,Total,550.0,1.1,ok
2019,AUS,Females,Part-time,Total,573.9,2.2,ok
2020,AUS,Females,Part-time,Total,708.0,1.6,ok
2021,AUS,Females,Part-time,Total,613.0,1.6,ok
2022,AUS,Females,Part-time,Total,650.0,1.5,ok
2023,AUS,Females,Part-time,Total,700.0,0.7,ok
2024,AUS,Females,Part-time,Total,703.0,1.4,ok
2014,AUS,Females,Part-time,With leave entitlements,635.0,1.4,ok
2015,AUS,Females,Part-time,With leave entitlements,671.0,1.4,ok
2016,AUS,Females,Part-time,With leave entitlements,670.0,1.3,ok
2017,AUS,Females,Part-time,With leave entitlements,691.1,1.0,ok
2018,AUS,Females,Part-time,With leave entitlements,700.0,1.1,ok
2019,AUS,Females,Part-time,With leave entitlements,729.0,1.7,ok
2020,AUS,Females,Part-time,With leave entitlements,758.0,1.0,ok
2021,AUS,Females,Part-time,With leave entitlements,763.0,1.7,ok
2022,AUS,Females,Part-time,With leave entitlements,814.1,1.6,ok
2023,AUS,Females,Part-time,With leave entitlements,878.3,1.4,ok
2024,AUS,Females,Part-time,With leave entitlements,900.0,1.1,ok
2014,AUS,Females,Part-time,Without leave entitlements,300.0,1.5,ok
2015,AUS,Females,Part-time,Without leave entitlements,325.0,3.9,ok
2016,AUS,Females,Part-time,Without leave entitlements,335.0,2.6,ok
2017,AUS,Females,Part-time,Without leave entitlements,364.0,1.9,ok
2018,AUS,Females,Part-time,Without leave entitlements,374.9,3.4,ok
2019,AUS,Females,Part-time,Without leave entitlements,383.0,2.7,ok
2020,AUS,Females,Part-time,Without leave entitlements,480.0,2.7,ok
2021,AUS,Females,Part-time,Without leave entitlements,405.0,2.9,ok
2022,AUS,Females,Part-time,Without leave entitlements,423.7,3.0,ok
2023,AUS,Females,Part-time,Without leave entitlements,476.0,2.6,ok
2024,AUS,Females,Part-time,Without leave entitlements,434.8,2.9,ok
2014,AUS,Females,Total,Total,825.0,0.9,ok
2015,AUS,Females,Total,Total,850.0,0.7,ok
2016,AUS,Females,Total,Total,870.0,1.1,ok
2017,AUS,Females,Total,Total,899.0,0.7,ok
2018,AUS,Females,Total,Total,912.0,0.7,ok
2019,AUS,Females,Total,Total,950.0,0.7,ok
2020,AUS,Females,Total,Total,1000.0,0.6,ok
2021,AUS,Females,Total,Total,1020.0,1.3,ok
2022,AUS,Females,Total,Total,1093.0,0.9,ok
2023,AUS,Females,Total,Total,1150.0,0.3,ok
2024,AUS,Females,Total,Total,1200.0,0.5,ok
2014,AUS,Females,Total,With leave entitlements,973.2,0.8,ok
2015,AUS,Females,Total,With leave entitlements,999.0,0.7,ok
2016,AUS,Females,Total,With leave entitlements,1000.0,0.0,ok
2017,AUS,Females,Total,With leave entitlements,1014.0,0.9,ok
2018,AUS,Females,Total,With leave entitlements,1054.0,0.7,ok
2019,AUS,Females,Total,With leave entitlements,1100.0,0.5,ok
2020,AUS,Females,Total,With leave entitlements,1150.0,0.9,ok
2021,AUS,Females,Total,With leave entitlements,1197.7,1.0,ok
2022,AUS,Females,Total,With leave entitlements,1250.0,0.4,ok
2023,AUS,Females,Total,With leave entitlements,1319.0,0.9,ok
2024,AUS,Females,Total,With leave entitlements,1400.0,0.8,ok
2014,AUS,Females,Total,Without leave entitlements,360.0,2.4,ok
2015,AUS,Females,Total,Without leave entitlements,400.0,1.5,ok
2016,AUS,Females,Total,Without leave entitlements,400.0,1.3,ok
2017,AUS,Females,Total,Without leave entitlements,428.2,2.2,ok
2018,AUS,Females,Total,Without leave entitlements,450.0,2.7,ok
2019,AUS,Females,Total,Without leave entitlements,462.0,2.7,ok
2020,AUS,Females,Total,Without leave entitlements,571.0,2.9,ok
2021,AUS,Females,Total,Without leave entitlements,500.0,2.6,ok
2022,AUS,Females,Total,Without leave entitlements,550.0,4.6,ok
2023,AUS,Females,Total,Without leave entitlements,554.7,1.9,ok
2024,AUS,Females,Total,Without leave entitlements,550.0,4.1,ok
2014,AUS,Males,Full-time,Total,1302.0,0.8,ok
2015,AUS,Males,Full-time,Total,1300.0,0.6,ok
2016,AUS,Males,Full-time,Total,1333.0,1.0,ok
2017,AUS,Males,Full-time,Total,1361.0,1.1,ok
2018,AUS,Males,Full-time,Total,1425.0,0.9,ok
2019,AUS,Males,Full-time,Total,1473.0,1.1,ok
2020,AUS,Males,Full-time,Total,1500.0,0.0,ok
2021,AUS,Males,Full-time,Total,1538.0,1.2,ok
2022,AUS,Males,Full-time,Total,1600.0,0.6,ok
2023,AUS,Males,Full-time,Total,1700.0,1.1,ok
2024,AUS,Males,Full-time,Total,1789.0,1.0,ok
2014,AUS,Males,Full-time,With leave entitlements,1350.0,0.9,ok
2015,AUS,Males,Full-time,With leave entitlements,1350.0,0.9,ok
2016,AUS,Males,Full-time,With leave entitlements,1380.0,0.9,ok
2017,AUS,Males,Full-time,With leave entitlements,1418.0,0.9,ok
2018,AUS,Males,Full-time,With leave entitlements,1476.0,1.1,ok
2019,AUS,Males,Full-time,With leave entitlements,1500.0,0.0,ok
2020,AUS,Males,Full-time,With leave entitlements,1534.0,0.8,ok
2021,AUS,Males,Full-time,With leave entitlements,1600.0,0.9,ok
2022,AUS,Males,Full-time,With leave entitlements,1650.0,1.2,ok
2023,AUS,Males,Full-time,With leave entitlements,1736.3,1.0,ok
2024,AUS,Males,Full-time,With leave entitlements,1820.0,0.8,ok
2014,AUS,Males,Full-time,Without leave entitlements,1000.0,1.4,ok
2015,AUS,Males,Full-time,Without leave entitlements,1000.0,1.4,ok
2016,AUS,Males,Full-time,Without leave entitlements,1051.4,2.4,ok
2017,AUS,Males,Full-time,Without leave entitlements,1026.9,2.0,ok
2018,AUS,Males,Full-time,Without leave entitlements,1182.7,2.2,ok
2019,AUS,Males,Full-time,Without leave entitlements,1148.6,2.2,ok
2020,AUS,Males,Full-time,Without leave entitlements,1119.0,2.6,ok
2021,AUS,Males,Full-time,Without leave entitlements,1200.0,1.6,ok
2022,AUS,Males,Full-time,Without leave entitlements,1189.9,1.4,ok
2023,AUS,Males,Full-time,Without leave entitlements,1354.3,2.9,ok
2024,AUS,Males,Full-time,Without leave entitlements,1500.0,2.4,ok
2014,AUS,Males,Part-time,Total,400.0,2.1,ok
2015,AUS,Males,Part-time,Total,400.0,1.4,ok
2016,AUS,Males,Part-time,Total,416.0,3.1,ok
2017,AUS,Males,Part-time,Total,426.9,3.0,ok
2018,AUS,Males,Part-time,Total,460.0,2.5,ok
2019,AUS,Males,Part-time,Total,500.0,1.5,ok
2020,AUS,Males,Part-time,Total,550.0,2.8,ok
2021,AUS,Males,Part-time,Total,520.0,2.7,ok
2022,AUS,Males,Part-time,Total,542.0,3.4,ok
2023,AUS,Males,Part-time,Total,600.0,2.5,ok
2024,AUS,Males,Part-time,Total,623.0,2.0,ok
2014,AUS,Males,Part-time,With leave entitlements,576.8,4.0,ok
2015,AUS,Males,Part-time,With leave entitlements,620.0,2.0,ok
2016,AUS,Males,Part-time,With leave entitlements,600.0,4.9,ok
2017,AUS,Males,Part-time,With leave entitlements,637.6,3.4,ok
2018,AUS,Males,Part-time,With leave entitlements,651.3,3.5,ok
2019,AUS,Males,Part-time,With leave entitlements,700.0,3.6,ok
2020,AUS,Males,Part-time,With leave entitlements,750.0,0.5,ok
2021,AUS,Males,Part-time,With leave entitlements,750.0,3.4,ok
2022,AUS,Males,Part-time,With leave entitlements,771.8,2.2,ok
2023,AUS,Males,Part-time,With leave entitlements,800.0,2.9,ok
2024,AUS,Males,Part-time,With leave entitlements,826.1,1.9,ok
2014,AUS,Males,Part-time,Without leave entitlements,300.0,3.8,ok
2015,AUS,Males,Part-time,Without leave entitlements,320.0,3.9,ok
2016,AUS,Males,Part-time,Without leave entitlements,350.0,3.3,ok
2017,AUS,Males,Part-time,Without leave entitlements,336.0,2.4,ok
2018,AUS,Males,Part-time,Without leave entitlements,375.0,3.4,ok
2019,AUS,Males,Part-time,Without leave entitlements,400.0,3.0,ok
2020,AUS,Males,Part-time,Without leave entitlements,400.0,3.8,ok
2021,AUS,Males,Part-time,Without leave entitlements,384.9,3.3,ok
2022,AUS,Males,Part-time,Without leave entitlements,424.0,3.3,ok
2023,AUS,Males,Part-time,Without leave entitlements,461.9,3.5,ok
2024,AUS,Males,Part-time,Without leave entitlements,504.4,3.0,ok
2014,AUS,Males,Total,Total,1173.0,1.1,ok
2015,AUS,Males,Total,Total,1182.0,1.0,ok
2016,AUS,Males,Total,Total,1200.0,0.5,ok
2017,AUS,Males,Total,Total,1200.0,0.1,ok
2018,AUS,Males,Total,Total,1258.0,0.8,ok
2019,AUS,Males,Total,Total,1280.0,1.0,ok
2020,AUS,Males,Total,Total,1300.0,0.6,ok
2021,AUS,Males,Total,Total,1375.6,1.0,ok
2022,AUS,Males,Total,Total,1411.0,0.7,ok
2023,AUS,Males,Total,Total,1500.0,0.2,ok
2024,AUS,Males,Total,Total,1577.1,1.0,ok
2014,AUS,Males,Total,With leave entitlements,1300.0,0.7,ok
2015,AUS,Males,Total,With leave entitlements,1300.0,0.4,ok
2016,AUS,Males,Total,With leave entitlements,1305.0,0.8,ok
2017,AUS,Males,Total,With leave entitlements,1350.0,1.3,ok
2018,AUS,Males,Total,With leave entitlements,1400.0,0.7,ok
2019,AUS,Males,Total,With leave entitlements,1438.0,1.3,ok
2020,AUS,Males,Total,With leave entitlements,1490.0,0.9,ok
2021,AUS,Males,Total,With leave entitlements,1500.0,0.6,ok
2022,AUS,Males,Total,With leave entitlements,1587.2,0.8,ok
2023,AUS,Males,Total,With leave entitlements,1662.4,1.1,ok
2024,AUS,Males,Total,With leave entitlements,1729.8,0.7,ok
2014,AUS,Males,Total,Without leave entitlements,600.0,3.3,ok
2015,AUS,Males,Total,Without leave entitlements,600.0,3.2,ok
2016,AUS,Males,Total,Without leave entitlements,600.0,3.0,ok
2017,AUS,Males,Total,Without leave entitlements,664.6,2.9,ok
2018,AUS,Males,Total,Without leave entitlements,690.0,3.3,ok
2019,AUS,Males,Total,Without leave entitlements,700.0,2.3,ok
2020,AUS,Males,Total,Without leave entitlements,740.5,2.6,ok
2021,AUS,Males,Total,Without leave entitlements,700.0,3.2,ok
2022,AUS,Males,Total,Without leave entitlements,792.7,2.2,ok
2023,AUS,Males,Total,Without leave entitlements,772.0,1.8,ok
2024,AUS,Males,Total,Without leave entitlements,842.8,3.3,ok
2014,AUS,Persons,Full-time,Total,1208.0,1.0,ok
2015,AUS,Persons,Full-time,Total,1230.0,1.0,ok
2016,AUS,Persons,Full-time,Total,1250.0,0.1,ok
2017,AUS,Persons,Full-time,Total,1281.0,1.0,ok
2018,AUS,Persons,Full-time,Total,1342.0,0.8,ok
2019,AUS,Persons,Full-time,Total,1375.0,0.7,ok
2020,AUS,Persons,Full-time,Total,1435.0,0.9,ok
2021,AUS,Persons,Full-time,Total,1486.9,0.8,ok
2022,AUS,Persons,Full-time,Total,1500.4,0.5,ok
2023,AUS,Persons,Full-time,Total,1600.0,0.4,ok
2024,AUS,Persons,Full-time,Total,1700.0,0.6,ok
2014,AUS,Persons,Full-time,With leave entitlements,1250.0,0.3,ok
2015,AUS,Persons,Full-time,With leave entitlements,1250.0,0.2,ok
2016,AUS,Persons,Full-time,With leave entitlements,1281.0,0.8,ok
2017,AUS,Persons,Full-time,With leave entitlements,1323.0,0.9,ok
2018,AUS,Persons,Full-time,With leave entitlements,1378.6,0.9,ok
2019,AUS,Persons,Full-time,With leave entitlements,1400.0,0.3,ok
2020,AUS,Persons,Full-time,With leave entitlements,1485.0,0.9,ok
2021,AUS,Persons,Full-time,With leave entitlements,1500.0,0.2,ok
2022,AUS,Persons,Full-time,With leave entitlements,1562.0,0.6,ok
2023,AUS,Persons,Full-time,With leave entitlements,1630.0,0.7,ok
2024,AUS,Persons,Full-time,With leave entitlements,1731.0,0.6,ok
2014,AUS,Persons,Full-time,Without leave entitlements,960.0,1.4,ok
2015,AUS,Persons,Full-time,Without leave entitlements,1000.0,1.0,ok
2016,AUS,Persons,Full-time,Without leave entitlements,1000.0,0.5,ok
2017,AUS,Persons,Full-time,Without leave entitlements,1000.0,0.0,ok
2018,AUS,Persons,Full-time,Without leave entitlements,1099.4,1.2,ok
2019,AUS,Persons,Full-time,Without leave entitlements,1080.0,1.7,ok
2020,AUS,Persons,Full-time,Without leave entitlements,1080.0,1.7,ok
2021,AUS,Persons,Full-time,Without leave entitlements,1130.2,1.6,ok
2022,AUS,Persons,Full-time,Without leave entitlements,1153.0,1.8,ok
2023,AUS,Persons,Full-time,Without leave entitlements,1277.7,2.3,ok
2024,AUS,Persons,Full-time,Without leave entitlements,1400.0,1.6,ok
2014,AUS,Persons,Part-time,Total,460.0,1.4,ok
2015,AUS,Persons,Part-time,Total,483.0,1.2,ok
2016,AUS,Persons,Part-time,Total,487.0,1.0,ok
2017,AUS,Persons,Part-time,Total,500.0,0.1,ok
2018,AUS,Persons,Part-time,Total,525.0,1.6,ok
2019,AUS,Persons,Part-time,Total,549.0,1.0,ok
2020,AUS,Persons,Part-time,Total,674.0,1.8,ok
2021,AUS,Persons,Part-time,Total,600.0,0.7,ok
2022,AUS,Persons,Part-time,Total,617.0,1.5,ok
2023,AUS,Persons,Part-time,Total,657.0,0.9,ok
2024,AUS,Persons,Part-time,Total,691.1,1.2,ok
2014,AUS,Persons,Part-time,With leave entitlements,620.0,1.6,ok
2015,AUS,Persons,Part-time,With leave entitlements,650.0,1.0,ok
2016,AUS,Persons,Part-time,With leave entitlements,650.0,0.8,ok
2017,AUS,Persons,Part-time,With leave entitlements,685.0,1.4,ok
2018,AUS,Persons,Part-time,With leave entitlements,700.0,0.8,ok
2019,AUS,Persons,Part-time,With leave entitlements,722.0,1.8,ok
2020,AUS,Persons,Part-time,With leave entitlements,750.0,0.6,ok
2021,AUS,Persons,Part-time,With leave entitlements,755.6,1.3,ok
2022,AUS,Persons,Part-time,With leave entitlements,801.0,1.6,ok
2023,AUS,Persons,Part-time,With leave entitlements,853.8,1.7,ok
2024,AUS,Persons,Part-time,With leave entitlements,900.0,1.0,ok
2014,AUS,Persons,Part-time,Without leave entitlements,300.0,0.6,ok
2015,AUS,Persons,Part-time,Without leave entitlements,322.7,3.6,ok
2016,AUS,Persons,Part-time,Without leave entitlements,345.0,2.0,ok
2017,AUS,Persons,Part-time,Without leave entitlements,350.0,2.0,ok
2018,AUS,Persons,Part-time,Without leave entitlements,375.0,3.1,ok
2019,AUS,Persons,Part-time,Without leave entitlements,390.0,2.0,ok
2020,AUS,Persons,Part-time,Without leave entitlements,450.0,2.8,ok
2021,AUS,Persons,Part-time,Without leave entitlements,400.0,2.2,ok
2022,AUS,Persons,Part-time,Without leave entitlements,424.0,3.0,ok
2023,AUS,Persons,Part-time,Without leave entitlements,470.0,2.1,ok
2024,AUS,Persons,Part-time,Without leave entitlements,458.4,2.4,ok
2014,AUS,Persons,Total,Total,1000.0,0.5,ok
2015,AUS,Persons,Total,Total,1000.0,0.0,ok
2016,AUS,Persons,Total,Total,1000.0,0.0,ok
2017,AUS,Persons,Total,Total,1016.0,0.9,ok
2018,AUS,Persons,Total,Total,1074.0,1.1,ok
2019,AUS,Persons,Total,Total,1100.0,0.0,ok
2020,AUS,Persons,Total,Total,1150.0,0.5,ok
2021,AUS,Persons,Total,Total,1200.0,0.4,ok
2022,AUS,Persons,Total,Total,1248.0,0.4,ok
2023,AUS,Persons,Total,Total,1300.0,0.4,ok
2024,AUS,Persons,Total,Total,1396.0,0.5,ok
2014,AUS,Persons,Total,With leave entitlements,1127.0,1.1,ok
2015,AUS,Persons,Total,With leave entitlements,1150.0,0.5,ok
2016,AUS,Persons,Total,With leave entitlements,1153.0,0.8,ok
2017,AUS,Persons,Total,With leave entitlements,1200.0,0.9,ok
2018,AUS,Persons,Total,With leave entitlements,1235.0,0.9,ok
2019,AUS,Persons,Total,With leave entitlements,1250.0,0.1,ok
2020,AUS,Persons,Total,With leave entitlements,1300.0,0.5,ok
2021,AUS,Persons,Total,With leave entitlements,1344.0,0.7,ok
2022,AUS,Persons,Total,With leave entitlements,1417.7,0.7,ok
2023,AUS,Persons,Total,With leave entitlements,1500.0,0.2,ok
2024,AUS,Persons,Total,With leave entitlements,1549.0,0.7,ok
2014,AUS,Persons,Total,Without leave entitlements,450.0,2.0,ok
2015,AUS,Persons,Total,Without leave entitlements,479.0,2.5,ok
2016,AUS,Persons,Total,Without leave entitlements,500.0,1.1,ok
2017,AUS,Persons,Total,Without leave entitlements,500.0,1.1,ok
2018,AUS,Persons,Total,Without leave entitlements,525.0,2.4,ok
2019,AUS,Persons,Total,Without leave entitlements,548.0,1.5,ok
2020,AUS,Persons,Total,Without leave entitlements,620.0,2.1,ok
2021,AUS,Persons,Total,Without leave entitlements,582.0,2.2,ok
2022,AUS,Persons,Total,Without leave entitlements,630.0,2.3,ok
2023,AUS,Persons,Total,Without leave entitlements,638.1,2.0,ok
2024,AUS,Persons,Total,Without leave entitlements,658.0,2.3,ok
2014,NSW,Females,Full-time,Total,1150.0,1.8,ok
2015,NSW,Females,Full-time,Total,1140.2,1.2,ok
2016,NSW,Females,Full-time,Total,1157.4,1.6,ok
2017,NSW,Females,Full-time,Total,1200.0,2.0,ok
2018,NSW,Females,Full-time,Total,1250.0,0.5,ok
2019,NSW,Females,Full-time,Total,1281.0,1.8,ok
2020,NSW,Females,Full-time,Total,1343.8,1.9,ok
2021,NSW,Females,Full-time,Total,1400.4,1.8,ok
2022,NSW,Females,Full-time,Total,1428.0,2.0,ok
2023,NSW,Females,Full-time,Total,1538.0,1.6,ok
2024,NSW,Females,Full-time,Total,1632.9,1.7,ok
2014,NSW,Females,Full-time,With leave entitlements,1155.6,1.3,ok
2015,NSW,Females,Full-time,With leave entitlements,1150.0,1.8,ok
2016,NSW,Females,Full-time,With leave entitlements,1200.0,1.8,ok
2017,NSW,Females,Full-time,With leave entitlements,1225.0,1.1,ok
2018,NSW,Females,Full-time,With leave entitlements,1278.1,1.0,ok
2019,NSW,Females,Full-time,With leave entitlements,1330.0,2.4,ok
2020,NSW,Females,Full-time,With leave entitlements,1383.2,2.0,ok
2021,NSW,Females,Full-time,With leave entitlements,1457.0,1.8,ok
2022,NSW,Females,Full-time,With leave entitlements,1458.6,1.7,ok
2023,NSW,Females,Full-time,With leave entitlements,1576.6,1.4,ok
2024,NSW,Females,Full-time,With leave entitlements,1700.0,1.9,ok
2014,NSW,Females,Full-time,Without leave entitlements,900.0,4.5,ok
2015,NSW,Females,Full-time,Without leave entitlements,903.9,5.1,ok
2016,NSW,Females,Full-time,Without leave entitlements,924.6,4.3,ok
2017,NSW,Females,Full-time,Without leave entitlements,1000.0,3.9,ok
2018,NSW,Females,Full-time,Without leave entitlements,1000.0,5.9,ok
2019,NSW,Females,Full-time,Without leave entitlements,985.3,5.2,ok
2020,NSW,Females,Full-time,Without leave entitlements,1000.0,4.0,ok
2021,NSW,Females,Full-time,Without leave entitlements,1100.0,4.6,ok
2022,NSW,Females,Full-time,Without leave entitlements,1126.4,7.4,ok
2023,NSW,Females,Full-time,Without leave entitlements,1194.3,5.0,ok
2024,NSW,Females,Full-time,Without leave entitlements,1104.9,7.5,ok
2014,NSW,Females,Part-time,Total,500.0,1.1,ok
2015,NSW,Females,Part-time,Total,500.0,1.5,ok
2016,NSW,Females,Part-time,Total,536.9,3.6,ok
2017,NSW,Females,Part-time,Total,528.0,2.4,ok
2018,NSW,Females,Part-time,Total,553.1,3.5,ok
2019,NSW,Females,Part-time,Total,580.0,2.4,ok
2020,NSW,Females,Part-time,Total,709.5,2.2,ok
2021,NSW,Females,Part-time,Total,644.5,3.3,ok
2022,NSW,Females,Part-time,Total,659.6,1.6,ok
2023,NSW,Females,Part-time,Total,662.7,2.2,ok
2024,NSW,Females,Part-time,Total,675.0,3.6,ok
2014,NSW,Females,Part-time,With leave entitlements,675.0,1.9,ok
2015,NSW,Females,Part-time,With leave entitlements,687.5,1.9,ok
2016,NSW,Females,Part-time,With leave entitlements,700.0,2.7,ok
2017,NSW,Females,Part-time,With leave entitlements,681.1,1.9,ok
2018,NSW,Females,Part-time,With leave entitlements,700.0,2.4,ok
2019,NSW,Females,Part-time,With leave entitlements,750.0,3.3,ok
2020,NSW,Females,Part-time,With leave entitlements,750.0,1.6,ok
2021,NSW,Females,Part-time,With leave entitlements,780.0,1.6,ok
2022,NSW,Females,Part-time,With leave entitlements,850.0,3.0,ok
2023,NSW,Females,Part-time,With leave entitlements,866.0,2.3,ok
2024,NSW,Females,Part-time,With leave entitlements,900.0,3.5,ok
2014,NSW,Females,Part-time,Without leave entitlements,298.0,3.7,ok
2015,NSW,Females,Part-time,Without leave entitlements,326.1,4.7,ok
2016,NSW,Females,Part-time,Without leave entitlements,350.0,4.4,ok
2017,NSW,Females,Part-time,Without leave entitlements,373.1,2.6,ok
2018,NSW,Females,Part-time,Without leave entitlements,400.0,3.7,ok
2019,NSW,Females,Part-time,Without leave entitlements,375.0,4.5,ok
2020,NSW,Females,Part-time,Without leave entitlements,480.0,2.7,ok
2021,NSW,Females,Part-time,Without leave entitlements,437.0,4.7,ok
2022,NSW,Females,Part-time,Without leave entitlements,435.1,4.1,ok
2023,NSW,Females,Part-time,Without leave entitlements,480.0,3.2,ok
2024,NSW,Females,Part-time,Without leave entitlements,446.1,5.6,ok
2014,NSW,Females,Total,Total,850.0,1.6,ok
2015,NSW,Females,Total,Total,867.0,1.5,ok
2016,NSW,Females,Total,Total,900.0,1.2,ok
2017,NSW,Females,Total,Total,900.0,0.9,ok
2018,NSW,Females,Total,Total,939.0,1.5,ok
2019,NSW,Females,Total,Total,1000.0,1.5,ok
2020,NSW,Females,Total,Total,1000.0,1.2,ok
2021,NSW,Females,Total,Total,1107.2,1.4,ok
2022,NSW,Females,Total,Total,1094.0,1.3,ok
2023,NSW,Females,Total,Total,1199.0,1.4,ok
2024,NSW,Females,Total,Total,1224.5,1.0,ok
2014,NSW,Females,Total,With leave entitlements,1000.0,0.5,ok
2015,NSW,Females,Total,With leave entitlements,1000.0,1.0,ok
2016,NSW,Females,Total,With leave entitlements,1001.0,1.3,ok
2017,NSW,Females,Total,With leave entitlements,1050.0,1.7,ok
2018,NSW,Females,Total,With leave entitlements,1093.0,1.2,ok
2019,NSW,Females,Total,With leave entitlements,1150.0,1.6,ok
2020,NSW,Females,Total,With leave entitlements,1182.5,1.1,ok
2021,NSW,Females,Total,With leave entitlements,1250.0,1.6,ok
2022,NSW,Females,Total,With leave entitlements,1250.0,1.1,ok
2023,NSW,Females,Total,With leave entitlements,1387.7,1.4,ok
2024,NSW,Females,Total,With leave entitlements,1446.1,1.8,ok
2014,NSW,Females,Total,Without leave entitlements,350.0,5.8,ok
2015,NSW,Females,Total,Without leave entitlements,400.0,3.9,ok
2016,NSW,Females,Total,Without leave entitlements,420.0,6.3,ok
2017,NSW,Females,Total,Without leave entitlements,445.2,4.9,ok
2018,NSW,Females,Total,Without leave entitlements,499.0,4.7,ok
2019,NSW,Females,Total,Without leave entitlements,460.2,4.4,ok
2020,NSW,Females,Total,Without leave entitlements,569.9,4.3,ok
2021,NSW,Females,Total,Without leave entitlements,527.4,5.8,ok
2022,NSW,Females,Total,Without leave entitlements,550.0,4.6,ok
2023,NSW,Females,Total,Without leave entitlements,560.0,4.4,ok
2024,NSW,Females,Total,Without leave entitlements,547.7,4.7,ok
2014,NSW,Males,Full-time,Total,1300.0,1.8,ok
2015,NSW,Males,Full-time,Total,1346.0,1.6,ok
2016,NSW,Males,Full-time,Total,1341.1,1.3,ok
2017,NSW,Males,Full-time,Total,1360.7,1.9,ok
2018,NSW,Males,Full-time,Total,1442.0,1.8,ok
2019,NSW,Males,Full-time,Total,1494.0,1.7,ok
2020,NSW,Males,Full-time,Total,1500.0,0.9,ok
2021,NSW,Males,Full-time,Total,1564.7,1.8,ok
2022,NSW,Males,Full-time,Total,1600.0,1.5,ok
2023,NSW,Males,Full-time,Total,1700.0,1.4,ok
2024,NSW,Males,Full-time,Total,1730.0,1.1,ok
2014,NSW,Males,Full-time,With leave entitlements,1350.0,1.9,ok
2015,NSW,Males,Full-time,With leave entitlements,1380.0,1.4,ok
2016,NSW,Males,Full-time,With leave entitlements,1380.0,1.6,ok
2017,NSW,Males,Full-time,With leave entitlements,1425.0,2.2,ok
2018,NSW,Males,Full-time,With leave entitlements,1500.0,1.3,ok
2019,NSW,Males,Full-time,With leave entitlements,1500.0,1.3,ok
2020,NSW,Males,Full-time,With leave entitlements,1520.0,1.2,ok
2021,NSW,Males,Full-time,With leave entitlements,1629.8,1.9,ok
2022,NSW,Males,Full-time,With leave entitlements,1662.0,1.8,ok
2023,NSW,Males,Full-time,With leave entitlements,1726.0,1.5,ok
2024,NSW,Males,Full-time,With leave entitlements,1769.0,1.3,ok
2014,NSW,Males,Full-time,Without leave entitlements,972.8,2.6,ok
2015,NSW,Males,Full-time,Without leave entitlements,1000.0,2.8,ok
2016,NSW,Males,Full-time,Without leave entitlements,1000.0,3.8,ok
2017,NSW,Males,Full-time,Without leave entitlements,1000.0,2.4,ok
2018,NSW,Males,Full-time,Without leave entitlements,1100.0,4.6,ok
2019,NSW,Males,Full-time,Without leave entitlements,1047.5,3.7,ok
2020,NSW,Males,Full-time,Without leave entitlements,1100.0,4.6,ok
2021,NSW,Males,Full-time,Without leave entitlements,1172.4,3.6,ok
2022,NSW,Males,Full-time,Without leave entitlements,1019.0,2.6,ok
2023,NSW,Males,Full-time,Without leave entitlements,1400.0,4.6,ok
2024,NSW,Males,Full-time,Without leave entitlements,1376.4,3.2,ok
2014,NSW,Males,Part-time,Total,400.0,4.5,ok
2015,NSW,Males,Part-time,Total,400.0,6.3,ok
2016,NSW,Males,Part-time,Total,444.8,4.1,ok
2017,NSW,Males,Part-time,Total,450.0,4.9,ok
2018,NSW,Males,Part-time,Total,465.9,4.4,ok
2019,NSW,Males,Part-time,Total,500.0,4.5,ok
2020,NSW,Males,Part-time,Total,550.0,7.0,ok
2021,NSW,Males,Part-time,Total,537.6,6.1,ok
2022,NSW,Males,Part-time,Total,560.0,3.8,ok
2023,NSW,Males,Part-time,Total,600.0,4.1,ok
2024,NSW,Males,Part-time,Total,669.9,5.7,ok
2014,NSW,Males,Part-time,With leave entitlements,578.4,6.7,ok
2015,NSW,Males,Part-time,With leave entitlements,597.8,5.7,ok
2016,NSW,Males,Part-time,With leave entitlements,599.8,7.4,ok
2017,NSW,Males,Part-time,With leave entitlements,662.0,6.3,ok
2018,NSW,Males,Part-time,With leave entitlements,623.5,4.8,ok
2019,NSW,Males,Part-time,With leave entitlements,744.4,4.4,ok
2020,NSW,Males,Part-time,With leave entitlements,750.0,1.7,ok
2021,NSW,Males,Part-time,With leave entitlements,750.0,7.7,ok
2022,NSW,Males,Part-time,With leave entitlements,700.0,6.9,ok
2023,NSW,Males,Part-time,With leave entitlements,800.0,4.4,ok
2024,NSW,Males,Part-time,With leave entitlements,890.3,5.1,ok
2014,NSW,Males,Part-time,Without leave entitlements,300.0,6.6,ok
2015,NSW,Males,Part-time,Without leave entitlements,315.7,7.8,ok
2016,NSW,Males,Part-time,Without leave entitlements,375.0,4.9,ok
2017,NSW,Males,Part-time,Without leave entitlements,355.2,6.8,ok
2018,NSW,Males,Part-time,Without leave entitlements,400.0,3.2,ok
2019,NSW,Males,Part-time,Without leave entitlements,421.5,5.0,ok
2020,NSW,Males,Part-time,Without leave entitlements,399.1,6.3,ok
2021,NSW,Males,Part-time,Without leave entitlements,388.9,8.1,ok
2022,NSW,Males,Part-time,Without leave entitlements,469.1,5.3,ok
2023,NSW,Males,Part-time,Without leave entitlements,480.0,7.4,ok
2024,NSW,Males,Part-time,Without leave entitlements,561.7,6.6,ok
2014,NSW,Males,Total,Total,1184.0,1.2,ok
2015,NSW,Males,Total,Total,1200.0,0.5,ok
2016,NSW,Males,Total,Total,1200.0,0.4,ok
2017,NSW,Males,Total,Total,1200.0,1.6,ok
2018,NSW,Males,Total,Total,1267.0,1.8,ok
2019,NSW,Males,Total,Total,1295.2,1.6,ok
2020,NSW,Males,Total,Total,1300.0,1.6,ok
2021,NSW,Males,Total,Total,1400.0,1.3,ok
2022,NSW,Males,Total,Total,1400.0,1.1,ok
2023,NSW,Males,Total,Total,1500.0,1.0,ok
2024,NSW,Males,Total,Total,1500.0,0.7,ok
2014,NSW,Males,Total,With leave entitlements,1300.0,1.9,ok
2015,NSW,Males,Total,With leave entitlements,1342.0,1.5,ok
2016,NSW,Males,Total,With leave entitlements,1324.8,1.0,ok
2017,NSW,Males,Total,With leave entitlements,1352.6,2.2,ok
2018,NSW,Males,Total,With leave entitlements,1437.4,1.7,ok
2019,NSW,Males,Total,With leave entitlements,1472.8,1.7,ok
2020,NSW,Males,Total,With leave entitlements,1495.0,1.1,ok
2021,NSW,Males,Total,With leave entitlements,1549.5,1.6,ok
2022,NSW,Males,Total,With leave entitlements,1591.0,1.5,ok
2023,NSW,Males,Total,With leave entitlements,1674.6,1.3,ok
2024,NSW,Males,Total,With leave entitlements,1693.0,1.2,ok
2014,NSW,Males,Total,Without leave entitlements,560.0,4.8,ok
2015,NSW,Males,Total,Without leave entitlements,600.0,7.2,ok
2016,NSW,Males,Total,Without leave entitlements,600.0,7.7,ok
2017,NSW,Males,Total,Without leave entitlements,649.2,3.9,ok
2018,NSW,Males,Total,Without leave entitlements,672.5,5.7,ok
2019,NSW,Males,Total,Without leave entitlements,656.0,4.0,ok
2020,NSW,Males,Total,Without leave entitlements,665.8,6.1,ok
2021,NSW,Males,Total,Without leave entitlements,690.0,5.5,ok
2022,NSW,Males,Total,Without leave entitlements,778.1,5.0,ok
2023,NSW,Males,Total,Without leave entitlements,752.2,6.5,ok
2024,NSW,Males,Total,Without leave entitlements,800.0,5.2,ok
2014,NSW,Persons,Full-time,Total,1250.0,1.3,ok
2015,NSW,Persons,Full-time,Total,1250.0,1.0,ok
2016,NSW,Persons,Full-time,Total,1250.0,1.0,ok
2017,NSW,Persons,Full-time,Total,1281.0,1.2,ok
2018,NSW,Persons,Full-time,Total,1358.6,1.3,ok
2019,NSW,Persons,Full-time,Total,1400.0,1.6,ok
2020,NSW,Persons,Full-time,Total,1425.0,1.0,ok
2021,NSW,Persons,Full-time,Total,1500.0,0.8,ok
2022,NSW,Persons,Full-time,Total,1500.0,0.7,ok
2023,NSW,Persons,Full-time,Total,1622.3,1.1,ok
2024,NSW,Persons,Full-time,Total,1700.0,1.0,ok
2014,NSW,Persons,Full-time,With leave entitlements,1265.0,1.0,ok
2015,NSW,Persons,Full-time,With leave entitlements,1281.0,1.1,ok
2016,NSW,Persons,Full-time,With leave entitlements,1300.0,1.2,ok
2017,NSW,Persons,Full-time,With leave entitlements,1334.0,1.5,ok
2018,NSW,Persons,Full-time,With leave entitlements,1400.0,1.1,ok
2019,NSW,Persons,Full-time,With leave entitlements,1438.5,1.7,ok
2020,NSW,Persons,Full-time,With leave entitlements,1487.4,1.0,ok
2021,NSW,Persons,Full-time,With leave entitlements,1534.0,1.2,ok
2022,NSW,Persons,Full-time,With leave entitlements,1574.1,1.1,ok
2023,NSW,Persons,Full-time,With leave entitlements,1668.0,1.4,ok
2024,NSW,Persons,Full-time,With leave entitlements,1733.7,0.8,ok
2014,NSW,Persons,Full-time,Without leave entitlements,950.0,2.7,ok
2015,NSW,Persons,Full-time,Without leave entitlements,994.2,2.0,ok
2016,NSW,Persons,Full-time,Without leave entitlements,980.0,2.2,ok
2017,NSW,Persons,Full-time,Without leave entitlements,1000.0,1.4,ok
2018,NSW,Persons,Full-time,Without leave entitlements,1037.5,2.7,ok
2019,NSW,Persons,Full-time,Without leave entitlements,1000.0,2.6,ok
2020,NSW,Persons,Full-time,Without leave entitlements,1058.3,2.5,ok
2021,NSW,Persons,Full-time,Without leave entitlements,1100.0,2.6,ok
2022,NSW,Persons,Full-time,Without leave entitlements,1072.7,3.0,ok
2023,NSW,Persons,Full-time,Without leave entitlements,1289.9,4.0,ok
2024,NSW,Persons,Full-time,Without leave entitlements,1288.2,4.7,ok
2014,NSW,Persons,Part-time,Total,479.0,2.4,ok
2015,NSW,Persons,Part-time,Total,480.0,2.7,ok
2016,NSW,Persons,Part-time,Total,500.0,1.9,ok
2017,NSW,Persons,Part-time,Total,500.0,2.3,ok
2018,NSW,Persons,Part-time,Total,525.0,2.4,ok
2019,NSW,Persons,Part-time,Total,550.0,3.9,ok
2020,NSW,Persons,Part-time,Total,674.0,2.1,ok
2021,NSW,Persons,Part-time,Total,600.0,2.7,ok
2022,NSW,Persons,Part-time,Total,622.5,2.0,ok
2023,NSW,Persons,Part-time,Total,650.0,2.2,ok
2024,NSW,Persons,Part-time,Total,675.0,2.4,ok
2014,NSW,Persons,Part-time,With leave entitlements,650.0,2.5,ok
2015,NSW,Persons,Part-time,With leave entitlements,650.0,2.1,ok
2016,NSW,Persons,Part-time,With leave entitlements,667.7,1.9,ok
2017,NSW,Persons,Part-time,With leave entitlements,678.3,2.0,ok
2018,NSW,Persons,Part-time,With leave entitlements,675.0,1.9,ok
2019,NSW,Persons,Part-time,With leave entitlements,750.0,2.7,ok
2020,NSW,Persons,Part-time,With leave entitlements,750.0,1.5,ok
2021,NSW,Persons,Part-time,With leave entitlements,779.1,1.6,ok
2022,NSW,Persons,Part-time,With leave entitlements,808.1,3.7,ok
2023,NSW,Persons,Part-time,With leave entitlements,840.0,2.4,ok
2024,NSW,Persons,Part-time,With leave entitlements,900.0,2.6,ok
2014,NSW,Persons,Part-time,Without leave entitlements,300.0,2.4,ok
2015,NSW,Persons,Part-time,Without leave entitlements,323.5,3.9,ok
2016,NSW,Persons,Part-time,Without leave entitlements,355.9,1.8,ok
2017,NSW,Persons,Part-time,Without leave entitlements,368.2,2.9,ok
2018,NSW,Persons,Part-time,Without leave entitlements,400.0,1.8,ok
2019,NSW,Persons,Part-time,Without leave entitlements,400.0,3.8,ok
2020,NSW,Persons,Part-time,Without leave entitlements,450.0,4.1,ok
2021,NSW,Persons,Part-time,Without leave entitlements,420.0,4.0,ok
2022,NSW,Persons,Part-time,Without leave entitlements,450.0,3.0,ok
2023,NSW,Persons,Part-time,Without leave entitlements,480.0,2.7,ok
2024,NSW,Persons,Part-time,Without leave entitlements,499.0,3.5,ok
2014,NSW,Persons,Total,Total,1000.0,0.3,ok
2015,NSW,Persons,Total,Total,1000.0,0.4,ok
2016,NSW,Persons,Total,Total,1000.0,1.1,ok
2017,NSW,Persons,Total,Total,1050.0,1.3,ok
2018,NSW,Persons,Total,Total,1073.0,1.2,ok
2019,NSW,Persons,Total,Total,1150.0,1.3,ok
2020,NSW,Persons,Total,Total,1150.0,1.3,ok
2021,NSW,Persons,Total,Total,1250.0,1.0,ok
2022,NSW,Persons,Total,Total,1246.6,1.0,ok
2023,NSW,Persons,Total,Total,1345.0,1.2,ok
2024,NSW,Persons,Total,Total,1387.4,0.9,ok
2014,NSW,Persons,Total,With leave entitlements,1150.0,2.1,ok
2015,NSW,Persons,Total,With leave entitlements,1186.1,1.1,ok
2016,NSW,Persons,Total,With leave entitlements,1200.0,1.1,ok
2017,NSW,Persons,Total,With leave entitlements,1200.0,1.1,ok
2018,NSW,Persons,Total,With leave entitlements,1250.0,1.1,ok
2019,NSW,Persons,Total,With leave entitlements,1295.2,1.6,ok
2020,NSW,Persons,Total,With leave entitlements,1303.0,1.0,ok
2021,NSW,Persons,Total,With leave entitlements,1400.0,1.1,ok
2022,NSW,Persons,Total,With leave entitlements,1430.0,0.9,ok
2023,NSW,Persons,Total,With leave entitlements,1519.2,0.9,ok
2024,NSW,Persons,Total,With leave entitlements,1575.1,1.0,ok
2014,NSW,Persons,Total,Without leave entitlements,420.0,3.0,ok
2015,NSW,Persons,Total,Without leave entitlements,480.0,2.7,ok
2016,NSW,Persons,Total,Without leave entitlements,500.0,2.9,ok
2017,NSW,Persons,Total,Without leave entitlements,520.0,2.7,ok
2018,NSW,Persons,Total,Without leave entitlements,558.0,3.7,ok
2019,NSW,Persons,Total,Without leave entitlements,540.0,3.6,ok
2020,NSW,Persons,Total,Without leave entitlements,600.0,5.3,ok
2021,NSW,Persons,Total,Without leave entitlements,600.0,4.7,ok
2022,NSW,Persons,Total,Without leave entitlements,624.0,2.5,ok
2023,NSW,Persons,Total,Without leave entitlements,611.0,2.3,ok
2024,NSW,Persons,Total,Without leave entitlements,642.0,4.0,ok
2014,NT,Females,Full-time,Total,1200.0,2.6,ok
2015,NT,Females,Full-time,Total,1200.0,1.3,ok
2016,NT,Females,Full-time,Total,1229.8,2.1,ok
2017,NT,Females,Full-time,Total,1250.0,2.8,ok
2018,NT,Females,Full-time,Total,1250.0,3.0,ok
2019,NT,Females,Full-time,Total,1340.5,3.2,ok
2020,NT,Females,Full-time,Total,1349.3,4.5,ok
2021,NT,Females,Full-time,Total,1500.0,3.4,ok
2022,NT,Females,Full-time,Total,1500.0,2.6,ok
2023,NT,Females,Full-time,Total,1449.8,3.1,ok
2024,NT,Females,Full-time,Total,1600.0,2.0,ok
2014,NT,Females,Full-time,With leave entitlements,1250.0,3.1,ok
2015,NT,Females,Full-time,With leave entitlements,1200.0,1.8,ok
2016,NT,Females,Full-time,With leave entitlements,1250.0,2.1,ok
2017,NT,Females,Full-time,With leave entitlements,1250.0,3.1,ok
2018,NT,Females,Full-time,With leave entitlements,1257.8,3.0,ok
2019,NT,Females,Full-time,With leave entitlements,1400.0,3.0,ok
2020,NT,Females,Full-time,With leave entitlements,1399.5,4.5,ok
2021,NT,Females,Full-time,With leave entitlements,1500.0,3.0,ok
2022,NT,Females,Full-time,With leave entitlements,1550.0,1.7,ok
2023,NT,Females,Full-time,With leave entitlements,1450.0,2.8,ok
2024,NT,Females,Full-time,With leave entitlements,1600.0,2.6,ok
2014,NT,Females,Full-time,Without leave entitlements,802.2,10.5,ok
2015,NT,Females,Full-time,Without leave entitlements,1010.6,7.7,ok
2016,NT,Females,Full-time,Without leave entitlements,944.7,14.9,ok
2017,NT,Females,Full-time,Without leave entitlements,1200.0,17.9,ok
2018,NT,Females,Full-time,Without leave entitlements,1080.2,14.5,ok
2019,NT,Females,Full-time,Without leave entitlements,938.3,9.4,ok
2020,NT,Females,Full-time,Without leave entitlements,993.0,30.0,caution
2021,NT,Females,Full-time,Without leave entitlements,1176.0,29.0,caution
2022,NT,Females,Full-time,Without leave entitlements,901.5,12.8,ok
2023,NT,Females,Full-time,Without leave entitlements,1245.0,17.3,ok
2024,NT,Females,Full-time,Without leave entitlements,1216.1,13.0,ok
2014,NT,Females,Part-time,Total,525.8,5.8,ok
2015,NT,Females,Part-time,Total,500.6,7.5,ok
2016,NT,Females,Part-time,Total,578.8,8.5,ok
2017,NT,Females,Part-time,Total,600.0,9.2,ok
2018,NT,Females,Part-time,Total,563.4,6.8,ok
2019,NT,Females,Part-time,Total,600.0,6.4,ok
2020,NT,Females,Part-time,Total,642.5,9.9,ok
2021,NT,Females,Part-time,Total,630.7,7.3,ok
2022,NT,Females,Part-time,Total,750.0,9.3,ok
2023,NT,Females,Part-time,Total,700.0,5.3,ok
2024,NT,Females,Part-time,Total,750.0,4.3,ok
2014,NT,Females,Part-time,With leave entitlements,650.0,6.3,ok
2015,NT,Females,Part-time,With leave entitlements,728.6,7.6,ok
2016,NT,Females,Part-time,With leave entitlements,750.0,7.1,ok
2017,NT,Females,Part-time,With leave entitlements,827.8,5.8,ok
2018,NT,Females,Part-time,With leave entitlements,892.4,10.7,ok
2019,NT,Females,Part-time,With leave entitlements,790.7,9.7,ok
2020,NT,Females,Part-time,With leave entitlements,827.3,4.4,ok
2021,NT,Females,Part-time,With leave entitlements,929.2,5.2,ok
2022,NT,Females,Part-time,With leave entitlements,879.5,7.7,ok
2023,NT,Females,Part-time,With leave entitlements,947.0,10.3,ok
2024,NT,Females,Part-time,With leave entitlements,1000.0,5.6,ok
2014,NT,Females,Part-time,Without leave entitlements,350.0,12.8,ok
2015,NT,Females,Part-time,Without leave entitlements,400.0,11.0,ok
2016,NT,Females,Part-time,Without leave entitlements,398.1,9.4,ok
2017,NT,Females,Part-time,Without leave entitlements,394.4,12.0,ok
2018,NT,Females,Part-time,Without leave entitlements,400.0,12.8,ok
2019,NT,Females,Part-time,Without leave entitlements,461.5,11.3,ok
2020,NT,Females,Part-time,Without leave entitlements,410.4,10.2,ok
2021,NT,Females,Part-time,Without leave entitlements,438.3,6.7,ok
2022,NT,Females,Part-time,Without leave entitlements,465.5,21.3,ok
2023,NT,Females,Part-time,Without leave entitlements,518.6,11.6,ok
2024,NT,Females,Part-time,Without leave entitlements,500.0,12.0,ok
2014,NT,Females,Total,Total,1067.8,3.6,ok
2015,NT,Females,Total,Total,1054.0,2.4,ok
2016,NT,Females,Total,Total,1070.0,2.9,ok
2017,NT,Females,Total,Total,1113.9,3.1,ok
2018,NT,Females,Total,Total,1129.1,2.3,ok
2019,NT,Females,Total,Total,1100.0,3.1,ok
2020,NT,Females,Total,Total,1131.9,2.5,ok
2021,NT,Females,Total,Total,1210.1,1.9,ok
2022,NT,Females,Total,Total,1232.3,3.5,ok
2023,NT,Females,Total,Total,1250.0,2.1,ok
2024,NT,Females,Total,Total,1403.0,3.6,ok
2014,NT,Females,Total,With leave entitlements,1153.0,3.3,ok
2015,NT,Females,Total,With leave entitlements,1151.5,2.1,ok
2016,NT,Females,Total,With leave entitlements,1167.4,3.3,ok
2017,NT,Females,Total,With leave entitlements,1200.0,2.1,ok
2018,NT,Females,Total,With leave entitlements,1246.2,2.9,ok
2019,NT,Females,Total,With leave entitlements,1250.0,3.5,ok
2020,NT,Females,Total,With leave entitlements,1252.4,4.1,ok
2021,NT,Females,Total,With leave entitlements,1400.0,3.9,ok
2022,NT,Females,Total,With leave entitlements,1400.0,3.6,ok
2023,NT,Females,Total,With leave entitlements,1350.0,2.8,ok
2024,NT,Females,Total,With leave entitlements,1541.0,2.2,ok
2014,NT,Females,Total,Without leave entitlements,500.0,10.2,ok
2015,NT,Females,Total,Without leave entitlements,550.0,10.1,ok
2016,NT,Females,Total,Without leave entitlements,550.0,15.0,ok
2017,NT,Females,Total,Without leave entitlements,451.9,11.1,ok
2018,NT,Females,Total,Without leave entitlements,500.0,9.6,ok
2019,NT,Females,Total,Without leave entitlements,600.0,8.5,ok
2020,NT,Females,Total,Without leave entitlements,500.0,12.9,ok
2021,NT,Females,Total,Without leave entitlements,520.0,8.3,ok
2022,NT,Females,Total,Without leave entitlements,705.8,15.8,ok
2023,NT,Females,Total,Without leave entitlements,667.5,8.7,ok
2024,NT,Females,Total,Without leave entitlements,600.0,12.6,ok
2014,NT,Males,Full-time,Total,1547.2,2.1,ok
2015,NT,Males,Full-time,Total,1400.0,3.9,ok
2016,NT,Males,Full-time,Total,1500.0,3.7,ok
2017,NT,Males,Full-time,Total,1500.0,2.5,ok
2018,NT,Males,Full-time,Total,1450.2,2.1,ok
2019,NT,Males,Full-time,Total,1500.0,2.7,ok
2020,NT,Males,Full-time,Total,1550.0,2.3,ok
2021,NT,Males,Full-time,Total,1617.8,4.3,ok
2022,NT,Males,Full-time,Total,1710.4,3.5,ok
2023,NT,Males,Full-time,Total,1750.0,2.8,ok
2024,NT,Males,Full-time,Total,1838.3,4.1,ok
2014,NT,Males,Full-time,With leave entitlements,1600.0,2.9,ok
2015,NT,Males,Full-time,With leave entitlements,1411.5,2.9,ok
2016,NT,Males,Full-time,With leave entitlements,1559.4,3.7,ok
2017,NT,Males,Full-time,With leave entitlements,1503.1,2.5,ok
2018,NT,Males,Full-time,With leave entitlements,1500.0,2.2,ok
2019,NT,Males,Full-time,With leave entitlements,1500.0,2.7,ok
2020,NT,Males,Full-time,With leave entitlements,1560.2,3.8,ok
2021,NT,Males,Full-time,With leave entitlements,1699.0,5.4,ok
2022,NT,Males,Full-time,With leave entitlements,1750.0,3.7,ok
2023,NT,Males,Full-time,With leave entitlements,1750.0,3.0,ok
2024,NT,Males,Full-time,With leave entitlements,1935.4,3.4,ok
2014,NT,Males,Full-time,Without leave entitlements,1304.1,10.6,ok
2015,NT,Males,Full-time,Without leave entitlements,1068.8,9.7,ok
2016,NT,Males,Full-time,Without leave entitlements,1200.0,8.2,ok
2017,NT,Males,Full-time,Without leave entitlements,1082.0,7.1,ok
2018,NT,Males,Full-time,Without leave entitlements,1200.0,12.7,ok
2019,NT,Males,Full-time,Without leave entitlements,1008.4,22.8,ok
2020,NT,Males,Full-time,Without leave entitlements,1412.7,10.8,ok
2021,NT,Males,Full-time,Without leave entitlements,1274.0,10.4,ok
2022,NT,Males,Full-time,Without leave entitlements,1254.0,10.2,ok
2023,NT,Males,Full-time,Without leave entitlements,1541.2,13.2,ok
2024,NT,Males,Full-time,Without leave entitlements,1438.7,9.2,ok
2014,NT,Males,Part-time,Total,481.5,16.4,ok
2015,NT,Males,Part-time,Total,347.5,23.6,ok
2016,NT,Males,Part-time,Total,472.6,8.7,ok
2017,NT,Males,Part-time,Total,420.0,14.5,ok
2018,NT,Males,Part-time,Total,500.0,8.1,ok
2019,NT,Males,Part-time,Total,577.7,11.7,ok
2020,NT,Males,Part-time,Total,557.1,11.3,ok
2021,NT,Males,Part-time,Total,540.0,11.3,ok
2022,NT,Males,Part-time,Total,538.7,15.5,ok
2023,NT,Males,Part-time,Total,682.8,12.5,ok
2024,NT,Males,Part-time,Total,700.2,5.8,ok
2014,NT,Males,Part-time,With leave entitlements,580.0,12.8,ok
2015,NT,Males,Part-time,With leave entitlements,841.5,29.2,caution
2016,NT,Males,Part-time,With leave entitlements,759.4,37.0,caution
2017,NT,Males,Part-time,With leave entitlements,600.0,24.2,ok
2018,NT,Males,Part-time,With leave entitlements,524.2,39.3,caution
2019,NT,Males,Part-time,With leave entitlements,1057.7,17.2,ok
2020,NT,Males,Part-time,With leave entitlements,750.0,11.7,ok
2021,NT,Males,Part-time,With leave entitlements,648.3,66.4,unreliable
2022,NT,Males,Part-time,With leave entitlements,957.2,25.7,caution
2023,NT,Males,Part-time,With leave entitlements,1079.0,23.8,ok
2024,NT,Males,Part-time,With leave entitlements,945.8,20.3,ok
2014,NT,Males,Part-time,Without leave entitlements,347.8,29.9,caution
2015,NT,Males,Part-time,Without leave entitlements,250.0,17.8,ok
2016,NT,Males,Part-time,Without leave entitlements,318.1,23.9,ok
2017,NT,Males,Part-time,Without leave entitlements,387.8,19.7,ok
2018,NT,Males,Part-time,Without leave entitlements,500.0,9.9,ok
2019,NT,Males,Part-time,Without leave entitlements,400.0,17.4,ok
2020,NT,Males,Part-time,Without leave entitlements,500.0,13.9,ok
2021,NT,Males,Part-time,Without leave entitlements,495.2,19.2,ok
2022,NT,Males,Part-time,Without leave entitlements,399.8,27.6,caution
2023,NT,Males,Part-time,Without leave entitlements,500.0,23.6,ok
2024,NT,Males,Part-time,Without leave entitlements,665.2,8.9,ok
2014,NT,Males,Total,Total,1500.0,3.4,ok
2015,NT,Males,Total,Total,1330.5,3.1,ok
2016,NT,Males,Total,Total,1452.2,3.2,ok
2017,NT,Males,Total,Total,1387.8,3.7,ok
2018,NT,Males,Total,Total,1348.3,1.9,ok
2019,NT,Males,Total,Total,1350.0,4.8,ok
2020,NT,Males,Total,Total,1313.7,4.4,ok
2021,NT,Males,Total,Total,1452.0,5.0,ok
2022,NT,Males,Total,Total,1500.0,2.9,ok
2023,NT,Males,Total,Total,1600.0,4.0,ok
2024,NT,Males,Total,Total,1673.7,4.6,ok
2014,NT,Males,Total,With leave entitlements,1550.0,2.4,ok
2015,NT,Males,Total,With leave entitlements,1400.0,3.6,ok
2016,NT,Males,Total,With leave entitlements,1525.5,2.9,ok
2017,NT,Males,Total,With leave entitlements,1500.0,2.8,ok
2018,NT,Males,Total,With leave entitlements,1456.2,2.2,ok
2019,NT,Males,Total,With leave entitlements,1500.0,2.7,ok
2020,NT,Males,Total,With leave entitlements,1500.0,3.9,ok
2021,NT,Males,Total,With leave entitlements,1632.5,5.3,ok
2022,NT,Males,Total,With leave entitlements,1682.4,3.3,ok
2023,NT,Males,Total,With leave entitlements,1741.5,3.1,ok
2024,NT,Males,Total,With leave entitlements,1800.9,4.2,ok
2014,NT,Males,Total,Without leave entitlements,1000.0,12.1,ok
2015,NT,Males,Total,Without leave entitlements,983.0,4.3,ok
2016,NT,Males,Total,Without leave entitlements,916.9,10.3,ok
2017,NT,Males,Total,Without leave entitlements,815.1,11.4,ok
2018,NT,Males,Total,Without leave entitlements,948.6,9.6,ok
2019,NT,Males,Total,Without leave entitlements,763.9,7.9,ok
2020,NT,Males,Total,Without leave entitlements,750.0,13.1,ok
2021,NT,Males,Total,Without leave entitlements,800.0,10.2,ok
2022,NT,Males,Total,Without leave entitlements,788.9,18.5,ok
2023,NT,Males,Total,Without leave entitlements,836.2,10.0,ok
2024,NT,Males,Total,Without leave entitlements,1000.0,12.8,ok
2014,NT,Persons,Full-time,Total,1380.0,3.7,ok
2015,NT,Persons,Full-time,Total,1250.0,2.6,ok
2016,NT,Persons,Full-time,Total,1378.1,2.6,ok
2017,NT,Persons,Full-time,Total,1362.4,2.8,ok
2018,NT,Persons,Full-time,Total,1350.0,1.9,ok
2019,NT,Persons,Full-time,Total,1400.0,2.8,ok
2020,NT,Persons,Full-time,Total,1500.0,2.6,ok
2021,NT,Persons,Full-time,Total,1559.6,2.5,ok
2022,NT,Persons,Full-time,Total,1577.2,2.3,ok
2023,NT,Persons,Full-time,Total,1586.9,2.9,ok
2024,NT,Persons,Full-time,Total,1700.0,2.5,ok
2014,NT,Persons,Full-time,With leave entitlements,1400.0,3.6,ok
2015,NT,Persons,Full-time,With leave entitlements,1286.0,2.2,ok
2016,NT,Persons,Full-time,With leave entitlements,1400.0,3.6,ok
2017,NT,Persons,Full-time,With leave entitlements,1400.0,3.4,ok
2018,NT,Persons,Full-time,With leave entitlements,1365.8,2.5,ok
2019,NT,Persons,Full-time,With leave entitlements,1464.2,2.0,ok
2020,NT,Persons,Full-time,With leave entitlements,1500.0,2.6,ok
2021,NT,Persons,Full-time,With leave entitlements,1599.1,2.8,ok
2022,NT,Persons,Full-time,With leave entitlements,1626.0,3.0,ok
2023,NT,Persons,Full-time,With leave entitlements,1600.0,2.7,ok
2024,NT,Persons,Full-time,With leave entitlements,1750.0,1.8,ok
2014,NT,Persons,Full-time,Without leave entitlements,1100.0,7.0,ok
2015,NT,Persons,Full-time,Without leave entitlements,1052.5,4.9,ok
2016,NT,Persons,Full-time,Without leave entitlements,1150.0,6.6,ok
2017,NT,Persons,Full-time,Without leave entitlements,1100.0,5.4,ok
2018,NT,Persons,Full-time,Without leave entitlements,1177.6,8.2,ok
2019,NT,Persons,Full-time,Without leave entitlements,1000.0,7.8,ok
2020,NT,Persons,Full-time,Without leave entitlements,1250.0,9.4,ok
2021,NT,Persons,Full-time,Without leave entitlements,1250.4,10.9,ok
2022,NT,Persons,Full-time,Without leave entitlements,1041.0,8.7,ok
2023,NT,Persons,Full-time,Without leave entitlements,1441.6,11.2,ok
2024,NT,Persons,Full-time,Without leave entitlements,1328.2,8.1,ok
2014,NT,Persons,Part-time,Total,500.0,4.8,ok
2015,NT,Persons,Part-time,Total,480.0,7.1,ok
2016,NT,Persons,Part-time,Total,542.6,6.9,ok
2017,NT,Persons,Part-time,Total,501.9,6.9,ok
2018,NT,Persons,Part-time,Total,519.9,3.9,ok
2019,NT,Persons,Part-time,Total,600.0,6.4,ok
2020,NT,Persons,Part-time,Total,600.0,10.4,ok
2021,NT,Persons,Part-time,Total,600.0,4.7,ok
2022,NT,Persons,Part-time,Total,694.7,6.5,ok
2023,NT,Persons,Part-time,Total,700.0,5.0,ok
2024,NT,Persons,Part-time,Total,720.0,3.8,ok
2014,NT,Persons,Part-time,With leave entitlements,649.1,4.9,ok
2015,NT,Persons,Part-time,With leave entitlements,750.0,8.3,ok
2016,NT,Persons,Part-time,With leave entitlements,750.0,4.3,ok
2017,NT,Persons,Part-time,With leave entitlements,800.0,6.2,ok
2018,NT,Persons,Part-time,With leave entitlements,833.1,9.6,ok
2019,NT,Persons,Part-time,With leave entitlements,800.0,9.2,ok
2020,NT,Persons,Part-time,With leave entitlements,786.7,4.9,ok
2021,NT,Persons,Part-time,With leave entitlements,899.8,6.6,ok
2022,NT,Persons,Part-time,With leave entitlements,890.5,8.6,ok
2023,NT,Persons,Part-time,With leave entitlements,1002.6,8.5,ok
2024,NT,Persons,Part-time,With leave entitlements,1000.0,5.9,ok
2014,NT,Persons,Part-time,Without leave entitlements,350.0,11.8,ok
2015,NT,Persons,Part-time,Without leave entitlements,322.7,12.4,ok
2016,NT,Persons,Part-time,Without leave entitlements,363.0,8.4,ok
2017,NT,Persons,Part-time,Without leave entitlements,394.6,12.6,ok
2018,NT,Persons,Part-time,Without leave entitlements,450.0,8.5,ok
2019,NT,Persons,Part-time,Without leave entitlements,435.7,10.9,ok
2020,NT,Persons,Part-time,Without leave entitlements,462.2,7.4,ok
2021,NT,Persons,Part-time,Without leave entitlements,450.0,5.8,ok
2022,NT,Persons,Part-time,Without leave entitlements,449.8,11.0,ok
2023,NT,Persons,Part-time,Without leave entitlements,513.4,11.7,ok
2024,NT,Persons,Part-time,Without leave entitlements,546.3,14.0,ok
2014,NT,Persons,Total,Total,1250.0,2.2,ok
2015,NT,Persons,Total,Total,1200.0,2.0,ok
2016,NT,Persons,Total,Total,1250.0,2.0,ok
2017,NT,Persons,Total,Total,1212.0,1.2,ok
2018,NT,Persons,Total,Total,1249.0,1.5,ok
2019,NT,Persons,Total,Total,1200.0,2.2,ok
2020,NT,Persons,Total,Total,1218.2,2.5,ok
2021,NT,Persons,Total,Total,1336.4,2.9,ok
2022,NT,Persons,Total,Total,1378.3,2.8,ok
2023,NT,Persons,Total,Total,1400.7,3.2,ok
2024,NT,Persons,Total,Total,1500.0,3.1,ok
2014,NT,Persons,Total,With leave entitlements,1335.7,3.6,ok
2015,NT,Persons,Total,With leave entitlements,1250.0,1.9,ok
2016,NT,Persons,Total,With leave entitlements,1326.1,2.9,ok
2017,NT,Persons,Total,With leave entitlements,1300.0,2.9,ok
2018,NT,Persons,Total,With leave entitlements,1312.1,1.8,ok
2019,NT,Persons,Total,With leave entitlements,1353.5,2.7,ok
2020,NT,Persons,Total,With leave entitlements,1359.7,4.3,ok
2021,NT,Persons,Total,With leave entitlements,1500.0,3.0,ok
2022,NT,Persons,Total,With leave entitlements,1514.8,1.5,ok
2023,NT,Persons,Total,With leave entitlements,1506.2,1.8,ok
2024,NT,Persons,Total,With leave entitlements,1634.8,2.4,ok
2014,NT,Persons,Total,Without leave entitlements,683.4,6.5,ok
2015,NT,Persons,Total,Without leave entitlements,750.0,10.6,ok
2016,NT,Persons,Total,Without leave entitlements,650.0,11.1,ok
2017,NT,Persons,Total,Without leave entitlements,596.9,8.5,ok
2018,NT,Persons,Total,Without leave entitlements,650.0,9.6,ok
2019,NT,Persons,Total,Without leave entitlements,690.0,5.5,ok
2020,NT,Persons,Total,Without leave entitlements,590.1,8.6,ok
2021,NT,Persons,Total,Without leave entitlements,635.2,8.4,ok
2022,NT,Persons,Total,Without leave entitlements,725.6,10.2,ok
2023,NT,Persons,Total,Without leave entitlements,700.0,6.0,ok
2024,NT,Persons,Total,Without leave entitlements,771.4,6.5,ok
2014,QLD,Females,Full-time,Total,1029.3,2.1,ok
2015,QLD,Females,Full-time,Total,1100.0,2.3,ok
2016,QLD,Females,Full-time,Total,1100.0,1.4,ok
2017,QLD,Females,Full-time,Total,1150.0,1.4,ok
2018,QLD,Females,Full-time,Total,1197.1,1.9,ok
2019,QLD,Females,Full-time,Total,1200.0,2.0,ok
2020,QLD,Females,Full-time,Total,1279.2,2.9,ok
2021,QLD,Females,Full-time,Total,1250.0,2.0,ok
2022,QLD,Females,Full-time,Total,1405.6,1.2,ok
2023,QLD,Females,Full-time,Total,1432.6,2.8,ok
2024,QLD,Females,Full-time,Total,1529.7,1.7,ok
2014,QLD,Females,Full-time,With leave entitlements,1057.0,2.4,ok
2015,QLD,Females,Full-time,With leave entitlements,1134.6,1.1,ok
2016,QLD,Females,Full-time,With leave entitlements,1101.7,1.5,ok
2017,QLD,Females,Full-time,With leave entitlements,1175.0,1.2,ok
2018,QLD,Females,Full-time,With leave entitlements,1222.8,1.5,ok
2019,QLD,Females,Full-time,With leave entitlements,1225.0,1.0,ok
2020,QLD,Females,Full-time,With leave entitlements,1300.0,3.0,ok
2021,QLD,Females,Full-time,With leave entitlements,1303.0,2.2,ok
2022,QLD,Females,Full-time,With leave entitlements,1461.0,1.4,ok
2023,QLD,Females,Full-time,With leave entitlements,1469.0,2.0,ok
2024,QLD,Females,Full-time,With leave entitlements,1588.4,2.2,ok
2014,QLD,Females,Full-time,Without leave entitlements,875.6,3.3,ok
2015,QLD,Females,Full-time,Without leave entitlements,892.0,2.9,ok
2016,QLD,Females,Full-time,Without leave entitlements,972.1,2.6,ok
2017,QLD,Females,Full-time,Without leave entitlements,900.0,5.1,ok
2018,QLD,Females,Full-time,Without leave entitlements,941.8,4.3,ok
2019,QLD,Females,Full-time,Without leave entitlements,1000.0,3.4,ok
2020,QLD,Females,Full-time,Without leave entitlements,1026.4,12.5,ok
2021,QLD,Females,Full-time,Without leave entitlements,990.5,2.5,ok
2022,QLD,Females,Full-time,Without leave entitlements,1120.9,4.4,ok
2023,QLD,Females,Full-time,Without leave entitlements,1136.7,7.7,ok
2024,QLD,Females,Full-time,Without leave entitlements,1220.8,5.7,ok
2014,QLD,Females,Part-time,Total,500.0,3.3,ok
2015,QLD,Females,Part-time,Total,544.0,2.8,ok
2016,QLD,Females,Part-time,Total,500.2,2.9,ok
2017,QLD,Females,Part-time,Total,550.0,2.4,ok
2018,QLD,Females,Part-time,Total,525.0,3.4,ok
2019,QLD,Females,Part-time,Total,600.0,2.1,ok
2020,QLD,Females,Part-time,Total,700.0,3.6,ok
2021,QLD,Females,Part-time,Total,600.0,3.2,ok
2022,QLD,Females,Part-time,Total,639.3,3.9,ok
2023,QLD,Females,Part-time,Total,720.0,2.3,ok
2024,QLD,Females,Part-time,Total,742.0,3.8,ok
2014,QLD,Females,Part-time,With leave entitlements,650.0,3.3,ok
2015,QLD,Females,Part-time,With leave entitlements,673.6,1.9,ok
2016,QLD,Females,Part-time,With leave entitlements,674.4,3.1,ok
2017,QLD,Females,Part-time,With leave entitlements,700.0,2.3,ok
2018,QLD,Females,Part-time,With leave entitlements,711.7,3.4,ok
2019,QLD,Females,Part-time,With leave entitlements,718.3,2.5,ok
2020,QLD,Females,Part-time,With leave entitlements,790.8,2.9,ok
2021,QLD,Females,Part-time,With leave entitlements,750.0,3.2,ok
2022,QLD,Females,Part-time,With leave entitlements,790.3,4.5,ok
2023,QLD,Females,Part-time,With leave entitlements,931.0,3.1,ok
2024,QLD,Females,Part-time,With leave entitlements,900.0,2.3,ok
2014,QLD,Females,Part-time,Without leave entitlements,327.6,5.4,ok
2015,QLD,Females,Part-time,Without leave entitlements,357.9,5.3,ok
2016,QLD,Females,Part-time,Without leave entitlements,375.0,5.0,ok
2017,QLD,Females,Part-time,Without leave entitlements,387.8,3.5,ok
2018,QLD,Females,Part-time,Without leave entitlements,364.9,4.2,ok
2019,QLD,Females,Part-time,Without leave entitlements,400.0,5.2,ok
2020,QLD,Females,Part-time,Without leave entitlements,460.0,6.2,ok
2021,QLD,Females,Part-time,Without leave entitlements,450.0,5.7,ok
2022,QLD,Females,Part-time,Without leave entitlements,413.7,8.0,ok
2023,QLD,Females,Part-time,Without leave entitlements,500.0,4.0,ok
2024,QLD,Females,Part-time,Without leave entitlements,537.5,5.8,ok
2014,QLD,Females,Total,Total,800.0,1.7,ok
2015,QLD,Females,Total,Total,850.0,2.0,ok
2016,QLD,Females,Total,Total,875.0,1.5,ok
2017,QLD,Females,Total,Total,865.0,1.6,ok
2018,QLD,Females,Total,Total,900.0,1.7,ok
2019,QLD,Females,Total,Total,912.0,1.6,ok
2020,QLD,Females,Total,Total,986.8,1.3,ok
2021,QLD,Females,Total,Total,1000.0,1.7,ok
2022,QLD,Females,Total,Total,1094.0,2.0,ok
2023,QLD,Females,Total,Total,1150.0,2.0,ok
2024,QLD,Females,Total,Total,1200.0,1.8,ok
2014,QLD,Females,Total,With leave entitlements,959.5,1.7,ok
2015,QLD,Females,Total,With leave entitlements,1000.0,0.7,ok
2016,QLD,Females,Total,With leave entitlements,1000.0,1.0,ok
2017,QLD,Females,Total,With leave entitlements,1017.0,1.5,ok
2018,QLD,Females,Total,With leave entitlements,1050.0,1.9,ok
2019,QLD,Females,Total,With leave entitlements,1043.9,1.9,ok
2020,QLD,Females,Total,With leave entitlements,1125.0,1.7,ok
2021,QLD,Females,Total,With leave entitlements,1150.0,1.7,ok
2022,QLD,Females,Total,With leave entitlements,1254.4,2.2,ok
2023,QLD,Females,Total,With leave entitlements,1265.0,1.6,ok
2024,QLD,Females,Total,With leave entitlements,1399.4,2.0,ok
2014,QLD,Females,Total,Without leave entitlements,400.0,4.2,ok
2015,QLD,Females,Total,Without leave entitlements,454.2,5.0,ok
2016,QLD,Females,Total,Without leave entitlements,453.0,5.3,ok
2017,QLD,Females,Total,Without leave entitlements,470.0,3.8,ok
2018,QLD,Females,Total,Without leave entitlements,450.0,5.7,ok
2019,QLD,Females,Total,Without leave entitlements,495.8,6.2,ok
2020,QLD,Females,Total,Without leave entitlements,574.5,7.5,ok
2021,QLD,Females,Total,Without leave entitlements,523.7,5.6,ok
2022,QLD,Females,Total,Without leave entitlements,574.0,8.0,ok
2023,QLD,Females,Total,Without leave entitlements,600.0,5.1,ok
2024,QLD,Females,Total,Without leave entitlements,671.0,4.9,ok
2014,QLD,Males,Full-time,Total,1300.0,1.8,ok
2015,QLD,Males,Full-time,Total,1250.0,1.8,ok
2016,QLD,Males,Full-time,Total,1260.5,1.9,ok
2017,QLD,Males,Full-time,Total,1352.3,1.9,ok
2018,QLD,Males,Full-time,Total,1400.0,1.7,ok
2019,QLD,Males,Full-time,Total,1422.5,1.8,ok
2020,QLD,Males,Full-time,Total,1429.4,2.8,ok
2021,QLD,Males,Full-time,Total,1500.0,1.4,ok
2022,QLD,Males,Full-time,Total,1552.2,2.9,ok
2023,QLD,Males,Full-time,Total,1660.0,2.2,ok
2024,QLD,Males,Full-time,Total,1750.0,2.0,ok
2014,QLD,Males,Full-time,With leave entitlements,1342.0,2.0,ok
2015,QLD,Males,Full-time,With leave entitlements,1300.0,2.0,ok
2016,QLD,Males,Full-time,With leave entitlements,1319.9,2.4,ok
2017,QLD,Males,Full-time,With leave entitlements,1438.0,1.9,ok
2018,QLD,Males,Full-time,With leave entitlements,1447.6,1.8,ok
2019,QLD,Males,Full-time,With leave entitlements,1450.0,1.8,ok
2020,QLD,Males,Full-time,With leave entitlements,1500.0,2.2,ok
2021,QLD,Males,Full-time,With leave entitlements,1572.0,2.3,ok
2022,QLD,Males,Full-time,With leave entitlements,1631.6,2.9,ok
2023,QLD,Males,Full-time,With leave entitlements,1730.0,2.2,ok
2024,QLD,Males,Full-time,With leave entitlements,1794.6,2.1,ok
2014,QLD,Males,Full-time,Without leave entitlements,1000.0,3.9,ok
2015,QLD,Males,Full-time,Without leave entitlements,1100.0,4.6,ok
2016,QLD,Males,Full-time,Without leave entitlements,1100.0,3.0,ok
2017,QLD,Males,Full-time,Without leave entitlements,1080.0,4.7,ok
2018,QLD,Males,Full-time,Without leave entitlements,1200.0,3.8,ok
2019,QLD,Males,Full-time,Without leave entitlements,1206.0,5.6,ok
2020,QLD,Males,Full-time,Without leave entitlements,1051.3,3.7,ok
2021,QLD,Males,Full-time,Without leave entitlements,1178.8,3.3,ok
2022,QLD,Males,Full-time,Without leave entitlements,1200.0,5.6,ok
2023,QLD,Males,Full-time,Without leave entitlements,1378.4,4.6,ok
2024,QLD,Males,Full-time,Without leave entitlements,1497.8,3.7,ok
2014,QLD,Males,Part-time,Total,400.0,7.2,ok
2015,QLD,Males,Part-time,Total,400.0,7.7,ok
2016,QLD,Males,Part-time,Total,416.7,6.2,ok
2017,QLD,Males,Part-time,Total,440.6,4.6,ok
2018,QLD,Males,Part-time,Total,452.0,5.3,ok
2019,QLD,Males,Part-time,Total,503.3,4.2,ok
2020,QLD,Males,Part-time,Total,595.7,6.4,ok
2021,QLD,Males,Part-time,Total,544.1,6.4,ok
2022,QLD,Males,Part-time,Total,531.0,8.9,ok
2023,QLD,Males,Part-time,Total,588.3,6.2,ok
2024,QLD,Males,Part-time,Total,576.0,3.2,ok
2014,QLD,Males,Part-time,With leave entitlements,600.0,6.0,ok
2015,QLD,Males,Part-time,With leave entitlements,700.0,7.3,ok
2016,QLD,Males,Part-time,With leave entitlements,748.9,8.0,ok
2017,QLD,Males,Part-time,With leave entitlements,600.0,7.9,ok
2018,QLD,Males,Part-time,With leave entitlements,654.5,7.2,ok
2019,QLD,Males,Part-time,With leave entitlements,750.0,9.5,ok
2020,QLD,Males,Part-time,With leave entitlements,750.0,6.4,ok
2021,QLD,Males,Part-time,With leave entitlements,787.7,7.1,ok
2022,QLD,Males,Part-time,With leave entitlements,855.3,7.5,ok
2023,QLD,Males,Part-time,With leave entitlements,843.8,8.2,ok
2024,QLD,Males,Part-time,With leave entitlements,788.5,5.4,ok
2014,QLD,Males,Part-time,Without leave entitlements,300.0,6.0,ok
2015,QLD,Males,Part-time,Without leave entitlements,329.3,9.7,ok
2016,QLD,Males,Part-time,Without leave entitlements,300.0,10.7,ok
2017,QLD,Males,Part-time,Without leave entitlements,350.0,7.1,ok
2018,QLD,Males,Part-time,Without leave entitlements,400.0,4.7,ok
2019,QLD,Males,Part-time,Without leave entitlements,392.0,10.8,ok
2020,QLD,Males,Part-time,Without leave entitlements,400.0,11.8,ok
2021,QLD,Males,Part-time,Without leave entitlements,402.4,7.7,ok
2022,QLD,Males,Part-time,Without leave entitlements,400.0,11.3,ok
2023,QLD,Males,Part-time,Without leave entitlements,459.8,11.9,ok
2024,QLD,Males,Part-time,Without leave entitlements,452.0,10.2,ok
2014,QLD,Males,Total,Total,1150.0,2.2,ok
2015,QLD,Males,Total,Total,1150.0,1.5,ok
2016,QLD,Males,Total,Total,1150.0,2.2,ok
2017,QLD,Males,Total,Total,1200.0,1.7,ok
2018,QLD,Males,Total,Total,1250.0,1.7,ok
2019,QLD,Males,Total,Total,1250.0,1.8,ok
2020,QLD,Males,Total,Total,1232.0,1.8,ok
2021,QLD,Males,Total,Total,1300.0,2.3,ok
2022,QLD,Males,Total,Total,1399.0,2.1,ok
2023,QLD,Males,Total,Total,1500.0,1.1,ok
2024,QLD,Males,Total,Total,1517.1,1.7,ok
2014,QLD,Males,Total,With leave entitlements,1300.0,1.8,ok
2015,QLD,Males,Total,With leave entitlements,1250.0,2.0,ok
2016,QLD,Males,Total,With leave entitlements,1281.0,1.8,ok
2017,QLD,Males,Total,With leave entitlements,1350.0,1.9,ok
2018,QLD,Males,Total,With leave entitlements,1400.0,1.8,ok
2019,QLD,Males,Total,With leave entitlements,1400.0,1.7,ok
2020,QLD,Males,Total,With leave entitlements,1430.0,2.8,ok
2021,QLD,Males,Total,With leave entitlements,1500.0,1.6,ok
2022,QLD,Males,Total,With leave entitlements,1574.3,2.7,ok
2023,QLD,Males,Total,With leave entitlements,1651.3,1.9,ok
2024,QLD,Males,Total,With leave entitlements,1710.0,2.0,ok
2014,QLD,Males,Total,Without leave entitlements,677.0,5.7,ok
2015,QLD,Males,Total,Without leave entitlements,700.0,6.7,ok
2016,QLD,Males,Total,Without leave entitlements,744.9,5.4,ok
2017,QLD,Males,Total,Without leave entitlements,750.0,3.8,ok
2018,QLD,Males,Total,Without leave entitlements,758.5,4.6,ok
2019,QLD,Males,Total,Without leave entitlements,750.0,4.5,ok
2020,QLD,Males,Total,Without leave entitlements,750.0,4.9,ok
2021,QLD,Males,Total,Without leave entitlements,741.4,5.9,ok
2022,QLD,Males,Total,Without leave entitlements,817.7,4.7,ok
2023,QLD,Males,Total,Without leave entitlements,840.3,5.4,ok
2024,QLD,Males,Total,Without leave entitlements,850.0,6.4,ok
2014,QLD,Persons,Full-time,Total,1189.0,1.1,ok
2015,QLD,Persons,Full-time,Total,1200.0,1.0,ok
2016,QLD,Persons,Full-time,Total,1200.0,0.8,ok
2017,QLD,Persons,Full-time,Total,1250.0,1.7,ok
2018,QLD,Persons,Full-time,Total,1300.0,1.7,ok
2019,QLD,Persons,Full-time,Total,1300.0,1.7,ok
2020,QLD,Persons,Full-time,Total,1353.3,2.2,ok
2021,QLD,Persons,Full-time,Total,1400.0,1.8,ok
2022,QLD,Persons,Full-time,Total,1500.0,1.3,ok
2023,QLD,Persons,Full-time,Total,1546.7,1.6,ok
2024,QLD,Persons,Full-time,Total,1657.0,1.6,ok
2014,QLD,Persons,Full-time,With leave entitlements,1200.0,1.3,ok
2015,QLD,Persons,Full-time,With leave entitlements,1200.0,0.8,ok
2016,QLD,Persons,Full-time,With leave entitlements,1221.1,1.0,ok
2017,QLD,Persons,Full-time,With leave entitlements,1300.0,2.0,ok
2018,QLD,Persons,Full-time,With leave entitlements,1349.0,1.6,ok
2019,QLD,Persons,Full-time,With leave entitlements,1342.0,1.3,ok
2020,QLD,Persons,Full-time,With leave entitlements,1401.0,2.6,ok
2021,QLD,Persons,Full-time,With leave entitlements,1451.3,1.7,ok
2022,QLD,Persons,Full-time,With leave entitlements,1534.0,1.7,ok
2023,QLD,Persons,Full-time,With leave entitlements,1584.0,1.5,ok
2024,QLD,Persons,Full-time,With leave entitlements,1700.0,1.6,ok
2014,QLD,Persons,Full-time,Without leave entitlements,962.7,2.1,ok
2015,QLD,Persons,Full-time,Without leave entitlements,1000.0,4.4,ok
2016,QLD,Persons,Full-time,Without leave entitlements,1001.8,2.5,ok
2017,QLD,Persons,Full-time,Without leave entitlements,1000.0,2.3,ok
2018,QLD,Persons,Full-time,Without leave entitlements,1113.6,3.9,ok
2019,QLD,Persons,Full-time,Without leave entitlements,1135.4,3.1,ok
2020,QLD,Persons,Full-time,Without leave entitlements,1048.8,2.9,ok
2021,QLD,Persons,Full-time,Without leave entitlements,1086.7,2.6,ok
2022,QLD,Persons,Full-time,Without leave entitlements,1157.5,3.1,ok
2023,QLD,Persons,Full-time,Without leave entitlements,1300.0,4.0,ok
2024,QLD,Persons,Full-time,Without leave entitlements,1390.8,3.1,ok
2014,QLD,Persons,Part-time,Total,475.0,2.7,ok
2015,QLD,Persons,Part-time,Total,500.0,2.8,ok
2016,QLD,Persons,Part-time,Total,495.0,2.5,ok
2017,QLD,Persons,Part-time,Total,520.0,2.3,ok
2018,QLD,Persons,Part-time,Total,500.0,2.7,ok
2019,QLD,Persons,Part-time,Total,552.6,3.3,ok
2020,QLD,Persons,Part-time,Total,664.2,1.9,ok
2021,QLD,Persons,Part-time,Total,600.0,2.9,ok
2022,QLD,Persons,Part-time,Total,623.0,2.3,ok
2023,QLD,Persons,Part-time,Total,683.1,1.9,ok
2024,QLD,Persons,Part-time,Total,688.5,2.6,ok
2014,QLD,Persons,Part-time,With leave entitlements,650.0,3.4,ok
2015,QLD,Persons,Part-time,With leave entitlements,683.9,1.9,ok
2016,QLD,Persons,Part-time,With leave entitlements,697.6,3.2,ok
2017,QLD,Persons,Part-time,With leave entitlements,693.9,2.6,ok
2018,QLD,Persons,Part-time,With leave entitlements,700.0,3.6,ok
2019,QLD,Persons,Part-time,With leave entitlements,720.0,2.5,ok
2020,QLD,Persons,Part-time,With leave entitlements,789.1,2.8,ok
2021,QLD,Persons,Part-time,With leave entitlements,750.0,2.7,ok
2022,QLD,Persons,Part-time,With leave entitlements,800.0,4.2,ok
2023,QLD,Persons,Part-time,With leave entitlements,900.0,2.9,ok
2024,QLD,Persons,Part-time,With leave entitlements,865.0,1.7,ok
2014,QLD,Persons,Part-time,Without leave entitlements,310.8,3.9,ok
2015,QLD,Persons,Part-time,Without leave entitlements,350.0,6.9,ok
2016,QLD,Persons,Part-time,Without leave entitlements,360.0,7.1,ok
2017,QLD,Persons,Part-time,Without leave entitlements,380.0,3.4,ok
2018,QLD,Persons,Part-time,Without leave entitlements,378.8,3.4,ok
2019,QLD,Persons,Part-time,Without leave entitlements,400.0,4.6,ok
2020,QLD,Persons,Part-time,Without leave entitlements,429.6,4.9,ok
2021,QLD,Persons,Part-time,Without leave entitlements,448.2,4.8,ok
2022,QLD,Persons,Part-time,Without leave entitlements,408.3,6.3,ok
2023,QLD,Persons,Part-time,Without leave entitlements,500.0,4.1,ok
2024,QLD,Persons,Part-time,Without leave entitlements,500.0,5.7,ok
2014,QLD,Persons,Total,Total,980.0,1.1,ok
2015,QLD,Persons,Total,Total,1000.0,0.0,ok
2016,QLD,Persons,Total,Total,1000.0,0.3,ok
2017,QLD,Persons,Total,Total,1000.0,0.4,ok
2018,QLD,Persons,Total,Total,1050.0,1.2,ok
2019,QLD,Persons,Total,Total,1057.0,1.3,ok
2020,QLD,Persons,Total,Total,1100.0,2.1,ok
2021,QLD,Persons,Total,Total,1125.0,1.3,ok
2022,QLD,Persons,Total,Total,1215.2,1.1,ok
2023,QLD,Persons,Total,Total,1300.0,1.4,ok
2024,QLD,Persons,Total,Total,1350.0,1.6,ok
2014,QLD,Persons,Total,With leave entitlements,1100.0,1.6,ok
2015,QLD,Persons,Total,With leave entitlements,1127.0,1.1,ok
2016,QLD,Persons,Total,With leave entitlements,1120.0,1.1,ok
2017,QLD,Persons,Total,With leave entitlements,1184.5,1.1,ok
2018,QLD,Persons,Total,With leave entitlements,1231.1,1.2,ok
2019,QLD,Persons,Total,With leave entitlements,1200.0,1.1,ok
2020,QLD,Persons,Total,With leave entitlements,1250.0,2.0,ok
2021,QLD,Persons,Total,With leave entitlements,1291.4,1.3,ok
2022,QLD,Persons,Total,With leave entitlements,1401.2,1.0,ok
2023,QLD,Persons,Total,With leave entitlements,1490.4,1.3,ok
2024,QLD,Persons,Total,With leave entitlements,1518.0,1.3,ok
2014,QLD,Persons,Total,Without leave entitlements,500.0,3.5,ok
2015,QLD,Persons,Total,Without leave entitlements,527.0,3.6,ok
2016,QLD,Persons,Total,Without leave entitlements,550.0,4.6,ok
2017,QLD,Persons,Total,Without leave entitlements,560.0,3.5,ok
2018,QLD,Persons,Total,Without leave entitlements,526.3,2.8,ok
2019,QLD,Persons,Total,Without leave entitlements,597.6,4.3,ok
2020,QLD,Persons,Total,Without leave entitlements,650.0,3.9,ok
2021,QLD,Persons,Total,Without leave entitlements,625.0,4.4,ok
2022,QLD,Persons,Total,Without leave entitlements,692.8,5.5,ok
2023,QLD,Persons,Total,Without leave entitlements,697.0,4.0,ok
2024,QLD,Persons,Total,Without leave entitlements,720.0,5.3,ok
2014,SA,Females,Full-time,Total,1052.7,2.0,ok
2015,SA,Females,Full-time,Total,1115.7,2.3,ok
2016,SA,Females,Full-time,Total,1100.0,1.9,ok
2017,SA,Females,Full-time,Total,1100.0,3.2,ok
2018,SA,Females,Full-time,Total,1169.0,2.4,ok
2019,SA,Females,Full-time,Total,1152.5,2.4,ok
2020,SA,Females,Full-time,Total,1216.0,1.7,ok
2021,SA,Females,Full-time,Total,1289.9,2.2,ok
2022,SA,Females,Full-time,Total,1330.8,2.8,ok
2023,SA,Females,Full-time,Total,1426.7,2.5,ok
2024,SA,Females,Full-time,Total,1499.0,1.9,ok
2014,SA,Females,Full-time,With leave entitlements,1065.1,1.9,ok
2015,SA,Females,Full-time,With leave entitlements,1149.7,1.2,ok
2016,SA,Females,Full-time,With leave entitlements,1150.0,2.2,ok
2017,SA,Females,Full-time,With leave entitlements,1150.0,2.2,ok
2018,SA,Females,Full-time,With leave entitlements,1200.0,2.8,ok
2019,SA,Females,Full-time,With leave entitlements,1191.4,2.1,ok
2020,SA,Females,Full-time,With leave entitlements,1250.0,1.6,ok
2021,SA,Females,Full-time,With leave entitlements,1325.2,2.8,ok
2022,SA,Females,Full-time,With leave entitlements,1400.0,3.0,ok
2023,SA,Females,Full-time,With leave entitlements,1493.7,1.9,ok
2024,SA,Females,Full-time,With leave entitlements,1500.0,2.5,ok
2014,SA,Females,Full-time,Without leave entitlements,900.0,6.4,ok
2015,SA,Females,Full-time,Without leave entitlements,958.9,4.6,ok
2016,SA,Females,Full-time,Without leave entitlements,809.4,10.2,ok
2017,SA,Females,Full-time,Without leave entitlements,806.5,4.2,ok
2018,SA,Females,Full-time,Without leave entitlements,1000.0,4.3,ok
2019,SA,Females,Full-time,Without leave entitlements,1019.2,2.7,ok
2020,SA,Females,Full-time,Without leave entitlements,958.3,6.3,ok
2021,SA,Females,Full-time,Without leave entitlements,1063.5,4.8,ok
2022,SA,Females,Full-time,Without leave entitlements,1150.5,3.2,ok
2023,SA,Females,Full-time,Without leave entitlements,1202.7,5.4,ok
2024,SA,Females,Full-time,Without leave entitlements,1335.6,7.4,ok
2014,SA,Females,Part-time,Total,489.7,2.6,ok
2015,SA,Females,Part-time,Total,536.2,2.4,ok
2016,SA,Females,Part-time,Total,509.7,2.5,ok
2017,SA,Females,Part-time,Total,547.9,4.7,ok
2018,SA,Females,Part-time,Total,560.0,2.7,ok
2019,SA,Females,Part-time,Total,560.0,4.6,ok
2020,SA,Females,Part-time,Total,700.0,3.5,ok
2021,SA,Females,Part-time,Total,614.4,3.0,ok
2022,SA,Females,Part-time,Total,663.1,3.2,ok
2023,SA,Females,Part-time,Total,700.0,3.1,ok
2024,SA,Females,Part-time,Total,713.5,2.4,ok
2014,SA,Females,Part-time,With leave entitlements,592.1,2.7,ok
2015,SA,Females,Part-time,With leave entitlements,650.0,4.0,ok
2016,SA,Females,Part-time,With leave entitlements,650.0,2.3,ok
2017,SA,Females,Part-time,With leave entitlements,711.4,4.1,ok
2018,SA,Females,Part-time,With leave entitlements,700.0,2.2,ok
2019,SA,Females,Part-time,With leave entitlements,718.4,1.8,ok
2020,SA,Females,Part-time,With leave entitlements,750.0,2.5,ok
2021,SA,Females,Part-time,With leave entitlements,800.0,3.2,ok
2022,SA,Females,Part-time,With leave entitlements,856.9,3.0,ok
2023,SA,Females,Part-time,With leave entitlements,854.0,3.2,ok
2024,SA,Females,Part-time,With leave entitlements,850.0,3.0,ok
2014,SA,Females,Part-time,Without leave entitlements,300.0,6.0,ok
2015,SA,Females,Part-time,Without leave entitlements,382.4,7.7,ok
2016,SA,Females,Part-time,Without leave entitlements,355.9,6.2,ok
2017,SA,Females,Part-time,Without leave entitlements,372.3,7.8,ok
2018,SA,Females,Part-time,Without leave entitlements,400.0,5.4,ok
2019,SA,Females,Part-time,Without leave entitlements,372.3,6.8,ok
2020,SA,Females,Part-time,Without leave entitlements,500.0,6.7,ok
2021,SA,Females,Part-time,Without leave entitlements,400.0,6.1,ok
2022,SA,Females,Part-time,Without leave entitlements,409.0,7.7,ok
2023,SA,Females,Part-time,Without leave entitlements,480.0,7.5,ok
2024,SA,Females,Part-time,Without leave entitlements,455.0,5.8,ok
2014,SA,Females,Total,Total,767.0,1.7,ok
2015,SA,Females,Total,Total,810.0,1.6,ok
2016,SA,Females,Total,Total,787.4,2.3,ok
2017,SA,Females,Total,Total,834.7,1.7,ok
2018,SA,Females,Total,Total,852.5,1.7,ok
2019,SA,Females,Total,Total,900.0,1.5,ok
2020,SA,Females,Total,Total,917.5,1.4,ok
2021,SA,Females,Total,Total,950.0,2.6,ok
2022,SA,Females,Total,Total,1000.0,1.1,ok
2023,SA,Females,Total,Total,1064.0,2.0,ok
2024,SA,Females,Total,Total,1100.0,2.2,ok
2014,SA,Females,Total,With leave entitlements,920.0,1.5,ok
2015,SA,Females,Total,With leave entitlements,950.0,2.0,ok
2016,SA,Females,Total,With leave entitlements,975.6,1.3,ok
2017,SA,Females,Total,With leave entitlements,996.6,1.3,ok
2018,SA,Females,Total,With leave entitlements,1000.0,1.4,ok
2019,SA,Females,Total,With leave entitlements,1019.0,1.4,ok
2020,SA,Females,Total,With leave entitlements,1068.8,1.9,ok
2021,SA,Females,Total,With leave entitlements,1100.0,2.3,ok
2022,SA,Females,Total,With leave entitlements,1150.0,2.1,ok
2023,SA,Females,Total,With leave entitlements,1250.0,1.7,ok
2024,SA,Females,Total,With leave entitlements,1250.0,2.0,ok
2014,SA,Females,Total,Without leave entitlements,391.0,6.4,ok
2015,SA,Females,Total,Without leave entitlements,440.0,6.2,ok
2016,SA,Females,Total,Without leave entitlements,411.1,4.3,ok
2017,SA,Females,Total,Without leave entitlements,420.0,6.3,ok
2018,SA,Females,Total,Without leave entitlements,454.3,4.9,ok
2019,SA,Females,Total,Without leave entitlements,450.0,6.5,ok
2020,SA,Females,Total,Without leave entitlements,600.0,6.9,ok
2021,SA,Females,Total,Without leave entitlements,500.0,5.7,ok
2022,SA,Females,Total,Without leave entitlements,500.0,5.9,ok
2023,SA,Females,Total,Without leave entitlements,600.0,6.4,ok
2024,SA,Females,Total,Without leave entitlements,599.9,6.8,ok
2014,SA,Males,Full-time,Total,1195.8,1.1,ok
2015,SA,Males,Full-time,Total,1200.0,1.6,ok
2016,SA,Males,Full-time,Total,1250.0,2.1,ok
2017,SA,Males,Full-time,Total,1210.0,1.6,ok
2018,SA,Males,Full-time,Total,1270.3,2.6,ok
2019,SA,Males,Full-time,Total,1342.0,2.5,ok
2020,SA,Males,Full-time,Total,1343.9,2.6,ok
2021,SA,Males,Full-time,Total,1438.0,1.9,ok
2022,SA,Males,Full-time,Total,1420.0,1.8,ok
2023,SA,Males,Full-time,Total,1516.1,1.4,ok
2024,SA,Males,Full-time,Total,1585.2,2.0,ok
2014,SA,Males,Full-time,With leave entitlements,1200.0,1.3,ok
2015,SA,Males,Full-time,With leave entitlements,1250.0,2.0,ok
2016,SA,Males,Full-time,With leave entitlements,1297.8,3.3,ok
2017,SA,Males,Full-time,With leave entitlements,1260.9,1.9,ok
2018,SA,Males,Full-time,With leave entitlements,1305.9,2.7,ok
2019,SA,Males,Full-time,With leave entitlements,1380.0,2.7,ok
2020,SA,Males,Full-time,With leave entitlements,1400.0,2.8,ok
2021,SA,Males,Full-time,With leave entitlements,1500.0,1.9,ok
2022,SA,Males,Full-time,With leave entitlements,1450.0,1.7,ok
2023,SA,Males,Full-time,With leave entitlements,1610.0,2.3,ok
2024,SA,Males,Full-time,With leave entitlements,1600.0,2.1,ok
2014,SA,Males,Full-time,Without leave entitlements,900.0,4.5,ok
2015,SA,Males,Full-time,Without leave entitlements,1000.0,4.9,ok
2016,SA,Males,Full-time,Without leave entitlements,1024.4,6.8,ok
2017,SA,Males,Full-time,Without leave entitlements,950.0,3.1,ok
2018,SA,Males,Full-time,Without leave entitlements,1078.1,2.4,ok
2019,SA,Males,Full-time,Without leave entitlements,1092.7,4.7,ok
2020,SA,Males,Full-time,Without leave entitlements,1047.4,6.4,ok
2021,SA,Males,Full-time,Without leave entitlements,1032.8,4.5,ok
2022,SA,Males,Full-time,Without leave entitlements,1200.0,3.2,ok
2023,SA,Males,Full-time,Without leave entitlements,1100.0,5.0,ok
2024,SA,Males,Full-time,Without leave entitlements,1404.4,4.1,ok
2014,SA,Males,Part-time,Total,446.7,8.0,ok
2015,SA,Males,Part-time,Total,466.0,4.5,ok
2016,SA,Males,Part-time,Total,420.0,5.9,ok
2017,SA,Males,Part-time,Total,460.0,5.6,ok
2018,SA,Males,Part-time,Total,499.0,8.1,ok
2019,SA,Males,Part-time,Total,437.3,5.9,ok
2020,SA,Males,Part-time,Total,586.0,6.2,ok
2021,SA,Males,Part-time,Total,529.3,6.4,ok
2022,SA,Males,Part-time,Total,504.0,6.2,ok
2023,SA,Males,Part-time,Total,608.5,5.8,ok
2024,SA,Males,Part-time,Total,650.0,5.9,ok
2014,SA,Males,Part-time,With leave entitlements,600.0,8.2,ok
2015,SA,Males,Part-time,With leave entitlements,648.4,9.0,ok
2016,SA,Males,Part-time,With leave entitlements,541.7,9.2,ok
2017,SA,Males,Part-time,With leave entitlements,628.7,8.2,ok
2018,SA,Males,Part-time,With leave entitlements,743.5,4.1,ok
2019,SA,Males,Part-time,With leave entitlements,686.3,8.5,ok
2020,SA,Males,Part-time,With leave entitlements,738.6,8.5,ok
2021,SA,Males,Part-time,With leave entitlements,703.7,8.0,ok
2022,SA,Males,Part-time,With leave entitlements,724.1,8.2,ok
2023,SA,Males,Part-time,With leave entitlements,903.8,4.8,ok
2024,SA,Males,Part-time,With leave entitlements,809.2,6.3,ok
2014,SA,Males,Part-time,Without leave entitlements,360.0,9.4,ok
2015,SA,Males,Part-time,Without leave entitlements,400.0,9.7,ok
2016,SA,Males,Part-time,Without leave entitlements,400.0,9.1,ok
2017,SA,Males,Part-time,Without leave entitlements,368.3,6.9,ok
2018,SA,Males,Part-time,Without leave entitlements,349.9,9.2,ok
2019,SA,Males,Part-time,Without leave entitlements,327.2,14.1,ok
2020,SA,Males,Part-time,Without leave entitlements,500.0,7.3,ok
2021,SA,Males,Part-time,Without leave entitlements,400.0,6.8,ok
2022,SA,Males,Part-time,Without leave entitlements,400.0,11.2,ok
2023,SA,Males,Part-time,Without leave entitlements,466.4,10.4,ok
2024,SA,Males,Part-time,Without leave entitlements,544.2,10.3,ok
2014,SA,Males,Total,Total,1087.1,1.3,ok
2015,SA,Males,Total,Total,1100.0,1.6,ok
2016,SA,Males,Total,Total,1100.0,2.4,ok
2017,SA,Males,Total,Total,1097.0,1.8,ok
2018,SA,Males,Total,Total,1150.0,2.2,ok
2019,SA,Males,Total,Total,1200.0,2.1,ok
2020,SA,Males,Total,Total,1200.0,2.0,ok
2021,SA,Males,Total,Total,1250.0,2.0,ok
2022,SA,Males,Total,Total,1276.6,1.4,ok
2023,SA,Males,Total,Total,1382.0,2.2,ok
2024,SA,Males,Total,Total,1400.0,1.3,ok
2014,SA,Males,Total,With leave entitlements,1200.0,1.1,ok
2015,SA,Males,Total,With leave entitlements,1200.0,1.9,ok
2016,SA,Males,Total,With leave entitlements,1246.3,2.0,ok
2017,SA,Males,Total,With leave entitlements,1212.5,1.1,ok
2018,SA,Males,Total,With leave entitlements,1250.0,2.0,ok
2019,SA,Males,Total,With leave entitlements,1310.0,2.9,ok
2020,SA,Males,Total,With leave entitlements,1350.2,2.0,ok
2021,SA,Males,Total,With leave entitlements,1423.9,1.8,ok
2022,SA,Males,Total,With leave entitlements,1400.7,2.3,ok
2023,SA,Males,Total,With leave entitlements,1533.2,1.5,ok
2024,SA,Males,Total,With leave entitlements,1502.6,1.7,ok
2014,SA,Males,Total,Without leave entitlements,659.4,5.3,ok
2015,SA,Males,Total,Without leave entitlements,640.0,4.7,ok
2016,SA,Males,Total,Without leave entitlements,634.0,5.8,ok
2017,SA,Males,Total,Without leave entitlements,700.0,5.5,ok
2018,SA,Males,Total,Without leave entitlements,750.0,8.5,ok
2019,SA,Males,Total,Without leave entitlements,662.9,7.8,ok
2020,SA,Males,Total,Without leave entitlements,750.0,3.4,ok
2021,SA,Males,Total,Without leave entitlements,672.5,7.7,ok
2022,SA,Males,Total,Without leave entitlements,801.2,6.0,ok
2023,SA,Males,Total,Without leave entitlements,788.3,7.1,ok
2024,SA,Males,Total,Without leave entitlements,900.0,7.4,ok
2014,SA,Persons,Full-time,Total,1140.0,1.6,ok
2015,SA,Persons,Full-time,Total,1175.0,1.1,ok
2016,SA,Persons,Full-time,Total,1200.0,2.1,ok
2017,SA,Persons,Full-time,Total,1189.0,1.2,ok
2018,SA,Persons,Full-time,Total,1244.5,1.8,ok
2019,SA,Persons,Full-time,Total,1252.0,2.3,ok
2020,SA,Persons,Full-time,Total,1289.0,2.1,ok
2021,SA,Persons,Full-time,Total,1386.0,1.5,ok
2022,SA,Persons,Full-time,Total,1400.0,1.6,ok
2023,SA,Persons,Full-time,Total,1500.0,0.8,ok
2024,SA,Persons,Full-time,Total,1520.0,1.7,ok
2014,SA,Persons,Full-time,With leave entitlements,1172.0,1.4,ok
2015,SA,Persons,Full-time,With leave entitlements,1200.0,2.0,ok
2016,SA,Persons,Full-time,With leave entitlements,1233.3,1.8,ok
2017,SA,Persons,Full-time,With leave entitlements,1206.2,1.1,ok
2018,SA,Persons,Full-time,With leave entitlements,1270.1,2.0,ok
2019,SA,Persons,Full-time,With leave entitlements,1300.0,2.3,ok
2020,SA,Persons,Full-time,With leave entitlements,1346.0,2.1,ok
2021,SA,Persons,Full-time,With leave entitlements,1424.7,1.7,ok
2022,SA,Persons,Full-time,With leave entitlements,1440.8,1.5,ok
2023,SA,Persons,Full-time,With leave entitlements,1538.0,1.7,ok
2024,SA,Persons,Full-time,With leave entitlements,1545.0,1.8,ok
2014,SA,Persons,Full-time,Without leave entitlements,900.0,4.2,ok
2015,SA,Persons,Full-time,Without leave entitlements,979.0,3.5,ok
2016,SA,Persons,Full-time,Without leave entitlements,944.4,2.7,ok
2017,SA,Persons,Full-time,Without leave entitlements,900.0,3.3,ok
2018,SA,Persons,Full-time,Without leave entitlements,1021.0,2.9,ok
2019,SA,Persons,Full-time,Without leave entitlements,1067.2,2.4,ok
2020,SA,Persons,Full-time,Without leave entitlements,1000.6,5.1,ok
2021,SA,Persons,Full-time,Without leave entitlements,1048.9,3.3,ok
2022,SA,Persons,Full-time,Without leave entitlements,1172.6,2.4,ok
2023,SA,Persons,Full-time,Without leave entitlements,1148.2,4.2,ok
2024,SA,Persons,Full-time,Without leave entitlements,1400.8,4.4,ok
2014,SA,Persons,Part-time,Total,475.0,3.0,ok
2015,SA,Persons,Part-time,Total,500.0,1.8,ok
2016,SA,Persons,Part-time,Total,500.0,2.2,ok
2017,SA,Persons,Part-time,Total,511.6,2.5,ok
2018,SA,Persons,Part-time,Total,550.0,3.0,ok
2019,SA,Persons,Part-time,Total,538.1,3.2,ok
2020,SA,Persons,Part-time,Total,655.5,3.0,ok
2021,SA,Persons,Part-time,Total,600.0,3.0,ok
2022,SA,Persons,Part-time,Total,620.8,2.7,ok
2023,SA,Persons,Part-time,Total,680.1,2.2,ok
2024,SA,Persons,Part-time,Total,700.0,2.9,ok
2014,SA,Persons,Part-time,With leave entitlements,599.0,1.8,ok
2015,SA,Persons,Part-time,With leave entitlements,650.0,3.9,ok
2016,SA,Persons,Part-time,With leave entitlements,650.0,2.8,ok
2017,SA,Persons,Part-time,With leave entitlements,700.0,3.6,ok
2018,SA,Persons,Part-time,With leave entitlements,720.0,1.8,ok
2019,SA,Persons,Part-time,With leave entitlements,710.0,2.2,ok
2020,SA,Persons,Part-time,With leave entitlements,750.0,1.9,ok
2021,SA,Persons,Part-time,With leave entitlements,792.0,3.5,ok
2022,SA,Persons,Part-time,With leave entitlements,833.0,4.2,ok
2023,SA,Persons,Part-time,With leave entitlements,863.1,2.6,ok
2024,SA,Persons,Part-time,With leave entitlements,850.0,3.0,ok
2014,SA,Persons,Part-time,Without leave entitlements,330.2,4.7,ok
2015,SA,Persons,Part-time,Without leave entitlements,386.0,6.1,ok
2016,SA,Persons,Part-time,Without leave entitlements,373.9,5.5,ok
2017,SA,Persons,Part-time,Without leave entitlements,370.7,4.8,ok
2018,SA,Persons,Part-time,Without leave entitlements,375.0,4.7,ok
2019,SA,Persons,Part-time,Without leave entitlements,358.6,6.4,ok
2020,SA,Persons,Part-time,Without leave entitlements,500.0,5.9,ok
2021,SA,Persons,Part-time,Without leave entitlements,400.0,5.6,ok
2022,SA,Persons,Part-time,Without leave entitlements,402.2,4.3,ok
2023,SA,Persons,Part-time,Without leave entitlements,480.0,4.7,ok
2024,SA,Persons,Part-time,Without leave entitlements,500.0,5.1,ok
2014,SA,Persons,Total,Total,925.0,1.4,ok
2015,SA,Persons,Total,Total,952.2,1.4,ok
2016,SA,Persons,Total,Total,950.0,2.0,ok
2017,SA,Persons,Total,Total,973.2,1.3,ok
2018,SA,Persons,Total,Total,1000.0,0.5,ok
2019,SA,Persons,Total,Total,1013.9,1.3,ok
2020,SA,Persons,Total,Total,1054.0,1.5,ok
2021,SA,Persons,Total,Total,1100.0,1.6,ok
2022,SA,Persons,Total,Total,1126.5,1.2,ok
2023,SA,Persons,Total,Total,1200.0,1.7,ok
2024,SA,Persons,Total,Total,1250.0,1.6,ok
2014,SA,Persons,Total,With leave entitlements,1050.0,1.8,ok
2015,SA,Persons,Total,With leave entitlements,1086.0,1.3,ok
2016,SA,Persons,Total,With leave entitlements,1100.0,2.1,ok
2017,SA,Persons,Total,With leave entitlements,1100.0,1.3,ok
2018,SA,Persons,Total,With leave entitlements,1148.6,1.4,ok
2019,SA,Persons,Total,With leave entitlements,1159.6,1.5,ok
2020,SA,Persons,Total,With leave entitlements,1200.0,1.3,ok
2021,SA,Persons,Total,With leave entitlements,1250.0,1.2,ok
2022,SA,Persons,Total,With leave entitlements,1269.5,1.1,ok
2023,SA,Persons,Total,With leave entitlements,1400.0,1.4,ok
2024,SA,Persons,Total,With leave entitlements,1399.0,1.4,ok
2014,SA,Persons,Total,Without leave entitlements,487.9,4.5,ok
2015,SA,Persons,Total,Without leave entitlements,500.0,3.8,ok
2016,SA,Persons,Total,Without leave entitlements,500.0,4.0,ok
2017,SA,Persons,Total,Without leave entitlements,500.0,3.6,ok
2018,SA,Persons,Total,Without leave entitlements,548.0,4.7,ok
2019,SA,Persons,Total,Without leave entitlements,500.0,5.6,ok
2020,SA,Persons,Total,Without leave entitlements,650.0,5.8,ok
2021,SA,Persons,Total,Without leave entitlements,550.0,4.3,ok
2022,SA,Persons,Total,Without leave entitlements,600.0,4.4,ok
2023,SA,Persons,Total,Without leave entitlements,684.5,4.8,ok
2024,SA,Persons,Total,Without leave entitlements,741.4,5.6,ok
2014,TAS,Females,Full-time,Total,1000.0,2.3,ok
2015,TAS,Females,Full-time,Total,1055.9,3.4,ok
2016,TAS,Females,Full-time,Total,1068.3,3.0,ok
2017,TAS,Females,Full-time,Total,1100.0,2.8,ok
2018,TAS,Females,Full-time,Total,1150.0,2.2,ok
2019,TAS,Females,Full-time,Total,1204.3,2.9,ok
2020,TAS,Females,Full-time,Total,1221.7,4.2,ok
2021,TAS,Females,Full-time,Total,1282.4,2.7,ok
2022,TAS,Females,Full-time,Total,1303.7,2.3,ok
2023,TAS,Females,Full-time,Total,1473.0,3.3,ok
2024,TAS,Females,Full-time,Total,1403.9,3.1,ok
2014,TAS,Females,Full-time,With leave entitlements,1000.0,1.9,ok
2015,TAS,Females,Full-time,With leave entitlements,1062.0,3.6,ok
2016,TAS,Females,Full-time,With leave entitlements,1086.1,3.5,ok
2017,TAS,Females,Full-time,With leave entitlements,1128.2,3.6,ok
2018,TAS,Females,Full-time,With leave entitlements,1158.6,3.1,ok
2019,TAS,Females,Full-time,With leave entitlements,1250.0,2.5,ok
2020,TAS,Females,Full-time,With leave entitlements,1285.5,4.7,ok
2021,TAS,Females,Full-time,With leave entitlements,1300.0,2.8,ok
2022,TAS,Females,Full-time,With leave entitlements,1342.0,2.4,ok
2023,TAS,Females,Full-time,With leave entitlements,1523.3,3.3,ok
2024,TAS,Females,Full-time,With leave entitlements,1449.4,3.9,ok
2014,TAS,Females,Full-time,Without leave entitlements,798.6,8.0,ok
2015,TAS,Females,Full-time,Without leave entitlements,961.3,8.8,ok
2016,TAS,Females,Full-time,Without leave entitlements,857.3,9.3,ok
2017,TAS,Females,Full-time,Without leave entitlements,828.3,8.3,ok
2018,TAS,Females,Full-time,Without leave entitlements,950.0,12.9,ok
2019,TAS,Females,Full-time,Without leave entitlements,858.6,7.9,ok
2020,TAS,Females,Full-time,Without leave entitlements,956.3,9.5,ok
2021,TAS,Females,Full-time,Without leave entitlements,1100.0,7.3,ok
2022,TAS,Females,Full-time,Without leave entitlements,1096.7,8.3,ok
2023,TAS,Females,Full-time,Without leave entitlements,1200.0,11.2,ok
2024,TAS,Females,Full-time,Without leave entitlements,1147.1,11.2,ok
2014,TAS,Females,Part-time,Total,476.5,3.8,ok
2015,TAS,Females,Part-time,Total,499.5,4.0,ok
2016,TAS,Females,Part-time,Total,500.0,5.1,ok
2017,TAS,Females,Part-time,Total,545.3,2.8,ok
2018,TAS,Females,Part-time,Total,550.0,4.2,ok
2019,TAS,Females,Part-time,Total,560.8,4.8,ok
2020,TAS,Females,Part-time,Total,703.9,3.2,ok
2021,TAS,Females,Part-time,Total,600.0,2.5,ok
2022,TAS,Females,Part-time,Total,626.1,3.0,ok
2023,TAS,Females,Part-time,Total,750.0,3.1,ok
2024,TAS,Females,Part-time,Total,743.6,4.0,ok
2014,TAS,Females,Part-time,With leave entitlements,581.9,2.9,ok
2015,TAS,Females,Part-time,With leave entitlements,650.0,3.6,ok
2016,TAS,Females,Part-time,With leave entitlements,610.0,5.1,ok
2017,TAS,Females,Part-time,With leave entitlements,650.0,3.4,ok
2018,TAS,Females,Part-time,With leave entitlements,650.0,3.4,ok
2019,TAS,Females,Part-time,With leave entitlements,717.6,3.7,ok
2020,TAS,Females,Part-time,With leave entitlements,802.0,4.6,ok
2021,TAS,Females,Part-time,With leave entitlements,764.2,3.4,ok
2022,TAS,Females,Part-time,With leave entitlements,750.0,3.1,ok
2023,TAS,Females,Part-time,With leave entitlements,900.0,5.0,ok
2024,TAS,Females,Part-time,With leave entitlements,899.0,4.5,ok
2014,TAS,Females,Part-time,Without leave entitlements,320.5,11.6,ok
2015,TAS,Females,Part-time,Without leave entitlements,283.5,8.9,ok
2016,TAS,Females,Part-time,Without leave entitlements,308.0,9.4,ok
2017,TAS,Females,Part-time,Without leave entitlements,318.9,7.5,ok
2018,TAS,Females,Part-time,Without leave entitlements,400.0,8.3,ok
2019,TAS,Females,Part-time,Without leave entitlements,400.0,6.2,ok
2020,TAS,Females,Part-time,Without leave entitlements,484.0,7.9,ok
2021,TAS,Females,Part-time,Without leave entitlements,398.2,12.8,ok
2022,TAS,Females,Part-time,Without leave entitlements,450.0,8.8,ok
2023,TAS,Females,Part-time,Without leave entitlements,487.5,7.6,ok
2024,TAS,Females,Part-time,Without leave entitlements,409.6,9.4,ok
2014,TAS,Females,Total,Total,700.0,2.8,ok
2015,TAS,Females,Total,Total,767.0,1.7,ok
2016,TAS,Females,Total,Total,750.0,2.2,ok
2017,TAS,Females,Total,Total,750.0,2.8,ok
2018,TAS,Females,Total,Total,832.0,1.9,ok
2019,TAS,Females,Total,Total,876.3,3.8,ok
2020,TAS,Females,Total,Total,875.0,2.2,ok
2021,TAS,Females,Total,Total,914.5,2.2,ok
2022,TAS,Females,Total,Total,954.0,2.5,ok
2023,TAS,Females,Total,Total,1076.0,2.4,ok
2024,TAS,Females,Total,Total,1100.0,2.3,ok
2014,TAS,Females,Total,With leave entitlements,850.0,3.0,ok
2015,TAS,Females,Total,With leave entitlements,892.6,3.2,ok
2016,TAS,Females,Total,With leave entitlements,887.9,2.6,ok
2017,TAS,Females,Total,With leave entitlements,900.0,2.8,ok
2018,TAS,Females,Total,With leave entitlements,950.0,2.7,ok
2019,TAS,Females,Total,With leave entitlements,1050.0,2.4,ok
2020,TAS,Females,Total,With leave entitlements,1041.1,2.6,ok
2021,TAS,Females,Total,With leave entitlements,1046.3,2.4,ok
2022,TAS,Females,Total,With leave entitlements,1079.2,1.5,ok
2023,TAS,Females,Total,With leave entitlements,1219.7,2.8,ok
2024,TAS,Females,Total,With leave entitlements,1240.0,3.1,ok
2014,TAS,Females,Total,Without leave entitlements,371.5,9.5,ok
2015,TAS,Females,Total,Without leave entitlements,300.0,9.3,ok
2016,TAS,Females,Total,Without leave entitlements,350.0,8.4,ok
2017,TAS,Females,Total,Without leave entitlements,376.6,9.7,ok
2018,TAS,Females,Total,Without leave entitlements,449.4,6.7,ok
2019,TAS,Females,Total,Without leave entitlements,438.8,5.8,ok
2020,TAS,Females,Total,Without leave entitlements,550.0,8.3,ok
2021,TAS,Females,Total,Without leave entitlements,500.0,8.9,ok
2022,TAS,Females,Total,Without leave entitlements,500.0,7.6,ok
2023,TAS,Females,Total,Without leave entitlements,552.2,4.6,ok
2024,TAS,Females,Total,Without leave entitlements,508.0,8.2,ok
2014,TAS,Males,Full-time,Total,1100.0,2.3,ok
2015,TAS,Males,Full-time,Total,1111.7,3.6,ok
2016,TAS,Males,Full-time,Total,1200.0,2.7,ok
2017,TAS,Males,Full-time,Total,1200.0,3.1,ok
2018,TAS,Males,Full-time,Total,1250.0,1.6,ok
2019,TAS,Males,Full-time,Total,1306.3,2.4,ok
2020,TAS,Males,Full-time,Total,1350.0,3.2,ok
2021,TAS,Males,Full-time,Total,1299.2,2.8,ok
2022,TAS,Males,Full-time,Total,1410.7,3.3,ok
2023,TAS,Males,Full-time,Total,1500.0,2.8,ok
2024,TAS,Males,Full-time,Total,1500.0,2.7,ok
2014,TAS,Males,Full-time,With leave entitlements,1115.1,3.1,ok
2015,TAS,Males,Full-time,With leave entitlements,1192.0,3.2,ok
2016,TAS,Males,Full-time,With leave entitlements,1206.3,2.1,ok
2017,TAS,Males,Full-time,With leave entitlements,1275.3,3.7,ok
2018,TAS,Males,Full-time,With leave entitlements,1250.0,1.5,ok
2019,TAS,Males,Full-time,With leave entitlements,1350.0,2.1,ok
2020,TAS,Males,Full-time,With leave entitlements,1400.0,2.8,ok
2021,TAS,Males,Full-time,With leave entitlements,1300.0,2.3,ok
2022,TAS,Males,Full-time,With leave entitlements,1469.7,2.5,ok
2023,TAS,Males,Full-time,With leave entitlements,1530.4,1.8,ok
2024,TAS,Males,Full-time,With leave entitlements,1500.0,2.8,ok
2014,TAS,Males,Full-time,Without leave entitlements,1057.8,6.7,ok
2015,TAS,Males,Full-time,Without leave entitlements,897.5,7.3,ok
2016,TAS,Males,Full-time,Without leave entitlements,996.8,6.6,ok
2017,TAS,Males,Full-time,Without leave entitlements,1002.3,4.5,ok
2018,TAS,Males,Full-time,Without leave entitlements,1143.6,2.8,ok
2019,TAS,Males,Full-time,Without leave entitlements,1100.0,7.6,ok
2020,TAS,Males,Full-time,Without leave entitlements,1000.0,12.6,ok
2021,TAS,Males,Full-time,Without leave entitlements,1000.0,3.1,ok
2022,TAS,Males,Full-time,Without leave entitlements,1100.0,3.8,ok
2023,TAS,Males,Full-time,Without leave entitlements,1200.0,4.9,ok
2024,TAS,Males,Full-time,Without leave entitlements,1062.7,18.3,ok
2014,TAS,Males,Part-time,Total,412.0,11.4,ok
2015,TAS,Males,Part-time,Total,398.0,12.1,ok
2016,TAS,Males,Part-time,Total,452.8,7.5,ok
2017,TAS,Males,Part-time,Total,433.6,12.5,ok
2018,TAS,Males,Part-time,Total,450.0,9.7,ok
2019,TAS,Males,Part-time,Total,500.0,5.1,ok
2020,TAS,Males,Part-time,Total,609.9,8.9,ok
2021,TAS,Males,Part-time,Total,529.8,7.2,ok
2022,TAS,Males,Part-time,Total,526.7,9.7,ok
2023,TAS,Males,Part-time,Total,597.2,7.3,ok
2024,TAS,Males,Part-time,Total,705.8,8.6,ok
2014,TAS,Males,Part-time,With leave entitlements,570.5,10.8,ok
2015,TAS,Males,Part-time,With leave entitlements,600.5,10.7,ok
2016,TAS,Males,Part-time,With leave entitlements,661.7,10.5,ok
2017,TAS,Males,Part-time,With leave entitlements,597.8,15.4,ok
2018,TAS,Males,Part-time,With leave entitlements,731.0,10.1,ok
2019,TAS,Males,Part-time,With leave entitlements,704.0,9.1,ok
2020,TAS,Males,Part-time,With leave entitlements,750.0,2.3,ok
2021,TAS,Males,Part-time,With leave entitlements,789.9,6.9,ok
2022,TAS,Males,Part-time,With leave entitlements,788.7,8.1,ok
2023,TAS,Males,Part-time,With leave entitlements,812.5,11.0,ok
2024,TAS,Males,Part-time,With leave entitlements,826.1,10.9,ok
2014,TAS,Males,Part-time,Without leave entitlements,301.8,12.5,ok
2015,TAS,Males,Part-time,Without leave entitlements,250.0,17.7,ok
2016,TAS,Males,Part-time,Without leave entitlements,358.2,10.7,ok
2017,TAS,Males,Part-time,Without leave entitlements,231.9,19.6,ok
2018,TAS,Males,Part-time,Without leave entitlements,325.1,9.8,ok
2019,TAS,Males,Part-time,Without leave entitlements,448.6,8.1,ok
2020,TAS,Males,Part-time,Without leave entitlements,478.1,13.7,ok
2021,TAS,Males,Part-time,Without leave entitlements,400.0,12.8,ok
2022,TAS,Males,Part-time,Without leave entitlements,350.8,10.1,ok
2023,TAS,Males,Part-time,Without leave entitlements,400.6,12.2,ok
2024,TAS,Males,Part-time,Without leave entitlements,480.0,13.5,ok
2014,TAS,Males,Total,Total,1000.0,1.2,ok
2015,TAS,Males,Total,Total,1000.0,2.9,ok
2016,TAS,Males,Total,Total,1033.8,2.5,ok
2017,TAS,Males,Total,Total,1100.4,2.3,ok
2018,TAS,Males,Total,Total,1118.7,2.5,ok
2019,TAS,Males,Total,Total,1152.0,2.2,ok
2020,TAS,Males,Total,Total,1150.0,3.4,ok
2021,TAS,Males,Total,Total,1149.6,2.1,ok
2022,TAS,Males,Total,Total,1226.9,2.7,ok
2023,TAS,Males,Total,Total,1328.5,2.5,ok
2024,TAS,Males,Total,Total,1350.0,2.2,ok
2014,TAS,Males,Total,With leave entitlements,1081.8,2.5,ok
2015,TAS,Males,Total,With leave entitlements,1100.0,4.2,ok
2016,TAS,Males,Total,With leave entitlements,1200.0,3.2,ok
2017,TAS,Males,Total,With leave entitlements,1200.0,3.4,ok
2018,TAS,Males,Total,With leave entitlements,1231.6,1.2,ok
2019,TAS,Males,Total,With leave entitlements,1298.7,2.0,ok
2020,TAS,Males,Total,With leave entitlements,1324.2,2.9,ok
2021,TAS,Males,Total,With leave entitlements,1250.0,2.0,ok
2022,TAS,Males,Total,With leave entitlements,1350.0,3.8,ok
2023,TAS,Males,Total,With leave entitlements,1456.8,1.8,ok
2024,TAS,Males,Total,With leave entitlements,1425.0,2.0,ok
2014,TAS,Males,Total,Without leave entitlements,533.9,16.2,ok
2015,TAS,Males,Total,Without leave entitlements,490.3,7.9,ok
2016,TAS,Males,Total,Without leave entitlements,568.9,8.1,ok
2017,TAS,Males,Total,Without leave entitlements,633.7,12.8,ok
2018,TAS,Males,Total,Without leave entitlements,623.7,8.5,ok
2019,TAS,Males,Total,Without leave entitlements,607.2,7.6,ok
2020,TAS,Males,Total,Without leave entitlements,641.3,9.9,ok
2021,TAS,Males,Total,Without leave entitlements,600.0,10.6,ok
2022,TAS,Males,Total,Without leave entitlements,776.5,12.4,ok
2023,TAS,Males,Total,Without leave entitlements,685.4,7.6,ok
2024,TAS,Males,Total,Without leave entitlements,677.6,11.5,ok
2014,TAS,Persons,Full-time,Total,1057.4,2.1,ok
2015,TAS,Persons,Full-time,Total,1100.0,2.5,ok
2016,TAS,Persons,Full-time,Total,1150.0,2.6,ok
2017,TAS,Persons,Full-time,Total,1184.9,1.6,ok
2018,TAS,Persons,Full-time,Total,1203.9,1.4,ok
2019,TAS,Persons,Full-time,Total,1265.1,1.0,ok
2020,TAS,Persons,Full-time,Total,1300.0,2.9,ok
2021,TAS,Persons,Full-time,Total,1292.6,1.8,ok
2022,TAS,Persons,Full-time,Total,1355.0,1.9,ok
2023,TAS,Persons,Full-time,Total,1497.4,2.4,ok
2024,TAS,Persons,Full-time,Total,1480.1,1.5,ok
2014,TAS,Persons,Full-time,With leave entitlements,1079.2,2.2,ok
2015,TAS,Persons,Full-time,With leave entitlements,1127.3,3.4,ok
2016,TAS,Persons,Full-time,With leave entitlements,1200.0,2.7,ok
2017,TAS,Persons,Full-time,With leave entitlements,1200.0,2.4,ok
2018,TAS,Persons,Full-time,With leave entitlements,1229.8,1.0,ok
2019,TAS,Persons,Full-time,With leave entitlements,1300.0,2.2,ok
2020,TAS,Persons,Full-time,With leave entitlements,1361.5,2.7,ok
2021,TAS,Persons,Full-time,With leave entitlements,1300.0,1.9,ok
2022,TAS,Persons,Full-time,With leave entitlements,1400.0,2.5,ok
2023,TAS,Persons,Full-time,With leave entitlements,1523.7,2.1,ok
2024,TAS,Persons,Full-time,With leave entitlements,1500.0,2.1,ok
2014,TAS,Persons,Full-time,Without leave entitlements,952.1,6.7,ok
2015,TAS,Persons,Full-time,Without leave entitlements,910.3,5.6,ok
2016,TAS,Persons,Full-time,Without leave entitlements,948.9,4.5,ok
2017,TAS,Persons,Full-time,Without leave entitlements,1000.0,5.5,ok
2018,TAS,Persons,Full-time,Without leave entitlements,1100.0,4.6,ok
2019,TAS,Persons,Full-time,Without leave entitlements,998.2,6.4,ok
2020,TAS,Persons,Full-time,Without leave entitlements,1000.0,7.3,ok
2021,TAS,Persons,Full-time,Without leave entitlements,1033.7,4.4,ok
2022,TAS,Persons,Full-time,Without leave entitlements,1100.0,4.6,ok
2023,TAS,Persons,Full-time,Without leave entitlements,1200.0,4.6,ok
2024,TAS,Persons,Full-time,Without leave entitlements,1100.0,10.6,ok
2014,TAS,Persons,Part-time,Total,460.0,4.8,ok
2015,TAS,Persons,Part-time,Total,460.7,3.2,ok
2016,TAS,Persons,Part-time,Total,500.0,4.7,ok
2017,TAS,Persons,Part-time,Total,520.4,3.9,ok
2018,TAS,Persons,Part-time,Total,540.0,3.2,ok
2019,TAS,Persons,Part-time,Total,548.7,3.7,ok
2020,TAS,Persons,Part-time,Total,689.1,3.0,ok
2021,TAS,Persons,Part-time,Total,597.9,1.7,ok
2022,TAS,Persons,Part-time,Total,600.9,3.0,ok
2023,TAS,Persons,Part-time,Total,695.8,4.0,ok
2024,TAS,Persons,Part-time,Total,725.0,3.3,ok
2014,TAS,Persons,Part-time,With leave entitlements,579.9,4.0,ok
2015,TAS,Persons,Part-time,With leave entitlements,640.4,3.3,ok
2016,TAS,Persons,Part-time,With leave entitlements,614.9,3.7,ok
2017,TAS,Persons,Part-time,With leave entitlements,650.0,3.5,ok
2018,TAS,Persons,Part-time,With leave entitlements,652.0,3.5,ok
2019,TAS,Persons,Part-time,With leave entitlements,715.4,3.9,ok
2020,TAS,Persons,Part-time,With leave entitlements,778.9,2.7,ok
2021,TAS,Persons,Part-time,With leave entitlements,778.3,2.0,ok
2022,TAS,Persons,Part-time,With leave entitlements,760.1,2.1,ok
2023,TAS,Persons,Part-time,With leave entitlements,879.5,4.2,ok
2024,TAS,Persons,Part-time,With leave entitlements,865.0,4.7,ok
2014,TAS,Persons,Part-time,Without leave entitlements,304.8,9.2,ok
2015,TAS,Persons,Part-time,Without leave entitlements,264.6,9.4,ok
2016,TAS,Persons,Part-time,Without leave entitlements,329.4,7.0,ok
2017,TAS,Persons,Part-time,Without leave entitlements,300.0,5.9,ok
2018,TAS,Persons,Part-time,Without leave entitlements,375.0,6.3,ok
2019,TAS,Persons,Part-time,Without leave entitlements,400.0,5.7,ok
2020,TAS,Persons,Part-time,Without leave entitlements,484.0,7.9,ok
2021,TAS,Persons,Part-time,Without leave entitlements,400.0,10.8,ok
2022,TAS,Persons,Part-time,Without leave entitlements,400.0,9.0,ok
2023,TAS,Persons,Part-time,Without leave entitlements,456.0,7.0,ok
2024,TAS,Persons,Part-time,Without leave entitlements,425.8,8.4,ok
2014,TAS,Persons,Total,Total,862.8,1.7,ok
2015,TAS,Persons,Total,Total,880.0,1.9,ok
2016,TAS,Persons,Total,Total,900.0,1.8,ok
2017,TAS,Persons,Total,Total,950.0,2.4,ok
2018,TAS,Persons,Total,Total,974.0,1.6,ok
2019,TAS,Persons,Total,Total,1000.0,1.9,ok
2020,TAS,Persons,Total,Total,1000.0,0.9,ok
2021,TAS,Persons,Total,Total,1008.8,1.3,ok
2022,TAS,Persons,Total,Total,1085.9,1.2,ok
2023,TAS,Persons,Total,Total,1206.1,0.9,ok
2024,TAS,Persons,Total,Total,1208.0,1.8,ok
2014,TAS,Persons,Total,With leave entitlements,1000.0,1.3,ok
2015,TAS,Persons,Total,With leave entitlements,1000.0,2.6,ok
2016,TAS,Persons,Total,With leave entitlements,1005.1,1.3,ok
2017,TAS,Persons,Total,With leave entitlements,1054.0,2.4,ok
2018,TAS,Persons,Total,With leave entitlements,1100.0,1.7,ok
2019,TAS,Persons,Total,With leave entitlements,1193.9,1.7,ok
2020,TAS,Persons,Total,With leave entitlements,1165.8,2.4,ok
2021,TAS,Persons,Total,With leave entitlements,1190.0,1.1,ok
2022,TAS,Persons,Total,With leave entitlements,1210.2,1.7,ok
2023,TAS,Persons,Total,With leave entitlements,1346.1,2.4,ok
2024,TAS,Persons,Total,With leave entitlements,1334.4,2.1,ok
2014,TAS,Persons,Total,Without leave entitlements,400.0,9.8,ok
2015,TAS,Persons,Total,Without leave entitlements,386.5,8.5,ok
2016,TAS,Persons,Total,Without leave entitlements,443.7,8.0,ok
2017,TAS,Persons,Total,Without leave entitlements,450.0,7.0,ok
2018,TAS,Persons,Total,Without leave entitlements,495.5,6.3,ok
2019,TAS,Persons,Total,Without leave entitlements,500.0,6.4,ok
2020,TAS,Persons,Total,Without leave entitlements,592.6,7.8,ok
2021,TAS,Persons,Total,Without leave entitlements,509.5,6.1,ok
2022,TAS,Persons,Total,Without leave entitlements,565.9,6.6,ok
2023,TAS,Persons,Total,Without leave entitlements,600.0,3.8,ok
2024,TAS,Persons,Total,Without leave entitlements,549.8,7.1,ok
2014,VIC,Females,Full-time,Total,1052.0,1.6,ok
2015,VIC,Females,Full-time,Total,1100.0,2.3,ok
2016,VIC,Females,Full-time,Total,1139.7,1.2,ok
2017,VIC,Females,Full-time,Total,1175.3,1.8,ok
2018,VIC,Females,Full-time,Total,1200.0,2.1,ok
2019,VIC,Females,Full-time,Total,1250.0,1.9,ok
2020,VIC,Females,Full-time,Total,1342.0,2.6,ok
2021,VIC,Females,Full-time,Total,1380.0,2.3,ok
2022,VIC,Females,Full-time,Total,1489.6,0.9,ok
2023,VIC,Females,Full-time,Total,1500.0,1.3,ok
2024,VIC,Females,Full-time,Total,1600.0,1.9,ok
2014,VIC,Females,Full-time,With leave entitlements,1075.0,1.2,ok
2015,VIC,Females,Full-time,With leave entitlements,1101.7,1.9,ok
2016,VIC,Females,Full-time,With leave entitlements,1160.5,1.3,ok
2017,VIC,Females,Full-time,With leave entitlements,1200.0,2.1,ok
2018,VIC,Females,Full-time,With leave entitlements,1249.2,2.3,ok
2019,VIC,Females,Full-time,With leave entitlements,1300.0,1.6,ok
2020,VIC,Females,Full-time,With leave entitlements,1372.2,2.3,ok
2021,VIC,Females,Full-time,With leave entitlements,1408.8,2.5,ok
2022,VIC,Females,Full-time,With leave entitlements,1500.0,1.0,ok
2023,VIC,Females,Full-time,With leave entitlements,1500.0,1.0,ok
2024,VIC,Females,Full-time,With leave entitlements,1622.5,1.9,ok
2014,VIC,Females,Full-time,Without leave entitlements,899.8,3.8,ok
2015,VIC,Females,Full-time,Without leave entitlements,899.4,3.6,ok
2016,VIC,Females,Full-time,Without leave entitlements,841.0,4.6,ok
2017,VIC,Females,Full-time,Without leave entitlements,900.0,4.4,ok
2018,VIC,Females,Full-time,Without leave entitlements,922.8,5.9,ok
2019,VIC,Females,Full-time,Without leave entitlements,942.6,3.1,ok
2020,VIC,Females,Full-time,Without leave entitlements,945.8,7.1,ok
2021,VIC,Females,Full-time,Without leave entitlements,1050.0,5.1,ok
2022,VIC,Females,Full-time,Without leave entitlements,1099.2,3.6,ok
2023,VIC,Females,Full-time,Without leave entitlements,1143.9,9.9,ok
2024,VIC,Females,Full-time,Without leave entitlements,1328.0,5.3,ok
2014,VIC,Females,Part-time,Total,475.0,2.1,ok
2015,VIC,Females,Part-time,Total,484.0,2.1,ok
2016,VIC,Females,Part-time,Total,487.9,2.6,ok
2017,VIC,Females,Part-time,Total,516.2,2.5,ok
2018,VIC,Females,Part-time,Total,571.2,2.3,ok
2019,VIC,Females,Part-time,Total,540.5,2.9,ok
2020,VIC,Females,Part-time,Total,719.7,2.7,ok
2021,VIC,Females,Part-time,Total,611.0,2.0,ok
2022,VIC,Females,Part-time,Total,674.0,3.2,ok
2023,VIC,Females,Part-time,Total,700.0,2.6,ok
2024,VIC,Females,Part-time,Total,716.2,2.5,ok
2014,VIC,Females,Part-time,With leave entitlements,600.0,2.7,ok
2015,VIC,Females,Part-time,With leave entitlements,650.0,2.8,ok
2016,VIC,Females,Part-time,With leave entitlements,635.0,3.2,ok
2017,VIC,Females,Part-time,With leave entitlements,678.1,1.9,ok
2018,VIC,Females,Part-time,With leave entitlements,700.0,2.9,ok
2019,VIC,Females,Part-time,With leave entitlements,700.0,2.4,ok
2020,VIC,Females,Part-time,With leave entitlements,750.0,1.7,ok
2021,VIC,Females,Part-time,With leave entitlements,750.0,2.0,ok
2022,VIC,Females,Part-time,With leave entitlements,823.0,3.2,ok
2023,VIC,Females,Part-time,With leave entitlements,879.4,2.3,ok
2024,VIC,Females,Part-time,With leave entitlements,904.1,2.6,ok
2014,VIC,Females,Part-time,Without leave entitlements,270.0,4.7,ok
2015,VIC,Females,Part-time,Without leave entitlements,300.0,5.6,ok
2016,VIC,Females,Part-time,Without leave entitlements,294.2,6.0,ok
2017,VIC,Females,Part-time,Without leave entitlements,309.5,5.5,ok
2018,VIC,Females,Part-time,Without leave entitlements,300.0,4.9,ok
2019,VIC,Females,Part-time,Without leave entitlements,350.0,5.3,ok
2020,VIC,Females,Part-time,Without leave entitlements,500.0,5.6,ok
2021,VIC,Females,Part-time,Without leave entitlements,350.0,6.5,ok
2022,VIC,Females,Part-time,Without leave entitlements,416.2,8.3,ok
2023,VIC,Females,Part-time,Without leave entitlements,435.3,4.8,ok
2024,VIC,Females,Part-time,Without leave entitlements,399.0,2.4,ok
2014,VIC,Females,Total,Total,820.0,1.3,ok
2015,VIC,Females,Total,Total,800.0,1.3,ok
2016,VIC,Females,Total,Total,830.6,2.0,ok
2017,VIC,Females,Total,Total,897.5,1.1,ok
2018,VIC,Females,Total,Total,900.0,1.5,ok
2019,VIC,Females,Total,Total,920.0,1.7,ok
2020,VIC,Females,Total,Total,1000.0,2.2,ok
2021,VIC,Females,Total,Total,1000.0,1.6,ok
2022,VIC,Females,Total,Total,1104.0,1.5,ok
2023,VIC,Females,Total,Total,1150.0,1.0,ok
2024,VIC,Females,Total,Total,1200.0,2.0,ok
2014,VIC,Females,Total,With leave entitlements,929.0,1.6,ok
2015,VIC,Females,Total,With leave entitlements,937.7,1.7,ok
2016,VIC,Females,Total,With leave entitlements,990.0,1.1,ok
2017,VIC,Females,Total,With leave entitlements,1000.0,0.5,ok
2018,VIC,Females,Total,With leave entitlements,1035.0,2.1,ok
2019,VIC,Females,Total,With leave entitlements,1100.0,2.0,ok
2020,VIC,Females,Total,With leave entitlements,1127.0,2.4,ok
2021,VIC,Females,Total,With leave entitlements,1150.0,2.0,ok
2022,VIC,Females,Total,With leave entitlements,1265.0,1.3,ok
2023,VIC,Females,Total,With leave entitlements,1300.0,2.0,ok
2024,VIC,Females,Total,With leave entitlements,1368.4,2.0,ok
2014,VIC,Females,Total,Without leave entitlements,324.1,4.7,ok
2015,VIC,Females,Total,Without leave entitlements,350.0,5.1,ok
2016,VIC,Females,Total,Without leave entitlements,350.0,4.4,ok
2017,VIC,Females,Total,Without leave entitlements,400.0,4.0,ok
2018,VIC,Females,Total,Without leave entitlements,405.6,6.4,ok
2019,VIC,Females,Total,Without leave entitlements,420.0,3.8,ok
2020,VIC,Females,Total,Without leave entitlements,587.3,5.5,ok
2021,VIC,Females,Total,Without leave entitlements,413.4,7.3,ok
2022,VIC,Females,Total,Without leave entitlements,539.0,7.0,ok
2023,VIC,Females,Total,Without leave entitlements,500.0,6.6,ok
2024,VIC,Females,Total,Without leave entitlements,450.0,4.7,ok
2014,VIC,Males,Full-time,Total,1265.0,1.7,ok
2015,VIC,Males,Full-time,Total,1250.0,1.8,ok
2016,VIC,Males,Full-time,Total,1300.0,1.6,ok
2017,VIC,Males,Full-time,Total,1327.1,2.3,ok
2018,VIC,Males,Full-time,Total,1400.0,1.7,ok
2019,VIC,Males,Full-time,Total,1423.0,1.7,ok
2020,VIC,Males,Full-time,Total,1500.0,1.3,ok
2021,VIC,Males,Full-time,Total,1500.0,1.2,ok
2022,VIC,Males,Full-time,Total,1576.4,0.8,ok
2023,VIC,Males,Full-time,Total,1699.9,2.3,ok
2024,VIC,Males,Full-time,Total,1823.5,1.5,ok
2014,VIC,Males,Full-time,With leave entitlements,1300.0,2.0,ok
2015,VIC,Males,Full-time,With leave entitlements,1300.0,2.2,ok
2016,VIC,Males,Full-time,With leave entitlements,1342.0,1.8,ok
2017,VIC,Males,Full-time,With leave entitlements,1380.0,2.7,ok
2018,VIC,Males,Full-time,With leave entitlements,1426.6,1.9,ok
2019,VIC,Males,Full-time,With leave entitlements,1460.4,1.4,ok
2020,VIC,Males,Full-time,With leave entitlements,1500.0,1.5,ok
2021,VIC,Males,Full-time,With leave entitlements,1571.4,2.1,ok
2022,VIC,Males,Full-time,With leave entitlements,1610.0,1.5,ok
2023,VIC,Males,Full-time,With leave entitlements,1733.0,2.2,ok
2024,VIC,Males,Full-time,With leave entitlements,1841.0,1.3,ok
2014,VIC,Males,Full-time,Without leave entitlements,920.0,5.1,ok
2015,VIC,Males,Full-time,Without leave entitlements,950.0,3.1,ok
2016,VIC,Males,Full-time,Without leave entitlements,1036.3,5.9,ok
2017,VIC,Males,Full-time,Without leave entitlements,1022.3,4.4,ok
2018,VIC,Males,Full-time,Without leave entitlements,1094.6,5.3,ok
2019,VIC,Males,Full-time,Without leave entitlements,1089.0,6.7,ok
2020,VIC,Males,Full-time,Without leave entitlements,1108.6,5.7,ok
2021,VIC,Males,Full-time,Without leave entitlements,1151.3,3.8,ok
2022,VIC,Males,Full-time,Without leave entitlements,1200.0,3.1,ok
2023,VIC,Males,Full-time,Without leave entitlements,1270.0,5.0,ok
2024,VIC,Males,Full-time,Without leave entitlements,1700.0,9.7,ok
2014,VIC,Males,Part-time,Total,356.0,6.4,ok
2015,VIC,Males,Part-time,Total,418.1,3.5,ok
2016,VIC,Males,Part-time,Total,400.0,4.4,ok
2017,VIC,Males,Part-time,Total,400.0,4.5,ok
2018,VIC,Males,Part-time,Total,452.8,5.1,ok
2019,VIC,Males,Part-time,Total,480.0,6.6,ok
2020,VIC,Males,Part-time,Total,561.2,6.3,ok
2021,VIC,Males,Part-time,Total,497.3,7.3,ok
2022,VIC,Males,Part-time,Total,508.0,5.5,ok
2023,VIC,Males,Part-time,Total,589.4,6.5,ok
2024,VIC,Males,Part-time,Total,600.0,3.0,ok
2014,VIC,Males,Part-time,With leave entitlements,519.7,6.9,ok
2015,VIC,Males,Part-time,With leave entitlements,645.7,5.9,ok
2016,VIC,Males,Part-time,With leave entitlements,557.6,8.9,ok
2017,VIC,Males,Part-time,With leave entitlements,649.6,7.8,ok
2018,VIC,Males,Part-time,With leave entitlements,637.9,7.1,ok
2019,VIC,Males,Part-time,With leave entitlements,699.9,5.4,ok
2020,VIC,Males,Part-time,With leave entitlements,750.0,3.1,ok
2021,VIC,Males,Part-time,With leave entitlements,730.6,6.6,ok
2022,VIC,Males,Part-time,With leave entitlements,803.2,4.4,ok
2023,VIC,Males,Part-time,With leave entitlements,747.7,5.8,ok
2024,VIC,Males,Part-time,With leave entitlements,798.5,4.0,ok
2014,VIC,Males,Part-time,Without leave entitlements,258.5,11.1,ok
2015,VIC,Males,Part-time,Without leave entitlements,325.0,5.8,ok
2016,VIC,Males,Part-time,Without leave entitlements,330.0,6.7,ok
2017,VIC,Males,Part-time,Without leave entitlements,314.7,4.9,ok
2018,VIC,Males,Part-time,Without leave entitlements,312.7,10.7,ok
2019,VIC,Males,Part-time,Without leave entitlements,375.0,3.6,ok
2020,VIC,Males,Part-time,Without leave entitlements,440.0,8.4,ok
2021,VIC,Males,Part-time,Without leave entitlements,317.1,11.5,ok
2022,VIC,Males,Part-time,Without leave entitlements,450.0,6.2,ok
2023,VIC,Males,Part-time,Without leave entitlements,450.0,5.7,ok
2024,VIC,Males,Part-time,Without leave entitlements,490.8,7.3,ok
2014,VIC,Males,Total,Total,1100.0,2.0,ok
2015,VIC,Males,Total,Total,1100.0,2.2,ok
2016,VIC,Males,Total,Total,1150.0,1.7,ok
2017,VIC,Males,Total,Total,1167.5,1.6,ok
2018,VIC,Males,Total,Total,1250.0,1.6,ok
2019,VIC,Males,Total,Total,1239.3,1.6,ok
2020,VIC,Males,Total,Total,1300.0,1.4,ok
2021,VIC,Males,Total,Total,1342.0,1.9,ok
2022,VIC,Males,Total,Total,1400.0,1.1,ok
2023,VIC,Males,Total,Total,1500.0,1.9,ok
2024,VIC,Males,Total,Total,1600.0,1.1,ok
2014,VIC,Males,Total,With leave entitlements,1250.0,2.0,ok
2015,VIC,Males,Total,With leave entitlements,1250.0,1.6,ok
2016,VIC,Males,Total,With leave entitlements,1275.0,1.0,ok
2017,VIC,Males,Total,With leave entitlements,1315.3,2.3,ok
2018,VIC,Males,Total,With leave entitlements,1380.0,1.4,ok
2019,VIC,Males,Total,With leave entitlements,1380.0,1.8,ok
2020,VIC,Males,Total,With leave entitlements,1438.0,1.9,ok
2021,VIC,Males,Total,With leave entitlements,1500.0,1.4,ok
2022,VIC,Males,Total,With leave entitlements,1552.1,1.4,ok
2023,VIC,Males,Total,With leave entitlements,1648.6,2.1,ok
2024,VIC,Males,Total,With leave entitlements,1747.4,1.4,ok
2014,VIC,Males,Total,Without leave entitlements,500.0,7.7,ok
2015,VIC,Males,Total,Without leave entitlements,500.0,4.4,ok
2016,VIC,Males,Total,Without leave entitlements,516.9,5.2,ok
2017,VIC,Males,Total,Without leave entitlements,600.0,6.5,ok
2018,VIC,Males,Total,Without leave entitlements,600.0,6.3,ok
2019,VIC,Males,Total,Without leave entitlements,674.0,5.5,ok
2020,VIC,Males,Total,Without leave entitlements,600.0,6.5,ok
2021,VIC,Males,Total,Without leave entitlements,646.0,7.7,ok
2022,VIC,Males,Total,Without leave entitlements,700.0,6.7,ok
2023,VIC,Males,Total,Without leave entitlements,750.0,4.2,ok
2024,VIC,Males,Total,Without leave entitlements,773.8,6.9,ok
2014,VIC,Persons,Full-time,Total,1175.5,1.1,ok
2015,VIC,Persons,Full-time,Total,1199.0,1.1,ok
2016,VIC,Persons,Full-time,Total,1246.0,1.0,ok
2017,VIC,Persons,Full-time,Total,1250.0,1.1,ok
2018,VIC,Persons,Full-time,Total,1300.0,1.4,ok
2019,VIC,Persons,Full-time,Total,1342.0,1.4,ok
2020,VIC,Persons,Full-time,Total,1426.2,1.7,ok
2021,VIC,Persons,Full-time,Total,1477.0,1.1,ok
2022,VIC,Persons,Full-time,Total,1525.3,0.8,ok
2023,VIC,Persons,Full-time,Total,1600.0,1.8,ok
2024,VIC,Persons,Full-time,Total,1729.0,0.7,ok
2014,VIC,Persons,Full-time,With leave entitlements,1200.0,1.1,ok
2015,VIC,Persons,Full-time,With leave entitlements,1208.6,1.1,ok
2016,VIC,Persons,Full-time,With leave entitlements,1250.0,0.9,ok
2017,VIC,Persons,Full-time,With leave entitlements,1300.0,1.8,ok
2018,VIC,Persons,Full-time,With leave entitlements,1342.0,1.5,ok
2019,VIC,Persons,Full-time,With leave entitlements,1380.0,1.1,ok
2020,VIC,Persons,Full-time,With leave entitlements,1452.5,1.8,ok
2021,VIC,Persons,Full-time,With leave entitlements,1500.0,0.7,ok
2022,VIC,Persons,Full-time,With leave entitlements,1566.7,1.0,ok
2023,VIC,Persons,Full-time,With leave entitlements,1627.0,1.9,ok
2024,VIC,Persons,Full-time,With leave entitlements,1744.0,1.4,ok
2014,VIC,Persons,Full-time,Without leave entitlements,900.0,2.8,ok
2015,VIC,Persons,Full-time,Without leave entitlements,927.7,2.5,ok
2016,VIC,Persons,Full-time,Without leave entitlements,946.0,3.2,ok
2017,VIC,Persons,Full-time,Without leave entitlements,1000.0,2.5,ok
2018,VIC,Persons,Full-time,Without leave entitlements,1000.0,4.3,ok
2019,VIC,Persons,Full-time,Without leave entitlements,1000.0,2.8,ok
2020,VIC,Persons,Full-time,Without leave entitlements,1043.4,3.6,ok
2021,VIC,Persons,Full-time,Without leave entitlements,1144.4,3.3,ok
2022,VIC,Persons,Full-time,Without leave entitlements,1150.0,2.2,ok
2023,VIC,Persons,Full-time,Without leave entitlements,1243.5,5.2,ok
2024,VIC,Persons,Full-time,Without leave entitlements,1500.0,6.1,ok
2014,VIC,Persons,Part-time,Total,441.0,2.7,ok
2015,VIC,Persons,Part-time,Total,470.8,2.9,ok
2016,VIC,Persons,Part-time,Total,450.0,3.4,ok
2017,VIC,Persons,Part-time,Total,483.0,2.1,ok
2018,VIC,Persons,Part-time,Total,540.0,2.4,ok
2019,VIC,Persons,Part-time,Total,513.0,2.6,ok
2020,VIC,Persons,Part-time,Total,675.0,2.2,ok
2021,VIC,Persons,Part-time,Total,589.9,2.2,ok
2022,VIC,Persons,Part-time,Total,612.0,2.1,ok
2023,VIC,Persons,Part-time,Total,660.0,1.9,ok
2024,VIC,Persons,Part-time,Total,684.5,2.2,ok
2014,VIC,Persons,Part-time,With leave entitlements,597.0,2.2,ok
2015,VIC,Persons,Part-time,With leave entitlements,650.0,2.9,ok
2016,VIC,Persons,Part-time,With leave entitlements,625.0,2.0,ok
2017,VIC,Persons,Part-time,With leave entitlements,675.0,1.9,ok
2018,VIC,Persons,Part-time,With leave entitlements,700.0,2.9,ok
2019,VIC,Persons,Part-time,With leave entitlements,700.0,2.3,ok
2020,VIC,Persons,Part-time,With leave entitlements,750.0,1.7,ok
2021,VIC,Persons,Part-time,With leave entitlements,750.0,2.5,ok
2022,VIC,Persons,Part-time,With leave entitlements,814.6,2.6,ok
2023,VIC,Persons,Part-time,With leave entitlements,837.5,2.8,ok
2024,VIC,Persons,Part-time,With leave entitlements,900.0,2.0,ok
2014,VIC,Persons,Part-time,Without leave entitlements,270.0,5.7,ok
2015,VIC,Persons,Part-time,Without leave entitlements,300.0,3.6,ok
2016,VIC,Persons,Part-time,Without leave entitlements,300.0,4.9,ok
2017,VIC,Persons,Part-time,Without leave entitlements,310.0,4.0,ok
2018,VIC,Persons,Part-time,Without leave entitlements,300.0,4.6,ok
2019,VIC,Persons,Part-time,Without leave entitlements,360.0,4.2,ok
2020,VIC,Persons,Part-time,Without leave entitlements,475.5,4.0,ok
2021,VIC,Persons,Part-time,Without leave entitlements,348.8,7.3,ok
2022,VIC,Persons,Part-time,Without leave entitlements,425.6,4.8,ok
2023,VIC,Persons,Part-time,Without leave entitlements,440.0,4.3,ok
2024,VIC,Persons,Part-time,Without leave entitlements,400.0,2.6,ok
2014,VIC,Persons,Total,Total,950.0,1.0,ok
2015,VIC,Persons,Total,Total,950.0,1.1,ok
2016,VIC,Persons,Total,Total,1000.0,0.7,ok
2017,VIC,Persons,Total,Total,1000.0,0.5,ok
2018,VIC,Persons,Total,Total,1070.2,1.4,ok
2019,VIC,Persons,Total,Total,1073.0,1.2,ok
2020,VIC,Persons,Total,Total,1150.0,1.9,ok
2021,VIC,Persons,Total,Total,1181.6,1.1,ok
2022,VIC,Persons,Total,Total,1250.0,0.3,ok
2023,VIC,Persons,Total,Total,1296.3,1.4,ok
2024,VIC,Persons,Total,Total,1400.0,1.6,ok
2014,VIC,Persons,Total,With leave entitlements,1059.0,1.2,ok
2015,VIC,Persons,Total,With leave entitlements,1079.1,1.2,ok
2016,VIC,Persons,Total,With leave entitlements,1125.0,1.1,ok
2017,VIC,Persons,Total,With leave entitlements,1150.0,2.0,ok
2018,VIC,Persons,Total,With leave entitlements,1200.0,1.7,ok
2019,VIC,Persons,Total,With leave entitlements,1210.0,1.1,ok
2020,VIC,Persons,Total,With leave entitlements,1280.0,1.4,ok
2021,VIC,Persons,Total,With leave entitlements,1328.2,1.2,ok
2022,VIC,Persons,Total,With leave entitlements,1433.9,1.0,ok
2023,VIC,Persons,Total,With leave entitlements,1476.0,1.0,ok
2024,VIC,Persons,Total,With leave entitlements,1557.0,1.3,ok
2014,VIC,Persons,Total,Without leave entitlements,385.0,3.7,ok
2015,VIC,Persons,Total,Without leave entitlements,400.0,4.6,ok
2016,VIC,Persons,Total,Without leave entitlements,410.0,3.1,ok
2017,VIC,Persons,Total,Without leave entitlements,464.7,4.1,ok
2018,VIC,Persons,Total,Without leave entitlements,487.7,4.3,ok
2019,VIC,Persons,Total,Without leave entitlements,500.0,4.7,ok
2020,VIC,Persons,Total,Without leave entitlements,595.3,3.2,ok
2021,VIC,Persons,Total,Without leave entitlements,500.0,5.7,ok
2022,VIC,Persons,Total,Without leave entitlements,600.0,3.8,ok
2023,VIC,Persons,Total,Without leave entitlements,600.0,4.3,ok
2024,VIC,Persons,Total,Without leave entitlements,585.9,3.5,ok
2014,WA,Females,Full-time,Total,1200.0,2.7,ok
2015,WA,Females,Full-time,Total,1198.0,3.2,ok
2016,WA,Females,Full-time,Total,1225.0,1.3,ok
2017,WA,Females,Full-time,Total,1250.0,2.0,ok
2018,WA,Females,Full-time,Total,1251.9,1.3,ok
2019,WA,Females,Full-time,Total,1300.0,2.0,ok
2020,WA,Females,Full-time,Total,1438.0,2.7,ok
2021,WA,Females,Full-time,Total,1380.2,1.6,ok
2022,WA,Females,Full-time,Total,1400.0,2.4,ok
2023,WA,Females,Full-time,Total,1500.0,2.5,ok
2024,WA,Females,Full-time,Total,1565.0,2.6,ok
2014,WA,Females,Full-time,With leave entitlements,1200.0,2.1,ok
2015,WA,Females,Full-time,With leave entitlements,1200.0,2.1,ok
2016,WA,Females,Full-time,With leave entitlements,1249.8,1.3,ok
2017,WA,Females,Full-time,With leave entitlements,1292.6,1.8,ok
2018,WA,Females,Full-time,With leave entitlements,1275.0,1.8,ok
2019,WA,Females,Full-time,With leave entitlements,1308.5,2.3,ok
2020,WA,Females,Full-time,With leave entitlements,1478.0,2.3,ok
2021,WA,Females,Full-time,With leave entitlements,1400.0,1.9,ok
2022,WA,Females,Full-time,With leave entitlements,1425.0,2.4,ok
2023,WA,Females,Full-time,With leave entitlements,1512.6,2.6,ok
2024,WA,Females,Full-time,With leave entitlements,1583.8,3.2,ok
2014,WA,Females,Full-time,Without leave entitlements,1005.0,8.4,ok
2015,WA,Females,Full-time,Without leave entitlements,870.6,11.2,ok
2016,WA,Females,Full-time,Without leave entitlements,885.1,8.4,ok
2017,WA,Females,Full-time,Without leave entitlements,887.8,9.3,ok
2018,WA,Females,Full-time,Without leave entitlements,1001.4,9.2,ok
2019,WA,Females,Full-time,Without leave entitlements,969.2,9.8,ok
2020,WA,Females,Full-time,Without leave entitlements,849.2,15.1,ok
2021,WA,Females,Full-time,Without leave entitlements,1200.0,6.5,ok
2022,WA,Females,Full-time,Without leave entitlements,1153.9,8.0,ok
2023,WA,Females,Full-time,Without leave entitlements,1098.9,6.2,ok
2024,WA,Females,Full-time,Without leave entitlements,1260.9,13.0,ok
2014,WA,Females,Part-time,Total,500.0,2.1,ok
2015,WA,Females,Part-time,Total,500.0,3.2,ok
2016,WA,Females,Part-time,Total,505.3,2.2,ok
2017,WA,Females,Part-time,Total,525.0,4.2,ok
2018,WA,Females,Part-time,Total,540.0,2.1,ok
2019,WA,Females,Part-time,Total,600.0,4.0,ok
2020,WA,Females,Part-time,Total,708.7,3.4,ok
2021,WA,Females,Part-time,Total,600.0,2.3,ok
2022,WA,Females,Part-time,Total,622.2,2.5,ok
2023,WA,Females,Part-time,Total,681.3,2.0,ok
2024,WA,Females,Part-time,Total,745.5,4.1,ok
2014,WA,Females,Part-time,With leave entitlements,615.4,2.9,ok
2015,WA,Females,Part-time,With leave entitlements,672.1,2.9,ok
2016,WA,Females,Part-time,With leave entitlements,690.0,4.0,ok
2017,WA,Females,Part-time,With leave entitlements,690.2,3.7,ok
2018,WA,Females,Part-time,With leave entitlements,681.8,2.6,ok
2019,WA,Females,Part-time,With leave entitlements,720.0,2.1,ok
2020,WA,Females,Part-time,With leave entitlements,763.6,2.1,ok
2021,WA,Females,Part-time,With leave entitlements,750.0,3.5,ok
2022,WA,Females,Part-time,With leave entitlements,800.0,4.6,ok
2023,WA,Females,Part-time,With leave entitlements,826.7,3.8,ok
2024,WA,Females,Part-time,With leave entitlements,930.0,4.1,ok
2014,WA,Females,Part-time,Without leave entitlements,343.8,11.1,ok
2015,WA,Females,Part-time,Without leave entitlements,309.6,8.8,ok
2016,WA,Females,Part-time,Without leave entitlements,317.0,10.0,ok
2017,WA,Females,Part-time,Without leave entitlements,380.7,6.4,ok
2018,WA,Females,Part-time,Without leave entitlements,356.5,5.7,ok
2019,WA,Females,Part-time,Without leave entitlements,420.6,6.5,ok
2020,WA,Females,Part-time,Without leave entitlements,500.0,9.7,ok
2021,WA,Females,Part-time,Without leave entitlements,385.9,4.6,ok
2022,WA,Females,Part-time,Without leave entitlements,420.0,7.0,ok
2023,WA,Females,Part-time,Without leave entitlements,500.0,5.9,ok
2024,WA,Females,Part-time,Without leave entitlements,400.0,11.3,ok
2014,WA,Females,Total,Total,850.0,2.8,ok
2015,WA,Females,Total,Total,852.0,2.9,ok
2016,WA,Females,Total,Total,877.1,2.6,ok
2017,WA,Females,Total,Total,867.4,2.5,ok
2018,WA,Females,Total,Total,924.1,1.7,ok
2019,WA,Females,Total,Total,961.0,2.1,ok
2020,WA,Females,Total,Total,950.0,2.7,ok
2021,WA,Females,Total,Total,1000.0,1.3,ok
2022,WA,Females,Total,Total,1050.0,2.4,ok
2023,WA,Females,Total,Total,1100.0,2.6,ok
2024,WA,Females,Total,Total,1200.0,2.1,ok
2014,WA,Females,Total,With leave entitlements,1000.0,2.6,ok
2015,WA,Females,Total,With leave entitlements,1000.0,2.6,ok
2016,WA,Females,Total,With leave entitlements,1051.0,2.4,ok
2017,WA,Females,Total,With leave entitlements,1050.0,2.4,ok
2018,WA,Females,Total,With leave entitlements,1054.6,2.4,ok
2019,WA,Females,Total,With leave entitlements,1112.6,3.4,ok
2020,WA,Females,Total,With leave entitlements,1153.0,2.7,ok
2021,WA,Females,Total,With leave entitlements,1150.0,2.2,ok
2022,WA,Females,Total,With leave entitlements,1246.0,2.7,ok
2023,WA,Females,Total,With leave entitlements,1280.7,2.0,ok
2024,WA,Females,Total,With leave entitlements,1380.0,2.5,ok
2014,WA,Females,Total,Without leave entitlements,438.2,8.1,ok
2015,WA,Females,Total,Without leave entitlements,404.9,7.4,ok
2016,WA,Females,Total,Without leave entitlements,400.0,6.2,ok
2017,WA,Females,Total,Without leave entitlements,450.0,5.7,ok
2018,WA,Females,Total,Without leave entitlements,430.1,6.1,ok
2019,WA,Females,Total,Without leave entitlements,506.6,2.5,ok
2020,WA,Females,Total,Without leave entitlements,567.3,8.2,ok
2021,WA,Females,Total,Without leave entitlements,450.0,6.8,ok
2022,WA,Females,Total,Without leave entitlements,546.5,6.4,ok
2023,WA,Females,Total,Without leave entitlements,551.4,5.0,ok
2024,WA,Females,Total,Without leave entitlements,530.3,9.6,ok
2014,WA,Males,Full-time,Total,1560.0,1.8,ok
2015,WA,Males,Full-time,Total,1495.0,1.7,ok
2016,WA,Males,Full-time,Total,1500.0,1.5,ok
2017,WA,Males,Full-time,Total,1507.4,1.7,ok
2018,WA,Males,Full-time,Total,1600.0,3.5,ok
2019,WA,Males,Full-time,Total,1666.0,2.3,ok
2020,WA,Males,Full-time,Total,1800.0,2.7,ok
2021,WA,Males,Full-time,Total,1766.8,2.2,ok
2022,WA,Males,Full-time,Total,1914.8,2.8,ok
2023,WA,Males,Full-time,Total,1841.0,3.4,ok
2024,WA,Males,Full-time,Total,2051.0,1.4,ok
2014,WA,Males,Full-time,With leave entitlements,1600.0,2.4,ok
2015,WA,Males,Full-time,With leave entitlements,1500.0,1.5,ok
2016,WA,Males,Full-time,With leave entitlements,1534.0,1.7,ok
2017,WA,Males,Full-time,With leave entitlements,1597.7,1.9,ok
2018,WA,Males,Full-time,With leave entitlements,1600.0,3.6,ok
2019,WA,Males,Full-time,With leave entitlements,1723.3,2.6,ok
2020,WA,Males,Full-time,With leave entitlements,1821.0,2.4,ok
2021,WA,Males,Full-time,With leave entitlements,1776.5,2.8,ok
2022,WA,Males,Full-time,With leave entitlements,1942.1,2.4,ok
2023,WA,Males,Full-time,With leave entitlements,1873.2,3.2,ok
2024,WA,Males,Full-time,With leave entitlements,2071.0,1.8,ok
2014,WA,Males,Full-time,Without leave entitlements,1307.2,6.4,ok
2015,WA,Males,Full-time,Without leave entitlements,1256.5,4.4,ok
2016,WA,Males,Full-time,Without leave entitlements,1200.0,5.3,ok
2017,WA,Males,Full-time,Without leave entitlements,1200.0,6.0,ok
2018,WA,Males,Full-time,Without leave entitlements,1524.8,7.5,ok
2019,WA,Males,Full-time,Without leave entitlements,1374.3,7.4,ok
2020,WA,Males,Full-time,Without leave entitlements,1572.5,7.3,ok
2021,WA,Males,Full-time,Without leave entitlements,1735.1,9.3,ok
2022,WA,Males,Full-time,Without leave entitlements,1489.6,9.5,ok
2023,WA,Males,Full-time,Without leave entitlements,1690.5,5.7,ok
2024,WA,Males,Full-time,Without leave entitlements,1999.2,5.9,ok
2014,WA,Males,Part-time,Total,414.8,3.1,ok
2015,WA,Males,Part-time,Total,396.8,9.0,ok
2016,WA,Males,Part-time,Total,400.0,6.2,ok
2017,WA,Males,Part-time,Total,383.0,6.7,ok
2018,WA,Males,Part-time,Total,499.7,8.0,ok
2019,WA,Males,Part-time,Total,495.6,7.7,ok
2020,WA,Males,Part-time,Total,549.7,5.7,ok
2021,WA,Males,Part-time,Total,500.0,7.1,ok
2022,WA,Males,Part-time,Total,500.0,6.5,ok
2023,WA,Males,Part-time,Total,569.7,5.4,ok
2024,WA,Males,Part-time,Total,607.7,6.7,ok
2014,WA,Males,Part-time,With leave entitlements,527.8,10.2,ok
2015,WA,Males,Part-time,With leave entitlements,587.7,6.4,ok
2016,WA,Males,Part-time,With leave entitlements,600.0,19.3,ok
2017,WA,Males,Part-time,With leave entitlements,600.0,9.6,ok
2018,WA,Males,Part-time,With leave entitlements,810.0,11.3,ok
2019,WA,Males,Part-time,With leave entitlements,610.7,9.1,ok
2020,WA,Males,Part-time,With leave entitlements,700.0,8.2,ok
2021,WA,Males,Part-time,With leave entitlements,747.2,5.9,ok
2022,WA,Males,Part-time,With leave entitlements,777.1,7.4,ok
2023,WA,Males,Part-time,With leave entitlements,833.3,6.5,ok
2024,WA,Males,Part-time,With leave entitlements,802.8,8.8,ok
2014,WA,Males,Part-time,Without leave entitlements,350.4,11.3,ok
2015,WA,Males,Part-time,Without leave entitlements,300.0,8.5,ok
2016,WA,Males,Part-time,Without leave entitlements,300.0,10.3,ok
2017,WA,Males,Part-time,Without leave entitlements,300.0,10.0,ok
2018,WA,Males,Part-time,Without leave entitlements,360.3,12.5,ok
2019,WA,Males,Part-time,Without leave entitlements,392.1,14.6,ok
2020,WA,Males,Part-time,Without leave entitlements,450.0,9.2,ok
2021,WA,Males,Part-time,Without leave entitlements,362.0,11.6,ok
2022,WA,Males,Part-time,Without leave entitlements,339.5,10.7,ok
2023,WA,Males,Part-time,Without leave entitlements,480.0,9.0,ok
2024,WA,Males,Part-time,Without leave entitlements,548.5,8.9,ok
2014,WA,Males,Total,Total,1425.4,2.6,ok
2015,WA,Males,Total,Total,1333.0,1.8,ok
2016,WA,Males,Total,Total,1306.8,2.3,ok
2017,WA,Males,Total,Total,1377.8,1.9,ok
2018,WA,Males,Total,Total,1438.4,2.6,ok
2019,WA,Males,Total,Total,1500.0,1.8,ok
2020,WA,Males,Total,Total,1593.1,2.9,ok
2021,WA,Males,Total,Total,1537.6,1.7,ok
2022,WA,Males,Total,Total,1650.0,2.0,ok
2023,WA,Males,Total,Total,1640.6,2.7,ok
2024,WA,Males,Total,Total,1851.9,1.4,ok
2014,WA,Males,Total,With leave entitlements,1500.0,1.8,ok
2015,WA,Males,Total,With leave entitlements,1450.0,1.8,ok
2016,WA,Males,Total,With leave entitlements,1500.0,1.9,ok
2017,WA,Males,Total,With leave entitlements,1500.0,1.7,ok
2018,WA,Males,Total,With leave entitlements,1565.0,2.2,ok
2019,WA,Males,Total,With leave entitlements,1650.0,2.0,ok
2020,WA,Males,Total,With leave entitlements,1750.0,2.2,ok
2021,WA,Males,Total,With leave entitlements,1649.1,2.7,ok
2022,WA,Males,Total,With leave entitlements,1828.9,2.5,ok
2023,WA,Males,Total,With leave entitlements,1800.0,2.5,ok
2024,WA,Males,Total,With leave entitlements,2000.0,1.8,ok
2014,WA,Males,Total,Without leave entitlements,800.0,9.6,ok
2015,WA,Males,Total,Without leave entitlements,750.0,10.4,ok
2016,WA,Males,Total,Without leave entitlements,688.2,9.3,ok
2017,WA,Males,Total,Without leave entitlements,582.8,7.4,ok
2018,WA,Males,Total,Without leave entitlements,750.0,10.2,ok
2019,WA,Males,Total,Without leave entitlements,900.0,5.7,ok
2020,WA,Males,Total,Without leave entitlements,936.7,5.4,ok
2021,WA,Males,Total,Without leave entitlements,846.3,9.9,ok
2022,WA,Males,Total,Without leave entitlements,937.8,8.6,ok
2023,WA,Males,Total,Without leave entitlements,874.4,8.2,ok
2024,WA,Males,Total,Without leave entitlements,1055.9,6.5,ok
2014,WA,Persons,Full-time,Total,1400.0,2.6,ok
2015,WA,Persons,Full-time,Total,1350.0,1.9,ok
2016,WA,Persons,Full-time,Total,1380.0,1.6,ok
2017,WA,Persons,Full-time,Total,1415.7,1.8,ok
2018,WA,Persons,Full-time,Total,1479.8,1.9,ok
2019,WA,Persons,Full-time,Total,1500.0,0.9,ok
2020,WA,Persons,Full-time,Total,1634.0,2.7,ok
2021,WA,Persons,Full-time,Total,1555.0,1.4,ok
2022,WA,Persons,Full-time,Total,1649.0,1.5,ok
2023,WA,Persons,Full-time,Total,1700.0,2.0,ok
2024,WA,Persons,Full-time,Total,1842.0,1.4,ok
2014,WA,Persons,Full-time,With leave entitlements,1438.0,2.1,ok
2015,WA,Persons,Full-time,With leave entitlements,1380.0,1.9,ok
2016,WA,Persons,Full-time,With leave entitlements,1402.2,1.5,ok
2017,WA,Persons,Full-time,With leave entitlements,1461.7,1.5,ok
2018,WA,Persons,Full-time,With leave entitlements,1495.0,1.9,ok
2019,WA,Persons,Full-time,With leave entitlements,1534.0,1.7,ok
2020,WA,Persons,Full-time,With leave entitlements,1650.0,2.3,ok
2021,WA,Persons,Full-time,With leave entitlements,1572.0,1.4,ok
2022,WA,Persons,Full-time,With leave entitlements,1686.2,1.6,ok
2023,WA,Persons,Full-time,With leave entitlements,1726.0,2.4,ok
2024,WA,Persons,Full-time,With leave entitlements,1850.0,1.7,ok
2014,WA,Persons,Full-time,Without leave entitlements,1244.6,3.3,ok
2015,WA,Persons,Full-time,Without leave entitlements,1200.0,4.4,ok
2016,WA,Persons,Full-time,Without leave entitlements,1073.7,4.5,ok
2017,WA,Persons,Full-time,Without leave entitlements,1102.3,4.6,ok
2018,WA,Persons,Full-time,Without leave entitlements,1350.0,5.7,ok
2019,WA,Persons,Full-time,Without leave entitlements,1208.1,5.7,ok
2020,WA,Persons,Full-time,Without leave entitlements,1324.9,5.7,ok
2021,WA,Persons,Full-time,Without leave entitlements,1460.0,7.9,ok
2022,WA,Persons,Full-time,Without leave entitlements,1383.0,5.0,ok
2023,WA,Persons,Full-time,Without leave entitlements,1500.0,6.4,ok
2024,WA,Persons,Full-time,Without leave entitlements,1734.7,7.4,ok
2014,WA,Persons,Part-time,Total,479.9,2.7,ok
2015,WA,Persons,Part-time,Total,480.0,2.7,ok
2016,WA,Persons,Part-time,Total,496.3,2.6,ok
2017,WA,Persons,Part-time,Total,500.0,2.5,ok
2018,WA,Persons,Part-time,Total,522.0,1.8,ok
2019,WA,Persons,Part-time,Total,575.0,2.9,ok
2020,WA,Persons,Part-time,Total,675.2,2.4,ok
2021,WA,Persons,Part-time,Total,600.0,2.7,ok
2022,WA,Persons,Part-time,Total,600.0,2.7,ok
2023,WA,Persons,Part-time,Total,650.0,2.8,ok
2024,WA,Persons,Part-time,Total,700.0,4.0,ok
2014,WA,Persons,Part-time,With leave entitlements,600.0,3.1,ok
2015,WA,Persons,Part-time,With leave entitlements,649.8,3.2,ok
2016,WA,Persons,Part-time,With leave entitlements,660.8,4.8,ok
2017,WA,Persons,Part-time,With leave entitlements,676.9,4.0,ok
2018,WA,Persons,Part-time,With leave entitlements,700.0,3.6,ok
2019,WA,Persons,Part-time,With leave entitlements,703.2,2.7,ok
2020,WA,Persons,Part-time,With leave entitlements,750.0,1.7,ok
2021,WA,Persons,Part-time,With leave entitlements,750.0,3.4,ok
2022,WA,Persons,Part-time,With leave entitlements,799.4,3.5,ok
2023,WA,Persons,Part-time,With leave entitlements,829.5,3.7,ok
2024,WA,Persons,Part-time,With leave entitlements,900.0,4.6,ok
2014,WA,Persons,Part-time,Without leave entitlements,347.0,8.2,ok
2015,WA,Persons,Part-time,Without leave entitlements,300.0,5.5,ok
2016,WA,Persons,Part-time,Without leave entitlements,313.2,7.2,ok
2017,WA,Persons,Part-time,Without leave entitlements,350.0,7.3,ok
2018,WA,Persons,Part-time,Without leave entitlements,359.6,7.0,ok
2019,WA,Persons,Part-time,Without leave entitlements,400.0,8.3,ok
2020,WA,Persons,Part-time,Without leave entitlements,485.2,6.2,ok
2021,WA,Persons,Part-time,Without leave entitlements,385.0,4.6,ok
2022,WA,Persons,Part-time,Without leave entitlements,400.0,6.1,ok
2023,WA,Persons,Part-time,Without leave entitlements,486.0,5.5,ok
2024,WA,Persons,Part-time,Without leave entitlements,439.1,5.9,ok
2014,WA,Persons,Total,Total,1129.0,1.8,ok
2015,WA,Persons,Total,Total,1088.0,2.1,ok
2016,WA,Persons,Total,Total,1100.0,1.7,ok
2017,WA,Persons,Total,Total,1100.0,2.0,ok
2018,WA,Persons,Total,Total,1156.4,1.7,ok
2019,WA,Persons,Total,Total,1200.0,2.0,ok
2020,WA,Persons,Total,Total,1250.0,1.4,ok
2021,WA,Persons,Total,Total,1236.9,1.3,ok
2022,WA,Persons,Total,Total,1300.9,2.0,ok
2023,WA,Persons,Total,Total,1322.3,2.1,ok
2024,WA,Persons,Total,Total,1500.0,0.5,ok
2014,WA,Persons,Total,With leave entitlements,1250.0,2.4,ok
2015,WA,Persons,Total,With leave entitlements,1249.6,1.7,ok
2016,WA,Persons,Total,With leave entitlements,1250.0,1.5,ok
2017,WA,Persons,Total,With leave entitlements,1300.0,1.8,ok
2018,WA,Persons,Total,With leave entitlements,1300.0,1.8,ok
2019,WA,Persons,Total,With leave entitlements,1350.0,1.9,ok
2020,WA,Persons,Total,With leave entitlements,1450.0,1.8,ok
2021,WA,Persons,Total,With leave entitlements,1380.0,1.8,ok
2022,WA,Persons,Total,With leave entitlements,1500.0,1.7,ok
2023,WA,Persons,Total,With leave entitlements,1510.6,1.7,ok
2024,WA,Persons,Total,With leave entitlements,1633.2,1.2,ok
2014,WA,Persons,Total,Without leave entitlements,507.8,6.8,ok
2015,WA,Persons,Total,Without leave entitlements,500.0,6.4,ok
2016,WA,Persons,Total,Without leave entitlements,500.0,4.4,ok
2017,WA,Persons,Total,Without leave entitlements,500.0,4.6,ok
2018,WA,Persons,Total,Without leave entitlements,520.5,4.9,ok
2019,WA,Persons,Total,Without leave entitlements,628.6,6.1,ok
2020,WA,Persons,Total,Without leave entitlements,700.0,3.6,ok
2021,WA,Persons,Total,Without leave entitlements,560.0,5.8,ok
2022,WA,Persons,Total,Without leave entitlements,648.0,4.6,ok
2023,WA,Persons,Total,Without leave entitlements,650.0,3.9,ok
2024,WA,Persons,Total,Without leave entitlements,740.5,6.0,ok
