year,state,sex,employment_type,paid_leave,annual_median_aud
2014,Australian Capital Territory,Females,Full-time,Total,69305.59999999999
2015,Australian Capital Territory,Females,Full-time,Total,74921.59999999999
2016,Australian Capital Territory,Females,Full-time,Total,71578.0
2017,Australian Capital Territory,Females,Full-time,Total,74599.2
2018,Australian Capital Territory,Females,Full-time,Total,78000.0
2019,Australian Capital Territory,Females,Full-time,Total,76029.2
2020,Australian Capital Territory,Females,Full-time,Total,80792.40000000001
2021,Australian Capital Territory,Females,Full-time,Total,83200.0
2022,Australian Capital Territory,Females,Full-time,Total,84760.0
2023,Australian Capital Territory,Females,Full-time,Total,89752.0
2024,Australian Capital Territory,Females,Full-time,Total,98066.8
2014,Australian Capital Territory,Females,Full-time,With leave entitlements,70512.0
2015,Australian Capital Territory,Females,Full-time,With leave entitlements,74978.8
2016,Australian Capital Territory,Females,Full-time,With leave entitlements,71697.59999999999
2017,Australian Capital Territory,Females,Full-time,With leave entitlements,74895.59999999999
2018,Australian Capital Territory,Females,Full-time,With leave entitlements,78000.0
2019,Australian Capital Territory,Females,Full-time,With leave entitlements,75862.8
2020,Australian Capital Territory,Females,Full-time,With leave entitlements,82430.40000000001
2021,Australian Capital Territory,Females,Full-time,With leave entitlements,83746.0
2022,Australian Capital Territory,Females,Full-time,With leave entitlements,85774.0
2023,Australian Capital Territory,Females,Full-time,With leave entitlements,90277.2
2024,Australian Capital Territory,Females,Full-time,With leave entitlements,97910.8
2014,Australian Capital Territory,Females,Full-time,Without leave entitlements,50585.6
2015,Australian Capital Territory,Females,Full-time,Without leave entitlements,61287.2
2016,Australian Capital Territory,Females,Full-time,Without leave entitlements,63434.8
2017,Australian Capital Territory,Females,Full-time,Without leave entitlements,46269.6
2018,Australian Capital Territory,Females,Full-time,Without leave entitlements,65348.4
2019,Australian Capital Territory,Females,Full-time,Without leave entitlements,81931.2
2020,Australian Capital Territory,Females,Full-time,Without leave entitlements,61505.6
2021,Australian Capital Territory,Females,Full-time,Without leave entitlements,66606.8
2022,Australian Capital Territory,Females,Full-time,Without leave entitlements,77906.40000000001
2023,Australian Capital Territory,Females,Full-time,Without leave entitlements,64428.0
2024,Australian Capital Territory,Females,Full-time,Without leave entitlements,97827.6
2014,Australian Capital Territory,Females,Part-time,Total,31200.0
2015,Australian Capital Territory,Females,Part-time,Total,31200.0
2016,Australian Capital Territory,Females,Part-time,Total,31200.0
2017,Australian Capital Territory,Females,Part-time,Total,29161.6
2018,Australian Capital Territory,Females,Part-time,Total,31200.0
2019,Australian Capital Territory,Females,Part-time,Total,34424.0
2020,Australian Capital Territory,Females,Part-time,Total,38771.2
2021,Australian Capital Territory,Females,Part-time,Total,39790.4
2022,Australian Capital Territory,Females,Part-time,Total,38979.2
2023,Australian Capital Territory,Females,Part-time,Total,36400.0
2024,Australian Capital Territory,Females,Part-time,Total,39000.0
2014,Australian Capital Territory,Females,Part-time,With leave entitlements,47866.0
2015,Australian Capital Territory,Females,Part-time,With leave entitlements,38438.4
2016,Australian Capital Territory,Females,Part-time,With leave entitlements,41969.2
2017,Australian Capital Territory,Females,Part-time,With leave entitlements,46950.8
2018,Australian Capital Territory,Females,Part-time,With leave entitlements,47840.0
2019,Australian Capital Territory,Females,Part-time,With leave entitlements,44200.0
2020,Australian Capital Territory,Females,Part-time,With leave entitlements,44361.2
2021,Australian Capital Territory,Females,Part-time,With leave entitlements,52000.0
2022,Australian Capital Territory,Females,Part-time,With leave entitlements,48126.0
2023,Australian Capital Territory,Females,Part-time,With leave entitlements,52000.0
2024,Australian Capital Territory,Females,Part-time,With leave entitlements,54600.0
2014,Australian Capital Territory,Females,Part-time,Without leave entitlements,16863.600000000002
2015,Australian Capital Territory,Females,Part-time,Without leave entitlements,19318.0
2016,Australian Capital Territory,Females,Part-time,Without leave entitlements,19500.0
2017,Australian Capital Territory,Females,Part-time,Without leave entitlements,15600.0
2018,Australian Capital Territory,Females,Part-time,Without leave entitlements,17680.0
2019,Australian Capital Territory,Females,Part-time,Without leave entitlements,15730.0
2020,Australian Capital Territory,Females,Part-time,Without leave entitlements,23400.0
2021,Australian Capital Territory,Females,Part-time,Without leave entitlements,19890.0
2022,Australian Capital Territory,Females,Part-time,Without leave entitlements,24554.4
2023,Australian Capital Territory,Females,Part-time,Without leave entitlements,18408.0
2024,Australian Capital Territory,Females,Part-time,Without leave entitlements,21517.6
2014,Australian Capital Territory,Females,Total,Total,57200.0
2015,Australian Capital Territory,Females,Total,Total,59800.0
2016,Australian Capital Territory,Females,Total,Total,58843.2
2017,Australian Capital Territory,Females,Total,Total,59956.0
2018,Australian Capital Territory,Females,Total,Total,60528.0
2019,Australian Capital Territory,Females,Total,Total,62400.0
2020,Australian Capital Territory,Females,Total,Total,65000.0
2021,Australian Capital Territory,Females,Total,Total,69628.0
2022,Australian Capital Territory,Females,Total,Total,71078.8
2023,Australian Capital Territory,Females,Total,Total,79768.0
2024,Australian Capital Territory,Females,Total,Total,81775.2
2014,Australian Capital Territory,Females,Total,With leave entitlements,63159.2
2015,Australian Capital Territory,Females,Total,With leave entitlements,67262.0
2016,Australian Capital Territory,Females,Total,With leave entitlements,65000.0
2017,Australian Capital Territory,Females,Total,With leave entitlements,67600.0
2018,Australian Capital Territory,Females,Total,With leave entitlements,72784.40000000001
2019,Australian Capital Territory,Females,Total,With leave entitlements,67600.0
2020,Australian Capital Territory,Females,Total,With leave entitlements,75400.0
2021,Australian Capital Territory,Females,Total,With leave entitlements,76273.59999999999
2022,Australian Capital Territory,Females,Total,With leave entitlements,78000.0
2023,Australian Capital Territory,Females,Total,With leave entitlements,84734.0
2024,Australian Capital Territory,Females,Total,With leave entitlements,90994.8
2014,Australian Capital Territory,Females,Total,Without leave entitlements,20800.0
2015,Australian Capital Territory,Females,Total,Without leave entitlements,22490.0
2016,Australian Capital Territory,Females,Total,Without leave entitlements,24003.2
2017,Australian Capital Territory,Females,Total,Without leave entitlements,18200.0
2018,Australian Capital Territory,Females,Total,Without leave entitlements,23556.0
2019,Australian Capital Territory,Females,Total,Without leave entitlements,18491.2
2020,Australian Capital Territory,Females,Total,Without leave entitlements,27970.8
2021,Australian Capital Territory,Females,Total,Without leave entitlements,32770.4
2022,Australian Capital Territory,Females,Total,Without leave entitlements,39000.0
2023,Australian Capital Territory,Females,Total,Without leave entitlements,26343.2
2024,Australian Capital Territory,Females,Total,Without leave entitlements,24840.4
2014,Australian Capital Territory,Males,Full-time,Total,82685.2
2015,Australian Capital Territory,Males,Full-time,Total,82149.59999999999
2016,Australian Capital Territory,Males,Full-time,Total,79976.0
2017,Australian Capital Territory,Males,Full-time,Total,83200.0
2018,Australian Capital Territory,Males,Full-time,Total,83137.59999999999
2019,Australian Capital Territory,Males,Full-time,Total,86002.8
2020,Australian Capital Territory,Males,Full-time,Total,91000.0
2021,Australian Capital Territory,Males,Full-time,Total,95232.8
2022,Australian Capital Territory,Males,Full-time,Total,97926.4
2023,Australian Capital Territory,Males,Full-time,Total,92435.2
2024,Australian Capital Territory,Males,Full-time,Total,102190.4
2014,Australian Capital Territory,Males,Full-time,With leave entitlements,83168.8
2015,Australian Capital Territory,Males,Full-time,With leave entitlements,83122.0
2016,Australian Capital Territory,Males,Full-time,With leave entitlements,80428.40000000001
2017,Australian Capital Territory,Males,Full-time,With leave entitlements,86736.0
2018,Australian Capital Territory,Males,Full-time,With leave entitlements,83200.0
2019,Australian Capital Territory,Males,Full-time,With leave entitlements,88332.40000000001
2020,Australian Capital Territory,Males,Full-time,With leave entitlements,91000.0
2021,Australian Capital Territory,Males,Full-time,With leave entitlements,95550.0
2022,Australian Capital Territory,Males,Full-time,With leave entitlements,98831.2
2023,Australian Capital Territory,Males,Full-time,With leave entitlements,91748.8
2024,Australian Capital Territory,Males,Full-time,With leave entitlements,102143.6
2014,Australian Capital Territory,Males,Full-time,Without leave entitlements,77407.2
2015,Australian Capital Territory,Males,Full-time,Without leave entitlements,65920.40000000001
2016,Australian Capital Territory,Males,Full-time,Without leave entitlements,70974.8
2017,Australian Capital Territory,Males,Full-time,Without leave entitlements,60314.8
2018,Australian Capital Territory,Males,Full-time,Without leave entitlements,75186.8
2019,Australian Capital Territory,Males,Full-time,Without leave entitlements,64090.0
2020,Australian Capital Territory,Males,Full-time,Without leave entitlements,97936.8
2021,Australian Capital Territory,Males,Full-time,Without leave entitlements,87370.40000000001
2022,Australian Capital Territory,Males,Full-time,Without leave entitlements,80527.2
2023,Australian Capital Territory,Males,Full-time,Without leave entitlements,105284.4
2024,Australian Capital Territory,Males,Full-time,Without leave entitlements,102840.4
2014,Australian Capital Territory,Males,Part-time,Total,20586.8
2015,Australian Capital Territory,Males,Part-time,Total,20092.8
2016,Australian Capital Territory,Males,Part-time,Total,23400.0
2017,Australian Capital Territory,Males,Part-time,Total,20701.2
2018,Australian Capital Territory,Males,Part-time,Total,21840.0
2019,Australian Capital Territory,Males,Part-time,Total,26000.0
2020,Australian Capital Territory,Males,Part-time,Total,31200.0
2021,Australian Capital Territory,Males,Part-time,Total,31532.8
2022,Australian Capital Territory,Males,Part-time,Total,28771.6
2023,Australian Capital Territory,Males,Part-time,Total,21632.0
2024,Australian Capital Territory,Males,Part-time,Total,36400.0
2014,Australian Capital Territory,Males,Part-time,With leave entitlements,23353.2
2015,Australian Capital Territory,Males,Part-time,With leave entitlements,34803.6
2016,Australian Capital Territory,Males,Part-time,With leave entitlements,33930.0
2017,Australian Capital Territory,Males,Part-time,With leave entitlements,42603.6
2018,Australian Capital Territory,Males,Part-time,With leave entitlements,36566.4
2019,Australian Capital Territory,Males,Part-time,With leave entitlements,52234.0
2020,Australian Capital Territory,Males,Part-time,With leave entitlements,44595.2
2021,Australian Capital Territory,Males,Part-time,With leave entitlements,46425.6
2022,Australian Capital Territory,Males,Part-time,With leave entitlements,40861.6
2023,Australian Capital Territory,Males,Part-time,With leave entitlements,38376.0
2024,Australian Capital Territory,Males,Part-time,With leave entitlements,44746.0
2014,Australian Capital Territory,Males,Part-time,Without leave entitlements,15600.0
2015,Australian Capital Territory,Males,Part-time,Without leave entitlements,17144.399999999998
2016,Australian Capital Territory,Males,Part-time,Without leave entitlements,20441.2
2017,Australian Capital Territory,Males,Part-time,Without leave entitlements,18090.8
2018,Australian Capital Territory,Males,Part-time,Without leave entitlements,15485.6
2019,Australian Capital Territory,Males,Part-time,Without leave entitlements,18200.0
2020,Australian Capital Territory,Males,Part-time,Without leave entitlements,17628.0
2021,Australian Capital Territory,Males,Part-time,Without leave entitlements,23961.6
2022,Australian Capital Territory,Males,Part-time,Without leave entitlements,22781.2
2023,Australian Capital Territory,Males,Part-time,Without leave entitlements,14258.4
2024,Australian Capital Territory,Males,Part-time,Without leave entitlements,22547.2
2014,Australian Capital Territory,Males,Total,Total,71947.2
2015,Australian Capital Territory,Males,Total,Total,71500.0
2016,Australian Capital Territory,Males,Total,Total,74079.2
2017,Australian Capital Territory,Males,Total,Total,78000.0
2018,Australian Capital Territory,Males,Total,Total,74516.0
2019,Australian Capital Territory,Males,Total,Total,77303.2
2020,Australian Capital Territory,Males,Total,Total,83662.8
2021,Australian Capital Territory,Males,Total,Total,83772.0
2022,Australian Capital Territory,Males,Total,Total,85846.8
2023,Australian Capital Territory,Males,Total,Total,84515.59999999999
2024,Australian Capital Territory,Males,Total,Total,91057.2
2014,Australian Capital Territory,Males,Total,With leave entitlements,79981.2
2015,Australian Capital Territory,Males,Total,With leave entitlements,79040.0
2016,Australian Capital Territory,Males,Total,With leave entitlements,78364.0
2017,Australian Capital Territory,Males,Total,With leave entitlements,83231.2
2018,Australian Capital Territory,Males,Total,With leave entitlements,80823.59999999999
2019,Australian Capital Territory,Males,Total,With leave entitlements,84702.8
2020,Australian Capital Territory,Males,Total,With leave entitlements,87323.59999999999
2021,Australian Capital Territory,Males,Total,With leave entitlements,91036.4
2022,Australian Capital Territory,Males,Total,With leave entitlements,96257.2
2023,Australian Capital Territory,Males,Total,With leave entitlements,88998.0
2024,Australian Capital Territory,Males,Total,With leave entitlements,97921.2
2014,Australian Capital Territory,Males,Total,Without leave entitlements,28100.8
2015,Australian Capital Territory,Males,Total,Without leave entitlements,28090.4
2016,Australian Capital Territory,Males,Total,Without leave entitlements,28938.0
2017,Australian Capital Territory,Males,Total,Without leave entitlements,35682.4
2018,Australian Capital Territory,Males,Total,Without leave entitlements,32598.8
2019,Australian Capital Territory,Males,Total,Without leave entitlements,36452.0
2020,Australian Capital Territory,Males,Total,Without leave entitlements,38672.4
2021,Australian Capital Territory,Males,Total,Without leave entitlements,46800.0
2022,Australian Capital Territory,Males,Total,Without leave entitlements,49805.6
2023,Australian Capital Territory,Males,Total,Without leave entitlements,30461.6
2024,Australian Capital Territory,Males,Total,Without leave entitlements,62368.8
2014,Australian Capital Territory,Persons,Full-time,Total,75977.2
2015,Australian Capital Territory,Persons,Full-time,Total,78000.0
2016,Australian Capital Territory,Persons,Full-time,Total,77937.59999999999
2017,Australian Capital Territory,Persons,Full-time,Total,78000.0
2018,Australian Capital Territory,Persons,Full-time,Total,79508.0
2019,Australian Capital Territory,Persons,Full-time,Total,80693.59999999999
2020,Australian Capital Territory,Persons,Full-time,Total,85800.0
2021,Australian Capital Territory,Persons,Full-time,Total,89752.0
2022,Australian Capital Territory,Persons,Full-time,Total,91192.4
2023,Australian Capital Territory,Persons,Full-time,Total,91000.0
2024,Australian Capital Territory,Persons,Full-time,Total,100219.6
2014,Australian Capital Territory,Persons,Full-time,With leave entitlements,76336.0
2015,Australian Capital Territory,Persons,Full-time,With leave entitlements,78000.0
2016,Australian Capital Territory,Persons,Full-time,With leave entitlements,78000.0
2017,Australian Capital Territory,Persons,Full-time,With leave entitlements,78624.0
2018,Australian Capital Territory,Persons,Full-time,With leave entitlements,80563.59999999999
2019,Australian Capital Territory,Persons,Full-time,With leave entitlements,80776.8
2020,Australian Capital Territory,Persons,Full-time,With leave entitlements,86621.59999999999
2021,Australian Capital Territory,Persons,Full-time,With leave entitlements,90630.8
2022,Australian Capital Territory,Persons,Full-time,With leave entitlements,93600.0
2023,Australian Capital Territory,Persons,Full-time,With leave entitlements,91000.0
2024,Australian Capital Territory,Persons,Full-time,With leave entitlements,100001.2
2014,Australian Capital Territory,Persons,Full-time,Without leave entitlements,63232.0
2015,Australian Capital Territory,Persons,Full-time,Without leave entitlements,62400.0
2016,Australian Capital Territory,Persons,Full-time,Without leave entitlements,66404.0
2017,Australian Capital Territory,Persons,Full-time,Without leave entitlements,60273.2
2018,Australian Capital Territory,Persons,Full-time,Without leave entitlements,70444.40000000001
2019,Australian Capital Territory,Persons,Full-time,Without leave entitlements,69378.40000000001
2020,Australian Capital Territory,Persons,Full-time,Without leave entitlements,76840.40000000001
2021,Australian Capital Territory,Persons,Full-time,Without leave entitlements,80787.2
2022,Australian Capital Territory,Persons,Full-time,Without leave entitlements,79196.0
2023,Australian Capital Territory,Persons,Full-time,Without leave entitlements,84333.59999999999
2024,Australian Capital Territory,Persons,Full-time,Without leave entitlements,103142.0
2014,Australian Capital Territory,Persons,Part-time,Total,25974.0
2015,Australian Capital Territory,Persons,Part-time,Total,26873.6
2016,Australian Capital Territory,Persons,Part-time,Total,30180.8
2017,Australian Capital Territory,Persons,Part-time,Total,26410.8
2018,Australian Capital Territory,Persons,Part-time,Total,28600.0
2019,Australian Capital Territory,Persons,Part-time,Total,30477.2
2020,Australian Capital Territory,Persons,Part-time,Total,36400.0
2021,Australian Capital Territory,Persons,Part-time,Total,36400.0
2022,Australian Capital Territory,Persons,Part-time,Total,36400.0
2023,Australian Capital Territory,Persons,Part-time,Total,32780.8
2024,Australian Capital Territory,Persons,Part-time,Total,36608.0
2014,Australian Capital Territory,Persons,Part-time,With leave entitlements,44200.0
2015,Australian Capital Territory,Persons,Part-time,With leave entitlements,37793.6
2016,Australian Capital Territory,Persons,Part-time,With leave entitlements,41600.0
2017,Australian Capital Territory,Persons,Part-time,With leave entitlements,46800.0
2018,Australian Capital Territory,Persons,Part-time,With leave entitlements,46316.4
2019,Australian Capital Territory,Persons,Part-time,With leave entitlements,44538.0
2020,Australian Capital Territory,Persons,Part-time,With leave entitlements,44231.2
2021,Australian Capital Territory,Persons,Part-time,With leave entitlements,48022.0
2022,Australian Capital Territory,Persons,Part-time,With leave entitlements,46800.0
2023,Australian Capital Territory,Persons,Part-time,With leave entitlements,46586.8
2024,Australian Capital Territory,Persons,Part-time,With leave entitlements,49561.2
2014,Australian Capital Territory,Persons,Part-time,Without leave entitlements,16655.600000000002
2015,Australian Capital Territory,Persons,Part-time,Without leave entitlements,18064.8
2016,Australian Capital Territory,Persons,Part-time,Without leave entitlements,19593.6
2017,Australian Capital Territory,Persons,Part-time,Without leave entitlements,15600.0
2018,Australian Capital Territory,Persons,Part-time,Without leave entitlements,17290.0
2019,Australian Capital Territory,Persons,Part-time,Without leave entitlements,16681.600000000002
2020,Australian Capital Territory,Persons,Part-time,Without leave entitlements,20800.0
2021,Australian Capital Territory,Persons,Part-time,Without leave entitlements,23706.8
2022,Australian Capital Territory,Persons,Part-time,Without leave entitlements,24341.2
2023,Australian Capital Territory,Persons,Part-time,Without leave entitlements,16494.399999999998
2024,Australian Capital Territory,Persons,Part-time,Without leave entitlements,21658.0
2014,Australian Capital Territory,Persons,Total,Total,62400.0
2015,Australian Capital Territory,Persons,Total,Total,65317.2
2016,Australian Capital Territory,Persons,Total,Total,65000.0
2017,Australian Capital Territory,Persons,Total,Total,67600.0
2018,Australian Capital Territory,Persons,Total,Total,67600.0
2019,Australian Capital Territory,Persons,Total,Total,67600.0
2020,Australian Capital Territory,Persons,Total,Total,75400.0
2021,Australian Capital Territory,Persons,Total,Total,77729.59999999999
2022,Australian Capital Territory,Persons,Total,Total,78000.0
2023,Australian Capital Territory,Persons,Total,Total,82014.40000000001
2024,Australian Capital Territory,Persons,Total,Total,87760.40000000001
2014,Australian Capital Territory,Persons,Total,With leave entitlements,70512.0
2015,Australian Capital Territory,Persons,Total,With leave entitlements,72800.0
2016,Australian Capital Territory,Persons,Total,With leave entitlements,71952.40000000001
2017,Australian Capital Territory,Persons,Total,With leave entitlements,75228.40000000001
2018,Australian Capital Territory,Persons,Total,With leave entitlements,77937.59999999999
2019,Australian Capital Territory,Persons,Total,With leave entitlements,75545.59999999999
2020,Australian Capital Territory,Persons,Total,With leave entitlements,80600.0
2021,Australian Capital Territory,Persons,Total,With leave entitlements,83200.0
2022,Australian Capital Territory,Persons,Total,With leave entitlements,84760.0
2023,Australian Capital Territory,Persons,Total,With leave entitlements,86008.0
2024,Australian Capital Territory,Persons,Total,With leave entitlements,92856.4
2014,Australian Capital Territory,Persons,Total,Without leave entitlements,23400.0
2015,Australian Capital Territory,Persons,Total,Without leave entitlements,24913.2
2016,Australian Capital Territory,Persons,Total,Without leave entitlements,26000.0
2017,Australian Capital Territory,Persons,Total,Without leave entitlements,21543.6
2018,Australian Capital Territory,Persons,Total,Without leave entitlements,26364.0
2019,Australian Capital Territory,Persons,Total,Without leave entitlements,26894.4
2020,Australian Capital Territory,Persons,Total,Without leave entitlements,30929.6
2021,Australian Capital Territory,Persons,Total,Without leave entitlements,39000.0
2022,Australian Capital Territory,Persons,Total,Without leave entitlements,41600.0
2023,Australian Capital Territory,Persons,Total,Without leave entitlements,27055.6
2024,Australian Capital Territory,Persons,Total,Without leave entitlements,39000.0
2014,New South Wales,Females,Full-time,Total,59800.0
2015,New South Wales,Females,Full-time,Total,59290.4
2016,New South Wales,Females,Full-time,Total,60184.8
2017,New South Wales,Females,Full-time,Total,62400.0
2018,New South Wales,Females,Full-time,Total,65000.0
2019,New South Wales,Females,Full-time,Total,66612.0
2020,New South Wales,Females,Full-time,Total,69877.59999999999
2021,New South Wales,Females,Full-time,Total,72820.8
2022,New South Wales,Females,Full-time,Total,74256.0
2023,New South Wales,Females,Full-time,Total,79976.0
2024,New South Wales,Females,Full-time,Total,84910.8
2014,New South Wales,Females,Full-time,With leave entitlements,60091.2
2015,New South Wales,Females,Full-time,With leave entitlements,59800.0
2016,New South Wales,Females,Full-time,With leave entitlements,62400.0
2017,New South Wales,Females,Full-time,With leave entitlements,63700.0
2018,New South Wales,Females,Full-time,With leave entitlements,66461.2
2019,New South Wales,Females,Full-time,With leave entitlements,69160.0
2020,New South Wales,Females,Full-time,With leave entitlements,71926.40000000001
2021,New South Wales,Females,Full-time,With leave entitlements,75764.0
2022,New South Wales,Females,Full-time,With leave entitlements,75847.2
2023,New South Wales,Females,Full-time,With leave entitlements,81983.2
2024,New South Wales,Females,Full-time,With leave entitlements,88400.0
2014,New South Wales,Females,Full-time,Without leave entitlements,46800.0
2015,New South Wales,Females,Full-time,Without leave entitlements,47002.8
2016,New South Wales,Females,Full-time,Without leave entitlements,48079.2
2017,New South Wales,Females,Full-time,Without leave entitlements,52000.0
2018,New South Wales,Females,Full-time,Without leave entitlements,52000.0
2019,New South Wales,Females,Full-time,Without leave entitlements,51235.6
2020,New South Wales,Females,Full-time,Without leave entitlements,52000.0
2021,New South Wales,Females,Full-time,Without leave entitlements,57200.0
2022,New South Wales,Females,Full-time,Without leave entitlements,58572.8
2023,New South Wales,Females,Full-time,Without leave entitlements,62103.6
2024,New South Wales,Females,Full-time,Without leave entitlements,57454.8
2014,New South Wales,Females,Part-time,Total,26000.0
2015,New South Wales,Females,Part-time,Total,26000.0
2016,New South Wales,Females,Part-time,Total,27918.8
2017,New South Wales,Females,Part-time,Total,27456.0
2018,New South Wales,Females,Part-time,Total,28761.2
2019,New South Wales,Females,Part-time,Total,30160.0
2020,New South Wales,Females,Part-time,Total,36894.0
2021,New South Wales,Females,Part-time,Total,33514.0
2022,New South Wales,Females,Part-time,Total,34299.200000000004
2023,New South Wales,Females,Part-time,Total,34460.4
2024,New South Wales,Females,Part-time,Total,35100.0
2014,New South Wales,Females,Part-time,With leave entitlements,35100.0
2015,New South Wales,Females,Part-time,With leave entitlements,35750.0
2016,New South Wales,Females,Part-time,With leave entitlements,36400.0
2017,New South Wales,Females,Part-time,With leave entitlements,35417.200000000004
2018,New South Wales,Females,Part-time,With leave entitlements,36400.0
2019,New South Wales,Females,Part-time,With leave entitlements,39000.0
2020,New South Wales,Females,Part-time,With leave entitlements,39000.0
2021,New South Wales,Females,Part-time,With leave entitlements,40560.0
2022,New South Wales,Females,Part-time,With leave entitlements,44200.0
2023,New South Wales,Females,Part-time,With leave entitlements,45032.0
2024,New South Wales,Females,Part-time,With leave entitlements,46800.0
2014,New South Wales,Females,Part-time,Without leave entitlements,15496.0
2015,New South Wales,Females,Part-time,Without leave entitlements,16957.2
2016,New South Wales,Females,Part-time,Without leave entitlements,18200.0
2017,New South Wales,Females,Part-time,Without leave entitlements,19401.2
2018,New South Wales,Females,Part-time,Without leave entitlements,20800.0
2019,New South Wales,Females,Part-time,Without leave entitlements,19500.0
2020,New South Wales,Females,Part-time,Without leave entitlements,24960.0
2021,New South Wales,Females,Part-time,Without leave entitlements,22724.0
2022,New South Wales,Females,Part-time,Without leave entitlements,22625.2
2023,New South Wales,Females,Part-time,Without leave entitlements,24960.0
2024,New South Wales,Females,Part-time,Without leave entitlements,23197.2
2014,New South Wales,Females,Total,Total,44200.0
2015,New South Wales,Females,Total,Total,45084.0
2016,New South Wales,Females,Total,Total,46800.0
2017,New South Wales,Females,Total,Total,46800.0
2018,New South Wales,Females,Total,Total,48828.0
2019,New South Wales,Females,Total,Total,52000.0
2020,New South Wales,Females,Total,Total,52000.0
2021,New South Wales,Females,Total,Total,57574.4
2022,New South Wales,Females,Total,Total,56888.0
2023,New South Wales,Females,Total,Total,62348.0
2024,New South Wales,Females,Total,Total,63674.0
2014,New South Wales,Females,Total,With leave entitlements,52000.0
2015,New South Wales,Females,Total,With leave entitlements,52000.0
2016,New South Wales,Females,Total,With leave entitlements,52052.0
2017,New South Wales,Females,Total,With leave entitlements,54600.0
2018,New South Wales,Females,Total,With leave entitlements,56836.0
2019,New South Wales,Females,Total,With leave entitlements,59800.0
2020,New South Wales,Females,Total,With leave entitlements,61490.0
2021,New South Wales,Females,Total,With leave entitlements,65000.0
2022,New South Wales,Females,Total,With leave entitlements,65000.0
2023,New South Wales,Females,Total,With leave entitlements,72160.40000000001
2024,New South Wales,Females,Total,With leave entitlements,75197.2
2014,New South Wales,Females,Total,Without leave entitlements,18200.0
2015,New South Wales,Females,Total,Without leave entitlements,20800.0
2016,New South Wales,Females,Total,Without leave entitlements,21840.0
2017,New South Wales,Females,Total,Without leave entitlements,23150.4
2018,New South Wales,Females,Total,Without leave entitlements,25948.0
2019,New South Wales,Females,Total,Without leave entitlements,23930.4
2020,New South Wales,Females,Total,Without leave entitlements,29634.8
2021,New South Wales,Females,Total,Without leave entitlements,27424.8
2022,New South Wales,Females,Total,Without leave entitlements,28600.0
2023,New South Wales,Females,Total,Without leave entitlements,29120.0
2024,New South Wales,Females,Total,Without leave entitlements,28480.4
2014,New South Wales,Males,Full-time,Total,67600.0
2015,New South Wales,Males,Full-time,Total,69992.0
2016,New South Wales,Males,Full-time,Total,69737.2
2017,New South Wales,Males,Full-time,Total,70756.40000000001
2018,New South Wales,Males,Full-time,Total,74984.0
2019,New South Wales,Males,Full-time,Total,77688.0
2020,New South Wales,Males,Full-time,Total,78000.0
2021,New South Wales,Males,Full-time,Total,81364.40000000001
2022,New South Wales,Males,Full-time,Total,83200.0
2023,New South Wales,Males,Full-time,Total,88400.0
2024,New South Wales,Males,Full-time,Total,89960.0
2014,New South Wales,Males,Full-time,With leave entitlements,70200.0
2015,New South Wales,Males,Full-time,With leave entitlements,71760.0
2016,New South Wales,Males,Full-time,With leave entitlements,71760.0
2017,New South Wales,Males,Full-time,With leave entitlements,74100.0
2018,New South Wales,Males,Full-time,With leave entitlements,78000.0
2019,New South Wales,Males,Full-time,With leave entitlements,78000.0
2020,New South Wales,Males,Full-time,With leave entitlements,79040.0
2021,New South Wales,Males,Full-time,With leave entitlements,84749.59999999999
2022,New South Wales,Males,Full-time,With leave entitlements,86424.0
2023,New South Wales,Males,Full-time,With leave entitlements,89752.0
2024,New South Wales,Males,Full-time,With leave entitlements,91988.0
2014,New South Wales,Males,Full-time,Without leave entitlements,50585.6
2015,New South Wales,Males,Full-time,Without leave entitlements,52000.0
2016,New South Wales,Males,Full-time,Without leave entitlements,52000.0
2017,New South Wales,Males,Full-time,Without leave entitlements,52000.0
2018,New South Wales,Males,Full-time,Without leave entitlements,57200.0
2019,New South Wales,Males,Full-time,Without leave entitlements,54470.0
2020,New South Wales,Males,Full-time,Without leave entitlements,57200.0
2021,New South Wales,Males,Full-time,Without leave entitlements,60964.8
2022,New South Wales,Males,Full-time,Without leave entitlements,52988.0
2023,New South Wales,Males,Full-time,Without leave entitlements,72800.0
2024,New South Wales,Males,Full-time,Without leave entitlements,71572.8
2014,New South Wales,Males,Part-time,Total,20800.0
2015,New South Wales,Males,Part-time,Total,20800.0
2016,New South Wales,Males,Part-time,Total,23129.6
2017,New South Wales,Males,Part-time,Total,23400.0
2018,New South Wales,Males,Part-time,Total,24226.8
2019,New South Wales,Males,Part-time,Total,26000.0
2020,New South Wales,Males,Part-time,Total,28600.0
2021,New South Wales,Males,Part-time,Total,27955.2
2022,New South Wales,Males,Part-time,Total,29120.0
2023,New South Wales,Males,Part-time,Total,31200.0
2024,New South Wales,Males,Part-time,Total,34834.8
2014,New South Wales,Males,Part-time,With leave entitlements,30076.8
2015,New South Wales,Males,Part-time,With leave entitlements,31085.6
2016,New South Wales,Males,Part-time,With leave entitlements,31189.6
2017,New South Wales,Males,Part-time,With leave entitlements,34424.0
2018,New South Wales,Males,Part-time,With leave entitlements,32422.0
2019,New South Wales,Males,Part-time,With leave entitlements,38708.8
2020,New South Wales,Males,Part-time,With leave entitlements,39000.0
2021,New South Wales,Males,Part-time,With leave entitlements,39000.0
2022,New South Wales,Males,Part-time,With leave entitlements,36400.0
2023,New South Wales,Males,Part-time,With leave entitlements,41600.0
2024,New South Wales,Males,Part-time,With leave entitlements,46295.6
2014,New South Wales,Males,Part-time,Without leave entitlements,15600.0
2015,New South Wales,Males,Part-time,Without leave entitlements,16416.399999999998
2016,New South Wales,Males,Part-time,Without leave entitlements,19500.0
2017,New South Wales,Males,Part-time,Without leave entitlements,18470.4
2018,New South Wales,Males,Part-time,Without leave entitlements,20800.0
2019,New South Wales,Males,Part-time,Without leave entitlements,21918.0
2020,New South Wales,Males,Part-time,Without leave entitlements,20753.2
2021,New South Wales,Males,Part-time,Without leave entitlements,20222.8
2022,New South Wales,Males,Part-time,Without leave entitlements,24393.2
2023,New South Wales,Males,Part-time,Without leave entitlements,24960.0
2024,New South Wales,Males,Part-time,Without leave entitlements,29208.4
2014,New South Wales,Males,Total,Total,61568.0
2015,New South Wales,Males,Total,Total,62400.0
2016,New South Wales,Males,Total,Total,62400.0
2017,New South Wales,Males,Total,Total,62400.0
2018,New South Wales,Males,Total,Total,65884.0
2019,New South Wales,Males,Total,Total,67350.40000000001
2020,New South Wales,Males,Total,Total,67600.0
2021,New South Wales,Males,Total,Total,72800.0
2022,New South Wales,Males,Total,Total,72800.0
2023,New South Wales,Males,Total,Total,78000.0
2024,New South Wales,Males,Total,Total,78000.0
2014,New South Wales,Males,Total,With leave entitlements,67600.0
2015,New South Wales,Males,Total,With leave entitlements,69784.0
2016,New South Wales,Males,Total,With leave entitlements,68889.59999999999
2017,New South Wales,Males,Total,With leave entitlements,70335.2
2018,New South Wales,Males,Total,With leave entitlements,74744.8
2019,New South Wales,Males,Total,With leave entitlements,76585.59999999999
2020,New South Wales,Males,Total,With leave entitlements,77740.0
2021,New South Wales,Males,Total,With leave entitlements,80574.0
2022,New South Wales,Males,Total,With leave entitlements,82732.0
2023,New South Wales,Males,Total,With leave entitlements,87079.2
2024,New South Wales,Males,Total,With leave entitlements,88036.0
2014,New South Wales,Males,Total,Without leave entitlements,29120.0
2015,New South Wales,Males,Total,Without leave entitlements,31200.0
2016,New South Wales,Males,Total,Without leave entitlements,31200.0
2017,New South Wales,Males,Total,Without leave entitlements,33758.4
2018,New South Wales,Males,Total,Without leave entitlements,34970.0
2019,New South Wales,Males,Total,Without leave entitlements,34112.0
2020,New South Wales,Males,Total,Without leave entitlements,34621.6
2021,New South Wales,Males,Total,Without leave entitlements,35880.0
2022,New South Wales,Males,Total,Without leave entitlements,40461.2
2023,New South Wales,Males,Total,Without leave entitlements,39114.4
2024,New South Wales,Males,Total,Without leave entitlements,41600.0
2014,New South Wales,Persons,Full-time,Total,65000.0
2015,New South Wales,Persons,Full-time,Total,65000.0
2016,New South Wales,Persons,Full-time,Total,65000.0
2017,New South Wales,Persons,Full-time,Total,66612.0
2018,New South Wales,Persons,Full-time,Total,70647.2
2019,New South Wales,Persons,Full-time,Total,72800.0
2020,New South Wales,Persons,Full-time,Total,74100.0
2021,New South Wales,Persons,Full-time,Total,78000.0
2022,New South Wales,Persons,Full-time,Total,78000.0
2023,New South Wales,Persons,Full-time,Total,84359.59999999999
2024,New South Wales,Persons,Full-time,Total,88400.0
2014,New South Wales,Persons,Full-time,With leave entitlements,65780.0
2015,New South Wales,Persons,Full-time,With leave entitlements,66612.0
2016,New South Wales,Persons,Full-time,With leave entitlements,67600.0
2017,New South Wales,Persons,Full-time,With leave entitlements,69368.0
2018,New South Wales,Persons,Full-time,With leave entitlements,72800.0
2019,New South Wales,Persons,Full-time,With leave entitlements,74802.0
2020,New South Wales,Persons,Full-time,With leave entitlements,77344.8
2021,New South Wales,Persons,Full-time,With leave entitlements,79768.0
2022,New South Wales,Persons,Full-time,With leave entitlements,81853.2
2023,New South Wales,Persons,Full-time,With leave entitlements,86736.0
2024,New South Wales,Persons,Full-time,With leave entitlements,90152.4
2014,New South Wales,Persons,Full-time,Without leave entitlements,49400.0
2015,New South Wales,Persons,Full-time,Without leave entitlements,51698.4
2016,New South Wales,Persons,Full-time,Without leave entitlements,50960.0
2017,New South Wales,Persons,Full-time,Without leave entitlements,52000.0
2018,New South Wales,Persons,Full-time,Without leave entitlements,53950.0
2019,New South Wales,Persons,Full-time,Without leave entitlements,52000.0
2020,New South Wales,Persons,Full-time,Without leave entitlements,55031.6
2021,New South Wales,Persons,Full-time,Without leave entitlements,57200.0
2022,New South Wales,Persons,Full-time,Without leave entitlements,55780.4
2023,New South Wales,Persons,Full-time,Without leave entitlements,67074.8
2024,New South Wales,Persons,Full-time,Without leave entitlements,66986.40000000001
2014,New South Wales,Persons,Part-time,Total,24908.0
2015,New South Wales,Persons,Part-time,Total,24960.0
2016,New South Wales,Persons,Part-time,Total,26000.0
2017,New South Wales,Persons,Part-time,Total,26000.0
2018,New South Wales,Persons,Part-time,Total,27300.0
2019,New South Wales,Persons,Part-time,Total,28600.0
2020,New South Wales,Persons,Part-time,Total,35048.0
2021,New South Wales,Persons,Part-time,Total,31200.0
2022,New South Wales,Persons,Part-time,Total,32370.0
2023,New South Wales,Persons,Part-time,Total,33800.0
2024,New South Wales,Persons,Part-time,Total,35100.0
2014,New South Wales,Persons,Part-time,With leave entitlements,33800.0
2015,New South Wales,Persons,Part-time,With leave entitlements,33800.0
2016,New South Wales,Persons,Part-time,With leave entitlements,34720.4
2017,New South Wales,Persons,Part-time,With leave entitlements,35271.6
2018,New South Wales,Persons,Part-time,With leave entitlements,35100.0
2019,New South Wales,Persons,Part-time,With leave entitlements,39000.0
2020,New South Wales,Persons,Part-time,With leave entitlements,39000.0
2021,New South Wales,Persons,Part-time,With leave entitlements,40513.2
2022,New South Wales,Persons,Part-time,With leave entitlements,42021.2
2023,New South Wales,Persons,Part-time,With leave entitlements,43680.0
2024,New South Wales,Persons,Part-time,With leave entitlements,46800.0
2014,New South Wales,Persons,Part-time,Without leave entitlements,15600.0
2015,New South Wales,Persons,Part-time,Without leave entitlements,16822.0
2016,New South Wales,Persons,Part-time,Without leave entitlements,18506.8
2017,New South Wales,Persons,Part-time,Without leave entitlements,19146.4
2018,New South Wales,Persons,Part-time,Without leave entitlements,20800.0
2019,New South Wales,Persons,Part-time,Without leave entitlements,20800.0
2020,New South Wales,Persons,Part-time,Without leave entitlements,23400.0
2021,New South Wales,Persons,Part-time,Without leave entitlements,21840.0
2022,New South Wales,Persons,Part-time,Without leave entitlements,23400.0
2023,New South Wales,Persons,Part-time,Without leave entitlements,24960.0
2024,New South Wales,Persons,Part-time,Without leave entitlements,25948.0
2014,New South Wales,Persons,Total,Total,52000.0
2015,New South Wales,Persons,Total,Total,52000.0
2016,New South Wales,Persons,Total,Total,52000.0
2017,New South Wales,Persons,Total,Total,54600.0
2018,New South Wales,Persons,Total,Total,55796.0
2019,New South Wales,Persons,Total,Total,59800.0
2020,New South Wales,Persons,Total,Total,59800.0
2021,New South Wales,Persons,Total,Total,65000.0
2022,New South Wales,Persons,Total,Total,64823.2
2023,New South Wales,Persons,Total,Total,69940.0
2024,New South Wales,Persons,Total,Total,72144.8
2014,New South Wales,Persons,Total,With leave entitlements,59800.0
2015,New South Wales,Persons,Total,With leave entitlements,61677.2
2016,New South Wales,Persons,Total,With leave entitlements,62400.0
2017,New South Wales,Persons,Total,With leave entitlements,62400.0
2018,New South Wales,Persons,Total,With leave entitlements,65000.0
2019,New South Wales,Persons,Total,With leave entitlements,67350.40000000001
2020,New South Wales,Persons,Total,With leave entitlements,67756.0
2021,New South Wales,Persons,Total,With leave entitlements,72800.0
2022,New South Wales,Persons,Total,With leave entitlements,74360.0
2023,New South Wales,Persons,Total,With leave entitlements,78998.40000000001
2024,New South Wales,Persons,Total,With leave entitlements,81905.2
2014,New South Wales,Persons,Total,Without leave entitlements,21840.0
2015,New South Wales,Persons,Total,Without leave entitlements,24960.0
2016,New South Wales,Persons,Total,Without leave entitlements,26000.0
2017,New South Wales,Persons,Total,Without leave entitlements,27040.0
2018,New South Wales,Persons,Total,Without leave entitlements,29016.0
2019,New South Wales,Persons,Total,Without leave entitlements,28080.0
2020,New South Wales,Persons,Total,Without leave entitlements,31200.0
2021,New South Wales,Persons,Total,Without leave entitlements,31200.0
2022,New South Wales,Persons,Total,Without leave entitlements,32448.0
2023,New South Wales,Persons,Total,Without leave entitlements,31772.0
2024,New South Wales,Persons,Total,Without leave entitlements,33384.0
2014,Northern Territory,Females,Full-time,Total,62400.0
2015,Northern Territory,Females,Full-time,Total,62400.0
2016,Northern Territory,Females,Full-time,Total,63949.6
2017,Northern Territory,Females,Full-time,Total,65000.0
2018,Northern Territory,Females,Full-time,Total,65000.0
2019,Northern Territory,Females,Full-time,Total,69706.0
2020,Northern Territory,Females,Full-time,Total,70163.59999999999
2021,Northern Territory,Females,Full-time,Total,78000.0
2022,Northern Territory,Females,Full-time,Total,78000.0
2023,Northern Territory,Females,Full-time,Total,75389.59999999999
2024,Northern Territory,Females,Full-time,Total,83200.0
2014,Northern Territory,Females,Full-time,With leave entitlements,65000.0
2015,Northern Territory,Females,Full-time,With leave entitlements,62400.0
2016,Northern Territory,Females,Full-time,With leave entitlements,65000.0
2017,Northern Territory,Females,Full-time,With leave entitlements,65000.0
2018,Northern Territory,Females,Full-time,With leave entitlements,65405.6
2019,Northern Territory,Females,Full-time,With leave entitlements,72800.0
2020,Northern Territory,Females,Full-time,With leave entitlements,72774.0
2021,Northern Territory,Females,Full-time,With leave entitlements,78000.0
2022,Northern Territory,Females,Full-time,With leave entitlements,80600.0
2023,Northern Territory,Females,Full-time,With leave entitlements,75400.0
2024,Northern Territory,Females,Full-time,With leave entitlements,83200.0
2014,Northern Territory,Females,Full-time,Without leave entitlements,41714.4
2015,Northern Territory,Females,Full-time,Without leave entitlements,52551.2
2016,Northern Territory,Females,Full-time,Without leave entitlements,49124.4
2017,Northern Territory,Females,Full-time,Without leave entitlements,62400.0
2018,Northern Territory,Females,Full-time,Without leave entitlements,56170.4
2019,Northern Territory,Females,Full-time,Without leave entitlements,48791.6
2020,Northern Territory,Females,Full-time,Without leave entitlements,51636.0
2021,Northern Territory,Females,Full-time,Without leave entitlements,61152.0
2022,Northern Territory,Females,Full-time,Without leave entitlements,46878.0
2023,Northern Territory,Females,Full-time,Without leave entitlements,64740.0
2024,Northern Territory,Females,Full-time,Without leave entitlements,63237.2
2014,Northern Territory,Females,Part-time,Total,27341.6
2015,Northern Territory,Females,Part-time,Total,26031.2
2016,Northern Territory,Females,Part-time,Total,30097.6
2017,Northern Territory,Females,Part-time,Total,31200.0
2018,Northern Territory,Females,Part-time,Total,29296.8
2019,Northern Territory,Females,Part-time,Total,31200.0
2020,Northern Territory,Females,Part-time,Total,33410.0
2021,Northern Territory,Females,Part-time,Total,32796.4
2022,Northern Territory,Females,Part-time,Total,39000.0
2023,Northern Territory,Females,Part-time,Total,36400.0
2024,Northern Territory,Females,Part-time,Total,39000.0
2014,Northern Territory,Females,Part-time,With leave entitlements,33800.0
2015,Northern Territory,Females,Part-time,With leave entitlements,37887.2
2016,Northern Territory,Females,Part-time,With leave entitlements,39000.0
2017,Northern Territory,Females,Part-time,With leave entitlements,43045.6
2018,Northern Territory,Females,Part-time,With leave entitlements,46404.8
2019,Northern Territory,Females,Part-time,With leave entitlements,41116.4
2020,Northern Territory,Females,Part-time,With leave entitlements,43019.6
2021,Northern Territory,Females,Part-time,With leave entitlements,48318.4
2022,Northern Territory,Females,Part-time,With leave entitlements,45734.0
2023,Northern Territory,Females,Part-time,With leave entitlements,49244.0
2024,Northern Territory,Females,Part-time,With leave entitlements,52000.0
2014,Northern Territory,Females,Part-time,Without leave entitlements,18200.0
2015,Northern Territory,Females,Part-time,Without leave entitlements,20800.0
2016,Northern Territory,Females,Part-time,Without leave entitlements,20701.2
2017,Northern Territory,Females,Part-time,Without leave entitlements,20508.8
2018,Northern Territory,Females,Part-time,Without leave entitlements,20800.0
2019,Northern Territory,Females,Part-time,Without leave entitlements,23998.0
2020,Northern Territory,Females,Part-time,Without leave entitlements,21340.8
2021,Northern Territory,Females,Part-time,Without leave entitlements,22791.6
2022,Northern Territory,Females,Part-time,Without leave entitlements,24206.0
2023,Northern Territory,Females,Part-time,Without leave entitlements,26967.2
2024,Northern Territory,Females,Part-time,Without leave entitlements,26000.0
2014,Northern Territory,Females,Total,Total,55525.6
2015,Northern Territory,Females,Total,Total,54808.0
2016,Northern Territory,Females,Total,Total,55640.0
2017,Northern Territory,Females,Total,Total,57922.8
2018,Northern Territory,Females,Total,Total,58713.2
2019,Northern Territory,Females,Total,Total,57200.0
2020,Northern Territory,Females,Total,Total,58858.8
2021,Northern Territory,Females,Total,Total,62925.2
2022,Northern Territory,Females,Total,Total,64079.6
2023,Northern Territory,Females,Total,Total,65000.0
2024,Northern Territory,Females,Total,Total,72956.0
2014,Northern Territory,Females,Total,With leave entitlements,59956.0
2015,Northern Territory,Females,Total,With leave entitlements,59878.0
2016,Northern Territory,Females,Total,With leave entitlements,60704.8
2017,Northern Territory,Females,Total,With leave entitlements,62400.0
2018,Northern Territory,Females,Total,With leave entitlements,64802.4
2019,Northern Territory,Females,Total,With leave entitlements,65000.0
2020,Northern Territory,Females,Total,With leave entitlements,65124.8
2021,Northern Territory,Females,Total,With leave entitlements,72800.0
2022,Northern Territory,Females,Total,With leave entitlements,72800.0
2023,Northern Territory,Females,Total,With leave entitlements,70200.0
2024,Northern Territory,Females,Total,With leave entitlements,80132.0
2014,Northern Territory,Females,Total,Without leave entitlements,26000.0
2015,Northern Territory,Females,Total,Without leave entitlements,28600.0
2016,Northern Territory,Females,Total,Without leave entitlements,28600.0
2017,Northern Territory,Females,Total,Without leave entitlements,23498.8
2018,Northern Territory,Females,Total,Without leave entitlements,26000.0
2019,Northern Territory,Females,Total,Without leave entitlements,31200.0
2020,Northern Territory,Females,Total,Without leave entitlements,26000.0
2021,Northern Territory,Females,Total,Without leave entitlements,27040.0
2022,Northern Territory,Females,Total,Without leave entitlements,36701.6
2023,Northern Territory,Females,Total,Without leave entitlements,34710.0
2024,Northern Territory,Females,Total,Without leave entitlements,31200.0
2014,Northern Territory,Males,Full-time,Total,80454.40000000001
2015,Northern Territory,Males,Full-time,Total,72800.0
2016,Northern Territory,Males,Full-time,Total,78000.0
2017,Northern Territory,Males,Full-time,Total,78000.0
2018,Northern Territory,Males,Full-time,Total,75410.40000000001
2019,Northern Territory,Males,Full-time,Total,78000.0
2020,Northern Territory,Males,Full-time,Total,80600.0
2021,Northern Territory,Males,Full-time,Total,84125.59999999999
2022,Northern Territory,Males,Full-time,Total,88940.8
2023,Northern Territory,Males,Full-time,Total,91000.0
2024,Northern Territory,Males,Full-time,Total,95591.6
2014,Northern Territory,Males,Full-time,With leave entitlements,83200.0
2015,Northern Territory,Males,Full-time,With leave entitlements,73398.0
2016,Northern Territory,Males,Full-time,With leave entitlements,81088.8
2017,Northern Territory,Males,Full-time,With leave entitlements,78161.2
2018,Northern Territory,Males,Full-time,With leave entitlements,78000.0
2019,Northern Territory,Males,Full-time,With leave entitlements,78000.0
2020,Northern Territory,Males,Full-time,With leave entitlements,81130.40000000001
2021,Northern Territory,Males,Full-time,With leave entitlements,88348.0
2022,Northern Territory,Males,Full-time,With leave entitlements,91000.0
2023,Northern Territory,Males,Full-time,With leave entitlements,91000.0
2024,Northern Territory,Males,Full-time,With leave entitlements,100640.8
2014,Northern Territory,Males,Full-time,Without leave entitlements,67813.2
2015,Northern Territory,Males,Full-time,Without leave entitlements,55577.6
2016,Northern Territory,Males,Full-time,Without leave entitlements,62400.0
2017,Northern Territory,Males,Full-time,Without leave entitlements,56264.0
2018,Northern Territory,Males,Full-time,Without leave entitlements,62400.0
2019,Northern Territory,Males,Full-time,Without leave entitlements,52436.8
2020,Northern Territory,Males,Full-time,Without leave entitlements,73460.40000000001
2021,Northern Territory,Males,Full-time,Without leave entitlements,66248.0
2022,Northern Territory,Males,Full-time,Without leave entitlements,65208.0
2023,Northern Territory,Males,Full-time,Without leave entitlements,80142.40000000001
2024,Northern Territory,Males,Full-time,Without leave entitlements,74812.40000000001
2014,Northern Territory,Males,Part-time,Total,25038.0
2015,Northern Territory,Males,Part-time,Total,18070.0
2016,Northern Territory,Males,Part-time,Total,24575.2
2017,Northern Territory,Males,Part-time,Total,21840.0
2018,Northern Territory,Males,Part-time,Total,26000.0
2019,Northern Territory,Males,Part-time,Total,30040.4
2020,Northern Territory,Males,Part-time,Total,28969.2
2021,Northern Territory,Males,Part-time,Total,28080.0
2022,Northern Territory,Males,Part-time,Total,28012.4
2023,Northern Territory,Males,Part-time,Total,35505.6
2024,Northern Territory,Males,Part-time,Total,36410.4
2014,Northern Territory,Males,Part-time,With leave entitlements,30160.0
2015,Northern Territory,Males,Part-time,With leave entitlements,43758.0
2016,Northern Territory,Males,Part-time,With leave entitlements,39488.8
2017,Northern Territory,Males,Part-time,With leave entitlements,31200.0
2018,Northern Territory,Males,Part-time,With leave entitlements,27258.4
2019,Northern Territory,Males,Part-time,With leave entitlements,55000.4
2020,Northern Territory,Males,Part-time,With leave entitlements,39000.0
2021,Northern Territory,Males,Part-time,With leave entitlements,33711.6
2022,Northern Territory,Males,Part-time,With leave entitlements,49774.4
2023,Northern Territory,Males,Part-time,With leave entitlements,56108.0
2024,Northern Territory,Males,Part-time,With leave entitlements,49181.6
2014,Northern Territory,Males,Part-time,Without leave entitlements,18085.6
2015,Northern Territory,Males,Part-time,Without leave entitlements,13000.0
2016,Northern Territory,Males,Part-time,Without leave entitlements,16541.2
2017,Northern Territory,Males,Part-time,Without leave entitlements,20165.6
2018,Northern Territory,Males,Part-time,Without leave entitlements,26000.0
2019,Northern Territory,Males,Part-time,Without leave entitlements,20800.0
2020,Northern Territory,Males,Part-time,Without leave entitlements,26000.0
2021,Northern Territory,Males,Part-time,Without leave entitlements,25750.4
2022,Northern Territory,Males,Part-time,Without leave entitlements,20789.6
2023,Northern Territory,Males,Part-time,Without leave entitlements,26000.0
2024,Northern Territory,Males,Part-time,Without leave entitlements,34590.4
2014,Northern Territory,Males,Total,Total,78000.0
2015,Northern Territory,Males,Total,Total,69186.0
2016,Northern Territory,Males,Total,Total,75514.40000000001
2017,Northern Territory,Males,Total,Total,72165.59999999999
2018,Northern Territory,Males,Total,Total,70111.59999999999
2019,Northern Territory,Males,Total,Total,70200.0
2020,Northern Territory,Males,Total,Total,68312.40000000001
2021,Northern Territory,Males,Total,Total,75504.0
2022,Northern Territory,Males,Total,Total,78000.0
2023,Northern Territory,Males,Total,Total,83200.0
2024,Northern Territory,Males,Total,Total,87032.40000000001
2014,Northern Territory,Males,Total,With leave entitlements,80600.0
2015,Northern Territory,Males,Total,With leave entitlements,72800.0
2016,Northern Territory,Males,Total,With leave entitlements,79326.0
2017,Northern Territory,Males,Total,With leave entitlements,78000.0
2018,Northern Territory,Males,Total,With leave entitlements,75722.40000000001
2019,Northern Territory,Males,Total,With leave entitlements,78000.0
2020,Northern Territory,Males,Total,With leave entitlements,78000.0
2021,Northern Territory,Males,Total,With leave entitlements,84890.0
2022,Northern Territory,Males,Total,With leave entitlements,87484.8
2023,Northern Territory,Males,Total,With leave entitlements,90558.0
2024,Northern Territory,Males,Total,With leave entitlements,93646.8
2014,Northern Territory,Males,Total,Without leave entitlements,52000.0
2015,Northern Territory,Males,Total,Without leave entitlements,51116.0
2016,Northern Territory,Males,Total,Without leave entitlements,47678.8
2017,Northern Territory,Males,Total,Without leave entitlements,42385.2
2018,Northern Territory,Males,Total,Without leave entitlements,49327.2
2019,Northern Territory,Males,Total,Without leave entitlements,39722.8
2020,Northern Territory,Males,Total,Without leave entitlements,39000.0
2021,Northern Territory,Males,Total,Without leave entitlements,41600.0
2022,Northern Territory,Males,Total,Without leave entitlements,41022.8
2023,Northern Territory,Males,Total,Without leave entitlements,43482.4
2024,Northern Territory,Males,Total,Without leave entitlements,52000.0
2014,Northern Territory,Persons,Full-time,Total,71760.0
2015,Northern Territory,Persons,Full-time,Total,65000.0
2016,Northern Territory,Persons,Full-time,Total,71661.2
2017,Northern Territory,Persons,Full-time,Total,70844.8
2018,Northern Territory,Persons,Full-time,Total,70200.0
2019,Northern Territory,Persons,Full-time,Total,72800.0
2020,Northern Territory,Persons,Full-time,Total,78000.0
2021,Northern Territory,Persons,Full-time,Total,81099.2
2022,Northern Territory,Persons,Full-time,Total,82014.40000000001
2023,Northern Territory,Persons,Full-time,Total,82518.8
2024,Northern Territory,Persons,Full-time,Total,88400.0
2014,Northern Territory,Persons,Full-time,With leave entitlements,72800.0
2015,Northern Territory,Persons,Full-time,With leave entitlements,66872.0
2016,Northern Territory,Persons,Full-time,With leave entitlements,72800.0
2017,Northern Territory,Persons,Full-time,With leave entitlements,72800.0
2018,Northern Territory,Persons,Full-time,With leave entitlements,71021.59999999999
2019,Northern Territory,Persons,Full-time,With leave entitlements,76138.40000000001
2020,Northern Territory,Persons,Full-time,With leave entitlements,78000.0
2021,Northern Territory,Persons,Full-time,With leave entitlements,83153.2
2022,Northern Territory,Persons,Full-time,With leave entitlements,84552.0
2023,Northern Territory,Persons,Full-time,With leave entitlements,83200.0
2024,Northern Territory,Persons,Full-time,With leave entitlements,91000.0
2014,Northern Territory,Persons,Full-time,Without leave entitlements,57200.0
2015,Northern Territory,Persons,Full-time,Without leave entitlements,54730.0
2016,Northern Territory,Persons,Full-time,Without leave entitlements,59800.0
2017,Northern Territory,Persons,Full-time,Without leave entitlements,57200.0
2018,Northern Territory,Persons,Full-time,Without leave entitlements,61235.2
2019,Northern Territory,Persons,Full-time,Without leave entitlements,52000.0
2020,Northern Territory,Persons,Full-time,Without leave entitlements,65000.0
2021,Northern Territory,Persons,Full-time,Without leave entitlements,65020.8
2022,Northern Territory,Persons,Full-time,Without leave entitlements,54132.0
2023,Northern Territory,Persons,Full-time,Without leave entitlements,74963.2
2024,Northern Territory,Persons,Full-time,Without leave entitlements,69066.40000000001
2014,Northern Territory,Persons,Part-time,Total,26000.0
2015,Northern Territory,Persons,Part-time,Total,24960.0
2016,Northern Territory,Persons,Part-time,Total,28215.2
2017,Northern Territory,Persons,Part-time,Total,26098.8
2018,Northern Territory,Persons,Part-time,Total,27034.8
2019,Northern Territory,Persons,Part-time,Total,31200.0
2020,Northern Territory,Persons,Part-time,Total,31200.0
2021,Northern Territory,Persons,Part-time,Total,31200.0
2022,Northern Territory,Persons,Part-time,Total,36124.4
2023,Northern Territory,Persons,Part-time,Total,36400.0
2024,Northern Territory,Persons,Part-time,Total,37440.0
2014,Northern Territory,Persons,Part-time,With leave entitlements,33753.200000000004
2015,Northern Territory,Persons,Part-time,With leave entitlements,39000.0
2016,Northern Territory,Persons,Part-time,With leave entitlements,39000.0
2017,Northern Territory,Persons,Part-time,With leave entitlements,41600.0
2018,Northern Territory,Persons,Part-time,With leave entitlements,43321.2
2019,Northern Territory,Persons,Part-time,With leave entitlements,41600.0
2020,Northern Territory,Persons,Part-time,With leave entitlements,40908.4
2021,Northern Territory,Persons,Part-time,With leave entitlements,46789.6
2022,Northern Territory,Persons,Part-time,With leave entitlements,46306.0
2023,Northern Territory,Persons,Part-time,With leave entitlements,52135.2
2024,Northern Territory,Persons,Part-time,With leave entitlements,52000.0
2014,Northern Territory,Persons,Part-time,Without leave entitlements,18200.0
2015,Northern Territory,Persons,Part-time,Without leave entitlements,16780.399999999998
2016,Northern Territory,Persons,Part-time,Without leave entitlements,18876.0
2017,Northern Territory,Persons,Part-time,Without leave entitlements,20519.2
2018,Northern Territory,Persons,Part-time,Without leave entitlements,23400.0
2019,Northern Territory,Persons,Part-time,Without leave entitlements,22656.4
2020,Northern Territory,Persons,Part-time,Without leave entitlements,24034.4
2021,Northern Territory,Persons,Part-time,Without leave entitlements,23400.0
2022,Northern Territory,Persons,Part-time,Without leave entitlements,23389.6
2023,Northern Territory,Persons,Part-time,Without leave entitlements,26696.8
2024,Northern Territory,Persons,Part-time,Without leave entitlements,28407.6
2014,Northern Territory,Persons,Total,Total,65000.0
2015,Northern Territory,Persons,Total,Total,62400.0
2016,Northern Territory,Persons,Total,Total,65000.0
2017,Northern Territory,Persons,Total,Total,63024.0
2018,Northern Territory,Persons,Total,Total,64948.0
2019,Northern Territory,Persons,Total,Total,62400.0
2020,Northern Territory,Persons,Total,Total,63346.4
2021,Northern Territory,Persons,Total,Total,69492.8
2022,Northern Territory,Persons,Total,Total,71671.59999999999
2023,Northern Territory,Persons,Total,Total,72836.40000000001
2024,Northern Territory,Persons,Total,Total,78000.0
2014,Northern Territory,Persons,Total,With leave entitlements,69456.40000000001
2015,Northern Territory,Persons,Total,With leave entitlements,65000.0
2016,Northern Territory,Persons,Total,With leave entitlements,68957.2
2017,Northern Territory,Persons,Total,With leave entitlements,67600.0
2018,Northern Territory,Persons,Total,With leave entitlements,68229.2
2019,Northern Territory,Persons,Total,With leave entitlements,70382.0
2020,Northern Territory,Persons,Total,With leave entitlements,70704.40000000001
2021,Northern Territory,Persons,Total,With leave entitlements,78000.0
2022,Northern Territory,Persons,Total,With leave entitlements,78769.59999999999
2023,Northern Territory,Persons,Total,With leave entitlements,78322.40000000001
2024,Northern Territory,Persons,Total,With leave entitlements,85009.59999999999
2014,Northern Territory,Persons,Total,Without leave entitlements,35536.8
2015,Northern Territory,Persons,Total,Without leave entitlements,39000.0
2016,Northern Territory,Persons,Total,Without leave entitlements,33800.0
2017,Northern Territory,Persons,Total,Without leave entitlements,31038.8
2018,Northern Territory,Persons,Total,Without leave entitlements,33800.0
2019,Northern Territory,Persons,Total,Without leave entitlements,35880.0
2020,Northern Territory,Persons,Total,Without leave entitlements,30685.2
2021,Northern Territory,Persons,Total,Without leave entitlements,33030.4
2022,Northern Territory,Persons,Total,Without leave entitlements,37731.2
2023,Northern Territory,Persons,Total,Without leave entitlements,36400.0
2024,Northern Territory,Persons,Total,Without leave entitlements,40112.8
2014,Queensland,Females,Full-time,Total,53523.6
2015,Queensland,Females,Full-time,Total,57200.0
2016,Queensland,Females,Full-time,Total,57200.0
2017,Queensland,Females,Full-time,Total,59800.0
2018,Queensland,Females,Full-time,Total,62249.2
2019,Queensland,Females,Full-time,Total,62400.0
2020,Queensland,Females,Full-time,Total,66518.40000000001
2021,Queensland,Females,Full-time,Total,65000.0
2022,Queensland,Females,Full-time,Total,73091.2
2023,Queensland,Females,Full-time,Total,74495.2
2024,Queensland,Females,Full-time,Total,79544.40000000001
2014,Queensland,Females,Full-time,With leave entitlements,54964.0
2015,Queensland,Females,Full-time,With leave entitlements,58999.2
2016,Queensland,Females,Full-time,With leave entitlements,57288.4
2017,Queensland,Females,Full-time,With leave entitlements,61100.0
2018,Queensland,Females,Full-time,With leave entitlements,63585.6
2019,Queensland,Females,Full-time,With leave entitlements,63700.0
2020,Queensland,Females,Full-time,With leave entitlements,67600.0
2021,Queensland,Females,Full-time,With leave entitlements,67756.0
2022,Queensland,Females,Full-time,With leave entitlements,75972.0
2023,Queensland,Females,Full-time,With leave entitlements,76388.0
2024,Queensland,Females,Full-time,With leave entitlements,82596.8
2014,Queensland,Females,Full-time,Without leave entitlements,45531.2
2015,Queensland,Females,Full-time,Without leave entitlements,46384.0
2016,Queensland,Females,Full-time,Without leave entitlements,50549.2
2017,Queensland,Females,Full-time,Without leave entitlements,46800.0
2018,Queensland,Females,Full-time,Without leave entitlements,48973.6
2019,Queensland,Females,Full-time,Without leave entitlements,52000.0
2020,Queensland,Females,Full-time,Without leave entitlements,53372.8
2021,Queensland,Females,Full-time,Without leave entitlements,51506.0
2022,Queensland,Females,Full-time,Without leave entitlements,58286.8
2023,Queensland,Females,Full-time,Without leave entitlements,59108.4
2024,Queensland,Females,Full-time,Without leave entitlements,63481.6
2014,Queensland,Females,Part-time,Total,26000.0
2015,Queensland,Females,Part-time,Total,28288.0
2016,Queensland,Females,Part-time,Total,26010.4
2017,Queensland,Females,Part-time,Total,28600.0
2018,Queensland,Females,Part-time,Total,27300.0
2019,Queensland,Females,Part-time,Total,31200.0
2020,Queensland,Females,Part-time,Total,36400.0
2021,Queensland,Females,Part-time,Total,31200.0
2022,Queensland,Females,Part-time,Total,33243.6
2023,Queensland,Females,Part-time,Total,37440.0
2024,Queensland,Females,Part-time,Total,38584.0
2014,Queensland,Females,Part-time,With leave entitlements,33800.0
2015,Queensland,Females,Part-time,With leave entitlements,35027.200000000004
2016,Queensland,Females,Part-time,With leave entitlements,35068.8
2017,Queensland,Females,Part-time,With leave entitlements,36400.0
2018,Queensland,Females,Part-time,With leave entitlements,37008.4
2019,Queensland,Females,Part-time,With leave entitlements,37351.6
2020,Queensland,Females,Part-time,With leave entitlements,41121.6
2021,Queensland,Females,Part-time,With leave entitlements,39000.0
2022,Queensland,Females,Part-time,With leave entitlements,41095.6
2023,Queensland,Females,Part-time,With leave entitlements,48412.0
2024,Queensland,Females,Part-time,With leave entitlements,46800.0
2014,Queensland,Females,Part-time,Without leave entitlements,17035.2
2015,Queensland,Females,Part-time,Without leave entitlements,18610.8
2016,Queensland,Females,Part-time,Without leave entitlements,19500.0
2017,Queensland,Females,Part-time,Without leave entitlements,20165.6
2018,Queensland,Females,Part-time,Without leave entitlements,18974.8
2019,Queensland,Females,Part-time,Without leave entitlements,20800.0
2020,Queensland,Females,Part-time,Without leave entitlements,23920.0
2021,Queensland,Females,Part-time,Without leave entitlements,23400.0
2022,Queensland,Females,Part-time,Without leave entitlements,21512.4
2023,Queensland,Females,Part-time,Without leave entitlements,26000.0
2024,Queensland,Females,Part-time,Without leave entitlements,27950.0
2014,Queensland,Females,Total,Total,41600.0
2015,Queensland,Females,Total,Total,44200.0
2016,Queensland,Females,Total,Total,45500.0
2017,Queensland,Females,Total,Total,44980.0
2018,Queensland,Females,Total,Total,46800.0
2019,Queensland,Females,Total,Total,47424.0
2020,Queensland,Females,Total,Total,51313.6
2021,Queensland,Females,Total,Total,52000.0
2022,Queensland,Females,Total,Total,56888.0
2023,Queensland,Females,Total,Total,59800.0
2024,Queensland,Females,Total,Total,62400.0
2014,Queensland,Females,Total,With leave entitlements,49894.0
2015,Queensland,Females,Total,With leave entitlements,52000.0
2016,Queensland,Females,Total,With leave entitlements,52000.0
2017,Queensland,Females,Total,With leave entitlements,52884.0
2018,Queensland,Females,Total,With leave entitlements,54600.0
2019,Queensland,Females,Total,With leave entitlements,54282.8
2020,Queensland,Females,Total,With leave entitlements,58500.0
2021,Queensland,Females,Total,With leave entitlements,59800.0
2022,Queensland,Females,Total,With leave entitlements,65228.8
2023,Queensland,Females,Total,With leave entitlements,65780.0
2024,Queensland,Females,Total,With leave entitlements,72768.8
2014,Queensland,Females,Total,Without leave entitlements,20800.0
2015,Queensland,Females,Total,Without leave entitlements,23618.4
2016,Queensland,Females,Total,Without leave entitlements,23556.0
2017,Queensland,Females,Total,Without leave entitlements,24440.0
2018,Queensland,Females,Total,Without leave entitlements,23400.0
2019,Queensland,Females,Total,Without leave entitlements,25781.6
2020,Queensland,Females,Total,Without leave entitlements,29874.0
2021,Queensland,Females,Total,Without leave entitlements,27232.4
2022,Queensland,Females,Total,Without leave entitlements,29848.0
2023,Queensland,Females,Total,Without leave entitlements,31200.0
2024,Queensland,Females,Total,Without leave entitlements,34892.0
2014,Queensland,Males,Full-time,Total,67600.0
2015,Queensland,Males,Full-time,Total,65000.0
2016,Queensland,Males,Full-time,Total,65546.0
2017,Queensland,Males,Full-time,Total,70319.59999999999
2018,Queensland,Males,Full-time,Total,72800.0
2019,Queensland,Males,Full-time,Total,73970.0
2020,Queensland,Males,Full-time,Total,74328.8
2021,Queensland,Males,Full-time,Total,78000.0
2022,Queensland,Males,Full-time,Total,80714.40000000001
2023,Queensland,Males,Full-time,Total,86320.0
2024,Queensland,Males,Full-time,Total,91000.0
2014,Queensland,Males,Full-time,With leave entitlements,69784.0
2015,Queensland,Males,Full-time,With leave entitlements,67600.0
2016,Queensland,Males,Full-time,With leave entitlements,68634.8
2017,Queensland,Males,Full-time,With leave entitlements,74776.0
2018,Queensland,Males,Full-time,With leave entitlements,75275.2
2019,Queensland,Males,Full-time,With leave entitlements,75400.0
2020,Queensland,Males,Full-time,With leave entitlements,78000.0
2021,Queensland,Males,Full-time,With leave entitlements,81744.0
2022,Queensland,Males,Full-time,With leave entitlements,84843.2
2023,Queensland,Males,Full-time,With leave entitlements,89960.0
2024,Queensland,Males,Full-time,With leave entitlements,93319.2
2014,Queensland,Males,Full-time,Without leave entitlements,52000.0
2015,Queensland,Males,Full-time,Without leave entitlements,57200.0
2016,Queensland,Males,Full-time,Without leave entitlements,57200.0
2017,Queensland,Males,Full-time,Without leave entitlements,56160.0
2018,Queensland,Males,Full-time,Without leave entitlements,62400.0
2019,Queensland,Males,Full-time,Without leave entitlements,62712.0
2020,Queensland,Males,Full-time,Without leave entitlements,54667.6
2021,Queensland,Males,Full-time,Without leave entitlements,61297.6
2022,Queensland,Males,Full-time,Without leave entitlements,62400.0
2023,Queensland,Males,Full-time,Without leave entitlements,71676.8
2024,Queensland,Males,Full-time,Without leave entitlements,77885.59999999999
2014,Queensland,Males,Part-time,Total,20800.0
2015,Queensland,Males,Part-time,Total,20800.0
2016,Queensland,Males,Part-time,Total,21668.4
2017,Queensland,Males,Part-time,Total,22911.2
2018,Queensland,Males,Part-time,Total,23504.0
2019,Queensland,Males,Part-time,Total,26171.6
2020,Queensland,Males,Part-time,Total,30976.4
2021,Queensland,Males,Part-time,Total,28293.2
2022,Queensland,Males,Part-time,Total,27612.0
2023,Queensland,Males,Part-time,Total,30591.6
2024,Queensland,Males,Part-time,Total,29952.0
2014,Queensland,Males,Part-time,With leave entitlements,31200.0
2015,Queensland,Males,Part-time,With leave entitlements,36400.0
2016,Queensland,Males,Part-time,With leave entitlements,38942.8
2017,Queensland,Males,Part-time,With leave entitlements,31200.0
2018,Queensland,Males,Part-time,With leave entitlements,34034.0
2019,Queensland,Males,Part-time,With leave entitlements,39000.0
2020,Queensland,Males,Part-time,With leave entitlements,39000.0
2021,Queensland,Males,Part-time,With leave entitlements,40960.4
2022,Queensland,Males,Part-time,With leave entitlements,44475.6
2023,Queensland,Males,Part-time,With leave entitlements,43877.6
2024,Queensland,Males,Part-time,With leave entitlements,41002.0
2014,Queensland,Males,Part-time,Without leave entitlements,15600.0
2015,Queensland,Males,Part-time,Without leave entitlements,17123.600000000002
2016,Queensland,Males,Part-time,Without leave entitlements,15600.0
2017,Queensland,Males,Part-time,Without leave entitlements,18200.0
2018,Queensland,Males,Part-time,Without leave entitlements,20800.0
2019,Queensland,Males,Part-time,Without leave entitlements,20384.0
2020,Queensland,Males,Part-time,Without leave entitlements,20800.0
2021,Queensland,Males,Part-time,Without leave entitlements,20924.8
2022,Queensland,Males,Part-time,Without leave entitlements,20800.0
2023,Queensland,Males,Part-time,Without leave entitlements,23909.6
2024,Queensland,Males,Part-time,Without leave entitlements,23504.0
2014,Queensland,Males,Total,Total,59800.0
2015,Queensland,Males,Total,Total,59800.0
2016,Queensland,Males,Total,Total,59800.0
2017,Queensland,Males,Total,Total,62400.0
2018,Queensland,Males,Total,Total,65000.0
2019,Queensland,Males,Total,Total,65000.0
2020,Queensland,Males,Total,Total,64064.0
2021,Queensland,Males,Total,Total,67600.0
2022,Queensland,Males,Total,Total,72748.0
2023,Queensland,Males,Total,Total,78000.0
2024,Queensland,Males,Total,Total,78889.2
2014,Queensland,Males,Total,With leave entitlements,67600.0
2015,Queensland,Males,Total,With leave entitlements,65000.0
2016,Queensland,Males,Total,With leave entitlements,66612.0
2017,Queensland,Males,Total,With leave entitlements,70200.0
2018,Queensland,Males,Total,With leave entitlements,72800.0
2019,Queensland,Males,Total,With leave entitlements,72800.0
2020,Queensland,Males,Total,With leave entitlements,74360.0
2021,Queensland,Males,Total,With leave entitlements,78000.0
2022,Queensland,Males,Total,With leave entitlements,81863.59999999999
2023,Queensland,Males,Total,With leave entitlements,85867.59999999999
2024,Queensland,Males,Total,With leave entitlements,88920.0
2014,Queensland,Males,Total,Without leave entitlements,35204.0
2015,Queensland,Males,Total,Without leave entitlements,36400.0
2016,Queensland,Males,Total,Without leave entitlements,38734.8
2017,Queensland,Males,Total,Without leave entitlements,39000.0
2018,Queensland,Males,Total,Without leave entitlements,39442.0
2019,Queensland,Males,Total,Without leave entitlements,39000.0
2020,Queensland,Males,Total,Without leave entitlements,39000.0
2021,Queensland,Males,Total,Without leave entitlements,38552.8
2022,Queensland,Males,Total,Without leave entitlements,42520.4
2023,Queensland,Males,Total,Without leave entitlements,43695.6
2024,Queensland,Males,Total,Without leave entitlements,44200.0
2014,Queensland,Persons,Full-time,Total,61828.0
2015,Queensland,Persons,Full-time,Total,62400.0
2016,Queensland,Persons,Full-time,Total,62400.0
2017,Queensland,Persons,Full-time,Total,65000.0
2018,Queensland,Persons,Full-time,Total,67600.0
2019,Queensland,Persons,Full-time,Total,67600.0
2020,Queensland,Persons,Full-time,Total,70371.59999999999
2021,Queensland,Persons,Full-time,Total,72800.0
2022,Queensland,Persons,Full-time,Total,78000.0
2023,Queensland,Persons,Full-time,Total,80428.40000000001
2024,Queensland,Persons,Full-time,Total,86164.0
2014,Queensland,Persons,Full-time,With leave entitlements,62400.0
2015,Queensland,Persons,Full-time,With leave entitlements,62400.0
2016,Queensland,Persons,Full-time,With leave entitlements,63497.2
2017,Queensland,Persons,Full-time,With leave entitlements,67600.0
2018,Queensland,Persons,Full-time,With leave entitlements,70148.0
2019,Queensland,Persons,Full-time,With leave entitlements,69784.0
2020,Queensland,Persons,Full-time,With leave entitlements,72852.0
2021,Queensland,Persons,Full-time,With leave entitlements,75467.59999999999
2022,Queensland,Persons,Full-time,With leave entitlements,79768.0
2023,Queensland,Persons,Full-time,With leave entitlements,82368.0
2024,Queensland,Persons,Full-time,With leave entitlements,88400.0
2014,Queensland,Persons,Full-time,Without leave entitlements,50060.4
2015,Queensland,Persons,Full-time,Without leave entitlements,52000.0
2016,Queensland,Persons,Full-time,Without leave entitlements,52093.6
2017,Queensland,Persons,Full-time,Without leave entitlements,52000.0
2018,Queensland,Persons,Full-time,Without leave entitlements,57907.2
2019,Queensland,Persons,Full-time,Without leave entitlements,59040.8
2020,Queensland,Persons,Full-time,Without leave entitlements,54537.6
2021,Queensland,Persons,Full-time,Without leave entitlements,56508.4
2022,Queensland,Persons,Full-time,Without leave entitlements,60190.0
2023,Queensland,Persons,Full-time,Without leave entitlements,67600.0
2024,Queensland,Persons,Full-time,Without leave entitlements,72321.59999999999
2014,Queensland,Persons,Part-time,Total,24700.0
2015,Queensland,Persons,Part-time,Total,26000.0
2016,Queensland,Persons,Part-time,Total,25740.0
2017,Queensland,Persons,Part-time,Total,27040.0
2018,Queensland,Persons,Part-time,Total,26000.0
2019,Queensland,Persons,Part-time,Total,28735.2
2020,Queensland,Persons,Part-time,Total,34538.4
2021,Queensland,Persons,Part-time,Total,31200.0
2022,Queensland,Persons,Part-time,Total,32396.0
2023,Queensland,Persons,Part-time,Total,35521.200000000004
2024,Queensland,Persons,Part-time,Total,35802.0
2014,Queensland,Persons,Part-time,With leave entitlements,33800.0
2015,Queensland,Persons,Part-time,With leave entitlements,35562.8
2016,Queensland,Persons,Part-time,With leave entitlements,36275.2
2017,Queensland,Persons,Part-time,With leave entitlements,36082.8
2018,Queensland,Persons,Part-time,With leave entitlements,36400.0
2019,Queensland,Persons,Part-time,With leave entitlements,37440.0
2020,Queensland,Persons,Part-time,With leave entitlements,41033.2
2021,Queensland,Persons,Part-time,With leave entitlements,39000.0
2022,Queensland,Persons,Part-time,With leave entitlements,41600.0
2023,Queensland,Persons,Part-time,With leave entitlements,46800.0
2024,Queensland,Persons,Part-time,With leave entitlements,44980.0
2014,Queensland,Persons,Part-time,Without leave entitlements,16161.6
2015,Queensland,Persons,Part-time,Without leave entitlements,18200.0
2016,Queensland,Persons,Part-time,Without leave entitlements,18720.0
2017,Queensland,Persons,Part-time,Without leave entitlements,19760.0
2018,Queensland,Persons,Part-time,Without leave entitlements,19697.6
2019,Queensland,Persons,Part-time,Without leave entitlements,20800.0
2020,Queensland,Persons,Part-time,Without leave entitlements,22339.2
2021,Queensland,Persons,Part-time,Without leave entitlements,23306.4
2022,Queensland,Persons,Part-time,Without leave entitlements,21231.6
2023,Queensland,Persons,Part-time,Without leave entitlements,26000.0
2024,Queensland,Persons,Part-time,Without leave entitlements,26000.0
2014,Queensland,Persons,Total,Total,50960.0
2015,Queensland,Persons,Total,Total,52000.0
2016,Queensland,Persons,Total,Total,52000.0
2017,Queensland,Persons,Total,Total,52000.0
2018,Queensland,Persons,Total,Total,54600.0
2019,Queensland,Persons,Total,Total,54964.0
2020,Queensland,Persons,Total,Total,57200.0
2021,Queensland,Persons,Total,Total,58500.0
2022,Queensland,Persons,Total,Total,63190.4
2023,Queensland,Persons,Total,Total,67600.0
2024,Queensland,Persons,Total,Total,70200.0
2014,Queensland,Persons,Total,With leave entitlements,57200.0
2015,Queensland,Persons,Total,With leave entitlements,58604.0
2016,Queensland,Persons,Total,With leave entitlements,58240.0
2017,Queensland,Persons,Total,With leave entitlements,61594.0
2018,Queensland,Persons,Total,With leave entitlements,64017.2
2019,Queensland,Persons,Total,With leave entitlements,62400.0
2020,Queensland,Persons,Total,With leave entitlements,65000.0
2021,Queensland,Persons,Total,With leave entitlements,67152.8
2022,Queensland,Persons,Total,With leave entitlements,72862.40000000001
2023,Queensland,Persons,Total,With leave entitlements,77500.8
2024,Queensland,Persons,Total,With leave entitlements,78936.0
2014,Queensland,Persons,Total,Without leave entitlements,26000.0
2015,Queensland,Persons,Total,Without leave entitlements,27404.0
2016,Queensland,Persons,Total,Without leave entitlements,28600.0
2017,Queensland,Persons,Total,Without leave entitlements,29120.0
2018,Queensland,Persons,Total,Without leave entitlements,27367.6
2019,Queensland,Persons,Total,Without leave entitlements,31075.2
2020,Queensland,Persons,Total,Without leave entitlements,33800.0
2021,Queensland,Persons,Total,Without leave entitlements,32500.0
2022,Queensland,Persons,Total,Without leave entitlements,36025.6
2023,Queensland,Persons,Total,Without leave entitlements,36244.0
2024,Queensland,Persons,Total,Without leave entitlements,37440.0
2014,South Australia,Females,Full-time,Total,54740.4
2015,South Australia,Females,Full-time,Total,58016.4
2016,South Australia,Females,Full-time,Total,57200.0
2017,South Australia,Females,Full-time,Total,57200.0
2018,South Australia,Females,Full-time,Total,60788.0
2019,South Australia,Females,Full-time,Total,59930.0
2020,South Australia,Females,Full-time,Total,63232.0
2021,South Australia,Females,Full-time,Total,67074.8
2022,South Australia,Females,Full-time,Total,69201.59999999999
2023,South Australia,Females,Full-time,Total,74188.40000000001
2024,South Australia,Females,Full-time,Total,77948.0
2014,South Australia,Females,Full-time,With leave entitlements,55385.2
2015,South Australia,Females,Full-time,With leave entitlements,59784.4
2016,South Australia,Females,Full-time,With leave entitlements,59800.0
2017,South Australia,Females,Full-time,With leave entitlements,59800.0
2018,South Australia,Females,Full-time,With leave entitlements,62400.0
2019,South Australia,Females,Full-time,With leave entitlements,61952.8
2020,South Australia,Females,Full-time,With leave entitlements,65000.0
2021,South Australia,Females,Full-time,With leave entitlements,68910.40000000001
2022,South Australia,Females,Full-time,With leave entitlements,72800.0
2023,South Australia,Females,Full-time,With leave entitlements,77672.40000000001
2024,South Australia,Females,Full-time,With leave entitlements,78000.0
2014,South Australia,Females,Full-time,Without leave entitlements,46800.0
2015,South Australia,Females,Full-time,Without leave entitlements,49862.8
2016,South Australia,Females,Full-time,Without leave entitlements,42088.8
2017,South Australia,Females,Full-time,Without leave entitlements,41938.0
2018,South Australia,Females,Full-time,Without leave entitlements,52000.0
2019,South Australia,Females,Full-time,Without leave entitlements,52998.4
2020,South Australia,Females,Full-time,Without leave entitlements,49831.6
2021,South Australia,Females,Full-time,Without leave entitlements,55302.0
2022,South Australia,Females,Full-time,Without leave entitlements,59826.0
2023,South Australia,Females,Full-time,Without leave entitlements,62540.4
2024,South Australia,Females,Full-time,Without leave entitlements,69451.2
2014,South Australia,Females,Part-time,Total,25464.4
2015,South Australia,Females,Part-time,Total,27882.4
2016,South Australia,Females,Part-time,Total,26504.4
2017,South Australia,Females,Part-time,Total,28490.8
2018,South Australia,Females,Part-time,Total,29120.0
2019,South Australia,Females,Part-time,Total,29120.0
2020,South Australia,Females,Part-time,Total,36400.0
2021,South Australia,Females,Part-time,Total,31948.8
2022,South Australia,Females,Part-time,Total,34481.200000000004
2023,South Australia,Females,Part-time,Total,36400.0
2024,South Australia,Females,Part-time,Total,37102.0
2014,South Australia,Females,Part-time,With leave entitlements,30789.2
2015,South Australia,Females,Part-time,With leave entitlements,33800.0
2016,South Australia,Females,Part-time,With leave entitlements,33800.0
2017,South Australia,Females,Part-time,With leave entitlements,36992.8
2018,South Australia,Females,Part-time,With leave entitlements,36400.0
2019,South Australia,Females,Part-time,With leave entitlements,37356.8
2020,South Australia,Females,Part-time,With leave entitlements,39000.0
2021,South Australia,Females,Part-time,With leave entitlements,41600.0
2022,South Australia,Females,Part-time,With leave entitlements,44558.8
2023,South Australia,Females,Part-time,With leave entitlements,44408.0
2024,South Australia,Females,Part-time,With leave entitlements,44200.0
2014,South Australia,Females,Part-time,Without leave entitlements,15600.0
2015,South Australia,Females,Part-time,Without leave entitlements,19884.8
2016,South Australia,Females,Part-time,Without leave entitlements,18506.8
2017,South Australia,Females,Part-time,Without leave entitlements,19359.6
2018,South Australia,Females,Part-time,Without leave entitlements,20800.0
2019,South Australia,Females,Part-time,Without leave entitlements,19359.6
2020,South Australia,Females,Part-time,Without leave entitlements,26000.0
2021,South Australia,Females,Part-time,Without leave entitlements,20800.0
2022,South Australia,Females,Part-time,Without leave entitlements,21268.0
2023,South Australia,Females,Part-time,Without leave entitlements,24960.0
2024,South Australia,Females,Part-time,Without leave entitlements,23660.0
2014,South Australia,Females,Total,Total,39884.0
2015,South Australia,Females,Total,Total,42120.0
2016,South Australia,Females,Total,Total,40944.8
2017,South Australia,Females,Total,Total,43404.4
2018,South Australia,Females,Total,Total,44330.0
2019,South Australia,Females,Total,Total,46800.0
2020,South Australia,Females,Total,Total,47710.0
2021,South Australia,Females,Total,Total,49400.0
2022,South Australia,Females,Total,Total,52000.0
2023,South Australia,Females,Total,Total,55328.0
2024,South Australia,Females,Total,Total,57200.0
2014,South Australia,Females,Total,With leave entitlements,47840.0
2015,South Australia,Females,Total,With leave entitlements,49400.0
2016,South Australia,Females,Total,With leave entitlements,50731.2
2017,South Australia,Females,Total,With leave entitlements,51823.2
2018,South Australia,Females,Total,With leave entitlements,52000.0
2019,South Australia,Females,Total,With leave entitlements,52988.0
2020,South Australia,Females,Total,With leave entitlements,55577.6
2021,South Australia,Females,Total,With leave entitlements,57200.0
2022,South Australia,Females,Total,With leave entitlements,59800.0
2023,South Australia,Females,Total,With leave entitlements,65000.0
2024,South Australia,Females,Total,With leave entitlements,65000.0
2014,South Australia,Females,Total,Without leave entitlements,20332.0
2015,South Australia,Females,Total,Without leave entitlements,22880.0
2016,South Australia,Females,Total,Without leave entitlements,21377.2
2017,South Australia,Females,Total,Without leave entitlements,21840.0
2018,South Australia,Females,Total,Without leave entitlements,23623.6
2019,South Australia,Females,Total,Without leave entitlements,23400.0
2020,South Australia,Females,Total,Without leave entitlements,31200.0
2021,South Australia,Females,Total,Without leave entitlements,26000.0
2022,South Australia,Females,Total,Without leave entitlements,26000.0
2023,South Australia,Females,Total,Without leave entitlements,31200.0
2024,South Australia,Females,Total,Without leave entitlements,31194.8
2014,South Australia,Males,Full-time,Total,62181.6
2015,South Australia,Males,Full-time,Total,62400.0
2016,South Australia,Males,Full-time,Total,65000.0
2017,South Australia,Males,Full-time,Total,62920.0
2018,South Australia,Males,Full-time,Total,66055.59999999999
2019,South Australia,Males,Full-time,Total,69784.0
2020,South Australia,Males,Full-time,Total,69882.8
2021,South Australia,Males,Full-time,Total,74776.0
2022,South Australia,Males,Full-time,Total,73840.0
2023,South Australia,Males,Full-time,Total,78837.2
2024,South Australia,Males,Full-time,Total,82430.40000000001
2014,South Australia,Males,Full-time,With leave entitlements,62400.0
2015,South Australia,Males,Full-time,With leave entitlements,65000.0
2016,South Australia,Males,Full-time,With leave entitlements,67485.59999999999
2017,South Australia,Males,Full-time,With leave entitlements,65566.8
2018,South Australia,Males,Full-time,With leave entitlements,67906.8
2019,South Australia,Males,Full-time,With leave entitlements,71760.0
2020,South Australia,Males,Full-time,With leave entitlements,72800.0
2021,South Australia,Males,Full-time,With leave entitlements,78000.0
2022,South Australia,Males,Full-time,With leave entitlements,75400.0
2023,South Australia,Males,Full-time,With leave entitlements,83720.0
2024,South Australia,Males,Full-time,With leave entitlements,83200.0
2014,South Australia,Males,Full-time,Without leave entitlements,46800.0
2015,South Australia,Males,Full-time,Without leave entitlements,52000.0
2016,South Australia,Males,Full-time,Without leave entitlements,53268.8
2017,South Australia,Males,Full-time,Without leave entitlements,49400.0
2018,South Australia,Males,Full-time,Without leave entitlements,56061.2
2019,South Australia,Males,Full-time,Without leave entitlements,56820.4
2020,South Australia,Males,Full-time,Without leave entitlements,54464.8
2021,South Australia,Males,Full-time,Without leave entitlements,53705.6
2022,South Australia,Males,Full-time,Without leave entitlements,62400.0
2023,South Australia,Males,Full-time,Without leave entitlements,57200.0
2024,South Australia,Males,Full-time,Without leave entitlements,73028.8
2014,South Australia,Males,Part-time,Total,23228.4
2015,South Australia,Males,Part-time,Total,24232.0
2016,South Australia,Males,Part-time,Total,21840.0
2017,South Australia,Males,Part-time,Total,23920.0
2018,South Australia,Males,Part-time,Total,25948.0
2019,South Australia,Males,Part-time,Total,22739.6
2020,South Australia,Males,Part-time,Total,30472.0
2021,South Australia,Males,Part-time,Total,27523.6
2022,South Australia,Males,Part-time,Total,26208.0
2023,South Australia,Males,Part-time,Total,31642.0
2024,South Australia,Males,Part-time,Total,33800.0
2014,South Australia,Males,Part-time,With leave entitlements,31200.0
2015,South Australia,Males,Part-time,With leave entitlements,33716.8
2016,South Australia,Males,Part-time,With leave entitlements,28168.4
2017,South Australia,Males,Part-time,With leave entitlements,32692.4
2018,South Australia,Males,Part-time,With leave entitlements,38662.0
2019,South Australia,Males,Part-time,With leave entitlements,35687.6
2020,South Australia,Males,Part-time,With leave entitlements,38407.2
2021,South Australia,Males,Part-time,With leave entitlements,36592.4
2022,South Australia,Males,Part-time,With leave entitlements,37653.2
2023,South Australia,Males,Part-time,With leave entitlements,46997.6
2024,South Australia,Males,Part-time,With leave entitlements,42078.4
2014,South Australia,Males,Part-time,Without leave entitlements,18720.0
2015,South Australia,Males,Part-time,Without leave entitlements,20800.0
2016,South Australia,Males,Part-time,Without leave entitlements,20800.0
2017,South Australia,Males,Part-time,Without leave entitlements,19151.6
2018,South Australia,Males,Part-time,Without leave entitlements,18194.8
2019,South Australia,Males,Part-time,Without leave entitlements,17014.399999999998
2020,South Australia,Males,Part-time,Without leave entitlements,26000.0
2021,South Australia,Males,Part-time,Without leave entitlements,20800.0
2022,South Australia,Males,Part-time,Without leave entitlements,20800.0
2023,South Australia,Males,Part-time,Without leave entitlements,24252.8
2024,South Australia,Males,Part-time,Without leave entitlements,28298.4
2014,South Australia,Males,Total,Total,56529.2
2015,South Australia,Males,Total,Total,57200.0
2016,South Australia,Males,Total,Total,57200.0
2017,South Australia,Males,Total,Total,57044.0
2018,South Australia,Males,Total,Total,59800.0
2019,South Australia,Males,Total,Total,62400.0
2020,South Australia,Males,Total,Total,62400.0
2021,South Australia,Males,Total,Total,65000.0
2022,South Australia,Males,Total,Total,66383.2
2023,South Australia,Males,Total,Total,71864.0
2024,South Australia,Males,Total,Total,72800.0
2014,South Australia,Males,Total,With leave entitlements,62400.0
2015,South Australia,Males,Total,With leave entitlements,62400.0
2016,South Australia,Males,Total,With leave entitlements,64807.6
2017,South Australia,Males,Total,With leave entitlements,63050.0
2018,South Australia,Males,Total,With leave entitlements,65000.0
2019,South Australia,Males,Total,With leave entitlements,68120.0
2020,South Australia,Males,Total,With leave entitlements,70210.40000000001
2021,South Australia,Males,Total,With leave entitlements,74042.8
2022,South Australia,Males,Total,With leave entitlements,72836.40000000001
2023,South Australia,Males,Total,With leave entitlements,79726.40000000001
2024,South Australia,Males,Total,With leave entitlements,78135.2
2014,South Australia,Males,Total,Without leave entitlements,34288.8
2015,South Australia,Males,Total,Without leave entitlements,33280.0
2016,South Australia,Males,Total,Without leave entitlements,32968.0
2017,South Australia,Males,Total,Without leave entitlements,36400.0
2018,South Australia,Males,Total,Without leave entitlements,39000.0
2019,South Australia,Males,Total,Without leave entitlements,34470.8
2020,South Australia,Males,Total,Without leave entitlements,39000.0
2021,South Australia,Males,Total,Without leave entitlements,34970.0
2022,South Australia,Males,Total,Without leave entitlements,41662.4
2023,South Australia,Males,Total,Without leave entitlements,40991.6
2024,South Australia,Males,Total,Without leave entitlements,46800.0
2014,South Australia,Persons,Full-time,Total,59280.0
2015,South Australia,Persons,Full-time,Total,61100.0
2016,South Australia,Persons,Full-time,Total,62400.0
2017,South Australia,Persons,Full-time,Total,61828.0
2018,South Australia,Persons,Full-time,Total,64714.0
2019,South Australia,Persons,Full-time,Total,65104.0
2020,South Australia,Persons,Full-time,Total,67028.0
2021,South Australia,Persons,Full-time,Total,72072.0
2022,South Australia,Persons,Full-time,Total,72800.0
2023,South Australia,Persons,Full-time,Total,78000.0
2024,South Australia,Persons,Full-time,Total,79040.0
2014,South Australia,Persons,Full-time,With leave entitlements,60944.0
2015,South Australia,Persons,Full-time,With leave entitlements,62400.0
2016,South Australia,Persons,Full-time,With leave entitlements,64131.6
2017,South Australia,Persons,Full-time,With leave entitlements,62722.4
2018,South Australia,Persons,Full-time,With leave entitlements,66045.2
2019,South Australia,Persons,Full-time,With leave entitlements,67600.0
2020,South Australia,Persons,Full-time,With leave entitlements,69992.0
2021,South Australia,Persons,Full-time,With leave entitlements,74084.40000000001
2022,South Australia,Persons,Full-time,With leave entitlements,74921.59999999999
2023,South Australia,Persons,Full-time,With leave entitlements,79976.0
2024,South Australia,Persons,Full-time,With leave entitlements,80340.0
2014,South Australia,Persons,Full-time,Without leave entitlements,46800.0
2015,South Australia,Persons,Full-time,Without leave entitlements,50908.0
2016,South Australia,Persons,Full-time,Without leave entitlements,49108.8
2017,South Australia,Persons,Full-time,Without leave entitlements,46800.0
2018,South Australia,Persons,Full-time,Without leave entitlements,53092.0
2019,South Australia,Persons,Full-time,Without leave entitlements,55494.4
2020,South Australia,Persons,Full-time,Without leave entitlements,52031.2
2021,South Australia,Persons,Full-time,Without leave entitlements,54542.8
2022,South Australia,Persons,Full-time,Without leave entitlements,60975.2
2023,South Australia,Persons,Full-time,Without leave entitlements,59706.4
2024,South Australia,Persons,Full-time,Without leave entitlements,72841.59999999999
2014,South Australia,Persons,Part-time,Total,24700.0
2015,South Australia,Persons,Part-time,Total,26000.0
2016,South Australia,Persons,Part-time,Total,26000.0
2017,South Australia,Persons,Part-time,Total,26603.2
2018,South Australia,Persons,Part-time,Total,28600.0
2019,South Australia,Persons,Part-time,Total,27981.2
2020,South Australia,Persons,Part-time,Total,34086.0
2021,South Australia,Persons,Part-time,Total,31200.0
2022,South Australia,Persons,Part-time,Total,32281.6
2023,South Australia,Persons,Part-time,Total,35365.200000000004
2024,South Australia,Persons,Part-time,Total,36400.0
2014,South Australia,Persons,Part-time,With leave entitlements,31148.0
2015,South Australia,Persons,Part-time,With leave entitlements,33800.0
2016,South Australia,Persons,Part-time,With leave entitlements,33800.0
2017,South Australia,Persons,Part-time,With leave entitlements,36400.0
2018,South Australia,Persons,Part-time,With leave entitlements,37440.0
2019,South Australia,Persons,Part-time,With leave entitlements,36920.0
2020,South Australia,Persons,Part-time,With leave entitlements,39000.0
2021,South Australia,Persons,Part-time,With leave entitlements,41184.0
2022,South Australia,Persons,Part-time,With leave entitlements,43316.0
2023,South Australia,Persons,Part-time,With leave entitlements,44881.2
2024,South Australia,Persons,Part-time,With leave entitlements,44200.0
2014,South Australia,Persons,Part-time,Without leave entitlements,17170.399999999998
2015,South Australia,Persons,Part-time,Without leave entitlements,20072.0
2016,South Australia,Persons,Part-time,Without leave entitlements,19442.8
2017,South Australia,Persons,Part-time,Without leave entitlements,19276.4
2018,South Australia,Persons,Part-time,Without leave entitlements,19500.0
2019,South Australia,Persons,Part-time,Without leave entitlements,18647.2
2020,South Australia,Persons,Part-time,Without leave entitlements,26000.0
2021,South Australia,Persons,Part-time,Without leave entitlements,20800.0
2022,South Australia,Persons,Part-time,Without leave entitlements,20914.4
2023,South Australia,Persons,Part-time,Without leave entitlements,24960.0
2024,South Australia,Persons,Part-time,Without leave entitlements,26000.0
2014,South Australia,Persons,Total,Total,48100.0
2015,South Australia,Persons,Total,Total,49514.4
2016,South Australia,Persons,Total,Total,49400.0
2017,South Australia,Persons,Total,Total,50606.4
2018,South Australia,Persons,Total,Total,52000.0
2019,South Australia,Persons,Total,Total,52722.8
2020,South Australia,Persons,Total,Total,54808.0
2021,South Australia,Persons,Total,Total,57200.0
2022,South Australia,Persons,Total,Total,58578.0
2023,South Australia,Persons,Total,Total,62400.0
2024,South Australia,Persons,Total,Total,65000.0
2014,South Australia,Persons,Total,With leave entitlements,54600.0
2015,South Australia,Persons,Total,With leave entitlements,56472.0
2016,South Australia,Persons,Total,With leave entitlements,57200.0
2017,South Australia,Persons,Total,With leave entitlements,57200.0
2018,South Australia,Persons,Total,With leave entitlements,59727.2
2019,South Australia,Persons,Total,With leave entitlements,60299.2
2020,South Australia,Persons,Total,With leave entitlements,62400.0
2021,South Australia,Persons,Total,With leave entitlements,65000.0
2022,South Australia,Persons,Total,With leave entitlements,66014.0
2023,South Australia,Persons,Total,With leave entitlements,72800.0
2024,South Australia,Persons,Total,With leave entitlements,72748.0
2014,South Australia,Persons,Total,Without leave entitlements,25370.8
2015,South Australia,Persons,Total,Without leave entitlements,26000.0
2016,South Australia,Persons,Total,Without leave entitlements,26000.0
2017,South Australia,Persons,Total,Without leave entitlements,26000.0
2018,South Australia,Persons,Total,Without leave entitlements,28496.0
2019,South Australia,Persons,Total,Without leave entitlements,26000.0
2020,South Australia,Persons,Total,Without leave entitlements,33800.0
2021,South Australia,Persons,Total,Without leave entitlements,28600.0
2022,South Australia,Persons,Total,Without leave entitlements,31200.0
2023,South Australia,Persons,Total,Without leave entitlements,35594.0
2024,South Australia,Persons,Total,Without leave entitlements,38552.8
2014,Tasmania,Females,Full-time,Total,52000.0
2015,Tasmania,Females,Full-time,Total,54906.8
2016,Tasmania,Females,Full-time,Total,55551.6
2017,Tasmania,Females,Full-time,Total,57200.0
2018,Tasmania,Females,Full-time,Total,59800.0
2019,Tasmania,Females,Full-time,Total,62623.6
2020,Tasmania,Females,Full-time,Total,63528.4
2021,Tasmania,Females,Full-time,Total,66684.8
2022,Tasmania,Females,Full-time,Total,67792.40000000001
2023,Tasmania,Females,Full-time,Total,76596.0
2024,Tasmania,Females,Full-time,Total,73002.8
2014,Tasmania,Females,Full-time,With leave entitlements,52000.0
2015,Tasmania,Females,Full-time,With leave entitlements,55224.0
2016,Tasmania,Females,Full-time,With leave entitlements,56477.2
2017,Tasmania,Females,Full-time,With leave entitlements,58666.4
2018,Tasmania,Females,Full-time,With leave entitlements,60247.2
2019,Tasmania,Females,Full-time,With leave entitlements,65000.0
2020,Tasmania,Females,Full-time,With leave entitlements,66846.0
2021,Tasmania,Females,Full-time,With leave entitlements,67600.0
2022,Tasmania,Females,Full-time,With leave entitlements,69784.0
2023,Tasmania,Females,Full-time,With leave entitlements,79211.59999999999
2024,Tasmania,Females,Full-time,With leave entitlements,75368.8
2014,Tasmania,Females,Full-time,Without leave entitlements,41527.2
2015,Tasmania,Females,Full-time,Without leave entitlements,49987.6
2016,Tasmania,Females,Full-time,Without leave entitlements,44579.6
2017,Tasmania,Females,Full-time,Without leave entitlements,43071.6
2018,Tasmania,Females,Full-time,Without leave entitlements,49400.0
2019,Tasmania,Females,Full-time,Without leave entitlements,44647.2
2020,Tasmania,Females,Full-time,Without leave entitlements,49727.6
2021,Tasmania,Females,Full-time,Without leave entitlements,57200.0
2022,Tasmania,Females,Full-time,Without leave entitlements,57028.4
2023,Tasmania,Females,Full-time,Without leave entitlements,62400.0
2024,Tasmania,Females,Full-time,Without leave entitlements,59649.2
2014,Tasmania,Females,Part-time,Total,24778.0
2015,Tasmania,Females,Part-time,Total,25974.0
2016,Tasmania,Females,Part-time,Total,26000.0
2017,Tasmania,Females,Part-time,Total,28355.6
2018,Tasmania,Females,Part-time,Total,28600.0
2019,Tasmania,Females,Part-time,Total,29161.6
2020,Tasmania,Females,Part-time,Total,36602.8
2021,Tasmania,Females,Part-time,Total,31200.0
2022,Tasmania,Females,Part-time,Total,32557.2
2023,Tasmania,Females,Part-time,Total,39000.0
2024,Tasmania,Females,Part-time,Total,38667.2
2014,Tasmania,Females,Part-time,With leave entitlements,30258.8
2015,Tasmania,Females,Part-time,With leave entitlements,33800.0
2016,Tasmania,Females,Part-time,With leave entitlements,31720.0
2017,Tasmania,Females,Part-time,With leave entitlements,33800.0
2018,Tasmania,Females,Part-time,With leave entitlements,33800.0
2019,Tasmania,Females,Part-time,With leave entitlements,37315.2
2020,Tasmania,Females,Part-time,With leave entitlements,41704.0
2021,Tasmania,Females,Part-time,With leave entitlements,39738.4
2022,Tasmania,Females,Part-time,With leave entitlements,39000.0
2023,Tasmania,Females,Part-time,With leave entitlements,46800.0
2024,Tasmania,Females,Part-time,With leave entitlements,46748.0
2014,Tasmania,Females,Part-time,Without leave entitlements,16666.0
2015,Tasmania,Females,Part-time,Without leave entitlements,14742.0
2016,Tasmania,Females,Part-time,Without leave entitlements,16016.0
2017,Tasmania,Females,Part-time,Without leave entitlements,16582.8
2018,Tasmania,Females,Part-time,Without leave entitlements,20800.0
2019,Tasmania,Females,Part-time,Without leave entitlements,20800.0
2020,Tasmania,Females,Part-time,Without leave entitlements,25168.0
2021,Tasmania,Females,Part-time,Without leave entitlements,20706.4
2022,Tasmania,Females,Part-time,Without leave entitlements,23400.0
2023,Tasmania,Females,Part-time,Without leave entitlements,25350.0
2024,Tasmania,Females,Part-time,Without leave entitlements,21299.2
2014,Tasmania,Females,Total,Total,36400.0
2015,Tasmania,Females,Total,Total,39884.0
2016,Tasmania,Females,Total,Total,39000.0
2017,Tasmania,Females,Total,Total,39000.0
2018,Tasmania,Females,Total,Total,43264.0
2019,Tasmania,Females,Total,Total,45567.6
2020,Tasmania,Females,Total,Total,45500.0
2021,Tasmania,Females,Total,Total,47554.0
2022,Tasmania,Females,Total,Total,49608.0
2023,Tasmania,Females,Total,Total,55952.0
2024,Tasmania,Females,Total,Total,57200.0
2014,Tasmania,Females,Total,With leave entitlements,44200.0
2015,Tasmania,Females,Total,With leave entitlements,46415.2
2016,Tasmania,Females,Total,With leave entitlements,46170.8
2017,Tasmania,Females,Total,With leave entitlements,46800.0
2018,Tasmania,Females,Total,With leave entitlements,49400.0
2019,Tasmania,Females,Total,With leave entitlements,54600.0
2020,Tasmania,Females,Total,With leave entitlements,54137.2
2021,Tasmania,Females,Total,With leave entitlements,54407.6
2022,Tasmania,Females,Total,With leave entitlements,56118.4
2023,Tasmania,Females,Total,With leave entitlements,63424.4
2024,Tasmania,Females,Total,With leave entitlements,64480.0
2014,Tasmania,Females,Total,Without leave entitlements,19318.0
2015,Tasmania,Females,Total,Without leave entitlements,15600.0
2016,Tasmania,Females,Total,Without leave entitlements,18200.0
2017,Tasmania,Females,Total,Without leave entitlements,19583.2
2018,Tasmania,Females,Total,Without leave entitlements,23368.8
2019,Tasmania,Females,Total,Without leave entitlements,22817.6
2020,Tasmania,Females,Total,Without leave entitlements,28600.0
2021,Tasmania,Females,Total,Without leave entitlements,26000.0
2022,Tasmania,Females,Total,Without leave entitlements,26000.0
2023,Tasmania,Females,Total,Without leave entitlements,28714.4
2024,Tasmania,Females,Total,Without leave entitlements,26416.0
2014,Tasmania,Males,Full-time,Total,57200.0
2015,Tasmania,Males,Full-time,Total,57808.4
2016,Tasmania,Males,Full-time,Total,62400.0
2017,Tasmania,Males,Full-time,Total,62400.0
2018,Tasmania,Males,Full-time,Total,65000.0
2019,Tasmania,Males,Full-time,Total,67927.59999999999
2020,Tasmania,Males,Full-time,Total,70200.0
2021,Tasmania,Males,Full-time,Total,67558.40000000001
2022,Tasmania,Males,Full-time,Total,73356.40000000001
2023,Tasmania,Males,Full-time,Total,78000.0
2024,Tasmania,Males,Full-time,Total,78000.0
2014,Tasmania,Males,Full-time,With leave entitlements,57985.2
2015,Tasmania,Males,Full-time,With leave entitlements,61984.0
2016,Tasmania,Males,Full-time,With leave entitlements,62727.6
2017,Tasmania,Males,Full-time,With leave entitlements,66315.59999999999
2018,Tasmania,Males,Full-time,With leave entitlements,65000.0
2019,Tasmania,Males,Full-time,With leave entitlements,70200.0
2020,Tasmania,Males,Full-time,With leave entitlements,72800.0
2021,Tasmania,Males,Full-time,With leave entitlements,67600.0
2022,Tasmania,Males,Full-time,With leave entitlements,76424.40000000001
2023,Tasmania,Males,Full-time,With leave entitlements,79580.8
2024,Tasmania,Males,Full-time,With leave entitlements,78000.0
2014,Tasmania,Males,Full-time,Without leave entitlements,55005.6
2015,Tasmania,Males,Full-time,Without leave entitlements,46670.0
2016,Tasmania,Males,Full-time,Without leave entitlements,51833.6
2017,Tasmania,Males,Full-time,Without leave entitlements,52119.6
2018,Tasmania,Males,Full-time,Without leave entitlements,59467.2
2019,Tasmania,Males,Full-time,Without leave entitlements,57200.0
2020,Tasmania,Males,Full-time,Without leave entitlements,52000.0
2021,Tasmania,Males,Full-time,Without leave entitlements,52000.0
2022,Tasmania,Males,Full-time,Without leave entitlements,57200.0
2023,Tasmania,Males,Full-time,Without leave entitlements,62400.0
2024,Tasmania,Males,Full-time,Without leave entitlements,55260.4
2014,Tasmania,Males,Part-time,Total,21424.0
2015,Tasmania,Males,Part-time,Total,20696.0
2016,Tasmania,Males,Part-time,Total,23545.6
2017,Tasmania,Males,Part-time,Total,22547.2
2018,Tasmania,Males,Part-time,Total,23400.0
2019,Tasmania,Males,Part-time,Total,26000.0
2020,Tasmania,Males,Part-time,Total,31714.8
2021,Tasmania,Males,Part-time,Total,27549.6
2022,Tasmania,Males,Part-time,Total,27388.4
2023,Tasmania,Males,Part-time,Total,31054.4
2024,Tasmania,Males,Part-time,Total,36701.6
2014,Tasmania,Males,Part-time,With leave entitlements,29666.0
2015,Tasmania,Males,Part-time,With leave entitlements,31226.0
2016,Tasmania,Males,Part-time,With leave entitlements,34408.4
2017,Tasmania,Males,Part-time,With leave entitlements,31085.6
2018,Tasmania,Males,Part-time,With leave entitlements,38012.0
2019,Tasmania,Males,Part-time,With leave entitlements,36608.0
2020,Tasmania,Males,Part-time,With leave entitlements,39000.0
2021,Tasmania,Males,Part-time,With leave entitlements,41074.8
2022,Tasmania,Males,Part-time,With leave entitlements,41012.4
2023,Tasmania,Males,Part-time,With leave entitlements,42250.0
2024,Tasmania,Males,Part-time,With leave entitlements,42957.2
2014,Tasmania,Males,Part-time,Without leave entitlements,15693.6
2015,Tasmania,Males,Part-time,Without leave entitlements,13000.0
2016,Tasmania,Males,Part-time,Without leave entitlements,18626.4
2017,Tasmania,Males,Part-time,Without leave entitlements,12058.8
2018,Tasmania,Males,Part-time,Without leave entitlements,16905.2
2019,Tasmania,Males,Part-time,Without leave entitlements,23327.2
2020,Tasmania,Males,Part-time,Without leave entitlements,24861.2
2021,Tasmania,Males,Part-time,Without leave entitlements,20800.0
2022,Tasmania,Males,Part-time,Without leave entitlements,18241.6
2023,Tasmania,Males,Part-time,Without leave entitlements,20831.2
2024,Tasmania,Males,Part-time,Without leave entitlements,24960.0
2014,Tasmania,Males,Total,Total,52000.0
2015,Tasmania,Males,Total,Total,52000.0
2016,Tasmania,Males,Total,Total,53757.6
2017,Tasmania,Males,Total,Total,57220.8
2018,Tasmania,Males,Total,Total,58172.4
2019,Tasmania,Males,Total,Total,59904.0
2020,Tasmania,Males,Total,Total,59800.0
2021,Tasmania,Males,Total,Total,59779.2
2022,Tasmania,Males,Total,Total,63798.8
2023,Tasmania,Males,Total,Total,69082.0
2024,Tasmania,Males,Total,Total,70200.0
2014,Tasmania,Males,Total,With leave entitlements,56253.6
2015,Tasmania,Males,Total,With leave entitlements,57200.0
2016,Tasmania,Males,Total,With leave entitlements,62400.0
2017,Tasmania,Males,Total,With leave entitlements,62400.0
2018,Tasmania,Males,Total,With leave entitlements,64043.2
2019,Tasmania,Males,Total,With leave entitlements,67532.40000000001
2020,Tasmania,Males,Total,With leave entitlements,68858.40000000001
2021,Tasmania,Males,Total,With leave entitlements,65000.0
2022,Tasmania,Males,Total,With leave entitlements,70200.0
2023,Tasmania,Males,Total,With leave entitlements,75753.59999999999
2024,Tasmania,Males,Total,With leave entitlements,74100.0
2014,Tasmania,Males,Total,Without leave entitlements,27762.8
2015,Tasmania,Males,Total,Without leave entitlements,25495.6
2016,Tasmania,Males,Total,Without leave entitlements,29582.8
2017,Tasmania,Males,Total,Without leave entitlements,32952.4
2018,Tasmania,Males,Total,Without leave entitlements,32432.4
2019,Tasmania,Males,Total,Without leave entitlements,31574.4
2020,Tasmania,Males,Total,Without leave entitlements,33347.6
2021,Tasmania,Males,Total,Without leave entitlements,31200.0
2022,Tasmania,Males,Total,Without leave entitlements,40378.0
2023,Tasmania,Males,Total,Without leave entitlements,35640.8
2024,Tasmania,Males,Total,Without leave entitlements,35235.200000000004
2014,Tasmania,Persons,Full-time,Total,54984.8
2015,Tasmania,Persons,Full-time,Total,57200.0
2016,Tasmania,Persons,Full-time,Total,59800.0
2017,Tasmania,Persons,Full-time,Total,61614.8
2018,Tasmania,Persons,Full-time,Total,62602.8
2019,Tasmania,Persons,Full-time,Total,65785.2
2020,Tasmania,Persons,Full-time,Total,67600.0
2021,Tasmania,Persons,Full-time,Total,67215.2
2022,Tasmania,Persons,Full-time,Total,70460.0
2023,Tasmania,Persons,Full-time,Total,77864.8
2024,Tasmania,Persons,Full-time,Total,76965.2
2014,Tasmania,Persons,Full-time,With leave entitlements,56118.4
2015,Tasmania,Persons,Full-time,With leave entitlements,58619.6
2016,Tasmania,Persons,Full-time,With leave entitlements,62400.0
2017,Tasmania,Persons,Full-time,With leave entitlements,62400.0
2018,Tasmania,Persons,Full-time,With leave entitlements,63949.6
2019,Tasmania,Persons,Full-time,With leave entitlements,67600.0
2020,Tasmania,Persons,Full-time,With leave entitlements,70798.0
2021,Tasmania,Persons,Full-time,With leave entitlements,67600.0
2022,Tasmania,Persons,Full-time,With leave entitlements,72800.0
2023,Tasmania,Persons,Full-time,With leave entitlements,79232.40000000001
2024,Tasmania,Persons,Full-time,With leave entitlements,78000.0
2014,Tasmania,Persons,Full-time,Without leave entitlements,49509.2
2015,Tasmania,Persons,Full-time,Without leave entitlements,47335.6
2016,Tasmania,Persons,Full-time,Without leave entitlements,49342.8
2017,Tasmania,Persons,Full-time,Without leave entitlements,52000.0
2018,Tasmania,Persons,Full-time,Without leave entitlements,57200.0
2019,Tasmania,Persons,Full-time,Without leave entitlements,51906.4
2020,Tasmania,Persons,Full-time,Without leave entitlements,52000.0
2021,Tasmania,Persons,Full-time,Without leave entitlements,53752.4
2022,Tasmania,Persons,Full-time,Without leave entitlements,57200.0
2023,Tasmania,Persons,Full-time,Without leave entitlements,62400.0
2024,Tasmania,Persons,Full-time,Without leave entitlements,57200.0
2014,Tasmania,Persons,Part-time,Total,23920.0
2015,Tasmania,Persons,Part-time,Total,23956.4
2016,Tasmania,Persons,Part-time,Total,26000.0
2017,Tasmania,Persons,Part-time,Total,27060.8
2018,Tasmania,Persons,Part-time,Total,28080.0
2019,Tasmania,Persons,Part-time,Total,28532.4
2020,Tasmania,Persons,Part-time,Total,35833.200000000004
2021,Tasmania,Persons,Part-time,Total,31090.8
2022,Tasmania,Persons,Part-time,Total,31246.8
2023,Tasmania,Persons,Part-time,Total,36181.6
2024,Tasmania,Persons,Part-time,Total,37700.0
2014,Tasmania,Persons,Part-time,With leave entitlements,30154.8
2015,Tasmania,Persons,Part-time,With leave entitlements,33300.8
2016,Tasmania,Persons,Part-time,With leave entitlements,31974.8
2017,Tasmania,Persons,Part-time,With leave entitlements,33800.0
2018,Tasmania,Persons,Part-time,With leave entitlements,33904.0
2019,Tasmania,Persons,Part-time,With leave entitlements,37200.8
2020,Tasmania,Persons,Part-time,With leave entitlements,40502.8
2021,Tasmania,Persons,Part-time,With leave entitlements,40471.6
2022,Tasmania,Persons,Part-time,With leave entitlements,39525.2
2023,Tasmania,Persons,Part-time,With leave entitlements,45734.0
2024,Tasmania,Persons,Part-time,With leave entitlements,44980.0
2014,Tasmania,Persons,Part-time,Without leave entitlements,15849.6
2015,Tasmania,Persons,Part-time,Without leave entitlements,13759.2
2016,Tasmania,Persons,Part-time,Without leave entitlements,17128.8
2017,Tasmania,Persons,Part-time,Without leave entitlements,15600.0
2018,Tasmania,Persons,Part-time,Without leave entitlements,19500.0
2019,Tasmania,Persons,Part-time,Without leave entitlements,20800.0
2020,Tasmania,Persons,Part-time,Without leave entitlements,25168.0
2021,Tasmania,Persons,Part-time,Without leave entitlements,20800.0
2022,Tasmania,Persons,Part-time,Without leave entitlements,20800.0
2023,Tasmania,Persons,Part-time,Without leave entitlements,23712.0
2024,Tasmania,Persons,Part-time,Without leave entitlements,22141.6
2014,Tasmania,Persons,Total,Total,44865.6
2015,Tasmania,Persons,Total,Total,45760.0
2016,Tasmania,Persons,Total,Total,46800.0
2017,Tasmania,Persons,Total,Total,49400.0
2018,Tasmania,Persons,Total,Total,50648.0
2019,Tasmania,Persons,Total,Total,52000.0
2020,Tasmania,Persons,Total,Total,52000.0
2021,Tasmania,Persons,Total,Total,52457.6
2022,Tasmania,Persons,Total,Total,56466.8
2023,Tasmania,Persons,Total,Total,62717.2
2024,Tasmania,Persons,Total,Total,62816.0
2014,Tasmania,Persons,Total,With leave entitlements,52000.0
2015,Tasmania,Persons,Total,With leave entitlements,52000.0
2016,Tasmania,Persons,Total,With leave entitlements,52265.2
2017,Tasmania,Persons,Total,With leave entitlements,54808.0
2018,Tasmania,Persons,Total,With leave entitlements,57200.0
2019,Tasmania,Persons,Total,With leave entitlements,62082.8
2020,Tasmania,Persons,Total,With leave entitlements,60621.6
2021,Tasmania,Persons,Total,With leave entitlements,61880.0
2022,Tasmania,Persons,Total,With leave entitlements,62930.4
2023,Tasmania,Persons,Total,With leave entitlements,69997.2
2024,Tasmania,Persons,Total,With leave entitlements,69388.8
2014,Tasmania,Persons,Total,Without leave entitlements,20800.0
2015,Tasmania,Persons,Total,Without leave entitlements,20098.0
2016,Tasmania,Persons,Total,Without leave entitlements,23072.4
2017,Tasmania,Persons,Total,Without leave entitlements,23400.0
2018,Tasmania,Persons,Total,Without leave entitlements,25766.0
2019,Tasmania,Persons,Total,Without leave entitlements,26000.0
2020,Tasmania,Persons,Total,Without leave entitlements,30815.2
2021,Tasmania,Persons,Total,Without leave entitlements,26494.0
2022,Tasmania,Persons,Total,Without leave entitlements,29426.8
2023,Tasmania,Persons,Total,Without leave entitlements,31200.0
2024,Tasmania,Persons,Total,Without leave entitlements,28589.6
2014,Victoria,Females,Full-time,Total,54704.0
2015,Victoria,Females,Full-time,Total,57200.0
2016,Victoria,Females,Full-time,Total,59264.4
2017,Victoria,Females,Full-time,Total,61115.6
2018,Victoria,Females,Full-time,Total,62400.0
2019,Victoria,Females,Full-time,Total,65000.0
2020,Victoria,Females,Full-time,Total,69784.0
2021,Victoria,Females,Full-time,Total,71760.0
2022,Victoria,Females,Full-time,Total,77459.2
2023,Victoria,Females,Full-time,Total,78000.0
2024,Victoria,Females,Full-time,Total,83200.0
2014,Victoria,Females,Full-time,With leave entitlements,55900.0
2015,Victoria,Females,Full-time,With leave entitlements,57288.4
2016,Victoria,Females,Full-time,With leave entitlements,60346.0
2017,Victoria,Females,Full-time,With leave entitlements,62400.0
2018,Victoria,Females,Full-time,With leave entitlements,64958.4
2019,Victoria,Females,Full-time,With leave entitlements,67600.0
2020,Victoria,Females,Full-time,With leave entitlements,71354.40000000001
2021,Victoria,Females,Full-time,With leave entitlements,73257.59999999999
2022,Victoria,Females,Full-time,With leave entitlements,78000.0
2023,Victoria,Females,Full-time,With leave entitlements,78000.0
2024,Victoria,Females,Full-time,With leave entitlements,84370.0
2014,Victoria,Females,Full-time,Without leave entitlements,46789.6
2015,Victoria,Females,Full-time,Without leave entitlements,46768.8
2016,Victoria,Females,Full-time,Without leave entitlements,43732.0
2017,Victoria,Females,Full-time,Without leave entitlements,46800.0
2018,Victoria,Females,Full-time,Without leave entitlements,47985.6
2019,Victoria,Females,Full-time,Without leave entitlements,49015.2
2020,Victoria,Females,Full-time,Without leave entitlements,49181.6
2021,Victoria,Females,Full-time,Without leave entitlements,54600.0
2022,Victoria,Females,Full-time,Without leave entitlements,57158.4
2023,Victoria,Females,Full-time,Without leave entitlements,59482.8
2024,Victoria,Females,Full-time,Without leave entitlements,69056.0
2014,Victoria,Females,Part-time,Total,24700.0
2015,Victoria,Females,Part-time,Total,25168.0
2016,Victoria,Females,Part-time,Total,25370.8
2017,Victoria,Females,Part-time,Total,26842.4
2018,Victoria,Females,Part-time,Total,29702.4
2019,Victoria,Females,Part-time,Total,28106.0
2020,Victoria,Females,Part-time,Total,37424.4
2021,Victoria,Females,Part-time,Total,31772.0
2022,Victoria,Females,Part-time,Total,35048.0
2023,Victoria,Females,Part-time,Total,36400.0
2024,Victoria,Females,Part-time,Total,37242.4
2014,Victoria,Females,Part-time,With leave entitlements,31200.0
2015,Victoria,Females,Part-time,With leave entitlements,33800.0
2016,Victoria,Females,Part-time,With leave entitlements,33020.0
2017,Victoria,Females,Part-time,With leave entitlements,35261.200000000004
2018,Victoria,Females,Part-time,With leave entitlements,36400.0
2019,Victoria,Females,Part-time,With leave entitlements,36400.0
2020,Victoria,Females,Part-time,With leave entitlements,39000.0
2021,Victoria,Females,Part-time,With leave entitlements,39000.0
2022,Victoria,Females,Part-time,With leave entitlements,42796.0
2023,Victoria,Females,Part-time,With leave entitlements,45728.8
2024,Victoria,Females,Part-time,With leave entitlements,47013.2
2014,Victoria,Females,Part-time,Without leave entitlements,14040.0
2015,Victoria,Females,Part-time,Without leave entitlements,15600.0
2016,Victoria,Females,Part-time,Without leave entitlements,15298.4
2017,Victoria,Females,Part-time,Without leave entitlements,16094.0
2018,Victoria,Females,Part-time,Without leave entitlements,15600.0
2019,Victoria,Females,Part-time,Without leave entitlements,18200.0
2020,Victoria,Females,Part-time,Without leave entitlements,26000.0
2021,Victoria,Females,Part-time,Without leave entitlements,18200.0
2022,Victoria,Females,Part-time,Without leave entitlements,21642.4
2023,Victoria,Females,Part-time,Without leave entitlements,22635.6
2024,Victoria,Females,Part-time,Without leave entitlements,20748.0
2014,Victoria,Females,Total,Total,42640.0
2015,Victoria,Females,Total,Total,41600.0
2016,Victoria,Females,Total,Total,43191.2
2017,Victoria,Females,Total,Total,46670.0
2018,Victoria,Females,Total,Total,46800.0
2019,Victoria,Females,Total,Total,47840.0
2020,Victoria,Females,Total,Total,52000.0
2021,Victoria,Females,Total,Total,52000.0
2022,Victoria,Females,Total,Total,57408.0
2023,Victoria,Females,Total,Total,59800.0
2024,Victoria,Females,Total,Total,62400.0
2014,Victoria,Females,Total,With leave entitlements,48308.0
2015,Victoria,Females,Total,With leave entitlements,48760.4
2016,Victoria,Females,Total,With leave entitlements,51480.0
2017,Victoria,Females,Total,With leave entitlements,52000.0
2018,Victoria,Females,Total,With leave entitlements,53820.0
2019,Victoria,Females,Total,With leave entitlements,57200.0
2020,Victoria,Females,Total,With leave entitlements,58604.0
2021,Victoria,Females,Total,With leave entitlements,59800.0
2022,Victoria,Females,Total,With leave entitlements,65780.0
2023,Victoria,Females,Total,With leave entitlements,67600.0
2024,Victoria,Females,Total,With leave entitlements,71156.8
2014,Victoria,Females,Total,Without leave entitlements,16853.2
2015,Victoria,Females,Total,Without leave entitlements,18200.0
2016,Victoria,Females,Total,Without leave entitlements,18200.0
2017,Victoria,Females,Total,Without leave entitlements,20800.0
2018,Victoria,Females,Total,Without leave entitlements,21091.2
2019,Victoria,Females,Total,Without leave entitlements,21840.0
2020,Victoria,Females,Total,Without leave entitlements,30539.6
2021,Victoria,Females,Total,Without leave entitlements,21496.8
2022,Victoria,Females,Total,Without leave entitlements,28028.0
2023,Victoria,Females,Total,Without leave entitlements,26000.0
2024,Victoria,Females,Total,Without leave entitlements,23400.0
2014,Victoria,Males,Full-time,Total,65780.0
2015,Victoria,Males,Full-time,Total,65000.0
2016,Victoria,Males,Full-time,Total,67600.0
2017,Victoria,Males,Full-time,Total,69009.2
2018,Victoria,Males,Full-time,Total,72800.0
2019,Victoria,Males,Full-time,Total,73996.0
2020,Victoria,Males,Full-time,Total,78000.0
2021,Victoria,Males,Full-time,Total,78000.0
2022,Victoria,Males,Full-time,Total,81972.8
2023,Victoria,Males,Full-time,Total,88394.8
2024,Victoria,Males,Full-time,Total,94822.0
2014,Victoria,Males,Full-time,With leave entitlements,67600.0
2015,Victoria,Males,Full-time,With leave entitlements,67600.0
2016,Victoria,Males,Full-time,With leave entitlements,69784.0
2017,Victoria,Males,Full-time,With leave entitlements,71760.0
2018,Victoria,Males,Full-time,With leave entitlements,74183.2
2019,Victoria,Males,Full-time,With leave entitlements,75940.8
2020,Victoria,Males,Full-time,With leave entitlements,78000.0
2021,Victoria,Males,Full-time,With leave entitlements,81712.8
2022,Victoria,Males,Full-time,With leave entitlements,83720.0
2023,Victoria,Males,Full-time,With leave entitlements,90116.0
2024,Victoria,Males,Full-time,With leave entitlements,95732.0
2014,Victoria,Males,Full-time,Without leave entitlements,47840.0
2015,Victoria,Males,Full-time,Without leave entitlements,49400.0
2016,Victoria,Males,Full-time,Without leave entitlements,53887.6
2017,Victoria,Males,Full-time,Without leave entitlements,53159.6
2018,Victoria,Males,Full-time,Without leave entitlements,56919.2
2019,Victoria,Males,Full-time,Without leave entitlements,56628.0
2020,Victoria,Males,Full-time,Without leave entitlements,57647.2
2021,Victoria,Males,Full-time,Without leave entitlements,59867.6
2022,Victoria,Males,Full-time,Without leave entitlements,62400.0
2023,Victoria,Males,Full-time,Without leave entitlements,66040.0
2024,Victoria,Males,Full-time,Without leave entitlements,88400.0
2014,Victoria,Males,Part-time,Total,18512.0
2015,Victoria,Males,Part-time,Total,21741.2
2016,Victoria,Males,Part-time,Total,20800.0
2017,Victoria,Males,Part-time,Total,20800.0
2018,Victoria,Males,Part-time,Total,23545.6
2019,Victoria,Males,Part-time,Total,24960.0
2020,Victoria,Males,Part-time,Total,29182.4
2021,Victoria,Males,Part-time,Total,25859.6
2022,Victoria,Males,Part-time,Total,26416.0
2023,Victoria,Males,Part-time,Total,30648.8
2024,Victoria,Males,Part-time,Total,31200.0
2014,Victoria,Males,Part-time,With leave entitlements,27024.4
2015,Victoria,Males,Part-time,With leave entitlements,33576.4
2016,Victoria,Males,Part-time,With leave entitlements,28995.2
2017,Victoria,Males,Part-time,With leave entitlements,33779.200000000004
2018,Victoria,Males,Part-time,With leave entitlements,33170.8
2019,Victoria,Males,Part-time,With leave entitlements,36394.8
2020,Victoria,Males,Part-time,With leave entitlements,39000.0
2021,Victoria,Males,Part-time,With leave entitlements,37991.2
2022,Victoria,Males,Part-time,With leave entitlements,41766.4
2023,Victoria,Males,Part-time,With leave entitlements,38880.4
2024,Victoria,Males,Part-time,With leave entitlements,41522.0
2014,Victoria,Males,Part-time,Without leave entitlements,13442.0
2015,Victoria,Males,Part-time,Without leave entitlements,16900.0
2016,Victoria,Males,Part-time,Without leave entitlements,17160.0
2017,Victoria,Males,Part-time,Without leave entitlements,16364.4
2018,Victoria,Males,Part-time,Without leave entitlements,16260.4
2019,Victoria,Males,Part-time,Without leave entitlements,19500.0
2020,Victoria,Males,Part-time,Without leave entitlements,22880.0
2021,Victoria,Males,Part-time,Without leave entitlements,16489.2
2022,Victoria,Males,Part-time,Without leave entitlements,23400.0
2023,Victoria,Males,Part-time,Without leave entitlements,23400.0
2024,Victoria,Males,Part-time,Without leave entitlements,25521.6
2014,Victoria,Males,Total,Total,57200.0
2015,Victoria,Males,Total,Total,57200.0
2016,Victoria,Males,Total,Total,59800.0
2017,Victoria,Males,Total,Total,60710.0
2018,Victoria,Males,Total,Total,65000.0
2019,Victoria,Males,Total,Total,64443.6
2020,Victoria,Males,Total,Total,67600.0
2021,Victoria,Males,Total,Total,69784.0
2022,Victoria,Males,Total,Total,72800.0
2023,Victoria,Males,Total,Total,78000.0
2024,Victoria,Males,Total,Total,83200.0
2014,Victoria,Males,Total,With leave entitlements,65000.0
2015,Victoria,Males,Total,With leave entitlements,65000.0
2016,Victoria,Males,Total,With leave entitlements,66300.0
2017,Victoria,Males,Total,With leave entitlements,68395.59999999999
2018,Victoria,Males,Total,With leave entitlements,71760.0
2019,Victoria,Males,Total,With leave entitlements,71760.0
2020,Victoria,Males,Total,With leave entitlements,74776.0
2021,Victoria,Males,Total,With leave entitlements,78000.0
2022,Victoria,Males,Total,With leave entitlements,80709.2
2023,Victoria,Males,Total,With leave entitlements,85727.2
2024,Victoria,Males,Total,With leave entitlements,90864.8
2014,Victoria,Males,Total,Without leave entitlements,26000.0
2015,Victoria,Males,Total,Without leave entitlements,26000.0
2016,Victoria,Males,Total,Without leave entitlements,26878.8
2017,Victoria,Males,Total,Without leave entitlements,31200.0
2018,Victoria,Males,Total,Without leave entitlements,31200.0
2019,Victoria,Males,Total,Without leave entitlements,35048.0
2020,Victoria,Males,Total,Without leave entitlements,31200.0
2021,Victoria,Males,Total,Without leave entitlements,33592.0
2022,Victoria,Males,Total,Without leave entitlements,36400.0
2023,Victoria,Males,Total,Without leave entitlements,39000.0
2024,Victoria,Males,Total,Without leave entitlements,40237.6
2014,Victoria,Persons,Full-time,Total,61126.0
2015,Victoria,Persons,Full-time,Total,62348.0
2016,Victoria,Persons,Full-time,Total,64792.0
2017,Victoria,Persons,Full-time,Total,65000.0
2018,Victoria,Persons,Full-time,Total,67600.0
2019,Victoria,Persons,Full-time,Total,69784.0
2020,Victoria,Persons,Full-time,Total,74162.40000000001
2021,Victoria,Persons,Full-time,Total,76804.0
2022,Victoria,Persons,Full-time,Total,79315.59999999999
2023,Victoria,Persons,Full-time,Total,83200.0
2024,Victoria,Persons,Full-time,Total,89908.0
2014,Victoria,Persons,Full-time,With leave entitlements,62400.0
2015,Victoria,Persons,Full-time,With leave entitlements,62847.2
2016,Victoria,Persons,Full-time,With leave entitlements,65000.0
2017,Victoria,Persons,Full-time,With leave entitlements,67600.0
2018,Victoria,Persons,Full-time,With leave entitlements,69784.0
2019,Victoria,Persons,Full-time,With leave entitlements,71760.0
2020,Victoria,Persons,Full-time,With leave entitlements,75530.0
2021,Victoria,Persons,Full-time,With leave entitlements,78000.0
2022,Victoria,Persons,Full-time,With leave entitlements,81468.40000000001
2023,Victoria,Persons,Full-time,With leave entitlements,84604.0
2024,Victoria,Persons,Full-time,With leave entitlements,90688.0
2014,Victoria,Persons,Full-time,Without leave entitlements,46800.0
2015,Victoria,Persons,Full-time,Without leave entitlements,48240.4
2016,Victoria,Persons,Full-time,Without leave entitlements,49192.0
2017,Victoria,Persons,Full-time,Without leave entitlements,52000.0
2018,Victoria,Persons,Full-time,Without leave entitlements,52000.0
2019,Victoria,Persons,Full-time,Without leave entitlements,52000.0
2020,Victoria,Persons,Full-time,Without leave entitlements,54256.8
2021,Victoria,Persons,Full-time,Without leave entitlements,59508.8
2022,Victoria,Persons,Full-time,Without leave entitlements,59800.0
2023,Victoria,Persons,Full-time,Without leave entitlements,64662.0
2024,Victoria,Persons,Full-time,Without leave entitlements,78000.0
2014,Victoria,Persons,Part-time,Total,22932.0
2015,Victoria,Persons,Part-time,Total,24481.6
2016,Victoria,Persons,Part-time,Total,23400.0
2017,Victoria,Persons,Part-time,Total,25116.0
2018,Victoria,Persons,Part-time,Total,28080.0
2019,Victoria,Persons,Part-time,Total,26676.0
2020,Victoria,Persons,Part-time,Total,35100.0
2021,Victoria,Persons,Part-time,Total,30674.8
2022,Victoria,Persons,Part-time,Total,31824.0
2023,Victoria,Persons,Part-time,Total,34320.0
2024,Victoria,Persons,Part-time,Total,35594.0
2014,Victoria,Persons,Part-time,With leave entitlements,31044.0
2015,Victoria,Persons,Part-time,With leave entitlements,33800.0
2016,Victoria,Persons,Part-time,With leave entitlements,32500.0
2017,Victoria,Persons,Part-time,With leave entitlements,35100.0
2018,Victoria,Persons,Part-time,With leave entitlements,36400.0
2019,Victoria,Persons,Part-time,With leave entitlements,36400.0
2020,Victoria,Persons,Part-time,With leave entitlements,39000.0
2021,Victoria,Persons,Part-time,With leave entitlements,39000.0
2022,Victoria,Persons,Part-time,With leave entitlements,42359.2
2023,Victoria,Persons,Part-time,With leave entitlements,43550.0
2024,Victoria,Persons,Part-time,With leave entitlements,46800.0
2014,Victoria,Persons,Part-time,Without leave entitlements,14040.0
2015,Victoria,Persons,Part-time,Without leave entitlements,15600.0
2016,Victoria,Persons,Part-time,Without leave entitlements,15600.0
2017,Victoria,Persons,Part-time,Without leave entitlements,16120.0
2018,Victoria,Persons,Part-time,Without leave entitlements,15600.0
2019,Victoria,Persons,Part-time,Without leave entitlements,18720.0
2020,Victoria,Persons,Part-time,Without leave entitlements,24726.0
2021,Victoria,Persons,Part-time,Without leave entitlements,18137.6
2022,Victoria,Persons,Part-time,Without leave entitlements,22131.2
2023,Victoria,Persons,Part-time,Without leave entitlements,22880.0
2024,Victoria,Persons,Part-time,Without leave entitlements,20800.0
2014,Victoria,Persons,Total,Total,49400.0
2015,Victoria,Persons,Total,Total,49400.0
2016,Victoria,Persons,Total,Total,52000.0
2017,Victoria,Persons,Total,Total,52000.0
2018,Victoria,Persons,Total,Total,55650.4
2019,Victoria,Persons,Total,Total,55796.0
2020,Victoria,Persons,Total,Total,59800.0
2021,Victoria,Persons,Total,Total,61443.2
2022,Victoria,Persons,Total,Total,65000.0
2023,Victoria,Persons,Total,Total,67407.59999999999
2024,Victoria,Persons,Total,Total,72800.0
2014,Victoria,Persons,Total,With leave entitlements,55068.0
2015,Victoria,Persons,Total,With leave entitlements,56113.2
2016,Victoria,Persons,Total,With leave entitlements,58500.0
2017,Victoria,Persons,Total,With leave entitlements,59800.0
2018,Victoria,Persons,Total,With leave entitlements,62400.0
2019,Victoria,Persons,Total,With leave entitlements,62920.0
2020,Victoria,Persons,Total,With leave entitlements,66560.0
2021,Victoria,Persons,Total,With leave entitlements,69066.40000000001
2022,Victoria,Persons,Total,With leave entitlements,74562.8
2023,Victoria,Persons,Total,With leave entitlements,76752.0
2024,Victoria,Persons,Total,With leave entitlements,80964.0
2014,Victoria,Persons,Total,Without leave entitlements,20020.0
2015,Victoria,Persons,Total,Without leave entitlements,20800.0
2016,Victoria,Persons,Total,Without leave entitlements,21320.0
2017,Victoria,Persons,Total,Without leave entitlements,24164.4
2018,Victoria,Persons,Total,Without leave entitlements,25360.4
2019,Victoria,Persons,Total,Without leave entitlements,26000.0
2020,Victoria,Persons,Total,Without leave entitlements,30955.6
2021,Victoria,Persons,Total,Without leave entitlements,26000.0
2022,Victoria,Persons,Total,Without leave entitlements,31200.0
2023,Victoria,Persons,Total,Without leave entitlements,31200.0
2024,Victoria,Persons,Total,Without leave entitlements,30466.8
2014,Western Australia,Females,Full-time,Total,62400.0
2015,Western Australia,Females,Full-time,Total,62296.0
2016,Western Australia,Females,Full-time,Total,63700.0
2017,Western Australia,Females,Full-time,Total,65000.0
2018,Western Australia,Females,Full-time,Total,65098.8
2019,Western Australia,Females,Full-time,Total,67600.0
2020,Western Australia,Females,Full-time,Total,74776.0
2021,Western Australia,Females,Full-time,Total,71770.40000000001
2022,Western Australia,Females,Full-time,Total,72800.0
2023,Western Australia,Females,Full-time,Total,78000.0
2024,Western Australia,Females,Full-time,Total,81380.0
2014,Western Australia,Females,Full-time,With leave entitlements,62400.0
2015,Western Australia,Females,Full-time,With leave entitlements,62400.0
2016,Western Australia,Females,Full-time,With leave entitlements,64989.6
2017,Western Australia,Females,Full-time,With leave entitlements,67215.2
2018,Western Australia,Females,Full-time,With leave entitlements,66300.0
2019,Western Australia,Females,Full-time,With leave entitlements,68042.0
2020,Western Australia,Females,Full-time,With leave entitlements,76856.0
2021,Western Australia,Females,Full-time,With leave entitlements,72800.0
2022,Western Australia,Females,Full-time,With leave entitlements,74100.0
2023,Western Australia,Females,Full-time,With leave entitlements,78655.2
2024,Western Australia,Females,Full-time,With leave entitlements,82357.59999999999
2014,Western Australia,Females,Full-time,Without leave entitlements,52260.0
2015,Western Australia,Females,Full-time,Without leave entitlements,45271.2
2016,Western Australia,Females,Full-time,Without leave entitlements,46025.2
2017,Western Australia,Females,Full-time,Without leave entitlements,46165.6
2018,Western Australia,Females,Full-time,Without leave entitlements,52072.8
2019,Western Australia,Females,Full-time,Without leave entitlements,50398.4
2020,Western Australia,Females,Full-time,Without leave entitlements,44158.4
2021,Western Australia,Females,Full-time,Without leave entitlements,62400.0
2022,Western Australia,Females,Full-time,Without leave entitlements,60002.8
2023,Western Australia,Females,Full-time,Without leave entitlements,57142.8
2024,Western Australia,Females,Full-time,Without leave entitlements,65566.8
2014,Western Australia,Females,Part-time,Total,26000.0
2015,Western Australia,Females,Part-time,Total,26000.0
2016,Western Australia,Females,Part-time,Total,26275.6
2017,Western Australia,Females,Part-time,Total,27300.0
2018,Western Australia,Females,Part-time,Total,28080.0
2019,Western Australia,Females,Part-time,Total,31200.0
2020,Western Australia,Females,Part-time,Total,36852.4
2021,Western Australia,Females,Part-time,Total,31200.0
2022,Western Australia,Females,Part-time,Total,32354.4
2023,Western Australia,Females,Part-time,Total,35427.6
2024,Western Australia,Females,Part-time,Total,38766.0
2014,Western Australia,Females,Part-time,With leave entitlements,32000.8
2015,Western Australia,Females,Part-time,With leave entitlements,34949.200000000004
2016,Western Australia,Females,Part-time,With leave entitlements,35880.0
2017,Western Australia,Females,Part-time,With leave entitlements,35890.4
2018,Western Australia,Females,Part-time,With leave entitlements,35453.6
2019,Western Australia,Females,Part-time,With leave entitlements,37440.0
2020,Western Australia,Females,Part-time,With leave entitlements,39707.2
2021,Western Australia,Females,Part-time,With leave entitlements,39000.0
2022,Western Australia,Females,Part-time,With leave entitlements,41600.0
2023,Western Australia,Females,Part-time,With leave entitlements,42988.4
2024,Western Australia,Females,Part-time,With leave entitlements,48360.0
2014,Western Australia,Females,Part-time,Without leave entitlements,17877.600000000002
2015,Western Australia,Females,Part-time,Without leave entitlements,16099.2
2016,Western Australia,Females,Part-time,Without leave entitlements,16484.0
2017,Western Australia,Females,Part-time,Without leave entitlements,19796.4
2018,Western Australia,Females,Part-time,Without leave entitlements,18538.0
2019,Western Australia,Females,Part-time,Without leave entitlements,21871.2
2020,Western Australia,Females,Part-time,Without leave entitlements,26000.0
2021,Western Australia,Females,Part-time,Without leave entitlements,20066.8
2022,Western Australia,Females,Part-time,Without leave entitlements,21840.0
2023,Western Australia,Females,Part-time,Without leave entitlements,26000.0
2024,Western Australia,Females,Part-time,Without leave entitlements,20800.0
2014,Western Australia,Females,Total,Total,44200.0
2015,Western Australia,Females,Total,Total,44304.0
2016,Western Australia,Females,Total,Total,45609.2
2017,Western Australia,Females,Total,Total,45104.8
2018,Western Australia,Females,Total,Total,48053.2
2019,Western Australia,Females,Total,Total,49972.0
2020,Western Australia,Females,Total,Total,49400.0
2021,Western Australia,Females,Total,Total,52000.0
2022,Western Australia,Females,Total,Total,54600.0
2023,Western Australia,Females,Total,Total,57200.0
2024,Western Australia,Females,Total,Total,62400.0
2014,Western Australia,Females,Total,With leave entitlements,52000.0
2015,Western Australia,Females,Total,With leave entitlements,52000.0
2016,Western Australia,Females,Total,With leave entitlements,54652.0
2017,Western Australia,Females,Total,With leave entitlements,54600.0
2018,Western Australia,Females,Total,With leave entitlements,54839.2
2019,Western Australia,Females,Total,With leave entitlements,57855.2
2020,Western Australia,Females,Total,With leave entitlements,59956.0
2021,Western Australia,Females,Total,With leave entitlements,59800.0
2022,Western Australia,Females,Total,With leave entitlements,64792.0
2023,Western Australia,Females,Total,With leave entitlements,66596.40000000001
2024,Western Australia,Females,Total,With leave entitlements,71760.0
2014,Western Australia,Females,Total,Without leave entitlements,22786.4
2015,Western Australia,Females,Total,Without leave entitlements,21054.8
2016,Western Australia,Females,Total,Without leave entitlements,20800.0
2017,Western Australia,Females,Total,Without leave entitlements,23400.0
2018,Western Australia,Females,Total,Without leave entitlements,22365.2
2019,Western Australia,Females,Total,Without leave entitlements,26343.2
2020,Western Australia,Females,Total,Without leave entitlements,29499.6
2021,Western Australia,Females,Total,Without leave entitlements,23400.0
2022,Western Australia,Females,Total,Without leave entitlements,28418.0
2023,Western Australia,Females,Total,Without leave entitlements,28672.8
2024,Western Australia,Females,Total,Without leave entitlements,27575.6
2014,Western Australia,Males,Full-time,Total,81120.0
2015,Western Australia,Males,Full-time,Total,77740.0
2016,Western Australia,Males,Full-time,Total,78000.0
2017,Western Australia,Males,Full-time,Total,78384.8
2018,Western Australia,Males,Full-time,Total,83200.0
2019,Western Australia,Males,Full-time,Total,86632.0
2020,Western Australia,Males,Full-time,Total,93600.0
2021,Western Australia,Males,Full-time,Total,91873.6
2022,Western Australia,Males,Full-time,Total,99569.6
2023,Western Australia,Males,Full-time,Total,95732.0
2024,Western Australia,Males,Full-time,Total,106652.0
2014,Western Australia,Males,Full-time,With leave entitlements,83200.0
2015,Western Australia,Males,Full-time,With leave entitlements,78000.0
2016,Western Australia,Males,Full-time,With leave entitlements,79768.0
2017,Western Australia,Males,Full-time,With leave entitlements,83080.40000000001
2018,Western Australia,Males,Full-time,With leave entitlements,83200.0
2019,Western Australia,Males,Full-time,With leave entitlements,89611.59999999999
2020,Western Australia,Males,Full-time,With leave entitlements,94692.0
2021,Western Australia,Males,Full-time,With leave entitlements,92378.0
2022,Western Australia,Males,Full-time,With leave entitlements,100989.2
2023,Western Australia,Males,Full-time,With leave entitlements,97406.4
2024,Western Australia,Males,Full-time,With leave entitlements,107692.0
2014,Western Australia,Males,Full-time,Without leave entitlements,67974.40000000001
2015,Western Australia,Males,Full-time,Without leave entitlements,65338.0
2016,Western Australia,Males,Full-time,Without leave entitlements,62400.0
2017,Western Australia,Males,Full-time,Without leave entitlements,62400.0
2018,Western Australia,Males,Full-time,Without leave entitlements,79289.59999999999
2019,Western Australia,Males,Full-time,Without leave entitlements,71463.59999999999
2020,Western Australia,Males,Full-time,Without leave entitlements,81770.0
2021,Western Australia,Males,Full-time,Without leave entitlements,90225.2
2022,Western Australia,Males,Full-time,Without leave entitlements,77459.2
2023,Western Australia,Males,Full-time,Without leave entitlements,87906.0
2024,Western Australia,Males,Full-time,Without leave entitlements,103958.4
2014,Western Australia,Males,Part-time,Total,21569.6
2015,Western Australia,Males,Part-time,Total,20633.6
2016,Western Australia,Males,Part-time,Total,20800.0
2017,Western Australia,Males,Part-time,Total,19916.0
2018,Western Australia,Males,Part-time,Total,25984.4
2019,Western Australia,Males,Part-time,Total,25771.2
2020,Western Australia,Males,Part-time,Total,28584.4
2021,Western Australia,Males,Part-time,Total,26000.0
2022,Western Australia,Males,Part-time,Total,26000.0
2023,Western Australia,Males,Part-time,Total,29624.4
2024,Western Australia,Males,Part-time,Total,31600.4
2014,Western Australia,Males,Part-time,With leave entitlements,27445.6
2015,Western Australia,Males,Part-time,With leave entitlements,30560.4
2016,Western Australia,Males,Part-time,With leave entitlements,31200.0
2017,Western Australia,Males,Part-time,With leave entitlements,31200.0
2018,Western Australia,Males,Part-time,With leave entitlements,42120.0
2019,Western Australia,Males,Part-time,With leave entitlements,31756.4
2020,Western Australia,Males,Part-time,With leave entitlements,36400.0
2021,Western Australia,Males,Part-time,With leave entitlements,38854.4
2022,Western Australia,Males,Part-time,With leave entitlements,40409.2
2023,Western Australia,Males,Part-time,With leave entitlements,43331.6
2024,Western Australia,Males,Part-time,With leave entitlements,41745.6
2014,Western Australia,Males,Part-time,Without leave entitlements,18220.8
2015,Western Australia,Males,Part-time,Without leave entitlements,15600.0
2016,Western Australia,Males,Part-time,Without leave entitlements,15600.0
2017,Western Australia,Males,Part-time,Without leave entitlements,15600.0
2018,Western Australia,Males,Part-time,Without leave entitlements,18735.6
2019,Western Australia,Males,Part-time,Without leave entitlements,20389.2
2020,Western Australia,Males,Part-time,Without leave entitlements,23400.0
2021,Western Australia,Males,Part-time,Without leave entitlements,18824.0
2022,Western Australia,Males,Part-time,Without leave entitlements,17654.0
2023,Western Australia,Males,Part-time,Without leave entitlements,24960.0
2024,Western Australia,Males,Part-time,Without leave entitlements,28522.0
2014,Western Australia,Males,Total,Total,74120.8
2015,Western Australia,Males,Total,Total,69316.0
2016,Western Australia,Males,Total,Total,67953.59999999999
2017,Western Australia,Males,Total,Total,71645.59999999999
2018,Western Australia,Males,Total,Total,74796.8
2019,Western Australia,Males,Total,Total,78000.0
2020,Western Australia,Males,Total,Total,82841.2
2021,Western Australia,Males,Total,Total,79955.2
2022,Western Australia,Males,Total,Total,85800.0
2023,Western Australia,Males,Total,Total,85311.2
2024,Western Australia,Males,Total,Total,96298.8
2014,Western Australia,Males,Total,With leave entitlements,78000.0
2015,Western Australia,Males,Total,With leave entitlements,75400.0
2016,Western Australia,Males,Total,With leave entitlements,78000.0
2017,Western Australia,Males,Total,With leave entitlements,78000.0
2018,Western Australia,Males,Total,With leave entitlements,81380.0
2019,Western Australia,Males,Total,With leave entitlements,85800.0
2020,Western Australia,Males,Total,With leave entitlements,91000.0
2021,Western Australia,Males,Total,With leave entitlements,85753.2
2022,Western Australia,Males,Total,With leave entitlements,95102.8
2023,Western Australia,Males,Total,With leave entitlements,93600.0
2024,Western Australia,Males,Total,With leave entitlements,104000.0
2014,Western Australia,Males,Total,Without leave entitlements,41600.0
2015,Western Australia,Males,Total,Without leave entitlements,39000.0
2016,Western Australia,Males,Total,Without leave entitlements,35786.4
2017,Western Australia,Males,Total,Without leave entitlements,30305.6
2018,Western Australia,Males,Total,Without leave entitlements,39000.0
2019,Western Australia,Males,Total,Without leave entitlements,46800.0
2020,Western Australia,Males,Total,Without leave entitlements,48708.4
2021,Western Australia,Males,Total,Without leave entitlements,44007.6
2022,Western Australia,Males,Total,Without leave entitlements,48765.6
2023,Western Australia,Males,Total,Without leave entitlements,45468.8
2024,Western Australia,Males,Total,Without leave entitlements,54906.8
2014,Western Australia,Persons,Full-time,Total,72800.0
2015,Western Australia,Persons,Full-time,Total,70200.0
2016,Western Australia,Persons,Full-time,Total,71760.0
2017,Western Australia,Persons,Full-time,Total,73616.40000000001
2018,Western Australia,Persons,Full-time,Total,76949.59999999999
2019,Western Australia,Persons,Full-time,Total,78000.0
2020,Western Australia,Persons,Full-time,Total,84968.0
2021,Western Australia,Persons,Full-time,Total,80860.0
2022,Western Australia,Persons,Full-time,Total,85748.0
2023,Western Australia,Persons,Full-time,Total,88400.0
2024,Western Australia,Persons,Full-time,Total,95784.0
2014,Western Australia,Persons,Full-time,With leave entitlements,74776.0
2015,Western Australia,Persons,Full-time,With leave entitlements,71760.0
2016,Western Australia,Persons,Full-time,With leave entitlements,72914.40000000001
2017,Western Australia,Persons,Full-time,With leave entitlements,76008.40000000001
2018,Western Australia,Persons,Full-time,With leave entitlements,77740.0
2019,Western Australia,Persons,Full-time,With leave entitlements,79768.0
2020,Western Australia,Persons,Full-time,With leave entitlements,85800.0
2021,Western Australia,Persons,Full-time,With leave entitlements,81744.0
2022,Western Australia,Persons,Full-time,With leave entitlements,87682.40000000001
2023,Western Australia,Persons,Full-time,With leave entitlements,89752.0
2024,Western Australia,Persons,Full-time,With leave entitlements,96200.0
2014,Western Australia,Persons,Full-time,Without leave entitlements,64719.2
2015,Western Australia,Persons,Full-time,Without leave entitlements,62400.0
2016,Western Australia,Persons,Full-time,Without leave entitlements,55832.4
2017,Western Australia,Persons,Full-time,Without leave entitlements,57319.6
2018,Western Australia,Persons,Full-time,Without leave entitlements,70200.0
2019,Western Australia,Persons,Full-time,Without leave entitlements,62821.2
2020,Western Australia,Persons,Full-time,Without leave entitlements,68894.8
2021,Western Australia,Persons,Full-time,Without leave entitlements,75920.0
2022,Western Australia,Persons,Full-time,Without leave entitlements,71916.0
2023,Western Australia,Persons,Full-time,Without leave entitlements,78000.0
2024,Western Australia,Persons,Full-time,Without leave entitlements,90204.4
2014,Western Australia,Persons,Part-time,Total,24954.8
2015,Western Australia,Persons,Part-time,Total,24960.0
2016,Western Australia,Persons,Part-time,Total,25807.6
2017,Western Australia,Persons,Part-time,Total,26000.0
2018,Western Australia,Persons,Part-time,Total,27144.0
2019,Western Australia,Persons,Part-time,Total,29900.0
2020,Western Australia,Persons,Part-time,Total,35110.4
2021,Western Australia,Persons,Part-time,Total,31200.0
2022,Western Australia,Persons,Part-time,Total,31200.0
2023,Western Australia,Persons,Part-time,Total,33800.0
2024,Western Australia,Persons,Part-time,Total,36400.0
2014,Western Australia,Persons,Part-time,With leave entitlements,31200.0
2015,Western Australia,Persons,Part-time,With leave entitlements,33789.6
2016,Western Australia,Persons,Part-time,With leave entitlements,34361.6
2017,Western Australia,Persons,Part-time,With leave entitlements,35198.8
2018,Western Australia,Persons,Part-time,With leave entitlements,36400.0
2019,Western Australia,Persons,Part-time,With leave entitlements,36566.4
2020,Western Australia,Persons,Part-time,With leave entitlements,39000.0
2021,Western Australia,Persons,Part-time,With leave entitlements,39000.0
2022,Western Australia,Persons,Part-time,With leave entitlements,41568.8
2023,Western Australia,Persons,Part-time,With leave entitlements,43134.0
2024,Western Australia,Persons,Part-time,With leave entitlements,46800.0
2014,Western Australia,Persons,Part-time,Without leave entitlements,18044.0
2015,Western Australia,Persons,Part-time,Without leave entitlements,15600.0
2016,Western Australia,Persons,Part-time,Without leave entitlements,16286.4
2017,Western Australia,Persons,Part-time,Without leave entitlements,18200.0
2018,Western Australia,Persons,Part-time,Without leave entitlements,18699.2
2019,Western Australia,Persons,Part-time,Without leave entitlements,20800.0
2020,Western Australia,Persons,Part-time,Without leave entitlements,25230.4
2021,Western Australia,Persons,Part-time,Without leave entitlements,20020.0
2022,Western Australia,Persons,Part-time,Without leave entitlements,20800.0
2023,Western Australia,Persons,Part-time,Without leave entitlements,25272.0
2024,Western Australia,Persons,Part-time,Without leave entitlements,22833.2
2014,Western Australia,Persons,Total,Total,58708.0
2015,Western Australia,Persons,Total,Total,56576.0
2016,Western Australia,Persons,Total,Total,57200.0
2017,Western Australia,Persons,Total,Total,57200.0
2018,Western Australia,Persons,Total,Total,60132.8
2019,Western Australia,Persons,Total,Total,62400.0
2020,Western Australia,Persons,Total,Total,65000.0
2021,Western Australia,Persons,Total,Total,64318.8
2022,Western Australia,Persons,Total,Total,67646.8
2023,Western Australia,Persons,Total,Total,68759.59999999999
2024,Western Australia,Persons,Total,Total,78000.0
2014,Western Australia,Persons,Total,With leave entitlements,65000.0
2015,Western Australia,Persons,Total,With leave entitlements,64979.2
2016,Western Australia,Persons,Total,With leave entitlements,65000.0
2017,Western Australia,Persons,Total,With leave entitlements,67600.0
2018,Western Australia,Persons,Total,With leave entitlements,67600.0
2019,Western Australia,Persons,Total,With leave entitlements,70200.0
2020,Western Australia,Persons,Total,With leave entitlements,75400.0
2021,Western Australia,Persons,Total,With leave entitlements,71760.0
2022,Western Australia,Persons,Total,With leave entitlements,78000.0
2023,Western Australia,Persons,Total,With leave entitlements,78551.2
2024,Western Australia,Persons,Total,With leave entitlements,84926.40000000001
2014,Western Australia,Persons,Total,Without leave entitlements,26405.6
2015,Western Australia,Persons,Total,Without leave entitlements,26000.0
2016,Western Australia,Persons,Total,Without leave entitlements,26000.0
2017,Western Australia,Persons,Total,Without leave entitlements,26000.0
2018,Western Australia,Persons,Total,Without leave entitlements,27066.0
2019,Western Australia,Persons,Total,Without leave entitlements,32687.2
2020,Western Australia,Persons,Total,Without leave entitlements,36400.0
2021,Western Australia,Persons,Total,Without leave entitlements,29120.0
2022,Western Australia,Persons,Total,Without leave entitlements,33696.0
2023,Western Australia,Persons,Total,Without leave entitlements,33800.0
2024,Western Australia,Persons,Total,Without leave entitlements,38506.0
