brand,model,year,bodytype_std,transmission,drive_type,fuel_type,fuel_consumption_l_per_100km,cyl_n,doors_n,seats_n,price
Abarth,595,2021,Hatchback,Manual,FRONT,Premium,6,4,3,4,36990
Abarth,595,2021,Hatchback,Automatic,FRONT,Premium,5.8,4,3,4,37990
Abarth,695,2022,Hatchback,-,OTHER,-,NA,NA,NA,NA,44824
Alfa,Romeo,2014,Hatchback,Manual,FRONT,Premium,5.8,4,5,5,12995
Alfa,Romeo,2014,Hatchback,Manual,FRONT,Premium,5.6,4,3,5,10692
Alfa,Romeo,2014,Hatchback,Automatic,FRONT,Premium,5.5,4,3,5,8999
Alfa,Romeo,2015,Hatchback,Automatic,FRONT,Premium,7,4,5,5,22880
Alfa,Romeo,2015,Hatchback,Automatic,FRONT,Premium,7,4,5,5,24995
Alfa,Romeo,2015,Hatchback,Automatic,FRONT,Premium,7,4,5,5,15800
Alfa,Romeo,2017,Hatchback,Automatic,FRONT,Premium,6.8,4,5,5,28999
Alfa,Romeo,2019,SUV,Automatic,AWD,Premium,10.2,6,4,5,91990
Alfa,Romeo,2021,SUV,Automatic,AWD,Premium,7,4,4,5,76830
Audi,A5,2014,Coupe,Automatic,AWD,Premium,6.7,4,2,4,27380
Audi,Q7,2014,SUV,Automatic,AWD,Diesel,9.2,8,4,7,28999
Audi,Q3,2014,SUV,Automatic,AWD,Diesel,5.9,4,4,5,27995
Audi,Q5,2014,Wagon,Automatic,OTHER,Unleaded,NA,NA,NA,NA,19999
Audi,Q5,2014,Wagon,Automatic,OTHER,Diesel,NA,NA,NA,NA,23990
Audi,A1,2014,Hatchback,Automatic,FRONT,Premium,5.3,4,5,5,15683
Audi,Q7,2014,SUV,Automatic,AWD,Diesel,7.4,6,4,7,24880
Audi,Q7,2014,SUV,Automatic,AWD,Diesel,7.4,6,4,7,21995
Audi,Rs,2014,SUV,Automatic,AWD,Premium,8.8,5,4,5,45950
Audi,S3,2014,Hatchback,Automatic,AWD,Premium,6.9,4,5,5,32800
Audi,Q3,2014,SUV,Automatic,AWD,Diesel,5.8,4,4,5,25990
Audi,Sq5,2014,SUV,Automatic,AWD,Diesel,6.8,6,5,5,39990
Audi,A1,2014,Hatchback,Automatic,FRONT,Premium,5.3,4,5,5,18999
Audi,A3,2014,Convertible,Automatic,FRONT,Premium,4.9,4,2,4,19990
Audi,Q7,2014,SUV,Automatic,AWD,Diesel,7.4,6,4,7,39990
Audi,Rs,2014,SUV,Automatic,AWD,Premium,8.8,5,4,5,47990
Audi,Q3,2014,SUV,Automatic,AWD,Premium,7.7,4,4,5,21990
Audi,Q5,2014,SUV,Automatic,AWD,Premium,7.9,4,4,5,22995
Audi,A3,2014,Convertible,Automatic,FRONT,Premium,5.8,4,2,4,24888
Audi,A4,2014,Sedan,Automatic,AWD,Premium,7,4,4,5,20888
Audi,Sq5,2014,SUV,Automatic,AWD,Diesel,6.8,6,5,5,43999
Audi,A6,2014,Sedan,Automatic,FRONT,Diesel,5,4,4,5,20500
Audi,Q7,2014,SUV,Automatic,AWD,Diesel,7.4,6,4,7,28980
Audi,A3,2014,Sedan,Automatic,FRONT,Premium,4.7,4,4,5,22990
Audi,Q5,2014,SUV,Automatic,AWD,Premium,7.9,4,4,5,17300
Audi,Q5,2014,SUV,Automatic,AWD,Diesel,6.4,6,4,5,23987
Audi,A1,2014,Hatchback,Automatic,FRONT,Premium,5.3,4,5,5,12990
Audi,A3,2014,Sedan,Automatic,FRONT,Premium,4.7,4,4,5,25900
Audi,A3,2014,Hatchback,Automatic,FRONT,Premium,4.9,4,5,5,18999
Audi,Rs,2014,SUV,Automatic,AWD,Premium,8.8,5,4,5,40990
Audi,A5,2015,Coupe,Automatic,AWD,Premium,6.7,4,2,4,26880
Audi,A1,2015,Hatchback,Automatic,OTHER,Unleaded,NA,NA,NA,NA,17999
Audi,S3,2015,Sedan,Automatic,AWD,Premium,6.9,4,4,5,33990
Audi,Tt,2015,Convertible,Automatic,AWD,Premium,6.9,4,2,4,49990
Audi,Q7,2015,Wagon,Automatic,OTHER,Diesel,NA,NA,NA,NA,34950
Audi,A3,2015,Convertible,Automatic,FRONT,Premium,4.9,4,2,4,16990
Audi,Rs6,2015,Wagon,Automatic,AWD,Premium,9.8,8,4,5,130000
Audi,Q7,2015,SUV,Automatic,AWD,Diesel,5.9,6,4,7,41950
Audi,A3,2015,Sedan,Automatic,FRONT,Premium,5.6,4,4,5,18990
Audi,Q5,2015,SUV,Automatic,AWD,Premium,7.9,4,4,5,26800
Audi,S3,2015,Sedan,Automatic,AWD,Premium,6.9,4,4,5,43800
Audi,A1,2015,Hatchback,Automatic,FRONT,Premium,5.9,4,5,4,21990
Audi,Q5,2015,SUV,Automatic,AWD,Diesel,6.1,4,4,5,18999
Audi,Q5,2015,SUV,Automatic,AWD,Diesel,6.4,6,4,5,29830
Audi,A6,2015,Sedan,Automatic,FRONT,Premium,5.7,4,4,5,25990
Audi,A6,2015,Sedan,Automatic,FRONT,Premium,5.7,4,4,5,24990
Audi,Q7,2015,SUV,Automatic,AWD,Diesel,7.4,6,4,7,29990
Audi,Q3,2015,SUV,Automatic,FRONT,Premium,5.9,4,4,5,16890
Audi,Q3,2015,SUV,Automatic,FRONT,Premium,5.9,4,4,5,20995
Audi,Sq5,2015,SUV,Automatic,AWD,Diesel,6.8,6,5,5,29800
Audi,A5,2015,Hatchback,Automatic,FRONT,Premium,5.9,4,5,4,24990
Audi,S3,2015,Hatchback,Automatic,AWD,Premium,6.9,4,5,5,31932
Audi,Q3,2015,SUV,Automatic,AWD,Diesel,5.2,4,4,5,21650
Audi,Tt,2015,Coupe,Automatic,AWD,Premium,6.8,4,2,4,50985
Audi,A5,2015,Hatchback,Automatic,AWD,Premium,7,4,5,4,39999
Audi,Q7,2015,SUV,Automatic,AWD,Diesel,5.9,6,4,7,49990
Audi,Q3,2015,SUV,Automatic,AWD,Diesel,5.2,4,4,5,21999
Audi,A5,2015,Coupe,Automatic,OTHER,Premium,NA,NA,NA,NA,33500
Audi,S3,2015,Sedan,Automatic,AWD,Premium,6.9,4,4,5,39990
Audi,A3,2015,Convertible,Automatic,FRONT,Premium,5.8,4,2,4,27988
Audi,A6,2015,Sedan,Automatic,AWD,Diesel,6.1,6,4,5,39888
Audi,Q3,2015,SUV,Automatic,AWD,Premium,7.7,4,4,5,19990
Audi,A3,2015,Convertible,Automatic,AWD,Premium,6.6,4,2,4,31888
Audi,Q5,2015,SUV,Automatic,AWD,Premium,7.9,4,4,5,37990
Audi,Q5,2015,SUV,Automatic,AWD,Diesel,6.1,4,4,5,24990
Audi,Rs3,2016,Hatchback,Automatic,AWD,Premium,8.1,5,5,5,59990
Audi,Sq5,2016,SUV,Automatic,AWD,Diesel,6.8,6,5,5,29999
Audi,A3,2016,Sedan,Automatic,FRONT,Premium,5.6,4,4,5,24995
Audi,Q3,2016,SUV,Automatic,AWD,Premium,6.7,4,4,5,22990
Audi,Q7,2016,SUV,Automatic,AWD,Diesel,5.8,6,4,7,44800
Audi,Q7,2016,SUV,Automatic,AWD,Diesel,5.9,6,4,7,36880
Audi,Q5,2016,SUV,Automatic,AWD,Premium,7.9,4,4,5,36888
Audi,A3,2016,Sedan,Automatic,FRONT,Premium,4.7,4,4,5,21990
Audi,A3,2016,Sedan,Automatic,FRONT,Premium,5.6,4,4,5,27000
Audi,A3,2016,Hatchback,Automatic,FRONT,Premium,5.9,4,5,5,31880
Audi,A1,2016,Hatchback,Automatic,FRONT,Premium,4.9,4,5,5,17990
Audi,Q5,2016,SUV,Automatic,AWD,Diesel,6.1,4,4,5,32990
Audi,Q3,2016,Wagon,Automatic,OTHER,Unleaded,NA,NA,NA,NA,24999
Audi,Q5,2016,SUV,Automatic,AWD,Diesel,6.1,4,4,5,38888
Audi,Sq5,2016,SUV,Automatic,AWD,Diesel,6.8,6,5,5,37800
Audi,Q3,2016,SUV,Automatic,AWD,Diesel,5.2,4,4,5,17990
Audi,Q3,2016,SUV,Automatic,FRONT,Premium,5.9,4,4,5,21800
Audi,S3,2016,Sedan,Automatic,AWD,Premium,6.9,4,4,5,36950
Audi,A3,2016,Hatchback,Automatic,FRONT,Premium,4.9,4,5,5,17999
Audi,A4,2016,Sedan,Automatic,AWD,Diesel,4.6,4,4,5,33990
Audi,Q3,2016,SUV,Automatic,FRONT,Premium,5.9,4,4,5,27990
Audi,A4,2016,Wagon,Automatic,FRONT,Premium,NA,NA,NA,NA,27800
Audi,A4,2016,Sedan,Automatic,AWD,Premium,6.3,4,4,5,26990
Audi,A4,2016,Sedan,Automatic,FRONT,Premium,5.3,4,4,5,32999
Audi,A4,2016,Sedan,Automatic,AWD,Premium,6.3,4,4,5,36987
Audi,S3,2016,Sedan,Automatic,AWD,Premium,6.9,4,4,5,34705
Audi,A1,2016,Hatchback,Automatic,FRONT,Premium,4.9,4,5,5,24995
Audi,A4,2016,Sedan,Automatic,FRONT,Premium,5.3,4,4,5,38990
Audi,Q7,2016,SUV,Automatic,AWD,Diesel,5.9,6,4,7,53990
Audi,Q5,2016,SUV,Automatic,AWD,Premium,7.9,4,4,5,38900
Audi,Q3,2016,SUV,Automatic,AWD,Diesel,5.2,4,4,5,21999
Audi,Q3,2016,SUV,Automatic,FRONT,Premium,5.9,4,4,5,19995
Audi,Sq7,2016,SUV,Automatic,AWD,Diesel,7.2,8,4,5,84990
Audi,A1,2016,Hatchback,Automatic,FRONT,Premium,4.4,3,5,5,19990
Audi,A6,2016,Sedan,Automatic,AWD,Diesel,6.1,6,4,5,38990
Audi,A4,2016,Sedan,Automatic,FRONT,Premium,5.5,4,4,5,26999
Audi,Q5,2016,SUV,Automatic,AWD,Premium,7.9,4,4,5,39898
Audi,Rs3,2016,Hatchback,Automatic,AWD,Premium,8.1,5,5,5,54990
Audi,Q7,2016,SUV,Automatic,AWD,Diesel,5.8,6,4,7,42800
Audi,Sq5,2016,SUV,Automatic,AWD,Diesel,6.8,6,5,5,49888
Audi,A5,2016,Coupe,Automatic,AWD,Premium,6.7,4,2,4,33990
Audi,Sq7,2017,SUV,Automatic,AWD,Diesel,7.2,8,4,5,72880
Audi,Q2,2017,SUV,Automatic,FRONT,Premium,5.3,4,4,5,35880
Audi,A7,2017,Hatchback,Automatic,AWD,Diesel,5.5,6,5,5,54880
Audi,A3,2017,Hatchback,Automatic,AWD,Premium,6.2,4,5,5,28800
Audi,A5,2017,Coupe,Automatic,AWD,Premium,6.5,4,2,4,34990
Audi,Q5,2017,SUV,Automatic,AWD,Diesel,5.5,4,4,5,41900
Audi,Rs6,2017,Wagon,Automatic,AWD,Premium,9.7,8,4,5,149500
Audi,A3,2017,Sedan,Automatic,FRONT,Premium,4.9,4,4,5,31990
Audi,Q5,2017,SUV,Automatic,AWD,Diesel,5.5,4,4,5,39888
Audi,Q3,2017,SUV,Automatic,AWD,Premium,6.7,4,4,5,34880
Audi,Q2,2017,SUV,Automatic,AWD,Diesel,5,4,4,5,29990
Audi,Sq5,2017,SUV,Automatic,AWD,Premium,8.7,6,4,5,54990
Audi,Q5,2017,SUV,Automatic,AWD,Diesel,5.5,4,4,5,41830
Audi,Q5,2017,SUV,Automatic,AWD,Diesel,5.4,4,4,5,45990
Audi,Q2,2017,SUV,Automatic,FRONT,Premium,5.3,4,4,5,34990
Audi,Q5,2017,SUV,Automatic,AWD,Diesel,5.4,4,4,5,37999
Audi,Q7,2017,SUV,Automatic,AWD,Diesel,5.8,6,4,7,69990
Audi,Q2,2017,SUV,Automatic,AWD,Diesel,5,4,4,5,38888
Audi,Tt,2017,Convertible,Automatic,AWD,Premium,8.6,5,2,4,95990
Audi,S5,2017,Coupe,Automatic,AWD,Premium,7.6,6,2,4,57800
Audi,Q5,2017,SUV,Automatic,AWD,Diesel,6,4,4,5,37990
Audi,Q7,2017,SUV,Automatic,AWD,Diesel,5.9,6,4,7,49987
Audi,Q5,2017,SUV,Automatic,AWD,Premium,7.3,4,4,5,59999
Audi,Q2,2017,SUV,Automatic,FRONT,Premium,5.3,4,4,5,33888
Audi,Q5,2017,SUV,Automatic,AWD,Premium,7.3,4,4,5,33992
Audi,A3,2017,Hatchback,Automatic,FRONT,Premium,5,4,5,5,38888
Audi,Q5,2017,SUV,Automatic,AWD,Diesel,5.4,4,4,5,41990
Audi,A5,2017,Coupe,Automatic,FRONT,Premium,5.5,4,2,4,42990
Audi,Q5,2017,SUV,Automatic,AWD,Premium,7.3,4,4,5,59900
Audi,Sq5,2017,SUV,Automatic,AWD,Premium,8.7,6,4,5,59990
Audi,Q2,2017,Wagon,Automatic,AWD,Diesel,NA,NA,NA,NA,34969
Audi,A1,2017,Hatchback,Automatic,FRONT,Premium,4.9,4,5,5,21998
Audi,Q5,2017,SUV,Automatic,AWD,Diesel,5.5,4,4,5,33580
Audi,Q2,2017,SUV,Automatic,AWD,Diesel,5,4,4,5,34950
Audi,Q2,2018,SUV,Automatic,FRONT,Premium,5.3,4,4,5,35800
Audi,A3,2018,Hatchback,Automatic,FRONT,Premium,5,4,5,5,31800
Audi,Q3,2018,SUV,Automatic,FRONT,Premium,5.9,4,4,5,39990
Audi,Q7,2018,SUV,Automatic,AWD,Diesel,5.9,6,4,7,44900
Audi,Rs4,2018,Wagon,Automatic,AWD,Premium,8.9,6,4,5,104800
Audi,Q5,2018,SUV,Automatic,AWD,Diesel,5.5,4,4,5,45880
Audi,Sq5,2018,SUV,Automatic,AWD,Premium,8.7,6,4,5,61800
Audi,Q5,2018,SUV,Automatic,AWD,Diesel,5.5,4,4,5,47990
Audi,S5,2018,Hatchback,Automatic,OTHER,Premium,NA,NA,NA,NA,78880
Audi,S3,2018,Hatchback,Automatic,AWD,Premium,6.6,4,5,5,52888
Audi,A3,2018,Other,Automatic,FRONT,Premium,5,4,4,5,32800
Audi,Q5,2018,SUV,Automatic,AWD,Diesel,6.1,6,4,5,49880
Audi,Tt,2018,Coupe,Automatic,AWD,Premium,6.4,4,2,4,58800
Audi,A1,2018,Hatchback,Automatic,FRONT,Premium,4.4,3,5,5,16998
Audi,A3,2018,Other,Automatic,FRONT,Premium,5,4,4,5,35990
Audi,Q3,2018,SUV,Automatic,AWD,Premium,6.7,4,4,5,37800
Audi,S4,2018,Sedan,Automatic,AWD,Premium,7.7,6,4,5,59888
Audi,A3,2018,Other,Automatic,FRONT,Premium,5,4,4,5,30880
Audi,Q5,2018,SUV,Automatic,AWD,Diesel,5.5,4,4,5,34913
Audi,A3,2018,Hatchback,Automatic,FRONT,Premium,5,4,5,5,32800
Audi,Sq5,2018,SUV,Automatic,AWD,Premium,8.7,6,4,5,59995
Audi,A3,2018,Sedan,Automatic,FRONT,Premium,5.8,4,4,5,25990
Audi,A5,2018,Hatchback,Automatic,FRONT,Premium,5.5,4,5,4,44990
Audi,Q7,2018,SUV,Automatic,AWD,Diesel,5.9,6,4,7,41990
Audi,Q5,2018,SUV,Automatic,AWD,Premium,7.3,4,4,5,59990
Audi,Q5,2018,SUV,Automatic,AWD,Diesel,6.3,6,4,5,46990
Audi,Q3,2018,SUV,Automatic,FRONT,Premium,5.9,4,4,5,36990
Audi,Q7,2018,SUV,Automatic,AWD,Diesel,5.9,6,4,7,48990
Audi,Q5,2018,SUV,Automatic,AWD,Premium,7.3,4,4,5,43490
Audi,A4,2018,NA,Automatic,FRONT,Premium,NA,NA,NA,NA,39350
Audi,Q3,2018,SUV,Automatic,AWD,Premium,6.7,4,4,5,31888
Audi,Q2,2018,SUV,Automatic,FRONT,Premium,5.3,4,4,5,32897
Audi,S3,2018,Sedan,Automatic,AWD,Premium,6.5,4,4,5,45990
Audi,Q5,2018,SUV,Automatic,AWD,Premium,7.3,4,4,5,54995
Audi,Q7,2018,SUV,Automatic,AWD,Diesel,5.8,6,4,7,66888
Audi,Q2,2018,SUV,Automatic,FRONT,Premium,5.3,4,4,5,25990
Audi,A5,2018,Convertible,Automatic,OTHER,Premium,NA,NA,NA,NA,65987
Audi,S3,2018,Sedan,Automatic,AWD,Premium,6.5,4,4,5,47990
Audi,A1,2018,Hatchback,Automatic,FRONT,Premium,4.4,3,5,5,24400
Audi,A3,2018,Other,Automatic,FRONT,Premium,4.8,3,4,5,27800
Audi,A5,2018,Coupe,Automatic,AWD,Premium,6.5,4,2,4,52990
Audi,A5,2018,Coupe,Automatic,AWD,Premium,6.5,4,2,4,45999
Audi,Q7,2018,SUV,Automatic,AWD,Diesel,5.8,6,4,7,72888
Audi,Q5,2018,SUV,Automatic,AWD,Diesel,5.5,4,4,5,36990
Audi,Q2,2018,SUV,Automatic,FRONT,Premium,5.3,4,4,5,38990
Audi,S5,2018,Hatchback,Automatic,AWD,Premium,7.7,6,5,4,50990
Audi,A3,2018,Sedan,Automatic,AWD,Premium,6.1,4,4,5,35996
Audi,A3,2018,Hatchback,Automatic,AWD,Premium,6.2,4,5,5,41999
Audi,A5,2018,Hatchback,Automatic,AWD,Premium,6.5,4,5,4,44991
Audi,S5,2018,Hatchback,Automatic,OTHER,Premium,NA,NA,NA,NA,74990
Audi,Q5,2018,SUV,Automatic,AWD,Diesel,5.5,4,4,5,42800
Audi,Rs3,2018,Sedan,Automatic,AWD,Premium,8.4,5,4,5,72888
Audi,Q7,2018,SUV,Automatic,AWD,Diesel,5.8,6,4,7,69990
Audi,Q3,2019,SUV,Automatic,FRONT,Premium,7.2,4,4,5,41888
Audi,A3,2019,Sedan,Automatic,AWD,Premium,6.1,4,4,5,41800
Audi,A3,2019,Convertible,Automatic,FRONT,Premium,5.1,4,2,4,39880
Audi,A3,2019,Sedan,Automatic,FRONT,Premium,5.1,4,4,5,38990
Audi,Q2,2019,SUV,Automatic,FRONT,Premium,5.3,4,4,5,30441
Audi,A3,2019,Sedan,Automatic,AWD,Premium,6.1,4,4,5,45880
Audi,A3,2019,Other,Automatic,FRONT,Premium,6.1,4,4,5,41880
Audi,Q5,2019,SUV,Automatic,AWD,Premium,7.3,4,4,5,54990
Audi,Q2,2019,SUV,Automatic,FRONT,Premium,5.3,4,4,5,34990
Audi,A4,2019,Sedan,Automatic,FRONT,Premium,5.3,4,4,5,38990
Audi,A4,2019,Sedan,Automatic,AWD,Premium,6.3,4,4,5,44990
Audi,Q5,2019,SUV,Automatic,AWD,Premium,7.3,4,4,5,40880
Audi,A4,2019,Sedan,Automatic,AWD,Premium,6.3,4,4,5,49800
Audi,A3,2019,Other,Automatic,FRONT,Premium,5.2,4,4,5,31800
Audi,Q7,2019,SUV,Automatic,AWD,Diesel,5.9,6,4,7,74800
Audi,Rs5,2019,Hatchback,Automatic,AWD,Premium,8.9,6,5,4,121950
Audi,S3,2019,Other,Automatic,AWD,Premium,6.6,4,4,5,56990
Audi,Q8,2019,SUV,Automatic,AWD,Hybrid,9.2,6,4,5,96800
Audi,Tt,2019,Coupe,Automatic,AWD,Premium,6.6,4,2,2,71880
Audi,Q3,2019,SUV,Automatic,FRONT,Premium,7.2,4,4,5,42980
Audi,A4,2019,Wagon,Automatic,AWD,Premium,6.7,4,4,5,64990
Audi,Q3,2019,SUV,Automatic,FRONT,Premium,7.2,4,4,5,42830
Audi,Q8,2019,SUV,Automatic,AWD,Hybrid,9.2,6,4,5,95800
Audi,Q2,2019,SUV,Automatic,AWD,Premium,6.5,4,4,5,41633
Audi,Q3,2019,SUV,Automatic,FRONT,Premium,7.2,4,4,5,43990
Audi,A3,2019,Sedan,Automatic,FRONT,Premium,4.9,4,4,5,28990
Audi,Q3,2019,SUV,Automatic,FRONT,Premium,7.2,4,4,5,44888
Audi,A3,2019,Other,Automatic,FRONT,Premium,5,4,4,5,37990
Audi,Rs4,2019,Wagon,Automatic,AWD,Premium,8.9,6,4,5,119990
Audi,Q8,2019,SUV,Automatic,AWD,Hybrid,9.2,6,4,5,92788
Audi,Sq5,2019,SUV,Automatic,AWD,Premium,8.7,6,4,5,76990
Audi,Q2,2019,SUV,Automatic,FRONT,Premium,5.3,4,4,5,36990
Audi,A1,2019,Hatchback,Automatic,FRONT,Premium,5.4,3,5,5,30994
Audi,Q2,2019,SUV,Automatic,AWD,Premium,6.5,4,4,5,42369
Audi,Q2,2019,SUV,Automatic,FRONT,Premium,5.3,4,4,5,37880
Audi,Q3,2019,SUV,Automatic,FRONT,Premium,7.2,4,4,5,43880
Audi,A4,2019,Sedan,Automatic,AWD,Premium,6.3,4,4,5,43480
Audi,S5,2019,Hatchback,Automatic,AWD,Premium,7.7,6,5,4,69900
Audi,S4,2019,Sedan,Automatic,AWD,Premium,7.7,6,4,5,74888
Audi,Q3,2020,SUV,Automatic,AWD,Premium,8.3,4,4,5,66880
Audi,Q3,2020,SUV,Automatic,AWD,Premium,8.3,4,4,5,59880
Audi,Rs,2020,Other,Automatic,AWD,Hybrid,11.6,8,4,5,189990
Audi,Q3,2020,SUV,Automatic,FRONT,Premium,7.3,4,4,5,45888
Audi,Q7,2020,SUV,Automatic,AWD,Diesel,5.9,6,4,7,79800
Audi,Q3,2020,SUV,Automatic,FRONT,Premium,7.2,4,4,5,50880
Audi,A3,2020,Sedan,Automatic,FRONT,Premium,4.9,4,4,5,34880
Audi,S5,2020,Coupe,Automatic,AWD,Premium,8.8,6,2,4,76900
Audi,Rs,2020,SUV,Automatic,AWD,Hybrid,12.1,8,4,5,209990
Audi,Q2,2020,SUV,Automatic,FRONT,Premium,5.6,4,4,5,37500
Audi,Rs,2020,Hatchback,Automatic,AWD,Premium,8.9,6,5,5,139980
Audi,Q7,2020,SUV,Automatic,AWD,Hybrid,7,6,4,7,102880
Audi,Rs,2020,Other,Automatic,AWD,Premium,8.5,5,4,5,89800
Audi,Q3,2020,SUV,Automatic,AWD,Premium,8.3,4,4,5,65990
Audi,Q5,2020,SUV,Automatic,AWD,Premium,7.3,4,4,5,56990
Audi,A3,2020,Sedan,Automatic,FRONT,Premium,5,4,4,5,41999
Audi,Sq5,2020,SUV,Automatic,AWD,Premium,8.7,6,4,5,77977
Audi,Q3,2020,SUV,Automatic,FRONT,Premium,7.2,4,4,5,53988
Audi,Sq8,2020,SUV,Automatic,AWD,Diesel,7.8,8,4,5,164889
Audi,Q3,2020,SUV,Automatic,FRONT,Premium,7.2,4,4,5,49990
Audi,Q3,2021,SUV,Automatic,FRONT,Premium,7.2,4,4,5,51990
Audi,A1,2021,Hatchback,Automatic,FRONT,Premium,5.4,3,5,5,32480
Audi,Q5,2021,SUV,Automatic,AWD,Hybrid,8,4,4,5,70490
Audi,Rs,2021,Hatchback,Automatic,AWD,Premium,9.4,6,5,5,139900
Audi,Q5,2021,SUV,Automatic,AWD,Hybrid,5.4,4,4,5,64888
Audi,Rs,2021,SUV,Automatic,AWD,Premium,8.9,5,4,5,108888
Audi,Sq7,2021,SUV,Automatic,AWD,Hybrid,7.6,8,4,7,158880
Audi,Q7,2021,SUV,Automatic,AWD,Hybrid,6.8,6,4,7,99800
Audi,S3,2021,Sedan,Automatic,AWD,Premium,7.3,4,4,5,69880
Audi,Q7,2021,SUV,Automatic,AWD,Hybrid,7,6,4,7,99888
Audi,A1,2021,Hatchback,Automatic,FRONT,Premium,5.4,3,5,5,32888
Audi,A4,2021,Wagon,-,AWD,Premium,7.3,4,4,5,57588
Audi,A1,2021,Hatchback,Automatic,FRONT,Premium,6.4,4,5,5,40990
Audi,Q7,2021,SUV,Automatic,AWD,Hybrid,7,6,4,7,88990
Audi,Sq2,2021,SUV,Automatic,AWD,Premium,7.7,4,4,5,64800
Audi,Q5,2021,SUV,Automatic,AWD,Hybrid,5.4,4,4,5,56888
Audi,Q3,2021,SUV,Automatic,AWD,Premium,8.3,4,4,5,64800
Audi,Q5,2021,SUV,Automatic,AWD,Hybrid,5.4,4,4,5,62825
Audi,Q7,2021,SUV,Automatic,AWD,Hybrid,7,6,4,7,82800
Audi,Sq5,2021,SUV,Automatic,AWD,Diesel,6.8,6,4,5,102990
Audi,A4,2021,Sedan,Automatic,FRONT,Premium,6.1,4,4,5,51888
Audi,Q5,2021,SUV,Automatic,AWD,Hybrid,8,4,4,5,73990
Audi,A5,2021,Coupe,-,AWD,Hybrid,7.1,4,2,4,69990
Audi,A6,2021,Sedan,Automatic,AWD,Hybrid,7.3,4,4,5,85880
Audi,A4,2021,Sedan,Automatic,FRONT,Premium,6.1,4,4,5,57990
Audi,A4,2021,Sedan,Automatic,FRONT,Premium,6.1,4,4,5,51600
Audi,Sq5,2021,SUV,Automatic,AWD,Diesel,6.8,6,4,5,87880
Audi,A4,2022,Sedan,Automatic,FRONT,Premium,6.1,4,4,5,56880
Audi,Sq7,2022,SUV,Automatic,AWD,Premium,12.1,8,4,7,168888
Audi,Q3,2022,SUV,Automatic,FRONT,Premium,7.2,4,4,5,61990
Audi,Q5,2022,SUV,Automatic,AWD,Hybrid,5.4,4,4,5,77880
Audi,Q3,2022,SUV,Automatic,FRONT,Premium,7.2,4,4,5,55880
Audi,A3,2022,Sedan,Automatic,FRONT,Premium,4.9,4,4,5,46880
Audi,A4,2022,Sedan,-,AWD,Premium,7.1,4,4,5,71880
Audi,Q5,2022,SUV,Automatic,AWD,Hybrid,5.4,4,4,5,69418
Audi,A1,2022,Hatchback,Automatic,FRONT,Premium,5.8,4,5,5,43990
Audi,Q3,2022,SUV,Automatic,FRONT,Premium,7.3,4,4,5,60888
Audi,Q3,2022,SUV,Automatic,FRONT,Premium,7.3,4,4,5,62888
Audi,Q7,2022,SUV,Automatic,AWD,Hybrid,7,6,4,7,117688
Audi,Sq5,2022,SUV,Automatic,AWD,Hybrid,7.1,6,4,5,99900
Audi,A3,2022,Sedan,Automatic,FRONT,Premium,4.9,4,4,5,47880
Audi,Q2,2022,SUV,Automatic,FRONT,Premium,5.2,4,4,5,48880
Audi,Q3,2022,SUV,Automatic,FRONT,Premium,7.3,4,4,5,62890
Audi,Q5,2022,SUV,Automatic,AWD,Hybrid,5.4,4,4,5,79888
Audi,Q3,2022,SUV,Automatic,AWD,Premium,8.2,4,4,5,72990
Audi,Q5,2022,SUV,Automatic,AWD,Hybrid,5.4,4,4,5,88788
Audi,Sq2,2022,SUV,Automatic,AWD,Premium,7.7,4,4,5,67910
Audi,Q5,2022,SUV,Automatic,AWD,Hybrid,8,4,4,5,94788
Audi,Q3,2022,SUV,Automatic,FRONT,Premium,7.2,4,4,5,66490
Audi,A3,2022,Sedan,Automatic,FRONT,Premium,4.9,4,4,5,50990
Audi,A3,2022,Sedan,Automatic,FRONT,Premium,4.9,4,4,5,54990
Audi,Q5,2022,SUV,Automatic,AWD,Hybrid,5.4,4,4,5,89990
Audi,E-Tron,2022,SUV,Automatic,AWD,Electric,0,0,4,5,158990
Audi,A1,2022,Hatchback,Automatic,FRONT,Premium,5.8,4,5,5,42705
Audi,Rs,2022,Wagon,Automatic,AWD,Hybrid,11.7,8,4,5,299990
Audi,E-Tron,2022,Sedan,Automatic,AWD,Electric,0,0,4,5,288888
Audi,A5,2022,Coupe,-,AWD,Hybrid,7.1,4,2,4,99490
Audi,Rs,2022,SUV,Automatic,AWD,Premium,8.9,5,4,5,129990
Audi,Q3,2022,SUV,Automatic,FRONT,Premium,7.2,4,4,5,59990
Audi,E-Tron,2022,Sedan,Automatic,AWD,Electric,0,0,4,5,266990
Audi,Q5,2022,SUV,Automatic,AWD,Hybrid,8,4,4,5,84900
Audi,Q7,2022,SUV,Automatic,AWD,Hybrid,9.4,6,4,7,129990
Audi,Q7,2022,SUV,Automatic,AWD,Hybrid,6.8,6,4,7,139900
Audi,Q5,2022,SUV,Automatic,AWD,Hybrid,8,4,4,5,95900
Audi,E-Tron,2022,SUV,Automatic,AWD,Electric,0,0,4,5,159990
Audi,A4,2022,Wagon,-,AWD,Premium,7.4,4,4,5,69990
Audi,Sq5,2022,SUV,Automatic,AWD,Hybrid,7.1,6,4,5,110000
Audi,Q3,2022,SUV,Automatic,FRONT,Premium,7.2,4,4,5,57588
Audi,A3,2022,Sedan,Automatic,AWD,Premium,6.6,4,4,5,53880
Audi,Q3,2022,SUV,Automatic,FRONT,Premium,7.2,4,4,5,58490
Audi,Q3,2022,SUV,Automatic,FRONT,Premium,7.2,4,4,5,54990
Audi,Q2,2022,SUV,Automatic,FRONT,Premium,5.2,4,4,5,58900
Audi,A5,2022,Other,-,AWD,Hybrid,7.1,4,4,5,94900
Audi,A3,2022,Sedan,Automatic,FRONT,Premium,4.9,4,4,5,55900
Audi,A1,2023,Hatchback,Automatic,FRONT,Premium,5.8,4,5,5,51288
Audi,Q2,2023,SUV,Automatic,FRONT,Premium,5.2,4,4,5,49990
Audi,Rs,2023,Sedan,Automatic,AWD,Premium,8.2,5,4,5,122950
Audi,A5,2023,Other,-,AWD,Hybrid,7.1,4,4,5,96888
Audi,Q3,2023,SUV,Automatic,FRONT,Premium,7.2,4,4,5,62788
Audi,A5,2023,Other,-,AWD,Hybrid,7.1,4,4,5,93888
Audi,S4,2023,Sedan,Automatic,AWD,Premium,8.6,6,4,5,108588
Audi,A4,2023,Sedan,Automatic,FRONT,Premium,6.1,4,4,5,69788
Audi,Q5,2023,SUV,Automatic,AWD,Hybrid,5.4,4,4,5,77888
Audi,E-Tron,2023,Sedan,Automatic,AWD,Electric,0,0,4,5,286688
Audi,E-Tron,2023,Sedan,Automatic,AWD,Electric,0,0,4,5,283688
Audi,Sq5,2023,SUV,Automatic,AWD,Hybrid,7,6,4,5,129990
Audi,Q5,2023,SUV,Automatic,AWD,Hybrid,5.4,4,4,5,88250
Audi,S3,2023,Sedan,Automatic,AWD,Premium,7.3,4,4,5,87688
Audi,Q5,2023,SUV,Automatic,AWD,Hybrid,5.4,4,4,5,88888
Audi,Q5,2023,SUV,Automatic,AWD,Hybrid,8,4,4,5,89588
Audi,A4,2023,Sedan,Automatic,FRONT,Premium,6.1,4,4,5,67788
Audi,Q5,2023,SUV,Automatic,AWD,Hybrid,5.4,4,4,5,87850
Audi,A3,2023,Sedan,Automatic,AWD,Premium,6.6,4,4,5,69788
Audi,Q5,2023,SUV,Automatic,AWD,Hybrid,8,4,4,5,89990
Audi,A3,2023,Sedan,Automatic,FRONT,Premium,4.9,4,4,5,58490
Audi,A1,2023,Hatchback,Automatic,FRONT,Premium,5.8,4,5,5,54990
Audi,Q5,2023,SUV,Automatic,AWD,Hybrid,5.4,4,4,5,88990
Audi,Q5,2023,SUV,Automatic,AWD,Hybrid,5.4,4,4,5,87490
Audi,Q5,2023,SUV,Automatic,AWD,Hybrid,5.4,4,4,5,92990
Audi,A4,2023,Wagon,-,AWD,Diesel,4.9,2,4,5,78000
Audi,A6,2023,Sedan,Automatic,FRONT,Hybrid,6.3,4,4,5,95500
Audi,A7,2023,Other,Automatic,AWD,Hybrid,7.3,6,4,5,143400
Audi,Q8,2023,SUV,Automatic,AWD,Hybrid,9.2,6,4,5,135100
Audi,S3,2023,Sedan,Automatic,AWD,Premium,7.3,4,4,5,73900
Audi,A5,2023,Other,-,AWD,Hybrid,7.1,4,4,5,102488
Audi,Q8,2023,SUV,Automatic,AWD,Hybrid,6.9,6,4,5,133800
Audi,A6,2023,Sedan,Automatic,AWD,Hybrid,7.4,6,4,5,125000
Audi,Q5,2023,SUV,Automatic,AWD,Hybrid,8,4,4,5,88980
Audi,Q5,2023,SUV,Automatic,FRONT,Diesel,4.8,4,4,5,78990
Bentley,Continental,2015,Convertible,Automatic,AWD,Premium,NA,NA,NA,NA,209990
Bentley,Continental,2015,Coupe,Automatic,AWD,Premium,10.5,8,2,4,199900
Bentley,Flying,2018,NA,Automatic,OTHER,Premium,NA,NA,NA,NA,268888
Bmw,X3,2014,SUV,Automatic,4WD,Diesel,5.6,4,4,5,24985
Bmw,118i,2014,Hatchback,Automatic,REAR,Premium,5.8,4,5,5,16990
Bmw,420i,2014,Coupe,Automatic,REAR,Premium,6.1,4,2,4,34990
Bmw,328i,2014,Sedan,Automatic,REAR,Premium,6.3,4,4,5,28800
Bmw,X5,2014,SUV,Automatic,AWD,Diesel,6,4,4,5,29990
Bmw,1,2014,Hatchback,Automatic,REAR,Unleaded,NA,NA,NA,NA,20800
Bmw,116i,2014,Hatchback,Automatic,REAR,Premium,5.8,4,5,5,16999
Bmw,3,2014,Hatchback,Automatic,OTHER,Unleaded,NA,NA,NA,NA,24999
Bmw,4,2014,Coupe,Automatic,REAR,Premium,NA,NA,NA,NA,38000
Bmw,X5,2014,SUV,Automatic,AWD,Diesel,6,4,4,5,36990
Bmw,225i,2014,Hatchback,Automatic,FRONT,Premium,6.1,4,4,5,23999
Bmw,435i,2014,Coupe,Automatic,REAR,Premium,7.4,6,2,4,36800
Bmw,X5,2014,SUV,Automatic,REAR,Diesel,5.9,4,4,5,34888
Bmw,220d,2014,Coupe,Automatic,REAR,Diesel,4.4,4,2,4,28800
Bmw,5,2014,NA,Automatic,OTHER,Diesel,NA,NA,NA,NA,31999
Bmw,X5,2014,Wagon,Automatic,AWD,Diesel,NA,NA,NA,NA,45880
Bmw,218i,2014,Hatchback,Automatic,FRONT,Premium,5.2,3,4,5,14800
Bmw,428i,2014,Coupe,Automatic,REAR,Premium,6.4,4,2,4,35999
Bmw,740i,2014,Sedan,Automatic,REAR,Premium,7.9,6,4,5,49950
Bmw,220i,2014,Coupe,Automatic,REAR,Premium,6,4,2,4,24888
Bmw,428i,2014,Convertible,Automatic,REAR,Premium,6.7,4,2,4,39999
Bmw,X5,2014,SUV,Automatic,AWD,Diesel,6.2,6,4,5,47888
Bmw,X4,2014,SUV,Automatic,AWD,Premium,7.3,4,5,5,32999
Bmw,228i,2014,Coupe,Automatic,REAR,Premium,6.3,4,2,4,26990
Bmw,X5,2014,SUV,Automatic,AWD,Diesel,6.2,6,4,5,38750
Bmw,520d,2014,Sedan,Automatic,REAR,Diesel,4.7,4,4,5,28999
Bmw,420i,2014,Hatchback,Automatic,REAR,Premium,6.1,4,5,5,24997
Bmw,316i,2014,Sedan,Automatic,REAR,Premium,5.4,4,4,5,17999
Bmw,118i,2014,Hatchback,Automatic,REAR,Premium,5.8,4,5,5,17990
Bmw,320d,2014,Sedan,Automatic,REAR,Diesel,4.5,4,4,5,26888
Bmw,X5,2014,Wagon,Automatic,OTHER,-,NA,NA,NA,NA,52990
Bmw,X1,2015,SUV,Automatic,AWD,Diesel,5.1,4,4,5,32000
Bmw,4,2015,Hatchback,Automatic,REAR,Premium,NA,NA,NA,NA,32900
Bmw,4,2015,Hatchback,Automatic,OTHER,-,NA,NA,NA,NA,29990
Bmw,X6,2015,SUV,Automatic,AWD,Diesel,6,6,4,5,53888
Bmw,225i,2015,Hatchback,Automatic,FRONT,Premium,6.1,4,4,5,26950
Bmw,X1,2015,SUV,Automatic,AWD,Diesel,5.4,4,4,5,26999
Bmw,X3,2015,SUV,Automatic,4WD,Premium,7.3,4,4,5,33990
Bmw,428i,2015,Coupe,Automatic,REAR,Premium,6.4,4,2,4,24999
Bmw,M235i,2015,Coupe,Automatic,REAR,Premium,7.6,6,2,4,29980
Bmw,1,2015,Hatchback,Automatic,REAR,Premium,NA,NA,NA,NA,21999
Bmw,320i,2015,Sedan,Automatic,REAR,Premium,6,4,4,5,34988
Bmw,X3,2015,SUV,Automatic,4WD,Premium,7.3,4,4,5,32880
Bmw,X3,2015,SUV,Automatic,4WD,Diesel,5.4,4,4,5,28990
Bmw,M3,2015,Sedan,Automatic,REAR,Premium,8.3,6,4,5,82950
Bmw,740i,2015,Sedan,Automatic,REAR,Premium,7,6,4,5,71300
Bmw,X5,2015,SUV,Automatic,AWD,Premium,10.5,8,4,5,56990
Bmw,228i,2015,Coupe,Automatic,REAR,Premium,6.3,4,2,4,29880
Bmw,118i,2015,Hatchback,Automatic,REAR,Premium,5.2,3,5,5,19990
Bmw,X5,2015,SUV,Automatic,AWD,Diesel,6.2,6,4,5,32990
Bmw,X5,2015,Wagon,Automatic,OTHER,Diesel,NA,NA,NA,NA,39990
Bmw,328i,2015,Sedan,Automatic,REAR,Premium,6.3,4,4,5,23990
Bmw,X6,2015,SUV,Automatic,AWD,Diesel,6,6,4,5,59986
Bmw,118i,2015,Hatchback,Automatic,REAR,Premium,5.8,4,5,5,18990
Bmw,328i,2015,Sedan,Automatic,REAR,Premium,6.3,4,4,5,38950
Bmw,X1,2015,SUV,Automatic,FRONT,Premium,6.1,4,4,5,34990
Bmw,X3,2015,SUV,Automatic,4WD,Diesel,5.4,4,4,5,27490
Bmw,X5,2015,SUV,Automatic,AWD,Diesel,6.2,6,4,5,47880
Bmw,420i,2015,Coupe,Automatic,REAR,Premium,6.1,4,2,4,27999
Bmw,520d,2015,Wagon,Automatic,REAR,Diesel,5.3,4,4,5,33990
Bmw,X4,2015,SUV,Automatic,AWD,Diesel,5.4,4,5,5,34990
Bmw,X6,2015,SUV,Automatic,AWD,Diesel,6,6,4,5,39800
Bmw,X5,2015,SUV,Automatic,AWD,Diesel,6.2,6,4,5,37740
Bmw,X3,2015,SUV,Automatic,4WD,Diesel,5.4,4,4,5,26990
Bmw,220i,2015,Coupe,Automatic,REAR,Diesel,4.4,4,2,4,22995
Bmw,220i,2015,Hatchback,Automatic,FRONT,Premium,5.9,4,4,5,27490
Bmw,X5,2015,SUV,Automatic,AWD,Diesel,6.2,6,4,5,31995
Bmw,218d,2015,Hatchback,Automatic,FRONT,Diesel,4.2,4,4,5,21497
Bmw,X3,2015,SUV,Automatic,4WD,Premium,7.3,4,4,5,32980
Bmw,I3,2015,Hatchback,Automatic,REAR,Electric,0,0,4,5,28888
Bmw,1,2015,Hatchback,Automatic,REAR,Premium,NA,NA,NA,NA,18999
Bmw,118d,2015,Hatchback,Automatic,REAR,Diesel,4.5,4,5,5,24888
Bmw,225i,2015,Hatchback,Automatic,FRONT,Premium,6.1,4,4,5,28990
Bmw,220i,2016,Convertible,Automatic,REAR,Premium,6.4,4,2,4,28990
Bmw,430i,2016,Coupe,Automatic,REAR,Premium,5.8,4,2,4,45555
Bmw,M4,2016,Coupe,Automatic,REAR,Premium,8.3,6,2,4,69888
Bmw,X3,2016,SUV,Automatic,4WD,Premium,7.3,4,4,5,41990
Bmw,X4,2016,SUV,Automatic,AWD,Diesel,6,6,5,5,39800
Bmw,I8,2016,Coupe,Automatic,OTHER,Premium,NA,NA,NA,NA,137880
Bmw,X5,2016,SUV,Automatic,AWD,Diesel,6.2,6,4,5,44999
Bmw,X5,2016,SUV,Automatic,AWD,Diesel,6,4,4,5,34990
Bmw,320i,2016,Sedan,Automatic,REAR,Premium,5.8,4,4,5,24990
Bmw,M5,2016,Sedan,Automatic,REAR,Premium,9.9,8,4,5,79990
Bmw,435i,2016,Hatchback,Automatic,REAR,Premium,7.6,6,5,5,37950
Bmw,118i,2016,Hatchback,Automatic,REAR,Premium,5.2,3,5,5,16999
Bmw,X3,2016,SUV,Automatic,4WD,Diesel,5.4,4,4,5,29800
Bmw,430i,2016,Hatchback,Automatic,REAR,Premium,5.8,4,5,5,35800
Bmw,M4,2016,Convertible,Automatic,REAR,Premium,8.3,6,2,4,82888
Bmw,220i,2016,Coupe,Automatic,REAR,Premium,6,4,2,4,34990
Bmw,X3,2016,SUV,Automatic,4WD,Diesel,5.4,4,4,5,35990
Bmw,220i,2016,Convertible,Automatic,REAR,Premium,6.4,4,2,4,39990
Bmw,X3,2016,SUV,Automatic,4WD,Diesel,5.4,4,4,5,27990
Bmw,218i,2016,Hatchback,Automatic,FRONT,Premium,5.2,3,4,5,19990
Bmw,X5,2016,SUV,Automatic,AWD,Diesel,6.2,6,4,5,57990
Bmw,328i,2016,Hatchback,Automatic,REAR,Premium,6.5,4,5,5,36990
Bmw,218i,2016,Hatchback,Automatic,FRONT,Premium,5.2,3,4,5,21990
Bmw,X5,2016,SUV,Automatic,AWD,Diesel,6.2,6,4,5,54990
Bmw,X4,2016,SUV,Automatic,AWD,Premium,7.3,4,5,5,46932
Bmw,118i,2016,Hatchback,Automatic,REAR,Premium,5.2,3,5,5,20987
Bmw,X4,2016,SUV,Automatic,AWD,Premium,7.3,4,5,5,34500
Bmw,M235i,2016,Coupe,Automatic,REAR,Premium,7.6,6,2,4,42990
Bmw,340i,2016,Sedan,Automatic,REAR,Premium,6.8,6,4,5,46990
Bmw,M235i,2016,Coupe,Automatic,REAR,Premium,7.6,6,2,4,36990
Bmw,M3,2016,Sedan,Automatic,REAR,Premium,8.3,6,4,5,74990
Bmw,M240i,2016,Coupe,Automatic,REAR,Premium,7.1,6,2,4,38990
Bmw,118d,2016,Hatchback,Automatic,REAR,Diesel,4.5,4,5,5,27990
Bmw,X1,2016,Wagon,Automatic,FRONT,Diesel,NA,NA,NA,NA,34888
Bmw,220i,2016,Coupe,Automatic,REAR,Premium,6,4,2,4,23866
Bmw,220i,2016,Coupe,Automatic,REAR,Premium,6,4,2,4,29990
Bmw,M2,2016,Coupe,Automatic,REAR,Premium,7.9,6,2,4,63747
Bmw,3,2016,NA,Automatic,REAR,Premium,NA,NA,NA,NA,42888
Bmw,X3,2016,SUV,Automatic,4WD,Diesel,5.4,4,4,5,34990
Bmw,125i,2016,Hatchback,Automatic,REAR,Premium,6.7,4,5,5,26998
Bmw,M2,2016,Coupe,Automatic,REAR,Premium,7.9,6,2,4,58950
Bmw,430i,2017,Hatchback,Automatic,REAR,Premium,5.8,4,5,5,41280
Bmw,218i,2017,Hatchback,Automatic,FRONT,Premium,5.2,3,4,5,26800
Bmw,X1,2017,SUV,Automatic,FRONT,Diesel,4.7,4,4,5,34880
Bmw,X3,2017,Wagon,Automatic,OTHER,Diesel,NA,NA,NA,NA,41880
Bmw,X4,2017,SUV,Automatic,AWD,Diesel,6,6,5,5,46800
Bmw,320d,2017,Sedan,Automatic,REAR,Diesel,4.4,4,4,5,29800
Bmw,230i,2017,Coupe,Automatic,REAR,Premium,5.9,4,2,4,31888
Bmw,218d,2017,Hatchback,Automatic,FRONT,Diesel,4.2,4,4,5,25800
Bmw,X1,2017,SUV,Automatic,AWD,Premium,6.6,4,4,5,36800
Bmw,X3,2017,SUV,Automatic,4WD,Premium,7.3,4,4,5,33800
Bmw,330i,2017,Sedan,Automatic,REAR,Premium,5.8,4,4,5,41998
Bmw,740i,2017,Sedan,Automatic,REAR,Premium,7,6,4,5,79988
Bmw,X1,2017,SUV,Automatic,AWD,Premium,6.6,4,4,5,31990
Bmw,420i,2017,Coupe,Automatic,REAR,Premium,6.1,4,2,4,39990
Bmw,X4,2017,SUV,Automatic,AWD,Premium,7.3,4,5,5,39990
Bmw,X1,2017,SUV,Automatic,AWD,Premium,6.6,4,4,5,37990
Bmw,X4,2017,SUV,Automatic,AWD,Diesel,5.4,4,5,5,38888
Bmw,X4,2017,SUV,Automatic,AWD,Diesel,5.4,4,5,5,46680
Bmw,X4,2017,SUV,Automatic,AWD,Premium,8.3,6,5,5,48868
Bmw,X1,2017,SUV,Automatic,AWD,Premium,6.6,4,4,5,36990
Bmw,X3,2017,SUV,Automatic,4WD,Premium,7.6,4,4,5,48888
Bmw,230i,2017,Coupe,Automatic,REAR,Premium,6.2,4,2,4,39950
Bmw,X3,2017,SUV,Automatic,4WD,Diesel,5.9,6,4,5,44800
Bmw,X3,2017,SUV,Automatic,4WD,Diesel,5.2,4,4,5,34382
Bmw,X3,2017,SUV,Automatic,4WD,Premium,7.6,4,4,5,47990
Bmw,X1,2017,SUV,Automatic,FRONT,Premium,6.1,4,4,5,37888
Bmw,X3,2017,SUV,Automatic,4WD,Diesel,6,6,4,5,42997
Bmw,X3,2017,SUV,Automatic,4WD,Premium,7.3,4,4,5,39990
Bmw,X3,2017,SUV,Automatic,4WD,Diesel,5.9,6,4,5,50988
Bmw,530i,2017,Sedan,Automatic,REAR,Premium,6.2,4,4,5,45999
Bmw,X1,2017,SUV,Automatic,AWD,Premium,6.6,4,4,5,32888
Bmw,M140i,2018,Hatchback,Automatic,REAR,Premium,7.1,6,5,5,44990
Bmw,X3,2018,SUV,Automatic,4WD,Premium,8.9,6,4,5,54800
Bmw,430i,2018,Hatchback,Automatic,REAR,Premium,5.8,4,4,5,45900
Bmw,X1,2018,SUV,Automatic,AWD,Premium,6.6,4,4,5,45800
Bmw,X3,2018,SUV,Automatic,4WD,Unleaded,7.4,4,4,5,47880
Bmw,X6,2018,SUV,Automatic,AWD,Diesel,6,6,4,5,77990
Bmw,330i,2018,Wagon,Automatic,REAR,Premium,6.1,4,4,5,44990
Bmw,X3,2018,SUV,Automatic,4WD,Premium,7.6,4,4,5,56988
Bmw,X3,2018,SUV,Automatic,4WD,Premium,7.6,4,4,5,46999
Bmw,X5,2018,SUV,Automatic,AWD,Diesel,6.2,6,4,5,59888
Bmw,X3,2018,SUV,Automatic,4WD,Diesel,5.7,4,4,5,38800
Bmw,M3,2018,Sedan,Automatic,REAR,Premium,8.3,6,4,5,108888
Bmw,X2,2018,SUV,Automatic,AWD,Premium,7.4,4,4,5,48800
Bmw,X6,2018,SUV,Automatic,AWD,Diesel,6.3,6,4,5,58990
Bmw,X2,2018,SUV,Automatic,FRONT,Premium,6.3,3,4,5,34800
Bmw,X2,2018,SUV,Automatic,FRONT,Premium,6.3,3,4,5,39441
Bmw,M2,2018,Coupe,Automatic,REAR,Premium,9.1,6,2,4,84800
Bmw,X1,2018,SUV,Automatic,AWD,Premium,6.6,4,4,5,37380
Bmw,X2,2018,SUV,Automatic,AWD,Diesel,5.1,4,4,5,38830
Bmw,X3,2018,SUV,Automatic,4WD,Diesel,5.7,4,4,5,44990
Bmw,X3,2018,SUV,Automatic,4WD,Premium,7.6,4,4,5,55990
Bmw,X4,2018,SUV,Automatic,AWD,Diesel,5.4,4,5,5,43990
Bmw,X3,2018,SUV,Automatic,4WD,Premium,7.6,4,4,5,48888
Bmw,118i,2018,Hatchback,Automatic,REAR,Premium,5.2,3,5,5,31888
Bmw,X5,2018,SUV,Automatic,AWD,Diesel,6.2,6,4,5,49800
Bmw,M140i,2018,Hatchback,Automatic,REAR,Premium,7.1,6,5,5,47990
Bmw,X4,2018,SUV,Automatic,AWD,Diesel,6,6,5,5,64999
Bmw,M2,2018,Coupe,Manual,REAR,Premium,9.9,6,2,4,84999
Bmw,X5,2018,SUV,Automatic,AWD,Diesel,7.5,6,4,5,99760
Bmw,320i,2018,Sedan,Automatic,REAR,Premium,5.8,4,4,5,39888
Bmw,X3,2018,SUV,Automatic,4WD,Diesel,5.7,4,4,5,47800
Bmw,X3,2018,SUV,Automatic,4WD,Diesel,6,6,4,5,49800
Bmw,X5,2018,SUV,Automatic,REAR,Diesel,5.5,4,4,5,57800
Bmw,730d,2018,Sedan,Automatic,REAR,Diesel,5,6,4,5,89800
Bmw,X3,2018,SUV,Automatic,4WD,Premium,7.6,4,4,5,58888
Bmw,120i,2018,Hatchback,Automatic,REAR,Premium,5.9,4,5,5,33990
Bmw,420i,2018,Hatchback,Automatic,REAR,Premium,6.1,4,4,5,44990
Bmw,118i,2018,Hatchback,Automatic,REAR,Premium,5.2,3,5,5,33900
Bmw,X3,2018,Wagon,Automatic,OTHER,Premium,NA,NA,NA,NA,67880
Bmw,X3,2018,SUV,Automatic,4WD,Diesel,5.7,4,4,5,49990
Bmw,M140i,2018,Hatchback,Automatic,REAR,Premium,7.1,6,5,5,48615
Bmw,X3,2018,SUV,Automatic,4WD,Diesel,5.7,4,4,5,46500
Bmw,X5,2019,SUV,Automatic,AWD,Diesel,7.2,6,4,5,86888
Bmw,X3,2019,SUV,Automatic,4WD,Unleaded,7.4,4,4,5,52800
Bmw,M2,2019,Coupe,Automatic,REAR,Premium,9.1,6,2,4,81888
Bmw,X3,2019,SUV,Automatic,4WD,Unleaded,7.4,4,4,5,54990
Bmw,5,2019,NA,Automatic,REAR,Premium,NA,NA,NA,NA,66990
Bmw,X2,2019,SUV,Automatic,FRONT,Premium,6,4,4,5,37900
Bmw,X7,2019,SUV,Automatic,AWD,Diesel,7.3,6,4,7,98888
Bmw,X7,2019,Wagon,Automatic,OTHER,Diesel,NA,NA,NA,NA,149990
Bmw,330i,2019,Sedan,Automatic,REAR,Unleaded,6.4,4,4,5,52990
Bmw,X3,2019,SUV,Automatic,4WD,Premium,7.6,4,4,5,54800
Bmw,X2,2019,SUV,Automatic,FRONT,Premium,6,4,4,5,42990
Bmw,X4,2019,SUV,Automatic,AWD,Premium,7.8,4,5,5,66666
Bmw,X3,2019,SUV,Automatic,4WD,Diesel,6,6,4,5,42800
Bmw,X3,2019,SUV,Automatic,AWD,Premium,10.6,6,5,5,93880
Bmw,X3,2019,SUV,Automatic,4WD,Unleaded,7.4,4,4,5,52611
Bmw,X3,2019,SUV,Automatic,AWD,Diesel,6,6,4,5,74990
Bmw,X1,2019,SUV,Automatic,FRONT,Diesel,4.7,4,4,5,38990
Bmw,M140i,2019,Hatchback,Automatic,REAR,Premium,7.1,6,5,5,52880
Bmw,X1,2019,SUV,Automatic,FRONT,Premium,6.2,4,4,5,42990
Bmw,X3,2019,SUV,Automatic,4WD,Premium,7.6,4,4,5,49990
Bmw,M135i,2019,Hatchback,Automatic,AWD,Premium,7.5,4,4,5,47990
Bmw,330i,2019,Sedan,Automatic,REAR,Unleaded,6.4,4,4,5,51892
Bmw,X4,2019,SUV,Automatic,AWD,Premium,7.8,4,5,5,57990
Bmw,X5,2019,SUV,Automatic,AWD,Diesel,7.5,6,4,5,97888
Bmw,118i,2019,Hatchback,Manual,REAR,Premium,5.4,3,5,5,35850
Bmw,X7,2019,SUV,Automatic,AWD,Diesel,7.3,6,4,7,114888
Bmw,X1,2019,SUV,Automatic,AWD,Premium,6.6,4,4,5,41900
Bmw,530d,2019,Sedan,Automatic,REAR,Diesel,5.4,6,4,5,39500
Bmw,X1,2019,SUV,Automatic,AWD,Premium,6.6,4,4,5,44999
Bmw,X3,2019,SUV,Automatic,AWD,Premium,10.6,6,5,5,94830
Bmw,M4,2020,Coupe,Automatic,REAR,Premium,8.8,6,2,4,129988
Bmw,M240i,2020,Coupe,Automatic,REAR,Premium,7.4,6,2,4,61990
Bmw,M340i,2020,Sedan,Automatic,AWD,Premium,7.7,6,4,5,78995
Bmw,X1,2020,SUV,Automatic,AWD,Premium,6.6,4,4,5,47990
Bmw,330i,2020,Sedan,Automatic,REAR,Premium,6.4,4,4,5,73990
Bmw,X7,2020,SUV,Automatic,AWD,Diesel,7.3,6,4,7,119888
Bmw,X2,2020,SUV,Automatic,FRONT,Premium,6,4,4,5,48888
Bmw,M135i,2020,Hatchback,Automatic,AWD,Premium,7.5,4,4,5,51888
Bmw,M8,2020,Coupe,Automatic,AWD,Premium,10.4,8,2,4,189900
Bmw,X3,2020,SUV,Automatic,REAR,Unleaded,7.4,4,4,5,64880
Bmw,M235i,2020,Sedan,Automatic,AWD,Premium,7.6,4,4,5,56888
Bmw,X5,2020,SUV,Automatic,AWD,Diesel,7.2,6,4,5,89990
Bmw,220i,2020,Sedan,Automatic,FRONT,Hybrid,6.3,4,4,5,54990
Bmw,X3,2020,SUV,Automatic,REAR,Unleaded,7.4,4,4,5,63990
Bmw,X1,2020,SUV,Automatic,FRONT,Premium,6.1,4,4,5,48990
Bmw,X5,2020,SUV,Automatic,AWD,Diesel,7.2,6,4,5,79990
Bmw,M3,2020,Sedan,Automatic,REAR,Premium,10.2,6,4,5,157888
Bmw,5,2020,NA,Automatic,REAR,Premium,NA,NA,NA,NA,69888
Bmw,M440i,2020,Coupe,Automatic,AWD,Premium,7.8,6,2,4,99900
Bmw,X4,2021,SUV,Automatic,AWD,Unleaded,7.3,4,5,5,79988
Bmw,330i,2021,Sedan,Automatic,REAR,Premium,6.4,4,4,5,67988
Bmw,X3,2021,SUV,Automatic,AWD,Unleaded,7.6,4,4,5,79800
Bmw,X3,2021,SUV,Automatic,REAR,Unleaded,7.4,4,4,5,66988
Bmw,330i,2021,Sedan,Automatic,REAR,Premium,6.4,4,4,5,64800
Bmw,Ix,2021,Wagon,-,OTHER,Electric,NA,NA,NA,NA,177990
Bmw,X3,2021,SUV,Automatic,REAR,Unleaded,7.4,4,4,5,65990
Bmw,M4,2021,Coupe,Automatic,OTHER,Premium,NA,NA,NA,NA,184988
Bmw,M3,2021,NA,Automatic,OTHER,Premium,NA,NA,NA,NA,174988
Bmw,128ti,2021,Hatchback,Automatic,FRONT,Premium,6.8,4,5,5,49900
Bmw,M2,2021,Coupe,Automatic,REAR,Premium,9.1,6,2,4,119900
Bmw,Z4,2021,Convertible,Automatic,REAR,Premium,6.5,4,2,2,89988
Bmw,X1,2021,SUV,Automatic,FRONT,Premium,5.8,3,4,5,57349
Bmw,X1,2021,SUV,Automatic,FRONT,Premium,6.1,4,4,5,52490
Bmw,X4,2021,SUV,Automatic,AWD,Unleaded,8.7,6,5,5,115990
Bmw,118i,2021,Hatchback,Automatic,FRONT,Premium,5.9,3,5,5,48888
Bmw,118i,2021,Hatchback,Automatic,FRONT,Premium,5.9,3,5,5,48995
Bmw,330i,2021,Sedan,Automatic,REAR,Premium,6.4,4,4,5,61998
Bmw,M3,2021,Sedan,Automatic,AWD,Premium,0,6,4,5,168888
Bmw,X3,2021,SUV,Automatic,AWD,Unleaded,7.6,4,4,5,77990
Bmw,X1,2021,SUV,Automatic,FRONT,Premium,6.1,4,4,5,48990
Bmw,X4,2021,SUV,Automatic,AWD,Unleaded,7.4,4,5,5,79880
Bmw,118i,2021,Hatchback,Automatic,FRONT,Premium,5.9,3,5,5,47890
Bmw,430i,2022,Coupe,Automatic,REAR,Premium,6.6,4,2,4,108988
Bmw,320i,2022,Sedan,Automatic,REAR,Premium,6.3,4,4,5,69988
Bmw,M5,2022,Sedan,Automatic,AWD,Premium,10.5,8,4,5,219880
Bmw,118i,2022,Hatchback,Automatic,FRONT,Premium,5.9,3,5,5,57988
Bmw,X5,2022,NA,Automatic,OTHER,-,NA,NA,NA,NA,143900
Bmw,X3,2022,SUV,Automatic,AWD,Premium,7.9,4,4,5,94990
Bmw,218i,2022,Sedan,Automatic,FRONT,Premium,5.9,3,4,5,64988
Bmw,3,2022,Wagon,Automatic,REAR,Premium,NA,NA,NA,NA,76990
Bmw,X3,2022,Wagon,Automatic,OTHER,Premium,NA,NA,NA,NA,89988
Bmw,X5,2022,SUV,Automatic,AWD,Premium,9.2,6,4,5,144988
Bmw,X3,2022,SUV,Automatic,REAR,Premium,7.3,4,4,5,79988
Bmw,740i,2022,Sedan,Automatic,REAR,Hybrid,7.9,6,4,5,258888
Bmw,118i,2022,Hatchback,-,FRONT,Premium,5.9,3,5,5,53888
Bmw,118i,2022,Hatchback,Automatic,FRONT,Premium,5.9,3,5,5,54541
Bmw,X5,2022,SUV,Automatic,AWD,Diesel,7.2,6,4,5,118888
Bmw,320i,2022,Sedan,Automatic,REAR,Premium,6.3,4,4,5,64950
Bmw,2,2022,Coupe,Automatic,REAR,Premium,NA,NA,NA,NA,79480
Bmw,420i,2022,Coupe,Automatic,REAR,Premium,6.4,4,2,4,73950
Bmw,220i,2022,Sedan,Automatic,FRONT,Premium,6.3,4,4,5,72988
Bmw,330i,2022,Sedan,Automatic,REAR,Premium,6.4,4,4,5,68888
Bmw,2,2022,Coupe,Automatic,REAR,Premium,NA,NA,NA,NA,79988
Bmw,X3,2022,Wagon,Automatic,REAR,Unleaded,NA,NA,NA,NA,88988
Bmw,I4,2022,Sedan,Automatic,REAR,Electric,0,0,4,5,109990
Bmw,330i,2022,Wagon,Automatic,REAR,Premium,7,4,4,5,79999
Bmw,M8,2022,Sedan,Automatic,AWD,Premium,10.7,8,4,5,299990
Bmw,2,2022,Coupe,Automatic,AWD,Premium,8,6,2,4,91890
Bmw,2,2022,Coupe,Automatic,REAR,Premium,NA,NA,NA,NA,83900
Bmw,M3,2022,Sedan,Automatic,AWD,Premium,0,6,4,5,199900
Bmw,Ix,2022,SUV,Automatic,AWD,Electric,0,0,4,5,129888
Bmw,320i,2022,Sedan,Automatic,REAR,Premium,6.3,4,4,5,69888
Bmw,220i,2022,Coupe,Automatic,REAR,Premium,6.3,4,2,4,74888
Bmw,740i,2022,Sedan,Automatic,REAR,Hybrid,7.9,6,4,5,299000
Bmw,Ix,2022,SUV,Automatic,AWD,Electric,0,0,4,5,126888
Bmw,X5,2022,SUV,Automatic,AWD,Premium,12.5,8,4,5,219888
Bmw,740i,2022,Sedan,Automatic,REAR,Hybrid,7.9,6,4,5,299888
Bmw,330i,2022,Sedan,Automatic,REAR,Premium,6.5,4,4,5,99888
Bmw,X2,2022,SUV,Automatic,AWD,Premium,7.4,4,4,5,76898
Bmw,X4,2023,Wagon,Automatic,OTHER,Premium,NA,NA,NA,NA,189990
Bmw,218i,2023,Sedan,Automatic,FRONT,Premium,5.9,3,4,5,66900
Bmw,320i,2023,Sedan,Automatic,REAR,Premium,6.5,4,4,5,86980
Bmw,320i,2023,Sedan,Automatic,REAR,Premium,6.5,4,4,5,86990
Bmw,X5,2023,SUV,Automatic,AWD,Premium,11.5,8,4,5,168888
Bmw,5,2023,Sedan,Automatic,AWD,Premium,10.6,8,4,5,176998
Bmw,2,2023,Coupe,Automatic,OTHER,Premium,NA,NA,NA,NA,102880
Bmw,420i,2023,Hatchback,Automatic,REAR,-,6.5,4,4,5,83680
Bmw,X5,2023,SUV,Automatic,AWD,Premium,11.5,8,4,5,154000
Bmw,128ti,2023,Hatchback,Automatic,FRONT,Premium,6.8,4,5,5,66980
Bmw,530i,2023,Sedan,Automatic,REAR,Premium,6.2,4,4,5,114980
Bmw,M5,2023,Sedan,Automatic,AWD,Premium,10.6,8,4,5,243980
Bmw,X3,2023,SUV,Automatic,AWD,Premium,7.9,4,4,5,103900
Bmw,1,2023,Hatchback,Automatic,FRONT,Premium,NA,NA,NA,NA,69900
Bmw,X1,2023,SUV,Automatic,AWD,Premium,7.2,4,4,5,70400
Bmw,Alpina,2023,Wagon,Automatic,AWD,Premium,9.9,6,5,5,145900
Bmw,X2,2023,SUV,Automatic,FRONT,Premium,6.3,3,4,5,53500
Bmw,X3,2023,SUV,Automatic,REAR,Premium,7.3,4,4,5,83100
Bmw,320i,2023,Sedan,Automatic,REAR,-,6.5,4,4,5,80200
Bmw,X3,2023,SUV,Automatic,REAR,Premium,7.3,4,4,5,88100
Bmw,X5,2023,SUV,Automatic,AWD,Premium,12.5,8,4,5,227900
Bmw,8,2023,Sedan,Automatic,AWD,Premium,10.7,8,4,5,294900
Bmw,Ix,2023,SUV,Automatic,AWD,Electric,0,0,4,5,141900
Bmw,420i,2023,Coupe,Automatic,REAR,-,6.4,4,2,4,81100
Bmw,220i,2023,Coupe,Automatic,FRONT,Premium,6.3,4,2,4,68800
Bmw,X4,2023,SUV,Automatic,AWD,Premium,7.7,4,5,5,95700
Bmw,Alpina,2023,SUV,Automatic,AWD,Hybrid,6.8,6,5,5,114900
Bmw,520i,2023,Sedan,Automatic,REAR,Premium,6.2,4,4,5,107700
Bmw,530e,2023,Sedan,Automatic,REAR,Hybrid,2.3,4,4,5,127400
Bmw,X5,2023,SUV,Automatic,AWD,Diesel,6.9,4,4,5,109900
Bmw,X3,2023,SUV,Automatic,AWD,Premium,8.9,6,4,5,126800
Bmw,330i,2023,Wagon,Automatic,REAR,-,6.8,4,4,5,98700
Bmw,5,2023,Sedan,Automatic,AWD,Premium,10.6,8,4,5,154000
Byd,Atto,2022,SUV,Automatic,FRONT,Electric,0,0,4,5,49950
Byd,T3,2023,Commercial,Automatic,FRONT,Electric,0,0,4,2,34950
Caterham,Seven,2023,Convertible,Manual,REAR,Unleaded,6.2,4,2,2,81483
Caterham,Seven,2023,Convertible,Manual,REAR,Unleaded,6.2,4,2,2,126399
Chery,Omoda5,2023,SUV,Automatic,FRONT,-,6.9,4,4,5,33490
Chery,Omoda5,2023,SUV,Automatic,FRONT,-,6.9,4,4,5,36990
Chery,Omoda5,2023,SUV,Automatic,FRONT,-,6.9,4,4,5,31690
Chery,Omoda5,2023,SUV,Automatic,FRONT,-,6.9,4,4,5,37590
Chery,Omoda5,2023,SUV,Automatic,FRONT,-,6.9,4,4,5,34890
Chery,Omoda5,2023,SUV,Automatic,FRONT,-,6.9,4,4,5,37690
Chevrolet,Silverado,2020,Ute/Pickup,Automatic,4WD,Unleaded,0,8,4,5,127990
Chevrolet,Silverado,2021,Ute/Pickup,Automatic,4WD,Unleaded,0,8,4,5,115990
Chevrolet,Silverado,2021,Ute/Pickup,Automatic,4WD,Unleaded,0,8,4,5,129990
Chevrolet,Silverado,2021,Ute/Pickup,Automatic,4WD,Unleaded,0,8,4,5,145900
Chevrolet,Silverado,2021,Ute/Pickup,Automatic,4WD,Unleaded,0,8,4,5,121998
Chevrolet,Corvette,2021,Coupe,Automatic,REAR,Premium,0,8,2,2,304950
Chevrolet,Silverado,2022,Ute/Pickup,Automatic,4WD,Unleaded,13.2,8,4,5,149990
Chevrolet,Silverado,2022,Ute/Pickup,Automatic,4WD,Unleaded,13.2,8,4,5,128888
Chevrolet,Corvette,2022,Coupe,Automatic,REAR,Premium,NA,NA,NA,NA,315888
Chevrolet,Silverado,2022,Ute/Pickup,Automatic,4WD,Unleaded,13.2,8,4,5,132990
Chrysler,300,2014,NA,Automatic,REAR,Unleaded,NA,NA,NA,NA,39990
Chrysler,300,2017,Sedan,Automatic,REAR,Premium,13,8,4,5,71950
Chrysler,300,2017,Sedan,Automatic,REAR,Premium,9.7,6,4,5,42877
Chrysler,300,2019,Sedan,Automatic,REAR,Premium,13,8,4,5,57950
Chrysler,300,2019,Sedan,Automatic,REAR,Premium,13,8,4,5,64880
Chrysler,300,2019,Sedan,Automatic,REAR,Premium,13,8,4,5,48888
Chrysler,300,2019,Sedan,Automatic,REAR,Premium,13,8,4,5,61950
Chrysler,300,2019,Sedan,Automatic,REAR,Premium,13,8,4,5,74888
Chrysler,300,2021,Sedan,Automatic,REAR,Unleaded,13,8,4,5,71990
Citroen,Berlingo,2015,Commercial,Automatic,FRONT,Diesel,4.7,4,2,2,10990
Citroen,Grand,2015,Wagon,Automatic,FRONT,Diesel,4.5,4,4,7,19990
Citroen,C4,2016,SUV,Automatic,FRONT,Diesel,3.6,4,4,5,17880
Citroen,Berlingo,2016,Commercial,Manual,FRONT,Diesel,5.8,4,2,2,16999
Citroen,Berlingo,2017,Commercial,Automatic,FRONT,Diesel,4.1,4,2,2,22995
Citroen,Berlingo,2017,Commercial,Automatic,FRONT,Diesel,4.1,4,2,2,24980
Citroen,C3,2017,Hatchback,Automatic,FRONT,Unleaded,NA,NA,NA,NA,16990
Citroen,Berlingo,2018,Commercial,Manual,FRONT,Diesel,5,4,2,2,22990
Citroen,C5,2022,SUV,-,FRONT,-,5.7,4,5,5,59590
Citroen,C5,2023,SUV,-,FRONT,-,5.7,4,5,5,54990
Cupra,Formentor,2022,SUV,Automatic,4WD,Premium,7.7,4,4,5,69990
Cupra,Ateca,2022,SUV,Automatic,4WD,Premium,7.8,4,4,5,61880
Cupra,Formentor,2022,SUV,Automatic,4WD,Premium,7.7,4,4,5,67990
Cupra,Formentor,2022,SUV,Automatic,4WD,Premium,7.7,4,4,5,60990
Cupra,Born,2022,Hatchback,Automatic,REAR,Electric,0,0,5,4,67990
Cupra,Leon,2022,Hatchback,Automatic,FRONT,Premium,6.8,4,4,5,63990
Cupra,Ateca,2023,SUV,Automatic,4WD,-,7.8,4,4,5,66750
Daihatsu,Hijet,2015,NA,Automatic,OTHER,Unleaded,NA,NA,NA,NA,26888
Daihatsu,Hijet,2017,Ute/Pickup,Automatic,OTHER,Unleaded,NA,NA,2,NA,27999
Daihatsu,Hijet,2018,Commercial,Automatic,OTHER,Unleaded,NA,NA,NA,NA,36888
Daihatsu,Hijet,2019,NA,-,OTHER,-,NA,NA,NA,NA,33888
Daihatsu,Hijet,2022,Ute/Pickup,Manual,OTHER,Unleaded,NA,NA,NA,NA,28988
Daihatsu,Hijet,2022,Ute/Pickup,Manual,OTHER,Unleaded,NA,NA,2,NA,32850
Daihatsu,Hijet,2022,Ute/Pickup,Manual,OTHER,Unleaded,NA,NA,2,NA,25999
Daihatsu,Hijet,2022,Ute/Pickup,Manual,REAR,Premium,NA,NA,2,NA,24999
Daihatsu,Hijet,2022,Ute/Pickup,Manual,OTHER,Unleaded,NA,NA,2,NA,26750
Dodge,Journey,2014,SUV,Automatic,FRONT,Premium,10.4,6,4,5,11999
Dodge,Journey,2015,SUV,Automatic,FRONT,Premium,10.4,6,4,5,15995
Dodge,Journey,2015,SUV,Automatic,FRONT,Premium,10.4,6,4,5,17990
Ferrari,California,2017,Convertible,Automatic,REAR,Premium,10.5,8,2,4,349990
Fiat,500,2014,Hatchback,Automatic,FRONT,Premium,5.1,4,3,4,10990
Fiat,Panda,2014,Hatchback,Manual,FRONT,Premium,4.2,2,5,5,8990
Fiat,500,2014,Hatchback,Automatic,FRONT,Premium,6.3,4,3,4,11400
Fiat,Freemont,2014,SUV,Automatic,FRONT,Unleaded,9.8,4,4,5,14888
Fiat,Scudo,2014,Commercial,Manual,FRONT,Diesel,7.4,4,5,3,14990
Fiat,500,2014,Hatchback,Manual,FRONT,Premium,5.1,4,3,4,9766
Fiat,500,2014,Hatchback,Automatic,FRONT,Premium,5.1,4,3,4,13800
Fiat,500,2015,Hatchback,Manual,FRONT,Premium,5.1,4,3,4,9800
Fiat,500,2015,Hatchback,Automatic,FRONT,Premium,5.1,4,3,4,14990
Fiat,Freemont,2015,SUV,Automatic,FRONT,Unleaded,9.8,4,4,5,19999
Fiat,Freemont,2015,SUV,Automatic,FRONT,Premium,10.4,6,4,7,18999
Fiat,500,2015,Hatchback,Manual,FRONT,Premium,5.1,4,3,4,10999
Fiat,Scudo,2015,Commercial,Manual,FRONT,Diesel,7.4,4,5,3,19999
Fiat,500,2015,Hatchback,Automatic,FRONT,Premium,5.1,4,3,4,11900
Fiat,Ducato,2016,Ute/Pickup,Automatic,FRONT,Diesel,NA,NA,NA,NA,129975
Fiat,500x,2016,SUV,Automatic,FRONT,Unleaded,5.7,4,4,5,17999
Fiat,Ducato,2016,Commercial,Automatic,FRONT,Diesel,NA,NA,NA,NA,36888
Fiat,Doblo,2017,Commercial,Automatic,FRONT,Diesel,4.9,4,2,2,15990
Fiat,Ducato,2017,Commercial,Automatic,FRONT,Diesel,NA,NA,NA,NA,34975
Fiat,Doblo,2017,Commercial,Automatic,FRONT,Diesel,4.9,4,2,2,16999
Fiat,Ducato,2018,Commercial,Automatic,FRONT,Diesel,NA,NA,NA,NA,38888
Fiat,500,2019,Hatchback,Automatic,FRONT,Premium,4.8,4,3,4,20800
Fiat,500,2020,Hatchback,Automatic,FRONT,Unleaded,4.8,4,3,4,21950
Fiat,500,2022,Hatchback,-,OTHER,-,NA,NA,NA,NA,26527
Fiat,500,2022,Hatchback,-,OTHER,-,NA,NA,NA,NA,29995
Fiat,500,2022,Hatchback,-,OTHER,-,NA,NA,NA,NA,26995
Ford,Fiesta,2014,Hatchback,Automatic,FRONT,Unleaded,5.4,3,5,5,12400
Ford,Ranger,2014,Ute/Pickup,Automatic,4WD,Diesel,9.2,5,4,5,27990
Ford,Territory,2014,SUV,Automatic,AWD,Diesel,9,6,4,7,15950
Ford,Ranger,2014,Ute/Pickup,Automatic,OTHER,Diesel,NA,NA,NA,NA,31999
Ford,Focus,2014,Hatchback,Manual,FRONT,Unleaded,7.2,4,5,5,9990
Ford,Focus,2014,Hatchback,Manual,FRONT,Unleaded,7.2,4,5,5,10990
Ford,Ranger,2014,Ute/Pickup,Manual,4WD,Diesel,8.9,5,4,4,21990
Ford,Focus,2014,Hatchback,Manual,FRONT,Premium,7.4,4,5,5,24995
Ford,Ranger,2014,Ute/Pickup,Automatic,REAR,Diesel,8.9,4,4,5,25777
Ford,Fiesta,2014,Hatchback,Manual,OTHER,-,NA,NA,NA,NA,12888
Ford,Ranger,2014,Ute/Pickup,Automatic,4WD,Diesel,9.6,5,4,5,35999
Ford,Focus,2014,Hatchback,Automatic,FRONT,Diesel,5.5,4,5,5,14990
Ford,Focus,2014,Hatchback,Automatic,FRONT,Unleaded,6.6,4,5,5,9995
Ford,Territory,2014,SUV,Automatic,REAR,Diesel,8.2,6,4,5,10990
Ford,Fiesta,2014,Hatchback,Manual,FRONT,Unleaded,6.2,4,3,5,17990
Ford,Ranger,2014,Ute/Pickup,Automatic,4WD,Diesel,9.2,5,2,2,22888
Ford,Mondeo,2014,Wagon,Automatic,FRONT,Diesel,6.2,4,4,5,12995
Ford,Ranger,2014,Ute/Pickup,Manual,REAR,Diesel,7.6,4,2,2,22990
Ford,Ranger,2014,Ute/Pickup,Manual,4WD,Diesel,8.9,5,4,5,24990
Ford,Focus,2014,Hatchback,Manual,FRONT,Premium,7.4,4,5,5,24990
Ford,Ranger,2014,Ute/Pickup,Manual,4WD,Diesel,8.9,5,4,4,28990
Ford,Ranger,2014,Ute/Pickup,Automatic,4WD,Diesel,9.2,5,4,5,34990
Ford,Falcon,2014,Ute/Pickup,Automatic,OTHER,Unleaded,NA,NA,NA,NA,30490
Ford,Ranger,2014,Ute/Pickup,Automatic,4WD,Diesel,9.2,5,2,2,21990
Ford,Territory,2014,SUV,Automatic,AWD,Diesel,8.8,6,4,5,16990
Ford,Territory,2014,SUV,Automatic,REAR,Unleaded,10.6,6,4,5,12490
Ford,Ranger,2014,Ute/Pickup,Automatic,4WD,Diesel,9.6,5,4,5,27986
Ford,Falcon,2014,Ute/Pickup,Automatic,REAR,Lpg,13.9,6,2,2,21990
Ford,Fiesta,2014,Hatchback,Automatic,FRONT,Unleaded,NA,NA,NA,NA,12999
Ford,Focus,2014,Hatchback,Automatic,FRONT,Unleaded,6.6,4,5,5,14999
Ford,Focus,2014,Hatchback,Automatic,FRONT,Unleaded,6.6,4,5,5,15990
Ford,Territory,2014,SUV,Automatic,REAR,Diesel,8.2,6,4,7,20990
Ford,Territory,2014,SUV,Automatic,REAR,Diesel,8.2,6,4,7,13990
Ford,Kuga,2014,SUV,Automatic,AWD,Diesel,6.3,4,4,5,14990
Ford,Ranger,2014,Ute/Pickup,Automatic,OTHER,Diesel,NA,NA,NA,NA,29990
Ford,Ranger,2014,Ute/Pickup,Automatic,OTHER,Diesel,NA,NA,NA,NA,18990
Ford,Ranger,2014,Ute/Pickup,Manual,REAR,Diesel,7.6,4,2,2,15990
Ford,Focus,2014,Hatchback,Automatic,FRONT,Unleaded,NA,NA,NA,NA,10990
Ford,Mondeo,2014,Wagon,Automatic,FRONT,Diesel,6.2,4,4,5,12990
Ford,Territory,2014,SUV,Automatic,REAR,Diesel,8.2,6,4,5,11999
Ford,Ranger,2014,Ute/Pickup,Automatic,4WD,Diesel,9.2,5,4,5,26990
Ford,Ranger,2014,Ute/Pickup,Automatic,4WD,Diesel,9.2,5,4,5,23990
Ford,Ranger,2014,Ute/Pickup,Automatic,4WD,Diesel,9.2,5,4,5,35780
Ford,Ranger,2014,Ute/Pickup,Manual,4WD,Diesel,9.4,5,4,5,28997
Ford,Territory,2014,SUV,Automatic,REAR,Diesel,8.2,6,4,7,20880
Ford,Ecosport,2014,SUV,Manual,FRONT,Premium,5.7,3,4,5,11990
Ford,Territory,2014,NA,-,OTHER,-,NA,NA,NA,NA,12999
Ford,Kuga,2014,SUV,Automatic,AWD,Premium,7.7,4,4,5,18990
Ford,Ranger,2014,Ute/Pickup,Manual,4WD,Diesel,9.4,5,4,5,37750
Ford,Falcon,2014,Sedan,Automatic,REAR,Unleaded,13.7,8,4,5,63990
Ford,Territory,2015,SUV,Automatic,REAR,Diesel,8.2,6,4,7,16999
Ford,Focus,2015,Hatchback,Manual,FRONT,Premium,7.3,4,5,5,29950
Ford,Falcon,2015,Sedan,Manual,REAR,Unleaded,13.6,8,4,5,49980
Ford,Falcon,2015,Sedan,Manual,REAR,Unleaded,13.6,8,4,5,63800
Ford,Ranger,2015,Ute/Pickup,Automatic,REAR,Diesel,8.5,5,4,5,38995
Ford,Ranger,2015,Ute/Pickup,Automatic,4WD,Diesel,8.8,5,4,5,28990
Ford,Mondeo,2015,Wagon,Automatic,FRONT,Unleaded,8.5,4,4,5,18980
Ford,Ranger,2015,Ute/Pickup,Manual,4WD,Diesel,8.9,5,4,5,34999
Ford,Ecosport,2015,SUV,Manual,FRONT,Premium,5.7,3,4,5,8999
Ford,Ranger,2015,Ute/Pickup,Manual,4WD,Diesel,8.3,5,4,5,23750
Ford,Kuga,2015,SUV,Automatic,AWD,Premium,7.7,4,4,5,14995
Ford,F,2015,Ute/Pickup,Automatic,OTHER,-,NA,NA,NA,NA,134990
Ford,Ranger,2015,Ute/Pickup,Manual,4WD,Diesel,8.9,5,4,5,23800
Ford,Ranger,2015,Ute/Pickup,Automatic,REAR,Diesel,8.9,4,4,5,28995
Ford,Territory,2015,SUV,Automatic,REAR,Diesel,8.2,6,4,5,11950
Ford,Ranger,2015,Ute/Pickup,Automatic,4WD,Diesel,9.4,4,4,5,27950
Ford,Falcon,2015,Sedan,Automatic,REAR,Unleaded,11.7,6,4,5,44950
Ford,Territory,2015,SUV,Automatic,AWD,Diesel,8.8,6,4,5,21980
Ford,Focus,2015,Hatchback,Automatic,FRONT,Unleaded,NA,NA,NA,NA,16990
Ford,Ranger,2015,Ute/Pickup,Automatic,4WD,Diesel,9.2,5,4,5,24995
Ford,Mondeo,2015,Wagon,Automatic,FRONT,Diesel,5.3,4,4,5,16990
Ford,Everest,2015,SUV,Automatic,AWD,Diesel,8.5,5,4,7,41990
Ford,Everest,2015,SUV,Automatic,AWD,Diesel,8.5,5,4,7,29990
Ford,Focus,2015,Hatchback,Manual,FRONT,Unleaded,7.2,4,5,5,17990
Ford,Ranger,2015,Ute/Pickup,Automatic,4WD,Diesel,9,5,4,5,38990
Ford,Everest,2015,SUV,Automatic,AWD,Diesel,8.5,5,4,7,33333
Ford,Territory,2015,SUV,Automatic,REAR,Diesel,8.2,6,4,7,26990
Ford,Ranger,2015,Ute/Pickup,Manual,4WD,Diesel,8.3,5,4,5,37990
Ford,Ranger,2015,Ute/Pickup,Automatic,4WD,Diesel,9.2,5,4,5,33990
Ford,Ranger,2015,Ute/Pickup,Automatic,REAR,Diesel,8.5,5,4,4,29990
Ford,Ranger,2015,Ute/Pickup,Automatic,4WD,Diesel,9,5,4,5,36500
Ford,Mustang,2015,Coupe,Automatic,REAR,Premium,12.6,8,2,4,45987
Ford,Territory,2015,SUV,Automatic,REAR,Unleaded,10.5,6,4,7,16999
Ford,Ranger,2015,Ute/Pickup,Manual,4WD,Diesel,8.9,5,4,4,27980
Ford,Ranger,2015,Ute/Pickup,Automatic,4WD,Diesel,9.4,4,4,5,19990
Ford,Ecosport,2015,SUV,Automatic,FRONT,Premium,6.5,4,4,5,14900
Ford,Territory,2015,SUV,Automatic,AWD,Diesel,8.8,6,4,5,17990
Ford,Kuga,2015,SUV,Automatic,FRONT,Premium,7.2,4,4,5,19990
Ford,Ranger,2015,Ute/Pickup,Automatic,4WD,Diesel,9.2,5,4,5,29864
Ford,Ranger,2015,Ute/Pickup,Manual,4WD,Diesel,8.9,5,4,4,26990
Ford,Ranger,2015,Ute/Pickup,Automatic,REAR,Diesel,7.5,4,2,2,22995
Ford,Ranger,2015,Ute/Pickup,Manual,4WD,Diesel,8.3,5,4,4,44990
Ford,Everest,2015,SUV,Automatic,AWD,Diesel,8.5,5,4,7,49990
Ford,Falcon,2015,Ute/Pickup,Automatic,REAR,Unleaded,10.7,6,2,2,29990
Ford,Everest,2015,SUV,Automatic,AWD,Diesel,8.5,5,4,7,34990
Ford,Focus,2015,Hatchback,Automatic,FRONT,Unleaded,6.2,4,5,5,18990
Ford,Ecosport,2015,SUV,Manual,FRONT,Premium,5.7,3,4,5,13290
Ford,Everest,2015,SUV,Automatic,AWD,Diesel,8.5,5,4,7,29995
Ford,Ranger,2015,Ute/Pickup,Automatic,REAR,Diesel,8.5,5,4,5,22999
Ford,Falcon,2015,Ute/Pickup,Automatic,REAR,Lpg,13.9,6,2,2,31787
Ford,Ranger,2015,Ute/Pickup,Manual,4WD,Diesel,8.3,5,4,5,36895
Ford,Ranger,2015,Ute/Pickup,Automatic,4WD,Diesel,9.2,5,4,5,29990
Ford,Kuga,2015,SUV,Automatic,AWD,Premium,8,4,4,5,21990
Ford,Kuga,2015,Wagon,Automatic,OTHER,Premium,NA,NA,NA,NA,22990
Ford,Mondeo,2015,Hatchback,Automatic,FRONT,Diesel,5.1,4,5,5,14989
Ford,Fiesta,2015,Hatchback,Automatic,FRONT,Unleaded,5.4,3,5,5,17411
Ford,Ranger,2015,Ute/Pickup,Automatic,4WD,Diesel,8.8,5,4,4,35990
Ford,Ranger,2015,Ute/Pickup,Automatic,4WD,Diesel,9,5,4,5,38947
Ford,Focus,2015,Hatchback,Automatic,FRONT,Unleaded,NA,NA,NA,NA,19999
Ford,Territory,2015,SUV,Automatic,REAR,Unleaded,10.5,6,4,7,21990
Ford,Ranger,2015,Ute/Pickup,Automatic,OTHER,-,NA,NA,NA,NA,18990
Ford,Ranger,2015,Ute/Pickup,Automatic,4WD,Diesel,8.1,4,4,5,26990
Ford,Ecosport,2015,SUV,Automatic,FRONT,Premium,6.5,4,4,5,13999
Ford,Focus,2015,Hatchback,Automatic,OTHER,-,NA,NA,NA,NA,14990
Ford,Transit,2015,Commercial,Manual,FRONT,Diesel,7.3,4,3,2,31988
Ford,Ranger,2015,Ute/Pickup,Automatic,4WD,Diesel,9.2,5,4,5,32888
Ford,Kuga,2015,SUV,Automatic,FRONT,Premium,7.2,4,4,5,14950
Ford,Ranger,2015,Ute/Pickup,Automatic,REAR,Diesel,7.5,4,2,2,13800
Ford,Mustang,2015,Coupe,Automatic,REAR,Premium,12.6,8,2,4,46990
Ford,Ecosport,2015,SUV,Automatic,FRONT,Premium,6.5,4,4,5,13995
Ford,Ranger,2015,Ute/Pickup,Automatic,4WD,Diesel,9,5,4,5,31990
Ford,Focus,2016,Hatchback,Automatic,FRONT,Unleaded,6.2,4,5,5,16999
Ford,Ranger,2016,Ute/Pickup,Automatic,4WD,Diesel,9,5,4,5,36999
Ford,Transit,2016,Commercial,Manual,REAR,Diesel,NA,NA,NA,NA,34990
Ford,Focus,2016,Hatchback,Manual,FRONT,Premium,7.3,4,5,5,26888
Ford,Ranger,2016,Ute/Pickup,Automatic,4WD,Diesel,8.8,5,4,5,26000
Ford,Ranger,2016,Ute/Pickup,Automatic,4WD,Diesel,9,5,4,5,32999
Ford,Fiesta,2016,Hatchback,Manual,FRONT,Unleaded,4.9,3,5,5,12999
Ford,Ranger,2016,Ute/Pickup,Manual,4WD,Diesel,8.3,5,4,5,38990
Ford,Ranger,2016,Ute/Pickup,Automatic,4WD,Diesel,8.1,4,4,5,24900
Ford,Ranger,2016,Ute/Pickup,Automatic,4WD,Diesel,9,5,4,5,35999
Ford,Focus,2016,Hatchback,Automatic,FRONT,Unleaded,6.2,4,5,5,15990
Ford,Territory,2016,SUV,Automatic,AWD,Diesel,8.8,6,4,5,22990
Ford,Focus,2016,Hatchback,Automatic,FRONT,Unleaded,6.4,4,5,5,23950
Ford,Focus,2016,Hatchback,Automatic,FRONT,Unleaded,6.4,4,5,5,17950
Ford,Ranger,2016,Ute/Pickup,Automatic,4WD,Diesel,9,5,4,5,34950
Ford,Ranger,2016,Ute/Pickup,Automatic,REAR,Diesel,7.5,4,4,5,26990
Ford,Ranger,2016,Ute/Pickup,Automatic,REAR,Diesel,7.5,4,2,2,21990
Ford,Ecosport,2016,SUV,Automatic,FRONT,Premium,6.5,4,4,5,19888
Ford,Ranger,2016,Ute/Pickup,Automatic,4WD,Diesel,9.2,5,4,5,28990
Ford,Ranger,2016,Ute/Pickup,Automatic,4WD,Diesel,9.2,5,4,5,29888
Ford,Mustang,2016,Coupe,Automatic,REAR,Premium,12.6,8,2,4,45990
Ford,Ranger,2016,Ute/Pickup,Automatic,4WD,Diesel,8.1,4,4,5,22999
Ford,Ranger,2016,Ute/Pickup,Automatic,REAR,Diesel,7.5,4,2,2,24990
Ford,Ranger,2016,Ute/Pickup,Automatic,4WD,Diesel,9.2,5,4,5,32950
Ford,Ranger,2016,Ute/Pickup,Automatic,4WD,Diesel,9,5,4,5,49999
Ford,Ranger,2016,Ute/Pickup,Automatic,4WD,Diesel,9,5,4,5,33990
Ford,Ranger,2016,Ute/Pickup,Automatic,4WD,Diesel,9.2,5,4,5,28880
Ford,Everest,2016,SUV,Automatic,AWD,Diesel,8.5,5,4,7,44900
Ford,Ranger,2016,Ute/Pickup,Automatic,4WD,Diesel,9,5,4,5,28999
Ford,Ranger,2016,Ute/Pickup,Manual,4WD,Diesel,8.3,5,4,5,24990
Ford,Ranger,2016,Ute/Pickup,Automatic,4WD,Diesel,8.8,5,4,5,31999
Ford,Focus,2016,Hatchback,Automatic,FRONT,Unleaded,6.2,4,5,5,21990
Ford,Mondeo,2016,Wagon,Automatic,FRONT,Diesel,5.3,4,4,5,22890
Ford,Mustang,2016,Coupe,Manual,OTHER,Premium,NA,NA,NA,NA,89990
Ford,Focus,2016,Hatchback,Manual,AWD,Premium,8.1,4,5,5,48990
Ford,Ranger,2016,Ute/Pickup,Automatic,4WD,Diesel,9,5,4,5,29995
Ford,Ranger,2016,Ute/Pickup,Automatic,REAR,Diesel,7.5,4,4,4,24950
Ford,Ranger,2016,Ute/Pickup,Automatic,4WD,Diesel,9,5,4,5,37800
Ford,Ranger,2016,Ute/Pickup,Automatic,4WD,Diesel,9,5,4,5,41990
Ford,Ranger,2016,Ute/Pickup,Automatic,4WD,Diesel,8.8,5,4,5,32800
Ford,Focus,2016,Hatchback,Automatic,FRONT,Unleaded,6.2,4,5,5,18888
Ford,Ranger,2016,Ute/Pickup,Automatic,4WD,Diesel,9.2,5,4,5,37990
Ford,Focus,2016,Hatchback,Manual,FRONT,Unleaded,5.8,4,5,5,18990
Ford,Kuga,2016,SUV,Automatic,AWD,Diesel,5.6,4,4,5,18990
Ford,Ecosport,2016,SUV,Manual,FRONT,Premium,5.7,3,4,5,12750
Ford,Ranger,2016,Ute/Pickup,Automatic,4WD,Diesel,9,5,4,5,37888
Ford,Territory,2016,SUV,Automatic,REAR,Diesel,8.2,6,4,5,16990
Ford,Ranger,2016,Ute/Pickup,Automatic,4WD,Diesel,8.8,5,2,2,34995
Ford,Ranger,2016,Ute/Pickup,Manual,REAR,Diesel,6.9,4,4,5,23990
Ford,Ranger,2016,Ute/Pickup,Automatic,REAR,Diesel,7.5,4,4,5,19990
Ford,Territory,2016,SUV,Automatic,AWD,Diesel,9,6,4,7,22498
Ford,Falcon,2016,Sedan,Automatic,REAR,Unleaded,11.7,6,4,5,36987
Ford,Focus,2016,Hatchback,Automatic,FRONT,Unleaded,6.2,4,5,5,13999
Ford,Escape,2016,SUV,Automatic,AWD,Premium,8.8,4,4,5,22990
Ford,Ranger,2016,Ute/Pickup,Automatic,4WD,Diesel,9,5,4,5,47990
Ford,Territory,2016,SUV,Automatic,REAR,Unleaded,10.2,6,4,5,16888
Ford,Everest,2016,SUV,Automatic,AWD,Diesel,8.5,5,4,7,49990
Ford,Territory,2016,SUV,Automatic,REAR,Unleaded,10.5,6,4,7,24990
Ford,Territory,2016,SUV,Automatic,REAR,Diesel,8.2,6,4,7,25990
Ford,Mustang,2016,Coupe,Manual,REAR,Premium,13.1,8,2,4,57980
Ford,Mustang,2016,Coupe,Manual,REAR,Premium,13.1,8,2,4,41990
Ford,Mustang,2016,Coupe,Automatic,REAR,Premium,12.6,8,2,4,47990
Ford,Focus,2016,Hatchback,Automatic,FRONT,Unleaded,6.2,4,5,5,17990
Ford,Ranger,2016,Ute/Pickup,Automatic,4WD,Diesel,9,5,4,5,48990
Ford,Focus,2016,Hatchback,Automatic,FRONT,Unleaded,6.2,4,5,5,15888
Ford,Territory,2016,SUV,Automatic,AWD,Diesel,8.8,6,4,5,21990
Ford,Kuga,2016,SUV,Automatic,AWD,Diesel,5.5,4,4,5,20998
Ford,Mustang,2016,Coupe,Automatic,REAR,Premium,12.6,8,2,4,46999
Ford,Ranger,2016,Ute/Pickup,Automatic,4WD,Diesel,8.8,5,4,5,31888
Ford,Ranger,2016,Ute/Pickup,Automatic,4WD,Diesel,9.2,5,4,5,23990
Ford,Territory,2016,SUV,Automatic,REAR,Diesel,8.2,6,4,5,29990
Ford,Ranger,2016,Ute/Pickup,Automatic,4WD,Diesel,9,5,4,5,30990
Ford,Mustang,2016,Coupe,Automatic,REAR,Premium,12.6,8,2,4,59990
Ford,Ecosport,2016,SUV,Automatic,FRONT,Premium,6.5,4,4,5,16990
Ford,Everest,2016,SUV,Automatic,REAR,Diesel,8.5,5,4,7,34991
Ford,Ranger,2016,Ute/Pickup,Automatic,4WD,Diesel,8.1,4,4,5,30999
Ford,Territory,2016,SUV,Automatic,REAR,Diesel,8.2,6,4,5,19990
Ford,Everest,2016,SUV,Automatic,AWD,Diesel,8.5,5,4,7,43990
Ford,Ranger,2016,Ute/Pickup,Manual,4WD,Diesel,8.3,5,4,5,45888
Ford,Ranger,2016,Ute/Pickup,Automatic,REAR,Diesel,7.5,4,4,5,31777
Ford,Ranger,2016,Ute/Pickup,Manual,REAR,Diesel,6.9,4,4,5,22990
Ford,Ranger,2016,Ute/Pickup,Automatic,4WD,Diesel,9,5,4,5,49990
Ford,Ranger,2016,Ute/Pickup,Automatic,OTHER,-,NA,NA,NA,NA,36990
Ford,Everest,2016,SUV,Automatic,AWD,Diesel,8.5,5,4,7,47990
Ford,Falcon,2016,Sedan,Automatic,REAR,Unleaded,9,6,4,5,15999
Ford,Ranger,2016,Ute/Pickup,Automatic,4WD,Diesel,9,5,4,5,44990
Ford,Ranger,2017,Ute/Pickup,Manual,4WD,Diesel,8.3,5,2,2,29999
Ford,Ranger,2017,Ute/Pickup,Automatic,4WD,Diesel,8.8,5,4,5,36990
Ford,Ranger,2017,Ute/Pickup,Automatic,4WD,Diesel,8.8,5,4,5,27990
Ford,Ranger,2017,Ute/Pickup,Automatic,OTHER,Diesel,NA,NA,NA,NA,29990
Ford,Transit,2017,Commercial,Manual,REAR,Diesel,NA,NA,NA,NA,37880
Ford,Ranger,2017,Ute/Pickup,Automatic,REAR,Diesel,8.5,5,4,5,35999
Ford,Ranger,2017,Ute/Pickup,Manual,4WD,Diesel,8.3,5,4,5,29950
Ford,Ranger,2017,Ute/Pickup,Automatic,REAR,Diesel,7.5,4,4,4,24990
Ford,Ranger,2017,Ute/Pickup,Automatic,4WD,Diesel,9.2,5,4,5,33990
Ford,Ranger,2017,Ute/Pickup,Automatic,4WD,Diesel,9,5,4,5,44990
Ford,Mondeo,2017,Hatchback,Automatic,FRONT,Unleaded,8.5,4,5,5,25900
Ford,Ranger,2017,Ute/Pickup,Automatic,4WD,Diesel,8.1,4,4,5,35999
Ford,Mustang,2017,Coupe,Automatic,REAR,Premium,12.6,8,2,4,43990
Ford,Escape,2017,SUV,Automatic,AWD,Diesel,5.6,4,4,5,22990
Ford,Ranger,2017,Ute/Pickup,Automatic,4WD,Diesel,8.1,4,4,5,28990
Ford,Mustang,2017,Coupe,Automatic,REAR,Premium,12.6,8,2,4,44990
Ford,Mustang,2017,Coupe,Automatic,REAR,Premium,NA,NA,NA,NA,234990
Ford,Everest,2017,SUV,Automatic,4WD,Diesel,8.5,5,4,7,49500
Ford,Everest,2017,SUV,Automatic,AWD,Diesel,8.5,5,4,7,39880
Ford,Ranger,2017,Ute/Pickup,Automatic,REAR,Diesel,7.5,4,4,5,29990
Ford,Mondeo,2017,Hatchback,Automatic,FRONT,Diesel,5.1,4,5,5,18990
Ford,Ranger,2017,Ute/Pickup,Automatic,4WD,Diesel,8.9,5,4,5,41990
Ford,Ecosport,2017,SUV,Automatic,FRONT,Premium,6.5,4,4,5,17888
Ford,Mustang,2017,Coupe,Automatic,REAR,Premium,12.6,8,2,4,54990
Ford,Ranger,2017,Ute/Pickup,Automatic,REAR,Diesel,7.5,4,4,5,29995
Ford,Ranger,2017,Ute/Pickup,Manual,4WD,Diesel,8.3,5,4,4,32995
Ford,Escape,2017,SUV,Automatic,FRONT,Premium,7.2,4,4,5,19990
Ford,Ranger,2017,Ute/Pickup,Automatic,4WD,Diesel,9,5,4,5,43888
Ford,Ranger,2017,Ute/Pickup,Automatic,4WD,Diesel,8.1,4,4,5,26990
Ford,Everest,2017,SUV,Automatic,AWD,Diesel,8.5,5,4,7,40888
Ford,Ecosport,2017,SUV,Automatic,FRONT,Premium,6.5,4,4,5,18950
Ford,Ranger,2017,Ute/Pickup,Automatic,4WD,Diesel,8.8,5,4,5,31990
Ford,Ranger,2017,Ute/Pickup,Automatic,4WD,Diesel,9,5,4,5,34990
Ford,Ranger,2017,Ute/Pickup,Automatic,4WD,Diesel,9,5,4,5,42888
Ford,Everest,2017,SUV,Automatic,4WD,Diesel,8.5,5,4,7,40980
Ford,Ranger,2017,Ute/Pickup,Manual,4WD,Diesel,8.3,5,4,5,37913
Ford,Everest,2017,SUV,Automatic,AWD,Diesel,8.5,5,4,7,34477
Ford,Ranger,2017,Ute/Pickup,Automatic,4WD,Diesel,8.8,5,4,5,34300
Ford,Ranger,2017,Ute/Pickup,Automatic,REAR,Diesel,8.5,5,4,4,30980
Ford,Transit,2017,Commercial,Automatic,FRONT,Diesel,7.2,4,2,3,32990
Ford,Mustang,2017,Coupe,Automatic,REAR,Premium,12.6,8,2,4,49995
Ford,Transit,2017,Commercial,Automatic,FRONT,Diesel,NA,NA,NA,NA,41990
Ford,Ranger,2017,Ute/Pickup,Manual,4WD,Diesel,8.3,5,4,5,22850
Ford,Ranger,2017,Ute/Pickup,Automatic,4WD,Diesel,9,5,4,5,43490
Ford,Ranger,2017,Ute/Pickup,Automatic,4WD,Diesel,9,5,4,5,44490
Ford,Ranger,2017,Ute/Pickup,Manual,4WD,Diesel,8.3,5,2,2,33990
Ford,Focus,2017,Hatchback,Manual,AWD,Premium,8.1,4,5,5,46990
Ford,Focus,2017,Hatchback,Manual,AWD,Premium,8.1,4,5,5,53987
Ford,Focus,2017,Hatchback,Manual,AWD,Premium,8.1,4,5,5,47990
Ford,Ranger,2017,Ute/Pickup,Automatic,4WD,Diesel,9,5,4,5,45990
Ford,Escape,2017,SUV,Automatic,AWD,Diesel,5.6,4,4,5,29900
Ford,Ranger,2017,Ute/Pickup,Manual,4WD,Diesel,8.3,5,4,5,38999
Ford,Focus,2017,Hatchback,Manual,AWD,Premium,8.1,4,5,5,41987
Ford,Ranger,2017,Ute/Pickup,Automatic,4WD,Diesel,9.2,5,4,5,42990
Ford,Everest,2017,SUV,Automatic,REAR,Diesel,8.4,5,4,5,39499
Ford,Focus,2017,Hatchback,Automatic,FRONT,Unleaded,6.4,4,5,5,27990
Ford,Ranger,2017,Ute/Pickup,Automatic,4WD,Diesel,9,5,4,5,46990
Ford,Everest,2017,SUV,Automatic,AWD,Diesel,8.5,5,4,7,44499
Ford,Mondeo,2017,Wagon,Automatic,FRONT,Diesel,5.3,4,4,5,17990
Ford,Ranger,2017,Ute/Pickup,Automatic,4WD,Diesel,8.7,5,4,4,37990
Ford,Everest,2017,SUV,Automatic,AWD,Diesel,8.5,5,4,7,49990
Ford,Ranger,2017,Ute/Pickup,Automatic,4WD,Diesel,9,5,4,5,41490
Ford,Everest,2017,SUV,Automatic,4WD,Diesel,8.5,5,4,5,39990
Ford,Everest,2017,SUV,Automatic,REAR,Diesel,8.4,5,4,5,36990
Ford,Escape,2017,SUV,Automatic,AWD,Premium,8.8,4,4,5,28990
Ford,Ranger,2017,Ute/Pickup,Manual,4WD,Diesel,8.3,5,4,4,48990
Ford,Ranger,2017,Ute/Pickup,Automatic,4WD,Diesel,8.7,5,4,5,50990
Ford,Mustang,2017,Coupe,Manual,REAR,Unleaded,8.5,4,2,4,44990
Ford,Escape,2017,SUV,Automatic,AWD,Premium,8.8,4,4,5,22950
Ford,Everest,2017,SUV,Automatic,4WD,Diesel,8.5,5,4,7,34790
Ford,Mustang,2017,Convertible,Automatic,REAR,Premium,12.7,8,2,4,59990
Ford,Ranger,2017,Ute/Pickup,Automatic,4WD,Diesel,8.8,5,4,5,29990
Ford,Ranger,2017,Ute/Pickup,Automatic,4WD,Diesel,9,5,4,5,48888
Ford,Ranger,2017,Ute/Pickup,Automatic,4WD,Diesel,9,5,4,5,56950
Ford,Mustang,2017,Coupe,Automatic,REAR,Premium,12.6,8,2,4,61990
Ford,Ranger,2017,Ute/Pickup,Automatic,4WD,Diesel,9,5,4,5,33997
Ford,Mustang,2017,Coupe,Automatic,REAR,Premium,12.6,8,2,4,53999
Ford,Focus,2017,Hatchback,Automatic,FRONT,Unleaded,6.2,4,5,5,20990
Ford,Mustang,2017,NA,Automatic,REAR,Premium,NA,NA,NA,NA,59999
Ford,Mustang,2017,Coupe,Manual,REAR,Premium,13.1,8,2,4,48999
Ford,Focus,2017,Hatchback,Automatic,FRONT,Unleaded,6.2,4,5,5,22999
Ford,Focus,2017,Hatchback,Manual,FRONT,Premium,7.3,4,5,5,28990
Ford,Everest,2017,SUV,Automatic,4WD,Diesel,8.5,5,4,7,43885
Ford,Mustang,2017,Coupe,Automatic,REAR,Premium,12.6,8,2,4,53977
Ford,Ranger,2017,Ute/Pickup,Manual,4WD,Diesel,8.3,5,4,5,52999
Ford,Mondeo,2017,Wagon,Automatic,FRONT,Diesel,5.3,4,4,5,26990
Ford,Ranger,2017,Ute/Pickup,Automatic,REAR,Diesel,7.5,4,4,5,34984
Ford,Ranger,2017,Ute/Pickup,Automatic,4WD,Diesel,9,5,4,5,53990
Ford,Ranger,2017,Ute/Pickup,Automatic,4WD,Diesel,9.2,5,4,5,39888
Ford,Transit,2017,Commercial,Automatic,FRONT,Diesel,NA,NA,NA,NA,38950
Ford,Transit,2017,Commercial,Automatic,OTHER,Diesel,NA,NA,NA,NA,38990
Ford,Everest,2017,SUV,Automatic,REAR,Diesel,NA,NA,NA,NA,46990
Ford,Escape,2017,SUV,Automatic,FRONT,Premium,7.2,4,4,5,23998
Ford,Transit,2017,Commercial,Automatic,FRONT,Diesel,7.2,4,2,3,39950
Ford,Mustang,2018,NA,Automatic,REAR,Premium,NA,NA,NA,NA,64705
Ford,Ranger,2018,Ute/Pickup,Automatic,REAR,Diesel,8.2,4,4,4,33950
Ford,Mustang,2018,Coupe,Automatic,REAR,Premium,12.7,8,2,4,62990
Ford,Everest,2018,SUV,Automatic,REAR,Diesel,8.4,5,4,5,34990
Ford,Ranger,2018,Ute/Pickup,Automatic,REAR,Diesel,7.5,4,4,5,25990
Ford,Ranger,2018,Ute/Pickup,Automatic,REAR,Diesel,8.2,5,4,5,34950
Ford,Ranger,2018,Ute/Pickup,Automatic,4WD,Diesel,8.7,5,4,4,44990
Ford,Ranger,2018,Ute/Pickup,-,OTHER,-,NA,NA,NA,NA,45888
Ford,Focus,2018,Hatchback,Manual,AWD,Premium,8.1,4,5,5,53990
Ford,Ranger,2018,Ute/Pickup,Automatic,4WD,Diesel,8.7,5,4,5,51990
Ford,Ranger,2018,Ute/Pickup,Automatic,4WD,Diesel,8.7,5,4,5,39990
Ford,Everest,2018,SUV,Automatic,4WD,Diesel,8.5,5,4,7,52999
Ford,Escape,2018,SUV,Automatic,FRONT,Premium,7.2,4,4,5,26490
Ford,Mondeo,2018,Hatchback,Automatic,FRONT,Unleaded,8.5,4,5,5,29888
Ford,Mondeo,2018,Hatchback,Automatic,FRONT,Diesel,5.1,4,5,5,21990
Ford,Mustang,2018,Coupe,Manual,REAR,Premium,13,8,2,4,58990
Ford,Ranger,2018,Ute/Pickup,Automatic,REAR,Diesel,7.8,4,4,5,31990
Ford,Focus,2018,Hatchback,Automatic,FRONT,Unleaded,6.2,4,5,5,19950
Ford,Ranger,2018,Ute/Pickup,Automatic,REAR,Diesel,7.8,4,4,5,32950
Ford,Mondeo,2018,Wagon,Automatic,FRONT,Diesel,5.3,4,4,5,14990
Ford,Ranger,2018,Ute/Pickup,Automatic,4WD,Diesel,8.8,5,4,5,36990
Ford,Ranger,2018,Ute/Pickup,Automatic,4WD,Diesel,8.7,5,4,4,29800
Ford,Everest,2018,SUV,Automatic,REAR,Diesel,8.4,5,4,5,27950
Ford,Everest,2018,SUV,Automatic,4WD,Diesel,7.1,4,4,7,52990
Ford,Ranger,2018,Ute/Pickup,Manual,4WD,Diesel,8.3,5,2,2,30990
Ford,Mustang,2018,Coupe,Automatic,REAR,Premium,12.7,8,2,4,54990
Ford,Everest,2018,SUV,Automatic,4WD,Diesel,8.5,5,4,7,41740
Ford,Everest,2018,SUV,Automatic,4WD,Diesel,7.1,4,4,7,41990
Ford,Endura,2018,SUV,Automatic,FRONT,Diesel,6.7,4,4,5,37990
Ford,Endura,2018,SUV,Automatic,AWD,Diesel,6.7,4,4,5,32990
Ford,Ranger,2018,Ute/Pickup,Automatic,4WD,Diesel,8.7,5,2,2,36999
Ford,Focus,2018,Hatchback,Automatic,FRONT,Unleaded,6.4,3,4,5,18999
Ford,Ranger,2018,Ute/Pickup,Automatic,REAR,Diesel,7.8,4,4,5,28999
Ford,Ranger,2018,Ute/Pickup,Automatic,4WD,Diesel,8,4,4,5,25999
Ford,Endura,2018,SUV,Automatic,AWD,Diesel,6.7,4,4,5,34950
Ford,Mustang,2018,Coupe,Manual,REAR,Premium,13.1,8,2,4,44900
Ford,Escape,2018,SUV,Automatic,AWD,Diesel,5.5,4,4,5,24999
Ford,Escape,2018,SUV,Automatic,FRONT,Premium,7.2,4,4,5,19990
Ford,Ranger,2018,Ute/Pickup,Manual,4WD,Diesel,8.4,5,4,5,51990
Ford,Ranger,2018,Ute/Pickup,Automatic,4WD,Diesel,8.9,5,4,5,57990
Ford,Ranger,2018,Ute/Pickup,Automatic,4WD,Diesel,8.7,5,4,5,42990
Ford,Ranger,2018,Ute/Pickup,Automatic,4WD,Diesel,8,4,4,5,23999
Ford,Everest,2018,SUV,Automatic,REAR,Diesel,8.4,5,4,7,39990
Ford,Everest,2018,SUV,Automatic,4WD,Diesel,8.5,5,4,7,38950
Ford,Ranger,2018,Ute/Pickup,Automatic,REAR,Diesel,7.5,4,4,5,34980
Ford,Ranger,2018,Ute/Pickup,Automatic,4WD,Diesel,8.7,5,4,5,43499
Ford,Mustang,2018,Coupe,Automatic,REAR,Premium,12.7,8,2,4,63999
Ford,Ranger,2018,Ute/Pickup,Automatic,4WD,Diesel,8.7,5,4,5,45990
Ford,Ranger,2018,Ute/Pickup,Automatic,4WD,Diesel,8.7,5,4,5,48888
Ford,Everest,2018,SUV,Automatic,REAR,Diesel,8.4,5,4,5,37880
Ford,Everest,2018,SUV,Automatic,4WD,Diesel,8.5,5,4,7,50990
Ford,Everest,2018,SUV,Automatic,4WD,Diesel,8.5,5,4,5,38990
Ford,Ranger,2018,Ute/Pickup,Automatic,REAR,Diesel,7.8,4,4,5,35888
Ford,Everest,2018,SUV,Automatic,4WD,Diesel,8.5,5,4,7,57999
Ford,Mustang,2018,NA,Automatic,REAR,Premium,NA,NA,NA,NA,63499
Ford,Escape,2018,SUV,Automatic,FRONT,Premium,7.2,4,4,5,22888
Ford,Ranger,2018,Ute/Pickup,Automatic,4WD,Diesel,8.7,5,4,4,45498
Ford,Ranger,2018,Ute/Pickup,Automatic,4WD,Diesel,8.7,5,4,4,47988
Ford,Mondeo,2018,Hatchback,Automatic,FRONT,Diesel,5.1,4,5,5,20990
Ford,Everest,2018,SUV,Automatic,4WD,Diesel,8.5,5,4,7,47990
Ford,Everest,2018,SUV,Automatic,REAR,Diesel,8.4,5,4,7,42990
Ford,Mustang,2018,Convertible,Automatic,REAR,Premium,12.7,8,2,4,66990
Ford,Ranger,2018,Ute/Pickup,Automatic,4WD,Diesel,8.9,5,4,5,41990
Ford,Mondeo,2018,Wagon,Automatic,FRONT,Diesel,5.3,4,4,5,23990
Ford,Focus,2018,Hatchback,Automatic,FRONT,Unleaded,6.4,3,4,5,24873
Ford,Ranger,2018,Ute/Pickup,Automatic,4WD,Diesel,8.7,5,2,2,31999
Ford,Mustang,2018,NA,Manual,REAR,Unleaded,NA,NA,NA,NA,49990
Ford,Mustang,2018,NA,Manual,REAR,Unleaded,NA,NA,NA,NA,53990
Ford,Ranger,2018,Ute/Pickup,Automatic,4WD,Diesel,8.9,5,4,5,49990
Ford,Endura,2018,SUV,Automatic,FRONT,Diesel,6.7,4,4,5,32990
Ford,Ranger,2018,Ute/Pickup,Automatic,4WD,Diesel,8.9,5,4,5,47980
Ford,Ranger,2018,Ute/Pickup,Automatic,REAR,Diesel,8.2,4,4,4,27990
Ford,Mustang,2018,Coupe,Automatic,REAR,Premium,12.7,8,2,4,56873
Ford,Focus,2018,Hatchback,Manual,AWD,Premium,8.1,4,5,5,59990
Ford,Escape,2018,SUV,Automatic,AWD,Premium,8.6,4,4,5,29990
Ford,Ranger,2018,Ute/Pickup,Manual,4WD,Diesel,8.3,5,4,5,36996
Ford,Ranger,2018,Ute/Pickup,Automatic,4WD,Diesel,8.9,5,4,5,53990
Ford,Ranger,2018,Ute/Pickup,Automatic,4WD,Diesel,8.9,5,4,5,48990
Ford,Ranger,2018,Ute/Pickup,Automatic,4WD,Diesel,8.9,5,4,5,49888
Ford,Ranger,2018,Ute/Pickup,Automatic,REAR,Diesel,7.8,4,4,5,20950
Ford,Ranger,2018,Ute/Pickup,Automatic,4WD,Diesel,8.7,5,2,2,43975
Ford,Focus,2018,Hatchback,Automatic,FRONT,Unleaded,6.4,3,4,5,28980
Ford,Ranger,2018,Ute/Pickup,Automatic,REAR,Diesel,7.8,4,4,5,28998
Ford,Ranger,2018,Ute/Pickup,Automatic,REAR,Diesel,7.8,4,2,2,29990
Ford,Escape,2018,SUV,Automatic,AWD,Diesel,5.6,4,4,5,29369
Ford,Ranger,2018,Ute/Pickup,Automatic,4WD,Diesel,7.4,4,4,5,44888
Ford,Ranger,2018,Ute/Pickup,Automatic,REAR,Diesel,7.8,4,4,5,21750
Ford,Endura,2018,SUV,Automatic,FRONT,Diesel,6.7,4,4,5,30988
Ford,Ranger,2018,Ute/Pickup,Automatic,4WD,Diesel,8.7,5,4,5,37990
Ford,Ranger,2018,Ute/Pickup,Automatic,4WD,Diesel,8.9,5,4,5,49900
Ford,Ranger,2018,Ute/Pickup,Automatic,4WD,Diesel,8.7,5,4,5,46888
Ford,Mondeo,2018,Hatchback,Automatic,FRONT,Diesel,5.1,4,5,5,19990
Ford,Transit,2018,Commercial,Automatic,FRONT,Diesel,0,4,2,3,42000
Ford,Ranger,2018,Ute/Pickup,Automatic,REAR,Diesel,NA,NA,NA,NA,23999
Ford,Ranger,2018,Ute/Pickup,Automatic,4WD,Diesel,8.7,5,4,5,43990
Ford,Ranger,2018,Ute/Pickup,Automatic,4WD,Diesel,8.7,5,4,4,46950
Ford,Endura,2018,SUV,Automatic,AWD,Diesel,6.7,4,4,5,36990
Ford,Ranger,2018,Ute/Pickup,Automatic,4WD,Diesel,8.7,5,4,5,47990
Ford,Mustang,2019,Hatchback,Automatic,REAR,Unleaded,9.5,4,2,4,59990
Ford,Escape,2019,SUV,Automatic,AWD,Premium,8.6,4,4,5,33705
Ford,Ranger,2019,Ute/Pickup,Automatic,4WD,Diesel,8.7,5,4,5,36950
Ford,Ranger,2019,Ute/Pickup,Automatic,4WD,Diesel,8.7,5,4,5,29980
Ford,Ranger,2019,Ute/Pickup,Automatic,4WD,Diesel,8.2,5,4,4,34950
Ford,Escape,2019,SUV,Automatic,AWD,Premium,8.6,4,4,5,35888
Ford,Ranger,2019,Ute/Pickup,Automatic,4WD,Diesel,8.9,5,4,5,53990
Ford,Ranger,2019,Ute/Pickup,Automatic,4WD,Diesel,8.2,4,4,5,61950
Ford,Ranger,2019,Ute/Pickup,Automatic,4WD,Diesel,8.9,5,4,5,50705
Ford,Endura,2019,SUV,Automatic,FRONT,Diesel,6.7,4,4,5,31999
Ford,Transit,2019,Commercial,Automatic,FRONT,Diesel,7.6,4,2,6,53800
Ford,Everest,2019,SUV,Automatic,4WD,Diesel,7.1,4,4,7,56500
Ford,Ranger,2019,Ute/Pickup,Automatic,OTHER,Diesel,NA,NA,NA,NA,59999
Ford,Endura,2019,SUV,Automatic,FRONT,Diesel,6.7,4,4,5,34800
Ford,Mustang,2019,Hatchback,Automatic,REAR,Premium,12.7,8,2,4,65888
Ford,Ranger,2019,Ute/Pickup,Automatic,4WD,Diesel,8.9,5,4,5,49990
Ford,Mustang,2019,Convertible,Automatic,REAR,Premium,12.7,8,2,4,72990
Ford,Ranger,2019,Ute/Pickup,Automatic,4WD,Diesel,7.4,4,4,5,44950
Ford,Ranger,2019,Ute/Pickup,Automatic,REAR,Diesel,8.2,5,4,5,35950
Ford,Mustang,2019,Coupe,Automatic,REAR,Premium,12.7,8,2,4,59990
Ford,Focus,2019,Hatchback,Automatic,FRONT,Unleaded,6.4,3,5,5,23999
Ford,Everest,2019,SUV,Automatic,4WD,Diesel,7.1,4,4,7,47888
Ford,Everest,2019,SUV,Automatic,4WD,Diesel,7.1,4,4,7,52990
Ford,Ranger,2019,Ute/Pickup,Automatic,4WD,Diesel,8.7,5,4,5,33990
Ford,Ranger,2019,Ute/Pickup,Automatic,4WD,Diesel,8.9,5,4,5,37999
Ford,Everest,2019,SUV,Automatic,4WD,Diesel,8.5,5,4,7,49990
Ford,Ranger,2019,Ute/Pickup,Automatic,4WD,Diesel,8,4,4,5,29999
Ford,Ranger,2019,Ute/Pickup,Manual,4WD,Diesel,8.3,5,4,4,33999
Ford,Ranger,2019,Ute/Pickup,Automatic,4WD,Diesel,8.9,5,4,5,46990
Ford,Ranger,2019,Ute/Pickup,Automatic,4WD,Diesel,8.7,5,4,5,35990
Ford,Ranger,2019,Ute/Pickup,Automatic,4WD,Diesel,8.9,5,4,5,44990
Ford,Ranger,2019,Ute/Pickup,Automatic,4WD,Diesel,8.7,5,2,2,43990
Ford,Endura,2019,SUV,Automatic,AWD,Diesel,6.7,4,4,5,39990
Ford,Transit,2019,Commercial,Automatic,FRONT,Diesel,7.2,4,2,3,43988
Ford,Ranger,2019,Ute/Pickup,Automatic,4WD,Diesel,8.7,5,4,5,31999
Ford,Everest,2019,SUV,Automatic,REAR,Diesel,6.9,4,4,7,49999
Ford,Ranger,2019,Ute/Pickup,Automatic,REAR,Diesel,7.8,4,4,5,31990
Ford,Everest,2019,SUV,Automatic,4WD,Diesel,8.5,5,4,7,59990
Ford,Everest,2019,SUV,Automatic,4WD,Diesel,7.1,4,4,7,60888
Ford,Ranger,2019,Ute/Pickup,Automatic,4WD,Diesel,7.4,4,4,5,56990
Ford,Focus,2019,Hatchback,Automatic,FRONT,Unleaded,6.4,3,5,5,23990
Ford,Ranger,2019,Ute/Pickup,Automatic,4WD,Diesel,7.4,4,4,5,57999
Ford,Everest,2019,SUV,Automatic,4WD,Diesel,7.1,4,4,7,46988
Ford,Everest,2019,SUV,Automatic,4WD,Diesel,7,4,4,7,65498
Ford,Ranger,2019,Ute/Pickup,Automatic,4WD,Diesel,8.9,5,4,5,45990
Ford,Ranger,2019,Ute/Pickup,Automatic,4WD,Diesel,8.2,4,4,5,67990
Ford,Ranger,2019,Ute/Pickup,Automatic,4WD,Diesel,8.9,5,4,5,50695
Ford,Ranger,2019,Ute/Pickup,Automatic,4WD,Diesel,8.9,5,4,5,48905
Ford,Escape,2019,SUV,Automatic,AWD,Premium,7.5,4,4,5,18999
Ford,Endura,2019,SUV,Automatic,FRONT,Diesel,6.7,4,4,5,36950
Ford,Escape,2019,SUV,Manual,FRONT,Premium,6.3,4,4,5,24999
Ford,Ranger,2019,Ute/Pickup,Manual,4WD,Diesel,8.4,5,4,5,49990
Ford,Ranger,2019,Ute/Pickup,Automatic,4WD,Diesel,7.4,4,4,5,55990
Ford,Ranger,2019,Ute/Pickup,Automatic,4WD,Diesel,8.7,5,4,5,37990
Ford,Endura,2019,SUV,Automatic,AWD,Diesel,6.7,4,4,5,36990
Ford,Ranger,2019,Ute/Pickup,Automatic,4WD,Diesel,7.4,4,4,5,54990
Ford,Ranger,2019,Ute/Pickup,Automatic,4WD,Diesel,8,4,4,5,38950
Ford,Ranger,2019,Ute/Pickup,Automatic,REAR,Diesel,7.8,4,4,5,34998
Ford,Ranger,2019,Ute/Pickup,Automatic,4WD,Diesel,8.2,4,4,5,65888
Ford,Ranger,2019,Ute/Pickup,Automatic,4WD,Diesel,8.9,5,4,5,47120
Ford,Ranger,2019,Ute/Pickup,Automatic,REAR,Diesel,8.2,5,4,5,38495
Ford,Everest,2019,SUV,Automatic,4WD,Diesel,7.1,4,4,7,65990
Ford,Ranger,2019,Ute/Pickup,Automatic,4WD,Diesel,8.2,4,4,5,71990
Ford,Escape,2019,SUV,Automatic,AWD,Premium,7.5,4,4,5,25999
Ford,Endura,2019,SUV,Automatic,FRONT,Diesel,6.7,4,4,5,34990
Ford,Ranger,2019,Ute/Pickup,Automatic,4WD,Diesel,8.7,5,4,5,38990
Ford,Ranger,2019,Ute/Pickup,Automatic,4WD,Diesel,8.9,5,4,5,39990
Ford,Ranger,2019,Ute/Pickup,Automatic,4WD,Diesel,8.2,4,4,5,69990
Ford,Focus,2019,Hatchback,Automatic,FRONT,Unleaded,6.4,3,5,5,22999
Ford,Endura,2019,SUV,Automatic,AWD,Diesel,6.7,4,4,5,40888
Ford,Mondeo,2019,Hatchback,Automatic,FRONT,Unleaded,8.2,4,5,5,29990
Ford,Everest,2019,SUV,Automatic,4WD,Diesel,7.1,4,4,7,51888
Ford,Everest,2019,SUV,Automatic,4WD,Diesel,7.1,4,4,7,56997
Ford,Ranger,2019,Ute/Pickup,Automatic,4WD,Diesel,8.9,5,4,5,38988
Ford,Ranger,2019,Ute/Pickup,Automatic,4WD,Diesel,8.7,5,4,5,43888
Ford,Ranger,2019,Ute/Pickup,Automatic,4WD,Diesel,8.9,5,4,5,55385
Ford,Ranger,2019,Ute/Pickup,Automatic,4WD,Diesel,8.2,4,4,5,63800
Ford,Ranger,2019,Ute/Pickup,Automatic,4WD,Diesel,8.2,5,4,4,35999
Ford,Ranger,2019,Ute/Pickup,Automatic,4WD,Diesel,8.9,5,4,5,48800
Ford,Ranger,2019,Ute/Pickup,Automatic,4WD,Diesel,8.2,4,4,5,58990
Ford,Ranger,2019,Ute/Pickup,Automatic,REAR,Diesel,7.8,4,4,5,34470
Ford,Ranger,2019,Ute/Pickup,Automatic,4WD,Diesel,8.7,5,2,2,47990
Ford,Puma,2020,SUV,Automatic,FRONT,Premium,5.3,3,5,5,27800
Ford,Ranger,2020,Ute/Pickup,Automatic,4WD,Diesel,8,4,4,5,46990
Ford,Ranger,2020,Ute/Pickup,Automatic,4WD,Diesel,8.7,5,4,5,41950
Ford,Ranger,2020,Ute/Pickup,Automatic,4WD,Diesel,8.7,5,4,4,54990
Ford,Puma,2020,SUV,Automatic,FRONT,Premium,5.3,3,5,5,31999
Ford,Ranger,2020,Ute/Pickup,Automatic,4WD,Diesel,8.2,4,4,5,59999
Ford,Puma,2020,SUV,Automatic,FRONT,Premium,5.3,3,5,5,28990
Ford,Ranger,2020,Ute/Pickup,Automatic,4WD,Diesel,7.4,4,4,5,55990
Ford,Ranger,2020,Ute/Pickup,Automatic,4WD,Diesel,8.2,4,4,5,69800
Ford,Everest,2020,SUV,Automatic,4WD,Diesel,7,4,4,7,58900
Ford,Ranger,2020,Ute/Pickup,Automatic,4WD,Diesel,7.4,4,4,5,58888
Ford,Escape,2020,SUV,Automatic,AWD,Premium,8.6,4,4,5,36450
Ford,Transit,2020,Commercial,Automatic,FRONT,Diesel,NA,NA,NA,NA,54980
Ford,Escape,2020,SUV,Automatic,FRONT,Premium,8.6,4,4,5,32990
Ford,Fiesta,2020,Hatchback,Manual,FRONT,Premium,6.3,3,5,5,30888
Ford,Mustang,2020,Hatchback,Manual,REAR,Premium,13,8,2,4,64990
Ford,Everest,2020,SUV,Automatic,4WD,Diesel,7,4,4,7,64990
Ford,Ranger,2020,Ute/Pickup,Automatic,4WD,Diesel,8.7,5,4,5,30999
Ford,Ranger,2020,Ute/Pickup,Automatic,4WD,Diesel,7.4,4,4,5,48990
Ford,Transit,2020,Ute/Pickup,Manual,REAR,Diesel,NA,NA,NA,NA,75990
Ford,Fiesta,2020,Hatchback,Manual,FRONT,Premium,6.3,3,5,5,29990
Ford,Transit,2020,Commercial,Automatic,FRONT,Diesel,7.2,4,2,3,54990
Ford,Mustang,2020,Hatchback,Automatic,REAR,Unleaded,9.5,4,2,4,59990
Ford,Ranger,2020,Ute/Pickup,Automatic,REAR,Diesel,8.2,5,4,5,42990
Ford,Everest,2020,SUV,Automatic,4WD,Diesel,7,4,4,7,56998
Ford,Everest,2020,SUV,Automatic,4WD,Diesel,7,4,4,7,57880
Ford,Ranger,2020,Ute/Pickup,Automatic,4WD,Diesel,8.2,4,4,5,67997
Ford,Ranger,2020,Ute/Pickup,Automatic,4WD,Diesel,8.2,4,4,5,70998
Ford,Mustang,2020,Hatchback,Automatic,REAR,Unleaded,9.5,4,2,4,58990
Ford,Everest,2020,SUV,Automatic,REAR,Diesel,6.9,5,4,5,47888
Ford,Mustang,2020,Hatchback,Automatic,REAR,Premium,12.7,8,2,4,62990
Ford,Ranger,2020,Ute/Pickup,Automatic,4WD,Diesel,7.4,4,4,5,52888
Ford,Ranger,2020,Ute/Pickup,Automatic,4WD,Diesel,8.7,5,4,5,41980
Ford,Ranger,2020,Ute/Pickup,Automatic,REAR,Diesel,8.2,5,4,5,40980
Ford,Ranger,2020,Ute/Pickup,Automatic,4WD,Diesel,8.9,5,4,5,51992
Ford,Everest,2020,SUV,Automatic,4WD,Diesel,8.5,5,4,7,55480
Ford,Ranger,2020,Ute/Pickup,Automatic,REAR,Diesel,7.8,4,4,4,25980
Ford,Everest,2020,SUV,Automatic,4WD,Diesel,7,4,4,7,67990
Ford,Mustang,2020,Hatchback,Automatic,REAR,Premium,12.7,8,2,4,89999
Ford,Ranger,2020,Ute/Pickup,Automatic,4WD,Diesel,8.9,5,4,5,52988
Ford,Ranger,2020,Ute/Pickup,Automatic,4WD,Diesel,7.4,4,4,5,57999
Ford,Ranger,2020,Ute/Pickup,Manual,4WD,Diesel,8.3,5,4,5,39990
Ford,Ranger,2020,Ute/Pickup,Manual,REAR,Diesel,6.5,4,2,2,33888
Ford,Ranger,2020,Ute/Pickup,Manual,4WD,Diesel,8.4,5,4,5,52800
Ford,Transit,2020,Commercial,Automatic,FRONT,Diesel,0,4,2,3,53888
Ford,Escape,2020,SUV,Automatic,AWD,Premium,8.6,4,4,5,44990
Ford,Ranger,2020,Ute/Pickup,Automatic,OTHER,-,NA,NA,NA,NA,41750
Ford,Mustang,2020,Hatchback,Manual,REAR,Premium,13,8,2,4,79990
Ford,Everest,2021,SUV,Automatic,4WD,Hybrid,7,5,4,5,49900
Ford,Mustang,2021,Hatchback,Manual,REAR,Premium,13,8,2,4,69990
Ford,Ranger,2021,Ute/Pickup,Automatic,4WD,Diesel,8.9,5,4,5,59990
Ford,Ranger,2021,Ute/Pickup,Automatic,4WD,Diesel,8.2,4,4,5,72990
Ford,Ranger,2021,Ute/Pickup,Automatic,4WD,Diesel,8.9,5,4,5,53990
Ford,Ranger,2021,Ute/Pickup,Automatic,4WD,Diesel,7.4,4,4,4,55990
Ford,Puma,2021,SUV,Automatic,FRONT,Premium,5.3,3,5,5,36990
Ford,Everest,2021,SUV,Automatic,4WD,Diesel,7,4,4,7,56990
Ford,Mustang,2021,Hatchback,Automatic,REAR,Premium,12.7,8,2,4,65999
Ford,Puma,2021,SUV,Automatic,FRONT,Premium,5.3,3,5,5,31888
Ford,Everest,2021,SUV,Automatic,4WD,Diesel,7,4,4,7,62990
Ford,Ranger,2021,Ute/Pickup,Automatic,4WD,Diesel,7.4,4,4,5,56990
Ford,Puma,2021,SUV,Automatic,FRONT,Premium,5.3,3,5,5,33990
Ford,Puma,2021,SUV,Automatic,FRONT,Premium,5.3,3,5,5,31990
Ford,Puma,2021,SUV,Automatic,FRONT,Premium,5.3,3,5,5,32888
Ford,Ranger,2021,Ute/Pickup,Automatic,4WD,Diesel,8,4,4,5,59999
Ford,Puma,2021,SUV,Automatic,FRONT,Premium,5.3,3,5,5,29990
Ford,Everest,2021,SUV,Automatic,4WD,Diesel,7,4,4,7,65850
Ford,Everest,2021,SUV,Automatic,REAR,Diesel,7,4,4,7,65990
Ford,Ranger,2021,Ute/Pickup,Automatic,4WD,Diesel,7.4,4,4,5,57980
Ford,Ranger,2021,Ute/Pickup,Automatic,4WD,Diesel,7.4,4,4,5,59888
Ford,Puma,2021,SUV,Automatic,FRONT,Premium,5.3,3,5,5,28998
Ford,Puma,2021,SUV,Automatic,FRONT,Premium,5.3,3,5,5,27998
Ford,Everest,2021,SUV,Automatic,REAR,Diesel,7,4,4,7,64990
Ford,Ranger,2021,Ute/Pickup,Automatic,4WD,Diesel,8.2,4,4,5,74990
Ford,Transit,2021,Commercial,Automatic,FRONT,Diesel,7.2,4,2,3,54990
Ford,Everest,2021,SUV,Automatic,4WD,Diesel,7,4,4,7,59998
Ford,Puma,2021,SUV,Automatic,FRONT,Premium,5.3,3,5,5,27990
Ford,Puma,2021,SUV,Automatic,FRONT,Premium,5.3,3,5,5,26990
Ford,Ranger,2021,Ute/Pickup,Automatic,4WD,Diesel,7.4,4,4,5,65990
Ford,Ranger,2021,Ute/Pickup,Automatic,4WD,Diesel,7.4,4,4,5,63990
Ford,Everest,2021,SUV,Automatic,REAR,Diesel,7,4,4,7,65995
Ford,Ranger,2021,Ute/Pickup,Manual,4WD,Diesel,8.4,5,4,5,60990
Ford,Ranger,2021,Ute/Pickup,Automatic,4WD,Diesel,7.4,4,4,5,63979
Ford,Ranger,2021,Ute/Pickup,Automatic,4WD,Diesel,7.4,4,4,5,46888
Ford,Ranger,2021,Ute/Pickup,Automatic,4WD,Diesel,8.9,5,4,5,57887
Ford,Mustang,2021,Hatchback,Manual,REAR,Premium,13.9,8,2,4,114990
Ford,F,2021,Ute/Pickup,Automatic,OTHER,Premium,NA,NA,NA,NA,149990
Ford,Puma,2022,SUV,Automatic,FRONT,Premium,5.3,3,5,5,33990
Ford,Escape,2022,SUV,Automatic,AWD,Premium,8.6,4,4,5,54990
Ford,Ranger,2022,Ute/Pickup,Automatic,4WD,Diesel,7.6,4,4,5,56800
Ford,Ranger,2022,Ute/Pickup,Automatic,4WD,Diesel,7.6,4,4,5,78999
Ford,Escape,2022,SUV,Automatic,AWD,Premium,8.6,4,4,5,45700
Ford,Ranger,2022,Ute/Pickup,Automatic,REAR,Diesel,7.8,4,4,5,44990
Ford,Escape,2022,SUV,Automatic,AWD,Premium,8.6,4,4,5,44990
Ford,Escape,2022,SUV,Automatic,AWD,Premium,8.6,4,4,5,44705
Ford,Puma,2022,SUV,Automatic,FRONT,Premium,5.3,3,5,5,29888
Ford,Escape,2022,SUV,Automatic,FRONT,Premium,8.6,4,4,5,42290
Ford,Mustang,2022,Hatchback,Manual,REAR,Premium,13,8,2,4,79990
Ford,Escape,2022,SUV,Automatic,FRONT,Premium,8.6,4,4,5,38999
Ford,Ranger,2022,Ute/Pickup,Automatic,4WD,Diesel,7.6,4,4,5,77990
Ford,Ranger,2022,Ute/Pickup,Automatic,4WD,Diesel,8.9,5,4,5,64990
Ford,Puma,2022,SUV,Automatic,FRONT,Premium,5.3,3,5,5,29950
Ford,Ranger,2022,Ute/Pickup,Automatic,4WD,Diesel,7.6,4,4,4,61850
Ford,Everest,2022,SUV,Automatic,4WD,Diesel,8.5,5,4,7,59990
Ford,Puma,2022,SUV,Automatic,FRONT,Premium,5.3,3,5,5,35950
Ford,Escape,2022,SUV,Automatic,AWD,Premium,8.6,4,4,5,42950
Ford,Escape,2022,SUV,Automatic,AWD,Premium,8.6,4,4,5,39800
Ford,F,2022,Ute/Pickup,Automatic,OTHER,Diesel,NA,NA,NA,NA,239990
Ford,Ranger,2022,Ute/Pickup,Automatic,REAR,Diesel,7.3,4,4,5,47350
Ford,Ranger,2022,Ute/Pickup,Automatic,REAR,Diesel,7.3,4,4,5,49990
Ford,Escape,2022,SUV,Automatic,FRONT,Premium,8.6,4,4,5,37999
Ford,Puma,2022,SUV,Automatic,FRONT,Premium,5.3,3,5,5,30800
Ford,Everest,2022,SUV,Automatic,4WD,Diesel,8.5,6,4,7,89990
Ford,Puma,2022,SUV,Automatic,FRONT,Premium,5.3,3,5,5,31888
Ford,Everest,2022,SUV,Automatic,4WD,Diesel,7,4,4,7,61880
Ford,Escape,2022,SUV,Automatic,FRONT,Premium,8.6,4,4,5,41990
Ford,F,2022,Ute/Pickup,Automatic,OTHER,Diesel,NA,NA,NA,NA,199990
Ford,Everest,2022,SUV,Automatic,REAR,Diesel,7.1,4,4,7,66900
Ford,Transit,2022,Commercial,Automatic,FRONT,Diesel,7.6,4,2,3,59890
Ford,Ranger,2022,Ute/Pickup,Automatic,4WD,Diesel,8.4,6,4,5,71490
Ford,Ranger,2022,Ute/Pickup,Automatic,4WD,Diesel,7.6,4,4,5,66990
Ford,Ranger,2022,Ute/Pickup,Automatic,4WD,Diesel,8.4,6,4,5,82987
Ford,Mustang,2022,Hatchback,Manual,REAR,Premium,13,8,2,4,69988
Ford,Ranger,2022,Ute/Pickup,Automatic,REAR,Diesel,7.6,4,4,5,50888
Ford,Ranger,2022,Ute/Pickup,Automatic,4WD,Diesel,7.6,4,4,4,72888
Ford,Puma,2022,SUV,Automatic,FRONT,Premium,5.3,3,5,5,28990
Ford,Ranger,2022,Ute/Pickup,Automatic,4WD,Diesel,7.6,4,4,5,78777
Ford,Escape,2022,SUV,Automatic,AWD,Premium,8.6,4,4,5,48999
Ford,Escape,2022,SUV,Automatic,FRONT,Premium,8.6,4,4,5,48409
Ford,Ranger,2022,Ute/Pickup,Automatic,4WD,Diesel,8.4,6,4,5,88990
Ford,Mustang,2022,Convertible,Automatic,REAR,Unleaded,9.5,4,2,4,68990
Ford,Ranger,2022,Ute/Pickup,Automatic,4WD,Diesel,7.4,4,4,5,62950
Ford,Ranger,2022,Ute/Pickup,Automatic,4WD,Diesel,7.6,4,4,5,59873
Ford,Escape,2022,SUV,Automatic,FRONT,Premium,8.6,4,4,5,36979
Ford,Everest,2022,SUV,Automatic,REAR,Diesel,7.1,4,4,7,68490
Ford,Mustang,2022,Hatchback,Automatic,REAR,Premium,12.7,8,2,4,69999
Ford,Escape,2022,SUV,Automatic,FRONT,Premium,8.6,4,4,5,45888
Ford,Ranger,2022,Ute/Pickup,Automatic,4WD,Diesel,7.6,4,4,5,57995
Ford,Everest,2022,SUV,Automatic,4WD,Diesel,7,4,4,7,68850
Ford,Ranger,2022,Ute/Pickup,Automatic,4WD,Diesel,7.4,4,4,5,68888
Ford,Puma,2022,SUV,Automatic,FRONT,Premium,5.3,3,5,5,34444
Ford,Everest,2022,SUV,Automatic,4WD,Diesel,7,4,4,7,68879
Ford,Ranger,2022,Ute/Pickup,Automatic,4WD,Diesel,8,4,4,5,54990
Ford,Ranger,2022,Ute/Pickup,Automatic,4WD,Premium,11.5,6,4,5,105990
Ford,F,2022,Ute/Pickup,Automatic,OTHER,Premium,NA,NA,5,NA,194990
Ford,Ranger,2022,Ute/Pickup,Automatic,4WD,Diesel,8.4,6,4,5,86990
Ford,Everest,2022,SUV,Automatic,4WD,Diesel,7,4,4,7,63990
Ford,Ranger,2023,Ute/Pickup,Automatic,4WD,Premium,11.5,6,4,5,121990
Ford,Everest,2023,SUV,Automatic,4WD,Diesel,8.5,6,4,7,93990
Ford,Everest,2023,SUV,Automatic,4WD,Diesel,8.5,6,4,7,99990
Ford,Transit,2023,Commercial,Automatic,FRONT,Diesel,7.6,4,2,5,68990
Ford,Ranger,2023,Ute/Pickup,Automatic,OTHER,Premium,NA,NA,NA,NA,111990
Ford,Puma,2023,SUV,Automatic,FRONT,Premium,5.3,3,5,5,34990
Ford,Ranger,2023,Ute/Pickup,Automatic,4WD,Premium,11.5,6,4,5,116990
Ford,Ranger,2023,Ute/Pickup,Automatic,OTHER,Premium,NA,NA,NA,NA,114888
Ford,Everest,2023,SUV,Automatic,OTHER,Diesel,NA,NA,NA,NA,94878
Ford,Ranger,2023,Ute/Pickup,Automatic,OTHER,Premium,NA,NA,NA,NA,110888
Ford,Ranger,2023,Ute/Pickup,Automatic,4WD,Diesel,8.4,6,4,5,86888
Ford,Ranger,2023,Ute/Pickup,Automatic,4WD,Premium,11.5,6,4,5,111878
Ford,Ranger,2023,Ute/Pickup,Automatic,REAR,Diesel,7.5,4,4,5,54790
Ford,Ranger,2023,Ute/Pickup,Automatic,4WD,Diesel,7.9,4,4,5,48280
Ford,Transit,2023,Commercial,Automatic,REAR,Diesel,0,4,3,3,64490
Ford,Puma,2023,SUV,Automatic,FRONT,-,5.3,3,5,5,36390
Ford,Ranger,2023,Ute/Pickup,Automatic,4WD,Diesel,7.6,4,4,5,67990
Ford,Ranger,2023,Ute/Pickup,Automatic,REAR,Diesel,7.3,4,4,5,47130
Ford,Ranger,2023,Ute/Pickup,Automatic,4WD,Diesel,8.4,6,4,5,71190
Foton,Tunland,2017,Ute/Pickup,Manual,4WD,Diesel,8.7,4,4,5,15990
Foton,Tunland,2017,Ute/Pickup,Manual,4WD,Diesel,8.3,4,4,5,24999
Foton,Aumark,2023,Commercial,Manual,REAR,Diesel,15,4,2,3,50990
Genesis,G80,2019,Sedan,Automatic,REAR,Unleaded,10.4,6,4,5,52950
Genesis,Gv80,2022,SUV,Automatic,AWD,Premium,11.7,6,4,7,128888
Genesis,Gv70,2022,SUV,Automatic,AWD,Premium,10.3,4,4,5,82888
Genesis,G70,2022,Sedan,Automatic,REAR,Premium,10.2,6,4,5,99888
Genesis,Gv70,2023,SUV,Automatic,AWD,Premium,11.3,6,4,5,91700
Genesis,G80,2023,Sedan,Automatic,REAR,-,8.6,4,4,5,100200
Genesis,G70,2023,Wagon,Automatic,REAR,Premium,9.1,4,4,5,78191
Genesis,Gv70,2023,SUV,Automatic,AWD,Premium,10.3,4,4,5,70900
Genesis,G70,2023,Sedan,Automatic,REAR,Premium,10.2,6,4,5,75067
Genesis,Gv60,2023,SUV,Automatic,AWD,Electric,0,0,4,5,107700
Genesis,Gv80,2023,SUV,Automatic,AWD,Diesel,8.8,6,4,7,115700
Genesis,Gv80,2023,SUV,Automatic,AWD,Premium,11.7,6,4,6,123200
Genesis,Gv80,2023,SUV,Automatic,AWD,Premium,11.7,6,4,6,125200
Genesis,G80,2023,Sedan,Automatic,AWD,-,10.7,6,4,5,122200
Great,Wall,2014,Ute/Pickup,Manual,REAR,Unleaded,10.7,4,4,5,9980
Great,Wall,2017,Ute/Pickup,Manual,4WD,Diesel,9,4,4,5,16995
Great,Wall,2018,Ute/Pickup,Manual,4WD,Diesel,9,4,4,5,17997
Great,Wall,2019,Ute/Pickup,Manual,4WD,Diesel,0,4,2,2,13299
Great,Wall,2019,Ute/Pickup,Manual,4WD,Diesel,9,4,4,5,16800
Great,Wall,2019,Ute/Pickup,Manual,REAR,Diesel,0,4,2,2,16950
Great,Wall,2020,Ute/Pickup,Manual,REAR,Premium,12.7,4,4,5,19490
Gwm,Steed,2019,Ute/Pickup,Manual,REAR,Premium,NA,NA,NA,NA,17990
Gwm,Haval,2021,SUV,Automatic,FRONT,Premium,9.8,4,4,5,34990
Gwm,Ute,2021,Ute/Pickup,Automatic,4WD,Diesel,9.4,4,4,5,40888
Gwm,Steed,2021,Ute/Pickup,Manual,REAR,Diesel,0,4,2,2,18990
Gwm,Haval,2021,SUV,Automatic,FRONT,Premium,8.1,4,4,5,23998
Gwm,Ute,2021,Ute/Pickup,Automatic,4WD,Diesel,9.4,4,4,5,35990
Gwm,Ute,2021,Ute/Pickup,Automatic,4WD,Diesel,9.4,4,4,5,36990
Gwm,Ute,2021,Ute/Pickup,Automatic,4WD,Diesel,9.4,4,4,5,38990
Gwm,Ute,2021,Ute/Pickup,Automatic,4WD,Diesel,9.4,4,4,5,37997
Gwm,Haval,2021,SUV,Automatic,FRONT,Premium,8.1,4,4,5,28990
Gwm,Ute,2022,Ute/Pickup,Automatic,OTHER,Diesel,NA,NA,NA,NA,52585
Gwm,Ute,2022,Ute/Pickup,Automatic,OTHER,Diesel,NA,NA,NA,NA,52990
Gwm,Ute,2022,Ute/Pickup,Automatic,OTHER,Diesel,NA,NA,NA,NA,51990
Gwm,Haval,2022,SUV,Automatic,4WD,Unleaded,8.4,4,4,5,46490
Gwm,Haval,2022,SUV,Automatic,FRONT,Unleaded,7.5,4,4,5,41485
Gwm,Ute,2022,Ute/Pickup,Automatic,4WD,Diesel,9.4,4,4,5,39888
Gwm,Haval,2022,SUV,Automatic,AWD,Premium,9.8,4,4,5,42485
Gwm,Haval,2022,SUV,Automatic,FRONT,Hybrid,5,4,4,5,39100
Gwm,Haval,2022,SUV,Automatic,AWD,Premium,9.8,4,4,5,41990
Gwm,Ute,2022,Ute/Pickup,Automatic,4WD,Diesel,9.4,4,4,5,44085
Gwm,Haval,2022,Wagon,Automatic,FRONT,Unleaded,NA,NA,NA,NA,47490
Gwm,Haval,2022,SUV,Automatic,FRONT,Premium,8.1,4,4,5,33990
Gwm,Haval,2022,SUV,Automatic,AWD,Premium,9.8,4,4,5,42490
Gwm,Haval,2022,SUV,Automatic,FRONT,Premium,8.1,4,4,5,29990
Gwm,Haval,2022,SUV,Automatic,AWD,Premium,9.8,4,4,5,41485
Gwm,Haval,2022,SUV,Automatic,FRONT,Premium,8.1,4,4,5,30990
Gwm,Haval,2022,SUV,Automatic,FRONT,Premium,9.8,4,4,5,34485
Gwm,Haval,2022,SUV,Automatic,FRONT,Premium,8.1,4,4,5,32990
Gwm,Haval,2022,SUV,Automatic,FRONT,Hybrid,5,4,4,5,41485
Gwm,Haval,2022,SUV,Automatic,FRONT,Hybrid,5,4,4,5,37881
Gwm,Haval,2022,SUV,Automatic,FRONT,Unleaded,7.5,4,4,5,38798
Gwm,Haval,2022,SUV,Automatic,FRONT,Hybrid,5,4,4,5,40990
Gwm,Haval,2022,SUV,Automatic,FRONT,Premium,8.1,4,4,5,31485
Gwm,Haval,2022,SUV,Automatic,FRONT,Premium,8.1,4,4,5,28490
Gwm,Haval,2022,SUV,Automatic,FRONT,Unleaded,7.5,4,4,5,40485
Gwm,Haval,2022,SUV,Automatic,FRONT,Premium,8.1,4,4,5,33485
Gwm,Ute,2022,Ute/Pickup,Automatic,OTHER,Diesel,NA,NA,NA,NA,44085
Gwm,Haval,2022,SUV,-,FRONT,Hybrid,5.2,4,4,5,42893
Gwm,Haval,2022,SUV,Automatic,FRONT,Hybrid,5,4,4,5,41990
Gwm,Ute,2022,Ute/Pickup,Automatic,4WD,Diesel,9.4,4,4,5,46085
Gwm,Haval,2022,SUV,Automatic,4WD,Unleaded,8.4,4,4,5,46985
Gwm,Haval,2022,SUV,Automatic,FRONT,Premium,8.1,4,4,5,31195
Gwm,Haval,2022,SUV,Automatic,FRONT,Unleaded,7.5,4,4,5,40990
Gwm,Haval,2022,SUV,Automatic,AWD,Premium,9.8,4,4,5,39211
Gwm,Haval,2022,SUV,Automatic,FRONT,Premium,8.1,4,4,5,30490
Gwm,Haval,2022,SUV,Automatic,4WD,Unleaded,8.4,4,4,5,45985
Gwm,Ute,2022,Ute/Pickup,Automatic,OTHER,Diesel,NA,NA,NA,NA,53585
Gwm,Haval,2022,SUV,Automatic,FRONT,Premium,8.1,4,4,5,33400
Gwm,Haval,2022,SUV,Automatic,AWD,Premium,9.8,4,4,5,38812
Gwm,Haval,2022,SUV,Automatic,4WD,Unleaded,8.4,4,4,5,44260
Gwm,Ute,2022,Ute/Pickup,Automatic,4WD,Diesel,9.4,4,4,5,38720
Gwm,Haval,2022,SUV,Automatic,FRONT,Hybrid,5,4,4,5,35990
Gwm,Haval,2022,SUV,Automatic,4WD,Unleaded,8.4,4,4,5,43990
Gwm,Haval,2022,SUV,Automatic,AWD,Premium,9.8,4,4,5,36990
Gwm,Ute,2022,Ute/Pickup,Automatic,4WD,Diesel,9.4,4,4,5,49990
Gwm,Haval,2022,SUV,Automatic,AWD,Premium,9.8,4,4,5,40990
Gwm,Haval,2022,SUV,Automatic,FRONT,Hybrid,5,4,4,5,34998
Gwm,Haval,2022,SUV,-,FRONT,Hybrid,5.2,4,4,5,40990
Gwm,Ute,2022,Ute/Pickup,Automatic,OTHER,-,NA,NA,NA,NA,38490
Gwm,Haval,2022,SUV,Automatic,FRONT,Premium,9.8,4,4,5,39485
Gwm,Haval,2022,SUV,Automatic,FRONT,Premium,8.1,4,4,5,36990
Gwm,Haval,2022,SUV,Automatic,FRONT,Hybrid,5,4,4,5,38990
Gwm,Ute,2022,Ute/Pickup,Automatic,4WD,Diesel,9.4,4,4,5,41985
Gwm,Ute,2022,Ute/Pickup,Automatic,4WD,Diesel,9.4,4,4,5,43085
Gwm,Haval,2022,SUV,Automatic,FRONT,Hybrid,5,4,4,5,40895
Gwm,Haval,2022,SUV,Automatic,AWD,Premium,9.8,4,4,5,43490
Gwm,Tank,2023,SUV,Automatic,4WD,-,9.5,4,4,5,51585
Gwm,Ora,2023,Hatchback,Automatic,FRONT,Electric,0,0,5,5,45550
Gwm,Ute,2023,Ute/Pickup,Automatic,4WD,Diesel,9.4,4,4,5,48085
Gwm,Haval,2023,SUV,Automatic,FRONT,-,5,4,4,5,37485
Gwm,Haval,2023,SUV,Automatic,FRONT,-,5,4,4,5,36990
Gwm,Haval,2023,SUV,Automatic,FRONT,Hybrid,5,4,4,5,40990
Gwm,Haval,2023,SUV,Automatic,FRONT,Premium,8.1,4,4,5,34485
Gwm,Ute,2023,Ute/Pickup,Automatic,4WD,Diesel,9.4,4,4,5,43085
Gwm,Haval,2023,SUV,Automatic,FRONT,-,5,4,4,5,36288
Gwm,Ute,2023,Ute/Pickup,Automatic,4WD,Diesel,9.4,4,4,5,46388
Gwm,Ute,2023,Ute/Pickup,Automatic,4WD,Diesel,9.4,4,4,5,42490
Gwm,Ute,2023,Ute/Pickup,Automatic,4WD,Diesel,9.4,4,4,5,44085
Gwm,Ute,2023,Ute/Pickup,Automatic,4WD,Diesel,9.4,4,4,5,38990
Gwm,Ute,2023,Ute/Pickup,Automatic,4WD,Diesel,9.4,4,4,5,47490
Gwm,Ute,2023,Ute/Pickup,Automatic,4WD,Diesel,9.4,4,4,5,46888
Gwm,Ute,2023,Ute/Pickup,Automatic,4WD,Diesel,9.4,4,4,5,43490
Gwm,Ute,2023,Ute/Pickup,Automatic,4WD,Diesel,9.4,4,4,5,39585
Gwm,Haval,2023,SUV,Automatic,FRONT,Premium,8.1,4,4,5,33990
Gwm,Ora,2023,Hatchback,Automatic,FRONT,Electric,0,0,5,5,43990
Gwm,Tank,2023,SUV,Automatic,OTHER,Unleaded,NA,NA,NA,NA,51500
Gwm,Haval,2023,SUV,Automatic,AWD,Premium,9.8,4,4,5,41485
Gwm,Ute,2023,Ute/Pickup,Automatic,OTHER,Diesel,NA,NA,NA,NA,52585
Gwm,Ute,2023,Ute/Pickup,Automatic,OTHER,Diesel,NA,NA,NA,NA,53585
Gwm,Ute,2023,Ute/Pickup,Automatic,OTHER,Diesel,NA,NA,NA,NA,51490
Gwm,Ute,2023,Ute/Pickup,Automatic,OTHER,Diesel,NA,NA,NA,NA,52085
Gwm,Tank,2023,SUV,Automatic,4WD,-,9.5,4,4,5,49994
Gwm,Ute,2023,Ute/Pickup,Automatic,4WD,Diesel,9.4,4,4,5,41888
Gwm,Ute,2023,Ute/Pickup,Automatic,4WD,Diesel,9.4,4,4,5,40988
Gwm,Haval,2023,SUV,Automatic,FRONT,Premium,8.1,4,4,5,28985
Gwm,Haval,2023,SUV,Automatic,FRONT,Premium,8.1,4,4,5,28490
Gwm,Haval,2023,SUV,Automatic,FRONT,Premium,9.8,4,4,5,38920
Gwm,Ute,2023,Ute/Pickup,Automatic,OTHER,Diesel,NA,NA,NA,NA,52990
Gwm,Haval,2023,SUV,-,FRONT,-,9.8,4,4,5,42490
Gwm,Haval,2023,SUV,Automatic,FRONT,-,5,4,4,5,35288
Gwm,Haval,2023,SUV,-,FRONT,-,9.8,4,4,5,40910
Gwm,Haval,2023,SUV,Automatic,FRONT,Premium,7.5,4,4,5,37485
Gwm,Haval,2023,SUV,Automatic,FRONT,-,5,4,4,5,35990
Gwm,Haval,2023,SUV,Automatic,FRONT,-,5,4,4,5,36485
Gwm,Ute,2023,Ute/Pickup,Automatic,4WD,Diesel,9.4,4,4,5,47995
Gwm,Haval,2023,SUV,Automatic,FRONT,Premium,8.1,4,4,5,31485
Gwm,Haval,2023,SUV,Automatic,4WD,Unleaded,8.4,4,4,5,46985
Gwm,Haval,2023,SUV,Automatic,FRONT,Hybrid,5,4,4,5,41485
Gwm,Haval,2023,SUV,Automatic,FRONT,Premium,8.1,4,4,5,29820
Gwm,Haval,2023,SUV,-,FRONT,-,9.8,4,4,5,42985
Gwm,Tank,2023,SUV,Automatic,4WD,-,9.5,4,4,5,50990
Gwm,Haval,2023,SUV,Automatic,4WD,Unleaded,8.4,4,4,5,44990
Gwm,Haval,2023,SUV,Automatic,FRONT,Unleaded,7.5,4,4,5,41485
Gwm,Ute,2023,Ute/Pickup,Automatic,4WD,Diesel,9.4,4,4,5,39990
Gwm,Ute,2023,Ute/Pickup,Automatic,4WD,Diesel,9.4,4,4,5,45490
Gwm,Haval,2023,SUV,Automatic,FRONT,Premium,8.1,4,4,5,34990
Gwm,Ute,2023,Ute/Pickup,Automatic,4WD,Diesel,9.4,4,4,5,43900
Gwm,Haval,2023,SUV,Automatic,FRONT,Premium,9.8,4,4,5,35985
Gwm,Tank,2023,SUV,Automatic,4WD,Hybrid,10.3,4,4,5,60990
Gwm,Ute,2023,Ute/Pickup,Automatic,4WD,Diesel,9.4,4,4,5,41990
Haval,H8,2015,SUV,Automatic,AWD,Premium,12.7,4,4,5,22733
Haval,H9,2018,SUV,Automatic,4WD,Premium,10.9,4,4,7,29910
Haval,H6,2018,SUV,Automatic,FRONT,Premium,9.8,4,4,5,21990
Haval,H9,2019,SUV,Automatic,4WD,Premium,10.9,4,4,7,31990
Haval,H2,2019,SUV,Automatic,FRONT,Premium,9,4,4,5,18990
Haval,H9,2019,SUV,Automatic,4WD,Premium,10.9,4,4,7,38990
Haval,H9,2020,SUV,Automatic,4WD,Premium,10.9,4,4,7,37990
Haval,H9,2020,SUV,Automatic,4WD,Premium,10.9,4,4,7,35990
Haval,H2,2020,SUV,Automatic,FRONT,Premium,9,4,4,5,24990
Haval,H9,2021,SUV,Automatic,4WD,Premium,10.9,4,4,7,38990
Haval,H9,2021,SUV,Automatic,4WD,Premium,10.9,4,4,7,32999
Haval,H2,2021,SUV,Automatic,FRONT,Premium,9,4,4,5,22990
Haval,Jolion,2022,SUV,Automatic,OTHER,Other,NA,NA,NA,NA,38990
Haval,H6,2022,SUV,Automatic,OTHER,Unleaded,NA,NA,NA,NA,41485
Haval,H6,2022,SUV,Automatic,OTHER,-,NA,NA,NA,NA,45290
Haval,Jolion,2022,SUV,Automatic,OTHER,-,NA,NA,NA,NA,38888
Haval,Jolion,2022,SUV,Automatic,OTHER,-,NA,NA,NA,NA,28990
Haval,Jolion,2023,Wagon,-,OTHER,-,NA,NA,NA,NA,40990
Haval,Jolion,2023,SUV,Automatic,OTHER,Other,NA,NA,NA,NA,36990
Haval,Jolion,2023,SUV,Automatic,OTHER,Unleaded,NA,NA,NA,NA,31485
Haval,Jolion,2023,SUV,Automatic,OTHER,Unleaded,NA,NA,NA,NA,28990
Haval,H2,2023,SUV,Automatic,FRONT,Premium,9,4,4,5,25990
Hino,500,2023,Commercial,Automatic,REAR,Diesel,0,4,2,3,129007
Hino,500,2023,Commercial,Manual,REAR,Diesel,0,4,2,3,125919
Hino,500,2023,Commercial,Manual,REAR,Diesel,0,6,2,3,202052
Hino,500,2023,Commercial,Automatic,REAR,Diesel,0,6,2,3,164009
Hino,700,2023,Commercial,Automatic,REAR,Diesel,0,6,2,2,219770
Hino,500,2023,Commercial,Automatic,REAR,Diesel,0,4,2,3,103645
Hino,300,2023,Ute/Pickup,Automatic,REAR,Diesel,0,4,2,3,72350
Hino,300,2023,Commercial,Automatic,REAR,Diesel,0,4,2,3,61969
Hino,300,2023,Commercial,Automatic,REAR,Diesel,0,4,2,3,81569
Hino,500,2023,Commercial,Automatic,REAR,Diesel,0,6,2,3,187211
Hino,500,2023,Commercial,Manual,REAR,Diesel,0,6,2,3,166384
Hino,500,2023,Commercial,Automatic,REAR,Diesel,0,6,2,3,150106
Hino,500,2023,Commercial,Automatic,REAR,Diesel,0,6,2,3,213178
Hino,700,2023,Commercial,Automatic,REAR,Diesel,0,6,2,2,234156
Hino,500,2023,Commercial,Automatic,REAR,Diesel,0,4,2,3,109077
Hino,500,2023,Commercial,Manual,REAR,Diesel,0,4,2,3,93892
Hino,500,2023,Commercial,Manual,REAR,Diesel,0,4,2,3,119908
Hino,500,2023,Commercial,Automatic,REAR,Diesel,0,4,2,3,113769
Hino,500,2023,Commercial,Manual,REAR,Diesel,0,4,2,3,113380
Hino,300,2023,Ute/Pickup,Manual,REAR,Diesel,0,4,2,3,66336
Hino,300,2023,Ute/Pickup,Automatic,REAR,Diesel,0,4,4,7,88020
Hino,300,2023,Commercial,Automatic,REAR,Diesel,0,4,2,3,73499
Hino,500,2023,Commercial,Manual,REAR,Diesel,0,4,2,3,104271
Hino,300,2023,Ute/Pickup,Automatic,REAR,Diesel,0,4,2,3,60632
Hino,300,2023,Commercial,Automatic,REAR,Diesel,0,4,2,3,61006
Hino,300,2023,Ute/Pickup,Automatic,REAR,Diesel,0,4,2,3,82073
Holden,Colorado,2014,Wagon,Automatic,OTHER,Unleaded,NA,NA,NA,NA,23995
Holden,Commodore,2014,Sedan,Automatic,REAR,Unleaded,9.5,6,4,5,19995
Holden,Cruze,2014,Sedan,Automatic,FRONT,Unleaded,7.4,4,4,5,12995
Holden,Captiva,2014,SUV,Automatic,AWD,Diesel,8.1,4,4,7,11999
Holden,Cruze,2014,Hatchback,Manual,FRONT,Unleaded,7,4,5,5,10990
Holden,Cruze,2014,Hatchback,Automatic,FRONT,Unleaded,7.4,4,5,5,10999
Holden,Commodore,2014,Sedan,Manual,REAR,Premium,11.5,8,4,5,43900
Holden,Cruze,2014,Sedan,Automatic,FRONT,Unleaded,7.4,4,4,5,12990
Holden,Trax,2014,SUV,Automatic,FRONT,Unleaded,7.6,4,4,5,10999
Holden,Commodore,2014,Wagon,Automatic,REAR,Unleaded,9.8,6,4,5,12990
Holden,Calais,2014,Sedan,Automatic,REAR,Unleaded,9.5,6,4,5,24990
Holden,Barina,2014,Hatchback,Automatic,FRONT,Unleaded,6.6,4,5,5,11800
Holden,Colorado,2014,Ute/Pickup,Automatic,4WD,Diesel,9.1,4,4,5,26990
Holden,Commodore,2014,Wagon,Automatic,REAR,Lpg,11.8,6,4,5,15990
Holden,Captiva,2014,SUV,Automatic,AWD,Diesel,8.1,4,4,7,13555
Holden,Colorado,2014,Ute/Pickup,Manual,4WD,Diesel,8.1,4,4,5,29950
Holden,Captiva,2014,SUV,Automatic,FRONT,Unleaded,9,4,4,7,13593
Holden,Colorado,2014,Ute/Pickup,Automatic,OTHER,-,NA,NA,NA,NA,18999
Holden,Colorado,2014,Ute/Pickup,Automatic,REAR,Diesel,8.8,4,2,2,22990
Holden,Colorado,2014,SUV,Automatic,4WD,Diesel,9.4,4,4,7,25995
Holden,Cruze,2014,Sedan,Automatic,FRONT,Unleaded,7.4,4,4,5,13990
Holden,Colorado,2014,Ute/Pickup,Automatic,4WD,Diesel,9.1,4,4,5,30990
Holden,Captiva,2014,SUV,Automatic,FRONT,Unleaded,9,4,4,7,10999
Holden,Ute,2014,Ute/Pickup,Automatic,REAR,Unleaded,9.9,6,2,2,18990
Holden,Captiva,2014,SUV,Automatic,FRONT,Unleaded,9,4,4,7,10995
Holden,Barina,2014,Hatchback,Automatic,FRONT,Unleaded,5.8,4,5,5,11990
Holden,Colorado,2014,Ute/Pickup,Manual,REAR,Diesel,7.6,4,4,5,19990
Holden,Captiva,2014,SUV,Automatic,AWD,Diesel,8.1,4,4,7,15913
Holden,Captiva,2014,SUV,Automatic,FRONT,Unleaded,9,4,4,7,12999
Holden,Commodore,2014,Sedan,Manual,REAR,Premium,11.8,8,4,5,49888
Holden,Captiva,2014,SUV,Automatic,AWD,Diesel,8.2,4,4,5,9990
Holden,Captiva,2014,SUV,Automatic,AWD,Diesel,8.1,4,4,7,11200
Holden,Colorado,2014,Ute/Pickup,Manual,4WD,Diesel,8.1,4,2,2,18990
Holden,Ute,2014,Ute/Pickup,Automatic,REAR,Unleaded,9.9,6,2,2,19990
Holden,Captiva,2014,SUV,Manual,FRONT,Unleaded,8.8,4,4,5,12970
Holden,Ute,2014,Ute/Pickup,Manual,REAR,Unleaded,9.8,6,2,2,29999
Holden,Colorado,2014,Ute/Pickup,Automatic,4WD,Diesel,9,4,4,5,29990
Holden,Trax,2014,SUV,Automatic,FRONT,Unleaded,6.9,4,4,5,13880
Holden,Colorado,2014,SUV,Automatic,4WD,Diesel,9.4,4,4,7,27990
Holden,Commodore,2014,Sedan,Automatic,REAR,Unleaded,8.3,6,4,5,19990
Holden,Ute,2014,Ute/Pickup,Automatic,REAR,Unleaded,9.9,6,2,2,17999
Holden,Barina,2014,Hatchback,Automatic,FRONT,Unleaded,6.6,4,5,5,14413
Holden,Commodore,2014,Sedan,Automatic,REAR,Premium,11.8,8,4,5,39986
Holden,Colorado,2014,Ute/Pickup,Manual,4WD,Diesel,8.1,4,2,2,26990
Holden,Barina,2014,Hatchback,Manual,FRONT,Unleaded,5.2,4,5,5,11501
Holden,Colorado,2014,Ute/Pickup,Automatic,4WD,Diesel,9.1,4,4,5,32987
Holden,Cruze,2014,Hatchback,Automatic,FRONT,Unleaded,7.9,4,5,5,9990
Holden,Commodore,2014,Sedan,Automatic,REAR,Lpg,11.5,6,4,5,12799
Holden,Cruze,2014,Sedan,Automatic,FRONT,Unleaded,7.9,4,4,5,8999
Holden,Ute,2014,Ute/Pickup,Automatic,REAR,Unleaded,11.5,8,2,2,35990
Holden,Captiva,2014,SUV,Automatic,AWD,Diesel,8.1,4,4,7,14990
Holden,Calais,2014,Wagon,Automatic,REAR,Unleaded,9.8,6,4,5,24990
Holden,Trax,2014,SUV,Automatic,FRONT,Unleaded,7.6,4,4,5,15290
Holden,Colorado,2014,Ute/Pickup,Automatic,REAR,Diesel,8.8,4,2,2,19990
Holden,Cruze,2014,Sedan,Automatic,FRONT,Unleaded,7.9,4,4,5,12752
Holden,Cruze,2014,Hatchback,Manual,FRONT,Unleaded,7.4,4,5,5,13966
Holden,Colorado,2014,Ute/Pickup,Automatic,OTHER,-,NA,NA,NA,NA,29990
Holden,Colorado,2014,Ute/Pickup,Manual,4WD,Diesel,8.1,4,4,5,29990
Holden,Ute,2014,Ute/Pickup,Manual,REAR,Unleaded,12.3,8,2,2,54990
Holden,Cruze,2014,Wagon,Automatic,FRONT,Unleaded,7.4,4,4,5,13999
Holden,Colorado,2014,Ute/Pickup,Automatic,4WD,Diesel,9.1,4,4,5,28886
Holden,Malibu,2014,Sedan,Automatic,FRONT,Unleaded,8,4,4,5,13999
Holden,Barina,2014,Hatchback,Automatic,FRONT,Unleaded,6.4,4,5,5,11999
Holden,Captiva,2014,SUV,Automatic,FRONT,Unleaded,9,4,4,7,12500
Holden,Commodore,2014,Sedan,Automatic,REAR,Unleaded,9.5,6,4,5,20999
Holden,Barina,2014,Hatchback,Automatic,FRONT,Unleaded,6.6,4,5,5,10999
Holden,Commodore,2014,Sedan,Automatic,REAR,Premium,11.8,8,4,5,37990
Holden,Ute,2014,Ute/Pickup,Manual,REAR,Unleaded,12.3,8,2,2,43500
Holden,Colorado,2014,Ute/Pickup,Automatic,REAR,Diesel,8.9,4,4,5,31990
Holden,Captiva,2014,Wagon,Automatic,FRONT,Unleaded,NA,NA,NA,NA,12989
Holden,Cruze,2014,Sedan,Manual,FRONT,Unleaded,7.4,4,4,5,9897
Holden,Malibu,2014,Sedan,Automatic,FRONT,Diesel,6.4,4,4,5,11999
Holden,Calais,2014,Sedan,Automatic,REAR,Unleaded,9.5,6,4,5,25990
Holden,Colorado,2014,Ute/Pickup,Automatic,REAR,Diesel,8.8,4,4,5,14999
Holden,Commodore,2014,Wagon,Automatic,REAR,Unleaded,8.6,6,4,5,19980
Holden,Commodore,2014,Sedan,Automatic,REAR,Unleaded,8.3,6,4,5,20990
Holden,Barina,2014,Hatchback,Manual,FRONT,Unleaded,6.8,4,5,5,8990
Holden,Commodore,2014,Sedan,Automatic,REAR,Unleaded,8.3,6,4,5,14990
Holden,Calais,2014,Sedan,Automatic,REAR,Premium,14.6,8,4,5,42990
Holden,Commodore,2014,Wagon,Automatic,REAR,Unleaded,9.8,6,4,5,23895
Holden,Barina,2014,Hatchback,Automatic,FRONT,Premium,6.5,4,5,5,12999
Holden,Captiva,2014,SUV,Automatic,AWD,Unleaded,10.1,6,4,7,13990
Holden,Trax,2014,SUV,Automatic,FRONT,Unleaded,6.9,4,4,5,15490
Holden,Trax,2014,Wagon,Automatic,OTHER,-,NA,NA,NA,NA,13980
Holden,Caprice,2014,Sedan,Automatic,REAR,Premium,11.7,8,4,5,24990
Holden,Captiva,2014,Wagon,Automatic,OTHER,-,NA,NA,NA,NA,14990
Holden,Calais,2014,Sedan,Automatic,REAR,Premium,14.6,8,4,5,37870
Holden,Cruze,2014,Wagon,Automatic,FRONT,Unleaded,7.4,4,4,5,9990
Holden,Cruze,2014,Hatchback,Manual,FRONT,Unleaded,7,4,5,5,8950
Holden,Colorado,2014,SUV,Automatic,4WD,Diesel,9.4,4,4,7,22888
Holden,Colorado,2014,Ute/Pickup,Automatic,4WD,Diesel,9.1,4,4,5,25990
Holden,Cruze,2014,Hatchback,Automatic,FRONT,Unleaded,7.4,4,5,5,11999
Holden,Commodore,2015,Wagon,Automatic,REAR,Unleaded,9.8,6,4,5,22999
Holden,Commodore,2015,Sedan,Automatic,REAR,Premium,11.8,8,4,5,47990
Holden,Trax,2015,SUV,Automatic,FRONT,Unleaded,6.9,4,4,5,11995
Holden,Captiva,2015,SUV,Automatic,FRONT,Unleaded,9,4,4,7,14990
Holden,Captiva,2015,SUV,Automatic,FRONT,Unleaded,9,4,4,7,13995
Holden,Colorado,2015,Ute/Pickup,Automatic,4WD,Diesel,9.1,4,4,5,35888
Holden,Commodore,2015,Wagon,Automatic,REAR,Unleaded,9.8,6,4,5,20980
Holden,Caprice,2015,Sedan,Automatic,REAR,Premium,11.7,8,4,5,36990
Holden,Cruze,2015,NA,Automatic,FRONT,Unleaded,NA,NA,NA,NA,11950
Holden,Cruze,2015,Sedan,Automatic,FRONT,Unleaded,7.4,4,4,5,10950
Holden,Captiva,2015,Wagon,Automatic,OTHER,Diesel,NA,NA,NA,NA,12990
Holden,Captiva,2015,SUV,Automatic,AWD,Diesel,8.1,4,4,7,13950
Holden,Captiva,2015,SUV,Automatic,AWD,Diesel,8.1,4,4,7,11990
Holden,Barina,2015,Sedan,Automatic,FRONT,Unleaded,6.3,4,4,5,13990
Holden,Cruze,2015,Hatchback,Automatic,FRONT,Unleaded,7.4,4,5,5,12913
Holden,Calais,2015,NA,Automatic,OTHER,-,NA,NA,NA,NA,45999
Holden,Colorado,2015,Ute/Pickup,Manual,4WD,Diesel,8.1,4,4,5,38995
Holden,Calais,2015,Sedan,Automatic,REAR,Unleaded,9.5,6,4,5,19995
Holden,Calais,2015,Sedan,Automatic,REAR,Premium,14.6,8,4,5,29950
Holden,Colorado,2015,Ute/Pickup,Automatic,4WD,Diesel,9.1,4,4,5,32800
Holden,Cruze,2015,Sedan,Automatic,FRONT,Unleaded,7.4,4,4,5,12990
Holden,Captiva,2015,SUV,Automatic,FRONT,Unleaded,8.8,4,4,5,14999
Holden,Colorado,2015,Ute/Pickup,Automatic,REAR,Diesel,8.9,4,4,5,20990
Holden,Colorado,2015,SUV,Automatic,4WD,Diesel,9.4,4,4,7,24980
Holden,Commodore,2015,Sedan,Automatic,REAR,Unleaded,9.5,6,4,5,27770
Holden,Captiva,2015,SUV,Automatic,FRONT,Unleaded,9,4,4,7,12999
Holden,Commodore,2015,Wagon,Automatic,REAR,Lpg,11.8,6,4,5,18990
Holden,Trax,2015,SUV,Automatic,FRONT,Unleaded,7.6,4,4,5,15995
Holden,Ute,2015,Ute/Pickup,Automatic,REAR,Unleaded,12.4,8,2,2,34990
Holden,Colorado,2015,Ute/Pickup,Automatic,REAR,Diesel,8.9,4,4,5,21999
Holden,Captiva,2015,Wagon,Automatic,OTHER,Diesel,NA,NA,NA,NA,11995
Holden,Barina,2015,Hatchback,Manual,FRONT,Unleaded,6.8,4,5,5,12990
Holden,Barina,2015,Hatchback,Manual,FRONT,Unleaded,6.8,4,5,5,8999
Holden,Commodore,2015,Sedan,Manual,REAR,Premium,11.5,8,4,5,48990
Holden,Cascada,2015,Convertible,Automatic,FRONT,Premium,7.5,4,2,4,19390
Holden,Trax,2015,SUV,Manual,FRONT,Unleaded,7,4,4,5,10850
Holden,Colorado,2015,Ute/Pickup,Manual,4WD,Diesel,7.9,4,4,5,24988
Holden,Cruze,2015,Sedan,Automatic,FRONT,Unleaded,7.4,4,4,5,11999
Holden,Commodore,2015,Sedan,Manual,REAR,Premium,11.5,8,4,5,54990
Holden,Colorado,2015,SUV,Automatic,4WD,Diesel,9.4,4,4,7,23913
Holden,Colorado,2015,Ute/Pickup,Automatic,4WD,Diesel,9,4,4,5,34999
Holden,Ute,2015,Ute/Pickup,Manual,REAR,Unleaded,9.8,6,2,2,26990
Holden,Captiva,2015,SUV,Automatic,AWD,Diesel,8.1,4,4,7,19990
Holden,Barina,2015,Hatchback,Automatic,FRONT,Unleaded,6.6,4,5,5,11990
Holden,Cascada,2015,NA,-,OTHER,-,NA,NA,NA,NA,19950
Holden,Colorado,2015,SUV,Automatic,4WD,Diesel,9.4,4,4,7,27990
Holden,Astra,2015,Hatchback,Manual,FRONT,Premium,6.9,4,3,5,11990
Holden,Captiva,2015,SUV,Automatic,FRONT,Unleaded,9,4,4,7,13990
Holden,Commodore,2015,Sedan,Automatic,REAR,Unleaded,9.5,6,4,5,30999
Holden,Cruze,2015,Sedan,Automatic,FRONT,Unleaded,7.4,4,4,5,14990
Holden,Captiva,2015,SUV,Automatic,FRONT,Unleaded,8.8,4,4,5,15999
Holden,Trax,2015,SUV,Automatic,FRONT,Unleaded,7.6,4,4,5,18999
Holden,Commodore,2015,Sedan,Automatic,REAR,Premium,11.8,8,4,5,39495
Holden,Cascada,2015,Convertible,Automatic,FRONT,Premium,7.5,4,2,4,16950
Holden,Captiva,2015,SUV,Automatic,AWD,Diesel,8.1,4,4,7,13990
Holden,Ute,2015,Ute/Pickup,Automatic,REAR,Unleaded,9.9,6,2,2,27990
Holden,Captiva,2015,SUV,Automatic,AWD,Diesel,8.1,4,4,7,16980
Holden,Commodore,2015,Wagon,Automatic,REAR,Unleaded,9.8,6,4,5,24790
Holden,Captiva,2015,SUV,Automatic,AWD,Diesel,8.1,4,4,7,15662
Holden,Cruze,2015,Hatchback,Automatic,FRONT,Unleaded,7.4,4,5,5,13990
Holden,Colorado,2015,Ute/Pickup,Automatic,4WD,Diesel,9.1,4,2,2,21999
Holden,Calais,2015,Sedan,Automatic,REAR,Unleaded,9.5,6,4,5,28888
Holden,Barina,2015,Hatchback,Automatic,FRONT,Premium,6.5,4,5,5,15990
Holden,Captiva,2015,SUV,Automatic,FRONT,Unleaded,9,4,4,7,11990
Holden,Barina,2015,Hatchback,Automatic,FRONT,Unleaded,5.8,4,5,5,13970
Holden,Ute,2015,Ute/Pickup,Automatic,REAR,Unleaded,9.9,6,2,2,18799
Holden,Commodore,2015,Sedan,Automatic,REAR,Unleaded,9.5,6,4,5,26990
Holden,Commodore,2015,Sedan,Automatic,REAR,Unleaded,8.3,6,4,5,16990
Holden,Captiva,2015,SUV,Automatic,AWD,Diesel,8.1,4,4,7,16990
Holden,Cruze,2015,Sedan,Automatic,FRONT,Unleaded,7.4,4,4,5,13990
Holden,Calais,2015,Wagon,Automatic,REAR,Premium,14.6,8,4,5,44990
Holden,Captiva,2015,SUV,Automatic,FRONT,Unleaded,8.8,4,4,5,14490
Holden,Captiva,2015,SUV,Automatic,AWD,Diesel,8.2,4,4,5,18888
Holden,Commodore,2015,Sedan,Automatic,REAR,Unleaded,8.3,6,4,5,18990
Holden,Commodore,2015,Sedan,Automatic,REAR,Unleaded,9.5,6,4,5,28880
Holden,Caprice,2015,Sedan,Automatic,REAR,Premium,11.7,8,4,5,32990
Holden,Colorado,2015,Ute/Pickup,Manual,REAR,Diesel,7.6,4,4,5,23990
Holden,Captiva,2015,Wagon,Automatic,OTHER,-,NA,NA,NA,NA,16990
Holden,Captiva,2015,SUV,Automatic,AWD,Diesel,8.1,4,4,7,19999
Holden,Captiva,2015,SUV,Automatic,FRONT,Unleaded,8.8,4,4,5,15990
Holden,Colorado,2015,Ute/Pickup,Automatic,4WD,Diesel,9.1,4,4,5,28985
Holden,Colorado,2015,Ute/Pickup,Automatic,4WD,Diesel,9,4,4,5,27990
Holden,Commodore,2015,Wagon,Automatic,REAR,Premium,11.7,8,4,5,43984
Holden,Cruze,2015,Hatchback,Automatic,FRONT,Unleaded,7.4,4,5,5,10888
Holden,Captiva,2015,SUV,Automatic,AWD,Diesel,8.1,4,4,7,15995
Holden,Spark,2015,Hatchback,Automatic,FRONT,Unleaded,NA,NA,NA,NA,13990
Holden,Captiva,2015,SUV,Automatic,AWD,Diesel,8.1,4,4,7,20950
Holden,Ute,2015,Ute/Pickup,Automatic,REAR,Unleaded,12.4,8,2,2,58995
Holden,Captiva,2015,SUV,Automatic,AWD,Unleaded,10.1,6,4,7,16588
Holden,Colorado,2015,SUV,Automatic,4WD,Diesel,9.4,4,4,7,21990
Holden,Captiva,2015,Wagon,Automatic,OTHER,-,NA,NA,NA,NA,18888
Holden,Cruze,2015,Hatchback,Automatic,FRONT,Unleaded,NA,NA,NA,NA,14627
Holden,Captiva,2015,SUV,Automatic,AWD,Unleaded,10.1,6,4,7,11950
Holden,Cascada,2016,Convertible,Automatic,FRONT,Premium,7.5,4,2,4,24995
Holden,Commodore,2016,Sedan,Automatic,REAR,Unleaded,8.3,6,4,5,22999
Holden,Cruze,2016,Sedan,Manual,FRONT,Unleaded,7.4,4,4,5,12990
Holden,Cruze,2016,Hatchback,Automatic,FRONT,Unleaded,7.4,4,5,5,14990
Holden,Colorado,2016,Ute/Pickup,Automatic,4WD,Diesel,9,4,4,5,29999
Holden,Cruze,2016,Sedan,Automatic,FRONT,Unleaded,7.4,4,4,5,13990
Holden,Commodore,2016,Sedan,Automatic,REAR,Unleaded,8.3,6,4,5,19990
Holden,Cruze,2016,Sedan,Automatic,FRONT,Unleaded,7.4,4,4,5,15490
Holden,Trax,2016,Wagon,-,OTHER,Premium,NA,NA,NA,NA,14990
Holden,Barina,2016,Hatchback,Automatic,FRONT,Premium,6.5,4,5,5,11788
Holden,Commodore,2016,Wagon,Automatic,REAR,Premium,11.7,6,4,5,24990
Holden,Colorado,2016,Ute/Pickup,Automatic,4WD,Diesel,9.1,4,4,5,23995
Holden,Captiva,2016,SUV,Automatic,FRONT,Unleaded,9,4,4,7,13999
Holden,Colorado,2016,Ute/Pickup,Automatic,4WD,Diesel,9.1,4,4,5,38888
Holden,Captiva,2016,SUV,Automatic,FRONT,Unleaded,9,4,4,7,18990
Holden,Colorado,2016,Ute/Pickup,Automatic,4WD,Diesel,9.1,4,4,5,39990
Holden,Colorado,2016,Ute/Pickup,Automatic,4WD,Diesel,9.1,4,2,2,24950
Holden,Trax,2016,SUV,Automatic,FRONT,Unleaded,7.6,4,4,5,16888
Holden,Cruze,2016,Hatchback,Manual,FRONT,Unleaded,7,4,5,5,11990
Holden,Cruze,2016,Hatchback,Automatic,FRONT,Unleaded,7.4,4,5,5,13990
Holden,Colorado,2016,Ute/Pickup,Manual,4WD,Diesel,7.9,4,4,5,29900
Holden,Commodore,2016,Sedan,Automatic,REAR,Premium,11.8,8,4,5,44950
Holden,Colorado,2016,Ute/Pickup,Automatic,REAR,Diesel,8.9,4,4,5,18888
Holden,Trax,2016,SUV,Manual,FRONT,Unleaded,7,4,4,5,12800
Holden,Colorado,2016,Ute/Pickup,Automatic,REAR,Diesel,8.8,4,4,5,22990
Holden,Colorado,2016,Ute/Pickup,Automatic,REAR,Diesel,8.9,4,4,5,19990
Holden,Commodore,2016,Wagon,Automatic,REAR,Unleaded,9.8,6,4,5,26995
Holden,Commodore,2016,Sedan,Manual,REAR,Unleaded,9.7,6,4,5,32995
Holden,Captiva,2016,SUV,Automatic,FRONT,Unleaded,9,4,4,7,12990
Holden,Colorado,2016,Ute/Pickup,Manual,4WD,Diesel,7.9,4,4,5,24800
Holden,Barina,2016,Hatchback,Automatic,FRONT,Unleaded,6.6,4,5,5,14990
Holden,Trailblazer,2016,SUV,Automatic,4WD,Diesel,9.4,4,4,7,27800
Holden,Commodore,2016,Sedan,Automatic,REAR,Unleaded,9.5,6,4,5,21800
Holden,Colorado,2016,Ute/Pickup,Automatic,OTHER,-,NA,NA,NA,NA,29990
Holden,Calais,2016,Wagon,Automatic,REAR,Unleaded,9.8,6,4,5,27490
Holden,Colorado,2016,Ute/Pickup,Automatic,4WD,Diesel,9.1,4,4,5,34990
Holden,Captiva,2016,SUV,Automatic,AWD,Diesel,8.1,4,4,7,17950
Holden,Commodore,2016,Sedan,Manual,REAR,Premium,11.5,8,4,5,54990
Holden,Commodore,2016,Sedan,Automatic,REAR,Premium,11.7,8,4,5,52950
Holden,Captiva,2016,SUV,Automatic,AWD,Diesel,8.1,4,4,7,15800
Holden,Commodore,2016,Sedan,Manual,REAR,Unleaded,9.7,6,4,5,28999
Holden,Captiva,2016,SUV,Automatic,AWD,Diesel,8.1,4,4,7,22990
Holden,Commodore,2016,Wagon,Automatic,REAR,Premium,11.8,8,4,5,54990
Holden,Captiva,2016,SUV,Automatic,AWD,Diesel,8.1,4,4,7,19950
Holden,Colorado,2016,SUV,Automatic,4WD,Diesel,9.4,4,4,7,27800
Holden,Captiva,2016,SUV,Automatic,AWD,Diesel,8.1,4,4,7,18990
Holden,Colorado,2016,SUV,Automatic,4WD,Diesel,9.4,4,4,7,25913
Holden,Commodore,2016,Sedan,Automatic,REAR,Premium,11.8,8,4,5,49830
Holden,Commodore,2016,Wagon,Automatic,REAR,Unleaded,8.6,6,4,5,20888
Holden,Commodore,2016,Sedan,Automatic,REAR,Premium,11.7,8,4,5,46990
Holden,Commodore,2016,Sedan,Automatic,REAR,Unleaded,9.5,6,4,5,30000
Holden,Cruze,2016,Wagon,Automatic,FRONT,Unleaded,7.4,4,4,5,14620
Holden,Colorado,2016,Ute/Pickup,Automatic,4WD,Diesel,9.1,4,4,5,34999
Holden,Colorado,2016,Ute/Pickup,Automatic,4WD,Diesel,9,4,4,5,32499
Holden,Commodore,2016,Sedan,Automatic,REAR,Unleaded,9.5,6,4,5,29888
Holden,Captiva,2016,SUV,Automatic,AWD,Unleaded,10.1,6,4,7,14499
Holden,Calais,2016,Sedan,Automatic,REAR,Unleaded,9.5,6,4,5,19999
Holden,Colorado,2016,Ute/Pickup,Manual,4WD,Diesel,7.9,4,2,2,18999
Holden,Commodore,2016,Wagon,Automatic,REAR,Premium,11.7,6,4,5,29990
Holden,Calais,2016,Sedan,Automatic,REAR,Unleaded,9.5,6,4,5,17995
Holden,Colorado,2016,Ute/Pickup,Automatic,4WD,Diesel,9.1,4,4,5,36990
Holden,Trax,2016,SUV,Automatic,FRONT,Unleaded,6.9,4,4,5,16990
Holden,Trailblazer,2016,SUV,Automatic,4WD,Diesel,9.4,4,4,7,34990
Holden,Commodore,2016,Wagon,Automatic,REAR,Unleaded,9.8,6,4,5,23999
Holden,Ute,2016,Ute/Pickup,Manual,REAR,Unleaded,9.8,6,2,2,37800
Holden,Colorado,2016,Ute/Pickup,Automatic,4WD,Diesel,9.1,4,4,5,38980
Holden,Colorado,2016,Ute/Pickup,Automatic,4WD,Diesel,9,4,4,5,37990
Holden,Colorado,2016,Ute/Pickup,Automatic,4WD,Diesel,9,4,4,5,33990
Holden,Commodore,2016,Sedan,Automatic,REAR,Unleaded,8.3,6,4,5,21940
Holden,Commodore,2016,Wagon,Automatic,REAR,Unleaded,9.8,6,4,5,29990
Holden,Cruze,2016,Sedan,Automatic,FRONT,Unleaded,7.9,4,4,5,14980
Holden,Calais,2016,Sedan,Automatic,REAR,Unleaded,9.5,6,4,5,24990
Holden,Commodore,2016,Sedan,Automatic,REAR,Unleaded,9.5,6,4,5,25900
Holden,Colorado,2016,Ute/Pickup,Automatic,4WD,Diesel,9,4,4,5,27999
Holden,Trax,2016,SUV,Automatic,FRONT,Unleaded,6.9,4,4,5,13990
Holden,Ute,2016,Ute/Pickup,Manual,REAR,Unleaded,9.8,6,2,2,30990
Holden,Commodore,2016,Sedan,Automatic,REAR,Unleaded,9.5,6,4,5,26880
Holden,Colorado,2016,Ute/Pickup,Manual,REAR,Diesel,8.1,4,2,2,25990
Holden,Captiva,2016,SUV,Automatic,FRONT,Unleaded,9,4,4,7,15990
Holden,Colorado,2016,Ute/Pickup,Automatic,4WD,Diesel,9.1,4,4,5,21990
Holden,Commodore,2016,Sedan,Automatic,REAR,Unleaded,9.5,6,4,5,31990
Holden,Cruze,2016,Hatchback,Automatic,FRONT,Unleaded,7.4,4,5,5,12990
Holden,Commodore,2016,Sedan,Automatic,REAR,Premium,11.8,8,4,5,51990
Holden,Cruze,2016,Sedan,Automatic,FRONT,Unleaded,7.4,4,4,5,13999
Holden,Commodore,2016,Sedan,Automatic,REAR,Unleaded,9.5,6,4,5,28990
Holden,Commodore,2016,Sedan,Automatic,REAR,Premium,11.8,8,4,5,74990
Holden,Trailblazer,2016,SUV,Automatic,4WD,Diesel,9.4,4,4,7,29990
Holden,Trax,2016,SUV,Automatic,FRONT,Unleaded,7.6,4,4,5,15499
Holden,Commodore,2016,Sedan,Automatic,REAR,Unleaded,9.5,6,4,5,24911
Holden,Commodore,2016,Sedan,Automatic,REAR,Unleaded,9.5,6,4,5,15985
Holden,Colorado,2016,SUV,Automatic,4WD,Diesel,9.4,4,4,7,26369
Holden,Colorado,2016,Ute/Pickup,Manual,4WD,Diesel,7.9,4,4,5,29490
Holden,Malibu,2016,Sedan,Automatic,FRONT,Unleaded,8,4,4,5,12990
Holden,Trax,2016,SUV,Automatic,FRONT,Unleaded,7.6,4,4,5,14998
Holden,Commodore,2016,Sedan,Automatic,REAR,Unleaded,9.5,6,4,5,27870
Holden,Trax,2016,Wagon,Automatic,FRONT,Premium,NA,NA,NA,NA,16990
Holden,Colorado,2016,Ute/Pickup,Manual,4WD,Diesel,7.9,4,4,5,28950
Holden,Commodore,2016,Sedan,Automatic,REAR,Premium,11.5,8,4,5,58995
Holden,Colorado,2016,SUV,Automatic,4WD,Diesel,9.4,4,4,7,29990
Holden,Trax,2016,SUV,Automatic,FRONT,Unleaded,7.6,4,4,5,14990
Holden,Captiva,2016,SUV,Automatic,FRONT,Unleaded,9,4,4,7,14799
Holden,Trax,2017,SUV,Automatic,FRONT,Unleaded,6.9,4,4,5,17888
Holden,Captiva,2017,SUV,Automatic,FRONT,Unleaded,9,4,4,7,12990
Holden,Astra,2017,Hatchback,Automatic,FRONT,Premium,6.3,4,5,5,15984
Holden,Colorado,2017,Ute/Pickup,Automatic,REAR,Diesel,8.8,4,4,5,21990
Holden,Colorado,2017,Ute/Pickup,Automatic,OTHER,-,NA,NA,NA,NA,28999
Holden,Barina,2017,Hatchback,Automatic,FRONT,Premium,6.6,4,5,5,14990
Holden,Astra,2017,Hatchback,Manual,FRONT,Premium,6.5,4,5,5,16999
Holden,Colorado,2017,Ute/Pickup,Automatic,4WD,Diesel,9,4,4,5,27000
Holden,Barina,2017,Hatchback,Automatic,FRONT,Premium,6.6,4,5,5,15995
Holden,Astra,2017,Hatchback,Automatic,FRONT,Premium,5.8,4,5,5,21888
Holden,Captiva,2017,SUV,Automatic,AWD,Diesel,8.1,4,4,7,22888
Holden,Astra,2017,Hatchback,Automatic,FRONT,Premium,6.3,4,5,5,19990
Holden,Captiva,2017,SUV,Automatic,AWD,Unleaded,10.1,6,4,7,23888
Holden,Trax,2017,SUV,Automatic,FRONT,Unleaded,6.9,4,4,5,16913
Holden,Trailblazer,2017,SUV,Automatic,4WD,Diesel,9.4,4,4,7,31969
Holden,Trailblazer,2017,SUV,Automatic,4WD,Diesel,8.6,4,4,7,27880
Holden,Commodore,2017,Hatchback,Automatic,FRONT,Premium,7.6,4,5,5,24788
Holden,Captiva,2017,SUV,Automatic,AWD,Diesel,8.1,4,4,7,16995
Holden,Captiva,2017,SUV,Automatic,FRONT,Unleaded,8.8,4,4,5,21995
Holden,Commodore,2017,Sedan,Manual,REAR,Premium,11.8,8,4,5,61990
Holden,Colorado,2017,Ute/Pickup,Manual,4WD,Diesel,7.9,4,4,5,32975
Holden,Calais,2017,Sedan,Automatic,REAR,Unleaded,12.9,8,4,5,89888
Holden,Captiva,2017,SUV,Automatic,AWD,Unleaded,10.1,6,4,7,17999
Holden,Barina,2017,Hatchback,Automatic,FRONT,Premium,6.6,4,5,5,13888
Holden,Trailblazer,2017,SUV,Automatic,4WD,Diesel,8.6,4,4,7,33888
Holden,Colorado,2017,Ute/Pickup,Automatic,4WD,Diesel,9.1,4,4,5,39850
Holden,Commodore,2017,Wagon,Automatic,REAR,Unleaded,9.8,6,4,5,23990
Holden,Trax,2017,SUV,Automatic,FRONT,Unleaded,6.9,4,4,5,18999
Holden,Colorado,2017,Ute/Pickup,Manual,4WD,Diesel,7.9,4,4,5,37985
Holden,Colorado,2017,Ute/Pickup,Automatic,OTHER,-,NA,NA,NA,NA,33990
Holden,Commodore,2017,Sedan,Automatic,REAR,Unleaded,9.5,6,4,5,19990
Holden,Ute,2017,Ute/Pickup,Automatic,REAR,Unleaded,12.4,8,2,2,67990
Holden,Colorado,2017,Ute/Pickup,Automatic,4WD,Diesel,9.1,4,4,5,41990
Holden,Commodore,2017,Wagon,Automatic,REAR,Unleaded,9.8,6,4,5,28990
Holden,Trailblazer,2017,Wagon,Automatic,OTHER,-,NA,NA,NA,NA,38888
Holden,Colorado,2017,Ute/Pickup,Manual,4WD,Diesel,7.9,4,4,5,29990
Holden,Colorado,2017,Ute/Pickup,Automatic,4WD,Diesel,9.1,4,4,5,36990
Holden,Colorado,2017,Ute/Pickup,Automatic,REAR,Diesel,8.9,4,4,5,37999
Holden,Commodore,2017,Wagon,Automatic,REAR,Unleaded,8.6,6,4,5,20999
Holden,Ute,2017,Ute/Pickup,Automatic,REAR,Unleaded,12.4,8,2,2,64990
Holden,Colorado,2017,Ute/Pickup,Automatic,REAR,Diesel,8.8,4,2,2,29990
Holden,Colorado,2017,Ute/Pickup,Automatic,4WD,Diesel,9.1,4,4,5,24990
Holden,Trailblazer,2017,SUV,Automatic,4WD,Diesel,8.6,4,4,7,29990
Holden,Ute,2017,Ute/Pickup,Automatic,REAR,Unleaded,9.9,6,2,2,20990
Holden,Ute,2017,Ute/Pickup,Automatic,REAR,Unleaded,9.9,6,2,2,32990
Holden,Commodore,2017,Wagon,Automatic,REAR,Unleaded,9.8,6,4,5,31995
Holden,Commodore,2017,Sedan,Automatic,REAR,Unleaded,9.5,6,4,5,32990
Holden,Trax,2017,SUV,Automatic,FRONT,Unleaded,6.9,4,4,5,18799
Holden,Astra,2017,Hatchback,Manual,FRONT,Premium,6.5,4,5,5,17790
Holden,Colorado,2017,Ute/Pickup,Automatic,4WD,Diesel,9.1,4,4,5,25975
Holden,Trailblazer,2017,SUV,Automatic,4WD,Diesel,8.6,4,4,7,22999
Holden,Ute,2017,Ute/Pickup,Automatic,REAR,Unleaded,12.4,8,2,2,57000
Holden,Trax,2017,SUV,Automatic,FRONT,Unleaded,6.7,4,4,5,22998
Holden,Astra,2017,Hatchback,Automatic,FRONT,Premium,6.3,4,5,5,19490
Holden,Equinox,2017,SUV,Automatic,AWD,Premium,8.4,4,4,5,26886
Holden,Colorado,2017,Ute/Pickup,Automatic,REAR,Diesel,8.8,4,4,5,19999
Holden,Trailblazer,2017,SUV,Automatic,4WD,Diesel,8.6,4,4,7,41470
Holden,Commodore,2017,Wagon,Automatic,REAR,Unleaded,9.8,6,4,5,31990
Holden,Colorado,2017,Ute/Pickup,Automatic,4WD,Diesel,9.1,4,2,2,25997
Holden,Astra,2017,Hatchback,Automatic,FRONT,Premium,5.8,4,5,5,17990
Holden,Colorado,2017,Ute/Pickup,Automatic,4WD,Diesel,9.1,4,4,5,47990
Holden,Colorado,2017,Ute/Pickup,Automatic,4WD,Diesel,9,4,4,5,19999
Holden,Barina,2017,Hatchback,Automatic,FRONT,Premium,6.6,4,5,5,15990
Holden,Colorado,2017,Ute/Pickup,Automatic,REAR,Diesel,8.8,4,2,2,26999
Holden,Equinox,2017,SUV,Automatic,FRONT,Premium,8.2,4,4,5,20990
Holden,Captiva,2017,SUV,Automatic,FRONT,Unleaded,9,4,4,7,19990
Holden,Captiva,2017,SUV,Automatic,AWD,Diesel,8.1,4,4,7,21490
Holden,Colorado,2017,Ute/Pickup,Automatic,REAR,Diesel,8.9,4,4,5,22990
Holden,Commodore,2017,Sedan,Automatic,REAR,Premium,11.5,8,4,5,51990
Holden,Colorado,2017,Ute/Pickup,Automatic,4WD,Diesel,9.1,4,4,5,34999
Holden,Colorado,2017,Ute/Pickup,Automatic,4WD,Diesel,9.1,4,2,2,32995
Holden,Trax,2017,SUV,Automatic,FRONT,Unleaded,6.7,4,4,5,17730
Holden,Colorado,2017,Ute/Pickup,Automatic,4WD,Diesel,9.1,4,4,5,25999
Holden,Barina,2017,Hatchback,Automatic,FRONT,Premium,6.6,4,5,5,16759
Holden,Colorado,2017,Ute/Pickup,Automatic,4WD,Diesel,9,4,4,5,34990
Holden,Trailblazer,2017,SUV,Automatic,4WD,Diesel,9.4,4,4,7,38690
Holden,Astra,2017,Hatchback,Automatic,FRONT,Premium,6.3,4,5,5,23990
Holden,Commodore,2017,Sedan,Automatic,REAR,Premium,11.8,8,4,5,59990
Holden,Trailblazer,2017,SUV,Automatic,4WD,Diesel,8.6,4,4,7,40990
Holden,Ute,2017,Ute/Pickup,Automatic,REAR,Unleaded,12.4,8,2,2,68850
Holden,Commodore,2017,Hatchback,Automatic,FRONT,Premium,7.6,4,5,5,26880
Holden,Captiva,2017,SUV,Automatic,AWD,Diesel,8.1,4,4,7,19990
Holden,Commodore,2017,Sedan,Automatic,REAR,Premium,11.8,8,4,5,57990
Holden,Colorado,2017,Ute/Pickup,Automatic,REAR,Diesel,8.8,4,4,5,27990
Holden,Colorado,2017,Ute/Pickup,Automatic,4WD,Diesel,9.1,4,4,5,40932
Holden,Colorado,2017,Ute/Pickup,Automatic,4WD,Diesel,9,4,4,5,25990
Holden,Ute,2017,Ute/Pickup,Manual,REAR,Unleaded,12.3,8,2,2,61997
Holden,Commodore,2017,Sedan,Manual,REAR,Premium,11.8,8,4,5,94990
Holden,Trailblazer,2017,SUV,Automatic,4WD,Diesel,8.6,4,4,7,35880
Holden,Astra,2017,NA,Automatic,FRONT,Unleaded,NA,NA,NA,NA,19999
Holden,Astra,2017,Hatchback,Automatic,FRONT,Unleaded,NA,NA,NA,NA,18990
Holden,Equinox,2017,SUV,Automatic,FRONT,Unleaded,6.9,4,4,5,21490
Holden,Commodore,2017,Sedan,Automatic,REAR,Premium,11.8,8,4,5,58450
Holden,Trailblazer,2017,SUV,Automatic,4WD,Diesel,8.6,4,4,7,37990
Holden,Astra,2017,Hatchback,Automatic,FRONT,Premium,6.3,4,5,5,18888
Holden,Captiva,2017,SUV,Automatic,FRONT,Unleaded,8.8,4,4,5,16888
Holden,Astra,2017,Hatchback,Manual,FRONT,Premium,6.5,4,5,5,22988
Holden,Captiva,2017,SUV,Automatic,FRONT,Unleaded,8.8,4,4,5,19988
Holden,Astra,2017,Hatchback,Manual,FRONT,Premium,5.8,4,5,5,17988
Holden,Colorado,2017,Ute/Pickup,Automatic,4WD,Diesel,9.1,4,4,5,36899
Holden,Trailblazer,2017,SUV,Automatic,4WD,Diesel,9.4,4,4,7,31981
Holden,Astra,2017,Hatchback,Automatic,FRONT,Premium,5.8,4,5,5,18985
Holden,Equinox,2017,SUV,Automatic,FRONT,Premium,8.2,4,4,5,22987
Holden,Captiva,2017,SUV,Automatic,FRONT,Unleaded,9,4,4,7,18995
Holden,Colorado,2017,Ute/Pickup,Automatic,4WD,Diesel,9,4,4,5,33888
Holden,Colorado,2017,Ute/Pickup,Manual,4WD,Diesel,8.1,4,2,2,25990
Holden,Astra,2017,Hatchback,Automatic,FRONT,Premium,6.3,4,5,5,20990
Holden,Calais,2017,Sedan,Automatic,REAR,Unleaded,12.9,8,4,5,79990
Holden,Commodore,2017,Wagon,Automatic,REAR,Unleaded,9.8,6,4,5,33990
Holden,Astra,2017,Hatchback,Automatic,FRONT,Premium,5.8,4,5,5,18999
Holden,Captiva,2017,Wagon,Automatic,FRONT,Unleaded,NA,NA,NA,NA,21990
Holden,Colorado,2018,Ute/Pickup,Automatic,REAR,Diesel,8.8,4,4,5,23888
Holden,Captiva,2018,SUV,Automatic,AWD,Diesel,8.1,4,4,7,16999
Holden,Acadia,2018,SUV,Automatic,FRONT,Unleaded,8.9,6,4,7,31990
Holden,Colorado,2018,Ute/Pickup,Automatic,4WD,Diesel,9.1,4,4,5,37888
Holden,Calais,2018,Hatchback,Automatic,OTHER,-,NA,NA,NA,NA,32999
Holden,Commodore,2018,Hatchback,Automatic,AWD,Unleaded,8.9,6,5,5,21995
Holden,Commodore,2018,Wagon,Automatic,FRONT,Diesel,5.7,4,4,5,16990
Holden,Calais,2018,Wagon,Automatic,AWD,Premium,9.1,6,4,5,33990
Holden,Colorado,2018,Ute/Pickup,Automatic,REAR,Diesel,8.8,4,4,5,21950
Holden,Colorado,2018,Ute/Pickup,Automatic,4WD,Diesel,8.6,4,4,5,24888
Holden,Commodore,2018,Wagon,Automatic,FRONT,Diesel,5.7,4,4,5,21990
Holden,Colorado,2018,Ute/Pickup,Automatic,REAR,Diesel,8.8,4,4,5,24990
Holden,Calais,2018,Hatchback,Automatic,AWD,Premium,9.1,6,5,5,29990
Holden,Commodore,2018,Wagon,Automatic,FRONT,Premium,7.7,4,4,5,22990
Holden,Trailblazer,2018,SUV,Automatic,4WD,Diesel,8.6,4,4,7,35990
Holden,Trailblazer,2018,SUV,Automatic,4WD,Diesel,8.6,4,4,7,31990
Holden,Colorado,2018,Ute/Pickup,Automatic,4WD,Diesel,8.6,4,4,5,33975
Holden,Colorado,2018,Ute/Pickup,Automatic,4WD,Diesel,9,4,4,5,42975
Holden,Commodore,2018,Wagon,Automatic,FRONT,Premium,7.7,4,4,5,23850
Holden,Calais,2018,Wagon,Automatic,AWD,Premium,9.1,6,4,5,26990
Holden,Equinox,2018,SUV,Automatic,AWD,Premium,8.4,4,4,5,24990
Holden,Commodore,2018,Hatchback,Automatic,AWD,Unleaded,8.9,6,5,5,23980
Holden,Captiva,2018,SUV,Automatic,AWD,Diesel,8.1,4,4,7,18999
Holden,Trailblazer,2018,SUV,Automatic,4WD,Diesel,8.6,4,4,7,29990
Holden,Colorado,2018,Ute/Pickup,Automatic,4WD,Diesel,9,4,4,5,34990
Holden,Calais,2018,Hatchback,Automatic,FRONT,Premium,7.6,4,5,5,29990
Holden,Colorado,2018,Ute/Pickup,Automatic,4WD,Diesel,8.6,4,4,5,39990
Holden,Commodore,2018,Wagon,Automatic,FRONT,Premium,7.7,4,4,5,24999
Holden,Colorado,2018,Ute/Pickup,Automatic,4WD,Diesel,9,4,4,5,36950
Holden,Captiva,2018,SUV,Automatic,FRONT,Unleaded,9,4,4,7,18990
Holden,Barina,2018,Hatchback,Automatic,FRONT,Unleaded,7.5,4,5,5,17490
Holden,Colorado,2018,Ute/Pickup,Automatic,4WD,Diesel,9,4,4,5,29913
Holden,Colorado,2018,Ute/Pickup,Automatic,4WD,Diesel,8.6,4,4,5,35935
Holden,Colorado,2018,Ute/Pickup,Automatic,4WD,Diesel,8.7,4,4,5,48990
Holden,Commodore,2018,Wagon,Automatic,FRONT,Premium,7.7,4,4,5,14990
Holden,Equinox,2018,SUV,Automatic,AWD,Premium,8.4,4,4,5,29999
Holden,Commodore,2018,Wagon,Automatic,FRONT,Premium,7.7,4,4,5,16990
Holden,Colorado,2018,Ute/Pickup,Manual,4WD,Diesel,7.9,4,4,5,41990
Holden,Commodore,2018,Hatchback,Automatic,AWD,Unleaded,8.9,6,5,5,29990
Holden,Calais,2018,Wagon,Automatic,AWD,Premium,9.1,6,4,5,29990
Holden,Commodore,2018,Hatchback,Automatic,FRONT,Premium,7.4,4,5,5,21950
Holden,Calais,2018,Hatchback,Automatic,AWD,Premium,9.1,6,5,5,32499
Holden,Acadia,2018,SUV,Automatic,FRONT,Unleaded,8.9,6,4,7,44990
Holden,Commodore,2018,Wagon,Automatic,AWD,Premium,9.1,6,4,5,32990
Holden,Trax,2018,SUV,Automatic,FRONT,Unleaded,6.7,4,4,5,21990
Holden,Captiva,2018,SUV,Automatic,AWD,Diesel,8.1,4,4,7,19990
Holden,Trax,2018,SUV,Automatic,FRONT,Unleaded,6.7,4,4,5,21999
Holden,Trax,2018,SUV,Automatic,FRONT,Unleaded,6.7,4,4,5,21705
Holden,Captiva,2018,SUV,Automatic,AWD,Unleaded,10.1,6,4,7,22490
Holden,Colorado,2018,Ute/Pickup,Automatic,REAR,Diesel,8.8,4,4,5,27490
Holden,Colorado,2018,Ute/Pickup,Manual,4WD,Diesel,8.1,4,4,5,31990
Holden,Commodore,2018,Hatchback,Automatic,FRONT,Premium,7.6,4,5,5,29950
Holden,Colorado,2018,Ute/Pickup,Automatic,4WD,Diesel,9,4,4,5,38990
Holden,Commodore,2018,Hatchback,Automatic,FRONT,Premium,7.6,4,5,5,26950
Holden,Astra,2018,Sedan,Automatic,FRONT,Unleaded,6.1,4,4,5,19990
Holden,Colorado,2018,Ute/Pickup,Automatic,REAR,Diesel,8.9,4,4,5,23980
Holden,Equinox,2018,SUV,Automatic,AWD,Premium,8.4,4,4,5,27888
Holden,Astra,2018,Hatchback,Automatic,FRONT,Premium,6.3,4,5,5,21999
Holden,Equinox,2018,SUV,Automatic,FRONT,Unleaded,6.9,4,4,5,23987
Holden,Colorado,2018,Ute/Pickup,Automatic,4WD,Diesel,9.1,4,4,5,41991
Holden,Commodore,2018,Wagon,Automatic,FRONT,Premium,7.7,4,4,5,23990
Holden,Equinox,2018,SUV,Automatic,FRONT,Premium,8.2,4,4,5,24990
Holden,Equinox,2018,SUV,Automatic,AWD,Premium,8.4,4,4,5,28990
Holden,Astra,2018,Sedan,Automatic,FRONT,Unleaded,6.1,4,4,5,22888
Holden,Calais,2018,Hatchback,Automatic,AWD,Premium,9.1,6,5,5,33980
Holden,Colorado,2018,Ute/Pickup,Automatic,REAR,Diesel,8.9,4,4,5,27990
Holden,Colorado,2018,Ute/Pickup,Automatic,4WD,Diesel,8.7,4,4,5,34992
Holden,Trailblazer,2018,SUV,Automatic,4WD,Diesel,8.6,4,4,7,32888
Holden,Equinox,2018,SUV,Automatic,FRONT,Diesel,5.7,4,4,5,20000
Holden,Astra,2018,Hatchback,Automatic,FRONT,Premium,5.8,4,5,5,22500
Holden,Trailblazer,2018,SUV,Automatic,4WD,Diesel,8.6,4,4,7,29777
Holden,Equinox,2018,SUV,Automatic,AWD,Premium,8.4,4,4,5,32990
Holden,Colorado,2018,Ute/Pickup,Manual,OTHER,Diesel,NA,NA,NA,NA,41999
Holden,Astra,2018,Hatchback,Automatic,FRONT,Premium,5.8,4,5,5,16490
Holden,Astra,2018,NA,Automatic,FRONT,Unleaded,NA,NA,NA,NA,19990
Holden,Colorado,2018,Ute/Pickup,Automatic,4WD,Diesel,9,4,4,5,31990
Holden,Astra,2018,Sedan,Automatic,FRONT,Unleaded,6.1,4,4,5,17999
Holden,Commodore,2018,Wagon,Automatic,FRONT,Premium,7.7,4,4,5,26990
Holden,Calais,2018,Hatchback,Automatic,FRONT,Premium,7.6,4,5,5,30990
Holden,Calais,2018,Hatchback,Automatic,OTHER,Unleaded,NA,NA,NA,NA,39990
Holden,Colorado,2018,Ute/Pickup,Manual,4WD,Diesel,8.1,4,4,5,45990
Holden,Colorado,2018,Ute/Pickup,Automatic,4WD,Diesel,9.1,4,4,5,37990
Holden,Commodore,2018,Hatchback,Automatic,FRONT,Premium,7.6,4,5,5,23990
Holden,Trax,2018,SUV,Automatic,FRONT,Unleaded,6.7,4,4,5,16990
Holden,Trailblazer,2018,SUV,Automatic,4WD,Diesel,8.6,4,4,7,31850
Holden,Astra,2018,Hatchback,Automatic,FRONT,Premium,6.3,4,5,5,22990
Holden,Commodore,2018,Hatchback,Automatic,AWD,Unleaded,8.9,6,5,5,24990
Holden,Colorado,2018,Ute/Pickup,Automatic,4WD,Diesel,8.9,4,2,2,44990
Holden,Equinox,2018,SUV,Automatic,AWD,Premium,8.4,4,4,5,27980
Holden,Acadia,2018,SUV,Automatic,AWD,Unleaded,9.4,6,4,7,38990
Holden,Colorado,2018,Ute/Pickup,Automatic,4WD,Diesel,9.1,4,2,2,34950
Holden,Calais,2018,Wagon,Automatic,AWD,Premium,9.1,6,4,5,34965
Holden,Trax,2018,SUV,Automatic,FRONT,Unleaded,6.7,4,4,5,17999
Holden,Commodore,2018,Hatchback,Automatic,AWD,Unleaded,8.9,6,5,5,19850
Holden,Colorado,2018,Ute/Pickup,Automatic,4WD,Diesel,9,4,4,5,43888
Holden,Colorado,2018,Ute/Pickup,Automatic,4WD,Diesel,9,4,4,5,27998
Holden,Captiva,2018,Wagon,Automatic,AWD,Diesel,NA,NA,NA,NA,16990
Holden,Colorado,2018,Ute/Pickup,Automatic,OTHER,Unleaded,NA,NA,NA,NA,95984
Holden,Astra,2018,Sedan,Automatic,FRONT,Unleaded,6.1,4,4,5,19988
Holden,Colorado,2018,Ute/Pickup,Automatic,4WD,Diesel,9.1,4,4,5,43999
Holden,Astra,2018,Sedan,Automatic,FRONT,Unleaded,6.1,4,4,5,18880
Holden,Trailblazer,2018,SUV,Automatic,4WD,Diesel,8.6,4,4,7,32990
Holden,Colorado,2018,Ute/Pickup,Automatic,OTHER,-,NA,NA,NA,NA,38750
Holden,Colorado,2018,Ute/Pickup,Automatic,4WD,Diesel,9.1,4,4,5,31999
Holden,Commodore,2018,Hatchback,Automatic,AWD,Unleaded,9.3,6,5,5,28999
Holden,Acadia,2019,SUV,Automatic,REAR,Unleaded,8.9,6,4,7,32990
Holden,Acadia,2019,SUV,Automatic,FRONT,Unleaded,8.9,6,4,7,32980
Holden,Colorado,2019,Ute/Pickup,Automatic,4WD,Diesel,8.6,4,2,2,34975
Holden,Acadia,2019,SUV,Automatic,AWD,Unleaded,9.4,6,4,7,36888
Holden,Trailblazer,2019,SUV,Automatic,4WD,Diesel,8.6,4,4,7,31990
Holden,Acadia,2019,SUV,Automatic,FRONT,Unleaded,8.9,6,4,7,29980
Holden,Commodore,2019,Hatchback,Automatic,AWD,Unleaded,8.9,6,5,5,22990
Holden,Trailblazer,2019,SUV,Automatic,4WD,Diesel,8.6,4,4,7,44986
Holden,Calais,2019,Wagon,Automatic,AWD,Premium,9.1,6,4,5,37990
Holden,Colorado,2019,Ute/Pickup,Automatic,4WD,Diesel,8.6,4,4,5,43250
Holden,Colorado,2019,Ute/Pickup,Automatic,4WD,Diesel,8.6,4,4,5,39880
Holden,Calais,2019,Hatchback,Automatic,AWD,Premium,9.1,6,5,5,33490
Holden,Acadia,2019,SUV,Automatic,REAR,Unleaded,8.9,6,4,7,28690
Holden,Colorado,2019,Ute/Pickup,Automatic,4WD,Diesel,8.7,4,2,2,38990
Holden,Commodore,2019,Wagon,Automatic,FRONT,Premium,7.7,4,4,5,25275
Holden,Commodore,2019,Wagon,Automatic,FRONT,Premium,7.7,4,4,5,23735
Holden,Colorado,2019,Ute/Pickup,Automatic,4WD,Diesel,8.6,4,4,5,40955
Holden,Colorado,2019,Ute/Pickup,Automatic,4WD,Diesel,8.7,4,4,5,42999
Holden,Astra,2019,Hatchback,Automatic,FRONT,Premium,5.8,4,5,5,22444
Holden,Acadia,2019,SUV,Automatic,AWD,Unleaded,9.4,6,4,7,35990
Holden,Colorado,2019,Ute/Pickup,Automatic,4WD,Diesel,8.7,4,4,5,41990
Holden,Colorado,2019,Ute/Pickup,Automatic,4WD,Diesel,8.7,4,4,5,51990
Holden,Commodore,2019,Wagon,Automatic,FRONT,Premium,7.9,4,4,5,27990
Holden,Trax,2019,SUV,Automatic,FRONT,Unleaded,6.7,4,4,5,20495
Holden,Calais,2019,Hatchback,Automatic,AWD,Premium,9.1,6,5,5,31970
Holden,Colorado,2019,Ute/Pickup,Automatic,4WD,Diesel,8.6,4,4,5,37999
Holden,Trax,2019,SUV,Automatic,FRONT,Unleaded,6.7,4,4,5,20790
Holden,Trax,2019,SUV,Automatic,FRONT,Unleaded,6.7,4,4,5,21990
Holden,Trax,2019,SUV,Automatic,FRONT,Unleaded,6.7,4,4,5,21880
Holden,Acadia,2019,SUV,Automatic,FRONT,Unleaded,8.9,6,4,7,36880
Holden,Calais,2019,Wagon,Automatic,AWD,Premium,9.1,6,4,5,26868
Holden,Trax,2019,SUV,Automatic,FRONT,Unleaded,6.7,4,4,5,15995
Holden,Colorado,2019,Ute/Pickup,Automatic,4WD,Diesel,8.6,4,2,2,27992
Holden,Trax,2019,SUV,Automatic,FRONT,Unleaded,6.7,4,4,5,18327
Holden,Trax,2019,SUV,Automatic,FRONT,Unleaded,6.7,4,4,5,20950
Holden,Colorado,2019,Ute/Pickup,Automatic,4WD,Diesel,8.7,4,4,5,46990
Holden,Acadia,2019,SUV,Automatic,FRONT,Unleaded,8.9,6,4,7,42990
Holden,Equinox,2019,SUV,Automatic,FRONT,Unleaded,6.9,4,4,5,13990
Holden,Commodore,2019,Hatchback,Automatic,AWD,Unleaded,8.9,6,5,5,23480
Holden,Colorado,2019,Ute/Pickup,Automatic,REAR,Diesel,8.6,4,2,2,27998
Holden,Trailblazer,2019,SUV,Automatic,4WD,Diesel,8.6,4,4,7,48990
Holden,Acadia,2019,SUV,Automatic,AWD,Unleaded,9.4,6,4,7,38950
Holden,Colorado,2019,Ute/Pickup,Automatic,4WD,Diesel,8.6,4,4,5,37980
Holden,Trax,2019,SUV,Automatic,FRONT,Unleaded,6.7,4,4,5,17026
Holden,Trailblazer,2019,SUV,Automatic,4WD,Diesel,8.6,4,4,7,43990
Holden,Colorado,2019,Ute/Pickup,Automatic,4WD,Diesel,8.7,4,4,5,43850
Holden,Astra,2019,Hatchback,Automatic,FRONT,Premium,5.8,4,5,5,21488
Holden,Colorado,2019,Ute/Pickup,Automatic,4WD,Diesel,8.7,4,4,5,39997
Holden,Acadia,2019,SUV,Automatic,FRONT,Unleaded,8.9,6,4,7,30990
Holden,Acadia,2019,SUV,Automatic,AWD,Unleaded,9.4,6,4,7,33990
Holden,Calais,2019,Hatchback,Automatic,FRONT,Premium,7.6,4,5,5,29950
Holden,Colorado,2020,Ute/Pickup,Automatic,4WD,Diesel,8.6,4,2,2,32990
Holden,Colorado,2020,Ute/Pickup,Automatic,4WD,Diesel,8.6,4,4,5,36999
Holden,Trailblazer,2020,SUV,Automatic,4WD,Diesel,8.6,4,4,7,31990
Holden,Colorado,2020,Ute/Pickup,Automatic,4WD,Diesel,8.6,4,4,5,34990
Holden,Equinox,2020,SUV,Automatic,FRONT,Unleaded,6.9,4,4,5,18975
Holden,Trax,2020,SUV,Automatic,FRONT,Unleaded,6.7,4,4,5,24995
Holden,Commodore,2020,Hatchback,Automatic,AWD,Unleaded,8.9,6,5,5,31990
Holden,Trailblazer,2020,Wagon,Automatic,OTHER,Diesel,NA,NA,7,NA,39990
Honda,Jazz,2014,Hatchback,Automatic,FRONT,Hybrid,4.5,4,5,5,17900
Honda,Cr-V,2014,SUV,Automatic,4WD,Unleaded,8.7,4,4,5,23880
Honda,Civic,2014,Sedan,Automatic,FRONT,Unleaded,7.5,4,4,5,16990
Honda,Fit,2014,Wagon,Automatic,OTHER,-,NA,NA,NA,NA,14995
Honda,Jazz,2014,Hatchback,Automatic,FRONT,Unleaded,5.8,4,5,5,17220
Honda,Cr-V,2014,SUV,Automatic,4WD,Unleaded,8.7,4,4,5,18911
Honda,Cr-V,2014,SUV,Automatic,4WD,Diesel,6.7,4,4,5,21999
Honda,Fit,2014,Hatchback,-,OTHER,Other,NA,NA,NA,NA,18995
Honda,Jazz,2014,Hatchback,Automatic,FRONT,Unleaded,5.8,4,5,5,14950
Honda,Cr-V,2014,SUV,Automatic,4WD,Unleaded,8.7,4,4,5,23986
Honda,Cr-V,2014,SUV,Automatic,4WD,Diesel,6.9,4,4,5,15755
Honda,Odyssey,2014,Wagon,Automatic,FRONT,Unleaded,7.6,4,4,8,25998
Honda,Fit,2014,Hatchback,-,OTHER,-,NA,NA,NA,NA,19950
Honda,Civic,2014,Sedan,Automatic,FRONT,Unleaded,7.5,4,4,5,17490
Honda,Accord,2014,Sedan,Automatic,FRONT,Unleaded,8.1,4,4,5,18980
Honda,Civic,2014,Hatchback,Manual,FRONT,Premium,6.1,4,5,5,16999
Honda,Fit,2014,NA,-,OTHER,-,NA,NA,NA,NA,23950
Honda,Jazz,2014,Hatchback,Automatic,FRONT,Unleaded,5.8,4,5,5,13500
Honda,Odyssey,2014,Wagon,Automatic,FRONT,Unleaded,7.8,4,4,7,26987
Honda,Vezel,2014,Hatchback,Automatic,FRONT,Unleaded,NA,NA,NA,NA,21888
Honda,Cr-V,2014,SUV,Automatic,REAR,Unleaded,7.7,4,4,5,16990
Honda,Fit,2014,Hatchback,Automatic,FRONT,Other,NA,NA,5,NA,18999
Honda,Fit,2014,Hatchback,Automatic,OTHER,Unleaded,NA,NA,NA,NA,17990
Honda,Cr-V,2014,SUV,Automatic,4WD,Unleaded,8.7,4,4,5,18790
Honda,Cr-V,2014,SUV,Automatic,4WD,Unleaded,8.7,4,4,5,24990
Honda,City,2015,NA,Automatic,OTHER,Unleaded,NA,NA,NA,NA,11999
Honda,Vezel,2015,Wagon,Automatic,OTHER,Unleaded,NA,NA,NA,NA,24888
Honda,Cr-V,2015,Wagon,Automatic,OTHER,Unleaded,NA,NA,NA,NA,21999
Honda,Jazz,2015,Hatchback,Automatic,FRONT,Unleaded,5.8,4,5,5,12999
Honda,Cr-V,2015,SUV,Automatic,FRONT,Unleaded,7.7,4,4,5,24990
Honda,Cr-V,2015,SUV,Automatic,4WD,Unleaded,8.7,4,4,5,19980
Honda,Odyssey,2015,Wagon,Automatic,FRONT,Unleaded,7.8,4,4,7,27990
Honda,Accord,2015,Sedan,Automatic,FRONT,Unleaded,8.1,4,4,5,22990
Honda,Cr-V,2015,SUV,Automatic,FRONT,Unleaded,7.7,4,4,5,26089
Honda,Fit,2015,Hatchback,-,OTHER,-,NA,NA,NA,NA,24950
Honda,Accord,2015,Sedan,Automatic,FRONT,Unleaded,9.2,6,4,5,24897
Honda,Hr-V,2015,SUV,Automatic,FRONT,Unleaded,6.9,4,4,5,21990
Honda,Odyssey,2015,Wagon,Automatic,FRONT,Unleaded,7.8,4,4,7,28886
Honda,Hr-V,2015,SUV,Automatic,FRONT,Unleaded,6.9,4,4,5,27550
Honda,Jazz,2015,Hatchback,Automatic,FRONT,Unleaded,5.8,4,5,5,23950
Honda,Jazz,2015,Hatchback,Automatic,FRONT,Unleaded,5.8,4,5,5,19990
Honda,Fit,2015,Hatchback,Automatic,OTHER,Unleaded,NA,NA,NA,NA,19995
Honda,Cr-V,2015,SUV,Automatic,FRONT,Unleaded,7.7,4,4,5,24888
Honda,Jazz,2015,Hatchback,Manual,FRONT,Unleaded,6.2,4,5,5,14980
Honda,Hr-V,2015,SUV,Automatic,FRONT,Unleaded,6.9,4,4,5,21999
Honda,Odyssey,2015,Wagon,Automatic,FRONT,Unleaded,7.8,4,4,7,31466
Honda,Hr-V,2015,SUV,Automatic,FRONT,Unleaded,6.9,4,4,5,23369
Honda,Accord,2015,Sedan,Automatic,FRONT,Hybrid,4.6,4,4,5,27990
Honda,Cr-V,2015,SUV,Automatic,4WD,Unleaded,8.7,4,4,5,23000
Honda,Odyssey,2015,Wagon,Automatic,FRONT,Unleaded,7.8,4,4,7,30900
Honda,Civic,2016,Sedan,Automatic,FRONT,Unleaded,6,4,4,5,24888
Honda,Hr-V,2016,SUV,Automatic,FRONT,Unleaded,6.9,4,4,5,25995
Honda,Vezel,2016,Wagon,Automatic,OTHER,Other,NA,NA,NA,NA,29999
Honda,City,2016,Sedan,Automatic,FRONT,Unleaded,5.7,4,4,5,18990
Honda,Jazz,2016,Hatchback,Automatic,FRONT,Unleaded,5.8,4,5,5,22990
Honda,Cr-V,2016,SUV,Automatic,4WD,Unleaded,8.7,4,4,5,24990
Honda,Odyssey,2016,Wagon,Automatic,FRONT,Unleaded,7.6,4,4,8,18899
Honda,Hr-V,2016,SUV,Automatic,FRONT,Unleaded,6.9,4,4,5,21990
Honda,Cr-V,2016,SUV,Automatic,FRONT,Unleaded,7.7,4,4,5,24991
Honda,Hr-V,2016,SUV,Automatic,FRONT,Unleaded,6.9,4,4,5,21800
Honda,Civic,2016,Sedan,Automatic,FRONT,Unleaded,6.7,4,4,5,16990
Honda,Civic,2016,Sedan,Automatic,FRONT,Unleaded,6.4,4,4,5,15988
Honda,Hr-V,2016,SUV,Automatic,FRONT,Unleaded,6.9,4,4,5,20990
Honda,Civic,2016,Sedan,Automatic,FRONT,Unleaded,6,4,4,5,25687
Honda,Civic,2016,Sedan,Automatic,FRONT,Unleaded,6,4,4,5,28990
Honda,Cr-V,2016,SUV,Automatic,FRONT,Unleaded,7.7,4,4,5,22767
Honda,Cr-V,2016,SUV,Manual,FRONT,Unleaded,7.8,4,4,5,21990
Honda,Hr-V,2016,SUV,Automatic,FRONT,Unleaded,6.9,4,4,5,24900
Honda,Jazz,2016,Hatchback,Manual,FRONT,Unleaded,6.2,4,5,5,16999
Honda,Hr-V,2016,SUV,Automatic,FRONT,Unleaded,6.6,4,4,5,24350
Honda,Hr-V,2016,SUV,Automatic,FRONT,Unleaded,6.9,4,4,5,22977
Honda,Jazz,2016,Hatchback,Automatic,FRONT,Unleaded,5.8,4,5,5,23350
Honda,Civic,2016,Sedan,Automatic,FRONT,Unleaded,6,4,4,5,26998
Honda,Civic,2016,Sedan,Automatic,FRONT,Unleaded,6,4,4,5,23990
Honda,Fit,2016,Hatchback,Automatic,FRONT,Other,NA,NA,5,NA,18250
Honda,Hr-V,2017,SUV,Automatic,FRONT,Unleaded,6.6,4,4,5,20995
Honda,Civic,2017,Hatchback,Manual,FRONT,Premium,8.8,4,5,4,49880
Honda,Cr-V,2017,SUV,Automatic,FRONT,Unleaded,7,4,4,5,27990
Honda,Civic,2017,Hatchback,Automatic,FRONT,Unleaded,6.1,4,5,5,28999
Honda,Civic,2017,Sedan,Automatic,FRONT,Unleaded,6,4,4,5,25990
Honda,Cr-V,2017,SUV,Automatic,4WD,Unleaded,8.7,4,4,5,31990
Honda,Civic,2017,Sedan,Automatic,FRONT,Unleaded,6.4,4,4,5,19990
Honda,Civic,2017,Hatchback,Automatic,FRONT,Unleaded,6.1,4,5,5,39950
Honda,Hr-V,2017,SUV,Automatic,FRONT,Unleaded,6.9,4,4,5,20780
Honda,Civic,2017,Sedan,Automatic,FRONT,Unleaded,6,4,4,5,28990
Honda,Fit,2017,Hatchback,Automatic,OTHER,-,NA,NA,NA,NA,27995
Honda,Fit,2017,Hatchback,Automatic,OTHER,Premium,NA,NA,NA,NA,21888
Honda,Odyssey,2017,Wagon,Automatic,FRONT,Unleaded,7.8,4,4,7,38950
Honda,Civic,2017,Hatchback,Automatic,FRONT,Unleaded,6.4,4,5,5,22990
Honda,Civic,2017,Sedan,Automatic,FRONT,Unleaded,6.4,4,4,5,24999
Honda,Hr-V,2017,SUV,Automatic,FRONT,Unleaded,6.9,4,4,5,19990
Honda,Civic,2017,Hatchback,Automatic,FRONT,Unleaded,6.4,4,5,5,27990
Honda,Civic,2017,Sedan,Automatic,FRONT,Unleaded,6,4,4,5,29990
Honda,Civic,2017,Hatchback,Manual,FRONT,Premium,8.8,4,5,4,55990
Honda,Cr-V,2017,SUV,Automatic,AWD,Unleaded,7.4,4,4,5,31999
Honda,Civic,2017,Sedan,Automatic,FRONT,Unleaded,6.4,4,4,5,24990
Honda,Odyssey,2017,Wagon,Automatic,FRONT,Unleaded,7.8,4,4,7,34990
Honda,Vezel,2017,Wagon,-,OTHER,-,NA,NA,NA,NA,34950
Honda,Cr-V,2017,SUV,Automatic,AWD,Unleaded,7.4,4,4,5,34990
Honda,Cr-V,2017,SUV,Automatic,FRONT,Unleaded,7,4,4,5,25990
Honda,Fit,2017,Hatchback,-,OTHER,-,NA,NA,NA,NA,26950
Honda,Cr-V,2017,SUV,Automatic,4WD,Unleaded,8.7,4,4,5,29780
Honda,Hr-V,2017,SUV,Automatic,FRONT,Unleaded,6.6,4,4,5,20990
Honda,Civic,2017,Hatchback,Automatic,FRONT,Unleaded,6.4,4,5,5,26990
Honda,Cr-V,2017,SUV,Automatic,FRONT,Unleaded,7.3,4,4,7,31990
Honda,Cr-V,2017,SUV,Automatic,AWD,Unleaded,7.4,4,4,5,34999
Honda,Cr-V,2017,SUV,Automatic,FRONT,Unleaded,7.3,4,4,5,26990
Honda,Civic,2017,Hatchback,Automatic,FRONT,Unleaded,NA,NA,NA,NA,29990
Honda,Hr-V,2017,SUV,Automatic,FRONT,Unleaded,6.9,4,4,5,21995
Honda,Cr-V,2017,SUV,Automatic,FRONT,Unleaded,7.3,4,4,5,29999
Honda,Civic,2017,Hatchback,Manual,FRONT,Premium,8.8,4,5,4,52900
Honda,Hr-V,2017,SUV,Automatic,FRONT,Unleaded,6.9,4,4,5,27890
Honda,Odyssey,2017,Wagon,Automatic,FRONT,Unleaded,7.8,4,4,7,33977
Honda,Hr-V,2017,Hatchback,Automatic,FRONT,Unleaded,NA,NA,NA,NA,24990
Honda,Jazz,2018,Hatchback,Automatic,FRONT,Unleaded,5.8,4,5,5,19900
Honda,City,2018,Sedan,Automatic,FRONT,Unleaded,5.8,4,4,5,19999
Honda,Civic,2018,Hatchback,Automatic,FRONT,Unleaded,6.1,4,5,5,35950
Honda,Cr-V,2018,SUV,Automatic,FRONT,Unleaded,7.3,4,4,5,33999
Honda,Cr-V,2018,SUV,Automatic,AWD,Unleaded,7.4,4,4,5,33990
Honda,Cr-V,2018,SUV,Automatic,FRONT,Unleaded,7.3,4,4,5,28999
Honda,Jazz,2018,Hatchback,Automatic,FRONT,Unleaded,5.8,4,5,5,18990
Honda,Civic,2018,Sedan,Automatic,FRONT,Unleaded,6,4,4,5,33800
Honda,Other,2018,Hatchback,Automatic,FRONT,Premium,NA,NA,5,NA,24995
Honda,Civic,2018,Sedan,Automatic,FRONT,Unleaded,6,4,4,5,22830
Honda,Civic,2018,Hatchback,Automatic,FRONT,Unleaded,6.4,4,5,5,25990
Honda,Civic,2018,Sedan,Automatic,FRONT,Unleaded,6,4,4,5,28670
Honda,Hr-V,2018,SUV,Automatic,FRONT,Unleaded,6.9,4,4,5,28100
Honda,Hr-V,2018,SUV,Automatic,FRONT,Unleaded,6.9,4,4,5,30888
Honda,Cr-V,2018,SUV,Automatic,AWD,Unleaded,7.4,4,4,5,35470
Honda,Cr-V,2018,SUV,Automatic,FRONT,Unleaded,7,4,4,5,30800
Honda,Hr-V,2018,SUV,Automatic,FRONT,Unleaded,6.6,4,4,5,26450
Honda,Cr-V,2018,SUV,Automatic,FRONT,Unleaded,7.3,4,4,7,40990
Honda,Cr-V,2018,SUV,Automatic,FRONT,Unleaded,7.3,4,4,7,38705
Honda,City,2018,Sedan,Automatic,FRONT,Unleaded,5.8,4,4,5,22990
Honda,Cr-V,2018,SUV,Automatic,AWD,Unleaded,7.4,4,4,5,39990
Honda,Vezel,2018,NA,-,OTHER,-,NA,NA,NA,NA,37950
Honda,Vezel,2018,NA,-,OTHER,-,NA,NA,NA,NA,36950
Honda,Jazz,2018,Hatchback,Automatic,FRONT,Unleaded,5.8,4,5,5,22990
Honda,Cr-V,2018,SUV,Automatic,AWD,Unleaded,7.4,4,4,5,32748
Honda,Hr-V,2018,SUV,Automatic,FRONT,Unleaded,6.6,4,4,5,25464
Honda,Cr-V,2018,SUV,Automatic,FRONT,Unleaded,7.3,4,4,5,29498
Honda,Civic,2018,Sedan,Automatic,FRONT,Unleaded,6.4,4,4,5,24990
Honda,Civic,2018,Hatchback,Automatic,FRONT,Unleaded,6.1,4,5,5,28982
Honda,Civic,2018,Sedan,Automatic,FRONT,Unleaded,6.4,4,4,5,24888
Honda,Cr-V,2018,SUV,Automatic,AWD,Unleaded,7.4,4,4,5,28679
Honda,Cr-V,2018,SUV,Automatic,FRONT,Unleaded,7,4,4,5,29988
Honda,Cr-V,2018,SUV,Automatic,FRONT,Unleaded,7.3,4,4,5,25990
Honda,Fit,2018,Hatchback,Automatic,FRONT,Other,NA,NA,5,NA,20500
Honda,Cr-V,2018,SUV,Automatic,AWD,Unleaded,7.4,4,4,5,32990
Honda,Cr-V,2019,SUV,Automatic,FRONT,Unleaded,7,4,4,5,34990
Honda,Cr-V,2019,SUV,Automatic,FRONT,Unleaded,7,4,4,5,32990
Honda,Hr-V,2019,SUV,Automatic,FRONT,Unleaded,6.6,4,4,5,26800
Honda,Hr-V,2019,SUV,Automatic,FRONT,Unleaded,6.9,4,4,5,27990
Honda,Hr-V,2019,SUV,Automatic,FRONT,Unleaded,6.9,4,4,5,29990
Honda,Cr-V,2019,SUV,Automatic,FRONT,Unleaded,7.3,4,4,5,28986
Honda,Cr-V,2019,SUV,Automatic,FRONT,Unleaded,7.6,4,4,5,27880
Honda,Cr-V,2019,Wagon,Automatic,OTHER,Unleaded,NA,NA,NA,NA,31990
Honda,Hr-V,2019,SUV,Automatic,FRONT,Unleaded,6.9,4,4,5,26990
Honda,Odyssey,2019,Wagon,Automatic,FRONT,Unleaded,7.8,4,4,7,47990
Honda,Odyssey,2019,Wagon,Automatic,FRONT,Unleaded,7.8,4,4,7,40990
Honda,Cr-V,2019,SUV,Automatic,AWD,Unleaded,7.4,4,4,5,34990
Honda,Civic,2019,Hatchback,Automatic,FRONT,Unleaded,6.4,4,5,5,27650
Honda,Hr-V,2019,SUV,Automatic,FRONT,Unleaded,6.9,4,4,5,29970
Honda,Accord,2019,Sedan,Automatic,FRONT,Unleaded,8.2,4,4,5,37990
Honda,Cr-V,2019,SUV,Automatic,FRONT,Unleaded,7.3,4,4,7,41990
Honda,Cr-V,2019,SUV,Automatic,AWD,Unleaded,7.4,4,4,5,37983
Honda,Hr-V,2019,SUV,Automatic,FRONT,Unleaded,6.9,4,4,5,30995
Honda,Cr-V,2019,SUV,Automatic,FRONT,Unleaded,7.3,4,4,5,36990
Honda,Civic,2019,Hatchback,Automatic,FRONT,Unleaded,6.5,4,5,5,26990
Honda,Cr-V,2019,SUV,Automatic,AWD,Unleaded,7.4,4,4,5,31777
Honda,Civic,2019,Hatchback,Automatic,FRONT,Unleaded,6.1,4,5,5,34990
Honda,Hr-V,2019,SUV,Automatic,FRONT,Unleaded,6.6,4,4,5,25980
Honda,Cr-V,2019,SUV,Automatic,FRONT,Unleaded,7.3,4,4,5,34996
Honda,Jazz,2019,Hatchback,Automatic,FRONT,Unleaded,5.8,4,5,5,24980
Honda,Hr-V,2019,SUV,Automatic,FRONT,Unleaded,6.9,4,4,5,26999
Honda,Civic,2019,Hatchback,Manual,FRONT,Premium,8.8,4,5,4,49990
Honda,Civic,2019,Sedan,Automatic,FRONT,Unleaded,6,4,4,5,33990
Honda,Cr-V,2020,SUV,Automatic,FRONT,Unleaded,7.3,4,4,7,37880
Honda,Hr-V,2020,SUV,Automatic,FRONT,Unleaded,6.7,4,4,5,34990
Honda,Odyssey,2020,Wagon,Automatic,FRONT,Unleaded,7.8,4,4,7,49800
Honda,Cr-V,2020,SUV,Automatic,AWD,Unleaded,7.4,4,4,5,38990
Honda,Civic,2020,Hatchback,Manual,FRONT,Premium,8.8,4,5,4,33270
Honda,Civic,2020,Hatchback,Automatic,FRONT,Unleaded,6,4,5,5,33890
Honda,Cr-V,2020,SUV,Automatic,FRONT,Unleaded,7.3,4,4,5,35888
Honda,Hr-V,2020,SUV,Automatic,FRONT,Unleaded,6.9,4,4,5,29995
Honda,Civic,2020,Hatchback,Automatic,FRONT,Unleaded,6,4,5,5,36995
Honda,Cr-V,2020,SUV,Automatic,AWD,Unleaded,7.4,4,4,5,41900
Honda,Civic,2020,Sedan,Automatic,FRONT,Unleaded,6.4,4,4,5,30990
Honda,Cr-V,2020,SUV,Automatic,FRONT,Unleaded,7.3,4,4,7,36999
Honda,Cr-V,2021,SUV,Automatic,AWD,Unleaded,7.4,4,4,5,48888
Honda,Civic,2021,Hatchback,Automatic,FRONT,Unleaded,6.3,4,4,5,43888
Honda,Cr-V,2021,SUV,Automatic,AWD,Unleaded,7.4,4,4,5,49290
Honda,Civic,2021,Hatchback,Automatic,FRONT,Unleaded,6.3,4,4,5,44888
Honda,Civic,2021,Sedan,Automatic,FRONT,Unleaded,6,4,4,5,38990
Honda,Cr-V,2021,SUV,Automatic,AWD,Unleaded,7.4,4,4,5,52990
Honda,Hr-V,2021,SUV,Automatic,FRONT,Unleaded,6.9,4,4,5,31950
Honda,Accord,2021,NA,Automatic,FRONT,Unleaded,NA,NA,NA,NA,44990
Honda,Cr-V,2021,SUV,Automatic,AWD,Unleaded,7.4,4,4,5,49990
Honda,Odyssey,2021,Wagon,Automatic,FRONT,Unleaded,NA,NA,NA,NA,52990
Honda,Cr-V,2021,SUV,Automatic,FRONT,Unleaded,7.3,4,4,7,48990
Honda,Cr-V,2021,SUV,Automatic,FRONT,Unleaded,7,4,4,5,39990
Honda,Cr-V,2021,SUV,Automatic,FRONT,Unleaded,7.3,4,4,7,46888
Honda,Hr-V,2021,SUV,Automatic,FRONT,Unleaded,6.7,4,4,5,42990
Honda,Cr-V,2021,SUV,Automatic,AWD,Unleaded,7.4,4,4,5,40990
Honda,Odyssey,2021,Wagon,Automatic,FRONT,Unleaded,NA,NA,NA,NA,67990
Honda,Hr-V,2021,SUV,Automatic,FRONT,Unleaded,6.6,4,4,5,32990
Honda,Cr-V,2021,SUV,Automatic,AWD,Unleaded,7.4,4,4,5,41900
Honda,Cr-V,2021,SUV,Automatic,FRONT,Unleaded,7.3,4,4,7,43990
Honda,Cr-V,2021,SUV,Automatic,AWD,Unleaded,7.4,4,4,5,42990
Honda,Cr-V,2021,SUV,Automatic,FRONT,Unleaded,7.3,4,4,5,37989
Honda,Cr-V,2021,SUV,Automatic,AWD,Unleaded,7.4,4,4,5,48990
Honda,Cr-V,2022,SUV,Automatic,FRONT,Unleaded,7.3,4,4,5,39990
Honda,Cr-V,2022,SUV,Automatic,FRONT,Unleaded,7.3,4,4,7,37888
Honda,Cr-V,2022,SUV,Automatic,AWD,Unleaded,7.4,4,4,5,44800
Honda,Civic,2022,Hatchback,Automatic,FRONT,Unleaded,6.3,4,4,5,41989
Honda,Cr-V,2022,SUV,Automatic,AWD,Unleaded,7.4,4,4,5,41987
Honda,Hr-V,2022,SUV,Automatic,FRONT,Unleaded,5.8,4,4,4,36990
Honda,Civic,2022,Hatchback,Automatic,FRONT,Unleaded,6.3,4,4,5,44888
Honda,Hr-V,2022,SUV,Automatic,FRONT,Unleaded,5.8,4,4,4,35988
Honda,Cr-V,2022,SUV,Automatic,FRONT,Unleaded,7.3,4,4,7,42990
Honda,Cr-V,2022,SUV,Automatic,FRONT,Unleaded,7,4,4,5,40988
Honda,Accord,2022,Sedan,Automatic,FRONT,Unleaded,6.5,4,4,5,54990
Honda,Civic,2023,Hatchback,Manual,FRONT,Premium,8.9,4,4,4,77777
Honda,Civic,2023,Hatchback,Manual,FRONT,Premium,8.9,4,4,4,78800
Honda,Cr-V,2023,SUV,Automatic,FRONT,Unleaded,7,4,4,5,44990
Honda,Cr-V,2023,SUV,Automatic,AWD,Unleaded,7.4,4,4,5,47990
Honda,Cr-V,2023,SUV,Automatic,AWD,Unleaded,7.4,4,4,5,46999
Honda,Cr-V,2023,SUV,Automatic,AWD,Unleaded,7.4,4,4,5,53600
Honda,Zr-V,2023,SUV,Automatic,FRONT,-,7.4,4,4,5,48500
Honda,Accord,2023,Sedan,Automatic,FRONT,Unleaded,6.5,4,4,5,57900
Hsv,Gts,2014,Sedan,Manual,REAR,Premium,14.8,8,4,5,149999
Hsv,Gts,2015,Sedan,Automatic,REAR,Premium,15,8,4,5,119888
Hsv,Clubsport,2015,Sedan,Automatic,REAR,Premium,12.9,8,4,5,67885
Hsv,Clubsport,2015,Wagon,Automatic,REAR,Premium,12.9,8,4,5,74990
Hsv,Senator,2015,Sedan,Automatic,REAR,Premium,13.7,8,4,5,77888
Hsv,Clubsport,2016,Sedan,Automatic,REAR,Premium,15,8,4,5,92900
Hsv,Clubsport,2016,Sedan,Automatic,REAR,Premium,15,8,4,5,99990
Hsv,Grange,2016,Sedan,Automatic,REAR,Premium,12.9,8,4,5,89980
Hsv,Gtsr,2017,Ute/Pickup,Manual,REAR,Premium,15.5,8,2,2,208800
Hsv,Clubsport,2017,Sedan,Automatic,REAR,Premium,15,8,4,5,115449
Hsv,Senator,2017,Sedan,Automatic,REAR,Premium,15,8,4,5,115900
Hsv,Gtsr,2017,Sedan,Automatic,REAR,Premium,15,8,4,5,149990
Hsv,Clubsport,2017,Sedan,Automatic,REAR,Premium,15,8,4,5,92990
Hsv,Gtsr,2017,Sedan,Manual,REAR,Premium,15.1,8,4,5,179990
Hsv,Gtsr,2017,Ute/Pickup,Automatic,REAR,Premium,15.8,8,2,2,189888
Hsv,Colorado,2018,Ute/Pickup,Automatic,4WD,Diesel,8.6,4,4,5,57990
Hsv,Colorado,2018,Ute/Pickup,Automatic,4WD,Diesel,8.6,4,4,5,54990
Hyundai,Imax,2014,Wagon,Automatic,REAR,Diesel,9,4,4,8,19888
Hyundai,Ix35,2014,SUV,Manual,FRONT,Unleaded,8.4,4,4,5,9999
Hyundai,I30,2014,Hatchback,Manual,FRONT,Unleaded,6.8,4,5,5,13999
Hyundai,I30,2014,Hatchback,Manual,FRONT,Unleaded,6.8,4,5,5,10999
Hyundai,Imax,2014,Wagon,Automatic,REAR,Diesel,9,4,4,8,24950
Hyundai,Santa,2014,SUV,Automatic,AWD,Diesel,7.3,4,4,7,22990
Hyundai,I30,2014,Hatchback,Manual,FRONT,Diesel,4.5,4,5,5,14990
Hyundai,Veloster,2014,Hatchback,Manual,FRONT,Unleaded,6.4,4,3,4,17888
Hyundai,I30,2014,Wagon,Automatic,FRONT,Unleaded,6.9,4,4,5,11995
Hyundai,Imax,2014,Wagon,Automatic,REAR,Diesel,9,4,4,8,21995
Hyundai,Ix35,2014,Wagon,Automatic,FRONT,Unleaded,NA,NA,NA,NA,20490
Hyundai,Ix35,2014,Wagon,Automatic,AWD,Unleaded,NA,NA,NA,NA,18888
Hyundai,Ix35,2014,Wagon,Automatic,OTHER,Unleaded,NA,NA,NA,NA,18950
Hyundai,I20,2014,Hatchback,Automatic,FRONT,Unleaded,5.9,4,5,5,12990
Hyundai,I20,2014,Hatchback,Automatic,FRONT,Unleaded,5.9,4,5,5,14950
Hyundai,I30,2014,Wagon,Automatic,FRONT,Diesel,5.8,4,4,5,12999
Hyundai,Santa,2014,SUV,Automatic,AWD,Diesel,7.3,4,4,7,24999
Hyundai,I30,2014,Hatchback,Automatic,FRONT,Unleaded,7.1,4,5,5,16950
Hyundai,Santa,2014,SUV,Automatic,AWD,Diesel,7.3,4,4,7,24990
Hyundai,Ix35,2014,SUV,Automatic,FRONT,Unleaded,8.4,4,4,5,14995
Hyundai,Iload,2014,Commercial,Manual,REAR,Diesel,8,4,4,6,14800
Hyundai,Santa,2014,SUV,Automatic,AWD,Diesel,7.3,4,4,7,29999
Hyundai,Santa,2014,SUV,Automatic,AWD,Diesel,7.3,4,4,7,25999
Hyundai,I20,2014,Hatchback,Automatic,FRONT,Unleaded,5.9,4,3,5,12999
Hyundai,I40,2014,Sedan,Automatic,FRONT,Unleaded,7.5,4,4,5,13990
Hyundai,Ix35,2014,Wagon,Automatic,FRONT,Unleaded,NA,NA,NA,NA,15800
Hyundai,I30,2014,Hatchback,Automatic,FRONT,Unleaded,7.1,4,5,5,12413
Hyundai,Imax,2014,Wagon,Automatic,REAR,Diesel,9,4,4,8,24990
Hyundai,Santa,2014,SUV,Automatic,AWD,Diesel,7.3,4,4,7,28990
Hyundai,I30,2014,Hatchback,Automatic,FRONT,Unleaded,7.1,4,5,5,9500
Hyundai,Iload,2014,Commercial,Automatic,REAR,Diesel,8.8,4,4,6,26800
Hyundai,Elantra,2014,Sedan,Automatic,FRONT,Unleaded,7.1,4,4,5,13413
Hyundai,Elantra,2014,Sedan,Automatic,FRONT,Unleaded,7.1,4,4,5,14888
Hyundai,I30,2014,Hatchback,Automatic,FRONT,Unleaded,7.1,4,5,5,19913
Hyundai,I30,2014,Wagon,Automatic,FRONT,Unleaded,6.9,4,4,5,14970
Hyundai,I30,2014,Hatchback,Automatic,FRONT,Unleaded,7.1,4,5,5,14998
Hyundai,Elantra,2014,Sedan,Automatic,FRONT,Unleaded,7.1,4,4,5,15888
Hyundai,Veloster,2014,Hatchback,Automatic,FRONT,Unleaded,6.4,4,3,4,17830
Hyundai,Veloster,2014,Hatchback,Automatic,FRONT,Unleaded,NA,NA,NA,NA,20990
Hyundai,Veloster,2014,Hatchback,Automatic,FRONT,Unleaded,6.4,4,3,4,21990
Hyundai,Santa,2014,SUV,Automatic,AWD,Unleaded,9,4,4,7,19800
Hyundai,I30,2014,Hatchback,Automatic,FRONT,Unleaded,7.1,4,5,5,14990
Hyundai,Veloster,2014,Coupe,Automatic,OTHER,Unleaded,NA,NA,NA,NA,16990
Hyundai,I20,2014,Hatchback,Manual,FRONT,Unleaded,5.3,4,3,5,10990
Hyundai,Accent,2014,Hatchback,Automatic,FRONT,Unleaded,6.4,4,5,5,13999
Hyundai,Ix35,2014,Wagon,Automatic,FRONT,Unleaded,NA,NA,NA,NA,21990
Hyundai,I40,2014,Sedan,Automatic,FRONT,Diesel,6,4,4,5,16490
Hyundai,Ix35,2014,SUV,Automatic,FRONT,Unleaded,8.4,4,4,5,18961
Hyundai,I20,2014,Hatchback,Automatic,FRONT,Unleaded,NA,NA,NA,NA,13990
Hyundai,I20,2014,Hatchback,Manual,FRONT,Unleaded,5.3,4,5,5,9999
Hyundai,I30,2014,Hatchback,Automatic,FRONT,Unleaded,7.1,4,5,5,19990
Hyundai,Accent,2014,Hatchback,Manual,FRONT,Unleaded,6,4,5,5,8999
Hyundai,I30,2014,Hatchback,Automatic,FRONT,Unleaded,7.1,4,5,5,22990
Hyundai,Elantra,2014,Sedan,Automatic,FRONT,Unleaded,7.1,4,4,5,11999
Hyundai,Santa,2014,SUV,Automatic,AWD,Diesel,7.3,4,4,7,29490
Hyundai,I20,2014,Hatchback,Automatic,FRONT,Unleaded,5.9,4,3,5,10505
Hyundai,I30,2014,Wagon,Automatic,FRONT,Unleaded,6.9,4,4,5,16990
Hyundai,I30,2014,Hatchback,Automatic,FRONT,Unleaded,7.1,4,5,5,19970
Hyundai,Elantra,2014,Sedan,Automatic,FRONT,Unleaded,7.1,4,4,5,16995
Hyundai,Imax,2014,Wagon,Automatic,REAR,Premium,10.6,4,4,8,15999
Hyundai,Ix35,2014,SUV,Automatic,FRONT,Unleaded,8.4,4,4,5,18990
Hyundai,I30,2014,Hatchback,Automatic,FRONT,Unleaded,7.1,4,5,5,18393
Hyundai,Accent,2014,Hatchback,Manual,FRONT,Unleaded,6,4,5,5,11880
Hyundai,Accent,2014,Hatchback,Automatic,FRONT,Unleaded,6.4,4,5,5,13990
Hyundai,Iload,2014,Commercial,Manual,OTHER,-,NA,NA,NA,NA,8980
Hyundai,I30,2014,Hatchback,Automatic,FRONT,Unleaded,7.1,4,5,5,16990
Hyundai,I30,2014,Hatchback,Automatic,FRONT,Unleaded,7.1,4,5,5,17990
Hyundai,Santa,2014,SUV,Automatic,AWD,Diesel,7.3,4,4,7,16999
Hyundai,Veloster,2014,Hatchback,Manual,FRONT,Unleaded,6.4,4,3,4,15985
Hyundai,Iload,2014,Commercial,Manual,REAR,Diesel,8,4,4,3,22880
Hyundai,I30,2014,Wagon,Automatic,FRONT,Unleaded,6.9,4,4,5,16999
Hyundai,Veloster,2014,Hatchback,Manual,FRONT,Unleaded,6.4,4,3,4,19995
Hyundai,Ix35,2014,SUV,Automatic,AWD,Diesel,7.2,4,4,5,16800
Hyundai,Ix35,2014,Wagon,Automatic,OTHER,-,NA,NA,NA,NA,17490
Hyundai,I30,2014,Hatchback,Manual,FRONT,Unleaded,6.8,4,5,5,15490
Hyundai,Tucson,2015,SUV,Automatic,FRONT,Unleaded,7.9,4,4,5,23888
Hyundai,I20,2015,Hatchback,Automatic,FRONT,Unleaded,5.9,4,5,5,13990
Hyundai,Accent,2015,Hatchback,Automatic,FRONT,Unleaded,6.4,4,5,5,14999
Hyundai,Veloster,2015,Hatchback,Automatic,FRONT,Unleaded,6.4,4,3,4,21995
Hyundai,I30,2015,Hatchback,Automatic,FRONT,Unleaded,7.7,4,5,5,23888
Hyundai,Tucson,2015,SUV,Automatic,FRONT,Unleaded,7.9,4,4,5,25999
Hyundai,Iload,2015,Commercial,Automatic,REAR,Diesel,8.8,4,4,3,21950
Hyundai,Tucson,2015,SUV,Automatic,AWD,Unleaded,7.7,4,4,5,27990
Hyundai,Veloster,2015,Hatchback,Automatic,FRONT,Unleaded,6.4,4,3,4,20990
Hyundai,Veloster,2015,Hatchback,Automatic,FRONT,Unleaded,6.4,4,3,4,21999
Hyundai,Imax,2015,Wagon,Automatic,REAR,Diesel,9,4,4,8,24888
Hyundai,Veloster,2015,Hatchback,Manual,FRONT,Unleaded,NA,NA,NA,NA,16880
Hyundai,I30,2015,Wagon,Automatic,FRONT,Unleaded,6.9,4,4,5,13990
Hyundai,Iload,2015,Commercial,Automatic,REAR,Diesel,8.8,4,4,3,19995
Hyundai,Santa,2015,SUV,Automatic,AWD,Diesel,7.3,4,4,7,21995
Hyundai,Accent,2015,Hatchback,Automatic,FRONT,Unleaded,6.2,4,5,5,13950
Hyundai,I40,2015,Wagon,Automatic,FRONT,Unleaded,7.5,4,4,5,16995
Hyundai,Iload,2015,Commercial,Automatic,REAR,Diesel,8.8,4,4,6,26950
Hyundai,Elantra,2015,Sedan,Automatic,FRONT,Unleaded,7.1,4,4,5,19990
Hyundai,Ix35,2015,SUV,Automatic,AWD,Unleaded,9.8,4,4,5,12990
Hyundai,Ix35,2015,SUV,Automatic,FRONT,Unleaded,8.4,4,4,5,16950
Hyundai,I30,2015,Hatchback,Automatic,FRONT,Unleaded,7.1,4,5,5,17990
Hyundai,Accent,2015,Hatchback,Manual,FRONT,Unleaded,6,4,5,5,11990
Hyundai,Veloster,2015,Hatchback,Automatic,FRONT,Unleaded,6.4,4,3,4,22990
Hyundai,I30,2015,Hatchback,Automatic,FRONT,Diesel,5.6,4,5,5,17000
Hyundai,Tucson,2015,SUV,Automatic,FRONT,Unleaded,7.9,4,4,5,24990
Hyundai,Imax,2015,Wagon,Automatic,REAR,Diesel,9,4,4,8,32940
Hyundai,Ix35,2015,SUV,Automatic,FRONT,Unleaded,8.4,4,4,5,17990
Hyundai,Tucson,2015,SUV,Automatic,FRONT,Unleaded,7.9,4,4,5,23814
Hyundai,Ix35,2015,SUV,Automatic,FRONT,Unleaded,8.4,4,4,5,16913
Hyundai,Accent,2015,Hatchback,Automatic,FRONT,Unleaded,6.4,4,5,5,12888
Hyundai,Tucson,2015,SUV,Automatic,AWD,Unleaded,7.7,4,4,5,28450
Hyundai,Iload,2015,Commercial,Automatic,REAR,Diesel,8.8,4,4,3,25913
Hyundai,Tucson,2015,SUV,Automatic,FRONT,Unleaded,7.9,4,4,5,19500
Hyundai,Santa,2015,SUV,Automatic,AWD,Diesel,7.3,4,4,7,30990
Hyundai,Accent,2015,Hatchback,Automatic,FRONT,Unleaded,6.2,4,5,5,13990
Hyundai,Tucson,2015,SUV,Automatic,AWD,Unleaded,7.7,4,4,5,26990
Hyundai,Iload,2015,Commercial,Automatic,REAR,Diesel,8.8,4,4,3,23990
Hyundai,I30,2015,Hatchback,Automatic,FRONT,Unleaded,7.1,4,5,5,14813
Hyundai,Santa,2015,SUV,Automatic,AWD,Diesel,7.3,4,4,7,27880
Hyundai,I40,2015,Sedan,Automatic,FRONT,Diesel,5.6,4,4,5,14999
Hyundai,Accent,2015,Sedan,Automatic,FRONT,Unleaded,6.2,4,4,5,14888
Hyundai,Accent,2015,Hatchback,Automatic,FRONT,Unleaded,6.4,4,5,5,15410
Hyundai,Santa,2015,SUV,Automatic,AWD,Unleaded,9,4,4,7,18888
Hyundai,Ix35,2015,SUV,Automatic,FRONT,Unleaded,8.4,4,4,5,16990
Hyundai,I30,2015,Hatchback,Manual,FRONT,Unleaded,6.8,4,5,5,16890
Hyundai,Tucson,2015,Wagon,Automatic,FRONT,Unleaded,NA,NA,NA,NA,22690
Hyundai,Iload,2015,Commercial,Automatic,REAR,Diesel,8.8,4,4,3,25989
Hyundai,Tucson,2015,SUV,Automatic,FRONT,Unleaded,7.9,4,4,5,21490
Hyundai,I30,2015,Hatchback,Manual,FRONT,Unleaded,6.8,4,5,5,11950
Hyundai,I30,2015,Hatchback,Manual,FRONT,Unleaded,7.3,4,5,5,18888
Hyundai,I30,2015,Hatchback,Automatic,FRONT,Unleaded,7.3,4,5,5,17886
Hyundai,Santa,2015,SUV,Automatic,AWD,Unleaded,9,4,4,7,17999
Hyundai,Sonata,2015,Sedan,Automatic,FRONT,Unleaded,8.3,4,4,5,14999
Hyundai,Tucson,2015,Wagon,Automatic,FRONT,Unleaded,NA,NA,NA,NA,21835
Hyundai,Tucson,2015,SUV,Automatic,AWD,Unleaded,7.7,4,4,5,29990
Hyundai,I30,2015,Hatchback,Automatic,FRONT,Diesel,NA,NA,NA,NA,17999
Hyundai,I30,2015,Hatchback,Automatic,FRONT,Unleaded,7.3,4,5,5,16980
Hyundai,I30,2015,Hatchback,Automatic,FRONT,Unleaded,7.1,4,5,5,16999
Hyundai,Veloster,2015,Hatchback,Manual,FRONT,Unleaded,6.9,4,3,4,23999
Hyundai,Elantra,2015,Sedan,Automatic,FRONT,Unleaded,7.1,4,4,5,17895
Hyundai,Santa,2015,SUV,Automatic,AWD,Diesel,7.3,4,4,7,29999
Hyundai,Ix35,2015,SUV,Automatic,AWD,Diesel,7.2,4,4,5,24990
Hyundai,Elantra,2015,Sedan,Automatic,FRONT,Unleaded,7.1,4,4,5,15950
Hyundai,Ix35,2015,SUV,Automatic,FRONT,Unleaded,8.4,4,4,5,19950
Hyundai,Accent,2015,Hatchback,Automatic,FRONT,Unleaded,6.2,4,5,5,12999
Hyundai,Santa,2015,SUV,Automatic,AWD,Diesel,7.3,4,4,7,22980
Hyundai,Tucson,2015,Wagon,Automatic,OTHER,Unleaded,NA,NA,NA,NA,24888
Hyundai,Santa,2015,SUV,Automatic,AWD,Diesel,7.7,4,4,7,31971
Hyundai,Genesis,2015,Sedan,Automatic,REAR,Unleaded,11.2,6,4,5,26757
Hyundai,I20,2015,Hatchback,Manual,FRONT,Unleaded,NA,NA,NA,NA,14999
Hyundai,Iload,2015,Commercial,Automatic,REAR,Diesel,8.8,4,4,3,15999
Hyundai,Veloster,2015,Hatchback,Manual,FRONT,Unleaded,6.4,4,3,4,18950
Hyundai,Tucson,2015,SUV,Automatic,FRONT,Unleaded,7.9,4,4,5,20995
Hyundai,Iload,2015,Commercial,Manual,REAR,Diesel,NA,NA,NA,NA,17990
Hyundai,Tucson,2015,SUV,Automatic,AWD,Diesel,6.8,4,4,5,25990
Hyundai,Tucson,2015,SUV,Automatic,FRONT,Unleaded,7.9,4,4,5,23990
Hyundai,I30,2015,Wagon,Automatic,FRONT,Diesel,5.8,4,4,5,13999
Hyundai,Ix35,2015,SUV,Manual,FRONT,Unleaded,8.4,4,4,5,18990
Hyundai,I30,2015,Wagon,Automatic,FRONT,Unleaded,6.9,4,4,5,21450
Hyundai,Tucson,2016,SUV,Automatic,AWD,Unleaded,7.7,4,4,5,25990
Hyundai,Tucson,2016,SUV,Automatic,FRONT,Unleaded,7.9,4,4,5,20888
Hyundai,Iload,2016,Commercial,Automatic,REAR,Diesel,8.8,4,4,3,18990
Hyundai,Accent,2016,Hatchback,Automatic,FRONT,Unleaded,6.2,4,5,5,17990
Hyundai,Accent,2016,Sedan,Automatic,FRONT,Unleaded,6.2,4,4,5,13990
Hyundai,I30,2016,Hatchback,Automatic,FRONT,Unleaded,7.1,4,5,5,19987
Hyundai,I30,2016,Hatchback,Automatic,FRONT,Unleaded,7.3,4,5,5,18988
Hyundai,Elantra,2016,Sedan,Automatic,FRONT,Unleaded,7.2,4,4,5,19990
Hyundai,Veloster,2016,Hatchback,Automatic,FRONT,Unleaded,7.1,4,3,4,24995
Hyundai,Veloster,2016,Hatchback,Automatic,FRONT,Unleaded,7.1,4,3,4,24990
Hyundai,Tucson,2016,SUV,Automatic,AWD,Diesel,6.8,4,4,5,26990
Hyundai,Accent,2016,Hatchback,Automatic,FRONT,Unleaded,6.2,4,5,5,12990
Hyundai,Iload,2016,Commercial,Automatic,REAR,Diesel,8.8,4,4,3,24800
Hyundai,I30,2016,Hatchback,Automatic,FRONT,Unleaded,7.3,4,5,5,20990
Hyundai,Imax,2016,Wagon,Automatic,REAR,Diesel,9,4,4,8,27990
Hyundai,Iload,2016,Commercial,Automatic,REAR,Diesel,8.8,4,4,3,22995
Hyundai,Iload,2016,Commercial,Automatic,REAR,Diesel,8.8,4,4,3,21999
Hyundai,Tucson,2016,SUV,Automatic,FRONT,Unleaded,7.9,4,4,5,23999
Hyundai,Accent,2016,Hatchback,Automatic,FRONT,Unleaded,6.2,4,5,5,16990
Hyundai,Santa,2016,SUV,Automatic,AWD,Unleaded,9.4,4,4,7,28990
Hyundai,Tucson,2016,SUV,Automatic,FRONT,Unleaded,7.9,4,4,5,23885
Hyundai,Tucson,2016,SUV,Automatic,FRONT,Unleaded,7.9,4,4,5,27990
Hyundai,I30,2016,Hatchback,Automatic,FRONT,Unleaded,7.3,4,5,5,21990
Hyundai,Tucson,2016,SUV,Automatic,AWD,Diesel,6.8,4,4,5,29888
Hyundai,Santa,2016,SUV,Automatic,AWD,Diesel,7.8,4,4,7,28990
Hyundai,Santa,2016,SUV,Automatic,FRONT,Unleaded,9.6,6,4,7,17800
Hyundai,Iload,2016,Commercial,Automatic,REAR,Diesel,8.8,4,4,3,25990
Hyundai,Accent,2016,Sedan,Automatic,FRONT,Unleaded,6.2,4,4,5,16990
Hyundai,Tucson,2016,SUV,Manual,FRONT,Unleaded,7.9,4,4,5,13990
Hyundai,Santa,2016,SUV,Automatic,AWD,Diesel,7.8,4,4,7,25999
Hyundai,Santa,2016,SUV,Automatic,AWD,Diesel,7.8,4,4,7,25990
Hyundai,I30,2016,Wagon,Automatic,FRONT,Unleaded,6,4,4,5,22990
Hyundai,Iload,2016,Commercial,Automatic,REAR,Diesel,8.8,4,4,3,35970
Hyundai,Tucson,2016,SUV,Automatic,FRONT,Unleaded,7.9,4,4,5,23805
Hyundai,Santa,2016,SUV,Automatic,AWD,Diesel,7.8,4,4,7,33988
Hyundai,Accent,2016,Hatchback,Automatic,OTHER,Unleaded,NA,NA,NA,NA,13500
Hyundai,Santa,2016,Wagon,Automatic,FRONT,Unleaded,NA,NA,NA,NA,25499
Hyundai,Tucson,2016,SUV,Automatic,FRONT,Unleaded,7.9,4,4,5,25990
Hyundai,Veloster,2016,Hatchback,Automatic,FRONT,Unleaded,NA,NA,NA,NA,25399
Hyundai,Genesis,2016,Sedan,Automatic,REAR,Unleaded,11.2,6,4,5,24690
Hyundai,Accent,2016,Hatchback,Automatic,FRONT,Unleaded,6.2,4,5,5,14888
Hyundai,Veloster,2016,Hatchback,Automatic,FRONT,Unleaded,NA,NA,NA,NA,19990
Hyundai,I30,2016,Hatchback,Automatic,FRONT,Unleaded,7.3,4,5,5,16500
Hyundai,Accent,2016,Hatchback,Automatic,FRONT,Unleaded,6.4,4,5,5,13499
Hyundai,Iload,2016,Commercial,Automatic,REAR,Diesel,8.8,4,4,3,26990
Hyundai,Elantra,2016,NA,Automatic,OTHER,Unleaded,NA,NA,NA,NA,16990
Hyundai,Tucson,2016,SUV,Manual,FRONT,Unleaded,7.8,4,4,5,21990
Hyundai,Imax,2016,Wagon,Automatic,REAR,Premium,10.6,4,4,8,22900
Hyundai,Tucson,2016,SUV,Automatic,AWD,Unleaded,7.7,4,4,5,29990
Hyundai,Accent,2016,Sedan,Automatic,FRONT,Unleaded,6.2,4,4,5,12990
Hyundai,Accent,2016,Hatchback,Automatic,FRONT,Unleaded,6.4,4,5,5,18980
Hyundai,Santa,2016,SUV,Automatic,AWD,Diesel,7.8,4,4,7,35900
Hyundai,Tucson,2016,SUV,Automatic,FRONT,Unleaded,7.9,4,4,5,28630
Hyundai,I30,2016,Hatchback,Automatic,FRONT,Unleaded,7.1,4,5,5,20850
Hyundai,Tucson,2016,SUV,Automatic,AWD,Diesel,6.8,4,4,5,28450
Hyundai,Veloster,2016,Hatchback,Manual,FRONT,Unleaded,NA,NA,NA,NA,20800
Hyundai,Santa,2016,SUV,Automatic,AWD,Diesel,7.8,4,4,7,32850
Hyundai,Accent,2016,Hatchback,Manual,FRONT,Unleaded,5.9,4,5,5,14990
Hyundai,Santa,2016,SUV,Automatic,AWD,Unleaded,9.4,4,4,7,26990
Hyundai,Tucson,2016,SUV,Automatic,AWD,Unleaded,7.7,4,4,5,24992
Hyundai,Tucson,2016,SUV,Automatic,FRONT,Unleaded,7.9,4,4,5,23995
Hyundai,Accent,2016,Hatchback,Automatic,FRONT,Unleaded,6.2,4,5,5,11999
Hyundai,Santa,2016,SUV,Automatic,AWD,Diesel,7.8,4,4,7,21732
Hyundai,Santa,2016,SUV,Automatic,AWD,Diesel,7.8,4,4,7,29990
Hyundai,Imax,2016,Wagon,Automatic,REAR,Premium,10.6,4,4,8,24990
Hyundai,Tucson,2016,SUV,Automatic,AWD,Unleaded,7.7,4,4,5,23993
Hyundai,Tucson,2016,SUV,Automatic,AWD,Unleaded,7.7,4,4,5,28990
Hyundai,Tucson,2016,SUV,Automatic,FRONT,Unleaded,7.9,4,4,5,22990
Hyundai,I30,2016,Hatchback,Automatic,FRONT,Unleaded,7.3,4,5,5,17990
Hyundai,Santa,2016,SUV,Automatic,AWD,Diesel,7.8,4,4,7,22990
Hyundai,Santa,2016,SUV,Automatic,AWD,Diesel,7.8,4,4,7,35990
Hyundai,I30,2016,Hatchback,Automatic,FRONT,Unleaded,7.3,4,5,5,21947
Hyundai,I30,2016,Hatchback,Automatic,FRONT,Unleaded,7.3,4,5,5,18895
Hyundai,Accent,2016,Hatchback,Automatic,FRONT,Unleaded,6.2,4,5,5,17999
Hyundai,I30,2016,Hatchback,Automatic,FRONT,Unleaded,7.7,4,5,5,19990
Hyundai,Tucson,2016,SUV,Automatic,FRONT,Unleaded,7.9,4,4,5,19888
Hyundai,Tucson,2016,SUV,Automatic,FRONT,Unleaded,7.9,4,4,5,22888
Hyundai,Santa,2016,SUV,Automatic,AWD,Diesel,7.8,4,4,7,29999
Hyundai,Tucson,2016,SUV,Automatic,AWD,Unleaded,7.7,4,4,5,28888
Hyundai,Santa,2016,SUV,Automatic,AWD,Diesel,7.8,4,4,7,32994
Hyundai,Santa,2016,SUV,Automatic,AWD,Diesel,7.8,4,4,7,33800
Hyundai,Tucson,2016,SUV,Automatic,FRONT,Unleaded,7.9,4,4,5,21999
Hyundai,Santa,2016,SUV,Automatic,AWD,Diesel,7.8,4,4,7,32995
Hyundai,Accent,2016,Hatchback,Automatic,FRONT,Unleaded,6.2,4,5,5,18990
Hyundai,Accent,2016,Hatchback,Automatic,FRONT,Unleaded,6.2,4,5,5,14999
Hyundai,Accent,2016,Hatchback,Manual,FRONT,Unleaded,5.9,4,5,5,12900
Hyundai,Accent,2016,Sedan,Automatic,FRONT,Unleaded,6.4,4,4,5,13888
Hyundai,Tucson,2017,SUV,Automatic,AWD,Diesel,6.8,4,4,5,31990
Hyundai,Tucson,2017,SUV,Automatic,AWD,Diesel,6.8,4,4,5,28880
Hyundai,Iload,2017,Commercial,Automatic,REAR,Diesel,8.8,4,4,3,34990
Hyundai,Accent,2017,Hatchback,Automatic,FRONT,Unleaded,6.6,4,5,5,16995
Hyundai,I30,2017,Hatchback,Automatic,FRONT,Diesel,4.7,4,4,5,23990
Hyundai,Kona,2017,SUV,Automatic,FRONT,Unleaded,7.2,4,4,5,21888
Hyundai,I30,2017,Hatchback,Automatic,FRONT,Unleaded,7.4,4,4,5,19999
Hyundai,I30,2017,Hatchback,Automatic,FRONT,Unleaded,7.4,4,4,5,25995
Hyundai,Tucson,2017,Wagon,Automatic,FRONT,Unleaded,NA,NA,NA,NA,23990
Hyundai,Tucson,2017,SUV,Automatic,FRONT,Unleaded,7.9,4,4,5,23990
Hyundai,I30,2017,Hatchback,Automatic,FRONT,Diesel,4.7,4,4,5,21000
Hyundai,Tucson,2017,SUV,Automatic,FRONT,Unleaded,7.9,4,4,5,26888
Hyundai,Elantra,2017,Sedan,Automatic,FRONT,Unleaded,7.2,4,4,5,16990
Hyundai,Santa,2017,Wagon,Automatic,OTHER,-,NA,NA,NA,NA,29999
Hyundai,I40,2017,Sedan,Automatic,FRONT,Diesel,5.1,4,4,5,18990
Hyundai,Tucson,2017,SUV,Automatic,AWD,Diesel,6.8,4,4,5,21990
Hyundai,Sonata,2017,Sedan,Automatic,FRONT,Unleaded,8.3,4,4,5,24990
Hyundai,Sonata,2017,Sedan,Automatic,FRONT,Unleaded,8.3,4,4,5,26950
Hyundai,Tucson,2017,Wagon,Automatic,FRONT,Unleaded,NA,NA,NA,NA,21995
Hyundai,Iload,2017,Commercial,Manual,REAR,Diesel,7.6,4,4,3,24995
Hyundai,Iload,2017,Commercial,Automatic,REAR,Diesel,8.8,4,4,3,21999
Hyundai,I30,2017,Hatchback,Automatic,FRONT,Unleaded,7.4,4,4,5,22995
Hyundai,Accent,2017,Hatchback,Automatic,FRONT,Unleaded,6.6,4,5,5,17990
Hyundai,Tucson,2017,SUV,Automatic,FRONT,Unleaded,7.9,4,4,5,26990
Hyundai,Elantra,2017,Sedan,Automatic,FRONT,Unleaded,7.2,4,4,5,15990
Hyundai,I30,2017,Hatchback,Automatic,FRONT,Unleaded,7.4,4,4,5,25990
Hyundai,Tucson,2017,Wagon,Automatic,FRONT,Unleaded,NA,NA,NA,NA,19880
Hyundai,Iload,2017,Commercial,Automatic,REAR,Diesel,8.8,4,4,3,26999
Hyundai,I30,2017,Hatchback,Automatic,FRONT,Unleaded,7.4,4,4,5,22990
Hyundai,Iload,2017,Commercial,Manual,REAR,Diesel,7.6,4,4,3,25990
Hyundai,Veloster,2017,Hatchback,Automatic,FRONT,Unleaded,6.6,4,3,4,19800
Hyundai,Santa,2017,Wagon,Automatic,OTHER,Diesel,NA,NA,NA,NA,28990
Hyundai,Tucson,2017,SUV,Automatic,AWD,Diesel,6.8,4,4,5,29990
Hyundai,Santa,2017,SUV,Automatic,FRONT,Unleaded,10.5,6,4,7,31990
Hyundai,Tucson,2017,SUV,Automatic,AWD,Unleaded,7.7,4,4,5,26990
Hyundai,I40,2017,Wagon,Automatic,FRONT,Unleaded,7.5,4,4,5,21983
Hyundai,Santa,2017,SUV,Automatic,FRONT,Unleaded,10.5,6,4,7,29990
Hyundai,Kona,2017,SUV,Automatic,AWD,Unleaded,6.7,4,4,5,27800
Hyundai,Iload,2017,Commercial,Automatic,REAR,Diesel,8.8,4,4,3,27995
Hyundai,Iload,2017,Commercial,Automatic,REAR,Diesel,8.8,4,4,3,34975
Hyundai,Tucson,2017,SUV,Automatic,FRONT,Unleaded,7.9,4,4,5,24690
Hyundai,Santa,2017,SUV,Automatic,AWD,Diesel,7.8,4,4,7,26990
Hyundai,Elantra,2017,Sedan,Automatic,FRONT,Unleaded,7.2,4,4,5,17990
Hyundai,Iload,2017,Commercial,Manual,REAR,Diesel,7.6,4,4,3,19990
Hyundai,Tucson,2017,SUV,Automatic,AWD,Diesel,6.8,4,4,5,23990
Hyundai,Kona,2017,Wagon,Automatic,FRONT,Unleaded,NA,NA,NA,NA,26990
Hyundai,Tucson,2017,Wagon,Manual,FRONT,Unleaded,NA,NA,NA,NA,24100
Hyundai,Tucson,2017,Wagon,Automatic,FRONT,Unleaded,NA,NA,NA,NA,24890
Hyundai,Accent,2017,Hatchback,Automatic,FRONT,Unleaded,6.4,4,5,5,19990
Hyundai,Elantra,2017,Sedan,Automatic,FRONT,Unleaded,7.2,4,4,5,19670
Hyundai,Tucson,2017,SUV,Automatic,FRONT,Unleaded,7.9,4,4,5,21900
Hyundai,Accent,2017,Hatchback,Automatic,FRONT,Unleaded,6.6,4,5,5,15990
Hyundai,Accent,2017,Hatchback,Automatic,FRONT,Unleaded,6.4,4,5,5,17999
Hyundai,Tucson,2017,SUV,Automatic,AWD,Diesel,6.8,4,4,5,38999
Hyundai,I30,2017,Hatchback,Automatic,FRONT,Unleaded,7.4,4,4,5,24450
Hyundai,Santa,2017,SUV,Automatic,FRONT,Unleaded,10.5,6,4,7,29888
Hyundai,Tucson,2017,Wagon,Automatic,FRONT,Unleaded,NA,NA,NA,NA,24930
Hyundai,Santa,2017,SUV,Automatic,FRONT,Unleaded,10.5,6,4,7,24990
Hyundai,Tucson,2017,SUV,Automatic,AWD,Diesel,6.8,4,4,5,30990
Hyundai,I30,2017,Hatchback,Automatic,FRONT,Unleaded,7.5,4,4,5,27990
Hyundai,Tucson,2017,SUV,Automatic,FRONT,Unleaded,7.9,4,4,5,23490
Hyundai,I30,2017,Hatchback,Automatic,FRONT,Unleaded,7.4,4,4,5,19990
Hyundai,I30,2017,Hatchback,Automatic,FRONT,Unleaded,7.4,4,4,5,20990
Hyundai,Tucson,2017,SUV,Automatic,FRONT,Unleaded,7.9,4,4,5,26729
Hyundai,Elantra,2017,Sedan,Automatic,FRONT,Unleaded,7.2,4,4,5,25950
Hyundai,I30,2017,Hatchback,Automatic,FRONT,Unleaded,7.5,4,4,5,30997
Hyundai,Accent,2017,Hatchback,Manual,FRONT,Unleaded,6.3,4,5,5,18495
Hyundai,Tucson,2017,SUV,Automatic,AWD,Diesel,6.8,4,4,5,27888
Hyundai,Kona,2017,SUV,Automatic,AWD,Unleaded,6.7,4,4,5,20990
Hyundai,Tucson,2017,Wagon,Automatic,FRONT,Unleaded,NA,NA,NA,NA,23380
Hyundai,Elantra,2017,Sedan,Automatic,FRONT,Unleaded,7.2,4,4,5,20999
Hyundai,Kona,2017,SUV,Automatic,AWD,Unleaded,6.7,4,4,5,25498
Hyundai,Tucson,2017,SUV,Automatic,AWD,Unleaded,7.7,4,4,5,26995
Hyundai,Tucson,2017,SUV,Automatic,FRONT,Unleaded,7.9,4,4,5,23500
Hyundai,I30,2017,Hatchback,Automatic,FRONT,Unleaded,7.4,4,4,5,24990
Hyundai,Santa,2017,SUV,Automatic,FRONT,Unleaded,10.5,6,4,7,30990
Hyundai,Tucson,2017,SUV,Automatic,AWD,Diesel,6.8,4,4,5,28995
Hyundai,Tucson,2017,SUV,Automatic,FRONT,Unleaded,7.9,4,4,5,24444
Hyundai,Accent,2017,Hatchback,Automatic,FRONT,Unleaded,6.4,4,5,5,18888
Hyundai,Tucson,2017,SUV,Automatic,AWD,Diesel,6.8,4,4,5,30888
Hyundai,I30,2017,Hatchback,Automatic,FRONT,Diesel,4.7,4,4,5,27490
Hyundai,I30,2017,Hatchback,Automatic,FRONT,Diesel,4.6,4,5,5,17990
Hyundai,I30,2017,Hatchback,Automatic,FRONT,Unleaded,7.4,4,4,5,23990
Hyundai,Veloster,2017,Hatchback,Automatic,FRONT,Unleaded,7.1,4,3,4,24990
Hyundai,I30,2017,Hatchback,Automatic,FRONT,Unleaded,7.3,4,5,5,18990
Hyundai,Accent,2017,Hatchback,Manual,FRONT,Unleaded,6.3,4,5,5,16400
Hyundai,Elantra,2017,Sedan,Automatic,FRONT,Unleaded,7.2,4,4,5,21990
Hyundai,Veloster,2017,Hatchback,Automatic,FRONT,Unleaded,7.1,4,3,4,25950
Hyundai,Santa,2017,SUV,Automatic,AWD,Unleaded,9.4,4,4,7,24760
Hyundai,Tucson,2017,Wagon,Automatic,FRONT,Unleaded,NA,NA,NA,NA,25999
Hyundai,Imax,2017,Wagon,Automatic,REAR,Diesel,8.8,4,4,8,28990
Hyundai,Tucson,2017,SUV,Automatic,FRONT,Unleaded,7.9,4,4,5,28856
Hyundai,Tucson,2017,SUV,Automatic,AWD,Diesel,6.8,4,4,5,26990
Hyundai,Accent,2017,Hatchback,Manual,FRONT,Unleaded,6.3,4,5,5,14990
Hyundai,Elantra,2017,Sedan,Automatic,FRONT,Unleaded,7.2,4,4,5,18977
Hyundai,Tucson,2017,SUV,Automatic,AWD,Unleaded,7.7,4,4,5,22888
Hyundai,Santa,2017,SUV,Automatic,AWD,Diesel,7.8,4,4,7,29850
Hyundai,Tucson,2017,SUV,Automatic,FRONT,Unleaded,7.9,4,4,5,22999
Hyundai,Genesis,2017,Sedan,Automatic,REAR,Unleaded,11.2,6,4,5,19999
Hyundai,Iload,2017,Commercial,Automatic,REAR,Diesel,8.8,4,4,3,24850
Hyundai,I30,2017,Hatchback,Automatic,FRONT,Diesel,4.7,4,4,5,20995
Hyundai,Tucson,2017,SUV,Automatic,AWD,Diesel,6.8,4,4,5,21980
Hyundai,Tucson,2017,SUV,Automatic,AWD,Unleaded,7.7,4,4,5,32888
Hyundai,Santa,2018,SUV,Automatic,AWD,Diesel,7.8,4,4,7,43999
Hyundai,I30,2018,Hatchback,Automatic,FRONT,Unleaded,7.4,4,4,5,21999
Hyundai,Imax,2018,Wagon,Automatic,REAR,Diesel,8.8,4,4,8,27990
Hyundai,I30,2018,Hatchback,Automatic,FRONT,Unleaded,7.1,4,4,5,27950
Hyundai,Iload,2018,Commercial,Automatic,REAR,Diesel,8.8,4,4,3,35995
Hyundai,I30,2018,Hatchback,Automatic,FRONT,Unleaded,7.4,4,4,5,21990
Hyundai,I30,2018,Hatchback,Automatic,FRONT,Unleaded,7.4,4,4,5,22990
Hyundai,Elantra,2018,Sedan,Automatic,FRONT,Unleaded,7.2,4,4,5,21990
Hyundai,Tucson,2018,SUV,Automatic,FRONT,Unleaded,7.9,4,4,5,26495
Hyundai,I30,2018,Hatchback,Automatic,FRONT,Unleaded,7.4,4,4,5,23990
Hyundai,Tucson,2018,SUV,Automatic,AWD,Unleaded,7.7,4,4,5,28990
Hyundai,Tucson,2018,SUV,Automatic,FRONT,Unleaded,7.9,4,4,5,25776
Hyundai,Kona,2018,SUV,Automatic,AWD,Unleaded,6.7,4,4,5,28990
Hyundai,Santa,2018,SUV,Automatic,FRONT,Unleaded,10.5,6,4,7,27999
Hyundai,Sonata,2018,Sedan,Automatic,FRONT,Unleaded,8.3,4,4,5,21990
Hyundai,Iload,2018,Commercial,Automatic,REAR,Diesel,8.8,4,4,3,32800
Hyundai,Santa,2018,SUV,Automatic,AWD,Diesel,7.5,4,4,7,42750
Hyundai,Sonata,2018,Sedan,Automatic,FRONT,Unleaded,8.3,4,4,5,19995
Hyundai,Sonata,2018,Sedan,Automatic,FRONT,Unleaded,8.3,4,4,5,19990
Hyundai,I30,2018,Hatchback,Automatic,FRONT,Diesel,4.7,4,4,5,27888
Hyundai,Iload,2018,Commercial,Automatic,REAR,Diesel,8.8,4,4,3,32980
Hyundai,Sonata,2018,Sedan,Automatic,FRONT,Unleaded,8.3,4,4,5,21950
Hyundai,I30,2018,Hatchback,Automatic,FRONT,Unleaded,7.4,4,4,5,25990
Hyundai,I30,2018,Hatchback,Manual,FRONT,Premium,8,4,5,5,38995
Hyundai,I30,2018,Hatchback,Automatic,FRONT,Unleaded,7.4,4,4,5,18950
Hyundai,I40,2018,Wagon,Automatic,FRONT,Unleaded,7.5,4,4,5,19995
Hyundai,Sonata,2018,Sedan,Automatic,FRONT,Unleaded,8.3,4,4,5,23995
Hyundai,I30,2018,Hatchback,Automatic,FRONT,Unleaded,7.1,4,4,5,32800
Hyundai,Tucson,2018,SUV,Automatic,AWD,Unleaded,7.7,4,4,5,33990
Hyundai,I30,2018,Hatchback,Automatic,FRONT,Diesel,4.7,4,4,5,23990
Hyundai,I30,2018,Hatchback,Automatic,FRONT,Unleaded,7.4,4,4,5,23888
Hyundai,I30,2018,Hatchback,Automatic,FRONT,Unleaded,7.4,4,4,5,23490
Hyundai,Kona,2018,SUV,Automatic,AWD,Unleaded,6.7,4,4,5,29490
Hyundai,Santa,2018,SUV,Automatic,AWD,Diesel,7.5,4,4,7,37888
Hyundai,I30,2018,Hatchback,Automatic,FRONT,Unleaded,7.4,4,4,5,18888
Hyundai,Elantra,2018,Sedan,Automatic,FRONT,Unleaded,7.2,4,4,5,25800
Hyundai,Tucson,2018,SUV,Automatic,FRONT,Unleaded,7.9,4,4,5,26890
Hyundai,Santa,2018,SUV,Automatic,AWD,Diesel,7.5,4,4,7,31990
Hyundai,I30,2018,Hatchback,Automatic,FRONT,Unleaded,7.4,4,4,5,24990
Hyundai,Elantra,2018,Sedan,Automatic,FRONT,Unleaded,7.2,4,4,5,18888
Hyundai,Santa,2018,SUV,Automatic,AWD,Diesel,7.5,4,4,7,39888
Hyundai,Tucson,2018,SUV,Automatic,AWD,Unleaded,7.7,4,4,5,29990
Hyundai,I30,2018,Hatchback,Automatic,FRONT,Unleaded,7.4,4,4,5,19989
Hyundai,Sonata,2018,Sedan,Automatic,FRONT,Unleaded,8.3,4,4,5,23730
Hyundai,Tucson,2018,SUV,Automatic,FRONT,Unleaded,7.9,4,4,5,27990
Hyundai,Tucson,2018,SUV,Automatic,FRONT,Unleaded,7.9,4,4,5,26990
Hyundai,Tucson,2018,SUV,Automatic,AWD,Diesel,6.8,4,4,5,31990
Hyundai,Tucson,2018,SUV,Automatic,FRONT,Unleaded,7.9,4,4,5,23913
Hyundai,Sonata,2018,Sedan,Automatic,FRONT,Unleaded,8.3,4,4,5,22999
Hyundai,Iload,2018,Commercial,Automatic,REAR,Diesel,8.8,4,4,3,40950
Hyundai,Kona,2018,SUV,Automatic,AWD,Unleaded,6.7,4,4,5,29990
Hyundai,Tucson,2018,SUV,Automatic,FRONT,Unleaded,7.9,4,4,5,29990
Hyundai,I30,2018,Hatchback,Automatic,FRONT,Diesel,4.7,4,4,5,23999
Hyundai,Santa,2018,SUV,Automatic,AWD,Diesel,7.5,4,4,7,33990
Hyundai,I40,2018,Wagon,Automatic,FRONT,Unleaded,7.5,4,4,5,22990
Hyundai,I30,2018,Hatchback,Automatic,FRONT,Unleaded,7.4,4,4,5,25000
Hyundai,Tucson,2018,SUV,Automatic,AWD,Diesel,6.8,4,4,5,26288
Hyundai,Elantra,2018,Sedan,Automatic,FRONT,Unleaded,7.2,4,4,5,26090
Hyundai,I30,2018,Hatchback,Manual,FRONT,Premium,8,4,5,5,35999
Hyundai,I30,2018,Hatchback,Automatic,FRONT,Unleaded,7.4,4,4,5,19990
Hyundai,Iload,2018,Commercial,Automatic,REAR,Diesel,8.8,4,4,3,33990
Hyundai,Tucson,2018,SUV,Automatic,AWD,Diesel,6.8,4,4,5,26990
Hyundai,Santa,2018,SUV,Automatic,AWD,Diesel,7.5,4,4,7,46970
Hyundai,Elantra,2018,Sedan,Automatic,FRONT,Unleaded,7.2,4,4,5,21980
Hyundai,Sonata,2018,NA,Automatic,FRONT,Unleaded,NA,NA,NA,NA,16990
Hyundai,Tucson,2018,SUV,Automatic,AWD,Unleaded,7.7,4,4,5,21999
Hyundai,Kona,2018,SUV,Automatic,FRONT,Unleaded,7.2,4,4,5,24990
Hyundai,Iload,2018,Commercial,Automatic,REAR,Diesel,8.8,4,4,3,36950
Hyundai,Santa,2018,SUV,Automatic,AWD,Diesel,7.8,4,4,7,34950
Hyundai,Tucson,2018,SUV,Automatic,FRONT,Unleaded,7.9,4,4,5,27987
Hyundai,Santa,2018,SUV,Automatic,AWD,Diesel,7.5,4,4,7,35990
Hyundai,Kona,2018,SUV,Automatic,FRONT,Unleaded,7.2,4,4,5,21990
Hyundai,Accent,2018,Sedan,Automatic,FRONT,Unleaded,6.6,4,4,5,20990
Hyundai,Santa,2018,SUV,Automatic,AWD,Diesel,7.8,4,4,7,28495
Hyundai,Kona,2018,SUV,Automatic,FRONT,Unleaded,7.2,4,4,5,25498
Hyundai,I30,2018,Hatchback,Automatic,FRONT,Unleaded,7.4,4,4,5,22999
Hyundai,I30,2018,Hatchback,Automatic,FRONT,Unleaded,7.5,4,4,5,28990
Hyundai,I30,2018,Hatchback,Automatic,FRONT,Unleaded,7.4,4,4,5,21690
Hyundai,I30,2018,Hatchback,Automatic,FRONT,Unleaded,7.1,4,4,5,31105
Hyundai,I30,2018,Hatchback,Automatic,FRONT,Unleaded,7.4,4,4,5,23995
Hyundai,Iload,2018,Commercial,Manual,REAR,Diesel,7.6,4,4,3,32990
Hyundai,I30,2018,Hatchback,Automatic,FRONT,Unleaded,7.5,4,4,5,27990
Hyundai,I30,2018,Hatchback,Manual,FRONT,Unleaded,7.3,4,4,5,18990
Hyundai,I30,2018,Hatchback,Automatic,FRONT,Unleaded,7.4,4,4,5,18980
Hyundai,Accent,2018,Hatchback,Automatic,FRONT,Unleaded,6.6,4,5,5,14950
Hyundai,Accent,2018,Hatchback,Automatic,FRONT,Unleaded,6.6,4,5,5,15950
Hyundai,Tucson,2018,SUV,Automatic,FRONT,Unleaded,7.9,4,4,5,24660
Hyundai,I30,2018,Hatchback,Manual,FRONT,Unleaded,7.5,4,4,5,26888
Hyundai,I40,2018,Sedan,Automatic,FRONT,Diesel,5.1,4,4,5,22999
Hyundai,Tucson,2018,SUV,Automatic,FRONT,Unleaded,7.9,4,4,5,24999
Hyundai,Santa,2018,SUV,Automatic,AWD,Diesel,7.5,4,4,7,41955
Hyundai,Tucson,2018,SUV,Automatic,FRONT,Unleaded,7.9,4,4,5,25990
Hyundai,I30,2018,Hatchback,Automatic,FRONT,Unleaded,7.4,4,4,5,21880
Hyundai,Kona,2018,SUV,Automatic,FRONT,Unleaded,7.2,4,4,5,20990
Hyundai,I30,2018,Hatchback,Automatic,FRONT,Unleaded,7.4,4,4,5,20968
Hyundai,Santa,2018,SUV,Automatic,AWD,Diesel,7.5,4,4,7,38989
Hyundai,Tucson,2018,SUV,Automatic,FRONT,Unleaded,7.9,4,4,5,28982
Hyundai,Kona,2018,SUV,Automatic,AWD,Unleaded,6.7,4,4,5,24999
Hyundai,I30,2018,Hatchback,Automatic,FRONT,Unleaded,7.4,4,4,5,21888
Hyundai,Imax,2018,Wagon,Automatic,REAR,Diesel,8.8,4,4,8,39990
Hyundai,I30,2018,Hatchback,Automatic,FRONT,Unleaded,7.4,4,4,5,20990
Hyundai,Tucson,2018,SUV,Automatic,FRONT,Unleaded,7.9,4,4,5,21990
Hyundai,Santa,2018,SUV,Automatic,AWD,Diesel,7.5,4,4,7,44888
Hyundai,I30,2019,Hatchback,Automatic,FRONT,Unleaded,7.4,4,4,5,26990
Hyundai,Tucson,2019,SUV,Automatic,FRONT,Unleaded,7.9,4,4,5,26990
Hyundai,I30,2019,Hatchback,Automatic,FRONT,Unleaded,7.4,4,4,5,24990
Hyundai,Tucson,2019,SUV,Automatic,FRONT,Unleaded,7.9,4,4,5,34990
Hyundai,Kona,2019,SUV,Automatic,FRONT,Unleaded,7.2,4,4,5,27878
Hyundai,Santa,2019,SUV,Automatic,AWD,Diesel,7.5,4,4,7,43990
Hyundai,Ioniq,2019,Hatchback,Automatic,FRONT,Electric,0,0,4,5,39990
Hyundai,Tucson,2019,SUV,Automatic,AWD,Diesel,6.4,4,4,5,33888
Hyundai,Sonata,2019,Sedan,Automatic,FRONT,Unleaded,8.3,4,4,5,21950
Hyundai,I30,2019,Hatchback,Automatic,FRONT,Unleaded,7.4,4,4,5,23990
Hyundai,I30,2019,Hatchback,Automatic,FRONT,Unleaded,7.4,4,4,5,22990
Hyundai,Kona,2019,SUV,Automatic,FRONT,Unleaded,7.2,4,4,5,26990
Hyundai,Tucson,2019,SUV,Automatic,FRONT,Unleaded,7.9,4,4,5,25880
Hyundai,I30,2019,Hatchback,Automatic,FRONT,Unleaded,7.4,4,4,5,19990
Hyundai,I30,2019,Hatchback,Automatic,FRONT,Unleaded,7.4,4,4,5,25887
Hyundai,Accent,2019,Hatchback,Automatic,FRONT,Unleaded,6.6,4,5,5,20990
Hyundai,I30,2019,Hatchback,Automatic,FRONT,Diesel,4.7,4,4,5,24990
Hyundai,I30,2019,Hatchback,Automatic,FRONT,Unleaded,7.4,4,4,5,24490
Hyundai,Tucson,2019,SUV,Automatic,FRONT,Unleaded,7.9,4,4,5,25990
Hyundai,Accent,2019,Hatchback,Manual,FRONT,Unleaded,6.3,4,5,5,13999
Hyundai,Imax,2019,Wagon,Automatic,REAR,Diesel,8.8,4,4,8,33990
Hyundai,Elantra,2019,Sedan,Automatic,FRONT,Unleaded,7.4,4,4,5,19888
Hyundai,Iload,2019,Commercial,Automatic,REAR,Diesel,8.8,4,4,6,32950
Hyundai,Kona,2019,SUV,Automatic,FRONT,Unleaded,7.2,4,4,5,30990
Hyundai,I30,2019,Hatchback,Automatic,FRONT,Unleaded,7.4,4,4,5,22490
Hyundai,Santa,2019,SUV,Automatic,AWD,Diesel,7.5,4,4,7,35990
Hyundai,Santa,2019,SUV,Automatic,AWD,Diesel,7.5,4,4,7,47990
Hyundai,I30,2019,Hatchback,Manual,FRONT,Premium,8,4,5,5,42990
Hyundai,Sonata,2019,Sedan,Automatic,FRONT,Unleaded,8.3,4,4,5,18888
Hyundai,Kona,2019,SUV,Automatic,FRONT,Unleaded,7.2,4,4,5,29888
Hyundai,Tucson,2019,SUV,Automatic,AWD,Diesel,6.4,4,4,5,29999
Hyundai,Sonata,2019,Sedan,Automatic,FRONT,Unleaded,8.3,4,4,5,21890
Hyundai,Sonata,2019,Sedan,Automatic,FRONT,Unleaded,8.3,4,4,5,21871
Hyundai,Tucson,2019,SUV,Automatic,AWD,Unleaded,7.7,4,4,5,32990
Hyundai,I30,2019,Hatchback,Automatic,FRONT,Unleaded,7.4,4,4,5,25990
Hyundai,Sonata,2019,Sedan,Automatic,FRONT,Unleaded,8.3,4,4,5,20999
Hyundai,Santa,2019,SUV,Automatic,AWD,Diesel,7.5,4,4,7,39930
Hyundai,Iload,2019,Commercial,Automatic,REAR,Diesel,8.8,4,4,3,33990
Hyundai,I30,2019,Hatchback,Automatic,FRONT,Unleaded,7.1,4,4,5,30890
Hyundai,Sonata,2019,Sedan,Automatic,FRONT,Unleaded,8.3,4,4,5,27970
Hyundai,Sonata,2019,NA,Automatic,FRONT,Unleaded,NA,NA,NA,NA,20872
Hyundai,I30,2019,Hatchback,Automatic,FRONT,Unleaded,7.4,4,4,5,24999
Hyundai,I30,2019,Hatchback,Automatic,FRONT,Unleaded,7.4,4,4,5,22999
Hyundai,Tucson,2019,SUV,Automatic,FRONT,Unleaded,7.9,4,4,5,27897
Hyundai,I30,2019,Hatchback,Automatic,FRONT,Unleaded,7.4,4,4,5,23950
Hyundai,I30,2019,Hatchback,Automatic,FRONT,Unleaded,7.4,4,4,5,24355
Hyundai,I30,2019,Hatchback,Automatic,FRONT,Unleaded,7.4,4,4,5,20990
Hyundai,I30,2019,Hatchback,Automatic,FRONT,Unleaded,7.4,4,4,5,27490
Hyundai,Santa,2019,Wagon,Automatic,OTHER,Diesel,NA,NA,NA,NA,36999
Hyundai,I30,2019,Hatchback,Automatic,FRONT,Unleaded,7.4,4,4,5,21750
Hyundai,Sonata,2019,Sedan,Automatic,FRONT,Unleaded,8.3,4,4,5,27950
Hyundai,Venue,2019,SUV,Automatic,FRONT,Unleaded,7.2,4,4,5,24520
Hyundai,Tucson,2019,SUV,Automatic,FRONT,Unleaded,7.9,4,4,5,30990
Hyundai,Tucson,2019,SUV,Automatic,FRONT,Unleaded,7.9,4,4,5,29855
Hyundai,Iload,2019,Commercial,Automatic,REAR,Diesel,8.8,4,4,3,37490
Hyundai,Kona,2019,SUV,Automatic,AWD,Unleaded,6.7,4,4,5,31990
Hyundai,Santa,2019,Wagon,Automatic,OTHER,Diesel,NA,NA,NA,NA,46990
Hyundai,I30,2019,Hatchback,Automatic,FRONT,Unleaded,7.4,4,4,5,25450
Hyundai,I30,2019,Hatchback,Automatic,FRONT,Unleaded,7.4,4,4,5,24190
Hyundai,I30,2019,Hatchback,Automatic,FRONT,Unleaded,7.4,4,4,5,23790
Hyundai,I30,2019,Hatchback,Automatic,FRONT,Unleaded,7.4,4,4,5,26888
Hyundai,Tucson,2019,SUV,Automatic,AWD,Unleaded,7.7,4,4,5,35990
Hyundai,Kona,2019,SUV,Automatic,FRONT,Unleaded,7.2,4,4,5,24990
Hyundai,I30,2019,Hatchback,Automatic,FRONT,Unleaded,7.4,4,4,5,22690
Hyundai,Santa,2019,SUV,Automatic,AWD,Diesel,7.5,4,4,7,37985
Hyundai,Tucson,2019,SUV,Automatic,FRONT,Unleaded,7.9,4,4,5,32999
Hyundai,Kona,2019,SUV,Automatic,FRONT,Unleaded,7.2,4,4,5,24497
Hyundai,I30,2019,Hatchback,Automatic,FRONT,Unleaded,7.4,4,4,5,23750
Hyundai,I30,2019,Hatchback,-,OTHER,Unleaded,NA,NA,NA,NA,23890
Hyundai,I30,2019,Hatchback,Automatic,FRONT,Unleaded,7.4,4,4,5,24977
Hyundai,Kona,2019,SUV,Automatic,FRONT,Unleaded,7.2,4,4,5,22980
Hyundai,Sonata,2019,Sedan,Automatic,FRONT,Unleaded,8.3,4,4,5,19498
Hyundai,Tucson,2019,SUV,Automatic,FRONT,Unleaded,7.9,4,4,5,28490
Hyundai,Santa,2019,SUV,Automatic,AWD,Diesel,7.5,4,4,7,49990
Hyundai,Kona,2019,SUV,Automatic,FRONT,Unleaded,7.2,4,4,5,23497
Hyundai,Santa,2019,SUV,Automatic,AWD,Diesel,7.5,4,4,7,30490
Hyundai,Kona,2019,SUV,Automatic,FRONT,Unleaded,7.2,4,4,5,28900
Hyundai,Kona,2019,SUV,Automatic,FRONT,Electric,0,0,4,5,42995
Hyundai,Santa,2019,SUV,Automatic,AWD,Diesel,7.5,4,4,7,31990
Hyundai,I30,2019,Hatchback,Automatic,FRONT,Unleaded,7.4,4,4,5,21980
Hyundai,I30,2019,Hatchback,Manual,FRONT,Unleaded,7.3,4,4,5,20990
Hyundai,I30,2019,Hatchback,Automatic,FRONT,Unleaded,7.1,4,4,5,29500
Hyundai,Tucson,2019,SUV,Automatic,FRONT,Unleaded,7.9,4,4,5,28990
Hyundai,I30,2019,Hatchback,Automatic,FRONT,Unleaded,7.4,4,4,5,34990
Hyundai,I30,2019,Hatchback,Automatic,FRONT,Unleaded,7.4,4,4,5,21990
Hyundai,I30,2019,Hatchback,Automatic,FRONT,Unleaded,7.4,4,4,5,24880
Hyundai,Elantra,2019,Sedan,Automatic,FRONT,Unleaded,7.2,4,4,5,23990
Hyundai,I30,2019,Hatchback,Automatic,FRONT,Unleaded,7.1,4,4,5,32969
Hyundai,Tucson,2019,SUV,Automatic,FRONT,Unleaded,7.9,4,4,5,28888
Hyundai,Santa,2019,SUV,Automatic,AWD,Diesel,7.5,4,4,7,27990
Hyundai,Santa,2019,SUV,Automatic,AWD,Diesel,7.5,4,4,7,38990
Hyundai,I30,2019,Hatchback,Automatic,FRONT,Unleaded,7.4,4,4,5,22977
Hyundai,I30,2019,Hatchback,Automatic,FRONT,Unleaded,7.1,4,4,5,30968
Hyundai,Tucson,2019,SUV,Automatic,FRONT,Unleaded,7.9,4,4,5,22990
Hyundai,Iload,2019,Commercial,Automatic,REAR,Diesel,8.8,4,4,3,29997
Hyundai,Tucson,2019,SUV,Automatic,FRONT,Unleaded,7.9,4,4,5,27999
Hyundai,I30,2019,Hatchback,Automatic,FRONT,Unleaded,7.4,4,4,5,21998
Hyundai,Tucson,2019,SUV,Automatic,FRONT,Unleaded,7.9,4,4,5,29982
Hyundai,Kona,2019,SUV,Automatic,FRONT,Unleaded,7.2,4,4,5,23990
Hyundai,I30,2019,Hatchback,Automatic,FRONT,Unleaded,7.4,4,4,5,23988
Hyundai,Kona,2019,SUV,Automatic,FRONT,Unleaded,7.2,4,4,5,24369
Hyundai,Tucson,2019,SUV,Automatic,FRONT,Unleaded,7.9,4,4,5,30490
Hyundai,Tucson,2019,SUV,Automatic,AWD,Unleaded,7.7,4,4,5,38999
Hyundai,Accent,2019,Hatchback,Automatic,FRONT,Unleaded,6.6,4,5,5,19999
Hyundai,Ioniq,2019,Hatchback,Automatic,FRONT,Electric,0,0,4,5,41990
Hyundai,Tucson,2019,SUV,Automatic,FRONT,Unleaded,7.9,4,4,5,29990
Hyundai,Sonata,2019,Sedan,Automatic,FRONT,Unleaded,8.3,4,4,5,19888
Hyundai,Sonata,2019,Sedan,Automatic,FRONT,Unleaded,8.3,4,4,5,20872
Hyundai,Iload,2019,Commercial,Automatic,REAR,Diesel,8.8,4,4,3,39950
Hyundai,Kona,2019,SUV,Automatic,FRONT,Unleaded,7.2,4,4,5,25866
Hyundai,Santa,2019,SUV,Automatic,AWD,Diesel,7.5,4,4,7,46990
Hyundai,Tucson,2020,SUV,Automatic,FRONT,Unleaded,7.9,4,4,5,28984
Hyundai,I30,2020,Hatchback,Automatic,FRONT,Unleaded,7.4,4,4,5,26990
Hyundai,I30,2020,Hatchback,Automatic,FRONT,Unleaded,7.4,4,4,5,26300
Hyundai,Kona,2020,SUV,Automatic,FRONT,Unleaded,7.2,4,4,5,27990
Hyundai,I30,2020,Hatchback,Automatic,FRONT,Unleaded,7.4,4,4,5,24000
Hyundai,I30,2020,Hatchback,Automatic,FRONT,Unleaded,7.4,4,4,5,23980
Hyundai,I30,2020,Hatchback,Automatic,FRONT,Unleaded,7.4,4,4,5,23950
Hyundai,Tucson,2020,SUV,Automatic,AWD,Unleaded,7.7,4,4,5,43990
Hyundai,I30,2020,Hatchback,Automatic,FRONT,Unleaded,7.4,4,4,5,22950
Hyundai,I30,2020,Hatchback,Automatic,FRONT,Unleaded,7.4,4,4,5,22980
Hyundai,Santa,2020,SUV,Automatic,AWD,Diesel,6.1,4,4,7,35780
Hyundai,Iload,2020,Commercial,Automatic,REAR,Diesel,8.8,4,4,3,25500
Hyundai,Kona,2020,SUV,Automatic,FRONT,Unleaded,7.2,4,4,5,28888
Hyundai,I30,2020,Hatchback,Automatic,FRONT,Unleaded,7.4,4,4,5,24990
Hyundai,Kona,2020,SUV,Automatic,FRONT,Unleaded,7.2,4,4,5,32990
Hyundai,I30,2020,Sedan,Automatic,FRONT,Unleaded,6.8,4,4,5,39990
Hyundai,Kona,2020,SUV,Automatic,FRONT,Unleaded,7.2,4,4,5,29999
Hyundai,I30,2020,Hatchback,Automatic,FRONT,Unleaded,7.4,4,4,5,28800
Hyundai,Santa,2020,SUV,Automatic,AWD,Diesel,7.5,4,4,7,31990
Hyundai,Tucson,2020,SUV,Automatic,FRONT,Unleaded,7.9,4,4,5,27800
Hyundai,I30,2020,Hatchback,Automatic,FRONT,Unleaded,7.4,4,4,5,22990
Hyundai,I30,2020,Hatchback,Automatic,FRONT,Unleaded,7.4,4,4,5,21990
Hyundai,Elantra,2020,Sedan,Automatic,FRONT,Unleaded,7.4,4,4,5,23950
Hyundai,Santa,2020,SUV,Automatic,AWD,Diesel,6.1,4,4,7,26980
Hyundai,I30,2020,Hatchback,Automatic,FRONT,Unleaded,7.4,4,4,5,20990
Hyundai,I30,2020,Hatchback,Automatic,FRONT,Unleaded,7.4,4,4,5,28990
Hyundai,I30,2020,Hatchback,Automatic,FRONT,Unleaded,7.4,4,4,5,21890
Hyundai,I30,2020,Hatchback,Automatic,FRONT,Unleaded,7.4,4,4,5,21888
Hyundai,Santa,2020,SUV,Automatic,AWD,Diesel,7.5,4,4,7,47450
Hyundai,Kona,2020,SUV,Automatic,FRONT,Unleaded,6.2,4,4,5,23888
Hyundai,Iload,2020,Commercial,Automatic,REAR,Diesel,8.8,4,4,3,41990
Hyundai,Tucson,2020,SUV,Automatic,AWD,Diesel,6.4,4,4,5,38990
Hyundai,Iload,2020,Commercial,Manual,REAR,Diesel,7.6,4,4,3,38999
Hyundai,I30,2020,Hatchback,Automatic,FRONT,Unleaded,7.4,4,4,5,21870
Hyundai,Iload,2020,Commercial,Automatic,REAR,Diesel,8.8,4,4,3,42999
Hyundai,Iload,2020,Commercial,Automatic,REAR,Diesel,8.8,4,4,3,39999
Hyundai,Kona,2020,SUV,Automatic,FRONT,Unleaded,7.2,4,4,5,26980
Hyundai,Tucson,2020,SUV,Automatic,FRONT,Unleaded,7.9,4,4,5,31950
Hyundai,Kona,2020,SUV,Automatic,FRONT,Unleaded,7.2,4,4,5,27288
Hyundai,I30,2020,Hatchback,Automatic,FRONT,Unleaded,7.4,4,4,5,19990
Hyundai,Kona,2020,SUV,Automatic,FRONT,Unleaded,7.2,4,4,5,22990
Hyundai,Tucson,2020,SUV,Automatic,FRONT,Unleaded,7.9,4,4,5,32888
Hyundai,I30,2020,Hatchback,Automatic,FRONT,Unleaded,7.4,4,4,5,32990
Hyundai,I30,2020,Hatchback,Automatic,FRONT,Unleaded,7.4,4,4,5,24999
Hyundai,Kona,2020,SUV,Automatic,FRONT,Unleaded,7.2,4,4,5,27777
Hyundai,Kona,2020,SUV,Automatic,FRONT,Unleaded,7.2,4,4,5,22490
Hyundai,I30,2020,Hatchback,Automatic,FRONT,Unleaded,7.4,4,4,5,26900
Hyundai,Kona,2020,SUV,Automatic,FRONT,Unleaded,7.2,4,4,5,25490
Hyundai,Tucson,2020,SUV,Automatic,FRONT,Unleaded,7.9,4,4,5,28999
Hyundai,Kona,2020,SUV,Automatic,FRONT,Unleaded,6.2,4,4,5,26990
Hyundai,Kona,2020,SUV,Automatic,FRONT,Unleaded,7.2,4,4,5,25690
Hyundai,Palisade,2020,SUV,Automatic,AWD,Diesel,7.3,4,4,8,60482
Hyundai,Kona,2020,SUV,Automatic,FRONT,Unleaded,7.2,4,4,5,26490
Hyundai,I30,2020,Hatchback,Automatic,FRONT,Unleaded,7.4,4,4,5,23832
Hyundai,Kona,2020,SUV,Automatic,FRONT,Unleaded,7.2,4,4,5,24607
Hyundai,Venue,2020,SUV,Automatic,FRONT,Unleaded,7.2,4,4,5,24990
Hyundai,Santa,2020,SUV,Automatic,AWD,Diesel,7.5,4,4,7,39998
Hyundai,I30,2020,Hatchback,Automatic,FRONT,Unleaded,7.4,4,4,5,25980
Hyundai,I30,2020,Hatchback,Automatic,FRONT,Unleaded,7.4,4,4,5,25900
Hyundai,Tucson,2020,SUV,Automatic,FRONT,Unleaded,7.9,4,4,5,37780
Hyundai,Kona,2020,SUV,Automatic,FRONT,Unleaded,7.2,4,4,5,25990
Hyundai,I30,2020,Sedan,Automatic,FRONT,Unleaded,7,4,4,5,31888
Hyundai,Kona,2020,SUV,Automatic,FRONT,Unleaded,7.2,4,4,5,29990
Hyundai,Santa,2020,SUV,Automatic,AWD,Diesel,6.1,4,4,7,44995
Hyundai,I30,2020,Hatchback,Automatic,FRONT,Unleaded,7.4,4,4,5,25499
Hyundai,Kona,2020,SUV,Automatic,AWD,Unleaded,6.7,4,4,5,27990
Hyundai,I30,2020,Hatchback,Automatic,FRONT,Unleaded,7.4,4,4,5,25895
Hyundai,I30,2020,Hatchback,Automatic,FRONT,Unleaded,7.4,4,4,5,25450
Hyundai,Tucson,2020,SUV,Automatic,FRONT,Unleaded,7.9,4,4,5,34868
Hyundai,Kona,2020,SUV,Automatic,FRONT,Unleaded,7.2,4,4,5,26888
Hyundai,Kona,2020,SUV,Automatic,FRONT,Unleaded,7.2,4,4,5,30777
Hyundai,I30,2020,Hatchback,Automatic,FRONT,Unleaded,7.1,4,4,5,31990
Hyundai,I30,2020,Hatchback,Manual,FRONT,Unleaded,7.3,4,4,5,25995
Hyundai,Tucson,2020,SUV,Automatic,FRONT,Unleaded,7.9,4,4,5,27990
Hyundai,I30,2020,Sedan,Automatic,FRONT,Unleaded,7,4,4,5,23999
Hyundai,Tucson,2020,SUV,Automatic,FRONT,Unleaded,7.9,4,4,5,29999
Hyundai,Kona,2020,SUV,Automatic,AWD,Unleaded,6.7,4,4,5,34990
Hyundai,Kona,2020,SUV,Automatic,FRONT,Unleaded,7.2,4,4,5,26880
Hyundai,I30,2020,Hatchback,Automatic,FRONT,Unleaded,7.4,4,4,5,25990
Hyundai,I30,2020,Hatchback,Automatic,FRONT,Unleaded,7.4,4,4,5,24850
Hyundai,Santa,2020,SUV,Automatic,FRONT,Unleaded,10.6,6,4,7,35880
Hyundai,Kona,2020,SUV,Automatic,FRONT,Unleaded,7.2,4,4,5,23990
Hyundai,Kona,2020,SUV,Automatic,FRONT,Unleaded,7.2,4,4,5,24990
Hyundai,I30,2020,Hatchback,Automatic,FRONT,Unleaded,7.4,4,4,5,23999
Hyundai,I30,2020,Hatchback,Automatic,FRONT,Unleaded,7.4,4,4,5,22888
Hyundai,I30,2020,Hatchback,Automatic,FRONT,Unleaded,7.4,4,4,5,21977
Hyundai,Tucson,2020,SUV,Automatic,AWD,Diesel,6.4,4,4,5,31999
Hyundai,I30,2020,Hatchback,Automatic,FRONT,Unleaded,7.4,4,4,5,23888
Hyundai,Tucson,2020,SUV,Automatic,FRONT,Unleaded,7.9,4,4,5,29990
Hyundai,Kona,2020,SUV,Automatic,FRONT,Unleaded,7.2,4,4,5,27980
Hyundai,Tucson,2020,SUV,Automatic,FRONT,Unleaded,7.9,4,4,5,30388
Hyundai,Kona,2020,SUV,Automatic,FRONT,Unleaded,6.2,4,4,5,26999
Hyundai,Venue,2020,SUV,Automatic,FRONT,Unleaded,7.2,4,4,5,24999
Hyundai,I30,2020,Hatchback,Manual,OTHER,-,NA,NA,NA,NA,41980
Hyundai,I30,2020,Hatchback,Automatic,FRONT,Unleaded,7.4,4,4,5,22977
Hyundai,Kona,2020,SUV,Automatic,FRONT,Unleaded,6.2,4,4,5,26977
Hyundai,Tucson,2020,SUV,Automatic,FRONT,Unleaded,7.9,4,4,5,26990
Hyundai,Venue,2020,SUV,Automatic,FRONT,Unleaded,7.2,4,4,5,25990
Hyundai,Venue,2021,SUV,Automatic,FRONT,Unleaded,7.2,4,4,5,26990
Hyundai,Santa,2021,SUV,Automatic,AWD,Diesel,6.1,4,4,7,40888
Hyundai,Venue,2021,SUV,Automatic,FRONT,Unleaded,7.2,4,4,5,22990
Hyundai,Staria,2021,Wagon,Automatic,AWD,Diesel,8.2,4,4,8,54888
Hyundai,Sonata,2021,Sedan,Automatic,FRONT,Unleaded,8.1,4,4,5,54950
Hyundai,I30,2021,Sedan,Automatic,FRONT,Premium,8.2,4,4,5,49990
Hyundai,I30,2021,Hatchback,Automatic,FRONT,Unleaded,7.4,4,5,5,28280
Hyundai,Kona,2021,SUV,Automatic,AWD,Unleaded,6.9,4,4,5,38990
Hyundai,Kona,2021,SUV,Automatic,FRONT,Unleaded,6.2,4,4,5,30990
Hyundai,Tucson,2021,SUV,Automatic,AWD,Diesel,6.3,4,4,5,48888
Hyundai,I30,2021,Hatchback,Manual,FRONT,Premium,8.5,4,4,5,55888
Hyundai,I30,2021,Hatchback,Automatic,FRONT,Premium,8.5,4,4,5,65990
Hyundai,I30,2021,Hatchback,Manual,FRONT,Premium,8.5,4,5,5,51800
Hyundai,Ioniq,2021,Hatchback,Automatic,FRONT,Electric,0,0,4,5,42977
Hyundai,Palisade,2021,SUV,Automatic,AWD,Diesel,7.3,4,4,7,72888
Hyundai,Ioniq,2021,SUV,-,AWD,Electric,0,0,4,5,79990
Hyundai,Tucson,2021,SUV,Automatic,AWD,Unleaded,7.2,4,4,5,48990
Hyundai,Kona,2021,SUV,Automatic,FRONT,Unleaded,6.2,4,4,5,26990
Hyundai,I30,2021,Hatchback,Manual,FRONT,Premium,8.5,4,4,5,59800
Hyundai,I30,2021,Hatchback,Automatic,FRONT,Unleaded,7.4,4,4,5,24588
Hyundai,I20,2021,Hatchback,Manual,FRONT,Unleaded,6.9,4,5,5,38369
Hyundai,Kona,2021,SUV,Automatic,AWD,Unleaded,6.9,4,4,5,39989
Hyundai,I30,2021,Hatchback,Automatic,FRONT,Premium,8.5,4,5,5,49990
Hyundai,I30,2021,Hatchback,Automatic,FRONT,Unleaded,7.4,4,5,5,28990
Hyundai,Tucson,2021,SUV,Automatic,FRONT,Unleaded,8.1,4,4,5,34990
Hyundai,Venue,2021,SUV,Automatic,FRONT,Unleaded,7.2,4,4,5,28435
Hyundai,I30,2021,Hatchback,Automatic,FRONT,Unleaded,7.4,4,4,5,27390
Hyundai,Palisade,2021,Wagon,Automatic,OTHER,-,NA,NA,NA,NA,57950
Hyundai,Kona,2021,SUV,Automatic,FRONT,Unleaded,6.2,4,4,5,37900
Hyundai,Venue,2021,SUV,Automatic,FRONT,Unleaded,7.2,4,4,5,25970
Hyundai,I30,2021,Hatchback,Automatic,FRONT,Unleaded,7.4,4,5,5,25990
Hyundai,Sonata,2021,Sedan,Automatic,FRONT,Unleaded,8.1,4,4,5,49990
Hyundai,Kona,2021,SUV,Automatic,FRONT,Electric,0,0,4,5,53821
Hyundai,I20,2021,Hatchback,Manual,FRONT,Unleaded,6.9,4,5,5,30000
Hyundai,Kona,2021,SUV,Automatic,FRONT,Premium,9,4,4,5,47990
Hyundai,Tucson,2021,SUV,Automatic,FRONT,Unleaded,8.1,4,4,5,36888
Hyundai,Santa,2021,SUV,Automatic,FRONT,Unleaded,10.5,6,4,7,58990
Hyundai,Tucson,2021,SUV,Automatic,FRONT,Unleaded,8.1,4,4,5,35990
Hyundai,I30,2021,Hatchback,Automatic,FRONT,Unleaded,7.4,4,5,5,26990
Hyundai,Kona,2021,SUV,Automatic,AWD,Unleaded,6.9,4,4,5,42990
Hyundai,Kona,2021,SUV,Automatic,FRONT,Unleaded,6.2,4,4,5,27998
Hyundai,I30,2021,Sedan,Automatic,FRONT,Premium,8.2,4,4,5,50950
Hyundai,Santa,2021,SUV,Automatic,AWD,Diesel,6.1,4,4,7,47999
Hyundai,Tucson,2021,SUV,Automatic,AWD,Diesel,6.3,4,4,5,52950
Hyundai,I30,2021,Hatchback,Automatic,FRONT,Unleaded,7.4,4,5,5,26390
Hyundai,Staria,2021,Wagon,Automatic,AWD,Diesel,8.2,4,4,8,63632
Hyundai,Kona,2021,SUV,Automatic,FRONT,Electric,0,0,4,5,57990
Hyundai,Kona,2021,SUV,Automatic,FRONT,Unleaded,6.2,4,4,5,27990
Hyundai,Kona,2021,SUV,Automatic,FRONT,Unleaded,6.2,4,4,5,28990
Hyundai,I30,2021,Hatchback,Automatic,FRONT,Unleaded,7.4,4,4,5,27980
Hyundai,Tucson,2021,SUV,Automatic,FRONT,Unleaded,8.1,4,4,5,36990
Hyundai,Santa,2021,SUV,Automatic,AWD,Diesel,6.1,4,4,7,59990
Hyundai,I30,2021,Sedan,Automatic,FRONT,Unleaded,7,4,4,5,28990
Hyundai,Sonata,2021,Sedan,Automatic,FRONT,Unleaded,8.1,4,4,5,47478
Hyundai,I30,2021,Sedan,Manual,FRONT,Premium,8.2,4,4,5,49950
Hyundai,Kona,2021,SUV,Automatic,AWD,Unleaded,6.9,4,4,5,39990
Hyundai,I30,2021,Hatchback,Automatic,FRONT,Unleaded,7.1,4,4,5,31990
Hyundai,Kona,2021,SUV,Automatic,FRONT,Unleaded,6.2,4,4,5,28880
Hyundai,Santa,2021,SUV,Automatic,AWD,Diesel,6.1,4,4,7,44999
Hyundai,Tucson,2021,SUV,Automatic,AWD,Unleaded,7.2,4,4,5,52990
Hyundai,Kona,2021,SUV,Automatic,FRONT,Unleaded,6.2,4,4,5,25990
Hyundai,I30,2021,Hatchback,Automatic,FRONT,Unleaded,7.4,4,4,5,26999
Hyundai,Kona,2021,SUV,Automatic,FRONT,Unleaded,6.2,4,4,5,27580
Hyundai,Kona,2021,SUV,Automatic,FRONT,Electric,0,0,4,5,52977
Hyundai,Tucson,2021,SUV,Automatic,AWD,Diesel,6.3,4,4,5,49990
Hyundai,I30,2021,Hatchback,Automatic,FRONT,Unleaded,NA,NA,NA,NA,23990
Hyundai,I30,2021,Hatchback,Automatic,FRONT,Unleaded,7.4,4,4,5,27999
Hyundai,I30,2021,Hatchback,Automatic,FRONT,Unleaded,7.1,4,4,5,35984
Hyundai,Palisade,2021,SUV,Automatic,AWD,Diesel,7.3,4,4,8,56980
Hyundai,Tucson,2021,SUV,Automatic,AWD,Unleaded,7.2,4,4,5,56990
Hyundai,Palisade,2021,SUV,Automatic,AWD,Diesel,7.3,4,4,7,65990
Hyundai,Tucson,2022,SUV,Automatic,FRONT,Unleaded,8.1,4,4,5,36800
Hyundai,Tucson,2022,SUV,Automatic,FRONT,Unleaded,8.1,4,4,5,58990
Hyundai,I30,2022,Sedan,Manual,FRONT,Premium,8.2,4,4,5,54990
Hyundai,Tucson,2022,SUV,Automatic,FRONT,Unleaded,8.1,4,4,5,36990
Hyundai,I20,2022,Hatchback,Manual,FRONT,Unleaded,6.9,4,5,5,47990
Hyundai,I30,2022,Sedan,Automatic,FRONT,Premium,8.2,4,4,5,54888
Hyundai,Tucson,2022,SUV,Automatic,AWD,Diesel,6.3,4,4,5,54990
Hyundai,I30,2022,Sedan,Automatic,FRONT,Unleaded,6.8,4,4,5,41990
Hyundai,I30,2022,Hatchback,Automatic,FRONT,Unleaded,7.4,4,5,5,26990
Hyundai,I30,2022,Hatchback,Automatic,FRONT,Unleaded,7.4,4,5,5,34880
Hyundai,I30,2022,Hatchback,Manual,FRONT,Premium,8.5,4,5,5,57990
Hyundai,Venue,2022,SUV,Automatic,FRONT,Unleaded,7.2,4,4,5,26990
Hyundai,Tucson,2022,SUV,Automatic,AWD,Diesel,6.3,4,4,5,57888
Hyundai,Palisade,2022,SUV,Automatic,FRONT,Unleaded,10.7,6,4,7,109990
Hyundai,I30,2022,Sedan,Automatic,FRONT,Premium,8.2,4,4,5,54990
Hyundai,Santa,2022,SUV,Automatic,AWD,Diesel,6.1,4,4,7,59071
Hyundai,Sonata,2022,NA,Automatic,FRONT,Unleaded,NA,NA,NA,NA,53990
Hyundai,Santa,2022,SUV,Automatic,AWD,Diesel,6.1,4,4,7,70321
Hyundai,I30,2022,Sedan,Automatic,FRONT,Unleaded,6.8,4,4,5,42705
Hyundai,I30,2022,Hatchback,Automatic,FRONT,Unleaded,7.4,4,5,5,31990
Hyundai,I30,2022,Hatchback,Automatic,FRONT,Unleaded,7.4,4,5,5,27990
Hyundai,Venue,2022,SUV,Automatic,FRONT,Unleaded,7.2,4,4,5,27980
Hyundai,Tucson,2022,SUV,Automatic,FRONT,Unleaded,8.1,4,4,5,50990
Hyundai,Venue,2022,SUV,Automatic,FRONT,Unleaded,7.2,4,4,5,26992
Hyundai,Venue,2022,SUV,Automatic,FRONT,Unleaded,7.2,4,4,5,26880
Hyundai,I30,2022,Sedan,Automatic,FRONT,Premium,8.2,4,4,5,49950
Hyundai,I20,2022,Hatchback,Manual,FRONT,Unleaded,6.9,4,5,5,45790
Hyundai,Kona,2022,SUV,Automatic,FRONT,Premium,9,4,4,5,55998
Hyundai,I30,2022,Sedan,Manual,FRONT,Premium,8.2,4,4,5,44980
Hyundai,Santa,2022,SUV,Automatic,AWD,Diesel,6.1,4,4,7,65880
Hyundai,Kona,2022,SUV,Automatic,FRONT,Premium,9,4,4,5,53490
Hyundai,Santa,2022,SUV,Automatic,AWD,Diesel,6.1,4,4,7,64777
Hyundai,Tucson,2022,SUV,Automatic,AWD,Diesel,6.3,4,4,5,45987
Hyundai,Venue,2022,SUV,Automatic,FRONT,Unleaded,7.2,4,4,5,28942
Hyundai,Venue,2022,SUV,Automatic,FRONT,Unleaded,7.2,4,4,5,28990
Hyundai,Palisade,2022,SUV,Automatic,AWD,Diesel,7.3,4,4,7,68990
Hyundai,I30,2022,Sedan,Automatic,FRONT,Unleaded,7,4,4,5,36990
Hyundai,Kona,2022,SUV,Automatic,AWD,Unleaded,6.9,4,4,5,44990
Hyundai,Santa,2022,SUV,Automatic,AWD,Diesel,6.1,4,4,7,67888
Hyundai,Tucson,2022,SUV,Automatic,AWD,Unleaded,7.2,4,4,5,57895
Hyundai,Santa,2022,SUV,Automatic,AWD,Diesel,6.1,4,4,7,50895
Hyundai,I30,2022,Sedan,Automatic,FRONT,Premium,8.2,4,4,5,49999
Hyundai,Kona,2022,Hatchback,Automatic,FRONT,Electric,NA,NA,NA,NA,63998
Hyundai,Tucson,2022,SUV,Automatic,AWD,Diesel,6.3,4,4,5,52990
Hyundai,Tucson,2022,SUV,Automatic,FRONT,Unleaded,8.1,4,4,5,38790
Hyundai,I30,2022,Hatchback,Automatic,FRONT,Unleaded,7.4,4,5,5,28490
Hyundai,I30,2022,Hatchback,Automatic,FRONT,Premium,8.5,4,5,5,66990
Hyundai,Santa,2022,SUV,Automatic,AWD,Diesel,6.1,4,4,7,71400
Hyundai,Kona,2022,SUV,Automatic,FRONT,Unleaded,6.2,4,4,5,29990
Hyundai,Palisade,2022,SUV,Automatic,AWD,Diesel,7.3,4,4,8,69990
Hyundai,Tucson,2022,SUV,Automatic,AWD,Diesel,6.3,4,4,5,55990
Hyundai,I30,2022,Sedan,Automatic,FRONT,Premium,8.2,4,4,5,51990
Hyundai,Kona,2022,SUV,Automatic,FRONT,Premium,9,4,4,5,50999
Hyundai,I30,2022,Sedan,Automatic,FRONT,Unleaded,7,4,4,5,36350
Hyundai,Kona,2022,SUV,Automatic,AWD,Unleaded,6.9,4,4,5,44998
Hyundai,Tucson,2022,Wagon,Automatic,AWD,Diesel,NA,NA,NA,NA,43999
Hyundai,I30,2022,Sedan,Automatic,FRONT,Unleaded,7,4,4,5,37555
Hyundai,I30,2022,Sedan,Automatic,FRONT,Premium,8.2,4,4,5,55888
Hyundai,Tucson,2022,SUV,Automatic,AWD,Diesel,6.3,4,4,5,53044
Hyundai,Santa,2022,SUV,Automatic,AWD,Diesel,6.1,4,4,7,65863
Hyundai,Venue,2022,SUV,Automatic,FRONT,Unleaded,7.2,4,4,5,32888
Hyundai,Tucson,2022,SUV,Automatic,AWD,Unleaded,7.1,4,4,5,44998
Hyundai,Santa,2022,SUV,Automatic,AWD,Diesel,6.1,4,4,7,52485
Hyundai,Santa,2022,SUV,Automatic,AWD,Diesel,6.1,4,4,7,72635
Hyundai,Kona,2022,SUV,Automatic,FRONT,Electric,0,0,4,5,59360
Hyundai,Palisade,2022,SUV,Automatic,AWD,Diesel,7.3,4,4,8,88225
Hyundai,I30,2023,Hatchback,Automatic,FRONT,Premium,8.5,4,5,5,66990
Hyundai,Palisade,2023,SUV,Automatic,AWD,Diesel,7.3,4,4,8,76586
Hyundai,Santa,2023,SUV,Automatic,AWD,Diesel,6.1,4,4,7,71897
Hyundai,Venue,2023,SUV,Manual,FRONT,Unleaded,7,4,4,5,25990
Hyundai,Kona,2023,SUV,Automatic,FRONT,Premium,9,4,4,5,51490
Hyundai,Santa,2023,SUV,Automatic,FRONT,Unleaded,10.5,6,4,7,62282
Hyundai,Kona,2023,SUV,Automatic,FRONT,Premium,9,4,4,5,54993
Hyundai,I30,2023,Sedan,Automatic,FRONT,Premium,8.2,4,4,5,54573
Hyundai,Santa,2023,SUV,Automatic,AWD,Diesel,6.1,4,4,7,58231
Hyundai,Tucson,2023,SUV,Automatic,AWD,Unleaded,7.1,4,4,5,48697
Hyundai,Palisade,2023,SUV,Automatic,AWD,Diesel,7.3,4,4,7,86733
Hyundai,I30,2023,Hatchback,Automatic,FRONT,Unleaded,NA,NA,NA,NA,36883
Hyundai,Sonata,2023,Sedan,Automatic,FRONT,Unleaded,8.1,4,4,5,56495
Hyundai,Venue,2023,SUV,Automatic,FRONT,Unleaded,7.2,4,4,5,32835
Hyundai,Tucson,2023,SUV,Automatic,AWD,Unleaded,7.2,4,4,5,50703
Hyundai,I30,2023,Hatchback,Manual,FRONT,Unleaded,NA,NA,NA,NA,25990
Hyundai,Palisade,2023,SUV,Automatic,AWD,Diesel,7.3,4,4,7,79900
Hyundai,Kona,2023,SUV,Automatic,FRONT,Unleaded,6.2,4,4,5,28500
Hyundai,Kona,2023,SUV,Automatic,FRONT,Unleaded,6.2,4,4,5,31900
Hyundai,I30,2023,Sedan,Manual,FRONT,Unleaded,7.5,4,4,5,32000
Hyundai,I30,2023,Hatchback,Automatic,FRONT,-,7.1,4,5,5,32500
Hyundai,Tucson,2023,SUV,Automatic,AWD,Diesel,6.3,4,4,5,48650
Hyundai,Venue,2023,SUV,Automatic,FRONT,Unleaded,7.2,4,4,5,28750
Hyundai,Staria,2023,Wagon,Automatic,FRONT,Unleaded,10.5,6,4,8,57000
Hyundai,I30,2023,Sedan,Manual,FRONT,Premium,8.2,4,4,5,50200
Hyundai,I30,2023,Hatchback,Automatic,FRONT,Premium,8.5,4,5,5,53980
Hyundai,Trucks,2023,Ute/Pickup,Automatic,REAR,Diesel,0,4,2,3,55394
Hyundai,Trucks,2023,Ute/Pickup,Automatic,REAR,Diesel,0,4,2,3,61524
Hyundai,Trucks,2023,Other,Manual,REAR,Diesel,0,4,2,3,68544
Hyundai,Trucks,2023,Ute/Pickup,Automatic,REAR,Diesel,0,4,2,3,63205
Hyundai,Trucks,2023,Ute/Pickup,Manual,REAR,Diesel,0,4,2,3,57155
Hyundai,Trucks,2023,Ute/Pickup,Manual,REAR,Diesel,0,4,2,3,58596
Hyundai,Tucson,2023,SUV,Automatic,AWD,Diesel,6.3,4,4,5,46150
Hyundai,Tucson,2023,SUV,Automatic,FRONT,Unleaded,8.1,4,4,5,47150
Hyundai,Staria,2023,Commercial,Automatic,FRONT,Diesel,7,4,5,2,51240
Hyundai,Tucson,2023,SUV,Automatic,AWD,Diesel,6.3,4,4,5,53150
Hyundai,Palisade,2023,SUV,Automatic,AWD,Diesel,7.3,4,4,8,75533
Hyundai,Trucks,2023,Ute/Pickup,Automatic,REAR,Diesel,0,4,2,3,70232
Hyundai,Trucks,2023,Other,Automatic,REAR,Diesel,0,4,2,3,74594
Hyundai,Venue,2023,SUV,Automatic,FRONT,Unleaded,7.2,4,4,5,27790
Hyundai,Tucson,2023,SUV,Automatic,FRONT,Unleaded,8.1,4,4,5,44454
Hyundai,Santa,2023,SUV,Automatic,AWD,Diesel,6.1,4,4,7,66173
Hyundai,Tucson,2023,SUV,Automatic,AWD,Unleaded,7.1,4,4,5,47950
Hyundai,Santa,2023,SUV,Automatic,AWD,Diesel,6.1,4,4,7,57350
Hyundai,Palisade,2023,SUV,Automatic,AWD,Diesel,7.3,4,4,7,76350
Hyundai,Tucson,2023,SUV,Automatic,FRONT,Unleaded,8.1,4,4,5,52200
Hyundai,Santa,2023,SUV,Automatic,AWD,Diesel,6.1,4,4,7,65750
Hyundai,Tucson,2023,SUV,Automatic,FRONT,Unleaded,8.1,4,4,5,37490
Hyundai,Tucson,2023,SUV,Automatic,FRONT,Unleaded,8.1,4,4,5,41990
Hyundai,Santa,2023,SUV,Automatic,OTHER,Diesel,NA,NA,NA,NA,58490
Hyundai,Kona,2023,Wagon,Automatic,FRONT,Unleaded,NA,NA,NA,NA,44771
Hyundai,Santa,2023,SUV,Automatic,AWD,Hybrid,6,4,4,7,75893
Hyundai,I30,2023,Hatchback,Automatic,FRONT,Unleaded,NA,NA,NA,NA,36361
Hyundai,I30,2023,Sedan,Automatic,FRONT,Premium,8.2,4,4,5,57265
Hyundai,Tucson,2023,SUV,Automatic,FRONT,Unleaded,8.1,4,4,5,47744
Hyundai,Kona,2023,SUV,Automatic,AWD,Unleaded,6.9,4,4,5,46027
Hyundai,Venue,2023,SUV,Automatic,FRONT,Unleaded,7.2,4,4,5,32998
Hyundai,Tucson,2023,SUV,Automatic,FRONT,Unleaded,8.1,4,4,5,44360
Hyundai,Kona,2023,SUV,Automatic,FRONT,Premium,9,4,4,5,57600
Ineos,Grenadier,2023,SUV,Automatic,4WD,Unleaded,12.6,6,4,5,109525
Ineos,Grenadier,2023,SUV,Automatic,4WD,Diesel,10.5,6,4,5,109525
Ineos,Grenadier,2023,SUV,Automatic,4WD,Unleaded,12.6,6,4,2,108525
Infiniti,Q50,2014,Sedan,Automatic,REAR,Diesel,5.2,4,4,5,21990
Infiniti,Q50,2015,Sedan,Automatic,REAR,Diesel,5.2,4,4,5,24990
Infiniti,Q60,2018,Coupe,Automatic,REAR,Premium,10.5,6,2,4,39990
International,Prostar,2023,Commercial,Manual,REAR,Diesel,0,6,2,NA,314600
Isuzu,D-Max,2014,Ute/Pickup,Manual,4WD,Diesel,8.3,4,2,4,23910
Isuzu,D-Max,2014,Ute/Pickup,Manual,4WD,Diesel,8.2,4,4,5,20000
Isuzu,Mu-X,2014,SUV,Automatic,4WD,Diesel,8.4,4,4,7,21970
Isuzu,Mu-X,2014,SUV,Automatic,4WD,Diesel,8.4,4,4,7,36988
Isuzu,D-Max,2014,Ute/Pickup,Automatic,4WD,Diesel,8.1,4,2,4,37999
Isuzu,Mu-X,2014,SUV,Automatic,4WD,Diesel,8.4,4,4,7,32999
Isuzu,Mu-X,2014,SUV,Automatic,4WD,Diesel,8.4,4,4,7,32990
Isuzu,D-Max,2015,Ute/Pickup,Automatic,4WD,Diesel,8.1,4,4,5,26990
Isuzu,Mu-X,2015,SUV,Automatic,4WD,Diesel,8.4,4,4,7,39990
Isuzu,D-Max,2015,Ute/Pickup,Automatic,REAR,Diesel,8.1,4,4,5,34990
Isuzu,D-Max,2015,Ute/Pickup,Automatic,4WD,Diesel,8.1,4,2,4,29800
Isuzu,D-Max,2015,Ute/Pickup,Automatic,4WD,Diesel,8.1,4,4,5,44580
Isuzu,D-Max,2015,Ute/Pickup,Automatic,4WD,Diesel,8.1,4,4,5,27913
Isuzu,Mu-X,2015,SUV,Automatic,4WD,Diesel,8.4,4,4,7,26975
Isuzu,Mu-X,2015,SUV,Automatic,4WD,Diesel,8.4,4,4,7,35950
Isuzu,D-Max,2015,Ute/Pickup,Automatic,4WD,Diesel,8.1,4,4,5,31990
Isuzu,D-Max,2015,Ute/Pickup,Manual,4WD,Diesel,8.3,4,2,4,24990
Isuzu,D-Max,2015,Ute/Pickup,Automatic,REAR,Diesel,7.9,4,4,5,27888
Isuzu,Mu-X,2015,SUV,Automatic,REAR,Diesel,8.2,4,4,7,33880
Isuzu,D-Max,2015,Ute/Pickup,Automatic,REAR,Diesel,8,4,4,5,16500
Isuzu,D-Max,2015,Ute/Pickup,Automatic,OTHER,-,NA,NA,NA,NA,32990
Isuzu,D-Max,2015,Ute/Pickup,Manual,OTHER,-,NA,NA,NA,NA,23990
Isuzu,D-Max,2016,Ute/Pickup,Automatic,4WD,Diesel,8.1,4,2,4,21990
Isuzu,D-Max,2016,Ute/Pickup,Automatic,OTHER,Diesel,NA,NA,NA,NA,32950
Isuzu,D-Max,2016,Ute/Pickup,Manual,REAR,Diesel,8,4,2,2,31888
Isuzu,D-Max,2016,Ute/Pickup,Automatic,REAR,Diesel,8,4,4,5,32990
Isuzu,D-Max,2016,Ute/Pickup,Manual,4WD,Diesel,8.2,4,4,5,25950
Isuzu,D-Max,2016,Ute/Pickup,Automatic,REAR,Diesel,7.9,4,4,5,23888
Isuzu,D-Max,2016,Ute/Pickup,Automatic,REAR,Diesel,7.9,4,2,2,30888
Isuzu,D-Max,2016,Ute/Pickup,Automatic,REAR,Diesel,7.9,4,4,5,29990
Isuzu,D-Max,2016,Ute/Pickup,Automatic,4WD,Diesel,8.1,4,2,2,32990
Isuzu,D-Max,2016,Ute/Pickup,Automatic,4WD,Diesel,8.1,4,2,4,34950
Isuzu,D-Max,2016,Ute/Pickup,Automatic,REAR,Diesel,8.1,4,4,5,19990
Isuzu,D-Max,2016,Ute/Pickup,Automatic,REAR,Diesel,7.9,4,4,5,21995
Isuzu,Mu-X,2016,Wagon,Automatic,REAR,Diesel,NA,NA,NA,NA,35888
Isuzu,Mu-X,2016,SUV,Automatic,4WD,Diesel,8.3,4,4,7,41990
Isuzu,D-Max,2016,Ute/Pickup,Automatic,4WD,Diesel,8.1,4,4,5,35995
Isuzu,D-Max,2016,Ute/Pickup,Manual,4WD,Diesel,8.2,4,2,4,33995
Isuzu,Mu-X,2016,SUV,Automatic,REAR,Diesel,8.4,4,4,7,29991
Isuzu,D-Max,2016,Ute/Pickup,Automatic,REAR,Diesel,8,4,4,5,31980
Isuzu,D-Max,2016,Ute/Pickup,Manual,4WD,Diesel,8.2,4,2,4,41980
Isuzu,D-Max,2016,Ute/Pickup,Manual,4WD,Diesel,8.2,4,2,4,37980
Isuzu,D-Max,2016,Ute/Pickup,Automatic,4WD,Diesel,8.1,4,4,5,37450
Isuzu,Mu-X,2016,SUV,Automatic,4WD,Diesel,8.4,4,4,7,38990
Isuzu,Mu-X,2016,Wagon,Automatic,OTHER,Diesel,NA,NA,NA,NA,37990
Isuzu,D-Max,2016,Ute/Pickup,Automatic,4WD,Diesel,8.1,4,4,5,40999
Isuzu,D-Max,2016,Ute/Pickup,Automatic,4WD,Diesel,8.1,4,4,5,39990
Isuzu,Mu-X,2016,SUV,Automatic,4WD,Diesel,8.3,4,4,7,36980
Isuzu,D-Max,2016,Ute/Pickup,Automatic,4WD,Diesel,8.1,4,4,5,45994
Isuzu,D-Max,2016,Ute/Pickup,Manual,4WD,Diesel,8.3,4,4,5,40990
Isuzu,D-Max,2016,Ute/Pickup,Automatic,4WD,Diesel,8.1,4,4,5,38990
Isuzu,D-Max,2016,Ute/Pickup,Manual,4WD,Diesel,8.2,4,2,4,29990
Isuzu,D-Max,2016,Ute/Pickup,Automatic,4WD,Diesel,8.1,4,2,2,30990
Isuzu,D-Max,2017,Ute/Pickup,Automatic,4WD,Diesel,7.7,4,4,5,28999
Isuzu,D-Max,2017,Ute/Pickup,Manual,REAR,Diesel,7.4,4,4,5,35888
Isuzu,D-Max,2017,Ute/Pickup,Automatic,REAR,Diesel,7.5,4,2,2,25950
Isuzu,D-Max,2017,Ute/Pickup,Automatic,REAR,Diesel,7.5,4,2,2,23999
Isuzu,D-Max,2017,Ute/Pickup,Manual,REAR,Diesel,7.2,4,2,2,27888
Isuzu,D-Max,2017,Ute/Pickup,Automatic,REAR,Diesel,7.5,4,2,2,19800
Isuzu,D-Max,2017,Ute/Pickup,Automatic,4WD,Diesel,7.9,4,4,5,39380
Isuzu,Mu-X,2017,SUV,Automatic,4WD,Diesel,8.1,4,4,7,45990
Isuzu,Mu-X,2017,SUV,Automatic,FRONT,Diesel,8,4,4,7,34990
Isuzu,Mu-X,2017,SUV,Automatic,4WD,Diesel,8.1,4,4,7,44995
Isuzu,Mu-X,2017,SUV,Automatic,4WD,Diesel,7.9,4,4,7,36990
Isuzu,D-Max,2017,Ute/Pickup,Automatic,4WD,Diesel,7.9,4,4,5,44888
Isuzu,D-Max,2017,Ute/Pickup,Automatic,REAR,Diesel,7.5,4,2,2,23950
Isuzu,D-Max,2017,Ute/Pickup,Manual,4WD,Diesel,7.8,4,4,5,36888
Isuzu,D-Max,2017,Ute/Pickup,Automatic,4WD,Diesel,7.7,4,4,5,46990
Isuzu,D-Max,2017,Ute/Pickup,Automatic,4WD,Diesel,7.7,4,4,5,29990
Isuzu,D-Max,2017,Ute/Pickup,Automatic,4WD,Diesel,7.7,4,4,5,40990
Isuzu,D-Max,2017,Ute/Pickup,Automatic,4WD,Diesel,7.9,4,4,5,34990
Isuzu,Mu-X,2017,SUV,Automatic,4WD,Diesel,7.9,4,4,7,54995
Isuzu,Mu-X,2017,SUV,Automatic,FRONT,Diesel,8.1,4,4,7,33988
Isuzu,D-Max,2017,Ute/Pickup,Automatic,REAR,Diesel,7.5,4,2,4,26998
Isuzu,Mu-X,2017,SUV,Automatic,REAR,Diesel,8.1,4,4,7,40990
Isuzu,Mu-X,2017,SUV,Automatic,4WD,Diesel,7.9,4,4,7,51984
Isuzu,Mu-X,2017,SUV,Automatic,4WD,Diesel,7.9,4,4,7,44951
Isuzu,D-Max,2017,Ute/Pickup,Automatic,REAR,Diesel,7.5,4,2,4,33990
Isuzu,Mu-X,2017,SUV,Automatic,FRONT,Diesel,8.1,4,4,7,38888
Isuzu,Mu-X,2018,SUV,Automatic,FRONT,Diesel,8.1,4,4,7,39880
Isuzu,D-Max,2018,Ute/Pickup,Automatic,REAR,Diesel,7.5,4,2,2,17800
Isuzu,D-Max,2018,Ute/Pickup,Automatic,4WD,Diesel,7.9,4,4,5,39990
Isuzu,D-Max,2018,Ute/Pickup,Automatic,4WD,Diesel,7.9,4,4,5,49975
Isuzu,Mu-X,2018,SUV,Automatic,4WD,Diesel,7.9,4,4,7,36880
Isuzu,Mu-X,2018,SUV,Automatic,4WD,Diesel,7.9,4,4,7,47990
Isuzu,Mu-X,2018,SUV,Automatic,FRONT,Diesel,8,4,4,7,36990
Isuzu,D-Max,2018,Ute/Pickup,Automatic,REAR,Diesel,7.7,4,4,5,19888
Isuzu,D-Max,2018,Ute/Pickup,Automatic,4WD,Diesel,7.7,4,2,4,42995
Isuzu,Mu-X,2018,SUV,Automatic,FRONT,Diesel,8,4,4,7,34990
Isuzu,D-Max,2018,Ute/Pickup,Automatic,REAR,Diesel,7.7,4,4,5,38990
Isuzu,Mu-X,2018,SUV,Automatic,FRONT,Diesel,8.1,4,4,7,33990
Isuzu,D-Max,2018,Ute/Pickup,Manual,4WD,Diesel,8.1,4,4,5,40888
Isuzu,D-Max,2018,Ute/Pickup,Manual,4WD,Diesel,7.8,4,2,2,37990
Isuzu,Mu-X,2018,SUV,Automatic,4WD,Diesel,8.1,4,4,7,41990
Isuzu,Mu-X,2018,SUV,Automatic,4WD,Diesel,7.9,4,4,7,48858
Isuzu,D-Max,2018,Ute/Pickup,Automatic,REAR,Diesel,7.7,4,4,5,33980
Isuzu,D-Max,2018,Ute/Pickup,Automatic,4WD,Diesel,7.7,4,2,2,39980
Isuzu,Mu-X,2018,SUV,Automatic,FRONT,Diesel,8,4,4,7,32990
Isuzu,D-Max,2018,Ute/Pickup,Manual,4WD,Diesel,7.8,4,4,5,34990
Isuzu,D-Max,2018,Ute/Pickup,Automatic,4WD,Diesel,7.9,4,4,5,34990
Isuzu,D-Max,2018,Ute/Pickup,Manual,REAR,Diesel,7.2,4,2,2,26990
Isuzu,D-Max,2018,Ute/Pickup,Automatic,4WD,Diesel,7.9,4,4,5,49990
Isuzu,D-Max,2018,Ute/Pickup,Automatic,REAR,Diesel,7.7,4,4,5,37990
Isuzu,Mu-X,2018,SUV,Automatic,4WD,Diesel,7.9,4,4,7,52990
Isuzu,D-Max,2018,Ute/Pickup,Automatic,4WD,Diesel,7.7,4,4,5,45888
Isuzu,D-Max,2018,Ute/Pickup,Automatic,4WD,Diesel,7.7,4,4,5,44990
Isuzu,D-Max,2018,Ute/Pickup,Automatic,REAR,Diesel,7.7,4,4,5,42499
Isuzu,D-Max,2018,Ute/Pickup,Automatic,4WD,Diesel,7.9,4,4,5,39380
Isuzu,D-Max,2018,Ute/Pickup,Automatic,REAR,Diesel,7.7,4,4,5,44990
Isuzu,D-Max,2018,Ute/Pickup,Automatic,REAR,Diesel,7.5,4,2,2,23990
Isuzu,D-Max,2019,Ute/Pickup,Automatic,REAR,Diesel,7.7,4,4,5,33940
Isuzu,Mu-X,2019,SUV,Automatic,FRONT,Diesel,8,4,4,7,36999
Isuzu,D-Max,2019,Ute/Pickup,Automatic,4WD,Diesel,7.9,4,4,5,34880
Isuzu,Mu-X,2019,SUV,Automatic,4WD,Diesel,8.1,4,4,7,42950
Isuzu,D-Max,2019,Ute/Pickup,Automatic,4WD,Diesel,7.7,4,4,5,41800
Isuzu,Mu-X,2019,SUV,Automatic,4WD,Diesel,8.1,4,4,7,47990
Isuzu,D-Max,2019,Ute/Pickup,Automatic,REAR,Diesel,7.5,4,2,4,35990
Isuzu,D-Max,2019,Ute/Pickup,Automatic,4WD,Diesel,7.9,4,4,5,39975
Isuzu,D-Max,2019,Ute/Pickup,Automatic,REAR,Diesel,7.7,4,4,5,29999
Isuzu,D-Max,2019,Ute/Pickup,Automatic,REAR,Diesel,7.5,4,2,4,35970
Isuzu,Mu-X,2019,SUV,Automatic,FRONT,Diesel,8.1,4,4,7,34990
Isuzu,Mu-X,2019,SUV,Automatic,FRONT,Diesel,8,4,4,7,36960
Isuzu,Mu-X,2019,SUV,Automatic,4WD,Diesel,7.9,4,4,7,51988
Isuzu,D-Max,2019,Ute/Pickup,Automatic,4WD,Diesel,7.9,4,4,5,44990
Isuzu,Mu-X,2019,SUV,Automatic,4WD,Diesel,7.9,4,4,7,52988
Isuzu,D-Max,2019,Ute/Pickup,Manual,4WD,Diesel,8.1,4,4,5,48990
Isuzu,D-Max,2020,Ute/Pickup,Automatic,REAR,Diesel,7.7,4,4,5,36999
Isuzu,D-Max,2020,Ute/Pickup,Automatic,4WD,Diesel,8,4,4,5,49950
Isuzu,D-Max,2020,Ute/Pickup,Automatic,4WD,Diesel,8,4,4,5,54990
Isuzu,Mu-X,2020,SUV,Automatic,4WD,Diesel,7.9,4,4,7,51900
Isuzu,D-Max,2020,Ute/Pickup,Automatic,4WD,Diesel,8,4,4,5,59990
Isuzu,Mu-X,2020,SUV,Automatic,4WD,Diesel,7.9,4,4,7,61990
Isuzu,Mu-X,2020,SUV,Automatic,4WD,Diesel,7.9,4,4,7,57885
Isuzu,D-Max,2020,Ute/Pickup,Automatic,4WD,Diesel,7.9,4,4,5,58990
Isuzu,Mu-X,2021,SUV,Automatic,4WD,Diesel,8.3,4,4,7,62990
Isuzu,D-Max,2021,Ute/Pickup,Automatic,4WD,Diesel,8,4,4,5,59990
Isuzu,D-Max,2021,Ute/Pickup,Automatic,4WD,Diesel,8,4,4,5,51888
Isuzu,Mu-X,2021,SUV,Automatic,4WD,Diesel,8.3,4,4,7,67188
Isuzu,Mu-X,2021,SUV,Automatic,4WD,Diesel,8.3,4,4,7,66388
Isuzu,D-Max,2021,Ute/Pickup,Automatic,4WD,Diesel,8,4,4,5,57990
Isuzu,Mu-X,2021,SUV,Automatic,FRONT,Diesel,8,4,4,7,44990
Isuzu,D-Max,2021,Ute/Pickup,Automatic,4WD,Diesel,8,4,4,5,64990
Isuzu,D-Max,2021,Ute/Pickup,Automatic,4WD,Diesel,8,4,4,5,58990
Isuzu,D-Max,2021,Ute/Pickup,Automatic,REAR,Diesel,8,4,2,2,39990
Isuzu,D-Max,2021,Ute/Pickup,Automatic,4WD,Diesel,8,4,4,5,67990
Isuzu,D-Max,2021,Ute/Pickup,Automatic,REAR,Diesel,7.7,4,4,5,48888
Isuzu,D-Max,2021,Ute/Pickup,Automatic,FRONT,Diesel,7,4,2,2,38888
Isuzu,D-Max,2021,Ute/Pickup,Automatic,4WD,Diesel,8,4,2,2,56998
Isuzu,D-Max,2021,Ute/Pickup,Manual,REAR,Diesel,8,4,2,2,35900
Isuzu,Mu-X,2022,SUV,Automatic,4WD,Diesel,8.3,4,4,7,69990
Isuzu,Mu-X,2022,SUV,Automatic,4WD,Diesel,8.3,4,4,7,49999
Isuzu,D-Max,2022,Ute/Pickup,Automatic,4WD,Diesel,8,4,4,5,67990
Isuzu,D-Max,2022,Ute/Pickup,Automatic,4WD,Diesel,8,4,4,5,74990
Isuzu,Mu-X,2022,SUV,Automatic,4WD,Diesel,8.3,4,4,7,70610
Isuzu,Mu-X,2022,SUV,Automatic,FRONT,Diesel,7.8,4,4,7,53990
Isuzu,D-Max,2022,Ute/Pickup,Manual,4WD,Diesel,8,4,4,5,62811
Isuzu,D-Max,2022,Ute/Pickup,Automatic,4WD,Diesel,7.7,4,4,5,69578
Isuzu,D-Max,2022,Ute/Pickup,Automatic,4WD,Diesel,7.7,4,4,5,69988
Isuzu,Mu-X,2022,SUV,Automatic,FRONT,Diesel,7.8,4,4,7,59990
Isuzu,D-Max,2023,Ute/Pickup,Automatic,4WD,Diesel,8,4,4,5,65640
Isuzu,D-Max,2023,Ute/Pickup,Automatic,OTHER,Diesel,NA,NA,NA,NA,60890
Isuzu,Mu-X,2023,SUV,Automatic,4WD,Diesel,8.3,4,4,7,75890
Isuzu,Mu-X,2023,SUV,Automatic,4WD,Diesel,8.3,4,4,7,66640
Isuzu,D-Max,2023,Ute/Pickup,Automatic,4WD,Diesel,8,4,4,5,57599
Isuzu,D-Max,2023,Ute/Pickup,Automatic,4WD,Diesel,8,4,4,5,58483
Isuzu,D-Max,2023,Ute/Pickup,Automatic,FRONT,Diesel,8,4,4,5,52389
Isuzu,Mu-X,2023,SUV,Automatic,4WD,Diesel,8.3,4,4,7,74950
Isuzu,D-Max,2023,Ute/Pickup,Automatic,4WD,Diesel,8,4,4,5,55999
Isuzu,Fts,2023,Ute/Pickup,Automatic,4WD,Diesel,0,6,2,3,210992
Isuzu,Nls,2023,Ute/Pickup,Manual,AWD,Diesel,0,4,2,7,63948
Isuzu,D-Max,2023,Ute/Pickup,Automatic,4WD,Diesel,8,4,4,5,58000
Isuzu,Fyj,2023,Ute/Pickup,Manual,REAR,Diesel,0,6,2,3,240754
Isuzu,Fsr,2023,Ute/Pickup,Automatic,REAR,Diesel,0,6,2,3,184564
Isuzu,Nnr,2023,Ute/Pickup,Manual,REAR,Diesel,0,4,4,7,71720
Isuzu,Nnr,2023,Ute/Pickup,Automatic,REAR,Diesel,0,4,2,3,66325
Isuzu,Nlr,2023,Ute/Pickup,Manual,REAR,Diesel,0,4,2,3,60846
Isuzu,Nlr,2023,Other,Automatic,REAR,Diesel,0,4,2,3,71401
Isuzu,Nmr,2023,Other,Manual,REAR,Diesel,0,4,2,3,71561
Isuzu,Nlr,2023,Ute/Pickup,Automatic,REAR,Diesel,0,4,2,3,58023
Isuzu,Nnr,2023,Ute/Pickup,Automatic,REAR,Diesel,0,4,2,3,62779
Isuzu,D-Max,2023,Ute/Pickup,Automatic,FRONT,Diesel,8,4,4,2,39700
Isuzu,Fsr,2023,Ute/Pickup,Automatic,REAR,Diesel,0,4,2,3,140605
Isuzu,D-Max,2023,Ute/Pickup,Automatic,4WD,Diesel,8,4,4,5,59500
Isuzu,Fvd,2023,Ute/Pickup,Automatic,REAR,Diesel,0,6,4,7,221527
Isuzu,Fyx,2023,Ute/Pickup,Automatic,REAR,Diesel,0,6,2,3,293131
Isuzu,Fvd,2023,Ute/Pickup,Automatic,REAR,Diesel,0,6,2,3,197239
Isuzu,Fsr,2023,Ute/Pickup,Manual,REAR,Diesel,0,6,2,3,138457
Isuzu,Fvl,2023,Ute/Pickup,Manual,REAR,Diesel,0,6,2,3,195100
Isuzu,Nqr,2023,Commercial,Automatic,REAR,Diesel,0,4,2,3,103983
Isuzu,Nls,2023,Other,Manual,AWD,Diesel,0,4,2,3,77061
Isuzu,Frd,2023,Ute/Pickup,Automatic,REAR,Diesel,0,4,2,3,120641
Isuzu,Npr,2023,Ute/Pickup,Manual,REAR,Diesel,0,4,4,7,82238
Isuzu,Nmr,2023,Other,Manual,REAR,Diesel,0,4,2,3,74874
Isuzu,Npr,2023,Ute/Pickup,Manual,REAR,Diesel,0,4,2,3,78488
Isuzu,Frr,2023,Ute/Pickup,Automatic,REAR,Diesel,0,6,2,3,131088
Isuzu,Nqr,2023,Commercial,Manual,REAR,Diesel,0,4,2,3,87389
Isuzu,D-Max,2023,Ute/Pickup,Automatic,4WD,Diesel,8,4,4,5,53800
Isuzu,Frr,2023,Ute/Pickup,Manual,REAR,Diesel,0,6,2,3,118387
Isuzu,Frr,2023,Ute/Pickup,Manual,REAR,Diesel,0,6,2,3,120188
Isuzu,D-Max,2023,Ute/Pickup,Automatic,FRONT,Diesel,8,4,4,5,53000
Isuzu,Frr,2023,Ute/Pickup,Automatic,REAR,Diesel,0,4,2,3,114461
Isuzu,Frr,2023,Ute/Pickup,Manual,REAR,Diesel,0,4,2,3,108461
Iveco,Daily,2019,Commercial,Automatic,REAR,Diesel,0,4,2,3,26950
Iveco,Daily,2019,Commercial,Automatic,REAR,Diesel,NA,NA,NA,NA,46980
Iveco,Daily,2022,Ute/Pickup,Automatic,OTHER,Diesel,NA,NA,NA,NA,86760
Iveco,Stralis,2023,Commercial,Automatic,REAR,Diesel,0,6,2,2,197482
Iveco,Stralis,2023,Commercial,Automatic,REAR,Diesel,0,6,2,2,272260
Iveco,Stralis,2023,Commercial,Automatic,REAR,Diesel,0,6,2,2,273518
Iveco,Stralis,2023,Commercial,Automatic,REAR,Diesel,0,6,2,2,323132
Iveco,Stralis,2023,Commercial,Automatic,REAR,Diesel,0,6,2,2,274436
Iveco,Stralis,2023,Commercial,Automatic,REAR,Diesel,0,6,2,2,329475
Iveco,Stralis,2023,Commercial,Automatic,REAR,Diesel,0,6,2,2,316787
Iveco,Eurocargo,2023,Commercial,Automatic,REAR,Diesel,0,6,2,NA,140730
Iveco,Eurocargo,2023,Commercial,Automatic,REAR,Diesel,0,6,2,NA,159471
Iveco,Daily,2023,Commercial,Automatic,REAR,Diesel,0,4,3,3,86697
Iveco,Daily,2023,Ute/Pickup,Automatic,REAR,Diesel,0,4,4,6,79514
Iveco,Daily,2023,Ute/Pickup,Manual,REAR,Diesel,0,4,2,3,65614
Iveco,Daily,2023,Ute/Pickup,Manual,REAR,Diesel,0,4,4,6,82609
Iveco,Daily,2023,Ute/Pickup,Manual,REAR,Diesel,0,4,2,3,76539
Iveco,Stralis,2023,Commercial,Automatic,REAR,Diesel,0,6,2,2,315744
Iveco,Stralis,2023,Commercial,Automatic,REAR,Diesel,0,6,2,2,320467
Iveco,Stralis,2023,Commercial,Automatic,REAR,Diesel,0,6,2,2,329248
Iveco,Stralis,2023,Commercial,Automatic,REAR,Diesel,0,6,2,2,332626
Iveco,Stralis,2023,Commercial,Automatic,REAR,Diesel,0,6,2,2,309853
Iveco,Eurocargo,2023,Commercial,Automatic,REAR,Diesel,0,6,2,NA,155071
Iveco,Eurocargo,2023,Commercial,Automatic,REAR,Diesel,0,6,2,NA,148566
Iveco,Eurocargo,2023,Commercial,Manual,REAR,Diesel,0,6,2,NA,152028
Iveco,Daily,2023,Commercial,Automatic,REAR,Diesel,0,4,3,3,90883
Iveco,Daily,2023,Commercial,Manual,REAR,Diesel,0,4,3,3,90504
Iveco,Daily,2023,Commercial,Manual,REAR,Diesel,0,4,3,3,90640
Iveco,Daily,2023,Commercial,Automatic,REAR,Diesel,0,4,3,3,64303
Iveco,Daily,2023,Commercial,Manual,REAR,Diesel,0,4,3,3,59738
Iveco,Daily,2023,Commercial,Automatic,REAR,Diesel,0,4,3,3,78252
Iveco,Daily,2023,Ute/Pickup,Automatic,REAR,Diesel,0,4,2,3,71559
Iveco,Daily,2023,Commercial,Manual,REAR,Diesel,0,4,3,3,70202
Iveco,Daily,2023,Ute/Pickup,Automatic,REAR,Diesel,0,4,4,6,75789
Iveco,Daily,2023,Ute/Pickup,Automatic,REAR,Diesel,0,4,2,3,83909
Iveco,Daily,2023,Ute/Pickup,Automatic,REAR,Diesel,0,4,4,6,86714
Jaguar,Xf,2014,Sedan,Automatic,REAR,Diesel,5.2,4,4,5,29800
Jaguar,Xf,2014,Sedan,Automatic,REAR,Diesel,6,6,4,5,31950
Jaguar,Xkr,2014,Coupe,Automatic,REAR,Premium,12.3,8,2,4,105990
Jaguar,F-Type,2014,Coupe,Automatic,REAR,Premium,8.8,6,2,2,89990
Jaguar,Xf,2015,Sedan,Automatic,REAR,Premium,8.1,4,4,5,35990
Jaguar,F-Type,2015,Coupe,Automatic,REAR,Premium,8.8,6,2,2,99990
Jaguar,F-Pace,2016,SUV,Automatic,AWD,Diesel,5.3,4,4,5,32990
Jaguar,Xe,2016,Sedan,Automatic,REAR,Premium,7.5,4,4,5,33988
Jaguar,F-Pace,2016,SUV,Automatic,AWD,Diesel,6,6,4,5,49900
Jaguar,F-Pace,2016,SUV,Automatic,AWD,Premium,8.9,6,4,5,53990
Jaguar,Xe,2016,Sedan,Automatic,REAR,Premium,7.5,4,4,5,36990
Jaguar,F-Pace,2017,SUV,Automatic,AWD,Diesel,5.3,4,4,5,39880
Jaguar,E-Pace,2017,SUV,Automatic,AWD,Diesel,5.6,4,4,5,47888
Jaguar,F-Type,2017,Coupe,Automatic,REAR,Premium,8.4,6,2,2,109950
Jaguar,F-Pace,2017,SUV,Automatic,AWD,Premium,8.9,6,4,5,62950
Jaguar,F-Pace,2017,SUV,Automatic,AWD,Diesel,5.3,4,4,5,38995
Jaguar,Xf,2017,Sedan,Automatic,REAR,Premium,7.5,4,4,5,42980
Jaguar,F-Pace,2017,SUV,Automatic,AWD,Diesel,5.3,4,4,5,44990
Jaguar,Xe,2017,Sedan,Automatic,REAR,Premium,6.3,4,4,5,28888
Jaguar,F-Pace,2017,SUV,Automatic,REAR,Diesel,5.1,4,4,5,47500
Jaguar,E-Pace,2018,SUV,Automatic,AWD,Diesel,5.6,4,4,5,49888
Jaguar,E-Pace,2018,SUV,Automatic,AWD,Diesel,5.6,4,4,5,36100
Jaguar,E-Pace,2018,SUV,Automatic,AWD,Diesel,5.6,4,4,5,42000
Jaguar,Xe,2018,Sedan,Automatic,REAR,Premium,6.3,4,4,5,34888
Jaguar,F-Type,2018,Coupe,Automatic,REAR,Premium,7.2,4,2,2,89990
Jaguar,F-Pace,2018,Wagon,Automatic,OTHER,Diesel,NA,NA,NA,NA,58990
Jaguar,Xe,2019,Sedan,Automatic,REAR,Premium,6.7,4,4,5,53000
Jaguar,E-Pace,2019,SUV,Automatic,AWD,Diesel,6,4,4,5,51888
Jaguar,E-Pace,2019,SUV,Automatic,AWD,Premium,7.7,4,4,5,51995
Jaguar,F-Pace,2019,SUV,Automatic,AWD,Premium,7.4,4,4,5,69990
Jaguar,Xe,2020,Sedan,Automatic,REAR,Premium,6.7,4,4,5,66800
Jaguar,F-Pace,2021,SUV,Automatic,AWD,Premium,11.7,8,4,5,149888
Jaguar,F-Pace,2021,SUV,Automatic,AWD,Premium,8.9,6,4,5,115900
Jaguar,I-Pace,2023,SUV,Automatic,AWD,Electric,0,0,4,5,179990
Jaguar,Xe,2023,Sedan,Automatic,AWD,Premium,6.8,4,4,5,79825
Jaguar,F-Pace,2023,SUV,Automatic,AWD,Diesel,7,6,4,5,105300
Jaguar,F-Type,2023,Convertible,Automatic,REAR,Premium,10.6,8,2,2,188450
Jaguar,E-Pace,2023,SUV,Automatic,AWD,Premium,8,4,4,5,75900
Jaguar,I-Pace,2023,SUV,Automatic,AWD,Electric,0,0,4,5,148800
Jaguar,E-Pace,2023,SUV,Automatic,AWD,Premium,8,4,4,5,72100
Jeep,Grand,2014,SUV,Automatic,4WD,Diesel,7.5,6,4,5,29990
Jeep,Grand,2014,SUV,Automatic,4WD,Diesel,7.5,6,4,5,24990
Jeep,Grand,2014,SUV,Automatic,4WD,Diesel,7.5,6,4,5,19980
Jeep,Grand,2014,SUV,Automatic,4WD,Diesel,7.5,6,4,5,24999
Jeep,Wrangler,2014,SUV,Manual,4WD,Unleaded,11.8,6,4,5,29999
Jeep,Grand,2014,SUV,Automatic,4WD,Diesel,7.5,6,4,5,26248
Jeep,Wrangler,2014,SUV,Automatic,4WD,Unleaded,11.7,6,4,5,44990
Jeep,Grand,2014,SUV,Automatic,4WD,Diesel,7.5,6,4,5,32995
Jeep,Grand,2014,SUV,Automatic,4WD,Premium,10.4,6,4,5,18999
Jeep,Grand,2014,SUV,Automatic,REAR,Premium,10.1,6,4,5,17990
Jeep,Compass,2014,SUV,Manual,REAR,Premium,7.6,4,4,5,12900
Jeep,Patriot,2014,SUV,Automatic,REAR,Premium,8.4,4,4,5,18990
Jeep,Grand,2014,SUV,Automatic,4WD,Diesel,7.5,6,4,5,21990
Jeep,Grand,2014,SUV,Automatic,4WD,Diesel,7.5,6,4,5,28980
Jeep,Patriot,2014,Wagon,Automatic,FRONT,Unleaded,NA,NA,NA,NA,13990
Jeep,Compass,2014,SUV,Automatic,REAR,Premium,8.3,4,4,5,11899
Jeep,Grand,2014,SUV,Automatic,4WD,Premium,14,8,4,5,54898
Jeep,Cherokee,2014,SUV,Automatic,4WD,Diesel,5.8,4,4,5,24990
Jeep,Grand,2014,SUV,Automatic,4WD,Premium,10.4,6,4,5,11999
Jeep,Cherokee,2014,SUV,Automatic,4WD,Unleaded,10,6,4,5,13999
Jeep,Grand,2014,SUV,Automatic,4WD,Diesel,7.5,6,4,5,25999
Jeep,Cherokee,2014,SUV,Automatic,4WD,Diesel,5.8,4,4,5,25990
Jeep,Grand,2014,SUV,Automatic,4WD,Diesel,7.5,6,4,5,15999
Jeep,Grand,2014,SUV,Automatic,4WD,Premium,10.4,6,4,5,18990
Jeep,Patriot,2014,SUV,Automatic,REAR,Premium,8.2,4,4,5,10999
Jeep,Grand,2014,SUV,Automatic,4WD,Diesel,7.5,6,4,5,26999
Jeep,Grand,2014,SUV,Automatic,4WD,Diesel,7.5,6,4,5,32980
Jeep,Grand,2014,SUV,Automatic,4WD,Diesel,7.5,6,4,5,23990
Jeep,Compass,2014,SUV,Automatic,REAR,Premium,8.3,4,4,5,13990
Jeep,Wrangler,2014,SUV,Manual,4WD,Unleaded,11.8,6,4,5,34995
Jeep,Grand,2014,SUV,Automatic,4WD,Diesel,7.5,6,4,5,21999
Jeep,Grand,2014,SUV,Automatic,4WD,Diesel,7.5,6,4,5,18990
Jeep,Patriot,2015,SUV,Automatic,4WD,Unleaded,9.1,4,4,5,13990
Jeep,Cherokee,2015,SUV,Automatic,4WD,Unleaded,10,6,4,5,17999
Jeep,Grand,2015,SUV,Automatic,4WD,Diesel,7.5,6,4,5,23913
Jeep,Grand,2015,SUV,Automatic,REAR,Premium,10.1,6,4,5,25999
Jeep,Grand,2015,SUV,Automatic,4WD,Premium,10.4,6,4,5,37800
Jeep,Cherokee,2015,SUV,Automatic,4WD,Unleaded,10,6,4,5,19900
Jeep,Wrangler,2015,SUV,Automatic,4WD,Unleaded,11.3,6,2,4,40888
Jeep,Grand,2015,SUV,Automatic,4WD,Diesel,7.5,6,4,5,22999
Jeep,Grand,2015,SUV,Automatic,4WD,Premium,10.4,6,4,5,24800
Jeep,Wrangler,2015,SUV,Automatic,4WD,Unleaded,11.7,6,4,5,36950
Jeep,Grand,2015,SUV,Automatic,4WD,Diesel,7.5,6,4,5,35990
Jeep,Wrangler,2015,SUV,Automatic,4WD,Unleaded,11.3,6,2,4,39999
Jeep,Compass,2015,SUV,Automatic,4WD,Premium,8.6,4,4,5,14990
Jeep,Grand,2015,SUV,Automatic,4WD,Diesel,7.5,6,4,5,29999
Jeep,Cherokee,2015,SUV,Automatic,4WD,Unleaded,10,6,4,5,19990
Jeep,Wrangler,2015,SUV,Manual,4WD,Unleaded,11.4,6,2,4,32999
Jeep,Grand,2015,SUV,Automatic,4WD,Diesel,7.5,6,4,5,32880
Jeep,Grand,2015,SUV,Automatic,4WD,Diesel,7.5,6,4,5,45889
Jeep,Wrangler,2015,SUV,Manual,4WD,Unleaded,11.4,6,2,4,35990
Jeep,Cherokee,2015,SUV,Automatic,REAR,Unleaded,8.3,4,4,5,14900
Jeep,Grand,2015,SUV,Automatic,4WD,Diesel,7.5,6,4,5,29888
Jeep,Wrangler,2015,SUV,Automatic,4WD,Unleaded,11.6,6,2,4,39464
Jeep,Grand,2015,SUV,Automatic,4WD,Premium,10.4,6,4,5,27870
Jeep,Cherokee,2015,SUV,Automatic,4WD,Unleaded,10,6,4,5,24950
Jeep,Grand,2015,SUV,Automatic,4WD,Premium,14,8,4,5,49990
Jeep,Grand,2015,SUV,Automatic,4WD,Diesel,7.5,6,4,5,23990
Jeep,Renegade,2015,SUV,Automatic,FRONT,Premium,5.9,4,4,5,19690
Jeep,Grand,2015,SUV,Automatic,4WD,Premium,10.4,6,4,5,31990
Jeep,Grand,2015,SUV,Automatic,4WD,Diesel,7.5,6,4,5,25965
Jeep,Grand,2015,SUV,Automatic,4WD,Premium,10.4,6,4,5,32990
Jeep,Grand,2015,SUV,Automatic,4WD,Premium,10.4,6,4,5,33998
Jeep,Cherokee,2015,SUV,Automatic,4WD,Diesel,5.8,4,4,5,21990
Jeep,Grand,2015,SUV,Automatic,4WD,Diesel,7.5,6,4,5,27990
Jeep,Cherokee,2015,SUV,Automatic,4WD,Unleaded,10,6,4,5,22350
Jeep,Grand,2015,SUV,Automatic,4WD,Diesel,7.5,6,4,5,19990
Jeep,Grand,2015,SUV,Automatic,4WD,Diesel,7.5,6,4,5,14950
Jeep,Compass,2015,SUV,Automatic,4WD,Premium,8.6,4,4,5,14888
Jeep,Grand,2015,SUV,Automatic,4WD,Premium,13,8,4,5,44990
Jeep,Cherokee,2015,SUV,Automatic,4WD,Unleaded,10,6,4,5,18987
Jeep,Grand,2016,SUV,Automatic,4WD,Premium,10.4,6,4,5,34800
Jeep,Wrangler,2016,SUV,Automatic,4WD,Unleaded,11.7,6,4,5,36990
Jeep,Grand,2016,Wagon,Automatic,REAR,Unleaded,NA,NA,NA,NA,15990
Jeep,Renegade,2016,SUV,Automatic,FRONT,Premium,5.9,4,4,5,19990
Jeep,Grand,2016,NA,Automatic,OTHER,Diesel,NA,NA,NA,NA,51990
Jeep,Cherokee,2016,SUV,Automatic,4WD,Unleaded,10,6,4,5,22990
Jeep,Grand,2016,SUV,Automatic,4WD,Premium,10.4,6,4,5,31990
Jeep,Grand,2016,SUV,Automatic,4WD,Premium,14,8,4,5,72260
Jeep,Patriot,2016,SUV,Automatic,REAR,Premium,8.2,4,4,5,16990
Jeep,Grand,2016,SUV,Automatic,4WD,Diesel,7.5,6,4,5,39980
Jeep,Wrangler,2016,SUV,Automatic,4WD,Unleaded,11.7,6,4,5,44990
Jeep,Grand,2016,SUV,Automatic,4WD,Diesel,7.5,6,4,5,29990
Jeep,Grand,2016,SUV,Automatic,4WD,Diesel,7.5,6,4,5,28990
Jeep,Grand,2016,SUV,Automatic,4WD,Premium,10.4,6,4,5,33990
Jeep,Grand,2016,SUV,Automatic,REAR,Premium,10.1,6,4,5,20500
Jeep,Grand,2016,Wagon,Automatic,REAR,Unleaded,NA,NA,NA,NA,34990
Jeep,Renegade,2017,SUV,Automatic,FRONT,Premium,5.9,4,4,5,24950
Jeep,Grand,2017,SUV,Automatic,4WD,Diesel,7.5,6,4,5,24999
Jeep,Grand,2017,SUV,Automatic,4WD,Diesel,7.5,6,4,5,50990
Jeep,Grand,2017,SUV,Automatic,REAR,Premium,9.9,6,4,5,23990
Jeep,Grand,2017,SUV,Automatic,4WD,Diesel,7.5,6,4,5,23990
Jeep,Wrangler,2017,SUV,Manual,4WD,Unleaded,11.8,6,4,5,41888
Jeep,Grand,2017,SUV,Automatic,REAR,Premium,9.9,6,4,5,30200
Jeep,Grand,2017,SUV,Automatic,4WD,Diesel,7.5,6,4,5,34888
Jeep,Grand,2017,SUV,Automatic,4WD,Diesel,7.5,6,4,5,47975
Jeep,Grand,2017,SUV,Automatic,4WD,Diesel,7.5,6,4,5,32890
Jeep,Wrangler,2017,SUV,Automatic,4WD,Unleaded,11.7,6,4,5,50990
Jeep,Grand,2017,SUV,Automatic,4WD,Diesel,7.5,6,4,5,47990
Jeep,Grand,2017,SUV,Automatic,4WD,Diesel,7.5,6,4,5,32744
Jeep,Wrangler,2017,SUV,Automatic,4WD,Unleaded,11.7,6,4,5,40990
Jeep,Grand,2017,SUV,Automatic,REAR,Premium,9.9,6,4,5,34995
Jeep,Grand,2018,SUV,Automatic,4WD,Diesel,7.5,6,4,5,41950
Jeep,Grand,2018,SUV,Automatic,4WD,Diesel,7.5,6,4,5,31995
Jeep,Grand,2018,SUV,Automatic,4WD,Diesel,7.5,6,4,5,47880
Jeep,Compass,2018,SUV,Automatic,FRONT,Unleaded,7.9,4,4,5,21999
Jeep,Grand,2018,SUV,Automatic,4WD,Premium,16.8,8,4,5,99800
Jeep,Wrangler,2018,SUV,Automatic,4WD,Unleaded,11.7,6,4,5,51990
Jeep,Compass,2018,SUV,Automatic,4WD,Unleaded,9.7,4,4,5,25500
Jeep,Compass,2018,SUV,Automatic,FRONT,Unleaded,7.9,4,4,5,28990
Jeep,Wrangler,2018,SUV,Automatic,4WD,Unleaded,11.7,6,4,5,57990
Jeep,Cherokee,2018,SUV,Automatic,4WD,Unleaded,10.2,6,4,5,40990
Jeep,Grand,2018,SUV,Automatic,4WD,Diesel,7.5,6,4,5,51995
Jeep,Grand,2018,SUV,Automatic,4WD,Diesel,7.5,6,4,5,49977
Jeep,Grand,2018,SUV,Automatic,4WD,Premium,14,8,4,5,68999
Jeep,Grand,2018,SUV,Automatic,4WD,Diesel,7.5,6,4,5,52990
Jeep,Compass,2018,SUV,Automatic,4WD,Unleaded,9.7,4,4,5,27999
Jeep,Grand,2019,SUV,Automatic,4WD,Premium,10,6,4,5,49888
Jeep,Grand,2019,SUV,Automatic,4WD,Diesel,7.5,6,4,5,44500
Jeep,Renegade,2019,SUV,Manual,FRONT,Premium,6,4,4,5,17990
Jeep,Grand,2019,SUV,Automatic,4WD,Diesel,7,6,4,5,53888
Jeep,Grand,2019,SUV,Automatic,AWD,Premium,10,6,4,5,47830
Jeep,Wrangler,2019,SUV,Automatic,4WD,Unleaded,9.6,6,2,4,49888
Jeep,Wrangler,2019,SUV,Automatic,4WD,Unleaded,9.6,6,2,4,53980
Jeep,Grand,2019,SUV,Automatic,4WD,Diesel,7.5,6,4,5,51990
Jeep,Grand,2019,SUV,Automatic,AWD,Premium,10,6,4,5,49990
Jeep,Grand,2019,Wagon,Automatic,OTHER,Diesel,NA,NA,NA,NA,77333
Jeep,Grand,2019,SUV,Automatic,4WD,Premium,10,6,4,5,49990
Jeep,Grand,2019,SUV,Automatic,4WD,Diesel,7.5,6,4,5,53990
Jeep,Grand,2019,SUV,Automatic,4WD,Premium,14,8,4,5,89990
Jeep,Grand,2019,SUV,Automatic,4WD,Premium,14,8,4,5,92990
Jeep,Cherokee,2019,SUV,Automatic,AWD,Unleaded,9.8,6,4,5,28999
Jeep,Wrangler,2019,SUV,Automatic,4WD,Unleaded,9.6,6,2,4,43998
Jeep,Wrangler,2020,SUV,Automatic,4WD,Diesel,7.5,4,4,5,94990
Jeep,Gladiator,2020,Ute/Pickup,Automatic,4WD,Unleaded,11.2,6,4,5,68888
Jeep,Grand,2020,SUV,Automatic,4WD,Premium,16.8,8,4,5,159990
Jeep,Wrangler,2020,SUV,Automatic,4WD,Diesel,7.5,4,4,5,74990
Jeep,Grand,2020,SUV,Automatic,4WD,Diesel,7,6,4,5,64990
Jeep,Cherokee,2020,Wagon,Automatic,OTHER,Unleaded,NA,NA,NA,NA,43990
Jeep,Grand,2020,SUV,Automatic,AWD,Diesel,7.5,6,4,5,57990
Jeep,Wrangler,2020,SUV,Automatic,4WD,Unleaded,9.7,6,4,5,64990
Jeep,Grand,2020,SUV,Automatic,4WD,Diesel,7,6,4,5,62990
Jeep,Grand,2020,SUV,Automatic,4WD,Premium,14,8,4,5,102990
Jeep,Cherokee,2020,SUV,Automatic,OTHER,Unleaded,NA,NA,NA,NA,44990
Jeep,Grand,2020,SUV,Automatic,4WD,Diesel,7,6,4,5,67990
Jeep,Gladiator,2020,Ute/Pickup,Automatic,4WD,Unleaded,12.4,6,4,5,73711
Jeep,Wrangler,2020,SUV,Automatic,4WD,Unleaded,10.3,6,4,5,59971
Jeep,Grand,2020,SUV,Automatic,4WD,Diesel,7,6,4,5,61900
Jeep,Wrangler,2020,SUV,Automatic,4WD,Unleaded,10.3,6,4,5,71466
Jeep,Grand,2020,SUV,Automatic,4WD,Diesel,7,6,4,5,54998
Jeep,Gladiator,2020,Ute/Pickup,Automatic,4WD,Unleaded,11.2,6,4,5,64830
Jeep,Wrangler,2020,SUV,Automatic,4WD,Diesel,7.5,4,4,5,88189
Jeep,Compass,2021,SUV,Automatic,FRONT,Unleaded,7.9,4,4,5,32888
Jeep,Wrangler,2021,SUV,Automatic,4WD,Unleaded,9.7,6,4,5,69990
Jeep,Cherokee,2021,Wagon,Automatic,OTHER,Unleaded,NA,NA,NA,NA,46999
Jeep,Compass,2021,SUV,Automatic,FRONT,Unleaded,7.9,4,4,5,37990
Jeep,Wrangler,2021,SUV,Automatic,4WD,Unleaded,9.6,6,2,4,58990
Jeep,Grand,2021,SUV,Automatic,4WD,Premium,13,8,4,5,78990
Jeep,Grand,2021,SUV,Automatic,AWD,Diesel,7.5,6,4,5,63990
Jeep,Wrangler,2021,SUV,Automatic,4WD,Unleaded,10.3,6,4,5,75990
Jeep,Compass,2022,SUV,Automatic,FRONT,Unleaded,7.9,4,4,5,45490
Jeep,Grand,2022,SUV,Automatic,4WD,Premium,10.6,6,4,7,71800
Jeep,Grand,2022,SUV,Automatic,4WD,-,9.9,6,4,5,75490
Jeep,Grand,2022,SUV,Automatic,4WD,-,9.9,6,4,5,74990
Jeep,Grand,2022,SUV,Automatic,4WD,Premium,10.6,6,4,7,128388
Jeep,Grand,2022,SUV,Automatic,4WD,Premium,10.6,6,4,7,76888
Jeep,Grand,2022,SUV,Automatic,4WD,-,9.9,6,4,5,79990
Jeep,Gladiator,2022,Ute/Pickup,Automatic,4WD,Unleaded,12.4,6,4,5,90880
Jeep,Wrangler,2022,SUV,Automatic,4WD,Unleaded,10.1,6,2,4,89990
Jeep,Wrangler,2022,Wagon,Automatic,OTHER,Unleaded,NA,NA,NA,NA,87581
Jeep,Wrangler,2022,Wagon,Automatic,OTHER,Unleaded,NA,NA,NA,NA,82995
Jeep,Gladiator,2022,Ute/Pickup,Automatic,OTHER,Unleaded,NA,NA,NA,NA,82985
Jeep,Wrangler,2022,SUV,Automatic,4WD,Unleaded,10.3,6,4,5,87987
Jeep,Compass,2022,SUV,Automatic,OTHER,Unleaded,NA,NA,NA,NA,52875
Jeep,Wrangler,2022,SUV,Automatic,4WD,Unleaded,9.7,6,4,5,84888
Jeep,Gladiator,2022,Ute/Pickup,Automatic,4WD,Unleaded,12.4,6,4,5,72840
Jeep,Wrangler,2022,SUV,Automatic,OTHER,Unleaded,NA,NA,NA,NA,81995
Jeep,Gladiator,2022,SUV,Automatic,OTHER,Unleaded,NA,NA,NA,NA,96990
Jeep,Gladiator,2022,Ute/Pickup,Automatic,4WD,Unleaded,12.4,6,4,5,81888
Jeep,Wrangler,2022,SUV,Automatic,4WD,Unleaded,9.7,6,4,5,76888
Jeep,Grand,2022,SUV,Automatic,4WD,Premium,10.6,6,4,7,75500
Jeep,Wrangler,2022,SUV,Automatic,OTHER,Unleaded,NA,NA,NA,NA,79890
Jeep,Compass,2022,SUV,Automatic,4WD,Unleaded,7.9,4,4,5,50499
Jeep,Gladiator,2022,Ute/Pickup,Automatic,4WD,Unleaded,12.4,6,4,5,74977
Jeep,Compass,2022,SUV,Automatic,4WD,Unleaded,7.9,4,4,5,45990
Jeep,Grand,2022,SUV,Automatic,4WD,Premium,10.6,6,4,7,99990
Jeep,Grand,2022,SUV,Automatic,4WD,Premium,10.6,6,4,7,77990
Jeep,Compass,2022,SUV,Automatic,FRONT,Unleaded,7.9,4,4,5,39990
Jeep,Grand,2022,SUV,Automatic,4WD,-,9.9,6,4,5,70990
Jeep,Grand,2022,SUV,Automatic,4WD,-,9.9,6,4,5,76990
Jeep,Grand,2022,SUV,Automatic,4WD,-,10.6,6,4,7,89990
Jeep,Wrangler,2022,SUV,Automatic,4WD,Unleaded,9.7,6,4,5,79990
Jeep,Compass,2022,SUV,Automatic,FRONT,Unleaded,7.9,4,4,5,39999
Jeep,Wrangler,2022,SUV,Automatic,4WD,Unleaded,9.7,6,4,5,75850
Jeep,Gladiator,2022,SUV,Automatic,OTHER,-,NA,NA,NA,NA,88888
Jeep,Wrangler,2022,SUV,Automatic,OTHER,-,NA,NA,NA,NA,87888
Jeep,Grand,2022,SUV,Automatic,OTHER,-,NA,NA,NA,NA,123888
Jeep,Gladiator,2022,Ute/Pickup,Automatic,4WD,Unleaded,12.4,6,4,5,89890
Jeep,Grand,2022,SUV,Automatic,4WD,Premium,10.6,6,4,7,92990
Jeep,Wrangler,2022,SUV,Automatic,4WD,Unleaded,9.7,6,4,5,84990
Jeep,Compass,2022,SUV,Automatic,OTHER,Diesel,NA,NA,NA,NA,56470
Jeep,Compass,2022,SUV,Automatic,FRONT,Unleaded,7.9,4,4,5,44459
Jeep,Gladiator,2022,Ute/Pickup,Automatic,4WD,Unleaded,12.4,6,4,5,79990
Jeep,Gladiator,2022,Ute/Pickup,Automatic,4WD,Unleaded,12.4,6,4,5,73990
Jeep,Compass,2022,SUV,Automatic,FRONT,Unleaded,7.9,4,4,5,42450
Jeep,Compass,2022,SUV,Automatic,4WD,Unleaded,7.9,4,4,5,49990
Jeep,Wrangler,2023,SUV,Automatic,4WD,Unleaded,9.7,6,4,5,90990
Jeep,Compass,2023,SUV,Automatic,FRONT,Unleaded,NA,NA,NA,NA,43621
Jeep,Wrangler,2023,SUV,Automatic,OTHER,Unleaded,NA,NA,NA,NA,86867
Jeep,Compass,2023,SUV,Automatic,OTHER,Unleaded,NA,NA,NA,NA,57469
Jeep,Compass,2023,SUV,Automatic,4WD,Diesel,6.9,4,4,5,55574
Jeep,Grand,2023,SUV,Automatic,4WD,-,9.9,6,4,5,78825
Jeep,Compass,2023,SUV,Automatic,FRONT,Unleaded,7.9,4,4,5,44990
Jeep,Wrangler,2023,SUV,Automatic,4WD,Unleaded,10.3,6,4,5,88888
Jeep,Compass,2023,SUV,Automatic,4WD,Unleaded,9.7,4,4,5,51499
Jeep,Compass,2023,SUV,Automatic,FRONT,Unleaded,7.9,4,4,5,42990
Jeep,Grand,2023,SUV,Automatic,4WD,-,10.6,6,4,7,92990
Jeep,Grand,2023,SUV,Automatic,4WD,-,10.6,6,4,7,79990
Jeep,Wrangler,2023,SUV,Automatic,4WD,Unleaded,9.7,6,4,5,84999
Jeep,Wrangler,2023,SUV,Automatic,4WD,Unleaded,9.7,6,4,5,84990
Jeep,Compass,2023,SUV,Automatic,FRONT,Unleaded,7.9,4,4,5,42490
Jeep,Wrangler,2023,SUV,Automatic,4WD,Unleaded,9.7,6,4,5,87490
Jeep,Grand,2023,SUV,Automatic,4WD,-,9.9,6,4,5,80990
Jeep,Grand,2023,SUV,Automatic,4WD,-,9.9,6,4,5,110685
Jeep,Wrangler,2023,SUV,Automatic,4WD,Unleaded,10.3,6,4,5,92990
Jeep,Compass,2023,SUV,Automatic,FRONT,Unleaded,7.9,4,4,5,47888
Jeep,Compass,2023,SUV,Automatic,4WD,Unleaded,9.7,4,4,5,57888
Jeep,Wrangler,2023,SUV,Automatic,4WD,Unleaded,9.7,6,4,5,85950
Jeep,Compass,2023,SUV,Automatic,4WD,Unleaded,9.7,4,4,5,51600
Jeep,Wrangler,2023,SUV,Automatic,4WD,Unleaded,9.7,6,4,5,79990
Jeep,Wrangler,2023,SUV,Automatic,4WD,Unleaded,10.3,6,4,5,97990
Jeep,Grand,2023,SUV,Automatic,4WD,-,10.6,6,4,7,82750
Jeep,Wrangler,2023,SUV,Automatic,OTHER,-,NA,NA,NA,NA,89990
Jeep,Wrangler,2023,SUV,Automatic,OTHER,-,NA,NA,NA,NA,92888
Jeep,Gladiator,2023,Ute/Pickup,Automatic,4WD,Unleaded,12.4,6,4,5,91888
Kia,Cerato,2014,Sedan,Automatic,FRONT,Unleaded,7.1,4,4,5,14995
Kia,Rio,2014,Hatchback,Manual,FRONT,Unleaded,5.6,4,3,5,14350
Kia,Rondo,2014,Wagon,Automatic,FRONT,Unleaded,7.9,4,4,7,20990
Kia,Sportage,2014,SUV,Automatic,FRONT,Unleaded,8.8,4,4,5,20999
Kia,Cerato,2014,Hatchback,Automatic,FRONT,Unleaded,7.1,4,5,5,15986
Kia,Sportage,2014,SUV,Manual,FRONT,Unleaded,8.7,4,4,5,13750
Kia,Sportage,2014,SUV,Automatic,AWD,Unleaded,8.8,4,4,5,24990
Kia,Rio,2014,Hatchback,Automatic,FRONT,Unleaded,6.1,4,5,5,14500
Kia,Sportage,2014,Wagon,Automatic,AWD,Unleaded,NA,NA,NA,NA,18999
Kia,Cerato,2014,Hatchback,Automatic,FRONT,Unleaded,7.4,4,5,5,21990
Kia,Sportage,2014,SUV,Automatic,FRONT,Unleaded,8.8,4,4,5,22963
Kia,Optima,2014,Sedan,Automatic,FRONT,Unleaded,7.9,4,4,5,16990
Kia,Sportage,2014,SUV,Automatic,FRONT,Unleaded,8.8,4,4,5,19999
Kia,Sportage,2014,SUV,Automatic,FRONT,Unleaded,8.8,4,4,5,18690
Kia,Soul,2014,Hatchback,Automatic,FRONT,Unleaded,8.4,4,4,5,17988
Kia,Cerato,2014,Hatchback,Automatic,FRONT,Unleaded,7.4,4,5,5,18990
Kia,Sorento,2014,SUV,Automatic,AWD,Diesel,7.3,4,4,7,19990
Kia,Sportage,2014,SUV,Automatic,FRONT,Unleaded,8.8,4,4,5,14990
Kia,Rio,2014,Hatchback,Automatic,FRONT,Unleaded,6.3,4,5,5,16990
Kia,Optima,2014,Sedan,Automatic,FRONT,Unleaded,7.9,4,4,5,13990
Kia,Cerato,2014,Sedan,Automatic,FRONT,Unleaded,7.1,4,4,5,12490
Kia,Grand,2014,Wagon,Automatic,FRONT,Unleaded,10.9,6,4,8,19990
Kia,Sportage,2014,SUV,Automatic,AWD,Unleaded,8.8,4,4,5,13990
Kia,Optima,2014,Sedan,Automatic,FRONT,Unleaded,7.9,4,4,5,14990
Kia,Sportage,2014,SUV,Automatic,FRONT,Unleaded,8.8,4,4,5,14999
Kia,Rio,2014,Hatchback,Manual,FRONT,Unleaded,5.6,4,3,5,10499
Kia,Cerato,2015,Sedan,Automatic,FRONT,Unleaded,7.1,4,4,5,14995
Kia,Cerato,2015,Hatchback,Automatic,FRONT,Unleaded,7.1,4,5,5,15888
Kia,Cerato,2015,Sedan,Automatic,FRONT,Unleaded,7.1,4,4,5,16990
Kia,Carnival,2015,Wagon,Automatic,FRONT,Diesel,7.7,4,4,8,33990
Kia,Sportage,2015,SUV,Automatic,FRONT,Unleaded,8.8,4,4,5,21990
Kia,Optima,2015,Sedan,Automatic,FRONT,Unleaded,8.5,4,4,5,24990
Kia,Sportage,2015,SUV,Automatic,AWD,Diesel,7.2,4,4,5,25490
Kia,Cerato,2015,Hatchback,Automatic,FRONT,Unleaded,7.1,4,5,5,16990
Kia,Cerato,2015,Hatchback,Automatic,FRONT,Unleaded,7.1,4,5,5,14800
Kia,Sportage,2015,SUV,Automatic,AWD,Diesel,7.2,4,4,5,19913
Kia,Cerato,2015,Sedan,Automatic,FRONT,Unleaded,7.1,4,4,5,15790
Kia,Sportage,2015,SUV,Automatic,FRONT,Unleaded,8.8,4,4,5,16990
Kia,Carnival,2015,Wagon,Automatic,FRONT,Diesel,7.7,4,4,8,27990
Kia,Sorento,2015,SUV,Automatic,AWD,Diesel,7.8,4,4,7,22990
Kia,Carnival,2015,Wagon,Automatic,FRONT,Diesel,7.7,4,4,8,18990
Kia,Carnival,2015,Wagon,Automatic,FRONT,Unleaded,11.6,6,4,8,24950
Kia,Carnival,2015,Wagon,Automatic,FRONT,Diesel,7.7,4,4,8,31999
Kia,Sportage,2015,SUV,Automatic,FRONT,Unleaded,8.8,4,4,5,19990
Kia,Sportage,2015,SUV,Automatic,AWD,Diesel,7.2,4,4,5,21888
Kia,Sorento,2015,SUV,Automatic,FRONT,Unleaded,9.9,6,4,7,24990
Kia,Sportage,2015,SUV,Automatic,FRONT,Unleaded,8.8,4,4,5,18990
Kia,Sorento,2015,SUV,Automatic,AWD,Diesel,7.8,4,4,7,29986
Kia,Sorento,2015,SUV,Automatic,AWD,Diesel,7.8,4,4,7,25890
Kia,Cerato,2015,Sedan,Automatic,FRONT,Unleaded,7.1,4,4,5,14999
Kia,Cerato,2015,Hatchback,Automatic,FRONT,Unleaded,7.1,4,5,5,19705
Kia,Sportage,2015,SUV,Automatic,FRONT,Unleaded,8.8,4,4,5,21577
Kia,Carnival,2015,Wagon,Automatic,FRONT,Diesel,7.7,4,4,8,29990
Kia,Carnival,2015,Wagon,Automatic,FRONT,Diesel,7.7,4,4,8,35980
Kia,Carnival,2015,Wagon,Automatic,OTHER,Diesel,NA,NA,NA,NA,21999
Kia,Sorento,2015,SUV,Automatic,FRONT,Unleaded,9.9,6,4,7,22988
Kia,Carnival,2015,Wagon,Automatic,FRONT,Unleaded,11.6,6,4,8,38950
Kia,Sorento,2015,SUV,Automatic,AWD,Diesel,7.8,4,4,7,32135
Kia,Rio,2015,Hatchback,Manual,FRONT,Unleaded,5.7,4,5,5,11999
Kia,Sportage,2015,SUV,Automatic,FRONT,Unleaded,8.8,4,4,5,24990
Kia,Rio,2015,Hatchback,Automatic,FRONT,Unleaded,6.3,4,5,5,14990
Kia,Soul,2015,Hatchback,Automatic,FRONT,Unleaded,8.4,4,4,5,18990
Kia,Sportage,2015,SUV,Automatic,AWD,Unleaded,8.8,4,4,5,20490
Kia,Sportage,2015,SUV,Automatic,FRONT,Unleaded,8.8,4,4,5,19991
Kia,Cerato,2015,Hatchback,Automatic,FRONT,Unleaded,7.1,4,5,5,12999
Kia,Rio,2015,Hatchback,Manual,FRONT,Unleaded,5.6,4,3,5,14995
Kia,Sorento,2015,SUV,Automatic,AWD,Diesel,7.8,4,4,7,23990
Kia,Cerato,2016,Sedan,Automatic,FRONT,Unleaded,7.1,4,4,5,15500
Kia,Sportage,2016,SUV,Automatic,AWD,Unleaded,8.5,4,4,5,25990
Kia,Cerato,2016,Hatchback,Automatic,FRONT,Unleaded,7.1,4,5,5,14995
Kia,Carnival,2016,Wagon,Automatic,FRONT,Diesel,7.7,4,4,8,34888
Kia,Sorento,2016,SUV,Automatic,AWD,Diesel,7.8,4,4,7,28990
Kia,Carnival,2016,Wagon,Automatic,FRONT,Diesel,7.7,4,4,8,35900
Kia,Cerato,2016,Hatchback,Automatic,FRONT,Unleaded,NA,NA,NA,NA,16990
Kia,Carnival,2016,Wagon,Automatic,FRONT,Diesel,7.7,4,4,8,44990
Kia,Sorento,2016,SUV,Automatic,AWD,Diesel,7.8,4,4,7,29990
Kia,Carnival,2016,Wagon,Automatic,FRONT,Unleaded,11.6,6,4,8,26995
Kia,Picanto,2016,Hatchback,Automatic,FRONT,Unleaded,5.3,4,5,5,13990
Kia,Sportage,2016,SUV,Automatic,AWD,Unleaded,8.5,4,4,5,30498
Kia,Cerato,2016,Hatchback,Automatic,FRONT,Unleaded,7.1,4,5,5,13990
Kia,Cerato,2016,Hatchback,Automatic,FRONT,Unleaded,7.1,4,5,5,18880
Kia,Cerato,2016,Hatchback,Automatic,FRONT,Unleaded,7.1,4,5,5,16800
Kia,Picanto,2016,Hatchback,Automatic,FRONT,Unleaded,5.3,4,5,5,14660
Kia,Sportage,2016,SUV,Automatic,AWD,Unleaded,8.5,4,4,5,31990
Kia,Sorento,2016,SUV,Automatic,AWD,Diesel,7.8,4,4,7,21990
Kia,Sportage,2016,SUV,Automatic,FRONT,Unleaded,7.9,4,4,5,24850
Kia,Sorento,2016,SUV,Automatic,FRONT,Unleaded,9.9,6,4,7,22888
Kia,Sorento,2016,SUV,Automatic,AWD,Diesel,7.8,4,4,7,21849
Kia,Cerato,2016,Hatchback,Automatic,FRONT,Unleaded,7.1,4,5,5,15690
Kia,Sorento,2016,SUV,Automatic,FRONT,Unleaded,9.9,6,4,7,19999
Kia,Sportage,2016,SUV,Automatic,FRONT,Unleaded,7.9,4,4,5,23990
Kia,Sportage,2016,SUV,Automatic,AWD,Diesel,6.8,4,4,5,22987
Kia,Sportage,2016,SUV,Automatic,AWD,Diesel,6.8,4,4,5,23894
Kia,Sportage,2016,SUV,Automatic,FRONT,Unleaded,7.9,4,4,5,18995
Kia,Rio,2016,Hatchback,Automatic,FRONT,Unleaded,6.3,4,5,5,15886
Kia,Carnival,2016,Wagon,Automatic,FRONT,Diesel,7.7,4,4,8,36990
Kia,Sorento,2016,SUV,Automatic,FRONT,Unleaded,9.9,6,4,7,30497
Kia,Carnival,2016,Wagon,Automatic,FRONT,Diesel,7.7,4,4,8,41990
Kia,Sorento,2016,SUV,Automatic,AWD,Diesel,7.8,4,4,7,28490
Kia,Sportage,2016,SUV,Automatic,AWD,Unleaded,8.5,4,4,5,26990
Kia,Sorento,2016,SUV,Automatic,AWD,Diesel,7.8,4,4,7,30990
Kia,Carnival,2016,Wagon,Automatic,FRONT,Diesel,7.7,4,4,8,35111
Kia,Cerato,2016,Hatchback,Automatic,FRONT,Unleaded,7.1,4,5,5,16996
Kia,Carnival,2016,Wagon,Automatic,FRONT,Diesel,7.7,4,4,8,21990
Kia,Sportage,2016,SUV,Automatic,FRONT,Unleaded,7.9,4,4,5,24888
Kia,Sportage,2016,SUV,Automatic,AWD,Diesel,6.8,4,4,5,29990
Kia,Carnival,2016,Wagon,Automatic,FRONT,Diesel,7.7,4,4,8,32988
Kia,Sportage,2016,SUV,Automatic,FRONT,Unleaded,7.9,4,4,5,21955
Kia,Cerato,2016,Hatchback,Automatic,FRONT,Unleaded,7.1,4,5,5,15998
Kia,Sportage,2016,SUV,Automatic,FRONT,Unleaded,7.9,4,4,5,17880
Kia,Cerato,2016,Hatchback,Automatic,FRONT,Unleaded,7.1,4,5,5,19500
Kia,Sportage,2017,SUV,Automatic,AWD,Unleaded,8.5,4,4,5,29990
Kia,Cerato,2017,Hatchback,Automatic,FRONT,Unleaded,7.1,4,5,5,22990
Kia,Sportage,2017,SUV,Automatic,FRONT,Unleaded,7.9,4,4,5,24990
Kia,Sportage,2017,SUV,Automatic,FRONT,Unleaded,7.9,4,4,5,17995
Kia,Picanto,2017,Hatchback,Automatic,FRONT,Unleaded,5.3,4,5,5,14990
Kia,Sorento,2017,SUV,Automatic,AWD,Diesel,7.2,4,4,7,32888
Kia,Stinger,2017,Sedan,Automatic,REAR,Unleaded,10.2,6,4,5,42880
Kia,Sportage,2017,SUV,Automatic,AWD,Diesel,6.8,4,4,5,25990
Kia,Stinger,2017,Sedan,Automatic,REAR,Unleaded,8.8,4,4,5,36950
Kia,Sportage,2017,SUV,Automatic,AWD,Diesel,6.8,4,4,5,31990
Kia,Carnival,2017,Wagon,Automatic,FRONT,Unleaded,11.6,6,4,8,24880
Kia,Picanto,2017,Hatchback,Automatic,FRONT,Unleaded,5.8,4,5,5,19990
Kia,Cerato,2017,Sedan,Automatic,FRONT,Unleaded,7.3,4,4,5,21990
Kia,Sportage,2017,SUV,Automatic,AWD,Diesel,6.8,4,4,5,29480
Kia,Cerato,2017,Hatchback,Automatic,FRONT,Unleaded,7.1,4,5,5,19990
Kia,Sportage,2017,Wagon,Automatic,FRONT,Unleaded,NA,NA,NA,NA,25888
Kia,Sorento,2017,SUV,Automatic,AWD,Diesel,7.2,4,4,7,39990
Kia,Stinger,2017,Sedan,Automatic,REAR,Unleaded,10.2,6,4,5,42990
Kia,Carnival,2017,Wagon,Automatic,FRONT,Unleaded,11.6,6,4,8,23950
Kia,Sorento,2017,SUV,Automatic,AWD,Diesel,7.8,4,4,7,19990
Kia,Cerato,2017,Hatchback,Automatic,FRONT,Unleaded,7.3,4,5,5,23490
Kia,Cerato,2017,Sedan,Automatic,FRONT,Unleaded,7.3,4,4,5,21488
Kia,Sportage,2017,SUV,Automatic,FRONT,Unleaded,7.9,4,4,5,24950
Kia,Carnival,2017,Wagon,Automatic,FRONT,Diesel,7.7,4,4,8,43530
Kia,Carnival,2017,Wagon,Automatic,FRONT,Unleaded,11.6,6,4,8,26888
Kia,Sportage,2017,SUV,Automatic,FRONT,Unleaded,7.9,4,4,5,29990
Kia,Sportage,2017,SUV,Automatic,FRONT,Unleaded,7.9,4,4,5,17913
Kia,Sportage,2017,SUV,Automatic,AWD,Diesel,6.8,4,4,5,23990
Kia,Carnival,2017,Wagon,Automatic,FRONT,Unleaded,11.6,6,4,8,23900
Kia,Carnival,2017,Wagon,Automatic,FRONT,Diesel,7.7,4,4,8,35990
Kia,Sportage,2017,SUV,Automatic,AWD,Diesel,6.8,4,4,5,20990
Kia,Carnival,2017,Wagon,Automatic,FRONT,Diesel,7.7,4,4,8,24990
Kia,Cerato,2017,Sedan,Automatic,FRONT,Unleaded,7.1,4,4,5,18900
Kia,Picanto,2017,Hatchback,Automatic,FRONT,Unleaded,5.3,4,5,5,15990
Kia,Carnival,2017,Wagon,Automatic,FRONT,Unleaded,11.6,6,4,8,24800
Kia,Sorento,2017,SUV,Automatic,AWD,Diesel,7.2,4,4,7,39999
Kia,Carnival,2017,Wagon,Automatic,FRONT,Diesel,NA,NA,NA,NA,48990
Kia,Stinger,2017,Sedan,Automatic,REAR,Unleaded,8.8,4,4,5,43990
Kia,Sportage,2017,SUV,Automatic,FRONT,Unleaded,7.9,4,4,5,26888
Kia,Sportage,2017,SUV,Automatic,FRONT,Unleaded,7.9,4,4,5,26890
Kia,Carnival,2017,Wagon,Automatic,FRONT,Unleaded,11.6,6,4,8,30990
Kia,Sportage,2017,SUV,Automatic,FRONT,Unleaded,7.9,4,4,5,26499
Kia,Carnival,2017,Commercial,Automatic,FRONT,Diesel,NA,NA,NA,NA,42000
Kia,Rio,2017,Hatchback,Automatic,FRONT,Unleaded,6.2,4,5,5,16995
Kia,Rio,2017,Hatchback,Automatic,FRONT,Unleaded,6.2,4,5,5,16990
Kia,Sportage,2017,Wagon,Automatic,OTHER,-,NA,NA,NA,NA,22950
Kia,Sportage,2017,SUV,Automatic,AWD,Unleaded,8.5,4,4,5,29999
Kia,Picanto,2017,Hatchback,Automatic,FRONT,Unleaded,5.8,4,5,5,14886
Kia,Carnival,2017,Wagon,Automatic,FRONT,Unleaded,11.6,6,4,8,38490
Kia,Cerato,2017,Sedan,Automatic,FRONT,Unleaded,7.1,4,4,5,19890
Kia,Cerato,2017,Sedan,Automatic,FRONT,Unleaded,7.3,4,4,5,22864
Kia,Cerato,2017,Sedan,Automatic,FRONT,Unleaded,7.3,4,4,5,19999
Kia,Sportage,2017,SUV,Automatic,AWD,Diesel,6.8,4,4,5,29990
Kia,Rondo,2017,Wagon,Automatic,FRONT,Unleaded,7.9,4,4,5,24950
Kia,Sportage,2017,SUV,Automatic,FRONT,Unleaded,7.9,4,4,5,25990
Kia,Cerato,2017,Hatchback,Automatic,FRONT,Unleaded,7.3,4,5,5,22999
Kia,Sportage,2017,SUV,Automatic,FRONT,Unleaded,7.9,4,4,5,26999
Kia,Sorento,2017,SUV,Automatic,AWD,Diesel,7.8,4,4,7,38888
Kia,Cerato,2017,Hatchback,Automatic,FRONT,Unleaded,7.1,4,5,5,17999
Kia,Cerato,2017,Sedan,Automatic,FRONT,Unleaded,7.3,4,4,5,21999
Kia,Sportage,2017,SUV,Automatic,AWD,Unleaded,8.5,4,4,5,32999
Kia,Carnival,2017,Wagon,Automatic,FRONT,Unleaded,11.6,6,4,8,48999
Kia,Sorento,2017,SUV,Automatic,AWD,Diesel,7.8,4,4,7,33288
Kia,Rio,2018,Hatchback,Automatic,FRONT,Unleaded,5.4,3,5,5,24999
Kia,Sorento,2018,SUV,Automatic,AWD,Diesel,7.2,4,4,7,28950
Kia,Carnival,2018,Wagon,Automatic,FRONT,Unleaded,11.6,6,4,8,41999
Kia,Sportage,2018,SUV,Automatic,AWD,Diesel,6.8,4,4,5,34990
Kia,Sorento,2018,SUV,Automatic,AWD,Diesel,7.2,4,4,7,39990
Kia,Rio,2018,Hatchback,Automatic,FRONT,Unleaded,5.4,3,5,5,19999
Kia,Picanto,2018,Hatchback,Automatic,FRONT,Unleaded,5.8,4,5,5,19880
Kia,Sorento,2018,SUV,Automatic,FRONT,Unleaded,10,6,4,7,31990
Kia,Cerato,2018,Hatchback,Automatic,FRONT,Unleaded,7.1,4,5,5,21990
Kia,Sportage,2018,SUV,Automatic,FRONT,Unleaded,7.9,4,4,5,23800
Kia,Cerato,2018,Hatchback,Automatic,FRONT,Unleaded,7.2,4,5,5,26990
Kia,Cerato,2018,Hatchback,Automatic,FRONT,Unleaded,7.4,4,5,5,18990
Kia,Sportage,2018,SUV,Automatic,FRONT,Unleaded,7.9,4,4,5,18995
Kia,Carnival,2018,Wagon,Automatic,FRONT,Unleaded,11.6,6,4,8,46990
Kia,Cerato,2018,Sedan,Automatic,FRONT,Unleaded,7.1,4,4,5,23990
Kia,Sorento,2018,SUV,Automatic,AWD,Diesel,7.2,4,4,7,41999
Kia,Picanto,2018,Hatchback,Automatic,FRONT,Unleaded,5.8,4,5,5,15990
Kia,Cerato,2018,Sedan,Automatic,FRONT,Unleaded,7.4,4,4,5,21990
Kia,Rio,2018,Hatchback,Automatic,FRONT,Unleaded,6.2,4,5,5,17990
Kia,Picanto,2018,Hatchback,Automatic,FRONT,Unleaded,5.8,4,5,5,16388
Kia,Stinger,2018,Sedan,Automatic,REAR,Unleaded,10.2,6,4,5,39999
Kia,Sportage,2018,SUV,Automatic,AWD,Diesel,6.8,4,4,5,32990
Kia,Sportage,2018,SUV,Automatic,FRONT,Unleaded,7.9,4,4,5,28999
Kia,Sportage,2018,SUV,Automatic,AWD,Diesel,6.4,4,4,5,25990
Kia,Carnival,2018,Wagon,Automatic,FRONT,Diesel,7.7,4,4,8,42990
Kia,Sportage,2018,SUV,Automatic,FRONT,Unleaded,7.9,4,4,5,25490
Kia,Carnival,2018,Wagon,Automatic,FRONT,Unleaded,11.6,6,4,8,31980
Kia,Cerato,2018,Sedan,Automatic,FRONT,Unleaded,7.1,4,4,5,25990
Kia,Sportage,2018,SUV,Automatic,AWD,Diesel,6.4,4,4,5,27990
Kia,Carnival,2018,Wagon,Automatic,FRONT,Unleaded,11.6,6,4,8,38888
Kia,Cerato,2018,Hatchback,Automatic,FRONT,Unleaded,7.4,4,5,5,21490
Kia,Stinger,2018,Sedan,Automatic,REAR,Unleaded,10.2,6,4,5,45980
Kia,Carnival,2018,Wagon,Automatic,FRONT,Diesel,7.7,4,4,8,34990
Kia,Sorento,2018,SUV,Automatic,AWD,Diesel,7.2,4,4,7,36777
Kia,Sportage,2018,SUV,Automatic,AWD,Diesel,6.4,4,4,5,31990
Kia,Stinger,2018,Sedan,Automatic,REAR,Unleaded,10.2,6,4,5,46990
Kia,Cerato,2018,Hatchback,Automatic,FRONT,Unleaded,7.1,4,5,5,21777
Kia,Sportage,2018,SUV,Automatic,AWD,Diesel,6.8,4,4,5,29800
Kia,Sportage,2018,SUV,Automatic,FRONT,Unleaded,7.9,4,4,5,27986
Kia,Picanto,2018,Hatchback,Manual,FRONT,Unleaded,NA,NA,NA,NA,16100
Kia,Sorento,2018,SUV,Automatic,AWD,Diesel,7.2,4,4,7,33990
Kia,Picanto,2018,Hatchback,Automatic,FRONT,Unleaded,NA,NA,NA,NA,19900
Kia,Sportage,2018,SUV,Automatic,FRONT,Unleaded,7.9,4,4,5,26495
Kia,Cerato,2018,Sedan,Automatic,FRONT,Unleaded,7.4,4,4,5,24999
Kia,Cerato,2018,Sedan,Automatic,FRONT,Unleaded,7.4,4,4,5,24499
Kia,Carnival,2018,Wagon,Automatic,FRONT,Unleaded,11.6,6,4,8,41990
Kia,Sorento,2018,SUV,Automatic,AWD,Diesel,7.2,4,4,7,42999
Kia,Carnival,2018,Wagon,Automatic,FRONT,Unleaded,11.6,6,4,8,33999
Kia,Stinger,2018,Sedan,Automatic,REAR,Unleaded,10.2,6,4,5,47705
Kia,Cerato,2018,Sedan,Automatic,FRONT,Unleaded,7.1,4,4,5,23950
Kia,Sportage,2018,SUV,Automatic,AWD,Unleaded,8.5,4,4,5,29990
Kia,Sportage,2018,SUV,Automatic,FRONT,Unleaded,7.9,4,4,5,24950
Kia,Sorento,2018,SUV,Automatic,FRONT,Unleaded,10,6,4,7,31950
Kia,Cerato,2018,Hatchback,Automatic,FRONT,Unleaded,7.3,4,5,5,22888
Kia,Sorento,2018,SUV,Automatic,AWD,Diesel,7.2,4,4,7,33680
Kia,Carnival,2018,Wagon,Automatic,FRONT,Diesel,7.7,4,4,8,26990
Kia,Picanto,2018,Hatchback,Automatic,FRONT,Unleaded,5.8,4,5,5,21999
Kia,Sportage,2018,SUV,Automatic,AWD,Diesel,6.4,4,4,5,32998
Kia,Sportage,2018,SUV,Automatic,AWD,Diesel,6.4,4,4,5,23998
Kia,Cerato,2018,Hatchback,Automatic,FRONT,Unleaded,7.4,4,5,5,22990
Kia,Rio,2018,Hatchback,Automatic,FRONT,Unleaded,6.2,4,5,5,18490
Kia,Sportage,2018,SUV,Automatic,FRONT,Unleaded,7.9,4,4,5,23500
Kia,Stinger,2018,Sedan,Automatic,REAR,Unleaded,10.2,6,4,5,58777
Kia,Cerato,2018,Sedan,Automatic,FRONT,Unleaded,7.3,4,4,5,26993
Kia,Sorento,2018,SUV,Automatic,AWD,Diesel,7.2,4,4,7,37990
Kia,Carnival,2018,Wagon,Automatic,FRONT,Unleaded,11.6,6,4,8,33888
Kia,Sorento,2018,SUV,Automatic,AWD,Diesel,7.2,4,4,7,34888
Kia,Cerato,2018,Sedan,Automatic,FRONT,Unleaded,7.1,4,4,5,18990
Kia,Cerato,2018,Hatchback,Automatic,FRONT,Unleaded,7.1,4,5,5,21290
Kia,Sportage,2018,Wagon,Automatic,FRONT,Unleaded,NA,NA,NA,NA,23999
Kia,Rio,2018,Hatchback,Automatic,FRONT,Unleaded,6.2,4,5,5,18990
Kia,Cerato,2018,Hatchback,Automatic,FRONT,Unleaded,7.1,4,5,5,20990
Kia,Carnival,2018,Wagon,Automatic,FRONT,Diesel,7.7,4,4,8,36480
Kia,Sorento,2018,SUV,Automatic,FRONT,Unleaded,10,6,4,7,31966
Kia,Picanto,2018,Hatchback,Manual,FRONT,Unleaded,5,4,5,5,15977
Kia,Carnival,2018,Wagon,Automatic,FRONT,Diesel,7.7,4,4,8,37990
Kia,Picanto,2018,Hatchback,Automatic,FRONT,Unleaded,5.8,4,5,5,16990
Kia,Picanto,2018,Hatchback,Manual,FRONT,Unleaded,5,4,5,5,17999
Kia,Sportage,2018,SUV,Automatic,FRONT,Unleaded,7.9,4,4,5,23990
Kia,Cerato,2018,Hatchback,Automatic,FRONT,Unleaded,7.1,4,5,5,20998
Kia,Sportage,2018,SUV,Automatic,AWD,Diesel,6.4,4,4,5,29799
Kia,Sportage,2018,SUV,Automatic,FRONT,Unleaded,7.9,4,4,5,27999
Kia,Rio,2018,Hatchback,Automatic,FRONT,Unleaded,6.2,4,5,5,20990
Kia,Carnival,2018,Wagon,Automatic,FRONT,Unleaded,11.6,6,4,8,32999
Kia,Sorento,2018,SUV,Automatic,AWD,Diesel,7.2,4,4,7,43490
Kia,Picanto,2018,Hatchback,Automatic,FRONT,Unleaded,5.8,4,5,5,18499
Kia,Carnival,2018,Wagon,Automatic,FRONT,Unleaded,11.6,6,4,8,34880
Kia,Sportage,2018,SUV,Automatic,FRONT,Unleaded,7.9,4,4,5,27990
Kia,Cerato,2018,Sedan,Automatic,FRONT,Unleaded,NA,NA,5,NA,18750
Kia,Rio,2018,Hatchback,Automatic,FRONT,Unleaded,6.2,4,5,5,23990
Kia,Cerato,2019,Hatchback,Automatic,FRONT,Unleaded,7.4,4,5,5,24995
Kia,Cerato,2019,Hatchback,Automatic,FRONT,Unleaded,7.4,4,5,5,22990
Kia,Stinger,2019,Sedan,Automatic,REAR,Unleaded,10.2,6,4,5,50990
Kia,Optima,2019,Sedan,Automatic,FRONT,Unleaded,8.3,4,4,5,23990
Kia,Carnival,2019,Wagon,Automatic,FRONT,Unleaded,10.8,6,4,8,33280
Kia,Cerato,2019,Hatchback,Automatic,FRONT,Unleaded,7.4,4,5,5,21990
Kia,Stinger,2019,Sedan,Automatic,REAR,Unleaded,10.2,6,4,5,49990
Kia,Cerato,2019,Hatchback,Automatic,FRONT,Unleaded,7.4,4,5,5,23990
Kia,Sportage,2019,SUV,Automatic,FRONT,Unleaded,7.9,4,4,5,29990
Kia,Carnival,2019,Wagon,Automatic,FRONT,Diesel,7.6,4,4,8,37888
Kia,Cerato,2019,Hatchback,Automatic,FRONT,Unleaded,7.4,4,5,5,26990
Kia,Cerato,2019,Hatchback,Automatic,FRONT,Unleaded,7.4,4,5,5,27990
Kia,Cerato,2019,Sedan,Automatic,FRONT,Unleaded,7.4,4,4,5,24990
Kia,Cerato,2019,Hatchback,Automatic,FRONT,Unleaded,7.4,4,5,5,18800
Kia,Carnival,2019,Wagon,Automatic,FRONT,Unleaded,11.6,6,4,8,36990
Kia,Cerato,2019,Hatchback,Automatic,FRONT,Unleaded,6.8,4,5,5,29990
Kia,Rio,2019,Hatchback,Automatic,FRONT,Unleaded,6.2,4,5,5,20990
Kia,Cerato,2019,Hatchback,Automatic,FRONT,Unleaded,7.4,4,5,5,21800
Kia,Sportage,2019,SUV,Automatic,FRONT,Unleaded,7.9,4,4,5,27950
Kia,Sportage,2019,SUV,Automatic,FRONT,Unleaded,7.9,4,4,5,26990
Kia,Stinger,2019,Sedan,Automatic,REAR,Unleaded,10.2,6,4,5,49999
Kia,Optima,2019,Sedan,Automatic,FRONT,Unleaded,8.3,4,4,5,24990
Kia,Stinger,2019,Sedan,Automatic,REAR,Unleaded,10.2,6,4,5,54950
Kia,Cerato,2019,Hatchback,Automatic,FRONT,Unleaded,7.4,4,5,5,24990
Kia,Cerato,2019,Sedan,Automatic,FRONT,Unleaded,7.4,4,4,5,20248
Kia,Stinger,2019,Sedan,Automatic,REAR,Unleaded,10.2,6,4,5,53950
Kia,Stinger,2019,Sedan,Automatic,REAR,Unleaded,10.2,6,4,5,41990
Kia,Cerato,2019,Sedan,Automatic,FRONT,Unleaded,7.4,4,4,5,21990
Kia,Sorento,2019,SUV,Automatic,AWD,Diesel,7.2,4,4,7,34990
Kia,Sorento,2019,SUV,Automatic,AWD,Diesel,7.2,4,4,7,38990
Kia,Carnival,2019,Wagon,Automatic,FRONT,Unleaded,10.8,6,4,8,30980
Kia,Cerato,2019,Sedan,Automatic,FRONT,Unleaded,6.8,4,4,5,33990
Kia,Carnival,2019,Wagon,Automatic,FRONT,Diesel,7.6,4,4,8,38990
Kia,Cerato,2019,Sedan,Automatic,FRONT,Unleaded,7.4,4,4,5,19990
Kia,Carnival,2019,Wagon,Automatic,FRONT,Unleaded,10.8,6,4,8,47990
Kia,Sorento,2019,SUV,Automatic,FRONT,Unleaded,10,6,4,7,30999
Kia,Cerato,2019,Sedan,Automatic,FRONT,Unleaded,7.4,4,4,5,24999
Kia,Picanto,2019,Hatchback,Automatic,FRONT,Unleaded,5.8,4,5,5,18800
Kia,Cerato,2019,Hatchback,Automatic,FRONT,Unleaded,6.8,4,5,5,32950
Kia,Cerato,2019,Sedan,Automatic,FRONT,Unleaded,7.4,4,4,5,21870
Kia,Stinger,2019,Sedan,Automatic,REAR,Unleaded,8.8,4,4,5,41986
Kia,Sportage,2019,SUV,Automatic,FRONT,Unleaded,7.9,4,4,5,29995
Kia,Sorento,2019,SUV,Automatic,AWD,Diesel,7.2,4,4,7,35830
Kia,Carnival,2019,Wagon,Automatic,FRONT,Unleaded,11.6,6,4,8,38990
Kia,Sportage,2019,SUV,Automatic,FRONT,Unleaded,7.9,4,4,5,32999
Kia,Sportage,2019,SUV,Automatic,FRONT,Unleaded,7.9,4,4,5,27990
Kia,Carnival,2019,Wagon,Automatic,FRONT,Diesel,7.6,4,4,8,39990
Kia,Stinger,2019,Sedan,Automatic,REAR,Unleaded,10.2,6,4,5,57900
Kia,Seltos,2019,SUV,Automatic,AWD,Unleaded,7.6,4,4,5,36990
Kia,Sportage,2019,SUV,Automatic,AWD,Unleaded,8.5,4,4,5,38490
Kia,Sportage,2019,SUV,Automatic,FRONT,Unleaded,7.9,4,4,5,31880
Kia,Carnival,2019,Wagon,Automatic,FRONT,Diesel,7.7,4,4,8,38880
Kia,Sorento,2019,SUV,Automatic,AWD,Diesel,7.2,4,4,7,43990
Kia,Sorento,2019,SUV,Automatic,FRONT,Unleaded,10,6,4,7,31990
Kia,Picanto,2019,Hatchback,Automatic,FRONT,Unleaded,5.8,4,5,5,19775
Kia,Sorento,2019,SUV,Automatic,AWD,Diesel,7.2,4,4,7,39780
Kia,Stinger,2019,Sedan,Automatic,REAR,Unleaded,10.2,6,4,5,56888
Kia,Carnival,2019,Wagon,Automatic,FRONT,Diesel,7.7,4,4,8,49888
Kia,Sportage,2019,SUV,Automatic,FRONT,Unleaded,7.9,4,4,5,28987
Kia,Carnival,2019,Wagon,Automatic,FRONT,Unleaded,11.6,6,4,8,41990
Kia,Cerato,2019,Hatchback,Automatic,FRONT,Unleaded,7.4,4,5,5,23888
Kia,Cerato,2019,Hatchback,Automatic,FRONT,Unleaded,7.4,4,5,5,21000
Kia,Sportage,2019,SUV,Automatic,FRONT,Unleaded,7.9,4,4,5,22490
Kia,Rio,2019,Hatchback,Automatic,FRONT,Unleaded,6.2,4,5,5,20868
Kia,Sportage,2019,SUV,Automatic,FRONT,Unleaded,7.9,4,4,5,26277
Kia,Sorento,2019,SUV,Automatic,AWD,Diesel,7.2,4,4,7,37999
Kia,Cerato,2019,Hatchback,Automatic,FRONT,Unleaded,6.8,4,5,5,28990
Kia,Stinger,2019,Sedan,Automatic,REAR,Unleaded,10.2,6,4,5,49888
Kia,Carnival,2019,Wagon,Automatic,FRONT,Diesel,7.6,4,4,8,39987
Kia,Carnival,2019,Wagon,Automatic,FRONT,Diesel,7.7,4,4,8,36990
Kia,Seltos,2019,SUV,Automatic,AWD,Unleaded,7.6,4,4,5,38990
Kia,Cerato,2019,Sedan,Automatic,FRONT,Unleaded,7.4,4,4,5,22999
Kia,Cerato,2019,Sedan,Automatic,FRONT,Unleaded,7.4,4,4,5,26890
Kia,Cerato,2019,Hatchback,Automatic,FRONT,Unleaded,7.4,4,5,5,23291
Kia,Seltos,2019,SUV,Automatic,AWD,Unleaded,7.6,4,4,5,39990
Kia,Sportage,2019,SUV,Automatic,AWD,Diesel,6.4,4,4,5,39880
Kia,Cerato,2019,Sedan,Automatic,FRONT,Unleaded,7.4,4,4,5,22980
Kia,Carnival,2019,Wagon,Automatic,FRONT,Unleaded,10.8,6,4,8,37990
Kia,Stinger,2019,Sedan,Automatic,REAR,Unleaded,10.2,6,4,5,47990
Kia,Carnival,2019,Wagon,Automatic,FRONT,Unleaded,10.8,6,4,8,35950
Kia,Cerato,2019,Hatchback,Automatic,FRONT,Unleaded,6.8,4,5,5,29999
Kia,Rio,2019,Hatchback,Automatic,FRONT,Unleaded,6.2,4,5,5,18990
Kia,Picanto,2019,Hatchback,Automatic,FRONT,Unleaded,5.8,4,5,5,20999
Kia,Cerato,2019,Hatchback,Automatic,FRONT,Unleaded,7.4,4,5,5,18990
Kia,Stinger,2019,Sedan,Automatic,REAR,Unleaded,10.2,6,4,5,56990
Kia,Cerato,2019,Sedan,Automatic,FRONT,Unleaded,7.4,4,4,5,20990
Kia,Sorento,2019,SUV,Automatic,AWD,Diesel,7.2,4,4,7,35990
Kia,Cerato,2019,Sedan,Automatic,FRONT,Unleaded,6.8,4,4,5,28999
Kia,Carnival,2019,Wagon,Automatic,FRONT,Diesel,7.7,4,4,8,53999
Kia,Carnival,2019,Wagon,Automatic,FRONT,Unleaded,11.6,6,4,8,33990
Kia,Carnival,2019,Wagon,Automatic,FRONT,Unleaded,10.8,6,4,8,35888
Kia,Carnival,2019,Wagon,Automatic,FRONT,Diesel,7.7,4,4,8,38988
Kia,Seltos,2019,SUV,Automatic,FRONT,Unleaded,6.8,4,4,5,28999
Kia,Carnival,2019,Wagon,Automatic,FRONT,Unleaded,10.8,6,4,8,35988
Kia,Carnival,2019,Wagon,Automatic,FRONT,Unleaded,10.8,6,4,8,35300
Kia,Cerato,2019,Hatchback,Automatic,FRONT,Unleaded,7.4,4,5,5,22999
Kia,Sportage,2019,SUV,Automatic,FRONT,Unleaded,7.9,4,4,5,29999
Kia,Cerato,2019,Sedan,Automatic,FRONT,Unleaded,7.4,4,4,5,23490
Kia,Carnival,2019,Wagon,Automatic,FRONT,Diesel,7.6,4,4,8,44990
Kia,Sorento,2019,SUV,Automatic,AWD,Diesel,7.2,4,4,7,47990
Kia,Carnival,2019,Wagon,Automatic,FRONT,Unleaded,11.6,6,4,8,42990
Kia,Cerato,2019,Sedan,Automatic,FRONT,Unleaded,7.4,4,4,5,23930
Kia,Rio,2019,Hatchback,Automatic,FRONT,Unleaded,6.2,4,5,5,21888
Kia,Stinger,2019,Sedan,Automatic,REAR,Unleaded,10.2,6,4,5,54990
Kia,Cerato,2019,Hatchback,Automatic,FRONT,Unleaded,7.4,4,5,5,22950
Kia,Cerato,2019,Sedan,Automatic,FRONT,Unleaded,6.8,4,4,5,29990
Kia,Stinger,2020,Sedan,Automatic,REAR,Unleaded,10.2,6,4,5,55888
Kia,Rio,2020,Hatchback,Automatic,FRONT,Unleaded,6,4,5,5,21800
Kia,Sportage,2020,SUV,Automatic,FRONT,Unleaded,7.9,4,4,5,29900
Kia,Stinger,2020,Sedan,Automatic,REAR,Unleaded,10.2,6,4,5,54800
Kia,Cerato,2020,Hatchback,Automatic,FRONT,Unleaded,7.4,4,5,5,24888
Kia,Rio,2020,Hatchback,Automatic,FRONT,Unleaded,6.2,4,5,5,21990
Kia,Cerato,2020,Hatchback,Automatic,FRONT,Unleaded,7.4,4,5,5,23980
Kia,Cerato,2020,Sedan,Automatic,FRONT,Unleaded,7.4,4,4,5,23980
Kia,Cerato,2020,Sedan,Automatic,FRONT,Unleaded,7.4,4,4,5,25990
Kia,Cerato,2020,Hatchback,Automatic,FRONT,Unleaded,7.4,4,5,5,22888
Kia,Cerato,2020,Sedan,Automatic,FRONT,Unleaded,7.4,4,4,5,23900
Kia,Cerato,2020,Sedan,Automatic,FRONT,Unleaded,7.4,4,4,5,24990
Kia,Cerato,2020,Hatchback,Automatic,FRONT,Unleaded,7.4,4,5,5,23900
Kia,Cerato,2020,Sedan,Automatic,FRONT,Unleaded,7.4,4,4,5,23990
Kia,Cerato,2020,Hatchback,Automatic,FRONT,Unleaded,7.4,4,5,5,23990
Kia,Sportage,2020,SUV,Automatic,FRONT,Unleaded,7.9,4,4,5,31878
Kia,Cerato,2020,Hatchback,Automatic,FRONT,Unleaded,7.4,4,5,5,21950
Kia,Carnival,2020,Wagon,Automatic,FRONT,Diesel,7.6,4,4,8,38990
Kia,Cerato,2020,Hatchback,Automatic,FRONT,Unleaded,7.4,4,5,5,20990
Kia,Sportage,2020,SUV,Automatic,AWD,Diesel,6.4,4,4,5,40490
Kia,Cerato,2020,Hatchback,Automatic,FRONT,Unleaded,7.4,4,5,5,22977
Kia,Seltos,2020,SUV,Automatic,FRONT,Unleaded,6.8,4,4,5,33990
Kia,Cerato,2020,Hatchback,Automatic,FRONT,Unleaded,NA,NA,NA,NA,22990
Kia,Cerato,2020,Hatchback,Automatic,FRONT,Unleaded,NA,NA,NA,NA,22490
Kia,Carnival,2020,Wagon,Automatic,FRONT,Diesel,6.5,4,4,8,62990
Kia,Sorento,2020,SUV,Automatic,FRONT,Unleaded,9.7,6,4,7,41990
Kia,Rio,2020,Hatchback,Automatic,FRONT,Unleaded,5.4,3,5,5,23999
Kia,Sportage,2020,SUV,Automatic,FRONT,Unleaded,7.9,4,4,5,31990
Kia,Carnival,2020,Wagon,Automatic,FRONT,Diesel,6.5,4,4,8,45990
Kia,Stinger,2020,Sedan,Automatic,REAR,Unleaded,10.2,6,4,5,59990
Kia,Cerato,2020,Hatchback,Automatic,FRONT,Unleaded,7.4,4,5,5,25750
Kia,Cerato,2020,Hatchback,Automatic,FRONT,Unleaded,7.4,4,5,5,21888
Kia,Cerato,2020,Hatchback,Automatic,FRONT,Unleaded,6.8,4,5,5,28388
Kia,Rio,2020,Hatchback,Automatic,FRONT,Unleaded,5.4,3,5,5,25990
Kia,Sportage,2020,SUV,Automatic,FRONT,Unleaded,7.9,4,4,5,25800
Kia,Cerato,2020,Hatchback,Automatic,FRONT,Unleaded,7.4,4,5,5,26995
Kia,Cerato,2020,Sedan,Automatic,FRONT,Unleaded,7.4,4,4,5,21888
Kia,Rio,2020,Hatchback,Automatic,FRONT,Unleaded,6.2,4,5,5,21590
Kia,Carnival,2020,Wagon,Automatic,FRONT,Diesel,7.6,4,4,8,36670
Kia,Stinger,2020,Sedan,Automatic,REAR,Unleaded,8.8,4,4,5,47950
Kia,Cerato,2020,Sedan,Automatic,FRONT,Unleaded,7.4,4,4,5,27930
Kia,Sportage,2020,SUV,Automatic,FRONT,Unleaded,7.9,4,4,5,28980
Kia,Cerato,2020,Hatchback,Automatic,FRONT,Unleaded,6.8,4,5,5,33888
Kia,Sorento,2020,SUV,Automatic,AWD,Diesel,6.1,4,4,7,48990
Kia,Sorento,2020,SUV,Automatic,FRONT,Unleaded,9.7,6,4,7,48779
Kia,Carnival,2020,Wagon,Automatic,FRONT,Diesel,7.6,4,4,8,39990
Kia,Cerato,2020,Hatchback,Automatic,FRONT,Unleaded,7.4,4,5,5,27490
Kia,Sportage,2020,SUV,Automatic,FRONT,Unleaded,7.9,4,4,5,29990
Kia,Rio,2020,Hatchback,Automatic,FRONT,Unleaded,6.2,4,5,5,19670
Kia,Picanto,2020,Hatchback,Automatic,FRONT,Unleaded,5.8,4,5,5,22990
Kia,Cerato,2020,Hatchback,Automatic,FRONT,Unleaded,7.4,4,5,5,28988
Kia,Picanto,2020,Hatchback,Automatic,FRONT,Unleaded,5.8,4,5,5,18988
Kia,Cerato,2020,Hatchback,Automatic,FRONT,Unleaded,7.4,4,5,5,26500
Kia,Sportage,2020,SUV,Automatic,FRONT,Unleaded,7.9,4,4,5,33888
Kia,Cerato,2020,Sedan,Automatic,FRONT,Unleaded,6.8,4,4,5,28999
Kia,Sorento,2020,SUV,Automatic,FRONT,Unleaded,9.7,6,4,7,58900
Kia,Picanto,2020,Hatchback,Automatic,FRONT,Unleaded,5.8,4,5,5,21987
Kia,Sorento,2020,SUV,Automatic,AWD,Diesel,6.1,4,4,7,41990
Kia,Cerato,2020,Sedan,Automatic,FRONT,Unleaded,7.4,4,4,5,26990
Kia,Rio,2020,Hatchback,Automatic,FRONT,Unleaded,6.2,4,5,5,21970
Kia,Sportage,2020,SUV,Automatic,FRONT,Unleaded,7.9,4,4,5,32990
Kia,Rio,2020,Hatchback,Automatic,FRONT,Unleaded,5.4,3,5,5,27990
Kia,Cerato,2020,Sedan,Automatic,FRONT,Unleaded,6.8,4,4,5,32990
Kia,Cerato,2020,Hatchback,Automatic,FRONT,Unleaded,7.4,4,5,5,24950
Kia,Cerato,2020,Sedan,Automatic,FRONT,Unleaded,7.4,4,4,5,26999
Kia,Cerato,2020,Sedan,Automatic,FRONT,Unleaded,7.4,4,4,5,23498
Kia,Picanto,2020,Hatchback,Automatic,FRONT,Unleaded,5.8,4,5,5,20490
Kia,Cerato,2020,Sedan,Automatic,FRONT,Unleaded,7.4,4,4,5,26980
Kia,Cerato,2020,Sedan,Automatic,FRONT,Unleaded,7.4,4,4,5,25490
Kia,Cerato,2020,Hatchback,Automatic,FRONT,Unleaded,7.4,4,5,5,25490
Kia,Sportage,2020,SUV,Automatic,FRONT,Unleaded,NA,NA,NA,NA,28868
Kia,Cerato,2020,Sedan,Automatic,FRONT,Unleaded,6.8,4,4,5,33990
Kia,Sportage,2020,SUV,Automatic,FRONT,Unleaded,NA,NA,NA,NA,29868
Kia,Cerato,2020,Sedan,Automatic,FRONT,Unleaded,7.4,4,4,5,26868
Kia,Carnival,2020,Wagon,Automatic,FRONT,Unleaded,10.8,6,4,8,38990
Kia,Cerato,2020,Sedan,Automatic,FRONT,Unleaded,6.8,4,4,5,31990
Kia,Carnival,2020,Wagon,Automatic,FRONT,Unleaded,10.8,6,4,8,40880
Kia,Sorento,2020,SUV,Automatic,AWD,Diesel,6.1,4,4,7,59888
Kia,Cerato,2020,Sedan,Automatic,FRONT,Unleaded,7.4,4,4,5,24950
Kia,Stinger,2020,Sedan,Automatic,REAR,Unleaded,10.2,6,4,5,56990
Kia,Picanto,2020,Hatchback,Automatic,FRONT,Unleaded,5.8,4,5,5,20990
Kia,Sorento,2020,SUV,Automatic,AWD,Diesel,6.1,4,4,7,42490
Kia,Picanto,2020,Hatchback,Automatic,FRONT,Unleaded,5.8,4,5,5,19868
Kia,Carnival,2020,Wagon,Automatic,FRONT,Diesel,7.6,4,4,8,41990
Kia,Picanto,2020,Hatchback,Automatic,FRONT,Unleaded,5.8,4,5,5,18990
Kia,Stinger,2020,Sedan,Automatic,REAR,Unleaded,10.2,6,4,5,40990
Kia,Sorento,2020,SUV,Automatic,AWD,Diesel,6.1,4,4,7,52730
Kia,Cerato,2020,Hatchback,Automatic,FRONT,Unleaded,7.4,4,5,5,26980
Kia,Carnival,2020,Wagon,Automatic,FRONT,Unleaded,10.8,6,4,8,39990
Kia,Cerato,2020,Hatchback,Automatic,FRONT,Unleaded,7.4,4,5,5,22980
Kia,Cerato,2020,Hatchback,Automatic,FRONT,Unleaded,7.4,4,5,5,24990
Kia,Cerato,2020,Sedan,Automatic,FRONT,Unleaded,6.8,4,4,5,29990
Kia,Cerato,2020,Sedan,Automatic,FRONT,Unleaded,7.4,4,4,5,21490
Kia,Sorento,2020,SUV,Automatic,FRONT,Unleaded,9.7,6,4,7,42990
Kia,Rio,2020,Hatchback,Automatic,FRONT,Unleaded,6.2,4,5,5,22350
Kia,Sportage,2020,SUV,Automatic,FRONT,Unleaded,7.9,4,4,5,27990
Kia,Stinger,2020,Sedan,Automatic,REAR,Unleaded,10.2,6,4,5,54850
Kia,Cerato,2020,Hatchback,Automatic,FRONT,Unleaded,7.4,4,5,5,23977
Kia,Sportage,2020,SUV,Automatic,FRONT,Unleaded,7.9,4,4,5,32999
Kia,Carnival,2020,Wagon,Automatic,FRONT,Unleaded,10.8,6,4,8,30950
Kia,Cerato,2020,Hatchback,Automatic,FRONT,Unleaded,7.4,4,5,5,23988
Kia,Cerato,2020,Sedan,Automatic,FRONT,Unleaded,7.4,4,4,5,23977
Kia,Sorento,2020,SUV,Automatic,FRONT,Unleaded,10,6,4,7,36878
Kia,Cerato,2020,Sedan,Automatic,FRONT,Unleaded,7.4,4,4,5,23999
Kia,Carnival,2020,Wagon,Automatic,FRONT,Unleaded,10.8,6,4,8,35990
Kia,Cerato,2020,Hatchback,Automatic,FRONT,Unleaded,7.4,4,5,5,21997
Kia,Sportage,2020,SUV,Automatic,AWD,Diesel,6.4,4,4,5,30990
Kia,Carnival,2020,Wagon,Automatic,FRONT,Unleaded,10.8,6,4,8,39888
Kia,Picanto,2020,Hatchback,Automatic,FRONT,Unleaded,5.8,4,5,5,23950
Kia,Sorento,2020,SUV,Automatic,AWD,Diesel,6.1,4,4,7,56990
Kia,Sportage,2020,SUV,Automatic,FRONT,Unleaded,7.9,4,4,5,30990
Kia,Cerato,2020,Sedan,Automatic,FRONT,Unleaded,7.4,4,4,5,25450
Kia,Picanto,2021,Hatchback,Automatic,FRONT,Unleaded,5.8,4,5,5,20444
Kia,Carnival,2021,Wagon,Automatic,FRONT,Unleaded,9.6,6,4,8,64888
Kia,Niro,2021,SUV,Automatic,FRONT,Hybrid,3.8,4,4,5,32980
Kia,Stonic,2021,SUV,Automatic,FRONT,Unleaded,6.7,4,4,5,23980
Kia,Picanto,2021,Hatchback,Automatic,FRONT,Unleaded,5.8,4,5,5,19990
Kia,Cerato,2021,Hatchback,Automatic,FRONT,Unleaded,6.8,4,5,5,36950
Kia,Sportage,2021,SUV,Automatic,FRONT,Unleaded,7.9,4,4,5,29900
Kia,Cerato,2021,Sedan,Automatic,FRONT,Unleaded,6.8,4,4,5,34990
Kia,Stonic,2021,SUV,Automatic,FRONT,Unleaded,6.7,4,4,5,24474
Kia,Stinger,2021,Sedan,Automatic,REAR,Unleaded,10.2,6,4,5,62490
Kia,Carnival,2021,Wagon,Automatic,FRONT,Diesel,6.5,4,4,8,47800
Kia,Carnival,2021,Wagon,Automatic,FRONT,Diesel,6.5,4,4,8,47990
Kia,Stonic,2021,SUV,Automatic,FRONT,Unleaded,6.7,4,4,5,22990
Kia,Sorento,2021,SUV,Automatic,FRONT,Unleaded,9.7,6,4,7,54990
Kia,Sportage,2021,SUV,Automatic,AWD,Unleaded,7.2,4,4,5,55888
Kia,Niro,2021,SUV,Automatic,FRONT,Electric,0,0,4,5,46990
Kia,Carnival,2021,Wagon,Automatic,FRONT,Unleaded,9.6,6,4,8,41888
Kia,Sportage,2021,SUV,Automatic,FRONT,Unleaded,7.9,4,4,5,28990
Kia,Carnival,2021,Wagon,Automatic,FRONT,Unleaded,9.6,6,4,8,47990
Kia,Cerato,2021,Sedan,Automatic,FRONT,Unleaded,6.8,4,4,5,33990
Kia,Cerato,2021,Hatchback,Automatic,FRONT,Unleaded,6.8,4,5,5,31990
Kia,Rio,2021,Hatchback,Automatic,FRONT,Unleaded,5.4,3,5,5,28873
Kia,Sportage,2021,SUV,Automatic,FRONT,Unleaded,7.9,4,4,5,28730
Kia,Picanto,2021,Hatchback,Automatic,FRONT,Unleaded,5.8,4,5,5,22750
Kia,Carnival,2021,Wagon,Automatic,FRONT,Unleaded,9.6,6,4,8,49888
Kia,Sportage,2021,SUV,Automatic,FRONT,Unleaded,7.9,4,4,5,30890
Kia,Picanto,2021,Hatchback,Automatic,FRONT,Unleaded,5.8,4,5,5,20990
Kia,Seltos,2021,SUV,Automatic,FRONT,Unleaded,6.8,4,4,5,35990
Kia,Cerato,2021,Hatchback,Automatic,FRONT,Unleaded,6.8,4,5,5,41444
Kia,Picanto,2021,Hatchback,Manual,FRONT,Unleaded,5,4,5,5,19990
Kia,Stonic,2021,SUV,Automatic,FRONT,Unleaded,6.7,4,4,5,25990
Kia,Sorento,2021,SUV,Automatic,AWD,Diesel,6.1,4,4,7,57990
Kia,Sportage,2021,SUV,Automatic,AWD,Diesel,6.3,4,4,5,64990
Kia,Seltos,2021,SUV,Automatic,FRONT,Unleaded,6.8,4,4,5,34999
Kia,Carnival,2021,Wagon,Automatic,FRONT,Diesel,6.5,4,4,8,42888
Kia,Sportage,2021,SUV,Automatic,AWD,Unleaded,8.5,4,4,5,44928
Kia,Carnival,2021,Wagon,Automatic,FRONT,Diesel,6.5,4,4,8,48888
Kia,Cerato,2021,Sedan,Automatic,FRONT,Unleaded,6.8,4,4,5,37990
Kia,Picanto,2021,Hatchback,Automatic,FRONT,Unleaded,5.8,4,5,5,19777
Kia,Cerato,2021,Sedan,Automatic,FRONT,Unleaded,7.4,4,4,5,24490
Kia,Picanto,2021,Hatchback,Automatic,FRONT,Unleaded,5.8,4,5,5,19868
Kia,Stonic,2021,SUV,Automatic,FRONT,-,5.4,3,4,5,29888
Kia,Cerato,2021,Hatchback,Automatic,FRONT,Unleaded,7.4,4,5,5,24998
Kia,Cerato,2021,Sedan,Automatic,FRONT,Unleaded,7.4,4,4,5,26490
Kia,Cerato,2021,Hatchback,Automatic,FRONT,Unleaded,7.4,4,5,5,28990
Kia,Stonic,2021,SUV,Automatic,FRONT,Unleaded,6.7,4,4,5,24410
Kia,Cerato,2021,Sedan,Automatic,FRONT,Unleaded,6.8,4,4,5,38990
Kia,Cerato,2021,Hatchback,Automatic,FRONT,Unleaded,7.4,4,5,5,29990
Kia,Stonic,2021,SUV,Automatic,FRONT,Unleaded,6.7,4,4,5,23998
Kia,Cerato,2021,Sedan,Automatic,FRONT,Unleaded,7.4,4,4,5,27990
Kia,Cerato,2021,Sedan,Automatic,FRONT,Unleaded,7.4,4,4,5,25925
Kia,Stinger,2021,Sedan,Automatic,REAR,Unleaded,10.2,6,4,5,63340
Kia,Stonic,2021,SUV,Automatic,FRONT,Unleaded,6.7,4,4,5,25995
Kia,Carnival,2021,Wagon,Automatic,FRONT,Diesel,6.5,4,4,8,51710
Kia,Sorento,2021,SUV,Automatic,FRONT,Unleaded,9.7,6,4,7,64888
Kia,Stonic,2021,SUV,Automatic,FRONT,Unleaded,6.7,4,4,5,27990
Kia,Cerato,2021,Sedan,Automatic,FRONT,Unleaded,6.8,4,4,5,35990
Kia,Stonic,2021,SUV,Automatic,FRONT,-,5.4,3,4,5,33967
Kia,Cerato,2021,Hatchback,Automatic,FRONT,Unleaded,7.4,4,5,5,32990
Kia,Cerato,2021,Hatchback,Automatic,FRONT,Unleaded,7.4,4,5,5,27868
Kia,Stonic,2021,SUV,Automatic,FRONT,-,5.4,3,4,5,27490
Kia,Stinger,2021,Sedan,Automatic,REAR,Unleaded,10.2,6,4,5,64888
Kia,Rio,2021,Hatchback,Automatic,FRONT,Unleaded,6.2,4,5,5,22888
Kia,Sportage,2021,SUV,Automatic,AWD,Unleaded,7.2,4,4,5,56499
Kia,Seltos,2021,SUV,Automatic,FRONT,Unleaded,6.8,4,4,5,35980
Kia,Cerato,2021,Hatchback,Automatic,FRONT,Unleaded,7.4,4,5,5,27990
Kia,Cerato,2021,Sedan,Automatic,FRONT,Unleaded,6.8,4,4,5,35888
Kia,Sportage,2021,SUV,Automatic,FRONT,Unleaded,8.1,4,4,5,38888
Kia,Sportage,2021,SUV,Automatic,AWD,Diesel,6.3,4,4,5,62990
Kia,Cerato,2021,Hatchback,Automatic,FRONT,Unleaded,6.8,4,5,5,38999
Kia,Carnival,2021,Wagon,Automatic,FRONT,Unleaded,9.6,6,4,8,48990
Kia,Stonic,2021,SUV,Automatic,FRONT,Unleaded,6.7,4,4,5,23990
Kia,Sportage,2021,SUV,Automatic,FRONT,Unleaded,7.9,4,4,5,29480
Kia,Carnival,2021,Wagon,Automatic,FRONT,Unleaded,9.6,6,4,8,44999
Kia,Stonic,2022,SUV,Automatic,FRONT,Unleaded,6.7,4,4,5,24990
Kia,Seltos,2022,SUV,Automatic,AWD,Unleaded,7.4,4,4,5,52888
Kia,Rio,2022,Hatchback,Automatic,FRONT,Unleaded,6,4,5,5,26990
Kia,Picanto,2022,Hatchback,Automatic,FRONT,Unleaded,5.8,4,5,5,23990
Kia,Stonic,2022,SUV,Automatic,FRONT,-,5.4,3,4,5,32990
Kia,Stinger,2022,NA,Automatic,REAR,Unleaded,NA,NA,NA,NA,69950
Kia,Cerato,2022,Hatchback,Automatic,FRONT,Unleaded,7.4,4,5,5,32990
Kia,Sportage,2022,SUV,Automatic,AWD,Diesel,6.3,4,4,5,41888
Kia,Picanto,2022,Hatchback,Automatic,FRONT,Unleaded,5.8,4,5,5,23888
Kia,Stonic,2022,SUV,Automatic,FRONT,Unleaded,6.7,4,4,5,22885
Kia,Cerato,2022,Sedan,Automatic,FRONT,Unleaded,6.9,4,4,5,35800
Kia,Stonic,2022,SUV,Automatic,FRONT,Unleaded,6.7,4,4,5,28945
Kia,Seltos,2022,SUV,Automatic,AWD,Unleaded,7.4,4,4,5,53800
Kia,Cerato,2022,Hatchback,Automatic,FRONT,Unleaded,6.8,4,5,5,41990
Kia,Stinger,2022,Sedan,Automatic,REAR,Unleaded,10.2,6,4,5,64990
Kia,Carnival,2022,Wagon,Automatic,FRONT,Diesel,6.5,4,4,8,56990
Kia,Sportage,2022,SUV,Automatic,AWD,Unleaded,7.2,4,4,5,57990
Kia,Stinger,2022,NA,Automatic,OTHER,Unleaded,NA,NA,NA,NA,73300
Kia,Sorento,2022,SUV,Automatic,AWD,Diesel,6.1,4,4,7,59990
Kia,Cerato,2022,Sedan,Automatic,FRONT,Unleaded,6.9,4,4,5,36990
Kia,Cerato,2022,Hatchback,Automatic,FRONT,Unleaded,7.4,4,5,5,29990
Kia,Cerato,2022,Hatchback,Automatic,FRONT,Unleaded,7.4,4,5,5,27990
Kia,Cerato,2022,Hatchback,Automatic,FRONT,Unleaded,7.4,4,5,5,28990
Kia,Cerato,2022,Sedan,Automatic,FRONT,Unleaded,6.9,4,4,5,39999
Kia,Picanto,2022,Hatchback,Automatic,FRONT,Unleaded,5.8,4,5,5,19987
Kia,Cerato,2022,Hatchback,Automatic,FRONT,Unleaded,6.8,4,5,5,37290
Kia,Cerato,2022,Sedan,Automatic,FRONT,Unleaded,7.4,4,4,5,31990
Kia,Picanto,2022,Hatchback,Automatic,FRONT,Unleaded,5.8,4,5,5,18987
Kia,Ev6,2022,SUV,Automatic,AWD,Electric,0,0,4,5,90998
Kia,Picanto,2022,Hatchback,Automatic,FRONT,Unleaded,5.8,4,5,5,22510
Kia,Cerato,2022,Hatchback,Automatic,FRONT,Unleaded,6.8,4,5,5,36950
Kia,Carnival,2022,Wagon,Automatic,FRONT,Diesel,6.5,4,4,8,51990
Kia,Sorento,2022,SUV,Automatic,FRONT,Unleaded,9.7,6,4,7,49990
Kia,Stonic,2022,SUV,Automatic,FRONT,Unleaded,6.7,4,4,5,25990
Kia,Sportage,2022,SUV,Automatic,AWD,Diesel,6.3,4,4,5,43498
Kia,Niro,2022,SUV,Automatic,FRONT,Hybrid,4,4,4,5,45990
Kia,Stinger,2022,Sedan,Automatic,REAR,Unleaded,10.2,6,4,5,66990
Kia,Stonic,2022,SUV,Automatic,FRONT,Unleaded,6.7,4,4,5,30790
Kia,Stonic,2022,SUV,Automatic,FRONT,Unleaded,6.7,4,4,5,28990
Kia,Sportage,2022,SUV,Automatic,AWD,Diesel,6.3,4,4,5,42990
Kia,Sportage,2022,SUV,Automatic,AWD,Diesel,6.3,4,4,5,59999
Kia,Carnival,2022,Wagon,Automatic,FRONT,Unleaded,9.6,6,4,8,48965
Kia,Carnival,2022,Wagon,Automatic,FRONT,Unleaded,9.6,6,4,8,52999
Kia,Stinger,2022,Coupe,-,OTHER,-,NA,NA,NA,NA,71390
Kia,Niro,2022,SUV,Automatic,OTHER,Other,NA,NA,NA,NA,45990
Kia,Niro,2022,SUV,Automatic,FRONT,Hybrid,4,4,4,5,59888
Kia,Sorento,2022,SUV,Automatic,AWD,Diesel,6.1,4,4,7,58500
Kia,Picanto,2023,Hatchback,Automatic,FRONT,Unleaded,5.8,4,5,5,22990
Kia,Seltos,2023,SUV,Automatic,AWD,Unleaded,7.4,4,4,5,42499
Kia,Rio,2023,Hatchback,Automatic,OTHER,-,NA,NA,NA,NA,32490
Kia,Stinger,2023,NA,Automatic,REAR,Unleaded,NA,NA,NA,NA,69990
Kia,Ev6,2023,SUV,Automatic,AWD,Electric,0,0,4,5,115043
Kia,Ev6,2023,SUV,Automatic,REAR,Electric,0,0,4,5,72590
Kia,Stinger,2023,Sedan,Automatic,REAR,Unleaded,10.2,6,4,5,66460
Kia,Rio,2023,Hatchback,Manual,FRONT,Unleaded,5.6,4,5,5,19690
Kia,Stonic,2023,SUV,Manual,FRONT,-,6,4,4,5,25290
Kia,Sorento,2023,SUV,Automatic,AWD,Diesel,6.1,4,4,7,57850
Kia,Sorento,2023,SUV,Automatic,AWD,Hybrid,1.6,4,4,7,81080
Kia,Carnival,2023,Wagon,Automatic,FRONT,Unleaded,9.6,6,4,8,65580
Kia,Seltos,2023,SUV,Automatic,AWD,-,7.4,4,4,5,44900
Kia,Ev6,2023,SUV,Automatic,AWD,Electric,0,0,4,5,87590
Kia,Niro,2023,SUV,Automatic,FRONT,Electric,0,0,4,5,72360
Kia,Cerato,2023,Hatchback,Automatic,FRONT,Unleaded,7.4,4,5,5,28390
Kia,Seltos,2023,SUV,Automatic,AWD,Unleaded,7.4,4,4,5,42490
Land,Rover,2014,SUV,Automatic,AWD,Diesel,7.5,6,4,5,71950
Land,Rover,2014,SUV,Automatic,AWD,Diesel,7.5,6,4,5,55800
Land,Rover,2014,SUV,Automatic,AWD,Diesel,8.7,8,4,5,84900
Land,Rover,2014,Wagon,Automatic,OTHER,Diesel,NA,NA,NA,NA,41999
Land,Rover,2014,SUV,Automatic,AWD,Diesel,6,4,5,5,18999
Land,Rover,2014,Wagon,Automatic,OTHER,Diesel,NA,NA,NA,NA,23750
Land,Rover,2014,SUV,Automatic,AWD,Diesel,7.5,6,4,5,64990
Land,Rover,2014,Wagon,Automatic,OTHER,Diesel,NA,NA,NA,NA,74990
Land,Rover,2014,SUV,Automatic,AWD,Diesel,6,4,3,5,33990
Land,Rover,2014,SUV,Automatic,4WD,Diesel,9.3,6,4,7,39888
Land,Rover,2014,SUV,Automatic,4WD,Diesel,7,4,4,5,23990
Land,Rover,2014,SUV,Automatic,AWD,Diesel,7.5,6,4,5,64999
Land,Rover,2014,SUV,Automatic,AWD,Premium,11.3,6,4,5,59800
Land,Rover,2014,SUV,Automatic,AWD,Diesel,6,4,5,5,29990
Land,Rover,2014,SUV,Automatic,AWD,Diesel,6,4,5,5,25990
Land,Rover,2014,Wagon,Automatic,AWD,Diesel,NA,NA,NA,NA,89990
Land,Rover,2014,Wagon,Automatic,OTHER,-,NA,NA,NA,NA,46990
Land,Rover,2014,Wagon,Automatic,OTHER,Diesel,NA,NA,NA,NA,69990
Land,Rover,2014,SUV,Automatic,AWD,Diesel,7.5,6,4,5,54990
Land,Rover,2014,SUV,Automatic,AWD,Diesel,8.7,8,4,5,79900
Land,Rover,2015,SUV,Automatic,4WD,Diesel,8.8,6,4,7,54990
Land,Rover,2015,SUV,Automatic,AWD,Premium,13.8,8,4,5,119900
Land,Rover,2015,SUV,Automatic,AWD,Diesel,8.7,8,4,5,79800
Land,Rover,2015,SUV,Automatic,AWD,Diesel,6.1,4,4,5,36990
Land,Rover,2015,SUV,Automatic,4WD,Diesel,8.8,6,4,7,49800
Land,Rover,2015,SUV,Automatic,AWD,Premium,11.3,6,4,5,59800
Land,Rover,2015,SUV,Automatic,AWD,Premium,13.8,8,4,5,109950
Land,Rover,2015,SUV,Automatic,AWD,Premium,12.8,8,4,5,96800
Land,Rover,2015,SUV,Automatic,AWD,Premium,8,4,4,5,28990
Land,Rover,2015,SUV,Automatic,AWD,Diesel,6.1,4,4,5,29888
Land,Rover,2015,SUV,Automatic,AWD,Diesel,6.1,4,4,5,31990
Land,Rover,2015,SUV,Automatic,AWD,Premium,13.8,8,4,5,74900
Land,Rover,2015,SUV,Automatic,AWD,Diesel,7.5,6,4,5,59950
Land,Rover,2015,SUV,Automatic,AWD,Premium,13.8,8,4,5,82980
Land,Rover,2015,SUV,Automatic,AWD,Diesel,6,4,4,5,29990
Land,Rover,2015,Hatchback,Automatic,OTHER,Diesel,NA,NA,NA,NA,35999
Land,Rover,2015,SUV,Manual,AWD,Diesel,6.1,4,4,5,31999
Land,Rover,2015,SUV,Automatic,AWD,Premium,8,4,4,5,31998
Land,Rover,2015,SUV,Automatic,AWD,Diesel,6.1,4,4,5,34999
Land,Rover,2015,SUV,Automatic,AWD,Diesel,7.3,6,4,5,72995
Land,Rover,2015,SUV,Automatic,AWD,Diesel,6,4,5,5,32888
Land,Rover,2016,SUV,Automatic,AWD,Diesel,5.3,4,4,5,39950
Land,Rover,2016,SUV,Automatic,AWD,Diesel,7.3,6,4,5,59800
Land,Rover,2016,SUV,Automatic,AWD,Premium,11.3,6,4,5,58800
Land,Rover,2016,SUV,Automatic,AWD,Diesel,5.1,4,5,5,27999
Land,Rover,2016,SUV,Automatic,AWD,Premium,12.8,8,4,5,147880
Land,Rover,2016,SUV,Automatic,AWD,Diesel,6,4,4,5,34900
Land,Rover,2016,SUV,Automatic,AWD,Diesel,5.1,4,5,5,41990
Land,Rover,2016,SUV,Automatic,AWD,Diesel,5.1,4,5,5,44800
Land,Rover,2016,SUV,Automatic,AWD,Diesel,5.1,4,5,5,39880
Land,Rover,2016,SUV,Automatic,AWD,Diesel,5.3,4,4,5,29999
Land,Rover,2016,SUV,Automatic,AWD,Diesel,7.5,6,4,5,45950
Land,Rover,2016,SUV,Automatic,AWD,Diesel,7.3,6,4,5,62800
Land,Rover,2016,SUV,Automatic,AWD,Diesel,5.3,4,4,5,29800
Land,Rover,2016,SUV,Automatic,AWD,Diesel,8.7,8,4,5,115888
Land,Rover,2016,SUV,Automatic,AWD,Diesel,7.5,6,4,5,63888
Land,Rover,2016,Wagon,Automatic,OTHER,Diesel,NA,NA,NA,NA,33990
Land,Rover,2016,SUV,Automatic,AWD,Diesel,6,4,4,5,31990
Land,Rover,2016,SUV,Automatic,AWD,Diesel,6,4,4,5,36880
Land,Rover,2016,SUV,Automatic,AWD,Diesel,6,4,4,5,28888
Land,Rover,2016,SUV,Automatic,AWD,Diesel,6,4,4,5,34926
Land,Rover,2016,SUV,Automatic,AWD,Diesel,5.1,4,5,5,36990
Land,Rover,2016,SUV,Automatic,AWD,Diesel,6,4,4,5,31444
Land,Rover,2016,SUV,Automatic,AWD,Diesel,7.3,6,4,5,62990
Land,Rover,2016,SUV,Automatic,AWD,Diesel,5.1,4,5,5,40777
Land,Rover,2016,SUV,Automatic,AWD,Premium,13.8,8,4,5,79797
Land,Rover,2016,SUV,Automatic,AWD,Diesel,6,4,4,5,30980
Land,Rover,2016,SUV,Automatic,AWD,Diesel,5.1,4,5,5,29990
Land,Rover,2017,SUV,Automatic,AWD,Diesel,5.1,4,2,4,62280
Land,Rover,2017,SUV,Automatic,AWD,Premium,8,4,4,5,40990
Land,Rover,2017,SUV,Automatic,AWD,Diesel,5.3,4,4,5,41990
Land,Rover,2017,SUV,Automatic,AWD,Diesel,5.3,4,4,5,33999
Land,Rover,2017,SUV,Automatic,AWD,Diesel,7,6,4,5,88888
Land,Rover,2017,SUV,Automatic,4WD,Diesel,6.4,4,4,5,74990
Land,Rover,2017,SUV,Automatic,AWD,Diesel,5.3,4,4,5,29999
Land,Rover,2017,SUV,Automatic,AWD,Diesel,7.3,6,4,5,54990
Land,Rover,2017,SUV,Automatic,AWD,Diesel,8.7,8,4,5,118888
Land,Rover,2017,SUV,Automatic,AWD,Diesel,6.4,6,4,5,82888
Land,Rover,2017,SUV,Automatic,AWD,Diesel,7,6,4,5,84888
Land,Rover,2017,SUV,Automatic,4WD,Diesel,7.2,6,4,5,56999
Land,Rover,2017,Wagon,Automatic,OTHER,Diesel,NA,NA,NA,NA,65990
Land,Rover,2017,SUV,Automatic,4WD,Diesel,7.2,6,4,5,64800
Land,Rover,2017,SUV,Automatic,4WD,Diesel,7.2,6,4,5,77990
Land,Rover,2017,SUV,Automatic,AWD,Diesel,6,4,4,7,36945
Land,Rover,2017,SUV,Automatic,4WD,Diesel,7.2,6,4,5,86990
Land,Rover,2017,SUV,Automatic,4WD,Diesel,6.2,4,4,5,51997
Land,Rover,2017,SUV,Automatic,AWD,Diesel,5.1,4,5,5,40990
Land,Rover,2017,SUV,Automatic,AWD,Diesel,5.3,4,4,7,36980
Land,Rover,2017,SUV,Automatic,AWD,Diesel,5.1,4,5,5,32990
Land,Rover,2017,SUV,Automatic,4WD,Diesel,6.4,4,4,5,57990
Land,Rover,2017,SUV,Automatic,4WD,Diesel,7.2,6,4,5,79988
Land,Rover,2017,SUV,Automatic,AWD,Diesel,5.3,4,4,5,24980
Land,Rover,2017,SUV,Automatic,AWD,Diesel,5.3,4,4,5,28990
Land,Rover,2017,SUV,Automatic,AWD,Premium,9.4,6,4,5,85880
Land,Rover,2017,SUV,Automatic,AWD,Diesel,5.3,4,4,5,34990
Land,Rover,2017,SUV,Automatic,AWD,Diesel,7,6,4,5,89990
Land,Rover,2017,SUV,Automatic,AWD,Diesel,5.3,4,4,5,38888
Land,Rover,2017,SUV,Automatic,AWD,Premium,9.4,6,4,5,91990
Land,Rover,2017,NA,-,OTHER,Diesel,NA,NA,NA,NA,38990
Land,Rover,2017,SUV,Automatic,AWD,Diesel,5.4,4,4,5,64888
Land,Rover,2017,SUV,Automatic,AWD,Diesel,5.1,4,5,5,55990
Land,Rover,2017,SUV,Automatic,AWD,Diesel,5.4,4,4,5,71990
Land,Rover,2017,SUV,Automatic,4WD,Diesel,7.2,6,4,5,54800
Land,Rover,2017,SUV,Automatic,4WD,Diesel,7.2,6,4,5,82990
Land,Rover,2017,SUV,Automatic,AWD,Diesel,5.3,4,4,5,36777
Land,Rover,2017,SUV,Automatic,AWD,Diesel,5.4,4,4,5,62490
Land,Rover,2017,SUV,Automatic,AWD,Diesel,6.4,6,4,5,69990
Land,Rover,2017,SUV,Automatic,AWD,Diesel,5.1,4,5,5,35888
Land,Rover,2017,SUV,Automatic,AWD,Premium,12.8,8,4,5,152990
Land,Rover,2017,SUV,Automatic,AWD,Diesel,7,6,4,5,98888
Land,Rover,2017,SUV,Automatic,AWD,Diesel,5.3,4,4,5,29990
Land,Rover,2017,SUV,Automatic,AWD,Diesel,5.1,4,5,5,45888
Land,Rover,2017,SUV,Automatic,AWD,Diesel,5.3,4,4,5,39988
Land,Rover,2018,SUV,Automatic,AWD,Diesel,7.8,6,4,5,81990
Land,Rover,2018,SUV,Automatic,AWD,Premium,12.8,8,4,5,144888
Land,Rover,2018,SUV,Automatic,AWD,Diesel,5.1,4,5,5,53888
Land,Rover,2018,SUV,Automatic,AWD,Diesel,5.3,4,4,5,41900
Land,Rover,2018,SUV,Automatic,4WD,Diesel,7.2,6,4,5,52800
Land,Rover,2018,SUV,Automatic,AWD,Diesel,7,6,4,5,109990
Land,Rover,2018,SUV,Automatic,4WD,Diesel,7.5,4,4,5,64980
Land,Rover,2018,SUV,Automatic,AWD,Diesel,8.4,8,4,5,189990
Land,Rover,2018,SUV,Automatic,AWD,Diesel,9.4,8,4,5,134888
Land,Rover,2018,SUV,Automatic,AWD,Diesel,6.4,6,4,5,69990
Land,Rover,2018,SUV,Automatic,AWD,Diesel,7,6,4,5,89800
Land,Rover,2018,Wagon,Automatic,OTHER,Diesel,NA,NA,NA,NA,40493
Land,Rover,2018,SUV,Automatic,AWD,Diesel,8.4,8,4,5,118000
Land,Rover,2018,Wagon,-,OTHER,-,NA,NA,NA,NA,55800
Land,Rover,2018,SUV,Automatic,AWD,Diesel,7,6,4,5,112950
Land,Rover,2018,Wagon,Automatic,OTHER,Diesel,NA,NA,NA,NA,47980
Land,Rover,2018,SUV,Automatic,AWD,Diesel,6.8,6,4,5,96490
Land,Rover,2018,SUV,Automatic,AWD,Diesel,7.8,6,4,5,119990
Land,Rover,2018,SUV,Automatic,4WD,Diesel,7.2,6,4,5,76800
Land,Rover,2018,SUV,Automatic,AWD,Diesel,5.8,4,5,5,46555
Land,Rover,2018,SUV,Automatic,4WD,Diesel,7.2,6,4,5,59990
Land,Rover,2018,Wagon,Automatic,OTHER,Diesel,NA,NA,NA,NA,52990
Land,Rover,2018,SUV,Automatic,AWD,Diesel,6.9,6,4,5,84990
Land,Rover,2018,SUV,Automatic,AWD,Diesel,5.7,4,4,5,58999
Land,Rover,2018,SUV,Automatic,AWD,Diesel,6.9,6,4,5,84500
Land,Rover,2018,SUV,Automatic,AWD,Diesel,7.8,6,4,5,96888
Land,Rover,2018,SUV,Automatic,AWD,Diesel,7.9,6,4,5,136990
Land,Rover,2019,SUV,Automatic,AWD,Diesel,5.7,4,4,5,62888
Land,Rover,2019,SUV,Automatic,AWD,Premium,8.1,4,4,5,79990
Land,Rover,2019,SUV,Automatic,AWD,Diesel,5.8,4,4,5,75880
Land,Rover,2019,SUV,Automatic,AWD,Premium,8.1,4,4,5,64990
Land,Rover,2019,SUV,Automatic,AWD,Premium,11.7,8,4,5,147888
Land,Rover,2019,NA,Automatic,OTHER,Diesel,NA,NA,NA,NA,108990
Land,Rover,2019,SUV,Automatic,AWD,Premium,8.2,4,4,5,76888
Land,Rover,2019,SUV,Automatic,AWD,Diesel,7.8,6,4,5,89500
Land,Rover,2019,SUV,Automatic,AWD,Diesel,7.8,6,4,5,118888
Land,Rover,2019,SUV,Automatic,AWD,Diesel,7.8,6,4,5,104900
Land,Rover,2019,SUV,Automatic,AWD,Premium,8.1,4,4,5,59990
Land,Rover,2019,SUV,Automatic,AWD,Diesel,7.8,6,4,5,97777
Land,Rover,2019,SUV,Automatic,AWD,Diesel,7.8,6,4,5,109950
Land,Rover,2019,SUV,Automatic,AWD,Diesel,5.7,4,4,5,58888
Land,Rover,2019,SUV,Automatic,AWD,Diesel,6.2,4,4,5,81987
Land,Rover,2019,SUV,Automatic,AWD,Diesel,5.8,4,4,5,74990
Land,Rover,2019,SUV,Automatic,AWD,Diesel,7,4,4,5,52800
Land,Rover,2019,SUV,Automatic,AWD,Diesel,6.6,4,4,5,34382
Land,Rover,2019,SUV,Automatic,AWD,Diesel,7.8,6,4,5,129900
Land,Rover,2019,SUV,Automatic,AWD,Diesel,6.6,4,4,5,49900
Land,Rover,2019,SUV,Automatic,AWD,Diesel,5.7,4,4,7,61990
Land,Rover,2020,SUV,Automatic,AWD,Premium,8.1,4,4,5,69800
Land,Rover,2020,SUV,Automatic,AWD,Premium,7.3,4,4,5,95880
Land,Rover,2020,SUV,Automatic,AWD,Premium,8.1,4,4,5,75888
Land,Rover,2020,SUV,Automatic,AWD,Unleaded,9.9,6,5,5,127888
Land,Rover,2020,SUV,Automatic,AWD,Unleaded,9.9,6,5,5,134500
Land,Rover,2020,SUV,Automatic,AWD,Hybrid,8,6,5,5,138000
Land,Rover,2020,Wagon,Automatic,OTHER,Diesel,NA,NA,NA,NA,229990
Land,Rover,2020,Wagon,Automatic,OTHER,Diesel,NA,NA,NA,NA,122990
Land,Rover,2020,SUV,Automatic,AWD,Premium,12.8,8,4,5,219990
Land,Rover,2021,SUV,Automatic,AWD,Premium,8.1,4,4,5,79800
Land,Rover,2021,SUV,Automatic,AWD,Premium,10.1,4,3,5,99490
Land,Rover,2021,SUV,Automatic,AWD,Hybrid,8,6,4,5,129990
Land,Rover,2021,SUV,Automatic,AWD,Diesel,7.5,6,4,7,119990
Land,Rover,2022,SUV,Automatic,AWD,Diesel,7.2,6,4,5,299900
Land,Rover,2022,SUV,Automatic,AWD,Premium,11.8,8,4,5,314990
Land,Rover,2022,SUV,Automatic,AWD,Premium,12.7,8,5,5,249990
Land,Rover,2022,SUV,Automatic,AWD,Premium,9.9,6,5,5,130569
Land,Rover,2023,SUV,Automatic,AWD,Diesel,7.9,6,3,5,128000
Land,Rover,2023,SUV,Automatic,AWD,Diesel,7.9,6,3,5,124990
Land,Rover,2023,SUV,Automatic,AWD,Diesel,7.2,6,4,5,324990
Land,Rover,2023,SUV,Automatic,AWD,Diesel,7.2,6,4,5,239880
Land,Rover,2023,SUV,Automatic,OTHER,Unleaded,NA,NA,NA,NA,126490
Land,Rover,2023,SUV,Automatic,AWD,Premium,10.1,4,5,5,118500
Land,Rover,2023,SUV,Automatic,AWD,Premium,9.9,6,5,5,138358
Land,Rover,2023,SUV,Automatic,AWD,Diesel,7.9,6,3,5,97700
Land,Rover,2023,SUV,Automatic,AWD,-,12.7,8,5,8,237900
Land,Rover,2023,SUV,Automatic,AWD,-,3.4,4,5,5,139300
Land,Rover,2023,SUV,Automatic,AWD,-,9.9,6,5,5,152150
Land,Rover,2023,SUV,Automatic,AWD,Premium,11.8,8,4,5,241021
Land,Rover,2023,SUV,Automatic,AWD,-,2.2,4,4,5,144400
Land,Rover,2023,SUV,Automatic,AWD,-,9.9,6,3,5,112400
Land,Rover,2023,SUV,Automatic,AWD,Diesel,7.9,6,5,8,128200
Land,Rover,2023,SUV,Automatic,AWD,Diesel,7.2,6,4,5,226806
Land,Rover,2023,SUV,Automatic,AWD,-,7.8,4,4,5,106150
Land,Rover,2023,SUV,Automatic,AWD,Hybrid,1.6,6,4,5,198097
Land,Rover,2023,SUV,Automatic,AWD,Diesel,7.2,6,4,5,287988
Ldv,V80,2015,Commercial,Manual,FRONT,Diesel,8.9,4,4,3,14995
Ldv,G10,2015,Commercial,Automatic,REAR,Unleaded,11.7,4,4,2,18913
Ldv,G10,2015,Wagon,Automatic,REAR,Unleaded,11.7,4,4,7,19990
Ldv,V80,2015,Commercial,Automatic,FRONT,Diesel,8.9,4,4,3,23990
Ldv,V80,2016,Commercial,Manual,FRONT,Diesel,8.9,4,4,3,18980
Ldv,G10,2016,Commercial,Automatic,REAR,Unleaded,11.7,4,4,2,18990
Ldv,G10,2017,Wagon,Automatic,REAR,Unleaded,11.7,4,4,7,20000
Ldv,D90,2017,SUV,Automatic,REAR,Unleaded,10.2,4,4,7,28990
Ldv,T60,2017,Ute/Pickup,Automatic,4WD,Diesel,9.6,4,4,5,24956
Ldv,T60,2017,Ute/Pickup,Manual,4WD,Diesel,8.8,4,4,5,24999
Ldv,G10,2018,Wagon,Automatic,REAR,Unleaded,11.7,4,4,7,24800
Ldv,G10,2018,Commercial,Automatic,REAR,Diesel,8.6,4,4,2,21995
Ldv,G10,2018,Commercial,Automatic,REAR,Diesel,8.6,4,4,2,24990
Ldv,T60,2018,Ute/Pickup,Automatic,4WD,Diesel,9.6,4,4,5,24900
Ldv,G10,2018,Commercial,Automatic,FRONT,Unleaded,NA,NA,NA,NA,28990
Ldv,T60,2018,Ute/Pickup,Automatic,4WD,Diesel,9.6,4,4,5,25999
Ldv,D90,2018,SUV,Automatic,AWD,Unleaded,10.9,4,4,7,33990
Ldv,T60,2018,Ute/Pickup,Automatic,4WD,Diesel,9.6,4,4,5,26990
Ldv,T60,2019,Ute/Pickup,Automatic,4WD,Diesel,9.6,4,4,5,27990
Ldv,G10,2019,Wagon,Automatic,REAR,Unleaded,11.7,4,4,9,24999
Ldv,V80,2019,Commercial,Automatic,FRONT,Diesel,9.3,4,4,3,42980
Ldv,T60,2019,Ute/Pickup,Automatic,4WD,Diesel,9.6,4,4,5,31990
Ldv,G10,2019,Commercial,Manual,REAR,Diesel,8.3,4,4,2,19999
Ldv,T60,2019,Ute/Pickup,Manual,4WD,Diesel,9.6,4,4,5,26999
Ldv,T60,2019,Ute/Pickup,Automatic,4WD,Diesel,9.6,4,4,5,34498
Ldv,T60,2019,Ute/Pickup,Automatic,4WD,Diesel,9.6,4,4,5,32888
Ldv,T60,2019,Ute/Pickup,Automatic,4WD,Diesel,9.6,4,4,5,24987
Ldv,V80,2019,Commercial,Automatic,FRONT,Diesel,9.3,4,4,3,19990
Ldv,T60,2020,Ute/Pickup,Automatic,4WD,Diesel,9.6,4,4,5,33888
Ldv,G10,2020,Commercial,Automatic,REAR,Diesel,8.6,4,4,2,26995
Ldv,G10,2020,Commercial,Automatic,REAR,Diesel,8.6,4,4,2,22990
Ldv,D90,2020,SUV,Automatic,REAR,Unleaded,10.2,4,4,7,30888
Ldv,T60,2020,Ute/Pickup,Automatic,4WD,Diesel,9.6,4,4,5,32990
Ldv,T60,2020,Ute/Pickup,Automatic,4WD,Diesel,9.6,4,4,5,37888
Ldv,T60,2020,Ute/Pickup,Automatic,4WD,Diesel,8.5,4,4,5,35980
Ldv,D90,2020,SUV,Automatic,REAR,Unleaded,10.2,4,4,7,30500
Ldv,G10,2020,Commercial,Automatic,REAR,Diesel,8.6,4,4,2,29990
Ldv,D90,2020,SUV,Automatic,4WD,Diesel,9.1,4,4,7,38990
Ldv,D90,2020,Wagon,Automatic,OTHER,Unleaded,NA,NA,NA,NA,35990
Ldv,T60,2020,Ute/Pickup,Automatic,4WD,Diesel,9.6,4,4,5,32999
Ldv,T60,2020,Ute/Pickup,Automatic,4WD,Diesel,9.6,4,4,5,36980
Ldv,V80,2020,Commercial,Automatic,OTHER,Diesel,NA,NA,NA,NA,29999
Ldv,T60,2020,Ute/Pickup,Automatic,4WD,Diesel,9.6,4,4,5,27999
Ldv,G10,2020,Commercial,Automatic,REAR,Diesel,8.6,4,4,2,32995
Ldv,T60,2020,Ute/Pickup,Automatic,4WD,Diesel,9.6,4,4,5,36999
Ldv,T60,2020,Ute/Pickup,Manual,4WD,Diesel,8.8,4,4,5,28988
Ldv,G10,2021,Commercial,Automatic,REAR,Diesel,8.6,4,4,2,29800
Ldv,G10,2021,Commercial,Automatic,REAR,Diesel,8.6,4,4,2,29990
Ldv,T60,2021,Ute/Pickup,Automatic,4WD,Diesel,8.5,4,4,5,28980
Ldv,G10+,2021,Commercial,Automatic,REAR,Diesel,8.2,4,4,2,31888
Ldv,T60,2021,Ute/Pickup,Automatic,4WD,Diesel,9.3,4,4,5,30888
Ldv,Deliver,2021,Commercial,Automatic,REAR,Diesel,NA,NA,NA,NA,46999
Ldv,T60,2021,Ute/Pickup,Automatic,4WD,Diesel,8.5,4,4,5,28388
Ldv,T60,2021,Ute/Pickup,Automatic,4WD,Diesel,8.5,4,4,5,29990
Ldv,G10,2021,Commercial,Automatic,REAR,Diesel,8.6,4,4,2,31990
Ldv,G10+,2021,Commercial,Automatic,REAR,Diesel,8.2,4,4,2,30990
Ldv,G10+,2021,Commercial,Manual,REAR,Diesel,8.3,4,4,2,32980
Ldv,D90,2021,SUV,Automatic,4WD,Diesel,9.1,4,4,7,34990
Ldv,T60,2021,Ute/Pickup,Automatic,4WD,Diesel,8.5,4,4,5,32999
Ldv,T60,2021,Ute/Pickup,Automatic,4WD,Diesel,8.5,4,4,5,34990
Ldv,T60,2021,Ute/Pickup,Automatic,4WD,Diesel,9.3,4,4,5,35980
Ldv,D90,2021,SUV,Automatic,REAR,Unleaded,10.2,4,4,7,35990
Ldv,T60,2021,Ute/Pickup,Automatic,4WD,Diesel,9.3,4,4,5,31990
Ldv,G10+,2021,Commercial,Automatic,REAR,Diesel,8.2,4,4,2,36990
Ldv,T60,2021,Ute/Pickup,Automatic,4WD,Diesel,9.3,4,4,5,44990
Ldv,D90,2021,SUV,Automatic,4WD,Unleaded,10.9,4,4,7,33950
Ldv,D90,2021,SUV,Automatic,4WD,Diesel,9.1,4,4,7,33950
Ldv,G10,2021,Commercial,Automatic,REAR,Diesel,8.6,4,4,2,26888
Ldv,T60,2022,Ute/Pickup,Automatic,4WD,Diesel,9.3,4,4,5,44288
Ldv,G10,2022,Commercial,Automatic,REAR,Diesel,8.2,4,4,2,30990
Ldv,Mifa,2022,Wagon,Automatic,FRONT,Electric,0,0,4,7,117990
Ldv,T60,2022,Ute/Pickup,Automatic,4WD,Diesel,9.3,4,4,5,39990
Ldv,D90,2022,SUV,Automatic,OTHER,Unleaded,NA,NA,NA,NA,37990
Ldv,G10+,2022,Commercial,Manual,REAR,Diesel,8.2,4,4,2,29990
Ldv,T60,2022,Ute/Pickup,Automatic,4WD,Diesel,9.3,4,4,5,33990
Ldv,D90,2022,SUV,Automatic,4WD,Diesel,9.1,4,4,7,38990
Ldv,V80,2022,Commercial,Manual,FRONT,Diesel,9.4,4,4,3,33490
Ldv,T60,2022,Ute/Pickup,Automatic,4WD,Diesel,9.3,4,4,5,37990
Ldv,Deliver,2022,Commercial,Automatic,REAR,Diesel,NA,NA,NA,NA,42888
Ldv,G10+,2022,Commercial,Automatic,REAR,Diesel,8.2,4,4,2,36990
Ldv,T60,2022,Ute/Pickup,Automatic,4WD,Diesel,9.3,4,4,5,43148
Ldv,Deliver,2022,NA,-,OTHER,-,NA,NA,NA,NA,47358
Ldv,D90,2022,NA,-,OTHER,-,NA,NA,NA,NA,46990
Ldv,D90,2022,NA,-,OTHER,-,NA,NA,NA,NA,39490
Ldv,T60,2022,Ute/Pickup,Automatic,4WD,Diesel,9.3,4,4,5,38384
Ldv,D90,2022,NA,-,OTHER,-,NA,NA,NA,NA,49990
Ldv,T60,2022,NA,-,OTHER,-,NA,NA,NA,NA,43148
Ldv,Deliver,2022,NA,-,OTHER,-,NA,NA,NA,NA,51042
Ldv,T60,2022,NA,-,OTHER,-,NA,NA,NA,NA,47884
Ldv,T60,2022,Ute/Pickup,Automatic,4WD,Diesel,9.3,4,4,5,43673
Ldv,T60,2022,Ute/Pickup,Automatic,4WD,Diesel,9.3,4,4,5,43674
Ldv,D90,2022,Wagon,-,OTHER,Diesel,NA,NA,NA,NA,51990
Ldv,T60,2022,Ute/Pickup,Automatic,OTHER,Diesel,NA,NA,NA,NA,38990
Ldv,G10,2023,Commercial,Automatic,REAR,Diesel,8.2,4,4,2,36990
Ldv,T60,2023,Ute/Pickup,Automatic,4WD,Diesel,9.3,4,4,5,43990
Ldv,V80,2023,Commercial,Automatic,FRONT,Diesel,9.4,4,4,3,41990
Ldv,T60,2023,Ute/Pickup,Automatic,4WD,Diesel,9.3,4,4,5,38990
Ldv,Deliver,2023,Commercial,Automatic,REAR,Diesel,NA,NA,NA,NA,47990
Ldv,Deliver,2023,Ute/Pickup,Automatic,REAR,Diesel,NA,NA,NA,NA,46490
Ldv,T60,2023,Ute/Pickup,Automatic,4WD,Diesel,9.3,4,4,5,39490
Ldv,D90,2023,SUV,Automatic,REAR,Unleaded,10.2,4,4,7,37540
Ldv,T60,2023,Ute/Pickup,Automatic,4WD,Diesel,9.3,4,4,5,44990
Ldv,D90,2023,SUV,Automatic,REAR,Unleaded,10.2,4,4,7,37040
Ldv,V80,2023,Commercial,Automatic,FRONT,Diesel,9.4,4,4,3,46306
Ldv,Edeliver,2023,Commercial,Automatic,FRONT,Electric,0,0,3,3,118836
Ldv,G10,2023,Commercial,Automatic,REAR,Diesel,8.2,4,4,2,39537
Ldv,Mifa,2023,NA,-,OTHER,-,NA,NA,NA,NA,53990
Ldv,Deliver,2023,NA,-,OTHER,-,NA,NA,NA,NA,52542
Ldv,Deliver,2023,Commercial,Automatic,REAR,Diesel,0,4,5,3,51042
Ldv,Deliver,2023,Other,Automatic,REAR,Diesel,0,3,2,14,64200
Ldv,T60,2023,Ute/Pickup,Manual,4WD,Diesel,9.2,4,4,5,45780
Ldv,Mifa,2023,NA,-,OTHER,-,NA,NA,NA,NA,72990
Ldv,G10+,2023,NA,-,OTHER,-,NA,NA,NA,NA,38937
Ldv,D90,2023,NA,-,OTHER,-,NA,NA,NA,NA,51990
Lexus,Is350,2014,Sedan,Automatic,REAR,Premium,9.7,6,4,5,27990
Lexus,Gs450h,2014,Sedan,Automatic,REAR,Hybrid,6.3,6,4,5,44900
Lexus,Rx270,2014,SUV,Automatic,FRONT,Unleaded,9.7,4,4,5,24995
Lexus,Is250,2014,Sedan,Automatic,REAR,Premium,9.2,6,4,5,26990
Lexus,Rx450h,2014,SUV,Automatic,4WD,Premium,6.4,6,4,5,37990
Lexus,Is300h,2014,Sedan,Automatic,REAR,Hybrid,4.9,4,4,5,35990
Lexus,Gs250,2014,Sedan,Automatic,REAR,Premium,9.3,6,4,5,35880
Lexus,Is300h,2014,Sedan,Automatic,REAR,Hybrid,4.9,4,4,5,25990
Lexus,Is300h,2014,Sedan,Automatic,REAR,Hybrid,4.9,4,4,5,31800
Lexus,Nx200t,2015,SUV,Automatic,AWD,Premium,7.9,4,4,5,29990
Lexus,Nx200t,2015,SUV,Automatic,AWD,Premium,7.9,4,4,5,34900
Lexus,Nx200t,2015,SUV,Automatic,AWD,Premium,7.9,4,4,5,27980
Lexus,Rc200t,2015,Coupe,Automatic,REAR,Premium,7.3,4,2,4,44900
Lexus,Is200t,2015,Sedan,Automatic,REAR,Premium,7.5,4,4,5,34724
Lexus,Nx200t,2015,SUV,Automatic,AWD,Premium,7.9,4,4,5,41990
Lexus,Nx200t,2015,SUV,Automatic,FRONT,Premium,7.7,4,4,5,29998
Lexus,Ct200h,2015,Hatchback,Automatic,FRONT,Hybrid,4.1,4,5,5,28990
Lexus,Nx200t,2015,SUV,Automatic,FRONT,Premium,7.7,4,4,5,29990
Lexus,Rx350,2016,SUV,Automatic,AWD,-,9.6,6,4,5,49989
Lexus,Is300h,2016,Sedan,Automatic,REAR,Hybrid,4.9,4,4,5,44900
Lexus,Ct,2016,Hatchback,Automatic,FRONT,Other,NA,NA,NA,NA,23990
Lexus,Nx200t,2016,SUV,Automatic,AWD,Premium,7.9,4,4,5,42500
Lexus,Gs350,2016,Sedan,Automatic,REAR,Premium,10,6,4,5,46990
Lexus,Is200t,2016,Sedan,Automatic,REAR,Premium,7.5,4,4,5,33990
Lexus,Rx350,2016,SUV,Automatic,AWD,-,9.6,6,4,5,58490
Lexus,Es300h,2016,Sedan,Automatic,FRONT,Hybrid,5.5,4,4,5,49990
Lexus,Ct200h,2016,Hatchback,Automatic,FRONT,Hybrid,4.1,4,5,5,33352
Lexus,Is350,2016,Sedan,Automatic,REAR,Premium,9.7,6,4,5,41999
Lexus,Rc350,2016,Coupe,Automatic,REAR,Premium,9.4,6,2,4,50920
Lexus,Nx300h,2016,SUV,Automatic,AWD,Hybrid,5.7,4,4,5,45990
Lexus,Rc350,2016,Coupe,Automatic,REAR,Premium,9.4,6,2,4,49990
Lexus,Es300h,2017,Sedan,Automatic,FRONT,Hybrid,5.5,4,4,5,50900
Lexus,Lc500,2017,Coupe,Automatic,REAR,Premium,11.6,8,2,4,129900
Lexus,Rc350,2017,Coupe,Automatic,REAR,Premium,9.4,6,2,4,53990
Lexus,Is300h,2017,Sedan,Automatic,REAR,Hybrid,4.9,4,4,5,42999
Lexus,Rc,2017,Coupe,Automatic,REAR,Premium,NA,NA,NA,NA,49995
Lexus,Rx350,2017,SUV,Automatic,AWD,-,9.6,6,4,5,59900
Lexus,Nx300h,2017,SUV,Automatic,AWD,Hybrid,5.7,4,4,5,49880
Lexus,Rx450h,2017,SUV,Automatic,AWD,Hybrid,5.7,6,4,5,57990
Lexus,Ct200h,2017,Hatchback,Automatic,FRONT,Hybrid,4.1,4,5,5,32780
Lexus,Is200t,2017,Sedan,Automatic,REAR,Premium,7.5,4,4,5,35990
Lexus,Is200t,2017,Sedan,Automatic,REAR,Premium,7.5,4,4,5,37999
Lexus,Rx,2017,SUV,Automatic,FRONT,Premium,NA,NA,NA,NA,53990
Lexus,Is200t,2017,Sedan,Automatic,REAR,Premium,7.5,4,4,5,40990
Lexus,Is350,2018,Sedan,Automatic,REAR,Premium,9.7,6,4,5,46950
Lexus,Rx350,2018,SUV,Automatic,AWD,Premium,9.6,6,4,5,47888
Lexus,Rx450h,2018,SUV,Automatic,AWD,Hybrid,5.7,6,4,5,63888
Lexus,Rx450hl,2018,SUV,Automatic,AWD,Hybrid,6,6,4,7,68800
Lexus,Es350,2018,Sedan,Automatic,FRONT,Premium,9.5,6,4,5,52900
Lexus,Nx300,2018,SUV,Automatic,AWD,Premium,7.9,4,4,5,47900
Lexus,Rx300,2018,SUV,Automatic,FRONT,Premium,8.1,4,4,5,48888
Lexus,Lx570,2018,SUV,Automatic,4WD,Premium,14.4,8,4,8,105900
Lexus,Nx300,2018,SUV,Automatic,AWD,Premium,7.9,4,4,5,56990
Lexus,Rx350l,2018,SUV,Automatic,AWD,Premium,10.6,6,4,7,62900
Lexus,Nx300,2018,SUV,Automatic,FRONT,Premium,7.7,4,4,5,48990
Lexus,Ct,2018,Hatchback,Automatic,FRONT,Hybrid,4.1,4,5,5,43990
Lexus,Nx300,2018,SUV,Automatic,AWD,Premium,7.9,4,4,5,53888
Lexus,Nx300h,2018,SUV,Automatic,AWD,Hybrid,5.7,4,4,5,64990
Lexus,Rx,2018,Wagon,Automatic,AWD,Unleaded,NA,NA,NA,NA,59990
Lexus,Rx350,2018,SUV,Automatic,AWD,Premium,9.6,6,4,5,57990
Lexus,Nx300,2018,SUV,Automatic,FRONT,Premium,7.7,4,4,5,43950
Lexus,Rx350,2018,SUV,Automatic,AWD,-,9.6,6,4,5,63880
Lexus,Nx300,2018,SUV,Automatic,FRONT,Premium,7.7,4,4,5,41990
Lexus,Rx350,2018,SUV,Automatic,AWD,Premium,9.6,6,4,5,55990
Lexus,Lx450d,2018,SUV,Automatic,AWD,Diesel,9.5,8,4,5,106990
Lexus,Ux200,2018,SUV,Automatic,FRONT,Unleaded,5.8,4,4,5,41990
Lexus,Other,2018,Hatchback,Automatic,FRONT,Other,NA,NA,5,NA,30950
Lexus,Ux200,2019,SUV,Automatic,FRONT,Unleaded,5.8,4,4,5,43990
Lexus,Rx300,2019,SUV,Automatic,FRONT,Premium,8.1,4,4,5,52888
Lexus,Nx300h,2019,SUV,Automatic,FRONT,Hybrid,5.6,4,4,5,59900
Lexus,Rx350,2019,SUV,Automatic,AWD,Premium,9.6,6,4,5,68900
Lexus,Nx,2019,Wagon,Automatic,OTHER,Premium,NA,NA,NA,NA,60800
Lexus,Es300h,2019,Sedan,Automatic,FRONT,Hybrid,4.8,4,4,5,60990
Lexus,Nx300,2019,SUV,Automatic,FRONT,Premium,7.7,4,4,5,52800
Lexus,Rx350,2019,SUV,Automatic,AWD,-,9.6,6,4,5,70900
Lexus,Nx,2019,Wagon,Automatic,FRONT,Premium,NA,NA,NA,NA,52990
Lexus,Is350,2019,Sedan,Automatic,REAR,Premium,9.7,6,4,5,49990
Lexus,Nx300,2019,SUV,Automatic,FRONT,Premium,7.7,4,4,5,59900
Lexus,Rx450h,2019,SUV,Automatic,AWD,Hybrid,5.7,6,4,5,69900
Lexus,Ux200,2019,SUV,Automatic,FRONT,Unleaded,5.8,4,4,5,47900
Lexus,Rx300,2019,SUV,Automatic,FRONT,Premium,8.1,4,4,5,49990
Lexus,Rc350,2019,Coupe,Automatic,REAR,Premium,9.4,6,2,4,60990
Lexus,Nx,2019,Wagon,Automatic,FRONT,Premium,NA,NA,NA,NA,47488
Lexus,Rx350l,2019,SUV,Automatic,AWD,Premium,10.2,6,4,7,69388
Lexus,Lx570,2019,SUV,Automatic,4WD,Premium,14.4,8,4,8,119888
Lexus,Lx570,2019,SUV,Automatic,4WD,Premium,14.4,8,4,8,128990
Lexus,Nx300,2019,SUV,Automatic,FRONT,Premium,7.7,4,4,5,48880
Lexus,Ux,2019,Wagon,-,OTHER,Unleaded,NA,NA,NA,NA,39990
Lexus,Ux200,2019,SUV,Automatic,FRONT,Unleaded,5.8,4,4,5,41990
Lexus,Nx300h,2019,SUV,Automatic,AWD,Hybrid,5.7,4,4,5,56880
Lexus,Nx300,2019,SUV,Automatic,FRONT,Premium,7.7,4,4,5,49990
Lexus,Nx,2019,Wagon,Automatic,FRONT,Premium,NA,NA,NA,NA,49990
Lexus,Rx450h,2019,SUV,Automatic,AWD,Hybrid,5.7,6,4,5,72999
Lexus,Rx450h,2019,SUV,Automatic,AWD,Hybrid,5.7,6,4,5,79990
Lexus,Ux200,2020,SUV,Automatic,FRONT,Unleaded,5.8,4,4,5,49900
Lexus,Rx450h,2020,SUV,Automatic,AWD,Hybrid,5.7,6,4,5,99990
Lexus,Rx300,2020,SUV,Automatic,FRONT,Premium,8.1,4,4,5,63900
Lexus,Rc350,2020,Coupe,Automatic,REAR,Premium,9.1,6,2,4,68888
Lexus,Nx300,2020,SUV,Automatic,AWD,Premium,7.7,4,4,5,64990
Lexus,Rx350,2020,SUV,Automatic,AWD,Premium,9.6,6,4,5,71990
Lexus,Rc,2020,Coupe,Automatic,REAR,Premium,11.2,8,2,4,99997
Lexus,Rx350,2020,SUV,Automatic,AWD,-,9.6,6,4,5,82990
Lexus,Rx450hl,2020,SUV,Automatic,AWD,Hybrid,6,6,4,7,99880
Lexus,Is350,2020,Sedan,Automatic,REAR,Premium,9.7,6,4,5,65778
Lexus,Rx450h,2020,SUV,Automatic,AWD,Hybrid,5.7,6,4,5,89999
Lexus,Lx450d,2020,SUV,Automatic,AWD,Diesel,9.5,8,4,5,126990
Lexus,Rx350l,2021,SUV,Automatic,AWD,Premium,10.2,6,4,7,89800
Lexus,Ct,2021,Hatchback,Automatic,FRONT,Hybrid,4.1,4,5,5,56900
Lexus,Es300h,2021,Sedan,-,FRONT,Hybrid,4.8,4,4,5,67800
Lexus,Is300,2021,Sedan,Automatic,REAR,Premium,8.2,4,4,5,67490
Lexus,Is300h,2021,Sedan,-,REAR,Hybrid,5.1,4,4,5,74873
Lexus,Es300h,2021,Sedan,Automatic,FRONT,Hybrid,4.8,4,4,5,78990
Lexus,Es250,2021,Sedan,Automatic,FRONT,Premium,6.8,4,4,5,72990
Lexus,Es250,2021,Sedan,Automatic,FRONT,Premium,6.6,4,4,5,57990
Lexus,Es250,2021,Sedan,Automatic,FRONT,Premium,6.6,4,4,5,54990
Lexus,Ux200,2021,SUV,Automatic,FRONT,Unleaded,5.8,4,4,5,49780
Lexus,Es250,2021,Sedan,Automatic,FRONT,Premium,6.6,4,4,5,64990
Lexus,Is350,2021,Sedan,Automatic,REAR,Premium,9.5,6,4,5,78888
Lexus,Nx350,2021,SUV,Automatic,AWD,Premium,8.1,4,4,5,83999
Lexus,Nx350,2021,SUV,Automatic,AWD,Premium,8.1,4,4,5,81999
Lexus,Is350,2021,Sedan,Automatic,REAR,Premium,9.5,6,4,5,82800
Lexus,Es250,2022,Sedan,Automatic,FRONT,Premium,6.8,4,4,5,64900
Lexus,Nx250,2022,SUV,Automatic,FRONT,Premium,6.9,4,4,5,69990
Lexus,Es250,2022,Sedan,Automatic,FRONT,Premium,6.6,4,4,5,61900
Lexus,Nx350h,2022,SUV,Automatic,AWD,Hybrid,5,4,4,5,96153
Lexus,Lx500d,2022,SUV,Automatic,AWD,Diesel,8.9,6,4,5,192990
Lexus,Es250,2022,Sedan,Automatic,FRONT,Premium,6.6,4,4,5,59980
Lexus,Lx600,2022,SUV,Automatic,AWD,Premium,12.1,6,4,5,199987
Lexus,Es250,2022,Sedan,Automatic,FRONT,Premium,6.6,4,4,5,58980
Lexus,Nx350,2022,SUV,Automatic,AWD,Premium,8.1,4,4,5,87990
Lexus,Rx450h,2022,SUV,Automatic,AWD,Hybrid,5.7,6,4,5,104990
Lexus,Ux200,2022,SUV,Automatic,FRONT,Unleaded,5.8,4,4,5,59999
Lexus,Rx500h,2023,SUV,Automatic,AWD,Hybrid,6.5,4,4,5,148888
Lexus,Lx500d,2023,SUV,Automatic,AWD,Diesel,8.9,6,4,5,198000
Lexus,Es300h,2023,Sedan,-,FRONT,Hybrid,4.8,4,4,5,70990
Lexus,Nx350h,2023,SUV,Automatic,FRONT,-,5,4,4,5,75700
Lexus,Nx350h,2023,SUV,Automatic,AWD,-,5,4,4,5,83500
Lexus,Nx350h,2023,SUV,Automatic,FRONT,-,5,4,4,5,68200
Lexus,Ux200,2023,SUV,Automatic,FRONT,Unleaded,5.8,4,4,5,46085
Lexus,Es250,2023,Sedan,Automatic,FRONT,Premium,6.6,4,4,5,62140
Lexus,Ls500h,2023,Sedan,-,REAR,Hybrid,6.6,6,4,5,201040
Lexus,Es300h,2023,Sedan,-,FRONT,Hybrid,4.8,4,4,5,73290
Lexus,Es300h,2023,Sedan,-,FRONT,Hybrid,4.8,4,4,5,77520
Lexus,Nx350,2023,SUV,Automatic,AWD,-,8.4,4,4,5,81191
Lexus,Lx500d,2023,SUV,Automatic,AWD,Diesel,8.9,6,4,5,170091
Lexus,Rx350,2023,SUV,Automatic,AWD,-,8.7,4,4,5,99900
Lexus,Ls500,2023,Sedan,Automatic,REAR,Premium,10,6,4,5,212320
Lotus,Evora,2023,Coupe,Automatic,REAR,Premium,11,6,2,4,198990
Lotus,Elise,2023,Convertible,Manual,REAR,Premium,7.8,4,2,2,97990
Lotus,Evora,2023,Coupe,Manual,REAR,Premium,10.4,6,2,4,194990
Mahindra,Pik-Up,2016,Ute/Pickup,Manual,4WD,Diesel,9.1,4,4,5,17800
Mahindra,Pik-Up,2021,Ute/Pickup,Manual,4WD,Diesel,8.8,4,4,5,39990
Mahindra,Pik-Up,2022,Ute/Pickup,Automatic,4WD,Diesel,0,4,4,5,38290
Mahindra,Pik-Up,2022,Ute/Pickup,Automatic,4WD,Diesel,9.3,4,4,5,39490
Mahindra,Xuv700,2023,SUV,Automatic,FRONT,-,8.3,4,4,7,40290
Mahindra,Pik-Up,2023,Ute/Pickup,Automatic,4WD,Diesel,9.3,4,4,5,38500
Mahindra,Pik-Up,2023,Ute/Pickup,Manual,4WD,Diesel,0,4,4,5,34500
Mahindra,Pik-Up,2023,Ute/Pickup,Manual,4WD,Diesel,8.8,4,4,5,35500
Mahindra,Scorpio-N,2023,SUV,Automatic,4WD,Diesel,7.2,4,4,6,51990
Maserati,Granturismo,2015,Coupe,Automatic,REAR,Premium,15.2,8,2,4,144990
Maserati,Granturismo,2015,Coupe,Automatic,REAR,Premium,NA,NA,NA,NA,129990
Maserati,Grancabrio,2016,Convertible,Automatic,REAR,Premium,15.4,8,2,4,179990
Maserati,Quattroporte,2016,Sedan,Automatic,REAR,Premium,9.6,6,4,5,69880
Maserati,Ghibli,2017,Sedan,Automatic,REAR,Premium,8.9,6,4,5,68800
Maserati,Ghibli,2017,NA,Automatic,REAR,Unleaded,NA,NA,NA,NA,79800
Maserati,Ghibli,2017,NA,Automatic,REAR,Unleaded,NA,NA,NA,NA,68880
Maserati,Ghibli,2018,Sedan,Automatic,REAR,Premium,8.9,6,4,5,78990
Maserati,Ghibli,2018,Sedan,Automatic,REAR,Premium,8.9,6,4,5,79800
Maserati,Granturismo,2018,Coupe,Automatic,REAR,Premium,14.3,8,2,4,179990
Maserati,Levante,2018,SUV,Automatic,AWD,Premium,10.9,6,4,5,91990
Maserati,Levante,2019,SUV,Automatic,AWD,Premium,11.6,6,4,5,99888
Maserati,Levante,2023,SUV,Automatic,AWD,Premium,13.5,8,4,5,298990
Maserati,Granturismo,2023,Coupe,Automatic,REAR,Premium,14.3,8,2,4,295000
Mazda,3,2014,Hatchback,Automatic,FRONT,Unleaded,8.2,4,5,5,16999
Mazda,Cx-9,2014,Wagon,Automatic,OTHER,-,NA,NA,NA,NA,22999
Mazda,3,2014,Hatchback,Automatic,FRONT,Unleaded,5.8,4,5,5,16388
Mazda,2,2014,Hatchback,Automatic,FRONT,Unleaded,6.8,4,5,5,12449
Mazda,3,2014,Hatchback,Manual,FRONT,Unleaded,6.5,4,5,5,12999
Mazda,3,2014,Sedan,Manual,FRONT,Unleaded,5.8,4,4,5,14880
Mazda,2,2014,Hatchback,Automatic,FRONT,Unleaded,4.9,4,5,5,17880
Mazda,Bt-50,2014,Ute/Pickup,Manual,REAR,Diesel,8.4,5,2,3,18999
Mazda,3,2014,Hatchback,Automatic,FRONT,Diesel,5.2,4,5,5,15990
Mazda,3,2014,Sedan,Automatic,FRONT,Unleaded,5.7,4,4,5,18500
Mazda,3,2014,Sedan,Manual,FRONT,Unleaded,5.8,4,4,5,19990
Mazda,Bt-50,2014,Ute/Pickup,Automatic,4WD,Diesel,8.9,5,4,4,21990
Mazda,3,2014,Hatchback,Automatic,FRONT,Unleaded,5.8,4,5,5,19990
Mazda,Bt-50,2014,Ute/Pickup,Automatic,4WD,Diesel,9.2,5,4,5,18999
Mazda,Cx-5,2014,SUV,Automatic,AWD,Unleaded,7.4,4,4,5,13992
Mazda,Bt-50,2014,Ute/Pickup,Manual,4WD,Diesel,8.9,5,4,5,35950
Mazda,2,2014,Hatchback,Manual,FRONT,Unleaded,5.2,4,5,5,12888
Mazda,3,2014,Hatchback,Automatic,FRONT,Unleaded,6,4,5,5,16980
Mazda,3,2014,Sedan,Automatic,FRONT,Unleaded,6,4,4,5,20990
Mazda,2,2014,Hatchback,Manual,FRONT,Unleaded,5.4,4,5,5,12990
Mazda,3,2014,Hatchback,Automatic,FRONT,Unleaded,6,4,5,5,22986
Mazda,Cx-9,2014,SUV,Automatic,4WD,Unleaded,11.2,6,4,7,25950
Mazda,Bt-50,2014,Ute/Pickup,Automatic,4WD,Diesel,9.2,5,4,5,19913
Mazda,Bt-50,2014,Ute/Pickup,Manual,REAR,Diesel,8.4,5,4,5,17800
Mazda,3,2014,Sedan,Manual,FRONT,Unleaded,5.8,4,4,5,13999
Mazda,Cx-5,2014,SUV,Automatic,FRONT,Unleaded,6.4,4,4,5,22890
Mazda,Bt-50,2014,Ute/Pickup,Automatic,4WD,Diesel,9.2,5,4,5,32990
Mazda,3,2014,Hatchback,Automatic,FRONT,Unleaded,5.8,4,5,5,17670
Mazda,Bt-50,2014,Ute/Pickup,Automatic,REAR,Diesel,8.9,5,4,5,23986
Mazda,Cx-5,2014,SUV,Automatic,FRONT,Unleaded,6.4,4,4,5,22590
Mazda,3,2014,Sedan,Automatic,FRONT,Unleaded,5.7,4,4,5,14990
Mazda,Bt-50,2014,Ute/Pickup,Manual,4WD,Diesel,8.9,5,4,4,26990
Mazda,3,2014,Hatchback,Automatic,FRONT,Unleaded,5.8,4,5,5,17980
Mazda,3,2014,Hatchback,Automatic,FRONT,Unleaded,5.8,4,5,5,16888
Mazda,3,2014,Sedan,Automatic,FRONT,Unleaded,6,4,4,5,19888
Mazda,Bt-50,2014,Ute/Pickup,Manual,REAR,Diesel,7.6,4,2,3,15199
Mazda,2,2014,Hatchback,Automatic,FRONT,Unleaded,5.5,4,5,5,17990
Mazda,Cx-5,2014,SUV,Manual,FRONT,Unleaded,6.4,4,4,5,19990
Mazda,2,2014,Hatchback,Manual,FRONT,Unleaded,6.4,4,5,5,12490
Mazda,3,2014,Sedan,Manual,FRONT,Unleaded,5.8,4,4,5,17490
Mazda,3,2014,Hatchback,Automatic,FRONT,Unleaded,5.8,4,5,5,22950
Mazda,Cx-9,2014,SUV,Automatic,FRONT,Unleaded,11,6,4,7,13990
Mazda,3,2014,Hatchback,Automatic,FRONT,Unleaded,5.8,4,5,5,22748
Mazda,6,2014,Wagon,Automatic,FRONT,Diesel,5.4,4,4,5,16499
Mazda,2,2014,Hatchback,Automatic,FRONT,Unleaded,6.8,4,5,5,15990
Mazda,Bt-50,2014,Ute/Pickup,Manual,REAR,Diesel,7.6,4,2,3,19886
Mazda,6,2014,Sedan,Automatic,FRONT,Unleaded,6.6,4,4,5,17990
Mazda,3,2014,Sedan,Automatic,FRONT,Unleaded,5.7,4,4,5,15999
Mazda,Cx-5,2014,SUV,Automatic,FRONT,Unleaded,6.4,4,4,5,19450
Mazda,3,2014,Hatchback,Automatic,FRONT,Unleaded,6,4,5,5,22990
Mazda,Cx-5,2014,SUV,Automatic,AWD,Unleaded,7.4,4,4,5,21990
Mazda,Bt-50,2014,Ute/Pickup,Automatic,4WD,Diesel,9.2,5,4,5,27995
Mazda,3,2014,Sedan,Automatic,FRONT,Unleaded,5.7,4,4,5,16990
Mazda,3,2014,Hatchback,Automatic,FRONT,Unleaded,5.8,4,5,5,17369
Mazda,Cx-5,2014,Wagon,Automatic,OTHER,-,NA,NA,NA,NA,16499
Mazda,3,2014,Sedan,Manual,FRONT,Unleaded,5.8,4,4,5,15990
Mazda,3,2014,Hatchback,Automatic,FRONT,Unleaded,5.8,4,5,5,16990
Mazda,Cx-9,2014,SUV,Automatic,FRONT,Unleaded,11,6,4,7,19990
Mazda,Cx-5,2014,SUV,Automatic,FRONT,Unleaded,6.4,4,4,5,22900
Mazda,2,2014,Hatchback,Manual,FRONT,Unleaded,6.4,4,5,5,11990
Mazda,3,2014,Sedan,Manual,FRONT,Unleaded,5.8,4,4,5,16490
Mazda,3,2014,Hatchback,Automatic,FRONT,Unleaded,6,4,5,5,24999
Mazda,Cx-9,2014,SUV,Automatic,FRONT,Unleaded,11,6,4,7,26995
Mazda,Cx-3,2015,SUV,Automatic,AWD,Unleaded,6.7,4,4,5,23950
Mazda,Cx-3,2015,SUV,Automatic,FRONT,Unleaded,6.1,4,4,5,22990
Mazda,Cx-5,2015,SUV,Automatic,AWD,Unleaded,7.4,4,4,5,26990
Mazda,2,2015,Hatchback,Automatic,FRONT,Unleaded,4.9,4,5,5,16990
Mazda,Bt-50,2015,Ute/Pickup,Automatic,4WD,Diesel,9.2,5,4,5,38800
Mazda,6,2015,Sedan,Automatic,FRONT,Unleaded,6.6,4,4,5,12999
Mazda,3,2015,Sedan,Automatic,FRONT,Unleaded,5.7,4,4,5,12999
Mazda,Cx-3,2015,SUV,Automatic,AWD,Diesel,5.1,4,4,5,21950
Mazda,6,2015,Sedan,Automatic,FRONT,Diesel,5.4,4,4,5,23880
Mazda,3,2015,Hatchback,Automatic,FRONT,Unleaded,6.1,4,5,5,22880
Mazda,Cx-5,2015,SUV,Automatic,AWD,Unleaded,7.4,4,4,5,20990
Mazda,3,2015,Sedan,Automatic,FRONT,Unleaded,5.7,4,4,5,18880
Mazda,2,2015,Hatchback,Manual,FRONT,Unleaded,5.2,4,5,5,17490
Mazda,Cx-9,2015,SUV,Automatic,FRONT,Unleaded,11,6,4,7,16990
Mazda,Bt-50,2015,Ute/Pickup,Manual,4WD,Diesel,8.9,5,2,3,17913
Mazda,2,2015,Hatchback,Automatic,FRONT,Unleaded,4.9,4,5,5,19800
Mazda,3,2015,Hatchback,Automatic,FRONT,Unleaded,6.1,4,5,5,13950
Mazda,Cx-5,2015,SUV,Automatic,AWD,Unleaded,7.4,4,4,5,27990
Mazda,6,2015,Wagon,Automatic,FRONT,Diesel,5.4,4,4,5,24888
Mazda,Cx-5,2015,SUV,Automatic,AWD,Diesel,5.7,4,4,5,23990
Mazda,3,2015,Sedan,Manual,FRONT,Unleaded,5.8,4,4,5,18990
Mazda,Cx-5,2015,SUV,Automatic,AWD,Unleaded,7.4,4,4,5,15990
Mazda,Cx-3,2015,SUV,Manual,FRONT,Unleaded,6.3,4,4,5,15990
Mazda,2,2015,Hatchback,Manual,FRONT,Unleaded,5.4,4,5,5,15990
Mazda,Cx-3,2015,SUV,Automatic,FRONT,Unleaded,6.1,4,4,5,19990
Mazda,3,2015,Hatchback,Automatic,FRONT,Unleaded,5.8,4,5,5,23990
Mazda,2,2015,Hatchback,Automatic,FRONT,Unleaded,4.9,4,5,5,19990
Mazda,Cx-5,2015,SUV,Automatic,FRONT,Unleaded,6.4,4,4,5,25990
Mazda,Cx-9,2015,SUV,Automatic,FRONT,Unleaded,11,6,4,7,16999
Mazda,3,2015,Hatchback,Manual,FRONT,Unleaded,6.5,4,5,5,14888
Mazda,Bt-50,2015,Ute/Pickup,Manual,4WD,Diesel,8.9,5,4,5,24990
Mazda,Cx-3,2015,SUV,Automatic,AWD,Unleaded,6.7,4,4,5,20990
Mazda,3,2015,Hatchback,Automatic,FRONT,Unleaded,5.8,4,5,5,20900
Mazda,3,2015,Hatchback,Automatic,FRONT,Unleaded,5.8,4,5,5,16999
Mazda,3,2015,Hatchback,Automatic,FRONT,Unleaded,6.1,4,5,5,19999
Mazda,Cx-5,2015,SUV,Automatic,FRONT,Unleaded,6.4,4,4,5,22990
Mazda,Cx-9,2015,SUV,Automatic,FRONT,Unleaded,11,6,4,7,26999
Mazda,Bt-50,2015,Ute/Pickup,Automatic,REAR,Diesel,8.4,5,4,4,14670
Mazda,Bt-50,2015,Ute/Pickup,Automatic,4WD,Diesel,9.2,5,4,5,29600
Mazda,Cx-5,2015,SUV,Automatic,AWD,Diesel,5.7,4,4,5,26777
Mazda,2,2015,Hatchback,Automatic,FRONT,Unleaded,4.9,4,5,5,13990
Mazda,3,2015,Sedan,Automatic,FRONT,Unleaded,6,4,4,5,22999
Mazda,6,2015,Sedan,Automatic,FRONT,Unleaded,6.6,4,4,5,19990
Mazda,3,2015,Hatchback,Manual,FRONT,Unleaded,5.9,4,5,5,17990
Mazda,Cx-5,2015,SUV,Automatic,AWD,Unleaded,7.4,4,4,5,25290
Mazda,3,2015,Sedan,Manual,FRONT,Unleaded,6.5,4,4,5,21450
Mazda,Cx-5,2015,SUV,Automatic,FRONT,Unleaded,6.4,4,4,5,23999
Mazda,Cx-3,2015,SUV,Automatic,FRONT,Unleaded,6.1,4,4,5,20390
Mazda,3,2015,Sedan,Automatic,FRONT,Unleaded,5.7,4,4,5,19990
Mazda,3,2015,Hatchback,Automatic,FRONT,Unleaded,5.8,4,5,5,16888
Mazda,Cx-3,2015,SUV,Manual,FRONT,Unleaded,6.3,4,4,5,17990
Mazda,Cx-5,2015,SUV,Automatic,FRONT,Unleaded,6.4,4,4,5,20990
Mazda,3,2015,Hatchback,Automatic,FRONT,Unleaded,6.1,4,5,5,22990
Mazda,Cx-5,2015,SUV,Automatic,AWD,Unleaded,7.4,4,4,5,24998
Mazda,Bt-50,2015,Ute/Pickup,Automatic,4WD,Diesel,9.2,5,4,5,37990
Mazda,3,2015,Hatchback,Automatic,FRONT,Unleaded,6.1,4,5,5,21990
Mazda,3,2015,Sedan,Manual,FRONT,Unleaded,6.5,4,4,5,18580
Mazda,Cx-5,2015,SUV,Automatic,AWD,Unleaded,7.4,4,4,5,24990
Mazda,Cx-5,2015,SUV,Automatic,AWD,Unleaded,7.4,4,4,5,27999
Mazda,3,2015,Sedan,Automatic,FRONT,Unleaded,5.7,4,4,5,23888
Mazda,2,2015,Sedan,Manual,FRONT,Unleaded,5.2,4,4,5,14990
Mazda,6,2015,Sedan,Automatic,FRONT,Unleaded,6.6,4,4,5,20998
Mazda,Bt-50,2015,Ute/Pickup,Automatic,4WD,Diesel,9.2,5,4,5,29999
Mazda,Mx-5,2015,Convertible,Automatic,REAR,Premium,7.1,4,2,2,34888
Mazda,Cx-5,2015,SUV,Automatic,AWD,Unleaded,7.4,4,4,5,25350
Mazda,Bt-50,2015,Ute/Pickup,Manual,REAR,Diesel,7.6,4,2,3,14999
Mazda,6,2015,Sedan,Automatic,FRONT,Diesel,5.4,4,4,5,21999
Mazda,6,2015,NA,Automatic,OTHER,-,NA,NA,NA,NA,23990
Mazda,2,2015,Hatchback,Automatic,FRONT,Unleaded,5.5,4,5,5,12990
Mazda,Mx-5,2015,Convertible,Automatic,REAR,Premium,6.4,4,2,2,29999
Mazda,3,2015,Hatchback,Automatic,FRONT,Unleaded,6.1,4,5,5,16990
Mazda,Bt-50,2015,Ute/Pickup,Automatic,4WD,Diesel,9.2,5,4,5,22990
Mazda,3,2015,Hatchback,Automatic,FRONT,Unleaded,5.8,4,5,5,19990
Mazda,3,2015,Sedan,Automatic,FRONT,Unleaded,6,4,4,5,19900
Mazda,Cx-9,2015,SUV,Automatic,FRONT,Unleaded,11,6,4,7,24705
Mazda,Cx-5,2015,SUV,Automatic,AWD,Unleaded,7.4,4,4,5,21995
Mazda,Bt-50,2015,Ute/Pickup,Automatic,REAR,Diesel,8.9,5,4,5,24990
Mazda,Bt-50,2016,Ute/Pickup,Automatic,4WD,Diesel,9.2,5,4,5,34913
Mazda,3,2016,Sedan,Manual,FRONT,Unleaded,5.8,4,4,5,13995
Mazda,2,2016,Hatchback,Automatic,FRONT,Unleaded,4.9,4,5,5,24705
Mazda,Bt-50,2016,Ute/Pickup,Automatic,4WD,Diesel,9.2,5,4,5,36950
Mazda,Bt-50,2016,Ute/Pickup,Manual,4WD,Diesel,8.9,5,4,5,36990
Mazda,Cx-5,2016,SUV,Automatic,FRONT,Unleaded,6.4,4,4,5,26990
Mazda,Cx-9,2016,SUV,Automatic,FRONT,Unleaded,8.4,4,4,7,34990
Mazda,2,2016,Hatchback,Automatic,FRONT,Unleaded,4.9,4,5,5,19300
Mazda,Cx-5,2016,SUV,Automatic,FRONT,Unleaded,6.4,4,4,5,28990
Mazda,6,2016,Sedan,Automatic,FRONT,Diesel,5.4,4,4,5,21999
Mazda,Bt-50,2016,Ute/Pickup,Automatic,OTHER,-,NA,NA,NA,NA,33990
Mazda,Mx-5,2016,Convertible,Automatic,REAR,Premium,7.1,4,2,2,33500
Mazda,Bt-50,2016,Ute/Pickup,Automatic,REAR,Diesel,8.9,5,4,5,26990
Mazda,Bt-50,2016,Ute/Pickup,Automatic,REAR,Diesel,8.9,5,4,5,27995
Mazda,Cx-5,2016,SUV,Automatic,AWD,Unleaded,7.4,4,4,5,23950
Mazda,6,2016,Sedan,Automatic,FRONT,Unleaded,6.6,4,4,5,24990
Mazda,Bt-50,2016,Ute/Pickup,Automatic,4WD,Diesel,9.2,5,4,5,39990
Mazda,Cx-5,2016,SUV,Automatic,FRONT,Unleaded,6.4,4,4,5,25500
Mazda,Cx-3,2016,SUV,Automatic,FRONT,Unleaded,6.1,4,4,5,23950
Mazda,3,2016,Hatchback,Automatic,FRONT,Unleaded,5.8,4,5,5,21800
Mazda,Bt-50,2016,Ute/Pickup,Automatic,REAR,Diesel,NA,NA,NA,NA,29990
Mazda,Bt-50,2016,Ute/Pickup,Manual,OTHER,-,NA,NA,NA,NA,32990
Mazda,Cx-3,2016,SUV,Manual,FRONT,Unleaded,6.3,4,4,5,22990
Mazda,Bt-50,2016,Ute/Pickup,Manual,4WD,Diesel,8.9,5,4,4,40990
Mazda,Cx-3,2016,SUV,Automatic,FRONT,Unleaded,6.1,4,4,5,22990
Mazda,3,2016,Sedan,Automatic,FRONT,Unleaded,6,4,4,5,19950
Mazda,Cx-5,2016,SUV,Automatic,FRONT,Unleaded,6.4,4,4,5,25986
Mazda,Bt-50,2016,Ute/Pickup,Automatic,4WD,Diesel,9.2,5,4,5,27913
Mazda,Cx-5,2016,SUV,Automatic,AWD,Diesel,5.7,4,4,5,22800
Mazda,Cx-9,2016,SUV,Automatic,AWD,Unleaded,8.8,4,4,7,36990
Mazda,3,2016,Sedan,Manual,FRONT,Unleaded,5.8,4,4,5,18999
Mazda,Cx-5,2016,SUV,Automatic,FRONT,Unleaded,6.4,4,4,5,19800
Mazda,2,2016,Hatchback,Manual,FRONT,Unleaded,5.4,4,5,5,18350
Mazda,3,2016,Sedan,Manual,FRONT,Unleaded,6.5,4,4,5,19725
Mazda,Bt-50,2016,Ute/Pickup,Automatic,4WD,Diesel,9.2,5,4,5,34990
Mazda,2,2016,Hatchback,Automatic,FRONT,Unleaded,5.5,4,5,5,15999
Mazda,Cx-5,2016,SUV,Automatic,AWD,Diesel,5.7,4,4,5,20990
Mazda,6,2016,Sedan,Automatic,FRONT,Unleaded,6.6,4,4,5,25766
Mazda,3,2016,Sedan,Automatic,FRONT,Unleaded,6,4,4,5,23888
Mazda,Cx-3,2016,SUV,Automatic,FRONT,Unleaded,6.1,4,4,5,23999
Mazda,Cx-5,2016,SUV,Automatic,AWD,Diesel,5.7,4,4,5,25705
Mazda,Cx-9,2016,SUV,Automatic,FRONT,Unleaded,8.4,4,4,7,32341
Mazda,Cx-5,2016,SUV,Automatic,FRONT,Unleaded,6.4,4,4,5,25990
Mazda,Bt-50,2016,Ute/Pickup,Manual,REAR,Diesel,7.6,4,2,3,18999
Mazda,3,2016,Hatchback,Automatic,FRONT,Unleaded,5.8,4,5,5,18990
Mazda,Cx-3,2016,SUV,Automatic,FRONT,Unleaded,6.1,4,4,5,26999
Mazda,3,2016,Sedan,Automatic,FRONT,Unleaded,5.7,4,4,5,14499
Mazda,3,2016,Sedan,Automatic,FRONT,Unleaded,5.7,4,4,5,16990
Mazda,Cx-9,2016,SUV,Automatic,FRONT,Unleaded,8.4,4,4,7,33990
Mazda,Cx-9,2016,SUV,Automatic,FRONT,Unleaded,8.4,4,4,7,36990
Mazda,6,2016,Sedan,Automatic,FRONT,Unleaded,6.6,4,4,5,25990
Mazda,Cx-5,2016,SUV,Automatic,FRONT,Unleaded,6.4,4,4,5,22990
Mazda,Bt-50,2016,Ute/Pickup,Manual,OTHER,Diesel,NA,NA,NA,NA,30999
Mazda,Cx-9,2016,SUV,Automatic,FRONT,Unleaded,8.4,4,4,7,34382
Mazda,Cx-3,2016,SUV,Automatic,FRONT,Unleaded,6.1,4,4,5,24990
Mazda,6,2016,Wagon,Automatic,FRONT,Unleaded,6.6,4,4,5,21990
Mazda,Cx-3,2016,SUV,Automatic,FRONT,Unleaded,6.1,4,4,5,19990
Mazda,2,2016,Sedan,Automatic,FRONT,Unleaded,5.5,4,4,5,19450
Mazda,Bt-50,2016,Ute/Pickup,Automatic,OTHER,Diesel,NA,NA,NA,NA,36499
Mazda,Cx-5,2016,Wagon,-,OTHER,Diesel,NA,NA,NA,NA,24990
Mazda,Bt-50,2016,Ute/Pickup,Manual,REAR,Diesel,8.4,5,2,3,27990
Mazda,Cx-5,2016,SUV,Automatic,AWD,Unleaded,7.4,4,4,5,29855
Mazda,Cx-3,2016,SUV,Automatic,FRONT,Unleaded,6.1,4,4,5,22900
Mazda,3,2016,Sedan,Manual,FRONT,Unleaded,5.8,4,4,5,13990
Mazda,Cx-5,2016,SUV,Automatic,AWD,Unleaded,7.4,4,4,5,24788
Mazda,Cx-5,2016,NA,-,OTHER,-,NA,NA,NA,NA,30990
Mazda,Cx-5,2016,SUV,Automatic,FRONT,Unleaded,6.4,4,4,5,30880
Mazda,Cx-5,2016,SUV,Automatic,AWD,Unleaded,7.4,4,4,5,17500
Mazda,Cx-9,2016,SUV,Automatic,FRONT,Unleaded,8.4,4,4,7,33888
Mazda,Cx-3,2016,Wagon,Automatic,OTHER,-,NA,NA,NA,NA,21499
Mazda,Bt-50,2016,Ute/Pickup,Automatic,OTHER,Diesel,NA,NA,NA,NA,28965
Mazda,Cx-5,2016,SUV,Automatic,AWD,Unleaded,7.4,4,4,5,23990
Mazda,Cx-5,2016,SUV,Automatic,AWD,Diesel,5.7,4,4,5,26995
Mazda,Mx-5,2016,Convertible,Manual,REAR,Premium,6.1,4,2,2,35490
Mazda,3,2016,Sedan,Manual,FRONT,Unleaded,5.8,4,4,5,15990
Mazda,Cx-5,2016,SUV,Manual,FRONT,Unleaded,6.4,4,4,5,23900
Mazda,Cx-5,2017,SUV,Automatic,AWD,Unleaded,7.5,4,4,5,39990
Mazda,Bt-50,2017,Ute/Pickup,Automatic,4WD,Diesel,9.2,5,4,5,23990
Mazda,2,2017,Hatchback,Automatic,FRONT,Unleaded,5.5,4,5,5,15778
Mazda,Cx-5,2017,SUV,Automatic,AWD,Unleaded,7.5,4,4,5,31990
Mazda,3,2017,Sedan,Manual,FRONT,Unleaded,6.5,4,4,5,21990
Mazda,Cx-9,2017,SUV,Automatic,FRONT,Unleaded,8.4,4,4,7,29999
Mazda,Bt-50,2017,Ute/Pickup,Automatic,REAR,Diesel,8.9,5,4,5,31987
Mazda,Bt-50,2017,Ute/Pickup,Automatic,4WD,Diesel,9.2,5,4,5,39888
Mazda,3,2017,Sedan,Automatic,FRONT,Unleaded,5.7,4,4,5,18950
Mazda,2,2017,Hatchback,Automatic,FRONT,Unleaded,5.5,4,5,5,16950
Mazda,3,2017,Hatchback,Automatic,FRONT,Unleaded,6.1,4,5,5,20490
Mazda,Bt-50,2017,Ute/Pickup,Automatic,OTHER,-,NA,NA,NA,NA,38990
Mazda,Cx-5,2017,SUV,Automatic,AWD,Unleaded,7.5,4,4,5,23490
Mazda,Cx-9,2017,SUV,Automatic,FRONT,Unleaded,8.4,4,4,7,29990
Mazda,Cx-5,2017,SUV,Automatic,AWD,Unleaded,7.5,4,4,5,34999
Mazda,Cx-3,2017,SUV,Automatic,FRONT,Unleaded,6.1,4,4,5,22990
Mazda,Bt-50,2017,Ute/Pickup,Manual,4WD,Diesel,8.9,5,4,5,24990
Mazda,6,2017,Sedan,Automatic,FRONT,Unleaded,6.6,4,4,5,29990
Mazda,Cx-5,2017,SUV,Automatic,FRONT,Unleaded,6.9,4,4,5,27990
Mazda,Cx-5,2017,SUV,Automatic,FRONT,Unleaded,6.4,4,4,5,20890
Mazda,6,2017,Wagon,Automatic,FRONT,Unleaded,6.6,4,4,5,22888
Mazda,Bt-50,2017,Ute/Pickup,Automatic,REAR,Diesel,7.6,4,2,3,22788
Mazda,3,2017,Hatchback,Automatic,FRONT,Unleaded,5.8,4,5,5,23888
Mazda,3,2017,Sedan,Automatic,FRONT,Unleaded,6,4,4,5,25990
Mazda,Cx-5,2017,SUV,Automatic,FRONT,Unleaded,6.4,4,4,5,24990
Mazda,Mx-5,2017,Convertible,Manual,REAR,Premium,6.9,4,2,2,39990
Mazda,6,2017,Sedan,Automatic,FRONT,Unleaded,6.6,4,4,5,30990
Mazda,Cx-9,2017,SUV,Automatic,FRONT,Unleaded,8.4,4,4,7,28990
Mazda,Bt-50,2017,Ute/Pickup,Automatic,4WD,Diesel,9.2,5,4,5,44999
Mazda,3,2017,Hatchback,Automatic,FRONT,Unleaded,5.8,4,5,5,22990
Mazda,3,2017,Sedan,Automatic,FRONT,Unleaded,5.7,4,4,5,22670
Mazda,Cx-5,2017,SUV,Automatic,AWD,Unleaded,7.4,4,4,5,29788
Mazda,Cx-5,2017,SUV,Automatic,AWD,Unleaded,7.4,4,4,5,35800
Mazda,Cx-3,2017,SUV,Automatic,FRONT,Unleaded,6.1,4,4,5,24890
Mazda,Cx-5,2017,SUV,Automatic,AWD,Diesel,6,4,4,5,24970
Mazda,Cx-5,2017,SUV,Automatic,AWD,Unleaded,7.5,4,4,5,29990
Mazda,Cx-5,2017,SUV,Automatic,FRONT,Unleaded,6.9,4,4,5,19888
Mazda,Bt-50,2017,Ute/Pickup,Automatic,REAR,Diesel,8.4,5,4,4,18913
Mazda,Cx-5,2017,SUV,Automatic,AWD,Unleaded,7.4,4,4,5,22990
Mazda,3,2017,Hatchback,Manual,FRONT,Unleaded,5.9,4,5,5,19990
Mazda,2,2017,Hatchback,Automatic,FRONT,Unleaded,4.9,4,5,5,20999
Mazda,Cx-9,2017,SUV,Automatic,FRONT,Unleaded,8.4,4,4,7,31670
Mazda,Bt-50,2017,Ute/Pickup,Manual,4WD,Diesel,8.9,5,4,4,39990
Mazda,2,2017,Hatchback,Automatic,FRONT,Unleaded,4.9,4,5,5,15980
Mazda,Cx-5,2017,SUV,Automatic,AWD,Unleaded,7.5,4,4,5,34450
Mazda,Bt-50,2017,Ute/Pickup,Automatic,4WD,Diesel,8.9,5,4,4,26990
Mazda,Cx-3,2017,SUV,Automatic,FRONT,Unleaded,6.1,4,4,5,19670
Mazda,Cx-5,2017,SUV,Automatic,FRONT,Unleaded,6.9,4,4,5,32990
Mazda,3,2017,NA,Automatic,OTHER,Unleaded,NA,NA,NA,NA,21990
Mazda,Cx-5,2017,SUV,Automatic,AWD,Unleaded,7.4,4,4,5,34970
Mazda,3,2017,Sedan,Automatic,FRONT,Unleaded,6,4,4,5,23499
Mazda,Cx-9,2017,SUV,Automatic,AWD,Unleaded,8.8,4,4,7,36888
Mazda,3,2017,Hatchback,Automatic,FRONT,Unleaded,6.1,4,5,5,28888
Mazda,Bt-50,2017,Ute/Pickup,Manual,REAR,Diesel,7.6,4,2,3,16999
Mazda,6,2017,Sedan,Automatic,FRONT,Unleaded,6.6,4,4,5,29950
Mazda,6,2017,Sedan,Automatic,FRONT,Unleaded,6.6,4,4,5,27990
Mazda,Cx-3,2017,SUV,Manual,FRONT,Unleaded,6.3,4,4,5,25850
Mazda,Bt-50,2017,Ute/Pickup,Manual,REAR,Diesel,8.4,5,4,4,22990
Mazda,3,2017,Sedan,Automatic,FRONT,Unleaded,6,4,4,5,28950
Mazda,Cx-5,2017,SUV,Automatic,FRONT,Unleaded,6.9,4,4,5,26990
Mazda,Cx-5,2017,SUV,Automatic,AWD,Diesel,5.7,4,4,5,34990
Mazda,6,2017,Sedan,Automatic,FRONT,Unleaded,6.6,4,4,5,26590
Mazda,Cx-5,2017,SUV,Automatic,AWD,Unleaded,7.5,4,4,5,32499
Mazda,Bt-50,2017,Ute/Pickup,Automatic,REAR,Diesel,8.9,5,4,5,31999
Mazda,Cx-9,2017,SUV,Automatic,AWD,Unleaded,8.8,4,4,7,39990
Mazda,Cx-3,2017,SUV,Automatic,FRONT,Unleaded,6.1,4,4,5,19990
Mazda,Bt-50,2017,Ute/Pickup,Manual,REAR,Diesel,7.6,4,2,3,26980
Mazda,Cx-9,2017,SUV,Automatic,FRONT,Unleaded,8.4,4,4,7,38870
Mazda,Cx-5,2017,SUV,Automatic,FRONT,Unleaded,6.9,4,4,5,30395
Mazda,Bt-50,2017,Ute/Pickup,Automatic,REAR,Diesel,8.9,5,4,5,22999
Mazda,Cx-9,2017,SUV,Automatic,AWD,Unleaded,8.8,4,4,7,38990
Mazda,2,2017,Hatchback,Automatic,FRONT,Unleaded,4.9,4,5,5,19588
Mazda,3,2017,Hatchback,Automatic,FRONT,Unleaded,5.8,4,5,5,22499
Mazda,3,2017,Hatchback,Automatic,FRONT,Unleaded,5.8,4,5,5,20690
Mazda,Cx-3,2017,SUV,Automatic,FRONT,Unleaded,6.1,4,4,5,25970
Mazda,3,2017,Hatchback,Manual,FRONT,Unleaded,5.9,4,5,5,20990
Mazda,Cx-9,2017,SUV,Automatic,FRONT,Unleaded,8.4,4,4,7,43900
Mazda,Bt-50,2017,Ute/Pickup,Manual,REAR,Diesel,8.4,5,4,5,33988
Mazda,6,2017,Sedan,Automatic,FRONT,Diesel,5.4,4,4,5,26490
Mazda,3,2017,Hatchback,Automatic,FRONT,Unleaded,6.1,4,5,5,27990
Mazda,Cx-9,2017,SUV,Automatic,FRONT,Unleaded,8.4,4,4,7,35680
Mazda,3,2017,Hatchback,Manual,FRONT,Unleaded,5.9,4,5,5,13990
Mazda,3,2017,Hatchback,Automatic,FRONT,Unleaded,5.8,4,5,5,21999
Mazda,Cx-5,2017,SUV,Automatic,AWD,Diesel,5.7,4,4,5,28990
Mazda,3,2017,Hatchback,Automatic,FRONT,Unleaded,5.8,4,5,5,26990
Mazda,2,2017,Hatchback,Manual,FRONT,Unleaded,5.4,4,5,5,14990
Mazda,Cx-5,2017,Wagon,Automatic,OTHER,-,NA,NA,NA,NA,26989
Mazda,Cx-5,2017,SUV,Automatic,FRONT,Unleaded,6.4,4,4,5,29990
Mazda,Cx-9,2017,SUV,Automatic,AWD,Unleaded,8.8,4,4,7,37999
Mazda,Cx-3,2017,SUV,Automatic,AWD,Unleaded,6.7,4,4,5,24888
Mazda,6,2017,Wagon,Automatic,FRONT,Unleaded,6.6,4,4,5,24990
Mazda,2,2017,Hatchback,Automatic,OTHER,-,NA,NA,NA,NA,22989
Mazda,Cx-9,2017,SUV,Automatic,AWD,Unleaded,8.8,4,4,7,36500
Mazda,Bt-50,2017,Ute/Pickup,Manual,REAR,Diesel,7.6,4,2,3,15980
Mazda,Bt-50,2018,Ute/Pickup,Automatic,REAR,Diesel,9.3,5,4,5,30990
Mazda,2,2018,Hatchback,Automatic,FRONT,Unleaded,4.9,4,5,5,23999
Mazda,2,2018,Hatchback,Automatic,FRONT,Unleaded,4.9,4,5,5,22990
Mazda,6,2018,Sedan,Automatic,FRONT,Unleaded,7,4,4,5,29990
Mazda,3,2018,Hatchback,Automatic,FRONT,Unleaded,6.1,4,5,5,23400
Mazda,3,2018,Sedan,Automatic,FRONT,Unleaded,5.7,4,4,5,24990
Mazda,Bt-50,2018,Ute/Pickup,Automatic,REAR,Diesel,8.9,5,4,5,33990
Mazda,3,2018,Sedan,Manual,FRONT,Unleaded,5.8,4,4,5,24990
Mazda,3,2018,Sedan,Automatic,FRONT,Unleaded,5.7,4,4,5,24995
Mazda,Bt-50,2018,Ute/Pickup,Manual,REAR,Diesel,8.4,5,2,3,21950
Mazda,Cx-5,2018,SUV,Automatic,FRONT,Unleaded,6.9,4,4,5,31990
Mazda,Bt-50,2018,Ute/Pickup,Automatic,4WD,Diesel,10,5,4,5,48990
Mazda,Cx-9,2018,SUV,Automatic,AWD,Unleaded,8.8,4,4,7,39950
Mazda,3,2018,Hatchback,Automatic,FRONT,Unleaded,5.8,4,5,5,26888
Mazda,Bt-50,2018,Ute/Pickup,Automatic,REAR,Diesel,8.9,5,4,5,22990
Mazda,Cx-5,2018,SUV,Automatic,FRONT,Unleaded,6.9,4,4,5,32990
Mazda,2,2018,Hatchback,Automatic,FRONT,Unleaded,5.5,4,5,5,17990
Mazda,6,2018,Wagon,Automatic,FRONT,Unleaded,7.6,4,4,5,33990
Mazda,3,2018,Hatchback,Automatic,FRONT,Unleaded,5.8,4,5,5,24990
Mazda,Bt-50,2018,Ute/Pickup,Automatic,4WD,Diesel,10,5,4,4,47990
Mazda,Cx-5,2018,SUV,Automatic,AWD,Unleaded,7.5,4,4,5,36990
Mazda,Cx-5,2018,SUV,Automatic,AWD,Unleaded,7.5,4,4,5,37990
Mazda,3,2018,Hatchback,Manual,FRONT,Unleaded,5.9,4,5,5,23990
Mazda,Cx-5,2018,SUV,Automatic,AWD,Unleaded,7.5,4,4,5,34990
Mazda,Cx-9,2018,SUV,Automatic,FRONT,Unleaded,8.4,4,4,7,46990
Mazda,2,2018,Hatchback,Automatic,FRONT,Unleaded,5.5,4,5,5,21990
Mazda,Bt-50,2018,Ute/Pickup,Manual,REAR,Diesel,8.9,5,4,4,28990
Mazda,Cx-5,2018,SUV,Automatic,AWD,Diesel,6,4,4,5,31590
Mazda,Cx-3,2018,SUV,Manual,FRONT,Unleaded,6.3,4,4,5,23990
Mazda,Cx-5,2018,SUV,Automatic,FRONT,Unleaded,6.9,4,4,5,28490
Mazda,Cx-3,2018,SUV,Automatic,FRONT,Unleaded,6.1,4,4,5,25995
Mazda,Bt-50,2018,Ute/Pickup,Manual,4WD,Diesel,8.9,5,4,5,39990
Mazda,Cx-3,2018,SUV,Automatic,FRONT,Unleaded,6.1,4,4,5,24888
Mazda,3,2018,Hatchback,Automatic,FRONT,Unleaded,5.8,4,5,5,21990
Mazda,Cx-5,2018,SUV,Automatic,AWD,Unleaded,7.5,4,4,5,38990
Mazda,Cx-5,2018,SUV,Automatic,AWD,Diesel,6,4,4,5,27890
Mazda,Bt-50,2018,Ute/Pickup,Manual,REAR,Diesel,8,4,2,3,14999
Mazda,Cx-3,2018,SUV,Automatic,FRONT,Unleaded,6.1,4,4,5,22771
Mazda,3,2018,Sedan,Automatic,FRONT,Unleaded,6,4,4,5,28990
Mazda,Cx-3,2018,SUV,Automatic,FRONT,Unleaded,6.1,4,4,5,23990
Mazda,6,2018,Sedan,Automatic,FRONT,Unleaded,6.6,4,4,5,26888
Mazda,2,2018,Sedan,Manual,FRONT,Unleaded,5.4,4,4,5,17888
Mazda,Cx-5,2018,SUV,Automatic,AWD,Diesel,6,4,4,5,34990
Mazda,Bt-50,2018,Ute/Pickup,Automatic,4WD,Diesel,10,5,4,4,39890
Mazda,3,2018,Hatchback,Manual,FRONT,Unleaded,5.9,4,5,5,18750
Mazda,Cx-3,2018,SUV,Automatic,AWD,Unleaded,6.7,4,4,5,32999
Mazda,3,2018,Hatchback,Automatic,FRONT,Unleaded,6.1,4,5,5,26990
Mazda,3,2018,Sedan,Automatic,FRONT,Unleaded,5.7,4,4,5,19989
Mazda,Cx-5,2018,SUV,Automatic,AWD,Unleaded,7.5,4,4,5,32995
Mazda,6,2018,Sedan,Automatic,FRONT,Unleaded,6.6,4,4,5,30990
Mazda,3,2018,Hatchback,Automatic,FRONT,Unleaded,6.1,4,5,5,26999
Mazda,Bt-50,2018,Ute/Pickup,Automatic,4WD,Diesel,10,5,4,5,44990
Mazda,Cx-5,2018,SUV,Automatic,AWD,Unleaded,7.5,4,4,5,35990
Mazda,2,2018,Hatchback,Automatic,FRONT,Unleaded,5.5,4,5,5,18850
Mazda,3,2018,Sedan,Automatic,FRONT,Unleaded,5.7,4,4,5,25990
Mazda,Cx-9,2018,SUV,Automatic,FRONT,Unleaded,8.4,4,4,7,33990
Mazda,Bt-50,2018,Ute/Pickup,Automatic,REAR,Diesel,NA,NA,NA,NA,41999
Mazda,3,2018,Hatchback,Automatic,FRONT,Unleaded,6.1,4,5,5,25990
Mazda,Cx-5,2018,SUV,Automatic,AWD,Diesel,6,4,4,5,27888
Mazda,Cx-3,2018,SUV,Automatic,FRONT,Unleaded,6.1,4,4,5,25990
Mazda,Cx-9,2018,SUV,Automatic,AWD,Unleaded,8.8,4,4,7,51988
Mazda,Cx-9,2018,SUV,Automatic,FRONT,Unleaded,8.4,4,4,7,39490
Mazda,Cx-5,2018,SUV,Automatic,FRONT,Unleaded,6.9,4,4,5,32499
Mazda,Cx-8,2018,SUV,Automatic,AWD,Diesel,6,4,4,7,39990
Mazda,6,2018,Sedan,Automatic,FRONT,Unleaded,6.6,4,4,5,25950
Mazda,Cx-9,2018,SUV,Automatic,AWD,Unleaded,8.8,4,4,7,37894
Mazda,3,2018,Hatchback,Manual,FRONT,Unleaded,6.5,4,5,5,25990
Mazda,Cx-9,2018,SUV,Automatic,FRONT,Unleaded,8.4,4,4,7,39998
Mazda,6,2018,Sedan,Automatic,FRONT,Unleaded,7,4,4,5,27886
Mazda,Cx-3,2018,SUV,Automatic,FRONT,Unleaded,6.3,4,4,5,25800
Mazda,Cx-3,2018,SUV,Automatic,AWD,Diesel,5.1,4,4,5,29990
Mazda,Cx-3,2018,SUV,Automatic,FRONT,Unleaded,6.1,4,4,5,17500
Mazda,Bt-50,2018,Ute/Pickup,Automatic,4WD,Diesel,10,5,4,4,34900
Mazda,Cx-5,2018,SUV,Automatic,AWD,Unleaded,7.5,4,4,5,36850
Mazda,Bt-50,2018,Ute/Pickup,Automatic,4WD,Diesel,10,5,4,5,38990
Mazda,Cx-5,2018,SUV,Automatic,AWD,Unleaded,7.5,4,4,5,36400
Mazda,Cx-3,2018,SUV,Automatic,FRONT,Unleaded,6.1,4,4,5,23880
Mazda,3,2018,Sedan,Automatic,FRONT,Unleaded,6,4,4,5,31990
Mazda,Cx-9,2018,SUV,Automatic,AWD,Unleaded,8.8,4,4,7,47990
Mazda,Cx-5,2018,SUV,Automatic,FRONT,Unleaded,6.9,4,4,5,33888
Mazda,Bt-50,2018,Ute/Pickup,Automatic,REAR,Diesel,NA,NA,NA,NA,34990
Mazda,2,2018,Hatchback,Automatic,FRONT,Unleaded,4.9,4,5,5,14999
Mazda,Bt-50,2018,Ute/Pickup,Automatic,4WD,Diesel,10,5,4,5,45990
Mazda,3,2018,Hatchback,Automatic,FRONT,Unleaded,5.8,4,5,5,20990
Mazda,Bt-50,2018,Ute/Pickup,Automatic,4WD,Diesel,10,5,4,5,43990
Mazda,2,2018,Hatchback,Manual,FRONT,Unleaded,5.2,4,5,5,21990
Mazda,3,2018,Hatchback,Automatic,FRONT,Unleaded,5.8,4,5,5,22990
Mazda,Cx-9,2018,SUV,Automatic,FRONT,Unleaded,8.4,4,4,7,47444
Mazda,Cx-5,2018,SUV,Automatic,AWD,Diesel,6,4,4,5,35990
Mazda,Bt-50,2018,Ute/Pickup,Automatic,4WD,Diesel,9.2,5,4,5,37888
Mazda,Cx-5,2018,SUV,Automatic,FRONT,Unleaded,6.9,4,4,5,27990
Mazda,Bt-50,2018,Ute/Pickup,Automatic,4WD,Diesel,10,5,4,5,40950
Mazda,2,2018,Hatchback,Automatic,FRONT,Unleaded,4.9,4,5,5,18990
Mazda,Cx-5,2018,SUV,Automatic,FRONT,Unleaded,6.9,4,4,5,30990
Mazda,Bt-50,2018,Ute/Pickup,Automatic,4WD,Diesel,10,5,4,5,30998
Mazda,Cx-5,2018,SUV,Automatic,AWD,Unleaded,7.5,4,4,5,27888
Mazda,Cx-5,2018,SUV,Automatic,AWD,Unleaded,7.5,4,4,5,34988
Mazda,Bt-50,2018,Ute/Pickup,Manual,4WD,Diesel,9.7,5,4,5,45995
Mazda,Bt-50,2018,Ute/Pickup,Automatic,4WD,Diesel,8.9,5,2,3,31990
Mazda,6,2018,Sedan,Automatic,FRONT,Unleaded,7,4,4,5,29999
Mazda,3,2018,Hatchback,Automatic,FRONT,Unleaded,5.8,4,5,5,23888
Mazda,Mx-5,2018,NA,Manual,REAR,Premium,NA,NA,NA,NA,35900
Mazda,Cx-8,2018,SUV,Automatic,AWD,Diesel,6,4,4,7,45990
Mazda,Cx-3,2018,SUV,Automatic,FRONT,Unleaded,6.1,4,4,5,19490
Mazda,Cx-5,2018,SUV,Automatic,AWD,Unleaded,7.5,4,4,5,34999
Mazda,Cx-5,2018,SUV,Automatic,AWD,Unleaded,7.5,4,4,5,29999
Mazda,Cx-3,2018,SUV,Automatic,FRONT,Unleaded,6.1,4,4,5,17999
Mazda,Cx-3,2018,SUV,Automatic,AWD,Unleaded,6.7,4,4,5,23990
Mazda,3,2018,Hatchback,Automatic,FRONT,Unleaded,5.8,4,5,5,19490
Mazda,3,2019,Hatchback,Manual,FRONT,Unleaded,6.2,4,5,5,24888
Mazda,Bt-50,2019,Ute/Pickup,Automatic,REAR,Diesel,NA,NA,NA,NA,28888
Mazda,3,2019,Hatchback,Automatic,FRONT,Unleaded,6.2,4,5,5,32447
Mazda,Cx-5,2019,SUV,Automatic,FRONT,Unleaded,6.9,4,4,5,34990
Mazda,Cx-5,2019,Wagon,Automatic,OTHER,Unleaded,NA,NA,NA,NA,36990
Mazda,Cx-5,2019,Wagon,-,OTHER,-,NA,NA,NA,NA,32990
Mazda,Cx-3,2019,SUV,Automatic,FRONT,Unleaded,6.3,4,4,5,35990
Mazda,Cx-9,2019,SUV,Automatic,FRONT,Unleaded,8.4,4,4,7,41990
Mazda,3,2019,Sedan,Automatic,FRONT,Unleaded,6.1,4,4,5,29990
Mazda,3,2019,Hatchback,Automatic,FRONT,Unleaded,6.2,4,5,5,31888
Mazda,3,2019,Hatchback,Automatic,FRONT,Unleaded,5.8,4,5,5,29990
Mazda,Cx-3,2019,SUV,Automatic,FRONT,Unleaded,6.3,4,4,5,30990
Mazda,Cx-5,2019,Wagon,Automatic,OTHER,Unleaded,NA,NA,NA,NA,41999
Mazda,Cx-5,2019,SUV,Automatic,AWD,Unleaded,7.5,4,4,5,35990
Mazda,Cx-5,2019,SUV,Automatic,FRONT,Unleaded,6.9,4,4,5,32990
Mazda,Cx-5,2019,SUV,Automatic,FRONT,Unleaded,6.9,4,4,5,33990
Mazda,Cx-9,2019,SUV,Automatic,AWD,Unleaded,8.8,4,4,7,39990
Mazda,Cx-3,2019,SUV,Manual,FRONT,Unleaded,6.6,4,4,5,20986
Mazda,Cx-5,2019,SUV,Automatic,AWD,Unleaded,8.2,4,4,5,37990
Mazda,Bt-50,2019,Ute/Pickup,Automatic,REAR,Diesel,8.6,4,2,3,32990
Mazda,3,2019,Hatchback,Automatic,FRONT,Unleaded,6.2,4,5,5,32990
Mazda,Cx-8,2019,SUV,Automatic,AWD,Diesel,6,4,4,7,36771
Mazda,Cx-5,2019,SUV,Automatic,AWD,Unleaded,7.4,4,4,5,42990
Mazda,Cx-3,2019,SUV,Manual,FRONT,Unleaded,6.6,4,4,5,25999
Mazda,3,2019,Hatchback,Manual,FRONT,Unleaded,5.9,4,5,5,33868
Mazda,Cx-5,2019,SUV,Automatic,AWD,Unleaded,7.5,4,4,5,34990
Mazda,Cx-9,2019,SUV,Automatic,FRONT,Unleaded,8.4,4,4,7,48990
Mazda,3,2019,NA,Automatic,FRONT,Unleaded,NA,NA,NA,NA,30990
Mazda,3,2019,Hatchback,Automatic,FRONT,Unleaded,6.6,4,5,5,33488
Mazda,Cx-5,2019,Wagon,Automatic,OTHER,Unleaded,NA,NA,NA,NA,39888
Mazda,Cx-9,2019,Wagon,Automatic,OTHER,Unleaded,NA,NA,NA,NA,50888
Mazda,Cx-5,2019,SUV,Automatic,AWD,Unleaded,7.5,4,4,5,29500
Mazda,Cx-9,2019,SUV,Automatic,FRONT,Unleaded,8.4,4,4,7,44450
Mazda,3,2019,Sedan,Automatic,FRONT,Unleaded,6.5,4,4,5,33990
Mazda,Cx-8,2019,SUV,Automatic,FRONT,Diesel,5.7,4,4,7,39990
Mazda,Cx-9,2019,SUV,Automatic,AWD,Unleaded,8.8,4,4,7,46990
Mazda,6,2019,Sedan,Automatic,FRONT,Unleaded,7,4,4,5,29450
Mazda,6,2019,Sedan,Automatic,FRONT,Unleaded,7,4,4,5,30262
Mazda,Cx-5,2019,SUV,Automatic,FRONT,Unleaded,6.9,4,4,5,35250
Mazda,Bt-50,2019,Ute/Pickup,Manual,OTHER,Diesel,NA,NA,NA,NA,43490
Mazda,Cx-5,2019,SUV,Automatic,AWD,Unleaded,8.2,4,4,5,30987
Mazda,Cx-5,2019,SUV,Automatic,AWD,Diesel,6,4,4,5,35999
Mazda,Cx-8,2019,SUV,Automatic,AWD,Diesel,6,4,4,7,40777
Mazda,Cx-3,2019,SUV,Automatic,FRONT,Unleaded,6.3,4,4,5,31477
Mazda,Cx-3,2019,Wagon,Automatic,FRONT,Unleaded,NA,NA,NA,NA,28990
Mazda,Cx-5,2019,SUV,Automatic,AWD,Unleaded,7.5,4,4,5,34880
Mazda,2,2019,Sedan,Automatic,FRONT,Unleaded,4.9,4,4,5,21990
Mazda,Cx-5,2019,Wagon,Automatic,OTHER,Diesel,NA,NA,NA,NA,38850
Mazda,Cx-5,2019,SUV,Automatic,FRONT,Unleaded,6.9,4,4,5,28989
Mazda,3,2019,Hatchback,Automatic,FRONT,Unleaded,6.2,4,5,5,31999
Mazda,Cx-5,2019,SUV,Automatic,FRONT,Unleaded,6.9,4,4,5,33980
Mazda,Cx-5,2019,Wagon,Automatic,OTHER,Unleaded,NA,NA,NA,NA,37888
Mazda,Cx-3,2019,SUV,Automatic,FRONT,Unleaded,6.3,4,4,5,27990
Mazda,Cx-3,2019,SUV,Automatic,FRONT,Unleaded,6.3,4,4,5,23999
Mazda,3,2019,Hatchback,-,OTHER,Unleaded,NA,NA,NA,NA,28990
Mazda,3,2019,Hatchback,Manual,FRONT,Unleaded,NA,NA,NA,NA,32980
Mazda,Cx-9,2019,SUV,Automatic,FRONT,Unleaded,8.4,4,4,7,35965
Mazda,3,2019,Hatchback,Automatic,FRONT,Unleaded,6.6,4,5,5,29919
Mazda,Cx-9,2019,Wagon,-,OTHER,Unleaded,NA,NA,NA,NA,44990
Mazda,3,2019,Hatchback,Manual,FRONT,Unleaded,6.3,4,5,5,30984
Mazda,3,2019,NA,Automatic,FRONT,Unleaded,NA,NA,NA,NA,25990
Mazda,Cx-8,2019,Wagon,Automatic,FRONT,Diesel,NA,NA,NA,NA,39995
Mazda,3,2019,Hatchback,Automatic,FRONT,Unleaded,6.2,4,5,5,25480
Mazda,Bt-50,2019,Ute/Pickup,Manual,4WD,Diesel,9.7,5,2,3,38990
Mazda,Bt-50,2019,Ute/Pickup,Automatic,REAR,Diesel,9.3,5,4,5,38950
Mazda,3,2020,Hatchback,Automatic,FRONT,Unleaded,6.6,4,5,5,39990
Mazda,Cx-5,2020,SUV,Automatic,AWD,Unleaded,7.5,4,4,5,40898
Mazda,Cx-3,2020,SUV,Automatic,FRONT,Unleaded,6.3,4,4,5,35990
Mazda,Cx-5,2020,SUV,Automatic,AWD,Unleaded,7.4,4,4,5,41990
Mazda,Bt-50,2020,Ute/Pickup,Automatic,REAR,Diesel,9.3,5,4,4,43995
Mazda,Bt-50,2020,Ute/Pickup,Automatic,4WD,Diesel,8,4,4,5,57990
Mazda,Cx-30,2020,SUV,Automatic,FRONT,Unleaded,6.5,4,4,5,33880
Mazda,Cx-30,2020,SUV,Automatic,FRONT,Unleaded,6.5,4,4,5,31450
Mazda,Cx-5,2020,SUV,Automatic,AWD,Unleaded,7.5,4,4,5,33990
Mazda,Cx-8,2020,SUV,Automatic,FRONT,Unleaded,8.1,4,4,7,41449
Mazda,3,2020,Hatchback,Automatic,FRONT,Unleaded,6.2,4,5,5,27990
Mazda,3,2020,Hatchback,Manual,FRONT,Unleaded,6.3,4,5,5,31990
Mazda,Cx-30,2020,SUV,Automatic,AWD,Unleaded,6.8,4,4,5,38990
Mazda,Cx-5,2020,SUV,Automatic,AWD,Unleaded,7.5,4,4,5,32950
Mazda,3,2020,Sedan,Automatic,FRONT,Unleaded,6.1,4,4,5,27990
Mazda,Cx-9,2020,SUV,Automatic,FRONT,Unleaded,8.4,4,4,7,39990
Mazda,Cx-3,2020,SUV,Automatic,FRONT,Unleaded,6.3,4,4,5,29990
Mazda,Cx-3,2020,SUV,Automatic,FRONT,Unleaded,6.3,4,4,5,26990
Mazda,Cx-30,2020,SUV,Automatic,AWD,Unleaded,6.8,4,4,5,37990
Mazda,Bt-50,2020,Ute/Pickup,Automatic,4WD,Diesel,8,4,4,2,53000
Mazda,3,2020,Hatchback,Automatic,FRONT,Unleaded,6.2,4,5,5,25990
Mazda,Cx-5,2020,SUV,Automatic,AWD,Unleaded,7.5,4,4,5,36999
Mazda,Bt-50,2020,Ute/Pickup,Automatic,4WD,Diesel,8,4,4,5,43500
Mazda,6,2020,Sedan,Automatic,FRONT,Unleaded,7,4,4,5,33990
Mazda,Cx-30,2020,SUV,Automatic,FRONT,Unleaded,6.6,4,4,5,38100
Mazda,Cx-5,2020,SUV,Automatic,AWD,Unleaded,7.5,4,4,5,39990
Mazda,Cx-8,2020,SUV,Automatic,FRONT,Unleaded,8.1,4,4,7,38990
Mazda,Cx-9,2020,SUV,Automatic,AWD,Unleaded,8.8,4,4,7,56990
Mazda,6,2020,Sedan,Automatic,FRONT,Unleaded,7,4,4,5,31980
Mazda,3,2020,Sedan,Automatic,FRONT,Unleaded,6.5,4,4,5,38950
Mazda,Bt-50,2020,Ute/Pickup,Automatic,4WD,Diesel,8,4,4,5,48990
Mazda,Cx-5,2020,SUV,Automatic,AWD,Unleaded,7.5,4,4,5,37980
Mazda,Cx-5,2020,SUV,Automatic,AWD,Unleaded,7.5,4,4,5,37950
Mazda,Cx-5,2020,SUV,Automatic,FRONT,Unleaded,6.9,4,4,5,34989
Mazda,Cx-8,2020,SUV,Automatic,AWD,Diesel,6,4,4,7,50999
Mazda,3,2020,Sedan,Automatic,FRONT,Unleaded,6.1,4,4,5,29990
Mazda,3,2020,Sedan,Automatic,FRONT,Unleaded,6.5,4,4,5,34382
Mazda,2,2020,Hatchback,Automatic,FRONT,Unleaded,5.2,4,5,5,22990
Mazda,Cx-3,2020,SUV,Automatic,FRONT,Unleaded,6.3,4,4,5,24989
Mazda,Cx-3,2020,SUV,Automatic,FRONT,Unleaded,6.3,4,4,5,27990
Mazda,6,2020,Sedan,Automatic,FRONT,Unleaded,7,4,4,5,29488
Mazda,Cx-3,2020,SUV,Automatic,FRONT,Unleaded,6.3,4,4,5,29999
Mazda,Bt-50,2020,Ute/Pickup,Automatic,4WD,Diesel,8,4,4,5,56995
Mazda,Cx-30,2020,Wagon,Automatic,OTHER,-,NA,NA,NA,NA,36989
Mazda,Bt-50,2020,Ute/Pickup,Automatic,4WD,Diesel,8,4,4,5,54998
Mazda,3,2020,Hatchback,Automatic,FRONT,Unleaded,6.2,4,5,5,29990
Mazda,Bt-50,2020,Ute/Pickup,Automatic,4WD,Diesel,8,4,4,5,49988
Mazda,Bt-50,2020,Ute/Pickup,Automatic,4WD,Diesel,10,5,4,5,44850
Mazda,Cx-5,2020,Wagon,Automatic,AWD,Unleaded,NA,NA,NA,NA,37888
Mazda,Bt-50,2020,Ute/Pickup,Automatic,4WD,Diesel,10,5,4,5,52888
Mazda,3,2020,Sedan,Automatic,FRONT,Unleaded,6.5,4,4,5,31999
Mazda,Cx-3,2020,SUV,Automatic,FRONT,Unleaded,6.3,4,4,5,31990
Mazda,Cx-5,2020,SUV,Automatic,AWD,Unleaded,7.5,4,4,5,35990
Mazda,3,2020,Hatchback,Automatic,FRONT,Unleaded,6.6,4,5,5,32856
Mazda,3,2021,Hatchback,Manual,FRONT,Unleaded,6.2,4,5,5,29888
Mazda,6,2021,Wagon,Automatic,FRONT,Unleaded,7,4,4,5,37990
Mazda,6,2021,Sedan,Automatic,FRONT,Unleaded,7.6,4,4,5,41863
Mazda,Bt-50,2021,Ute/Pickup,Automatic,4WD,Diesel,8,4,4,5,56950
Mazda,Bt-50,2021,Ute/Pickup,Automatic,FRONT,Diesel,8,4,4,2,45990
Mazda,Cx-9,2021,SUV,Automatic,FRONT,Unleaded,8.4,4,4,7,57990
Mazda,Mx-5,2021,Convertible,Manual,REAR,Premium,6.9,4,2,2,48990
Mazda,Cx-3,2021,SUV,Manual,FRONT,Unleaded,6.6,4,4,5,24990
Mazda,Mx-30,2021,SUV,Automatic,FRONT,Hybrid,6.4,4,4,5,28950
Mazda,Bt-50,2021,Ute/Pickup,Automatic,4WD,Diesel,8,4,4,5,59990
Mazda,Cx-5,2021,SUV,Automatic,AWD,Unleaded,8.2,4,4,5,43987
Mazda,3,2021,Sedan,Automatic,FRONT,Unleaded,6.5,4,4,5,37990
Mazda,2,2021,Hatchback,Automatic,FRONT,Unleaded,5.2,4,5,5,29990
Mazda,Cx-30,2021,SUV,Automatic,FRONT,Unleaded,6.6,4,4,5,37990
Mazda,Cx-30,2021,SUV,Automatic,FRONT,Unleaded,6.5,4,4,5,32990
Mazda,Bt-50,2021,Ute/Pickup,Automatic,4WD,Diesel,8,4,4,5,63888
Mazda,Cx-8,2021,SUV,Automatic,AWD,Diesel,6,4,4,7,53770
Mazda,2,2021,Hatchback,Automatic,FRONT,Unleaded,5.2,4,5,5,25990
Mazda,Bt-50,2021,Ute/Pickup,Automatic,4WD,Diesel,8,4,4,5,54983
Mazda,3,2021,Sedan,Automatic,FRONT,Unleaded,6.5,4,4,5,36990
Mazda,Bt-50,2021,Ute/Pickup,Automatic,4WD,Diesel,8,4,4,5,52970
Mazda,Cx-9,2021,SUV,Automatic,AWD,Unleaded,8.8,4,4,7,59730
Mazda,Cx-9,2021,SUV,Automatic,AWD,Unleaded,8.8,4,4,7,57990
Mazda,Cx-5,2021,SUV,Automatic,AWD,Unleaded,8.2,4,4,5,46990
Mazda,Cx-8,2021,SUV,Automatic,AWD,Diesel,6,4,4,7,42990
Mazda,Cx-3,2021,SUV,Automatic,FRONT,Unleaded,6.3,4,4,5,29900
Mazda,Cx-5,2021,SUV,Automatic,AWD,Unleaded,7.5,4,4,5,44990
Mazda,Cx-5,2021,SUV,Automatic,AWD,Diesel,6,4,4,5,44950
Mazda,2,2021,Hatchback,Automatic,FRONT,Unleaded,5.2,4,5,5,27950
Mazda,Cx-9,2021,SUV,Automatic,FRONT,Unleaded,8.4,4,4,7,54990
Mazda,Cx-9,2021,SUV,Automatic,AWD,Unleaded,8.8,4,4,7,56990
Mazda,3,2021,Hatchback,Automatic,FRONT,Unleaded,6.2,4,5,5,31990
Mazda,Cx-5,2021,SUV,Automatic,AWD,Unleaded,7.5,4,4,5,51950
Mazda,Cx-3,2021,SUV,Automatic,FRONT,Unleaded,6.3,4,4,5,28990
Mazda,Cx-30,2021,SUV,Automatic,FRONT,Unleaded,6.5,4,4,5,35498
Mazda,Cx-5,2021,SUV,Automatic,AWD,Unleaded,8.2,4,4,5,47990
Mazda,Cx-9,2021,SUV,Automatic,AWD,Unleaded,8.8,4,4,7,57888
Mazda,Cx-30,2021,SUV,Automatic,FRONT,Unleaded,6.5,4,4,5,34990
Mazda,3,2021,Hatchback,Automatic,FRONT,Unleaded,6.2,4,5,5,31690
Mazda,6,2021,Sedan,Automatic,FRONT,Unleaded,7.6,4,4,5,42990
Mazda,Cx-30,2021,SUV,Automatic,FRONT,Unleaded,6.5,4,4,5,35850
Mazda,Cx-3,2021,SUV,Automatic,FRONT,Unleaded,6.3,4,4,5,33450
Mazda,Cx-5,2021,SUV,Automatic,FRONT,Unleaded,6.9,4,4,5,36990
Mazda,Cx-5,2021,SUV,Automatic,FRONT,Unleaded,6.9,4,4,5,38870
Mazda,Cx-3,2021,SUV,Automatic,AWD,Unleaded,6.7,4,4,5,28990
Mazda,Mx-30,2021,SUV,Automatic,FRONT,Hybrid,6.4,4,4,5,34990
Mazda,3,2021,Sedan,Manual,FRONT,Unleaded,6.2,4,4,5,31990
Mazda,Cx-5,2021,SUV,Automatic,AWD,Unleaded,7.5,4,4,5,40990
Mazda,Bt-50,2021,Ute/Pickup,Automatic,4WD,Diesel,8,4,4,5,54990
Mazda,Cx-5,2021,SUV,Automatic,FRONT,Unleaded,6.9,4,4,5,37990
Mazda,Bt-50,2021,Ute/Pickup,Automatic,FRONT,Diesel,8,4,2,2,41980
Mazda,Bt-50,2021,Ute/Pickup,Automatic,4WD,Diesel,8,4,4,5,64990
Mazda,Cx-5,2021,SUV,Automatic,AWD,Unleaded,7.5,4,4,5,41888
Mazda,Cx-9,2021,SUV,Automatic,FRONT,Unleaded,8.4,4,4,7,47990
Mazda,Cx-30,2021,SUV,Automatic,FRONT,Unleaded,6.5,4,4,5,35989
Mazda,Cx-3,2021,SUV,Automatic,AWD,Unleaded,6.7,4,4,5,36888
Mazda,Bt-50,2021,Ute/Pickup,Automatic,4WD,Diesel,8,4,4,5,59488
Mazda,Cx-5,2021,SUV,Automatic,AWD,Diesel,6,4,4,5,39978
Mazda,Cx-8,2021,SUV,Automatic,FRONT,Diesel,5.9,4,4,7,55870
Mazda,Cx-30,2021,SUV,Automatic,FRONT,Unleaded,6.5,4,4,5,27990
Mazda,Cx-30,2021,SUV,Automatic,FRONT,Unleaded,6.5,4,4,5,32969
Mazda,Cx-30,2021,SUV,Automatic,FRONT,Unleaded,6.6,4,4,5,39990
Mazda,Cx-5,2022,SUV,Automatic,AWD,Unleaded,7.5,4,4,5,37990
Mazda,2,2022,Hatchback,Automatic,FRONT,Unleaded,5.2,4,5,5,29990
Mazda,Cx-3,2022,SUV,Automatic,FRONT,Unleaded,6.3,4,4,5,30000
Mazda,Cx-5,2022,SUV,Automatic,FRONT,Unleaded,7.5,4,4,5,41998
Mazda,Cx-5,2022,SUV,Automatic,AWD,Unleaded,8.2,4,4,5,55667
Mazda,Cx-9,2022,SUV,Automatic,FRONT,Unleaded,8.4,4,4,7,57800
Mazda,Bt-50,2022,Ute/Pickup,Automatic,4WD,Diesel,8,4,4,5,68990
Mazda,Cx-3,2022,SUV,Automatic,FRONT,Unleaded,6.3,4,4,5,27450
Mazda,Cx-3,2022,SUV,Automatic,FRONT,Unleaded,6.3,4,4,5,29990
Mazda,Cx-3,2022,SUV,Automatic,FRONT,Unleaded,6.3,4,4,5,41988
Mazda,Cx-30,2022,Wagon,Automatic,OTHER,-,NA,NA,NA,NA,31999
Mazda,Cx-5,2022,SUV,Automatic,AWD,Unleaded,7.5,4,4,5,49990
Mazda,Cx-8,2022,SUV,Automatic,AWD,Diesel,6,4,4,7,68288
Mazda,Bt-50,2022,Ute/Pickup,Automatic,4WD,Diesel,8,4,4,5,65888
Mazda,Cx-9,2022,SUV,Automatic,AWD,Unleaded,8.8,4,4,7,59988
Mazda,Cx-9,2022,SUV,Automatic,AWD,Unleaded,8.8,4,4,7,67990
Mazda,Cx-5,2022,SUV,Automatic,FRONT,Unleaded,7.5,4,4,5,44388
Mazda,Cx-5,2022,SUV,Automatic,AWD,Unleaded,7.5,4,4,5,41990
Mazda,Cx-3,2022,SUV,Automatic,FRONT,Unleaded,6.3,4,4,5,30986
Mazda,6,2022,Sedan,Automatic,FRONT,Unleaded,7.6,4,4,5,52988
Mazda,Cx-5,2022,SUV,Automatic,AWD,Unleaded,7.5,4,4,5,48388
Mazda,Cx-5,2022,SUV,Automatic,AWD,Unleaded,8.2,4,4,5,52990
Mazda,Cx-5,2022,SUV,Automatic,AWD,Unleaded,7.5,4,4,5,48488
Mazda,Cx-3,2022,SUV,Automatic,FRONT,Unleaded,6.3,4,4,5,31990
Mazda,Cx-30,2022,SUV,Automatic,FRONT,Hybrid,6.3,4,4,5,34888
Mazda,6,2022,Wagon,Automatic,FRONT,Unleaded,7.6,4,4,5,52990
Mazda,Cx-5,2022,SUV,Automatic,AWD,Unleaded,7.5,4,4,5,48588
Mazda,Cx-5,2022,SUV,Automatic,AWD,Unleaded,7.5,4,4,5,38997
Mazda,Cx-30,2022,SUV,Automatic,AWD,Unleaded,6.8,4,4,5,39990
Mazda,Cx-5,2022,SUV,Automatic,AWD,Unleaded,8.2,4,4,5,58990
Mazda,Cx-9,2022,SUV,Automatic,AWD,Unleaded,8.8,4,4,7,68500
Mazda,Cx-8,2022,SUV,Automatic,FRONT,Unleaded,8.1,4,4,7,47990
Mazda,Cx-5,2022,SUV,Automatic,AWD,Unleaded,7.5,4,4,5,39999
Mazda,Cx-5,2022,SUV,Automatic,AWD,Diesel,6,4,4,5,43990
Mazda,Cx-30,2022,SUV,Automatic,FRONT,Unleaded,6.5,4,4,5,42455
Mazda,Cx-5,2022,SUV,Automatic,FRONT,Unleaded,7.5,4,4,5,41950
Mazda,Cx-30,2022,SUV,Automatic,FRONT,Unleaded,6.5,4,4,5,41950
Mazda,Cx-30,2022,SUV,Automatic,FRONT,Unleaded,6.6,4,4,5,42950
Mazda,Cx-8,2022,SUV,Automatic,AWD,Diesel,6,4,4,7,61990
Mazda,3,2022,Hatchback,Automatic,FRONT,Unleaded,6.6,4,5,5,37950
Mazda,2,2022,Hatchback,Manual,FRONT,Unleaded,4.9,4,5,5,24990
Mazda,Cx-3,2022,SUV,Automatic,FRONT,Unleaded,6.3,4,4,5,33990
Mazda,Cx-5,2022,SUV,Automatic,AWD,Unleaded,8.2,4,4,5,47772
Mazda,Cx-5,2022,SUV,Automatic,AWD,Unleaded,8.2,4,4,5,56990
Mazda,3,2022,Hatchback,Automatic,FRONT,Unleaded,6.2,4,5,5,36990
Mazda,Bt-50,2022,Ute/Pickup,Automatic,4WD,Diesel,8,4,4,5,54998
Mazda,Cx-5,2022,SUV,Automatic,AWD,Diesel,6,4,4,5,44844
Mazda,Cx-5,2022,SUV,Automatic,AWD,Unleaded,7.5,4,4,5,44990
Mazda,Bt-50,2022,Ute/Pickup,Automatic,OTHER,Diesel,NA,NA,NA,NA,56995
Mazda,Cx-30,2022,SUV,Automatic,FRONT,Unleaded,6.6,4,4,5,42990
Mazda,Cx-5,2022,SUV,Automatic,AWD,Unleaded,7.5,4,4,5,46990
Mazda,Cx-3,2022,SUV,Automatic,FRONT,Unleaded,6.3,4,4,5,34987
Mazda,3,2022,Sedan,Automatic,FRONT,Unleaded,6.1,4,4,5,35990
Mazda,6,2022,Wagon,Automatic,FRONT,Unleaded,7.6,4,4,5,47990
Mazda,Cx-5,2022,SUV,Automatic,FRONT,Unleaded,7.5,4,4,5,36990
Mazda,2,2022,Sedan,Automatic,FRONT,Unleaded,5.2,4,4,5,28990
Mazda,Bt-50,2022,Ute/Pickup,Automatic,FRONT,Diesel,7.7,4,4,5,42990
Mazda,6,2022,Sedan,Automatic,FRONT,Unleaded,7.6,4,4,5,44990
Mazda,Cx-5,2022,SUV,Automatic,AWD,Unleaded,7.5,4,4,5,48990
Mazda,Cx-9,2022,SUV,Automatic,FRONT,Unleaded,8.4,4,4,7,52888
Mazda,Cx-9,2022,SUV,Automatic,FRONT,Unleaded,8.4,4,4,7,65888
Mazda,3,2022,Hatchback,Automatic,FRONT,Unleaded,6.6,4,5,5,39995
Mazda,3,2022,Sedan,Automatic,FRONT,Unleaded,6.5,4,4,5,41990
Mazda,Cx-9,2022,SUV,Automatic,FRONT,Unleaded,8.4,4,4,7,65999
Mazda,Bt-50,2022,Ute/Pickup,Automatic,4WD,Diesel,8,4,4,5,51888
Mazda,Cx-30,2022,SUV,Automatic,FRONT,Unleaded,6.6,4,4,5,38990
Mazda,Cx-5,2022,SUV,Automatic,AWD,Unleaded,7.5,4,4,5,48888
Mazda,Bt-50,2022,Ute/Pickup,Automatic,4WD,Diesel,8,4,4,5,49990
Mazda,Bt-50,2022,Ute/Pickup,Automatic,4WD,Diesel,8,4,4,5,64993
Mazda,Cx-5,2022,SUV,Automatic,FRONT,Unleaded,7.5,4,4,5,39990
Mazda,Cx-30,2022,SUV,Automatic,FRONT,Unleaded,6.5,4,4,5,36990
Mazda,Cx-8,2022,SUV,Automatic,FRONT,Unleaded,8.1,4,4,7,44870
Mazda,Cx-9,2022,SUV,Automatic,FRONT,Unleaded,8.4,4,4,7,57870
Mazda,Cx-5,2022,SUV,Automatic,AWD,Unleaded,7.5,4,4,5,41999
Mazda,Cx-5,2022,SUV,Automatic,FRONT,Unleaded,7.5,4,4,5,42288
Mazda,Cx-5,2022,SUV,Automatic,AWD,Diesel,6,4,4,5,45779
Mazda,Cx-5,2022,SUV,Automatic,AWD,Unleaded,7.5,4,4,5,44663
Mazda,Cx-9,2022,SUV,Automatic,AWD,Unleaded,8.8,4,4,7,67889
Mazda,Cx-5,2022,SUV,Automatic,AWD,Unleaded,7.5,4,4,5,42700
Mazda,Cx-5,2022,SUV,Automatic,AWD,Unleaded,7.5,4,4,5,47988
Mazda,Cx-9,2022,SUV,Automatic,AWD,Unleaded,8.8,4,4,7,69999
Mazda,Cx-9,2022,SUV,Automatic,AWD,Unleaded,8.8,4,4,7,82888
Mazda,Cx-5,2022,SUV,Automatic,FRONT,Unleaded,7.5,4,4,5,43771
Mazda,Cx-9,2022,SUV,Automatic,AWD,Unleaded,8.8,4,4,7,62777
Mazda,Cx-9,2022,SUV,Automatic,AWD,Unleaded,8.8,4,4,7,74666
Mazda,Cx-3,2022,SUV,Automatic,FRONT,Unleaded,6.3,4,4,5,24999
Mazda,3,2022,Hatchback,Automatic,FRONT,Unleaded,6.6,4,5,5,41638
Mazda,Cx-5,2022,SUV,Automatic,AWD,Unleaded,7.5,4,4,5,49452
Mazda,Cx-5,2022,SUV,Automatic,OTHER,Unleaded,NA,NA,NA,NA,43488
Mazda,Cx-5,2022,SUV,Automatic,OTHER,Unleaded,NA,NA,NA,NA,48717
Mazda,Cx-30,2022,SUV,Automatic,OTHER,-,NA,NA,NA,NA,40998
Mazda,Bt-50,2022,Ute/Pickup,Automatic,OTHER,Diesel,NA,NA,NA,NA,49059
Mazda,Cx-8,2022,SUV,Automatic,OTHER,Diesel,NA,NA,NA,NA,68029
Mazda,Bt-50,2022,Ute/Pickup,Automatic,OTHER,Diesel,NA,NA,NA,NA,52149
Mazda,Cx-8,2022,SUV,Automatic,OTHER,Unleaded,NA,NA,NA,NA,63019
Mazda,Cx-9,2022,SUV,Automatic,OTHER,Unleaded,NA,NA,NA,NA,70676
Mazda,Cx-9,2022,SUV,Automatic,FRONT,Unleaded,8.4,4,4,7,52300
Mazda,Cx-3,2023,SUV,Automatic,FRONT,Unleaded,6.3,4,4,5,42288
Mazda,Cx-3,2023,SUV,Automatic,FRONT,Unleaded,6.3,4,4,5,41688
Mazda,Bt-50,2023,Ute/Pickup,Automatic,4WD,Diesel,8,4,4,5,59888
Mazda,Cx-3,2023,SUV,Automatic,FRONT,Unleaded,6.3,4,4,5,31950
Mazda,3,2023,Hatchback,Automatic,FRONT,Unleaded,6.6,4,5,5,41288
Mazda,Cx-9,2023,SUV,Automatic,AWD,Unleaded,8.8,4,4,7,78288
Mazda,Cx-5,2023,SUV,Automatic,FRONT,Unleaded,7.5,4,4,5,41500
Mazda,Cx-9,2023,SUV,Automatic,FRONT,Unleaded,8.4,4,4,7,73588
Mazda,Cx-3,2023,SUV,Automatic,FRONT,Unleaded,6.3,4,4,5,41888
Mazda,Bt-50,2023,Ute/Pickup,Automatic,4WD,Diesel,8,4,4,5,60888
Mazda,Cx-5,2023,SUV,Automatic,AWD,Unleaded,7.5,4,4,5,47188
Mazda,Cx-9,2023,SUV,Automatic,AWD,Unleaded,8.8,4,4,7,63988
Mazda,Cx-9,2023,SUV,Automatic,FRONT,Unleaded,8.4,4,4,7,69988
Mazda,Cx-8,2023,SUV,Automatic,AWD,Diesel,6,4,4,7,71888
Mazda,Cx-30,2023,SUV,Automatic,FRONT,Unleaded,6.6,4,4,5,44388
Mazda,Cx-30,2023,SUV,Automatic,FRONT,Unleaded,6.6,4,4,5,44528
Mazda,Cx-30,2023,SUV,Automatic,AWD,Unleaded,6.8,4,4,5,46288
Mazda,Bt-50,2023,Ute/Pickup,Automatic,4WD,Diesel,8,4,4,5,78888
Mazda,Bt-50,2023,Ute/Pickup,Automatic,4WD,Diesel,8,4,4,5,68688
Mazda,Cx-8,2023,SUV,Automatic,FRONT,-,8.1,4,4,7,54662
Mazda,Cx-30,2023,SUV,Automatic,AWD,Hybrid,6,4,4,5,48888
Mazda,Bt-50,2023,Ute/Pickup,Automatic,4WD,Diesel,8,4,4,5,64888
Mazda,Bt-50,2023,Ute/Pickup,Automatic,4WD,Diesel,8,4,4,5,79888
Mazda,Cx-5,2023,SUV,Automatic,AWD,Unleaded,7.5,4,4,5,54188
Mazda,Bt-50,2023,Ute/Pickup,Automatic,4WD,Diesel,8,4,4,5,69990
Mazda,Cx-3,2023,SUV,Manual,FRONT,Unleaded,6.6,4,4,5,29771
Mazda,Cx-9,2023,SUV,Automatic,FRONT,Unleaded,8.4,4,4,7,59988
Mazda,Bt-50,2023,Ute/Pickup,Automatic,4WD,Diesel,8,4,4,5,68288
Mazda,Cx-9,2023,SUV,Automatic,FRONT,Unleaded,8.4,4,4,7,59888
Mazda,Cx-5,2023,SUV,Automatic,AWD,Unleaded,7.5,4,4,5,46888
Mazda,Cx-3,2023,SUV,Automatic,FRONT,Unleaded,6.3,4,4,5,31768
Mazda,Cx-8,2023,SUV,Automatic,FRONT,-,8.1,4,4,7,64688
Mazda,Bt-50,2023,Ute/Pickup,Automatic,OTHER,Diesel,NA,NA,NA,NA,60394
Mazda,Cx-9,2023,SUV,Automatic,AWD,Unleaded,8.8,4,4,7,74888
Mazda,Cx-8,2023,SUV,Automatic,AWD,Diesel,6,4,4,7,68800
Mazda,Bt-50,2023,Ute/Pickup,Automatic,OTHER,Diesel,NA,NA,NA,NA,65283
Mazda,Bt-50,2023,Ute/Pickup,Automatic,4WD,Diesel,8,4,4,5,74900
Mazda,Bt-50,2023,Ute/Pickup,Automatic,OTHER,Diesel,NA,NA,NA,NA,69885
Mazda,3,2023,Hatchback,Automatic,FRONT,Unleaded,6.6,4,5,5,37888
Mazda,Cx-5,2023,SUV,Automatic,AWD,Unleaded,8.2,4,4,5,57693
Mazda,Cx-8,2023,SUV,Automatic,FRONT,-,8.1,4,4,7,61999
Mazda,Cx-30,2023,SUV,Automatic,FRONT,Unleaded,6.6,4,4,5,40888
Mazda,Cx-9,2023,SUV,Automatic,FRONT,Unleaded,8.4,4,4,7,58990
Mazda,Cx-8,2023,SUV,Automatic,FRONT,-,8.1,4,4,7,61800
Mazda,Cx-8,2023,SUV,Automatic,FRONT,-,8.1,4,4,7,64728
Mazda,Cx-5,2023,SUV,Automatic,AWD,Unleaded,7.5,4,4,5,47898
Mazda,Cx-30,2023,SUV,Automatic,FRONT,Hybrid,6.3,4,4,5,41888
Mazda,Cx-8,2023,SUV,Automatic,FRONT,-,8.1,4,4,7,49996
Mazda,Cx-30,2023,SUV,Automatic,FRONT,Hybrid,6.3,4,4,5,40990
Mazda,Cx-8,2023,SUV,Automatic,AWD,Diesel,6,4,4,7,69999
Mazda,Cx-8,2023,SUV,Automatic,AWD,Diesel,6,4,4,7,71989
Mazda,Bt-50,2023,Ute/Pickup,Automatic,4WD,Diesel,8,4,4,5,78957
Mazda,Cx-9,2023,SUV,Automatic,FRONT,Unleaded,8.4,4,4,7,61225
Mazda,Cx-9,2023,SUV,Automatic,FRONT,Unleaded,8.4,4,4,7,60397
Mazda,Cx-9,2023,SUV,Automatic,AWD,Unleaded,8.8,4,4,7,79151
Mazda,Cx-30,2023,SUV,Automatic,FRONT,Unleaded,6.5,4,4,5,41990
Mazda,Cx-30,2023,SUV,Automatic,FRONT,Unleaded,6.6,4,4,5,42776
Mazda,Cx-8,2023,SUV,Automatic,FRONT,-,8.1,4,4,7,47535
Mazda,Cx-30,2023,SUV,Automatic,FRONT,Unleaded,6.6,4,4,5,41600
Mazda,Cx-5,2023,SUV,Automatic,AWD,Unleaded,7.5,4,4,5,55555
Mazda,3,2023,Hatchback,Automatic,FRONT,Unleaded,6.2,4,5,5,40319
Mazda,Bt-50,2023,Ute/Pickup,Automatic,4WD,Diesel,8,4,4,5,67762
Mazda,Cx-8,2023,SUV,Automatic,FRONT,-,8.1,4,4,7,46000
Mazda,Cx-8,2023,SUV,Automatic,FRONT,-,8.1,4,4,7,65888
Mazda,Bt-50,2023,Ute/Pickup,Automatic,FRONT,Diesel,7.7,4,4,5,51441
Mazda,Bt-50,2023,Ute/Pickup,Automatic,FRONT,Diesel,7,4,2,2,42631
Mazda,Cx-9,2023,SUV,Automatic,FRONT,Unleaded,8.4,4,4,7,73630
Mazda,Cx-30,2023,SUV,Automatic,FRONT,Unleaded,6.6,4,4,5,42990
Mazda,Cx-9,2023,SUV,Automatic,AWD,Unleaded,8.8,4,4,7,64565
Mazda,Cx-8,2023,SUV,Automatic,FRONT,-,8.1,4,4,7,68113
Mazda,Cx-5,2023,SUV,Automatic,AWD,Unleaded,7.5,4,4,5,53888
Mazda,2,2023,Hatchback,Automatic,FRONT,Unleaded,5.2,4,5,5,27290
Mazda,Cx-5,2023,SUV,Automatic,FRONT,Unleaded,7.5,4,4,5,43690
Mazda,Cx-5,2023,SUV,Automatic,FRONT,Unleaded,7.5,4,4,5,42500
Mazda,Bt-50,2023,Ute/Pickup,Automatic,4WD,Diesel,8,4,4,5,72988
Mazda,Bt-50,2023,Ute/Pickup,Automatic,4WD,Diesel,8,4,4,5,71988
Mazda,6,2023,Wagon,Automatic,FRONT,Unleaded,7,4,4,5,36840
Mazda,Cx-3,2023,SUV,Manual,FRONT,Unleaded,6.6,4,4,5,25510
Mazda,Cx-30,2023,SUV,Automatic,FRONT,Unleaded,6.5,4,4,5,31210
Mazda,Mazda3,2023,Hatchback,Automatic,FRONT,-,5.9,4,5,5,30320
Mazda,Cx-30,2023,SUV,Automatic,AWD,Unleaded,6.8,4,4,5,41610
Mazda,Mazda2,2023,Sedan,Automatic,FRONT,Unleaded,5.3,4,4,5,24290
Mazda,Mazda3,2023,Sedan,Automatic,FRONT,-,5.8,4,4,5,36520
Mazda,Cx-30,2023,SUV,Automatic,FRONT,Unleaded,6.6,4,4,5,40110
Mazda,Cx-30,2023,SUV,Automatic,FRONT,Unleaded,6.6,4,4,5,43310
Mazda,Mazda2,2023,Hatchback,Automatic,FRONT,Unleaded,5.3,4,5,5,27490
Mazda,Bt-50,2023,Ute/Pickup,Automatic,FRONT,Diesel,7,4,2,2,38726
Mazda,Cx-90,2023,SUV,Automatic,AWD,Diesel,5.4,6,4,6,100365
Mazda,Cx-3,2023,SUV,Automatic,FRONT,Unleaded,6.3,4,4,5,25510
Mazda,6,2023,Wagon,Automatic,FRONT,Unleaded,7.6,4,4,5,49740
Mazda,Mazda3,2023,Sedan,Automatic,FRONT,-,5.8,4,4,5,31870
Mazda,Mx-5,2023,Convertible,Manual,REAR,Premium,6.9,4,2,2,38460
Mazda,Mazda3,2023,Hatchback,Automatic,FRONT,-,6.6,4,5,5,34520
Mazda,Bt-50,2023,Ute/Pickup,Automatic,4WD,Diesel,8,4,2,2,49226
Mazda,Bt-50,2023,Ute/Pickup,Automatic,4WD,Diesel,8,4,4,5,59130
Mazda,Bt-50,2023,Ute/Pickup,Manual,4WD,Diesel,8,4,2,2,46870
Mazda,Bt-50,2023,Ute/Pickup,Automatic,FRONT,Diesel,7,4,2,2,35370
Mazda,Cx-8,2023,SUV,Automatic,FRONT,-,8.1,4,4,7,42060
Mazda,Cx-5,2023,SUV,Automatic,AWD,Unleaded,8.2,4,4,5,51810
Mazda,Cx-60,2023,SUV,Automatic,AWD,Hybrid,0,6,4,5,77000
Mazda,Cx-5,2023,SUV,Automatic,AWD,Unleaded,7.5,4,4,5,47162
Mazda,Cx-8,2023,SUV,Automatic,AWD,Diesel,6,4,4,7,49060
Mazda,Cx-30,2023,SUV,Automatic,AWD,Unleaded,6.8,4,4,5,46988
Mazda,Bt-50,2023,Ute/Pickup,Automatic,FRONT,Diesel,8,4,4,5,53921
Mazda,Cx-8,2023,SUV,Automatic,FRONT,-,8.1,4,4,7,58560
Mazda,Cx-9,2023,SUV,Automatic,AWD,Unleaded,8.8,4,4,7,66500
Mazda,Bt-50,2023,Ute/Pickup,Manual,4WD,Diesel,8,4,2,2,49946
Mazda,Bt-50,2023,Ute/Pickup,Automatic,4WD,Diesel,8,4,4,5,57730
Mazda,Cx-5,2023,SUV,Automatic,AWD,Unleaded,7.5,4,4,5,46346
Mazda,Bt-50,2023,Ute/Pickup,Automatic,FRONT,Diesel,7.7,4,4,5,51390
Mazda,3,2023,Sedan,Manual,FRONT,Unleaded,6.2,4,4,5,40888
Mazda,Bt-50,2023,Ute/Pickup,Automatic,4WD,Diesel,8,4,4,5,74942
Mazda,Cx-9,2023,SUV,Automatic,FRONT,Unleaded,8.4,4,4,7,71187
Mazda,Cx-9,2023,SUV,Automatic,FRONT,Unleaded,8.4,4,4,7,71712
Mazda,Bt-50,2023,Ute/Pickup,Automatic,4WD,Diesel,8,4,4,5,66841
Mazda,6,2023,Sedan,Automatic,FRONT,Unleaded,7.6,4,4,5,54117
Mazda,Cx-9,2023,SUV,Automatic,FRONT,Unleaded,8.4,4,4,7,73712
Mazda,Cx-9,2023,SUV,Automatic,AWD,Unleaded,8.8,4,4,7,78526
Mazda,Cx-9,2023,SUV,Automatic,FRONT,Unleaded,8.4,4,4,7,61212
Mazda,Cx-8,2023,SUV,Automatic,FRONT,-,8.1,4,4,7,53827
Mazda,Cx-9,2023,SUV,Automatic,AWD,Unleaded,8.8,4,4,7,55800
Mazda,Cx-30,2023,SUV,Automatic,AWD,Unleaded,6.8,4,4,5,52979
Mazda,Cx30,2023,Wagon,-,OTHER,Unleaded,NA,NA,NA,NA,43294
Mazda,Cx-3,2023,SUV,Automatic,FRONT,Unleaded,6.3,4,4,5,36521
Mazda,6,2023,Wagon,Automatic,FRONT,Unleaded,7.6,4,4,5,57042
Mazda,Bt-50,2023,Ute/Pickup,Automatic,4WD,Diesel,8,4,4,5,64567
Mazda,Cx-30,2023,SUV,Automatic,OTHER,Unleaded,NA,NA,NA,NA,41231
Mazda,Cx-5,2023,SUV,Automatic,OTHER,Unleaded,NA,NA,NA,NA,44012
Mazda,Cx-30,2023,SUV,Automatic,OTHER,-,NA,NA,NA,NA,47926
Mazda,Bt-50,2023,Ute/Pickup,Automatic,4WD,Diesel,8,4,4,5,60150
Mazda,Cx-8,2023,SUV,Automatic,OTHER,Unleaded,NA,NA,NA,NA,53950
Mazda,Bt-50,2023,Ute/Pickup,Automatic,4WD,Diesel,8,4,4,5,73269
Mazda,Cx-5,2023,SUV,Automatic,AWD,Unleaded,8.2,4,4,5,59975
Mazda,Cx-30,2023,SUV,Automatic,FRONT,Unleaded,6.6,4,4,5,42163
Mazda,Cx-9,2023,SUV,Automatic,FRONT,Unleaded,8.4,4,4,7,73457
Mazda,Cx-9,2023,SUV,Automatic,FRONT,Unleaded,8.4,4,4,7,60376
Mazda,Cx-8,2023,SUV,Automatic,FRONT,-,8.1,4,4,7,54725
Mazda,Bt-50,2023,Ute/Pickup,Automatic,FRONT,Diesel,8,4,4,5,49990
Mazda,Cx-9,2023,SUV,Automatic,FRONT,Unleaded,8.4,4,4,7,69200
Mclaren,570s,2017,Coupe,Automatic,REAR,Premium,11.1,8,2,2,288888
Mclaren,540c,2019,Coupe,Automatic,REAR,Premium,10.7,8,2,2,299900
Mercedes-Benz,B-Class,2014,Hatchback,Automatic,FRONT,Premium,NA,NA,NA,NA,16999
Mercedes-Benz,A200,2014,Hatchback,Automatic,FRONT,Diesel,4.6,4,5,5,22500
Mercedes-Benz,S-Class,2014,NA,Automatic,REAR,-,NA,NA,NA,NA,69990
Mercedes-Benz,E200,2014,Sedan,Automatic,REAR,Premium,6.4,4,4,5,31800
Mercedes-Benz,C200,2014,Sedan,Automatic,REAR,Premium,6,4,4,5,36990
Mercedes-Benz,Ml63,2014,SUV,Automatic,AWD,Premium,11.8,8,4,5,53880
Mercedes-Benz,C250,2014,Sedan,Automatic,REAR,Diesel,4.5,4,4,5,33800
Mercedes-Benz,Ml63,2014,SUV,Automatic,AWD,Premium,11.8,8,4,5,64990
Mercedes-Benz,C250,2014,Sedan,Automatic,REAR,Diesel,4.5,4,4,5,29800
Mercedes-Benz,Ml400,2014,SUV,Automatic,AWD,Premium,9.4,6,4,5,41950
Mercedes-Benz,C250,2014,Wagon,Automatic,REAR,Premium,6.9,4,4,5,24990
Mercedes-Benz,E200,2014,Coupe,Automatic,REAR,Premium,6,4,2,4,34950
Mercedes-Benz,C200,2014,Sedan,Automatic,REAR,Premium,6,4,4,5,25999
Mercedes-Benz,A45,2014,Hatchback,Automatic,AWD,Premium,6.9,4,5,5,33996
Mercedes-Benz,E400,2014,Convertible,Automatic,REAR,Premium,7.7,6,2,4,49990
Mercedes-Benz,Cla200,2014,Sedan,Automatic,FRONT,Premium,5.7,4,4,5,31990
Mercedes-Benz,B200,2014,Hatchback,Automatic,FRONT,Diesel,5.6,4,5,5,22999
Mercedes-Benz,Ml250,2014,SUV,Automatic,AWD,Diesel,6.4,4,4,5,29990
Mercedes-Benz,M-Class,2014,Wagon,Automatic,OTHER,Diesel,NA,NA,NA,NA,24999
Mercedes-Benz,E250,2014,Sedan,Automatic,REAR,Premium,6.4,4,4,5,34990
Mercedes-Benz,Cla45,2014,Sedan,Automatic,AWD,Premium,7,4,4,5,39888
Mercedes-Benz,C250,2014,Sedan,Automatic,REAR,Diesel,4.5,4,4,5,37888
Mercedes-Benz,Sprinter,2014,Commercial,Automatic,REAR,Diesel,NA,NA,NA,NA,38990
Mercedes-Benz,Gl63,2014,SUV,Automatic,AWD,Premium,12.3,8,4,7,62990
Mercedes-Benz,Gla200,2014,SUV,Automatic,FRONT,Diesel,4.6,4,4,5,28500
Mercedes-Benz,Gla250,2014,SUV,Automatic,AWD,Premium,7,4,4,5,24990
Mercedes-Benz,M-Class,2014,Wagon,Automatic,OTHER,Diesel,NA,NA,NA,NA,39888
Mercedes-Benz,A-Class,2014,Hatchback,Automatic,FRONT,Unleaded,NA,NA,NA,NA,21990
Mercedes-Benz,Gla200,2014,SUV,Automatic,FRONT,Diesel,4.6,4,4,5,29800
Mercedes-Benz,C-Class,2014,NA,Automatic,REAR,Unleaded,NA,NA,NA,NA,31297
Mercedes-Benz,Sprinter,2014,Commercial,Automatic,OTHER,-,NA,NA,NA,NA,29950
Mercedes-Benz,A45,2014,Hatchback,Automatic,AWD,Premium,6.9,4,5,5,38888
Mercedes-Benz,A45,2014,Hatchback,Automatic,AWD,Premium,6.9,4,5,5,41990
Mercedes-Benz,C200,2014,Sedan,Automatic,REAR,Premium,6.8,4,4,5,20888
Mercedes-Benz,Ml63,2014,SUV,Automatic,AWD,Premium,11.8,8,4,5,55000
Mercedes-Benz,Gl63,2014,SUV,Automatic,AWD,Premium,12.3,8,4,7,69990
Mercedes-Benz,A200,2014,Hatchback,Automatic,FRONT,Diesel,4.6,4,5,5,26999
Mercedes-Benz,Ml350,2014,SUV,Automatic,AWD,Diesel,7.3,6,4,5,34990
Mercedes-Benz,C200,2014,Sedan,Automatic,REAR,Premium,6,4,4,5,30990
Mercedes-Benz,Sprinter,2014,Commercial,Automatic,REAR,Diesel,NA,NA,NA,NA,37990
Mercedes-Benz,C250,2015,Sedan,Automatic,REAR,Premium,6,4,4,5,32800
Mercedes-Benz,Cla250,2015,Sedan,Automatic,AWD,Premium,6.6,4,4,5,34800
Mercedes-Benz,C200,2015,Sedan,Automatic,REAR,Premium,6,4,4,5,30990
Mercedes-Benz,C250,2015,Sedan,Automatic,REAR,Premium,6,4,4,5,37990
Mercedes-Benz,Gla250,2015,SUV,Automatic,AWD,Premium,7,4,4,5,27999
Mercedes-Benz,Sprinter,2015,Commercial,Automatic,REAR,Diesel,0,4,3,2,23990
Mercedes-Benz,C250,2015,Sedan,Automatic,REAR,Premium,6,4,4,5,39999
Mercedes-Benz,Gle350,2015,SUV,Automatic,AWD,Diesel,6.6,6,4,5,41800
Mercedes-Benz,S-Class,2015,NA,-,OTHER,Unleaded,NA,NA,NA,NA,59990
Mercedes-Benz,S350,2015,Sedan,Automatic,REAR,Diesel,6,6,4,5,84800
Mercedes-Benz,Cla250,2015,Wagon,Automatic,AWD,Premium,6.9,4,4,5,37950
Mercedes-Benz,Gle400,2015,SUV,Automatic,AWD,Premium,9.3,6,4,5,56950
Mercedes-Benz,C250,2015,Sedan,Automatic,REAR,Premium,6,4,4,5,44990
Mercedes-Benz,E250,2015,Coupe,Automatic,REAR,Premium,6,4,2,4,34950
Mercedes-Benz,C200,2015,Sedan,Automatic,REAR,Premium,6,4,4,5,39900
Mercedes-Benz,C250,2015,Sedan,Automatic,REAR,Premium,6,4,4,5,31980
Mercedes-Benz,E200,2015,Coupe,Automatic,REAR,Premium,6,4,2,4,44990
Mercedes-Benz,S63,2015,Coupe,Automatic,REAR,Premium,10.2,8,2,4,165900
Mercedes-Benz,Gla45,2015,SUV,Automatic,AWD,Premium,7.5,4,4,5,41555
Mercedes-Benz,Gla250,2015,SUV,Automatic,AWD,Premium,7,4,4,5,34990
Mercedes-Benz,C200,2015,Sedan,Automatic,REAR,Premium,6,4,4,5,32800
Mercedes-Benz,E200,2015,Coupe,Automatic,REAR,Premium,6,4,2,4,35990
Mercedes-Benz,E400,2015,Sedan,Automatic,REAR,Premium,7.6,6,4,5,38990
Mercedes-Benz,A200,2015,Hatchback,Automatic,FRONT,Premium,6.1,4,5,5,29990
Mercedes-Benz,Sprinter,2015,Commercial,Automatic,REAR,Diesel,NA,NA,NA,NA,32990
Mercedes-Benz,Glc250,2015,SUV,Automatic,AWD,Premium,7.2,4,4,5,49800
Mercedes-Benz,B200,2015,Hatchback,Automatic,FRONT,Diesel,5.6,4,5,5,26990
Mercedes-Benz,C200,2015,Sedan,Automatic,REAR,Premium,6,4,4,5,35990
Mercedes-Benz,A180,2015,Hatchback,Automatic,FRONT,Premium,5.8,4,5,5,26990
Mercedes-Benz,C250,2015,Sedan,Automatic,REAR,Diesel,4.5,4,4,5,30888
Mercedes-Benz,Glc250,2015,SUV,Automatic,AWD,Diesel,5.7,4,4,5,33990
Mercedes-Benz,Cls250,2015,Sedan,Automatic,REAR,Diesel,5.4,4,4,4,39800
Mercedes-Benz,C200,2015,Sedan,Automatic,REAR,Premium,6,4,4,5,29990
Mercedes-Benz,Gle450,2015,SUV,Automatic,AWD,Premium,9.4,6,4,5,61990
Mercedes-Benz,C-Class,2015,NA,Automatic,REAR,Unleaded,NA,NA,NA,NA,37990
Mercedes-Benz,E250,2015,Convertible,Automatic,REAR,Premium,6.5,4,2,4,42800
Mercedes-Benz,Gle350,2015,SUV,Automatic,AWD,Diesel,6.6,6,4,5,53490
Mercedes-Benz,Sprinter,2015,Commercial,Automatic,OTHER,-,NA,NA,NA,NA,34950
Mercedes-Benz,B-Class,2015,Hatchback,Automatic,FRONT,Premium,NA,NA,NA,NA,23250
Mercedes-Benz,Gla250,2015,SUV,Automatic,AWD,Premium,7,4,4,5,25990
Mercedes-Benz,Gla200,2015,SUV,Automatic,FRONT,Diesel,4.6,4,4,5,25850
Mercedes-Benz,Gla250,2015,SUV,Automatic,AWD,Premium,7,4,4,5,32990
Mercedes-Benz,Sprinter,2015,Commercial,Automatic,REAR,Diesel,0,4,3,2,23888
Mercedes-Benz,Gla250,2015,SUV,Automatic,AWD,Premium,7,4,4,5,31990
Mercedes-Benz,Vito,2015,Commercial,Automatic,REAR,Diesel,8.2,4,4,2,19990
Mercedes-Benz,C200,2015,Sedan,Automatic,REAR,Premium,6,4,4,5,31888
Mercedes-Benz,C63,2015,NA,Automatic,REAR,Unleaded,NA,NA,NA,NA,105990
Mercedes-Benz,Glc250,2015,SUV,Automatic,AWD,Premium,7.2,4,4,5,44868
Mercedes-Benz,Gla250,2016,SUV,Automatic,AWD,Premium,7,4,4,5,34950
Mercedes-Benz,C200,2016,Wagon,Automatic,REAR,Diesel,4.7,4,4,5,37950
Mercedes-Benz,Cla250,2016,Sedan,Automatic,AWD,Premium,6.7,4,4,5,33990
Mercedes-Benz,Glc250,2016,SUV,Automatic,AWD,Diesel,5.7,4,4,5,27999
Mercedes-Benz,C63,2016,Coupe,Automatic,REAR,Premium,8.7,8,2,4,99888
Mercedes-Benz,Cla45,2016,Wagon,Automatic,AWD,Premium,7.2,4,4,5,45888
Mercedes-Benz,S-Class,2016,NA,Automatic,REAR,Premium,NA,NA,NA,NA,95880
Mercedes-Benz,C250,2016,Sedan,Automatic,REAR,Premium,6,4,4,5,44900
Mercedes-Benz,Sprinter,2016,Commercial,Automatic,REAR,Diesel,NA,NA,NA,NA,43950
Mercedes-Benz,Gle350,2016,SUV,Automatic,AWD,Diesel,7.2,6,4,5,75800
Mercedes-Benz,C200,2016,Sedan,Automatic,REAR,Premium,6,4,4,5,39990
Mercedes-Benz,C250,2016,Sedan,Automatic,REAR,Premium,6,4,4,5,38888
Mercedes-Benz,Cla200,2016,Sedan,Automatic,FRONT,Premium,5.7,4,4,5,34888
Mercedes-Benz,Cls250,2016,Sedan,Automatic,REAR,Diesel,5.4,4,4,4,49800
Mercedes-Benz,Glc43,2016,SUV,Automatic,AWD,Premium,8.8,6,4,5,48490
Mercedes-Benz,C250,2016,Sedan,Automatic,REAR,Diesel,4.5,4,4,5,39800
Mercedes-Benz,E200,2016,Sedan,Automatic,REAR,Premium,6.4,4,4,5,51800
Mercedes-Benz,Cla45,2016,Sedan,Automatic,AWD,Premium,7,4,4,5,63950
Mercedes-Benz,C250,2016,Wagon,Automatic,REAR,Premium,6.2,4,4,5,31990
Mercedes-Benz,Glc220,2016,SUV,Automatic,AWD,Diesel,5.6,4,4,5,50990
Mercedes-Benz,V250,2016,Wagon,Automatic,REAR,Diesel,6.3,4,4,7,59950
Mercedes-Benz,C300,2016,Coupe,Automatic,REAR,Premium,6.6,4,2,4,39990
Mercedes-Benz,C250,2016,Wagon,Automatic,REAR,Premium,6.2,4,4,5,48800
Mercedes-Benz,Gle63,2016,SUV,Automatic,AWD,Premium,11.8,8,4,5,87990
Mercedes-Benz,Gla250,2016,SUV,Automatic,AWD,Premium,7,4,4,5,44868
Mercedes-Benz,C200,2016,Sedan,Automatic,REAR,Premium,6.5,4,4,5,37950
Mercedes-Benz,E350,2016,Sedan,Automatic,REAR,Diesel,5.6,6,4,5,68800
Mercedes-Benz,Glc250,2016,SUV,Automatic,AWD,Premium,7.2,4,4,5,49868
Mercedes-Benz,Gls500,2016,SUV,Automatic,AWD,Premium,11.3,8,4,7,86990
Mercedes-Benz,Gla180,2016,SUV,Automatic,FRONT,Premium,5.7,4,4,5,31990
Mercedes-Benz,E220,2016,Sedan,Automatic,REAR,Diesel,4.1,4,4,5,42490
Mercedes-Benz,Gla220,2016,SUV,Automatic,FRONT,Diesel,4.5,4,4,5,32990
Mercedes-Benz,S-Class,2016,Convertible,Automatic,REAR,Premium,NA,NA,NA,NA,149990
Mercedes-Benz,Glc250,2016,SUV,Automatic,AWD,Diesel,5.7,4,4,5,43362
Mercedes-Benz,Sprinter,2016,Commercial,Automatic,OTHER,-,NA,NA,NA,NA,49950
Mercedes-Benz,Gle350,2016,SUV,Automatic,AWD,Diesel,6.6,6,4,5,48990
Mercedes-Benz,Gla180,2016,SUV,Automatic,FRONT,Premium,5.7,4,4,5,29888
Mercedes-Benz,C200,2016,Sedan,Automatic,REAR,Premium,6,4,4,5,36995
Mercedes-Benz,C200,2016,Coupe,Automatic,REAR,Premium,7.2,4,2,4,44944
Mercedes-Benz,Cla200,2016,Wagon,Automatic,FRONT,Premium,5.7,4,4,5,33990
Mercedes-Benz,A250,2016,Hatchback,Automatic,FRONT,Premium,6.7,4,5,5,33390
Mercedes-Benz,Gla250,2016,SUV,Automatic,AWD,Premium,7,4,4,5,30990
Mercedes-Benz,Sprinter,2016,Commercial,Automatic,OTHER,-,NA,NA,NA,NA,53950
Mercedes-Benz,Gle350,2016,SUV,Automatic,AWD,Diesel,6.6,6,4,5,61990
Mercedes-Benz,Gle250,2016,SUV,Automatic,AWD,Diesel,6,4,4,5,41888
Mercedes-Benz,Cla200,2016,Wagon,Automatic,FRONT,Premium,5.7,4,4,5,28888
Mercedes-Benz,Vito,2016,Commercial,Automatic,REAR,Diesel,6,4,4,2,29998
Mercedes-Benz,Cls250,2016,Sedan,Automatic,REAR,Diesel,5.4,4,4,4,46990
Mercedes-Benz,Glc250,2016,SUV,Automatic,AWD,Premium,7.2,4,4,5,49481
Mercedes-Benz,Gle43,2016,SUV,Automatic,AWD,Premium,8.7,6,4,5,73990
Mercedes-Benz,Vito,2016,Commercial,Automatic,REAR,Diesel,6,4,4,2,24990
Mercedes-Benz,C63,2016,Sedan,Automatic,REAR,Premium,8.6,8,4,5,124990
Mercedes-Benz,E400,2016,Coupe,Automatic,REAR,Premium,7.7,6,2,4,54990
Mercedes-Benz,Gle250,2016,SUV,Automatic,AWD,Diesel,6,4,4,5,39980
Mercedes-Benz,E350,2016,Sedan,Automatic,REAR,Diesel,5.6,6,4,5,66800
Mercedes-Benz,C63,2016,Wagon,Automatic,REAR,Premium,8.7,8,4,5,98888
Mercedes-Benz,C250,2016,Sedan,Automatic,REAR,Diesel,4.5,4,4,5,40990
Mercedes-Benz,Gls350,2016,SUV,Automatic,AWD,Diesel,7.6,6,4,7,66800
Mercedes-Benz,C250,2016,Coupe,Automatic,REAR,Diesel,5.3,4,2,4,48000
Mercedes-Benz,C250,2016,Sedan,Automatic,REAR,Premium,6,4,4,5,40950
Mercedes-Benz,Sprinter,2016,Commercial,Automatic,REAR,Diesel,NA,NA,NA,NA,39950
Mercedes-Benz,Glc250,2016,SUV,Automatic,AWD,Premium,7.2,4,4,5,41888
Mercedes-Benz,C43,2017,Sedan,Automatic,AWD,Premium,8.2,6,4,5,59900
Mercedes-Benz,Glb,2017,Coupe,Automatic,FRONT,Diesel,NA,NA,NA,NA,29990
Mercedes-Benz,A250,2017,Hatchback,Automatic,AWD,Premium,6.7,4,5,5,36800
Mercedes-Benz,Gle63,2017,SUV,Automatic,AWD,Premium,11.8,8,4,5,109999
Mercedes-Benz,Cls250,2017,Sedan,Automatic,REAR,Diesel,5.4,4,4,4,53498
Mercedes-Benz,Gla45,2017,SUV,Automatic,AWD,Premium,7.5,4,4,5,56900
Mercedes-Benz,Gla45,2017,SUV,Automatic,AWD,Premium,7.5,4,4,5,55000
Mercedes-Benz,C63,2017,Coupe,Automatic,REAR,Premium,8.7,8,2,4,117990
Mercedes-Benz,Gla180,2017,SUV,Automatic,FRONT,Premium,5.7,4,4,5,32999
Mercedes-Benz,C63,2017,Coupe,Automatic,REAR,Premium,8.7,8,2,4,108990
Mercedes-Benz,B200,2017,Hatchback,Automatic,FRONT,Premium,5.9,4,5,5,23890
Mercedes-Benz,E200,2017,Sedan,Automatic,REAR,Premium,6.4,4,4,5,48800
Mercedes-Benz,A-Class,2017,Hatchback,-,OTHER,Premium,NA,NA,NA,NA,55990
Mercedes-Benz,Sprinter,2017,Commercial,Automatic,REAR,Diesel,0,6,3,2,36888
Mercedes-Benz,Sprinter,2017,Commercial,Automatic,REAR,Diesel,NA,NA,NA,NA,44990
Mercedes-Benz,V250,2017,Wagon,Automatic,REAR,Diesel,6.3,4,4,7,59990
Mercedes-Benz,Cla200,2017,Sedan,Automatic,FRONT,Premium,5.6,4,4,5,47990
Mercedes-Benz,Vito,2017,Commercial,Automatic,REAR,Diesel,6.1,4,4,2,28990
Mercedes-Benz,Sprinter,2017,Commercial,Automatic,REAR,Diesel,NA,NA,NA,NA,36990
Mercedes-Benz,E300,2017,Coupe,Automatic,REAR,Premium,7.1,4,2,4,73800
Mercedes-Benz,A250,2017,Hatchback,Automatic,FRONT,Premium,6.7,4,5,5,38999
Mercedes-Benz,A45,2017,Hatchback,Automatic,AWD,Premium,6.9,4,5,5,63950
Mercedes-Benz,Sprinter,2017,Commercial,Automatic,REAR,Diesel,NA,NA,NA,NA,33990
Mercedes-Benz,C300,2017,Sedan,Automatic,REAR,Premium,6.5,4,4,4,44450
Mercedes-Benz,Vito,2017,Commercial,Automatic,FRONT,Diesel,NA,NA,NA,NA,31999
Mercedes-Benz,C200,2017,Sedan,Automatic,REAR,Hybrid,6.5,4,4,4,45980
Mercedes-Benz,A180,2017,Hatchback,Automatic,FRONT,Premium,5.8,4,5,5,30990
Mercedes-Benz,C63,2017,NA,-,OTHER,Unleaded,NA,NA,NA,NA,109990
Mercedes-Benz,Cla250,2017,Wagon,Automatic,AWD,Premium,7,4,4,5,39990
Mercedes-Benz,E300,2017,Sedan,Automatic,REAR,Premium,7.1,4,4,5,67868
Mercedes-Benz,C220,2017,Wagon,Automatic,REAR,Diesel,4.9,4,4,4,47990
Mercedes-Benz,E300,2017,Convertible,Automatic,REAR,Premium,7.4,4,2,4,84800
Mercedes-Benz,Gls350,2017,SUV,Automatic,AWD,Diesel,7.6,6,4,7,84800
Mercedes-Benz,Cla45,2017,Sedan,Automatic,AWD,Premium,6.9,4,4,5,52990
Mercedes-Benz,Cla250,2017,Sedan,Automatic,AWD,Premium,6.9,4,4,5,42980
Mercedes-Benz,C250,2017,Sedan,Automatic,REAR,Premium,6.5,4,4,5,39888
Mercedes-Benz,C350,2017,Sedan,Automatic,REAR,Hybrid,2.4,4,4,5,40690
Mercedes-Benz,Glc250,2017,SUV,Automatic,AWD,Premium,7.4,4,4,5,59870
Mercedes-Benz,Sprinter,2017,Commercial,Automatic,OTHER,-,NA,NA,NA,NA,46950
Mercedes-Benz,Cla250,2017,Sedan,Automatic,AWD,Premium,6.9,4,4,5,39990
Mercedes-Benz,C200,2017,Wagon,Automatic,REAR,Premium,6.6,4,4,5,39233
Mercedes-Benz,A250,2017,Hatchback,Automatic,AWD,Premium,6.7,4,5,5,35990
Mercedes-Benz,A200,2017,Hatchback,Automatic,FRONT,Premium,6.1,4,5,5,34850
Mercedes-Benz,C43,2017,Coupe,Automatic,AWD,Premium,8.2,6,2,4,66868
Mercedes-Benz,Glc250,2017,SUV,Automatic,AWD,Diesel,5.7,4,4,5,25990
Mercedes-Benz,Maybach,2017,Sedan,Automatic,REAR,Premium,12.7,12,4,4,308888
Mercedes-Benz,Gla250,2017,SUV,Automatic,AWD,Premium,7,4,4,5,37500
Mercedes-Benz,Cla45,2017,Sedan,Automatic,AWD,Premium,7,4,4,5,49888
Mercedes-Benz,Glc250,2017,SUV,Automatic,AWD,Premium,7.4,4,4,5,49990
Mercedes-Benz,C300,2017,Sedan,Automatic,REAR,Premium,6.5,4,4,4,47990
Mercedes-Benz,C200,2017,Sedan,Automatic,REAR,Premium,6.5,4,4,5,38990
Mercedes-Benz,B-Class,2017,Hatchback,Automatic,OTHER,-,NA,NA,NA,NA,28998
Mercedes-Benz,C220,2017,Sedan,Automatic,REAR,Diesel,4.7,4,4,4,37888
Mercedes-Benz,Gla180,2017,SUV,Automatic,FRONT,Premium,5.7,4,4,5,36830
Mercedes-Benz,V250,2017,Wagon,Automatic,REAR,Diesel,6.3,4,4,7,58990
Mercedes-Benz,C200,2018,Sedan,Automatic,REAR,Hybrid,6.5,4,4,4,39990
Mercedes-Benz,S-Class,2018,NA,Automatic,OTHER,Other,NA,NA,NA,NA,91888
Mercedes-Benz,C300,2018,Wagon,Automatic,REAR,Premium,6.7,4,4,4,49800
Mercedes-Benz,C43,2018,Coupe,Automatic,AWD,Premium,8.2,6,2,4,85880
Mercedes-Benz,A250,2018,Hatchback,Automatic,AWD,Unleaded,6.6,4,5,5,39990
Mercedes-Benz,Cla45,2018,Sedan,Automatic,AWD,Premium,7.4,4,4,5,64788
Mercedes-Benz,C300,2018,Wagon,Automatic,REAR,Premium,6.7,4,4,4,52800
Mercedes-Benz,C300,2018,Sedan,Automatic,REAR,Premium,7,4,4,4,54990
Mercedes-Benz,E350,2018,Sedan,Automatic,REAR,Diesel,5.6,6,4,5,71880
Mercedes-Benz,A-Class,2018,NA,Automatic,FRONT,Premium,NA,NA,NA,NA,43990
Mercedes-Benz,E400,2018,Coupe,Automatic,AWD,Premium,8.5,6,2,4,86990
Mercedes-Benz,Glc250,2018,SUV,Automatic,AWD,Premium,7.2,4,4,5,49990
Mercedes-Benz,Cls53,2018,Sedan,Automatic,AWD,Premium,8.9,6,4,5,114888
Mercedes-Benz,Gla180,2018,SUV,Automatic,FRONT,Premium,5.7,4,4,5,38800
Mercedes-Benz,S450,2018,Sedan,Automatic,REAR,Premium,8.4,8,4,5,95900
Mercedes-Benz,G-Class,2018,Wagon,Automatic,OTHER,Premium,NA,NA,NA,NA,309888
Mercedes-Benz,A250,2018,Hatchback,Automatic,AWD,Premium,6.7,4,5,5,39990
Mercedes-Benz,C200,2018,Sedan,Automatic,REAR,Hybrid,6.5,4,4,4,46888
Mercedes-Benz,C63,2018,Sedan,Automatic,REAR,Premium,8.6,8,4,4,108888
Mercedes-Benz,C300,2018,Sedan,Automatic,REAR,Premium,7,4,4,4,42990
Mercedes-Benz,Amg,2018,Coupe,Automatic,REAR,Premium,NA,NA,NA,NA,289880
Mercedes-Benz,A200,2018,Hatchback,Automatic,FRONT,Premium,5.7,4,5,5,45990
Mercedes-Benz,Glc63,2018,SUV,Automatic,AWD,Premium,10.9,8,4,5,106888
Mercedes-Benz,A180,2018,Sedan,Automatic,FRONT,Unleaded,5.7,4,4,5,45950
Mercedes-Benz,Glc200,2018,SUV,Automatic,AWD,Premium,7.2,4,4,5,42800
Mercedes-Benz,A200,2018,Hatchback,Automatic,FRONT,Premium,5.7,4,5,5,51950
Mercedes-Benz,C300,2018,Wagon,Automatic,REAR,Premium,7.2,4,4,4,48999
Mercedes-Benz,Cla250,2018,Sedan,Automatic,AWD,Premium,6.9,4,4,5,45990
Mercedes-Benz,C300,2018,Sedan,Automatic,REAR,Premium,6.5,4,4,4,44999
Mercedes-Benz,X250,2018,Ute/Pickup,Automatic,4WD,Diesel,7.9,4,4,5,47990
Mercedes-Benz,A200,2018,Hatchback,Automatic,FRONT,Premium,5.7,4,5,5,39990
Mercedes-Benz,S450,2018,Sedan,Automatic,REAR,Premium,8.4,8,4,5,127829
Mercedes-Benz,C300,2018,Sedan,Automatic,REAR,Premium,6.5,4,4,4,46500
Mercedes-Benz,E300,2018,Coupe,Automatic,REAR,Premium,7.1,4,2,4,71800
Mercedes-Benz,Gle350,2018,SUV,Automatic,AWD,Diesel,6.6,6,4,5,57888
Mercedes-Benz,E220,2018,Sedan,Automatic,REAR,Diesel,4.4,4,4,5,59800
Mercedes-Benz,Glc350,2018,SUV,Automatic,AWD,Diesel,6.3,6,4,5,64880
Mercedes-Benz,Amg,2018,Coupe,Automatic,REAR,Premium,9.4,8,2,2,204888
Mercedes-Benz,V250,2018,Wagon,Automatic,REAR,Diesel,6.3,4,4,7,79800
Mercedes-Benz,Vito,2018,Commercial,Automatic,REAR,Diesel,6.1,4,4,2,34990
Mercedes-Benz,Sprinter,2018,Commercial,Automatic,REAR,Diesel,NA,NA,NA,NA,34990
Mercedes-Benz,C63,2018,Coupe,Automatic,REAR,Premium,8.7,8,2,4,119800
Mercedes-Benz,Gle63,2018,SUV,Automatic,AWD,Premium,11.9,8,4,5,164800
Mercedes-Benz,Sprinter,2018,Commercial,Automatic,OTHER,Diesel,NA,NA,NA,NA,54990
Mercedes-Benz,Glc250,2018,SUV,Automatic,AWD,Premium,7.4,4,4,5,69868
Mercedes-Benz,Glc63,2018,SUV,Automatic,AWD,Premium,10.9,8,4,5,114987
Mercedes-Benz,A200,2018,Hatchback,Automatic,FRONT,Premium,5.7,4,5,5,49990
Mercedes-Benz,Gls350,2018,SUV,Automatic,AWD,Diesel,7.6,6,4,7,74990
Mercedes-Benz,X250,2018,Ute/Pickup,Automatic,4WD,Diesel,7.9,4,4,5,43936
Mercedes-Benz,Gls500,2018,SUV,Automatic,AWD,Premium,11.3,8,4,7,79800
Mercedes-Benz,Gla250,2018,SUV,Automatic,AWD,Premium,7,4,4,5,46800
Mercedes-Benz,Sprinter,2018,Commercial,Automatic,OTHER,-,NA,NA,NA,NA,42950
Mercedes-Benz,E400,2018,Sedan,Automatic,AWD,Premium,8.4,6,4,5,79990
Mercedes-Benz,C300,2018,Coupe,Automatic,REAR,Premium,6.6,4,2,4,59800
Mercedes-Benz,E53,2018,Sedan,Automatic,AWD,Hybrid,8.7,6,4,5,104888
Mercedes-Benz,Cla250,2018,Sedan,Automatic,AWD,Premium,6.9,4,4,5,51990
Mercedes-Benz,E200,2018,Sedan,Automatic,REAR,Premium,6.7,4,4,5,49990
Mercedes-Benz,Sprinter,2018,Commercial,Automatic,OTHER,-,NA,NA,NA,NA,38950
Mercedes-Benz,A200,2018,Hatchback,Automatic,FRONT,Premium,6.1,4,5,5,35888
Mercedes-Benz,A200,2018,Hatchback,Automatic,FRONT,Premium,5.7,4,5,5,44950
Mercedes-Benz,Gla220,2018,SUV,Automatic,FRONT,Diesel,4.5,4,4,5,34980
Mercedes-Benz,Glc63,2018,SUV,Automatic,AWD,Premium,10.9,8,4,5,119990
Mercedes-Benz,Valente,2018,Wagon,Automatic,REAR,Diesel,6.3,4,4,8,47998
Mercedes-Benz,Cla45,2018,Sedan,Automatic,AWD,Premium,6.9,4,4,5,67990
Mercedes-Benz,S450,2018,Sedan,Automatic,REAR,Premium,8.4,8,4,5,129980
Mercedes-Benz,C200,2018,Sedan,Automatic,REAR,Hybrid,6.5,4,4,4,42984
Mercedes-Benz,C250,2018,Wagon,Automatic,REAR,Diesel,4.8,4,4,4,49990
Mercedes-Benz,Sprinter,2018,Commercial,Automatic,REAR,Diesel,NA,NA,NA,NA,29990
Mercedes-Benz,Cla250,2018,Wagon,Automatic,AWD,Premium,7,4,4,5,45830
Mercedes-Benz,Gla45,2018,SUV,Automatic,AWD,Premium,7.5,4,4,5,52780
Mercedes-Benz,C200,2018,Sedan,Automatic,REAR,Hybrid,6.5,4,4,4,39888
Mercedes-Benz,A200,2019,Sedan,Automatic,FRONT,Premium,5.7,4,4,5,45000
Mercedes-Benz,Glc43,2019,SUV,Automatic,AWD,Premium,8.8,6,4,5,61950
Mercedes-Benz,Glc300,2019,SUV,Automatic,AWD,Premium,8.1,4,4,5,68888
Mercedes-Benz,Glc300,2019,SUV,Automatic,AWD,Premium,8.1,4,4,5,64990
Mercedes-Benz,C200,2019,Coupe,Automatic,REAR,Unleaded,7,4,2,4,61990
Mercedes-Benz,S-Class,2019,NA,Automatic,REAR,Premium,NA,NA,NA,NA,179995
Mercedes-Benz,Glc43,2019,SUV,Automatic,AWD,Premium,8.8,6,4,5,72800
Mercedes-Benz,Glc300,2019,SUV,Automatic,AWD,Premium,8.1,4,4,5,69880
Mercedes-Benz,C43,2019,Sedan,Automatic,AWD,Premium,9.4,6,4,5,69838
Mercedes-Benz,A200,2019,Sedan,Automatic,FRONT,Premium,5.7,4,4,5,46999
Mercedes-Benz,C300,2019,Sedan,Automatic,REAR,Premium,7,4,4,4,46990
Mercedes-Benz,A180,2019,Hatchback,Automatic,FRONT,Unleaded,5.7,4,5,5,42990
Mercedes-Benz,C200,2019,Sedan,Automatic,REAR,Unleaded,7,4,4,5,49990
Mercedes-Benz,Slc,2019,Convertible,Automatic,REAR,Premium,6.2,4,2,2,69990
Mercedes-Benz,Glc200,2019,SUV,Automatic,AWD,Premium,7.2,4,4,5,68990
Mercedes-Benz,Glc200,2019,SUV,Automatic,AWD,Premium,7.2,4,4,5,58800
Mercedes-Benz,C43,2019,Sedan,Automatic,AWD,Premium,8.2,6,4,4,69800
Mercedes-Benz,Gla180,2019,SUV,Automatic,FRONT,Premium,5.7,4,4,5,46988
Mercedes-Benz,A200,2019,Sedan,Automatic,FRONT,Premium,5.7,4,4,5,48830
Mercedes-Benz,C300,2019,Sedan,Automatic,REAR,Premium,7,4,4,4,54868
Mercedes-Benz,Cls53,2019,Sedan,Automatic,AWD,Premium,8.9,6,4,5,139800
Mercedes-Benz,Glc200,2019,SUV,Automatic,AWD,Premium,7.2,4,4,5,55690
Mercedes-Benz,Cla200,2019,Wagon,Automatic,FRONT,Premium,6.1,4,4,5,39800
Mercedes-Benz,C200,2019,Sedan,Automatic,REAR,Unleaded,7,4,4,5,56990
Mercedes-Benz,C200,2019,Coupe,Automatic,REAR,Unleaded,7,4,2,4,67868
Mercedes-Benz,A250,2019,Hatchback,Automatic,AWD,Unleaded,6.6,4,5,5,45990
Mercedes-Benz,C63,2019,Sedan,Automatic,REAR,Premium,10.4,8,4,5,152800
Mercedes-Benz,X250,2019,Ute/Pickup,Automatic,4WD,Diesel,7.9,4,4,5,48600
Mercedes-Benz,Glc200,2019,SUV,Automatic,REAR,Premium,7.8,4,4,5,57990
Mercedes-Benz,C300,2019,Sedan,Automatic,REAR,Premium,6.5,4,4,4,43800
Mercedes-Benz,Gle450,2019,SUV,Automatic,AWD,Hybrid,9.1,6,4,5,127990
Mercedes-Benz,Glc250,2019,SUV,Automatic,AWD,Premium,7.2,4,4,5,62990
Mercedes-Benz,Vito,2019,Commercial,Automatic,REAR,Diesel,6.1,4,4,2,36990
Mercedes-Benz,C43,2019,Sedan,Automatic,AWD,Premium,9.4,6,4,5,86888
Mercedes-Benz,C-Class,2019,NA,Automatic,REAR,Premium,NA,NA,NA,NA,50160
Mercedes-Benz,Glc200,2019,SUV,Automatic,AWD,Premium,7.2,4,4,5,55800
Mercedes-Benz,A200,2019,Sedan,Automatic,FRONT,Premium,5.7,4,4,5,47800
Mercedes-Benz,A250,2019,Hatchback,Automatic,AWD,Unleaded,6.6,4,5,5,48999
Mercedes-Benz,Gla250,2019,SUV,Automatic,AWD,Premium,7,4,4,5,45989
Mercedes-Benz,A200,2019,Sedan,Automatic,FRONT,Premium,5.7,4,4,5,51988
Mercedes-Benz,X350,2019,Ute/Pickup,Automatic,4WD,Diesel,8.8,6,4,5,49990
Mercedes-Benz,E-Class,2019,Coupe,Automatic,REAR,Premium,NA,NA,NA,NA,80990
Mercedes-Benz,X350,2019,Ute/Pickup,Automatic,4WD,Diesel,8.8,6,4,5,48990
Mercedes-Benz,C43,2019,Coupe,Automatic,AWD,Premium,9.5,6,2,4,93969
Mercedes-Benz,C300,2019,Coupe,Automatic,REAR,Unleaded,7,4,2,4,69988
Mercedes-Benz,A180,2019,Sedan,Automatic,FRONT,Unleaded,5.7,4,4,5,46550
Mercedes-Benz,C200,2019,Sedan,Automatic,REAR,Unleaded,7,4,4,5,52950
Mercedes-Benz,Gle400,2019,SUV,Automatic,AWD,Diesel,7.7,6,4,5,102990
Mercedes-Benz,C63,2020,Coupe,Automatic,REAR,Premium,10.3,8,2,4,158880
Mercedes-Benz,S-Class,2020,NA,Automatic,OTHER,Other,NA,NA,NA,NA,99888
Mercedes-Benz,C43,2020,Wagon,Automatic,AWD,Premium,9.6,6,4,5,99900
Mercedes-Benz,A45,2020,Hatchback,Automatic,AWD,Premium,8.9,4,5,5,88900
Mercedes-Benz,C200,2020,Convertible,Automatic,REAR,Unleaded,7.6,4,2,4,67990
Mercedes-Benz,Gle,2020,SUV,Automatic,AWD,Hybrid,9.1,6,4,5,122900
Mercedes-Benz,C43,2020,Coupe,Automatic,AWD,Premium,9.5,6,2,4,88999
Mercedes-Benz,S450,2020,Sedan,Automatic,AWD,Hybrid,8.2,6,4,5,118888
Mercedes-Benz,Cla45,2020,Sedan,Automatic,AWD,Premium,8.9,4,4,5,99900
Mercedes-Benz,Gle300,2020,SUV,Automatic,AWD,Diesel,6.9,4,4,5,98800
Mercedes-Benz,C300,2020,Sedan,Automatic,REAR,Unleaded,7,4,4,5,69988
Mercedes-Benz,C200,2020,Sedan,Automatic,REAR,Unleaded,7,4,4,5,50990
Mercedes-Benz,Glc43,2020,SUV,Automatic,AWD,Premium,10.4,6,4,5,95900
Mercedes-Benz,C300,2020,Sedan,Automatic,REAR,Unleaded,7,4,4,5,62890
Mercedes-Benz,Cla45,2020,Sedan,Automatic,AWD,Premium,8.9,4,4,5,109800
Mercedes-Benz,C63,2020,Sedan,Automatic,REAR,Premium,10.4,8,4,5,175990
Mercedes-Benz,C300,2020,Convertible,Automatic,REAR,Unleaded,7.6,4,2,4,100000
Mercedes-Benz,Glc63,2020,SUV,Automatic,AWD,Premium,12.2,8,4,5,154800
Mercedes-Benz,A35,2020,Hatchback,Automatic,AWD,Premium,7.6,4,5,5,62800
Mercedes-Benz,Gla,2020,SUV,Automatic,AWD,Premium,7.5,4,4,5,61988
Mercedes-Benz,X250,2020,Ute/Pickup,Automatic,4WD,Diesel,7.9,4,4,5,49991
Mercedes-Benz,A45,2020,Hatchback,Automatic,AWD,Premium,8.9,4,5,5,86990
Mercedes-Benz,Glc,2020,SUV,Automatic,REAR,Premium,7.8,4,4,5,62990
Mercedes-Benz,X350,2020,Ute/Pickup,Automatic,4WD,Diesel,8.8,6,4,5,68888
Mercedes-Benz,C300,2020,Wagon,Automatic,REAR,Unleaded,7.2,4,4,5,68880
Mercedes-Benz,Cla,2020,Sedan,Automatic,AWD,Premium,6.7,4,4,5,56800
Mercedes-Benz,Gla35,2020,SUV,Automatic,AWD,Premium,8,4,4,5,79800
Mercedes-Benz,Vito,2020,Commercial,Automatic,REAR,Diesel,6.7,4,2,2,46990
Mercedes-Benz,C300,2020,Sedan,Automatic,REAR,Unleaded,7,4,4,5,66888
Mercedes-Benz,E200,2021,Sedan,Automatic,REAR,Premium,8,4,4,5,77880
Mercedes-Benz,Gla35,2021,SUV,Automatic,AWD,Premium,8,4,4,5,82880
Mercedes-Benz,Glc43,2021,SUV,Automatic,AWD,Premium,10.4,6,4,5,109900
Mercedes-Benz,A180,2021,Sedan,Automatic,FRONT,Unleaded,5.7,4,4,5,54880
Mercedes-Benz,G63,2021,SUV,Automatic,AWD,Premium,13.1,8,4,5,309950
Mercedes-Benz,E63,2021,Sedan,Automatic,AWD,Premium,12.3,8,4,5,252888
Mercedes-Benz,Eqa,2021,SUV,Automatic,FRONT,Electric,0,0,4,5,85800
Mercedes-Benz,Gla45,2021,SUV,Automatic,AWD,Premium,9.6,4,4,5,95900
Mercedes-Benz,Marco,2021,Wagon,Automatic,REAR,Diesel,6.9,4,4,5,93990
Mercedes-Benz,Glc,2021,SUV,Automatic,AWD,Hybrid,2.6,4,4,5,82809
Mercedes-Benz,Gla,2021,SUV,Automatic,OTHER,Unleaded,NA,NA,NA,NA,69990
Mercedes-Benz,Glc,2021,SUV,Automatic,REAR,Premium,7.8,4,4,5,67868
Mercedes-Benz,A180,2021,Sedan,Automatic,FRONT,Unleaded,5.7,4,4,5,54800
Mercedes-Benz,Glc,2021,SUV,Automatic,REAR,Premium,7.8,4,4,5,69800
Mercedes-Benz,Glc,2021,SUV,Automatic,REAR,Premium,7.8,4,4,5,64800
Mercedes-Benz,A180,2021,Sedan,Automatic,FRONT,Unleaded,5.7,4,4,5,49990
Mercedes-Benz,Eqc,2021,SUV,Automatic,AWD,Electric,0,0,4,5,114800
Mercedes-Benz,C63,2021,Coupe,Automatic,REAR,Premium,10.3,8,2,4,203888
Mercedes-Benz,Glb,2021,SUV,Automatic,AWD,Premium,7.7,4,4,7,74800
Mercedes-Benz,Cla35,2021,Sedan,Automatic,AWD,Premium,7.5,4,4,5,89970
Mercedes-Benz,Glc63,2021,SUV,Automatic,AWD,Premium,12.2,8,4,5,156990
Mercedes-Benz,Gla35,2021,SUV,Automatic,AWD,Premium,8,4,4,5,82900
Mercedes-Benz,Cla45,2021,Sedan,Automatic,AWD,Premium,8.9,4,4,5,117990
Mercedes-Benz,Glc,2021,SUV,Automatic,AWD,Premium,8.1,4,4,5,83800
Mercedes-Benz,C200,2021,Sedan,Automatic,REAR,Unleaded,7,4,4,5,65888
Mercedes-Benz,Cla,2022,Sedan,Automatic,AWD,Premium,6.7,4,4,5,76900
Mercedes-Benz,Glc,2022,SUV,Automatic,REAR,Premium,8,4,4,5,80900
Mercedes-Benz,Gle,2022,SUV,Automatic,AWD,Diesel,6.6,4,4,5,119800
Mercedes-Benz,Cla,2022,Sedan,Automatic,FRONT,Premium,5.7,4,4,5,68900
Mercedes-Benz,Glc,2022,SUV,Automatic,AWD,Premium,8.2,4,4,5,97900
Mercedes-Benz,C300,2022,Sedan,Automatic,REAR,Hybrid,7.3,4,4,5,84888
Mercedes-Benz,C200,2022,Sedan,Automatic,REAR,Hybrid,6.9,4,4,5,78990
Mercedes-Benz,Glc,2022,SUV,Automatic,AWD,Premium,8.2,4,4,5,109900
Mercedes-Benz,Gla,2022,SUV,Automatic,AWD,Premium,7.7,4,4,5,82990
Mercedes-Benz,C63,2022,Coupe,Automatic,REAR,Premium,10.3,8,2,4,229990
Mercedes-Benz,Gle63,2022,SUV,Automatic,AWD,Hybrid,12.4,8,4,5,255880
Mercedes-Benz,S450l,2022,Sedan,Automatic,AWD,Hybrid,8.7,6,4,5,229800
Mercedes-Benz,Glc,2022,SUV,Automatic,AWD,Premium,8.2,4,4,5,88880
Mercedes-Benz,A180,2022,Hatchback,Automatic,FRONT,Unleaded,5.7,4,5,5,57868
Mercedes-Benz,S450,2022,Sedan,Automatic,AWD,Hybrid,8.6,6,4,5,229800
Mercedes-Benz,Glc,2022,SUV,Automatic,AWD,Premium,8.2,4,4,5,96800
Mercedes-Benz,Glc,2022,SUV,Automatic,REAR,Premium,8,4,4,5,71800
Mercedes-Benz,Glc,2022,SUV,Automatic,REAR,Premium,8,4,4,5,72800
Mercedes-Benz,A180,2022,Hatchback,Automatic,FRONT,Unleaded,5.7,4,5,5,59800
Mercedes-Benz,A250,2022,Hatchback,Automatic,AWD,Premium,6.8,4,5,5,64868
Mercedes-Benz,Glc,2022,SUV,Automatic,AWD,Premium,8.2,4,4,5,104800
Mercedes-Benz,S450,2022,Sedan,Automatic,AWD,Hybrid,8.6,6,4,5,239800
Mercedes-Benz,Cla,2022,Sedan,Automatic,AWD,Premium,6.7,4,4,5,82800
Mercedes-Benz,Gls,2022,SUV,Automatic,AWD,Hybrid,9.2,6,4,7,194800
Mercedes-Benz,Eqs53,2022,Sedan,Automatic,AWD,Electric,0,0,4,5,268800
Mercedes-Benz,Gle,2022,SUV,Automatic,AWD,Hybrid,9.1,6,4,5,145990
Mercedes-Benz,Cla,2022,Sedan,Automatic,FRONT,Premium,5.7,4,4,5,66800
Mercedes-Benz,Glb,2022,Wagon,Automatic,FRONT,Premium,NA,NA,NA,NA,68800
Mercedes-Benz,A250,2023,Hatchback,Automatic,AWD,Premium,6.8,4,5,5,69990
Mercedes-Benz,V,2023,Wagon,Automatic,REAR,Diesel,7.4,4,5,7,151898
Mercedes-Benz,E350,2023,Sedan,Automatic,REAR,Hybrid,7.7,4,4,5,134800
Mercedes-Benz,C200,2023,Coupe,Automatic,REAR,Unleaded,7,4,2,4,99800
Mercedes-Benz,Vito,2023,Commercial,Automatic,REAR,Diesel,7.1,4,5,2,69800
Mercedes-Benz,Eqb,2023,SUV,Automatic,AWD,Electric,0,0,4,5,109800
Mercedes-Benz,Gla,2023,SUV,Automatic,AWD,Premium,7.7,4,4,5,77300
Mercedes-Benz,C300,2023,Coupe,Automatic,REAR,Unleaded,7,4,2,4,101900
Mercedes-Benz,Sprinter,2023,Other,Automatic,REAR,Diesel,0,4,2,15,91537
Mercedes-Benz,Sprinter,2023,Commercial,Automatic,REAR,Diesel,0,4,3,2,91669
Mercedes-Benz,A250,2023,Sedan,Automatic,AWD,Premium,6.6,4,4,5,67900
Mercedes-Benz,Sprinter,2023,Commercial,Automatic,REAR,Diesel,0,4,3,2,79229
Mercedes-Benz,Sprinter,2023,Commercial,Automatic,REAR,Diesel,0,4,3,2,80437
Mercedes-Benz,Sprinter,2023,Commercial,Automatic,REAR,Diesel,0,4,3,2,83579
Mercedes-Benz,Glb,2023,SUV,Automatic,FRONT,Premium,6.5,4,4,7,67000
Mercedes-Benz,Glc63,2023,SUV,Automatic,AWD,Premium,12.2,8,4,5,191800
Mercedes-Benz,E200,2023,Sedan,Automatic,REAR,-,8,4,4,5,119800
Mercedes-Benz,Gle53,2023,SUV,Automatic,AWD,Hybrid,9.3,6,4,5,192300
Mercedes-Benz,E200,2023,Coupe,Automatic,REAR,Premium,7.9,4,2,4,114500
Mercedes-Benz,Gla45,2023,SUV,Automatic,AWD,Premium,9.6,4,4,5,121900
Mercedes-Benz,Sprinter,2023,Commercial,Automatic,REAR,Diesel,0,4,3,2,92031
Mercedes-Benz,Sprinter,2023,Commercial,Automatic,REAR,Diesel,0,4,3,2,87684
Mercedes-Benz,Gle,2023,SUV,Automatic,AWD,Hybrid,9.2,6,4,5,158000
Mercedes-Benz,Gle,2023,SUV,Automatic,AWD,Hybrid,9.1,6,4,5,135200
Mercedes-Benz,Gle,2023,SUV,Automatic,AWD,Hybrid,9.1,6,4,7,151499
Mg,6,2016,Hatchback,Automatic,FRONT,Premium,7.8,4,4,5,15990
Mg,6,2017,Hatchback,Automatic,FRONT,Premium,7.8,4,4,5,17450
Mg,Mg6,2017,Hatchback,Automatic,FRONT,Premium,NA,NA,NA,NA,19990
Mg,Zs,2018,SUV,Automatic,FRONT,Unleaded,6.7,3,4,5,17913
Mg,6,2018,Hatchback,Automatic,FRONT,Premium,7.8,4,4,5,14975
Mg,Zs,2019,SUV,Automatic,FRONT,Unleaded,6.7,3,4,5,23880
Mg,Zs,2019,SUV,Automatic,FRONT,Unleaded,6.7,3,4,5,20990
Mg,Zs,2019,SUV,Automatic,FRONT,Unleaded,6.7,3,4,5,22990
Mg,3,2019,Hatchback,Automatic,FRONT,Premium,6.7,4,5,5,12990
Mg,Zs,2019,SUV,Automatic,FRONT,Unleaded,6.7,3,4,5,21990
Mg,Zs,2019,SUV,Automatic,FRONT,Unleaded,6.7,3,4,5,19990
Mg,Hs,2020,SUV,Automatic,FRONT,Unleaded,7.3,4,4,5,28990
Mg,Mg3,2020,Hatchback,Automatic,FRONT,Premium,6.7,4,5,5,16900
Mg,Hs,2020,SUV,Automatic,FRONT,Unleaded,7.3,4,4,5,26888
Mg,Zst,2020,SUV,Automatic,FRONT,Unleaded,7.3,3,5,5,26990
Mg,Hs,2020,SUV,Automatic,FRONT,Unleaded,7.3,4,4,5,24990
Mg,Mg3,2020,Hatchback,Automatic,FRONT,Premium,6.7,4,5,5,15910
Mg,Hs,2020,SUV,Automatic,FRONT,Premium,NA,NA,NA,NA,29900
Mg,Mg3,2020,Hatchback,Automatic,FRONT,Premium,6.7,4,5,5,20590
Mg,Zst,2020,SUV,Automatic,FRONT,Unleaded,7.3,3,5,5,29950
Mg,Mg3,2020,Hatchback,Automatic,FRONT,Premium,6.7,4,5,5,15249
Mg,Mg3,2020,Hatchback,Automatic,FRONT,Premium,6.7,4,5,5,16375
Mg,Mg3,2020,Hatchback,Automatic,FRONT,Premium,6.7,4,5,5,19870
Mg,Hs,2020,SUV,Automatic,FRONT,Unleaded,7.3,4,4,5,24955
Mg,Zst,2020,SUV,Automatic,FRONT,Unleaded,7.3,3,5,5,25999
Mg,Hs,2020,SUV,Automatic,FRONT,Unleaded,7.3,4,4,5,27990
Mg,Hs,2020,SUV,Automatic,FRONT,Unleaded,7.3,4,4,5,26990
Mg,Hs,2020,SUV,Automatic,FRONT,Unleaded,7.3,4,4,5,24977
Mg,Zst,2020,SUV,Automatic,FRONT,Unleaded,7.3,3,5,5,28888
Mg,Mg3,2020,Hatchback,Automatic,FRONT,Premium,6.7,4,5,5,19999
Mg,Hs,2020,SUV,Automatic,FRONT,Unleaded,7.3,4,4,5,34990
Mg,Hs,2021,SUV,Automatic,FRONT,Unleaded,7.3,4,4,5,29388
Mg,Hs,2021,SUV,Automatic,AWD,Unleaded,9.5,4,4,5,32888
Mg,Hs,2021,SUV,Automatic,FRONT,Unleaded,7.3,4,4,5,23150
Mg,Hs,2021,SUV,Automatic,FRONT,Unleaded,7.3,4,4,5,23580
Mg,Hs,2021,SUV,Automatic,FRONT,Unleaded,7.3,4,4,5,23888
Mg,Hs,2021,SUV,Automatic,FRONT,Unleaded,7.3,4,4,5,27980
Mg,Mg3,2021,Hatchback,Automatic,FRONT,Premium,6.7,4,5,5,17990
Mg,Hs,2021,SUV,Automatic,FRONT,Unleaded,7.3,4,4,5,26888
Mg,Mg3,2021,Hatchback,Automatic,FRONT,Premium,6.7,4,5,5,15999
Mg,Hs,2021,SUV,Automatic,FRONT,Unleaded,7.3,4,4,5,24990
Mg,Mg3,2021,Hatchback,Automatic,FRONT,Premium,6.7,4,5,5,14800
Mg,Hs,2021,SUV,Automatic,FRONT,Unleaded,7.3,4,4,5,26990
Mg,Mg3,2021,Hatchback,Automatic,FRONT,Premium,6.7,4,5,5,16990
Mg,Hs,2021,SUV,Automatic,FRONT,Unleaded,7.3,4,4,5,24899
Mg,Hs,2021,SUV,Automatic,FRONT,Unleaded,7.3,4,4,5,27333
Mg,Zs,2021,SUV,Automatic,FRONT,Electric,0,0,4,5,35890
Mg,Mg3,2021,Hatchback,Automatic,FRONT,Premium,6.7,4,5,5,19990
Mg,Hs,2021,SUV,Automatic,FRONT,Unleaded,7.3,4,4,5,24950
Mg,Zs,2021,SUV,Automatic,FRONT,Unleaded,7.1,4,4,5,23886
Mg,Hs,2021,SUV,Automatic,FRONT,Unleaded,7.3,4,4,5,24970
Mg,Zst,2021,SUV,Automatic,FRONT,Unleaded,6.9,4,5,5,25990
Mg,Hs,2021,SUV,Automatic,FRONT,Unleaded,7.3,4,4,5,24498
Mg,Hs,2021,SUV,Automatic,FRONT,Premium,NA,NA,NA,NA,31910
Mg,Zs,2021,SUV,Automatic,FRONT,Electric,0,0,4,5,34960
Mg,Hs,2021,SUV,Automatic,FRONT,Unleaded,7.3,4,4,5,34990
Mg,Zst,2021,SUV,Automatic,FRONT,Unleaded,7.3,3,5,5,27990
Mg,Zst,2021,SUV,Automatic,FRONT,Unleaded,7.3,3,5,5,26990
Mg,Hs,2021,SUV,Automatic,FRONT,Unleaded,7.3,4,4,5,23880
Mg,Hs,2021,SUV,Automatic,FRONT,Unleaded,7.3,4,4,5,33990
Mg,Zst,2021,SUV,Automatic,FRONT,Unleaded,7.3,3,5,5,28290
Mg,Zst,2021,SUV,Automatic,FRONT,Unleaded,7.3,3,5,5,28990
Mg,Zs,2021,SUV,Automatic,FRONT,Electric,0,0,4,5,31990
Mg,Zs,2021,SUV,Automatic,FRONT,Electric,0,0,4,5,31960
Mg,Zs,2021,SUV,Automatic,FRONT,Electric,0,0,4,5,35580
Mg,Zs,2021,SUV,Automatic,FRONT,Electric,0,0,4,5,32990
Mg,Hs,2021,SUV,Automatic,FRONT,Unleaded,7.3,4,4,5,23990
Mg,Hs,2021,SUV,Automatic,FRONT,Unleaded,7.3,4,4,5,22990
Mg,Zs,2021,SUV,Automatic,FRONT,Unleaded,7.1,4,4,5,22970
Mg,Hs,2021,SUV,Automatic,FRONT,Unleaded,7.3,4,4,5,22950
Mg,Mg3,2021,Hatchback,Automatic,FRONT,Premium,6.7,4,5,5,17850
Mg,Hs,2021,SUV,Automatic,FRONT,Unleaded,7.3,4,4,5,29990
Mg,Mg3,2021,Hatchback,Automatic,FRONT,Premium,6.7,4,5,5,18999
Mg,Mg3,2021,Hatchback,Automatic,FRONT,Premium,6.7,4,5,5,15990
Mg,Hs,2021,SUV,Automatic,FRONT,Unleaded,7.3,4,4,5,27588
Mg,Hs,2021,SUV,Automatic,FRONT,Unleaded,7.3,4,4,5,26977
Mg,Hs,2021,SUV,Automatic,FRONT,Unleaded,7.3,4,4,5,25977
Mg,Hs,2021,SUV,Automatic,FRONT,Unleaded,7.3,4,4,5,28980
Mg,Hs,2021,SUV,Automatic,FRONT,Unleaded,7.3,4,4,5,28588
Mg,Hs,2021,SUV,Automatic,FRONT,Unleaded,7.3,4,4,5,28988
Mg,Zs,2021,SUV,Automatic,FRONT,Electric,0,0,4,5,36999
Mg,Hs,2021,SUV,Automatic,FRONT,Unleaded,7.3,4,4,5,27977
Mg,Zst,2021,SUV,Automatic,FRONT,Unleaded,7.3,3,5,5,29999
Mg,Zs,2021,SUV,Automatic,FRONT,Electric,0,0,4,5,39888
Mg,Mg3,2021,Hatchback,Automatic,FRONT,Premium,6.7,4,5,5,18888
Mg,Mg3,2022,Hatchback,Automatic,FRONT,Premium,6.7,4,5,5,19990
Mg,Zs,2022,SUV,Automatic,FRONT,Unleaded,7.1,4,4,5,23690
Mg,Mg3,2022,Hatchback,Automatic,FRONT,Premium,6.7,4,5,5,19490
Mg,Mg3,2022,Hatchback,Automatic,FRONT,Premium,6.7,4,5,5,22705
Mg,Mg3,2022,Hatchback,Automatic,FRONT,Premium,6.7,4,5,5,20480
Mg,Zst,2022,SUV,Automatic,FRONT,Unleaded,6.9,4,5,5,27888
Mg,Zst,2022,SUV,Automatic,FRONT,Unleaded,7.3,3,5,5,30490
Mg,Hs,2022,SUV,Automatic,FRONT,Unleaded,7.3,4,4,5,31880
Mg,Hs,2022,SUV,Automatic,FRONT,Unleaded,7.3,4,4,5,38690
Mg,Hs,2022,SUV,Automatic,FRONT,Unleaded,7.3,4,4,5,36690
Mg,Hs,2022,SUV,Automatic,FRONT,Unleaded,7.3,4,4,5,36490
Mg,Zs,2022,SUV,Automatic,FRONT,Electric,0,0,4,5,48688
Mg,Hs,2022,SUV,Automatic,FRONT,Unleaded,7.3,4,4,5,39990
Mg,Hs,2022,SUV,Automatic,FRONT,Unleaded,7.3,4,4,5,38880
Mg,Hs,2022,SUV,Automatic,FRONT,Hybrid,1.7,4,5,5,49690
Mg,Mg3,2022,Hatchback,Automatic,FRONT,Premium,6.7,4,5,5,15900
Mg,Zs,2022,SUV,Automatic,FRONT,Electric,0,0,4,5,49709
Mg,Zs,2022,SUV,Automatic,FRONT,Electric,0,0,4,5,50490
Mg,Hs,2022,SUV,Automatic,FRONT,Unleaded,7.3,4,4,5,34868
Mg,Hs,2022,SUV,Automatic,FRONT,Hybrid,1.7,4,4,5,53690
Mg,Hs,2022,SUV,Automatic,FRONT,Hybrid,1.7,4,5,5,43990
Mg,Hs,2022,SUV,Automatic,FRONT,Unleaded,7.3,4,4,5,30990
Mg,Hs,2022,SUV,Automatic,AWD,Unleaded,9.5,4,4,5,43868
Mg,Hs,2022,SUV,Automatic,FRONT,Unleaded,7.3,4,4,5,32990
Mg,Hs,2022,SUV,Automatic,FRONT,Unleaded,7.3,4,4,5,35990
Mg,Mg3,2022,Hatchback,Automatic,FRONT,Premium,6.7,4,5,5,20490
Mg,Hs,2022,SUV,Automatic,FRONT,Unleaded,7.3,4,4,5,24990
Mg,Mg3,2022,Hatchback,Automatic,FRONT,Premium,6.7,4,5,5,20990
Mg,Zst,2022,SUV,Automatic,FRONT,Unleaded,7.3,3,5,5,31690
Mg,Mg3,2022,Hatchback,Automatic,FRONT,Premium,6.7,4,5,5,17888
Mg,Mg3,2022,Hatchback,Automatic,FRONT,Premium,6.7,4,5,5,18990
Mg,Hs,2022,SUV,Automatic,FRONT,Unleaded,7.3,4,4,5,28816
Mg,Hs,2022,SUV,Automatic,AWD,Unleaded,9.5,4,4,5,43990
Mg,Hs,2022,SUV,Automatic,FRONT,Unleaded,7.3,4,4,5,30690
Mg,Hs,2022,SUV,Automatic,AWD,Unleaded,9.5,4,4,5,41990
Mg,Zst,2022,SUV,Automatic,FRONT,Unleaded,6.9,4,5,5,25990
Mg,Hs,2022,SUV,Automatic,FRONT,Unleaded,7.3,4,4,5,31890
Mg,Hs,2022,SUV,Automatic,OTHER,Other,NA,NA,NA,NA,49690
Mg,Hs,2022,SUV,Automatic,FRONT,Hybrid,1.7,4,5,5,44990
Mg,Hs,2022,SUV,Automatic,FRONT,Hybrid,1.7,4,4,5,49990
Mg,Mg3,2022,Hatchback,Automatic,FRONT,Premium,6.7,4,5,5,17990
Mg,Hs,2022,SUV,Automatic,FRONT,Unleaded,7.3,4,4,5,28990
Mg,Hs,2022,SUV,Automatic,OTHER,Unleaded,NA,NA,NA,NA,32690
Mg,Zst,2022,SUV,Automatic,FRONT,Unleaded,6.9,4,5,5,27980
Mg,Hs,2022,SUV,Automatic,FRONT,Unleaded,7.3,4,4,5,35950
Mg,Hs,2022,SUV,Automatic,FRONT,Unleaded,7.3,4,4,5,34950
Mg,Mg3,2022,Hatchback,Automatic,FRONT,Premium,6.7,4,5,5,20980
Mg,Hs,2022,SUV,Automatic,FRONT,Unleaded,7.3,4,4,5,33910
Mg,Zst,2022,SUV,Automatic,FRONT,Unleaded,7.3,3,5,5,33990
Mg,Zs,2022,SUV,Automatic,FRONT,Unleaded,7.1,4,4,5,25990
Mg,Zst,2022,SUV,Automatic,FRONT,Unleaded,6.9,4,5,5,28690
Mg,Hs,2022,SUV,Automatic,FRONT,Hybrid,1.7,4,5,5,45990
Mg,Zs,2022,SUV,Automatic,FRONT,Electric,0,0,4,5,45990
Mg,Zst,2022,SUV,Automatic,FRONT,Unleaded,7.3,3,5,5,30888
Mg,Hs,2022,SUV,Automatic,FRONT,Unleaded,7.3,4,4,5,32900
Mg,Zs,2022,Wagon,Automatic,FRONT,Unleaded,NA,NA,NA,NA,23990
Mg,Hs,2022,SUV,Automatic,AWD,Unleaded,9.5,4,4,5,39690
Mg,Zst,2022,SUV,Automatic,FRONT,Unleaded,7.3,3,5,5,31490
Mg,Zs,2022,SUV,Automatic,FRONT,Electric,0,0,4,5,46990
Mg,Zs,2022,SUV,Automatic,FRONT,Electric,0,0,4,5,43990
Mg,Zst,2022,SUV,Automatic,FRONT,Unleaded,7.3,3,5,5,33490
Mg,Zs,2022,SUV,Automatic,FRONT,Electric,0,0,4,5,49990
Mg,Zs,2022,SUV,Automatic,FRONT,Electric,0,0,4,5,50476
Mg,Mg3,2022,Hatchback,Automatic,FRONT,Premium,6.7,4,5,5,17400
Mg,Zs,2022,SUV,Automatic,FRONT,Unleaded,7.1,4,4,5,23990
Mg,Zst,2022,SUV,Automatic,FRONT,Unleaded,7.3,3,5,5,29888
Mg,Hs,2022,SUV,Automatic,FRONT,Hybrid,1.7,4,4,5,52690
Mg,Mg3,2022,Hatchback,Automatic,FRONT,Premium,6.7,4,5,5,18786
Mg,Mg3,2022,Hatchback,Automatic,FRONT,Premium,6.7,4,5,5,17999
Mg,Hs,2022,SUV,Automatic,FRONT,Unleaded,7.3,4,4,5,26977
Mg,Mg3,2022,Hatchback,Automatic,FRONT,Premium,6.7,4,5,5,17977
Mg,Hs,2022,SUV,Automatic,FRONT,Unleaded,7.3,4,4,5,27999
Mg,Hs,2022,SUV,Automatic,FRONT,Unleaded,7.3,4,4,5,26999
Mg,Hs,2022,SUV,Automatic,OTHER,-,NA,NA,NA,NA,38000
Mg,Hs,2022,SUV,Automatic,OTHER,-,NA,NA,NA,NA,45000
Mg,Mg3,2022,Hatchback,Automatic,OTHER,Unleaded,NA,NA,NA,NA,20990
Mg,Hs,2022,SUV,Automatic,FRONT,Unleaded,7.3,4,4,5,27880
Mg,Hs,2022,SUV,Automatic,FRONT,Hybrid,1.7,4,4,5,46990
Mg,Zst,2023,SUV,Automatic,FRONT,-,6.9,4,5,5,27690
Mg,Zs,2023,SUV,Automatic,FRONT,-,7.1,4,4,5,24690
Mg,Zst,2023,SUV,Automatic,FRONT,-,7.3,3,5,5,34990
Mg,Zst,2023,SUV,Automatic,FRONT,-,6.9,4,5,5,29690
Mg,Zst,2023,SUV,Automatic,FRONT,-,7.3,3,5,5,33690
Mg,Zst,2023,SUV,Automatic,FRONT,-,7.3,3,5,5,35690
Mg,Zst,2023,SUV,Automatic,FRONT,-,6.9,4,5,5,28990
Mg,Zs,2023,SUV,Automatic,FRONT,Electric,0,0,4,5,57709
Mg,Zst,2023,SUV,Automatic,FRONT,-,6.9,4,5,5,27490
Mg,Zst,2023,SUV,Automatic,FRONT,-,7.3,3,5,5,34690
Mg,Zs,2023,SUV,Automatic,FRONT,-,7.1,4,4,5,23990
Mg,Zst,2023,SUV,Automatic,FRONT,-,6.9,4,5,5,29640
Mg,Zst,2023,SUV,Automatic,FRONT,-,6.9,4,5,5,26990
Mg,Hs,2023,SUV,Automatic,FRONT,-,1.7,4,5,5,48990
Mg,Zst,2023,SUV,Automatic,FRONT,-,7.3,3,5,5,30990
Mg,Mg3,2023,Hatchback,Automatic,FRONT,-,6.7,4,5,5,18990
Mg,Hs,2023,SUV,Automatic,OTHER,Unleaded,NA,NA,NA,NA,44690
Mg,Zst,2023,SUV,Automatic,FRONT,-,7.3,3,5,5,32990
Mg,Mg3,2023,Hatchback,Automatic,FRONT,Premium,NA,NA,NA,NA,21490
Mg,Zs,2023,Wagon,Automatic,FRONT,Unleaded,NA,NA,NA,NA,33990
Mg,Zst,2023,SUV,Automatic,FRONT,-,7.3,3,5,5,31990
Mg,Hs,2023,SUV,Automatic,AWD,-,9.5,4,4,5,41690
Mg,Mg3,2023,Hatchback,Automatic,FRONT,-,6.7,4,5,5,20990
Mg,Zs,2023,SUV,Automatic,FRONT,Electric,0,0,4,5,46297
Mg,Zs,2023,Wagon,Automatic,FRONT,Unleaded,NA,NA,NA,NA,24690
Mg,Zst,2023,SUV,Automatic,FRONT,-,7.3,3,5,5,32690
Mg,Zst,2023,SUV,Automatic,FRONT,-,7.3,3,5,5,33990
Mg,Hs,2023,SUV,Automatic,FRONT,-,1.7,4,4,5,51390
Mg,Zst,2023,SUV,Automatic,FRONT,-,6.9,4,5,5,28690
Mg,Zs,2023,Wagon,-,FRONT,Electric,NA,NA,NA,NA,55537
Mg,Mg3,2023,Hatchback,Automatic,FRONT,-,6.7,4,5,5,19490
Mg,Zs,2023,SUV,Automatic,FRONT,Electric,0,0,4,5,43990
Mg,Mg3,2023,Hatchback,Automatic,OTHER,-,NA,NA,NA,NA,21490
Mg,Mg3,2023,Hatchback,Automatic,OTHER,-,NA,NA,NA,NA,19490
Mg,Hs,2023,SUV,Automatic,OTHER,-,NA,NA,NA,NA,30690
Mg,Zs,2023,SUV,Automatic,FRONT,Electric,0,0,4,5,54841
Mg,Hs,2023,SUV,Automatic,AWD,-,9.5,4,4,5,40980
Mini,Countryman,2014,SUV,Automatic,FRONT,Premium,7.6,4,4,4,24990
Mini,Cooper,2014,Hatchback,Automatic,FRONT,Premium,5.5,4,3,4,26880
Mini,Cooper,2014,Hatchback,Automatic,FRONT,Premium,5.5,4,3,4,24500
Mini,Countryman,2014,SUV,Automatic,FRONT,Premium,7.6,4,4,4,24590
Mini,Paceman,2014,Hatchback,Automatic,AWD,Premium,8.3,4,3,4,31990
Mini,Countryman,2014,SUV,Manual,FRONT,Premium,6.6,4,4,4,19980
Mini,Cooper_countryman,2014,Wagon,Automatic,FRONT,Diesel,NA,NA,NA,NA,24990
Mini,Cooper,2014,Hatchback,Automatic,FRONT,Unleaded,NA,NA,NA,NA,18999
Mini,Cooper,2015,Hatchback,Manual,FRONT,Premium,6,4,5,5,24490
Mini,Cooper,2015,Hatchback,Automatic,FRONT,Premium,5.5,4,5,5,27990
Mini,Cooper,2016,Hatchback,Manual,OTHER,-,NA,NA,NA,NA,28999
Mini,Cooper,2016,Hatchback,Automatic,OTHER,Premium,5.8,4,2,4,35900
Mini,Cooper,2016,Hatchback,Automatic,FRONT,Premium,5.5,4,3,4,27999
Mini,Cooper,2016,Hatchback,Manual,OTHER,Premium,5.8,4,2,4,29990
Mini,Cabrio,2016,Convertible,Manual,FRONT,Premium,5.8,4,2,4,31990
Mini,Clubman,2016,Wagon,Manual,FRONT,Premium,6.4,4,4,5,32800
Mini,Clubman,2016,Wagon,Automatic,FRONT,Premium,5.4,3,4,5,29800
Mini,Clubman,2016,Wagon,Automatic,FRONT,Premium,5.4,3,4,5,26990
Mini,Cooper,2017,Hatchback,Automatic,FRONT,Premium,5.5,4,5,5,31990
Mini,Clubman,2017,Wagon,Automatic,FRONT,Premium,5.9,4,4,5,34990
Mini,Cooper,2017,Hatchback,Automatic,FRONT,Premium,5.5,4,3,4,41500
Mini,Countryman,2017,SUV,Automatic,FRONT,Premium,6,3,4,5,35890
Mini,Cooper,2017,Hatchback,Automatic,FRONT,Premium,5.5,4,3,4,32490
Mini,Cooper,2017,Hatchback,Automatic,FRONT,Premium,5,3,5,5,31880
Mini,Countryman,2017,SUV,Automatic,FRONT,Premium,6.5,4,4,5,38790
Mini,Clubman,2018,Wagon,Manual,AWD,Premium,7.8,4,4,5,29990
Mini,Convertible,2018,Convertible,Automatic,FRONT,Premium,5.7,4,2,4,42999
Mini,Cooper,2018,Hatchback,Automatic,FRONT,Premium,5,3,5,5,29800
Mini,Cooper,2018,Hatchback,Automatic,FRONT,Premium,5.5,4,3,4,39990
Mini,3d,2018,Hatchback,Automatic,FRONT,Premium,6,4,3,4,41999
Mini,5d,2019,Hatchback,Automatic,FRONT,Premium,5.4,3,5,5,34888
Mini,Countryman,2019,SUV,Automatic,AWD,Hybrid,2.5,3,4,5,57888
Mini,Convertible,2020,Convertible,Automatic,FRONT,Premium,7,4,2,4,57999
Mini,Countryman,2020,SUV,Automatic,FRONT,Premium,6.3,3,4,5,42990
Mini,Clubman,2020,Wagon,Automatic,FRONT,Premium,6.2,4,4,5,43888
Mini,Countryman,2020,SUV,Automatic,FRONT,Premium,6.1,3,4,5,44990
Mini,3d,2021,Hatchback,Automatic,FRONT,Premium,5.3,3,3,4,39990
Mini,3d,2021,Hatchback,Automatic,FRONT,Electric,0,0,3,4,49999
Mini,3d,2021,Hatchback,-,FRONT,Premium,5.8,4,3,4,51990
Mini,3d,2021,Hatchback,Automatic,FRONT,Electric,0,0,3,4,54990
Mini,3d,2021,Hatchback,Automatic,FRONT,Premium,6.3,4,3,4,61990
Mini,3d,2021,Hatchback,Automatic,FRONT,Electric,0,0,3,4,48705
Mini,Countryman,2021,SUV,-,FRONT,Premium,6.7,4,5,5,61990
Mini,3d,2022,Hatchback,Automatic,FRONT,Electric,0,0,3,4,54280
Mini,3d,2022,Hatchback,Automatic,FRONT,Electric,0,0,3,4,57344
Mini,Cooper,2022,Hatchback,Automatic,FRONT,Electric,NA,NA,NA,NA,61900
Mini,3d,2022,Hatchback,Automatic,FRONT,Electric,0,0,3,4,59990
Mini,3d,2023,Hatchback,Automatic,FRONT,Electric,0,0,3,4,63750
Mini,Convertible,2023,Convertible,Automatic,FRONT,Premium,6.3,4,2,4,69900
Mini,Countryman,2023,SUV,-,FRONT,Premium,6.3,3,5,5,56600
Mini,Countryman,2023,SUV,Automatic,4WD,Hybrid,2.4,3,5,5,64000
Mini,Countryman,2023,SUV,Automatic,4WD,Hybrid,2.4,3,5,5,69000
Mini,Clubman,2023,Wagon,Automatic,FRONT,Premium,6.2,4,5,5,57900
Mini,Convertible,2023,Convertible,-,FRONT,Premium,6,3,2,4,43680
Mini,Countryman,2023,SUV,-,FRONT,Premium,6.7,4,5,5,61900
Mini,Convertible,2023,Convertible,Manual,FRONT,Premium,7.5,4,2,4,60380
Mini,Clubman,2023,Wagon,Automatic,4WD,Premium,7.7,4,5,5,64300
Mini,Convertible,2023,Convertible,Manual,FRONT,Premium,7.1,4,2,4,58630
Mini,5d,2023,Hatchback,Manual,FRONT,Premium,5.7,3,5,4,42500
Mini,5d,2023,Hatchback,-,FRONT,Premium,5.7,3,5,4,42500
Mini,Convertible,2023,Convertible,Manual,FRONT,Premium,6,3,2,4,43680
Mini,5d,2023,Hatchback,-,FRONT,Premium,5.7,3,5,4,47500
Mini,Convertible,2023,Convertible,Automatic,FRONT,Premium,6.3,4,2,4,58630
Mini,5d,2023,Hatchback,Manual,FRONT,Premium,6.9,4,5,4,54450
Mini,Countryman,2023,SUV,Automatic,4WD,Premium,7.6,4,5,5,75990
Mitsubishi,Lancer,2014,Hatchback,Automatic,FRONT,Unleaded,8.9,4,5,5,18990
Mitsubishi,Triton,2014,Ute/Pickup,Automatic,4WD,Diesel,9.3,4,4,5,18995
Mitsubishi,Triton,2014,Ute/Pickup,Manual,REAR,Diesel,8,4,2,2,21880
Mitsubishi,Triton,2014,Ute/Pickup,Manual,4WD,Diesel,8.1,4,4,5,14413
Mitsubishi,Triton,2014,Ute/Pickup,Automatic,4WD,Diesel,9.3,4,4,5,18990
Mitsubishi,Lancer,2014,Sedan,Automatic,FRONT,Unleaded,8.5,4,4,5,16990
Mitsubishi,Mirage,2014,Hatchback,Automatic,FRONT,Unleaded,4.9,3,5,5,12999
Mitsubishi,Challenger,2014,Wagon,Automatic,OTHER,Diesel,NA,NA,NA,NA,26999
Mitsubishi,Lancer,2014,Sedan,Automatic,FRONT,Unleaded,7.2,4,4,5,17990
Mitsubishi,Outlander,2014,SUV,Automatic,AWD,Unleaded,7.5,4,4,7,18888
Mitsubishi,Pajero,2014,SUV,Automatic,4WD,Diesel,9,4,4,7,33888
Mitsubishi,Asx,2014,SUV,Automatic,FRONT,Unleaded,7.6,4,4,5,12990
Mitsubishi,Lancer,2014,Sedan,Automatic,AWD,Premium,9.6,4,4,5,33950
Mitsubishi,Asx,2014,SUV,Automatic,4WD,Diesel,5.8,4,4,5,15888
Mitsubishi,Pajero,2014,SUV,Automatic,4WD,Diesel,9,4,4,7,37986
Mitsubishi,Triton,2014,Ute/Pickup,Manual,4WD,Diesel,8.3,4,4,5,24980
Mitsubishi,Triton,2014,Ute/Pickup,Manual,4WD,Diesel,8.3,4,4,5,19800
Mitsubishi,Asx,2014,SUV,Automatic,FRONT,Unleaded,7.4,4,4,5,21990
Mitsubishi,Outlander,2014,SUV,Automatic,FRONT,Unleaded,6.6,4,4,5,18990
Mitsubishi,Triton,2014,Ute/Pickup,Manual,4WD,Diesel,8.1,4,4,5,14913
Mitsubishi,Asx,2014,SUV,Automatic,4WD,Diesel,5.8,4,4,5,19990
Mitsubishi,Lancer,2014,Sedan,Automatic,FRONT,Unleaded,7.2,4,4,5,14913
Mitsubishi,Triton,2014,Ute/Pickup,Manual,4WD,Diesel,8.1,4,4,5,23990
Mitsubishi,Pajero,2014,SUV,Automatic,4WD,Diesel,9,4,4,5,25999
Mitsubishi,Mirage,2014,Hatchback,Automatic,FRONT,Unleaded,4.9,3,5,5,8987
Mitsubishi,Pajero,2014,SUV,Automatic,4WD,Diesel,9,4,4,7,29975
Mitsubishi,Triton,2014,Ute/Pickup,Manual,REAR,Diesel,8,4,2,2,12990
Mitsubishi,Triton,2014,Ute/Pickup,Manual,4WD,Diesel,8.3,4,4,5,26470
Mitsubishi,Triton,2014,Ute/Pickup,Manual,4WD,Diesel,8.1,4,4,5,17999
Mitsubishi,Lancer,2014,Sedan,Automatic,FRONT,Unleaded,8.5,4,4,5,19990
Mitsubishi,Triton,2014,Ute/Pickup,Manual,4WD,Diesel,8.1,4,4,5,21999
Mitsubishi,Lancer,2014,Hatchback,Manual,FRONT,Unleaded,8.8,4,5,5,10990
Mitsubishi,Pajero,2014,SUV,Automatic,4WD,Diesel,9,4,4,7,32990
Mitsubishi,Challenger,2014,SUV,Automatic,4WD,Diesel,9.8,4,4,5,20990
Mitsubishi,Lancer,2014,Sedan,Manual,FRONT,Unleaded,6.9,4,4,5,14990
Mitsubishi,Pajero,2014,SUV,Automatic,4WD,Diesel,9,4,4,7,25990
Mitsubishi,Outlander,2014,SUV,Automatic,AWD,Hybrid,1.9,4,4,5,17999
Mitsubishi,Triton,2014,Ute/Pickup,Automatic,OTHER,Diesel,NA,NA,NA,NA,19990
Mitsubishi,Asx,2014,SUV,Automatic,FRONT,Unleaded,7.7,4,4,5,14888
Mitsubishi,Triton,2014,Ute/Pickup,Automatic,4WD,Diesel,9.3,4,4,5,28800
Mitsubishi,Pajero,2014,SUV,Automatic,4WD,Diesel,9,4,4,7,29870
Mitsubishi,Lancer,2014,Sedan,Automatic,AWD,Premium,10.1,4,4,5,42988
Mitsubishi,Pajero,2014,SUV,Automatic,4WD,Diesel,9,4,4,7,29995
Mitsubishi,Lancer,2015,Sedan,Automatic,FRONT,Unleaded,7.2,4,4,5,17995
Mitsubishi,Triton,2015,Ute/Pickup,Automatic,4WD,Diesel,9.3,4,4,5,18995
Mitsubishi,Triton,2015,Ute/Pickup,Manual,4WD,Diesel,7.2,4,4,5,28990
Mitsubishi,Triton,2015,Ute/Pickup,Manual,REAR,Diesel,8,4,2,2,19990
Mitsubishi,Outlander,2015,SUV,Automatic,FRONT,Unleaded,6.6,4,4,5,22776
Mitsubishi,Asx,2015,SUV,Automatic,FRONT,Unleaded,7.4,4,4,5,20990
Mitsubishi,Asx,2015,SUV,Manual,FRONT,Unleaded,7.6,4,4,5,19990
Mitsubishi,Lancer,2015,Sedan,Manual,FRONT,Unleaded,6.9,4,4,5,15990
Mitsubishi,Triton,2015,Ute/Pickup,Manual,4WD,Diesel,8.1,4,4,5,15950
Mitsubishi,Triton,2015,Ute/Pickup,Manual,4WD,Diesel,7.2,4,4,5,26990
Mitsubishi,Triton,2015,Ute/Pickup,Manual,4WD,Diesel,7.2,4,2,4,21990
Mitsubishi,Challenger,2015,Wagon,Automatic,OTHER,Diesel,NA,NA,NA,NA,20999
Mitsubishi,Triton,2015,Ute/Pickup,Manual,4WD,Diesel,8.1,4,4,5,22990
Mitsubishi,Triton,2015,Ute/Pickup,Manual,4WD,Diesel,7.2,4,4,5,19995
Mitsubishi,Asx,2015,SUV,Automatic,4WD,Diesel,7.4,4,4,5,16800
Mitsubishi,Challenger,2015,SUV,Automatic,4WD,Diesel,9.8,4,4,5,26990
Mitsubishi,Asx,2015,SUV,Automatic,4WD,Diesel,5.8,4,4,5,17880
Mitsubishi,Pajero,2015,SUV,Automatic,4WD,Diesel,9,4,4,7,27995
Mitsubishi,Triton,2015,Ute/Pickup,Automatic,4WD,Diesel,7.6,4,4,5,33478
Mitsubishi,Pajero,2015,SUV,Automatic,4WD,Diesel,8,4,4,5,24990
Mitsubishi,Outlander,2015,SUV,Automatic,FRONT,Unleaded,6.6,4,4,5,19950
Mitsubishi,Triton,2015,Ute/Pickup,Manual,4WD,Diesel,8.1,4,4,5,23999
Mitsubishi,Triton,2015,Ute/Pickup,Manual,4WD,Diesel,8.1,4,4,5,19913
Mitsubishi,Triton,2015,Ute/Pickup,Automatic,4WD,Diesel,9.3,4,4,5,20990
Mitsubishi,Triton,2015,Ute/Pickup,Automatic,REAR,Diesel,7.5,4,4,5,24990
Mitsubishi,Pajero,2015,SUV,Automatic,4WD,Diesel,9,4,4,7,27913
Mitsubishi,Outlander,2015,SUV,Automatic,FRONT,Unleaded,6.6,4,4,5,22490
Mitsubishi,Asx,2015,SUV,Automatic,FRONT,Unleaded,7.4,4,4,5,18990
Mitsubishi,Triton,2015,Ute/Pickup,Manual,4WD,Diesel,7.2,4,4,5,24990
Mitsubishi,Pajero,2015,SUV,Automatic,4WD,Diesel,8,4,4,5,36990
Mitsubishi,Pajero,2015,SUV,Automatic,4WD,Diesel,9,4,4,7,47970
Mitsubishi,Lancer,2015,Sedan,Automatic,FRONT,Unleaded,7.2,4,4,5,14990
Mitsubishi,Outlander,2015,SUV,Automatic,AWD,Diesel,5.8,4,4,7,24990
Mitsubishi,Pajero,2015,SUV,Automatic,4WD,Diesel,8,4,4,5,35990
Mitsubishi,Outlander,2015,SUV,Automatic,FRONT,Unleaded,6.6,4,4,5,19990
Mitsubishi,Outlander,2015,SUV,Automatic,AWD,Unleaded,7.5,4,4,5,23999
Mitsubishi,Lancer,2015,Sedan,Automatic,FRONT,Unleaded,7.2,4,4,5,23990
Mitsubishi,Triton,2015,Ute/Pickup,Manual,REAR,Unleaded,10.9,4,2,2,16000
Mitsubishi,Triton,2015,Ute/Pickup,Manual,4WD,Diesel,8.3,4,4,5,19999
Mitsubishi,Asx,2015,SUV,Automatic,4WD,Diesel,7.4,4,4,5,18990
Mitsubishi,Triton,2015,Ute/Pickup,Manual,REAR,Diesel,8,4,2,2,14999
Mitsubishi,Asx,2015,SUV,Automatic,FRONT,Unleaded,7.4,4,4,5,20998
Mitsubishi,Outlander,2015,SUV,Automatic,FRONT,Unleaded,6.6,4,4,5,14999
Mitsubishi,Triton,2015,Ute/Pickup,Automatic,4WD,Diesel,9.6,4,4,5,18800
Mitsubishi,Pajero,2015,SUV,Automatic,4WD,Diesel,9,4,4,7,43990
Mitsubishi,Outlander,2015,SUV,Automatic,AWD,Diesel,5.8,4,4,7,25990
Mitsubishi,Outlander,2015,SUV,Automatic,AWD,Hybrid,1.9,4,4,5,22022
Mitsubishi,Triton,2015,Ute/Pickup,Automatic,4WD,Diesel,7.6,4,4,5,27990
Mitsubishi,Triton,2015,Ute/Pickup,Manual,4WD,Diesel,8.1,4,4,5,23990
Mitsubishi,Challenger,2015,SUV,Automatic,4WD,Diesel,9.8,4,4,5,29990
Mitsubishi,Pajero,2015,SUV,Automatic,4WD,Diesel,9,4,4,7,42990
Mitsubishi,Outlander,2015,SUV,Automatic,AWD,Unleaded,7.5,4,4,7,21990
Mitsubishi,Pajero,2015,SUV,Automatic,4WD,Diesel,9,4,4,7,41990
Mitsubishi,Triton,2015,Ute/Pickup,Automatic,4WD,Diesel,7.6,4,4,5,33990
Mitsubishi,Triton,2015,Ute/Pickup,Manual,4WD,Diesel,7.2,4,4,5,31990
Mitsubishi,Outlander,2015,SUV,Automatic,FRONT,Unleaded,6.6,4,4,5,22999
Mitsubishi,Lancer,2015,Sedan,Automatic,FRONT,Unleaded,8.5,4,4,5,17999
Mitsubishi,Outlander,2015,Wagon,Automatic,FRONT,Unleaded,NA,NA,NA,NA,15999
Mitsubishi,Triton,2015,Ute/Pickup,Automatic,4WD,Diesel,9.3,4,4,5,18990
Mitsubishi,Triton,2015,Ute/Pickup,Manual,REAR,Unleaded,10.9,4,2,2,10990
Mitsubishi,Outlander,2015,SUV,Automatic,FRONT,Unleaded,6.6,4,4,5,18994
Mitsubishi,Triton,2015,Ute/Pickup,Manual,4WD,Diesel,7.2,4,4,5,18500
Mitsubishi,Outlander,2015,SUV,Automatic,AWD,Diesel,5.8,4,4,7,25888
Mitsubishi,Triton,2015,Ute/Pickup,Manual,REAR,Diesel,7,4,2,2,16995
Mitsubishi,Asx,2015,SUV,Automatic,4WD,Diesel,5.8,4,4,5,15995
Mitsubishi,Outlander,2015,SUV,Automatic,AWD,Unleaded,7.5,4,4,5,23480
Mitsubishi,Triton,2015,Ute/Pickup,Manual,OTHER,-,NA,NA,NA,NA,29999
Mitsubishi,Triton,2015,Ute/Pickup,Automatic,4WD,Diesel,7.6,4,4,5,33950
Mitsubishi,Triton,2015,Ute/Pickup,Automatic,4WD,Diesel,9.3,4,4,5,27850
Mitsubishi,Triton,2016,Ute/Pickup,Automatic,4WD,Diesel,7.6,4,4,5,22750
Mitsubishi,Outlander,2016,SUV,Automatic,AWD,Diesel,5.8,4,4,7,25990
Mitsubishi,Outlander,2016,SUV,Automatic,FRONT,Unleaded,6.6,4,4,5,8990
Mitsubishi,Triton,2016,Ute/Pickup,Manual,REAR,Diesel,7.5,4,4,5,27990
Mitsubishi,Asx,2016,SUV,Automatic,FRONT,Unleaded,7.4,4,4,5,20490
Mitsubishi,Triton,2016,Ute/Pickup,Manual,4WD,Diesel,7.2,4,4,5,29419
Mitsubishi,Asx,2016,SUV,Automatic,FRONT,Unleaded,7.4,4,4,5,20990
Mitsubishi,Triton,2016,Ute/Pickup,Automatic,4WD,Diesel,7.6,4,4,5,24990
Mitsubishi,Triton,2016,Ute/Pickup,Automatic,REAR,Diesel,7.5,4,4,5,17980
Mitsubishi,Outlander,2016,SUV,Automatic,AWD,Diesel,5.8,4,4,7,28990
Mitsubishi,Outlander,2016,SUV,Automatic,AWD,Unleaded,7.5,4,4,5,21950
Mitsubishi,Triton,2016,Ute/Pickup,Automatic,4WD,Diesel,7.6,4,4,5,28990
Mitsubishi,Triton,2016,Ute/Pickup,Manual,REAR,Unleaded,10.9,4,2,2,19990
Mitsubishi,Pajero,2016,SUV,Automatic,4WD,Diesel,9,4,4,7,30990
Mitsubishi,Triton,2016,Ute/Pickup,Manual,4WD,Diesel,7.2,4,4,5,32990
Mitsubishi,Triton,2016,Ute/Pickup,Manual,REAR,Diesel,7,4,2,2,23990
Mitsubishi,Asx,2016,SUV,Automatic,FRONT,Unleaded,7.4,4,4,5,19990
Mitsubishi,Pajero,2016,SUV,Automatic,4WD,Diesel,9,4,4,7,32500
Mitsubishi,Asx,2016,SUV,Automatic,FRONT,Unleaded,7.4,4,4,5,22888
Mitsubishi,Triton,2016,Ute/Pickup,Automatic,4WD,Diesel,7.6,4,4,5,31999
Mitsubishi,Outlander,2016,SUV,Automatic,AWD,Diesel,5.8,4,4,7,29995
Mitsubishi,Pajero,2016,SUV,Automatic,4WD,Diesel,8,4,4,5,31800
Mitsubishi,Triton,2016,Ute/Pickup,Manual,4WD,Diesel,7.2,4,4,5,23913
Mitsubishi,Triton,2016,Ute/Pickup,Manual,4WD,Diesel,7.2,4,4,5,19413
Mitsubishi,Triton,2016,Ute/Pickup,Manual,4WD,Diesel,7.2,4,4,5,28995
Mitsubishi,Triton,2016,Ute/Pickup,Automatic,4WD,Diesel,7.6,4,4,5,24913
Mitsubishi,Asx,2016,SUV,Automatic,FRONT,Unleaded,7.4,4,4,5,19830
Mitsubishi,Triton,2016,Ute/Pickup,Automatic,REAR,Diesel,7.5,4,4,5,25999
Mitsubishi,Pajero,2016,SUV,Automatic,4WD,Diesel,8,4,4,5,26990
Mitsubishi,Outlander,2016,Wagon,Automatic,OTHER,Unleaded,NA,NA,NA,NA,20990
Mitsubishi,Pajero,2016,SUV,Automatic,4WD,Diesel,9,4,4,7,32490
Mitsubishi,Triton,2016,Ute/Pickup,Manual,4WD,Diesel,7.2,4,4,5,26913
Mitsubishi,Triton,2016,Ute/Pickup,Manual,4WD,Diesel,7.2,4,4,5,32995
Mitsubishi,Triton,2016,Ute/Pickup,Manual,4WD,Diesel,7.2,4,4,5,26995
Mitsubishi,Triton,2016,Ute/Pickup,Automatic,4WD,Diesel,7.6,4,4,5,31990
Mitsubishi,Triton,2016,Ute/Pickup,Automatic,4WD,Diesel,7.6,4,4,5,22913
Mitsubishi,Asx,2016,SUV,Automatic,FRONT,Unleaded,7.4,4,4,5,21988
Mitsubishi,Pajero,2016,SUV,Automatic,4WD,Diesel,8,4,4,5,38990
Mitsubishi,Asx,2016,SUV,Automatic,FRONT,Unleaded,7.4,4,4,5,13980
Mitsubishi,Asx,2016,SUV,Automatic,FRONT,Unleaded,7.4,4,4,5,16590
Mitsubishi,Pajero,2016,SUV,Automatic,4WD,Diesel,8,4,4,5,33888
Mitsubishi,Outlander,2016,SUV,Automatic,AWD,Diesel,5.8,4,4,7,29288
Mitsubishi,Triton,2016,Ute/Pickup,Manual,REAR,Unleaded,10.9,4,2,2,16999
Mitsubishi,Outlander,2016,SUV,Automatic,AWD,Unleaded,7.5,4,4,7,29990
Mitsubishi,Asx,2016,SUV,Automatic,4WD,Diesel,6,4,4,5,19990
Mitsubishi,Triton,2016,Ute/Pickup,Automatic,4WD,Diesel,7.6,4,4,5,34995
Mitsubishi,Triton,2016,Ute/Pickup,Automatic,REAR,Diesel,7.3,4,2,2,24980
Mitsubishi,Lancer,2016,Sedan,Automatic,FRONT,Unleaded,7.4,4,4,5,20999
Mitsubishi,Lancer,2016,Sedan,Automatic,FRONT,Unleaded,7.2,4,4,5,18990
Mitsubishi,Triton,2016,Ute/Pickup,Automatic,REAR,Diesel,7.3,4,2,2,19999
Mitsubishi,Pajero,2016,SUV,Automatic,4WD,Diesel,8,4,4,5,39990
Mitsubishi,Pajero,2016,SUV,Automatic,4WD,Diesel,9,4,4,7,29990
Mitsubishi,Pajero,2016,SUV,Automatic,4WD,Diesel,9,4,4,7,31990
Mitsubishi,Outlander,2016,SUV,Automatic,FRONT,Unleaded,6.6,4,4,5,25980
Mitsubishi,Triton,2016,Ute/Pickup,Automatic,4WD,Diesel,7.6,4,4,5,34980
Mitsubishi,Triton,2016,Ute/Pickup,Automatic,4WD,Diesel,7.6,4,4,5,39950
Mitsubishi,Pajero,2016,SUV,Automatic,4WD,Diesel,8,4,4,5,32990
Mitsubishi,Asx,2016,SUV,Automatic,FRONT,Unleaded,7.4,4,4,5,22990
Mitsubishi,Pajero,2016,SUV,Automatic,4WD,Diesel,8,4,4,7,34498
Mitsubishi,Outlander,2016,SUV,Automatic,AWD,Diesel,5.8,4,4,7,27980
Mitsubishi,Triton,2016,Ute/Pickup,Manual,REAR,Diesel,7,4,2,2,17880
Mitsubishi,Pajero,2016,Wagon,Automatic,OTHER,Diesel,NA,NA,NA,NA,42680
Mitsubishi,Outlander,2016,SUV,Automatic,FRONT,Unleaded,6.6,4,4,5,22990
Mitsubishi,Asx,2016,SUV,Automatic,FRONT,Unleaded,7.4,4,4,5,19900
Mitsubishi,Pajero,2016,SUV,Automatic,4WD,Diesel,8,4,4,7,40888
Mitsubishi,Pajero,2016,SUV,Automatic,4WD,Diesel,9,4,4,7,43990
Mitsubishi,Pajero,2016,SUV,Automatic,4WD,Diesel,8,4,4,5,43889
Mitsubishi,Pajero,2016,SUV,Automatic,4WD,Diesel,8,4,4,7,37984
Mitsubishi,Pajero,2016,SUV,Automatic,4WD,Diesel,9,4,4,7,41990
Mitsubishi,Lancer,2016,Sedan,Automatic,FRONT,Unleaded,7.2,4,4,5,16977
Mitsubishi,Triton,2016,Ute/Pickup,Automatic,4WD,Diesel,7.6,4,4,5,31987
Mitsubishi,Pajero,2016,SUV,Automatic,4WD,Diesel,9,4,4,7,38980
Mitsubishi,Triton,2016,Ute/Pickup,Automatic,4WD,Diesel,7.6,4,4,5,33990
Mitsubishi,Triton,2016,Ute/Pickup,Automatic,4WD,Diesel,7.6,4,4,5,29880
Mitsubishi,Outlander,2016,SUV,Automatic,FRONT,Unleaded,6.6,4,4,5,17500
Mitsubishi,Pajero,2016,SUV,Automatic,4WD,Diesel,8,4,4,5,36990
Mitsubishi,Pajero,2016,SUV,Automatic,4WD,Diesel,9,4,4,7,34990
Mitsubishi,Triton,2016,Ute/Pickup,Manual,OTHER,-,NA,NA,NA,NA,17990
Mitsubishi,Delica,2016,Commercial,Automatic,OTHER,Diesel,NA,NA,8,NA,37500
Mitsubishi,Pajero,2017,Wagon,Automatic,OTHER,-,NA,NA,NA,NA,36999
Mitsubishi,Asx,2017,SUV,Automatic,FRONT,Unleaded,7.4,4,4,5,20995
Mitsubishi,Triton,2017,Ute/Pickup,Automatic,OTHER,-,NA,NA,NA,NA,32990
Mitsubishi,Outlander,2017,SUV,Automatic,AWD,Diesel,5.8,4,4,7,27996
Mitsubishi,Lancer,2017,Sedan,Automatic,FRONT,Unleaded,7.4,4,4,5,16444
Mitsubishi,Lancer,2017,Sedan,Automatic,FRONT,Unleaded,7.4,4,4,5,17995
Mitsubishi,Triton,2017,Ute/Pickup,Automatic,REAR,Diesel,7.3,4,2,2,18999
Mitsubishi,Pajero,2017,SUV,Automatic,4WD,Diesel,9,4,4,7,39990
Mitsubishi,Outlander,2017,SUV,Automatic,FRONT,Unleaded,6.8,4,4,7,24950
Mitsubishi,Outlander,2017,SUV,Automatic,AWD,Hybrid,1.9,4,4,5,37888
Mitsubishi,Pajero,2017,SUV,Automatic,4WD,Diesel,9,4,4,7,33990
Mitsubishi,Triton,2017,Ute/Pickup,Manual,4WD,Diesel,7.2,4,4,5,24990
Mitsubishi,Lancer,2017,Sedan,Manual,FRONT,Unleaded,6.9,4,4,5,12999
Mitsubishi,Triton,2017,Ute/Pickup,Automatic,4WD,Diesel,7.6,4,4,5,28888
Mitsubishi,Triton,2017,Ute/Pickup,Automatic,4WD,Diesel,7.6,4,4,5,34990
Mitsubishi,Pajero,2017,SUV,Automatic,4WD,Diesel,8,4,4,7,42990
Mitsubishi,Pajero,2017,SUV,Automatic,4WD,Diesel,8,4,4,7,39888
Mitsubishi,Outlander,2017,SUV,Automatic,FRONT,Unleaded,6.6,4,4,5,27990
Mitsubishi,Outlander,2017,SUV,Automatic,AWD,Hybrid,1.9,4,4,5,43990
Mitsubishi,Triton,2017,Ute/Pickup,Automatic,4WD,Diesel,7.6,4,4,5,32999
Mitsubishi,Pajero,2017,SUV,Automatic,4WD,Diesel,8,4,4,5,35999
Mitsubishi,Lancer,2017,Sedan,Manual,FRONT,Unleaded,8.9,4,4,5,17950
Mitsubishi,Lancer,2017,Sedan,Automatic,FRONT,Unleaded,7.4,4,4,5,22990
Mitsubishi,Outlander,2017,SUV,Automatic,AWD,Hybrid,1.7,4,4,5,42990
Mitsubishi,Outlander,2017,SUV,Automatic,AWD,Diesel,6.2,4,4,7,25990
Mitsubishi,Outlander,2017,SUV,Automatic,FRONT,Unleaded,6.6,4,4,7,25990
Mitsubishi,Triton,2017,Ute/Pickup,Automatic,4WD,Diesel,7.6,4,4,5,29990
Mitsubishi,Triton,2017,Ute/Pickup,Automatic,4WD,Diesel,7.6,4,4,5,31940
Mitsubishi,Triton,2017,Ute/Pickup,Automatic,4WD,Diesel,7.6,4,4,5,32975
Mitsubishi,Triton,2017,Ute/Pickup,Automatic,4WD,Diesel,7.6,4,4,5,31369
Mitsubishi,Asx,2017,SUV,Automatic,FRONT,Unleaded,7.4,4,4,5,23990
Mitsubishi,Triton,2017,Ute/Pickup,Automatic,4WD,Diesel,7.6,4,4,5,27990
Mitsubishi,Lancer,2017,Sedan,Automatic,FRONT,Unleaded,7.4,4,4,5,23990
Mitsubishi,Triton,2017,Ute/Pickup,Manual,4WD,Diesel,7.2,4,4,5,27990
Mitsubishi,Asx,2017,SUV,Automatic,4WD,Diesel,6,4,4,5,22990
Mitsubishi,Triton,2017,Ute/Pickup,Automatic,4WD,Diesel,7.6,4,4,5,23513
Mitsubishi,Triton,2017,Ute/Pickup,Automatic,4WD,Diesel,7.6,4,4,5,35950
Mitsubishi,Triton,2017,Ute/Pickup,Automatic,4WD,Diesel,7.6,4,4,5,28990
Mitsubishi,Outlander,2017,SUV,Automatic,AWD,Unleaded,7.2,4,4,5,24555
Mitsubishi,Triton,2017,Ute/Pickup,Automatic,4WD,Diesel,7.6,4,4,5,27888
Mitsubishi,Triton,2017,Ute/Pickup,Manual,4WD,Diesel,7.2,4,4,5,29490
Mitsubishi,Outlander,2017,SUV,Automatic,FRONT,Unleaded,6.8,4,4,7,26990
Mitsubishi,Outlander,2017,SUV,Automatic,FRONT,Unleaded,6.8,4,4,7,23999
Mitsubishi,Outlander,2017,SUV,Automatic,FRONT,Unleaded,6.8,4,4,5,28996
Mitsubishi,Lancer,2017,Sedan,Automatic,FRONT,Unleaded,7.4,4,4,5,21990
Mitsubishi,Outlander,2017,SUV,Automatic,FRONT,Unleaded,6.8,4,4,7,22990
Mitsubishi,Lancer,2017,Sedan,Automatic,FRONT,Unleaded,7.4,4,4,5,21999
Mitsubishi,Triton,2017,Ute/Pickup,Manual,4WD,Diesel,7.2,4,4,5,39990
Mitsubishi,Pajero,2017,SUV,Automatic,4WD,Diesel,8,4,4,7,39705
Mitsubishi,Outlander,2017,SUV,Automatic,AWD,Unleaded,7.5,4,4,7,20879
Mitsubishi,Outlander,2017,SUV,Automatic,AWD,Diesel,6.2,4,4,7,28400
Mitsubishi,Outlander,2017,SUV,Automatic,FRONT,Unleaded,6.8,4,4,7,21990
Mitsubishi,Asx,2017,SUV,Automatic,FRONT,Unleaded,7.4,4,4,5,17990
Mitsubishi,Lancer,2017,Sedan,Automatic,FRONT,Unleaded,7.4,4,4,5,20980
Mitsubishi,Triton,2017,Ute/Pickup,Automatic,4WD,Diesel,7.6,4,4,5,31360
Mitsubishi,Outlander,2017,SUV,Automatic,FRONT,Unleaded,6.8,4,4,7,28990
Mitsubishi,Asx,2017,SUV,Automatic,FRONT,Unleaded,7.4,4,4,5,24590
Mitsubishi,Triton,2017,Ute/Pickup,Automatic,4WD,Diesel,7.6,4,4,5,32990
Mitsubishi,Outlander,2017,SUV,Automatic,AWD,Unleaded,7.5,4,4,5,16500
Mitsubishi,Triton,2017,Ute/Pickup,Manual,4WD,Diesel,7.2,4,4,5,32999
Mitsubishi,Triton,2017,Ute/Pickup,Automatic,4WD,Diesel,7.6,4,4,5,41870
Mitsubishi,Lancer,2017,Sedan,Automatic,FRONT,Unleaded,7.4,4,4,5,19990
Mitsubishi,Outlander,2017,SUV,Automatic,FRONT,Unleaded,6.6,4,4,7,30950
Mitsubishi,Asx,2017,SUV,Automatic,FRONT,Unleaded,7.4,4,4,5,19990
Mitsubishi,Pajero,2017,SUV,Automatic,4WD,Diesel,9,4,4,7,36255
Mitsubishi,Pajero,2017,SUV,Automatic,4WD,Diesel,9,4,4,7,41920
Mitsubishi,Outlander,2017,SUV,Automatic,FRONT,Unleaded,6.6,4,4,7,24990
Mitsubishi,Asx,2017,SUV,Automatic,FRONT,Unleaded,7.4,4,4,5,21990
Mitsubishi,Pajero,2017,SUV,Automatic,4WD,Diesel,8,4,4,7,35684
Mitsubishi,Pajero,2017,SUV,Automatic,4WD,Diesel,9,4,4,7,32990
Mitsubishi,Triton,2017,Ute/Pickup,Automatic,4WD,Diesel,7.6,4,4,5,36990
Mitsubishi,Triton,2017,Ute/Pickup,Automatic,4WD,Diesel,7.5,4,2,5,31999
Mitsubishi,Outlander,2017,SUV,Automatic,AWD,Unleaded,7.5,4,4,7,25950
Mitsubishi,Outlander,2017,SUV,Automatic,FRONT,Unleaded,6.8,4,4,7,25888
Mitsubishi,Triton,2017,Ute/Pickup,Manual,4WD,Diesel,7.2,4,4,5,31965
Mitsubishi,Triton,2017,Ute/Pickup,Manual,OTHER,-,NA,NA,NA,NA,24980
Mitsubishi,Outlander,2017,SUV,Automatic,FRONT,Unleaded,6.6,4,4,7,25992
Mitsubishi,Triton,2017,Ute/Pickup,Manual,REAR,Unleaded,10.9,4,2,2,27999
Mitsubishi,Outlander,2017,SUV,Automatic,AWD,Unleaded,7.5,4,4,7,27990
Mitsubishi,Eclipse,2017,SUV,Automatic,FRONT,Unleaded,7.3,4,4,5,18888
Mitsubishi,Triton,2017,Ute/Pickup,Automatic,4WD,Diesel,7.6,4,4,5,23990
Mitsubishi,Asx,2017,SUV,Automatic,FRONT,Unleaded,7.4,4,4,5,20990
Mitsubishi,Outlander,2017,SUV,Automatic,FRONT,Unleaded,6.6,4,4,7,23990
Mitsubishi,Pajero,2017,Wagon,Automatic,OTHER,Diesel,NA,NA,NA,NA,35990
Mitsubishi,Outlander,2017,Wagon,Automatic,OTHER,Unleaded,NA,NA,NA,NA,17990
Mitsubishi,Mirage,2018,Hatchback,Automatic,FRONT,Unleaded,4.7,3,5,5,14995
Mitsubishi,Pajero,2018,SUV,Automatic,4WD,Diesel,8,4,4,5,41990
Mitsubishi,Triton,2018,Ute/Pickup,Manual,4WD,Diesel,7.2,4,4,5,39990
Mitsubishi,Eclipse,2018,SUV,Automatic,FRONT,Unleaded,7.3,4,4,5,29999
Mitsubishi,Asx,2018,SUV,Automatic,FRONT,Unleaded,7.6,4,4,5,22999
Mitsubishi,Triton,2018,Ute/Pickup,Automatic,4WD,Diesel,7.6,4,4,5,23990
Mitsubishi,Asx,2018,SUV,Automatic,FRONT,Unleaded,7.6,4,4,5,23990
Mitsubishi,Asx,2018,SUV,Automatic,FRONT,Unleaded,7.6,4,4,5,25990
Mitsubishi,Triton,2018,Ute/Pickup,Manual,4WD,Diesel,7.2,4,4,5,27990
Mitsubishi,Triton,2018,Ute/Pickup,Automatic,4WD,Diesel,7.6,4,2,4,33888
Mitsubishi,Pajero,2018,SUV,Automatic,4WD,Diesel,8,4,4,7,44990
Mitsubishi,Outlander,2018,SUV,Automatic,FRONT,Unleaded,6.8,4,4,7,24900
Mitsubishi,Eclipse,2018,SUV,Automatic,FRONT,Unleaded,7.3,4,4,5,25999
Mitsubishi,Triton,2018,Ute/Pickup,Manual,4WD,Diesel,7.2,4,4,5,25990
Mitsubishi,Asx,2018,SUV,Automatic,FRONT,Unleaded,7.6,4,4,5,24999
Mitsubishi,Pajero,2018,SUV,Automatic,4WD,Diesel,9,4,4,7,39990
Mitsubishi,Pajero,2018,SUV,Automatic,4WD,Diesel,9,4,4,7,39900
Mitsubishi,Triton,2018,Ute/Pickup,Automatic,4WD,Diesel,7.6,4,4,5,44987
Mitsubishi,Triton,2018,Ute/Pickup,Automatic,4WD,Diesel,7.6,4,4,5,43800
Mitsubishi,Outlander,2018,SUV,Automatic,AWD,Diesel,6.2,4,4,7,29980
Mitsubishi,Triton,2018,Ute/Pickup,Automatic,4WD,Diesel,7.6,4,4,5,43888
Mitsubishi,Triton,2018,Ute/Pickup,Automatic,REAR,Diesel,7.5,4,4,5,25490
Mitsubishi,Triton,2018,Ute/Pickup,Manual,4WD,Diesel,7.2,4,4,5,31990
Mitsubishi,Triton,2018,Ute/Pickup,Manual,OTHER,Diesel,NA,NA,NA,NA,34990
Mitsubishi,Triton,2018,Ute/Pickup,Automatic,4WD,Diesel,7.6,4,4,5,32945
Mitsubishi,Asx,2018,SUV,Automatic,FRONT,Unleaded,7.6,4,4,5,23590
Mitsubishi,Triton,2018,Ute/Pickup,Manual,OTHER,Diesel,NA,NA,NA,NA,24990
Mitsubishi,Asx,2018,SUV,Automatic,FRONT,Unleaded,7.6,4,4,5,21999
Mitsubishi,Triton,2018,Ute/Pickup,Automatic,4WD,Diesel,7.6,4,4,5,39990
Mitsubishi,Triton,2018,Ute/Pickup,Automatic,4WD,Diesel,7.6,4,4,5,39999
Mitsubishi,Eclipse,2018,SUV,Automatic,FRONT,Unleaded,7.3,4,4,5,31990
Mitsubishi,Asx,2018,SUV,Automatic,FRONT,Unleaded,7.6,4,4,5,22990
Mitsubishi,Triton,2018,Ute/Pickup,Manual,4WD,Diesel,7.2,4,4,5,32913
Mitsubishi,Pajero,2018,SUV,Automatic,4WD,Diesel,8,4,4,7,41830
Mitsubishi,Triton,2018,Ute/Pickup,Automatic,4WD,Diesel,7.6,4,4,5,29990
Mitsubishi,Triton,2018,Ute/Pickup,Manual,OTHER,Diesel,NA,NA,NA,NA,28280
Mitsubishi,Triton,2018,Ute/Pickup,Manual,4WD,Diesel,7.2,4,4,5,37980
Mitsubishi,Outlander,2018,SUV,Automatic,FRONT,Unleaded,6.8,4,4,7,26830
Mitsubishi,Asx,2018,SUV,Automatic,4WD,Diesel,6,4,4,5,24990
Mitsubishi,Triton,2018,Ute/Pickup,Automatic,4WD,Diesel,7.6,4,4,5,39888
Mitsubishi,Asx,2018,SUV,Automatic,FRONT,Unleaded,7.6,4,4,5,24905
Mitsubishi,Pajero,2018,SUV,Automatic,4WD,Diesel,8,4,4,7,41750
Mitsubishi,Outlander,2018,SUV,Automatic,AWD,Unleaded,7.2,4,4,7,27930
Mitsubishi,Asx,2018,SUV,Automatic,FRONT,Unleaded,7.6,4,4,5,25490
Mitsubishi,Triton,2018,Ute/Pickup,Automatic,4WD,Diesel,7.6,4,4,5,37470
Mitsubishi,Asx,2018,SUV,Automatic,FRONT,Unleaded,7.6,4,4,5,22490
Mitsubishi,Eclipse,2018,SUV,Automatic,FRONT,Unleaded,7.3,4,4,5,28990
Mitsubishi,Outlander,2018,SUV,Automatic,FRONT,Unleaded,6.8,4,4,7,30900
Mitsubishi,Asx,2018,SUV,Automatic,FRONT,Unleaded,7.6,4,4,5,23999
Mitsubishi,Pajero,2018,SUV,Automatic,4WD,Diesel,8,4,4,7,44995
Mitsubishi,Pajero,2018,SUV,Automatic,4WD,Diesel,8,4,4,7,43888
Mitsubishi,Outlander,2018,SUV,Automatic,AWD,Unleaded,7.2,4,4,7,28990
Mitsubishi,Outlander,2018,SUV,Automatic,AWD,Unleaded,7.2,4,4,5,26990
Mitsubishi,Outlander,2018,SUV,Automatic,FRONT,Unleaded,6.8,4,4,7,29990
Mitsubishi,Asx,2018,SUV,Automatic,FRONT,Unleaded,7.6,4,4,5,25950
Mitsubishi,Triton,2018,Ute/Pickup,Automatic,4WD,Diesel,7.6,4,4,5,36998
Mitsubishi,Triton,2018,Ute/Pickup,Automatic,4WD,Diesel,7.6,4,4,5,48888
Mitsubishi,Triton,2018,Ute/Pickup,Automatic,REAR,Diesel,7.5,4,4,5,33749
Mitsubishi,Triton,2018,Ute/Pickup,Automatic,4WD,Diesel,7.6,4,4,5,35990
Mitsubishi,Triton,2018,Ute/Pickup,Automatic,4WD,Diesel,7.6,4,4,5,31749
Mitsubishi,Eclipse,2018,SUV,Automatic,FRONT,Unleaded,7.3,4,4,5,27990
Mitsubishi,Triton,2018,Ute/Pickup,Automatic,REAR,Diesel,7.3,4,2,2,30850
Mitsubishi,Asx,2018,SUV,Automatic,FRONT,Unleaded,7.6,4,4,5,24890
Mitsubishi,Asx,2018,SUV,Automatic,FRONT,Unleaded,7.6,4,4,5,29990
Mitsubishi,Outlander,2018,SUV,Manual,FRONT,Unleaded,7,4,4,5,25990
Mitsubishi,Outlander,2018,SUV,Automatic,FRONT,Unleaded,6.8,4,4,7,30909
Mitsubishi,Pajero,2018,SUV,Automatic,4WD,Diesel,9,4,4,7,48990
Mitsubishi,Asx,2018,SUV,Automatic,FRONT,Unleaded,7.6,4,4,5,24970
Mitsubishi,Outlander,2018,SUV,Automatic,AWD,Hybrid,1.7,4,4,5,39990
Mitsubishi,Outlander,2018,SUV,Automatic,AWD,Unleaded,7.2,4,4,7,27865
Mitsubishi,Outlander,2018,SUV,Automatic,FRONT,Unleaded,6.8,4,4,7,29855
Mitsubishi,Triton,2018,Ute/Pickup,Automatic,4WD,Diesel,7.6,4,4,5,38990
Mitsubishi,Asx,2018,SUV,Automatic,FRONT,Unleaded,7.6,4,4,5,25790
Mitsubishi,Pajero,2018,SUV,Automatic,4WD,Diesel,8,4,4,7,45990
Mitsubishi,Eclipse,2018,SUV,Automatic,FRONT,Unleaded,7.3,4,4,5,26990
Mitsubishi,Asx,2018,SUV,Automatic,FRONT,Unleaded,7.6,4,4,5,27990
Mitsubishi,Outlander,2018,SUV,Automatic,AWD,Unleaded,7.2,4,4,5,27990
Mitsubishi,Eclipse,2018,SUV,Automatic,FRONT,Unleaded,7.3,4,4,5,24990
Mitsubishi,Triton,2018,Ute/Pickup,Automatic,4WD,Diesel,7.6,4,2,4,34990
Mitsubishi,Eclipse,2018,SUV,Automatic,AWD,Unleaded,7.7,4,4,5,29910
Mitsubishi,Outlander,2018,SUV,Automatic,AWD,Diesel,6.2,4,4,7,34980
Mitsubishi,Pajero,2018,SUV,Automatic,4WD,Diesel,9,4,4,7,41490
Mitsubishi,Outlander,2018,SUV,Automatic,FRONT,Unleaded,6.8,4,4,7,25863
Mitsubishi,Eclipse,2018,SUV,Automatic,FRONT,Unleaded,7.3,4,4,5,29980
Mitsubishi,Outlander,2018,SUV,Automatic,AWD,Unleaded,7.2,4,4,7,28999
Mitsubishi,Triton,2018,Ute/Pickup,Manual,4WD,Diesel,7.2,4,4,5,41999
Mitsubishi,Pajero,2018,SUV,Automatic,4WD,Diesel,8,4,4,7,45995
Mitsubishi,Asx,2018,SUV,Automatic,FRONT,Unleaded,7.6,4,4,5,24984
Mitsubishi,Pajero,2018,SUV,Automatic,4WD,Diesel,8,4,4,5,43999
Mitsubishi,Outlander,2018,SUV,Automatic,FRONT,Unleaded,6.8,4,4,7,24998
Mitsubishi,Triton,2018,Ute/Pickup,Automatic,4WD,Diesel,7.6,4,4,5,32998
Mitsubishi,Outlander,2018,SUV,Automatic,AWD,Unleaded,7.2,4,4,7,27999
Mitsubishi,Outlander,2018,SUV,Automatic,FRONT,Unleaded,6.8,4,4,5,22000
Mitsubishi,Triton,2018,Ute/Pickup,Automatic,OTHER,Diesel,NA,NA,NA,NA,35990
Mitsubishi,Pajero,2018,SUV,Automatic,4WD,Diesel,8,4,4,5,32950
Mitsubishi,Triton,2018,Ute/Pickup,Automatic,4WD,Diesel,7.6,4,4,5,42990
Mitsubishi,Fuso,2018,Ute/Pickup,Automatic,OTHER,Diesel,NA,NA,NA,NA,67990
Mitsubishi,Triton,2018,Ute/Pickup,Manual,4WD,Diesel,7.2,4,4,5,40888
Mitsubishi,Triton,2018,Ute/Pickup,Automatic,4WD,Diesel,7.6,4,4,5,34926
Mitsubishi,Triton,2018,Ute/Pickup,Automatic,4WD,Diesel,7.6,4,4,5,39645
Mitsubishi,Outlander,2018,SUV,Automatic,AWD,Unleaded,7.2,4,4,5,27290
Mitsubishi,Outlander,2018,SUV,Automatic,FRONT,Unleaded,6.8,4,4,5,19988
Mitsubishi,Asx,2019,SUV,Automatic,FRONT,Unleaded,7.6,4,4,5,25990
Mitsubishi,Asx,2019,SUV,Automatic,FRONT,Unleaded,7.6,4,4,5,24990
Mitsubishi,Triton,2019,Ute/Pickup,Manual,4WD,Diesel,7.9,4,4,5,45990
Mitsubishi,Asx,2019,SUV,Automatic,FRONT,Unleaded,7.6,4,4,5,26990
Mitsubishi,Asx,2019,SUV,Automatic,FRONT,Unleaded,7.6,4,4,5,19999
Mitsubishi,Triton,2019,Ute/Pickup,Automatic,4WD,Diesel,7.6,4,4,5,47990
Mitsubishi,Pajero,2019,SUV,Automatic,4WD,Diesel,8,4,4,7,39990
Mitsubishi,Triton,2019,Ute/Pickup,Automatic,REAR,Diesel,7.5,4,4,5,31950
Mitsubishi,Outlander,2019,SUV,Automatic,FRONT,Unleaded,6.8,4,4,7,28790
Mitsubishi,Asx,2019,SUV,Automatic,FRONT,Unleaded,7.6,4,4,5,23911
Mitsubishi,Asx,2019,SUV,Automatic,FRONT,Unleaded,7.6,4,4,5,26888
Mitsubishi,Eclipse,2019,SUV,Automatic,FRONT,Unleaded,7.3,4,4,5,28990
Mitsubishi,Asx,2019,SUV,Automatic,FRONT,Unleaded,7.6,4,4,5,24950
Mitsubishi,Outlander,2019,SUV,Automatic,FRONT,Unleaded,7.2,4,4,7,31990
Mitsubishi,Triton,2019,Ute/Pickup,Manual,4WD,Diesel,7.2,4,4,5,37990
Mitsubishi,Pajero,2019,SUV,Automatic,4WD,Diesel,8,4,4,7,56490
Mitsubishi,Outlander,2019,SUV,Automatic,AWD,Unleaded,7.2,4,4,7,29999
Mitsubishi,Triton,2019,Ute/Pickup,Automatic,4WD,Diesel,7.6,4,4,5,38888
Mitsubishi,Outlander,2019,SUV,Automatic,FRONT,Unleaded,6.8,4,4,7,24100
Mitsubishi,Outlander,2019,SUV,Automatic,FRONT,Unleaded,6.8,4,4,7,29888
Mitsubishi,Triton,2019,Ute/Pickup,Automatic,4WD,Diesel,7.6,4,4,5,43990
Mitsubishi,Triton,2019,Ute/Pickup,Automatic,OTHER,Diesel,NA,NA,NA,NA,39990
Mitsubishi,Triton,2019,Ute/Pickup,Manual,OTHER,Diesel,NA,NA,NA,NA,37990
Mitsubishi,Triton,2019,Ute/Pickup,Manual,4WD,Diesel,7.9,4,4,5,39990
Mitsubishi,Outlander,2019,SUV,Automatic,AWD,Unleaded,7.2,4,4,7,30900
Mitsubishi,Eclipse,2019,SUV,Automatic,AWD,Unleaded,7.7,4,4,5,24999
Mitsubishi,Outlander,2019,SUV,Automatic,FRONT,Unleaded,6.8,4,4,7,28990
Mitsubishi,Eclipse,2019,SUV,Automatic,FRONT,Unleaded,7.3,4,4,5,30990
Mitsubishi,Triton,2019,Ute/Pickup,Manual,4WD,Diesel,7.2,4,4,5,45890
Mitsubishi,Outlander,2019,SUV,Automatic,FRONT,Unleaded,6.8,4,4,7,30990
Mitsubishi,Asx,2019,SUV,Automatic,FRONT,Unleaded,7.6,4,4,5,26890
Mitsubishi,Pajero,2019,SUV,Automatic,OTHER,Diesel,NA,NA,NA,NA,33999
Mitsubishi,Outlander,2019,SUV,Automatic,FRONT,Unleaded,6.8,4,4,7,34875
Mitsubishi,Outlander,2019,SUV,Automatic,FRONT,Unleaded,6.8,4,4,7,29750
Mitsubishi,Triton,2019,Ute/Pickup,Automatic,4WD,Diesel,8.6,4,4,5,38999
Mitsubishi,Triton,2019,Ute/Pickup,Manual,4WD,Diesel,7.2,4,4,5,41900
Mitsubishi,Asx,2019,SUV,Automatic,FRONT,Unleaded,7.6,4,4,5,27500
Mitsubishi,Triton,2019,Ute/Pickup,Automatic,4WD,Diesel,7.6,4,4,5,39990
Mitsubishi,Outlander,2019,SUV,Automatic,FRONT,Unleaded,7.2,4,4,7,34260
Mitsubishi,Pajero,2019,SUV,Automatic,4WD,Diesel,8,4,4,7,48499
Mitsubishi,Triton,2019,Ute/Pickup,Automatic,4WD,Diesel,7.5,4,2,5,34990
Mitsubishi,Triton,2019,Ute/Pickup,Automatic,4WD,Diesel,7.6,4,4,5,47894
Mitsubishi,Asx,2019,SUV,Automatic,FRONT,Unleaded,7.6,4,4,5,29560
Mitsubishi,Pajero,2019,SUV,Automatic,4WD,Diesel,8,4,4,7,43990
Mitsubishi,Asx,2019,SUV,Automatic,FRONT,Unleaded,7.9,4,4,5,35990
Mitsubishi,Asx,2019,SUV,Automatic,FRONT,Unleaded,7.6,4,4,5,29990
Mitsubishi,Outlander,2019,SUV,Automatic,FRONT,Unleaded,6.8,4,4,7,30490
Mitsubishi,Asx,2019,SUV,Automatic,FRONT,Unleaded,7.6,4,4,5,25950
Mitsubishi,Asx,2019,SUV,Automatic,FRONT,Unleaded,7.6,4,4,5,27990
Mitsubishi,Eclipse,2019,SUV,Automatic,FRONT,Unleaded,7.3,4,4,5,29950
Mitsubishi,Triton,2019,Ute/Pickup,Automatic,4WD,Diesel,7.6,4,4,5,41990
Mitsubishi,Outlander,2019,SUV,Automatic,AWD,Unleaded,7.2,4,4,5,31880
Mitsubishi,Asx,2019,SUV,Automatic,FRONT,Unleaded,7.6,4,4,5,25880
Mitsubishi,Triton,2019,Ute/Pickup,Automatic,4WD,Diesel,7.6,4,4,5,42990
Mitsubishi,Asx,2019,SUV,Automatic,FRONT,Unleaded,7.6,4,4,5,23499
Mitsubishi,Asx,2019,SUV,Automatic,FRONT,Unleaded,7.6,4,4,5,28990
Mitsubishi,Outlander,2019,SUV,Automatic,AWD,Unleaded,7.2,4,4,7,31950
Mitsubishi,Triton,2019,Ute/Pickup,Manual,4WD,Diesel,7.9,4,4,5,40980
Mitsubishi,Outlander,2019,SUV,Automatic,AWD,Unleaded,7.2,4,4,7,31450
Mitsubishi,Outlander,2019,SUV,Automatic,FRONT,Unleaded,7.2,4,4,7,24990
Mitsubishi,Outlander,2019,SUV,Automatic,AWD,Unleaded,7.2,4,4,5,29990
Mitsubishi,Eclipse,2019,SUV,Automatic,FRONT,Unleaded,7.3,4,4,5,26999
Mitsubishi,Outlander,2019,SUV,Automatic,FRONT,Unleaded,6.8,4,4,7,26498
Mitsubishi,Triton,2019,Ute/Pickup,Automatic,4WD,Diesel,8.6,4,4,5,40990
Mitsubishi,Outlander,2019,SUV,Automatic,AWD,Unleaded,7.2,4,4,7,29950
Mitsubishi,Outlander,2019,SUV,Automatic,FRONT,Unleaded,6.8,4,4,7,27498
Mitsubishi,Eclipse,2019,SUV,Automatic,FRONT,Unleaded,7.3,4,4,5,27832
Mitsubishi,Eclipse,2019,SUV,Automatic,FRONT,Unleaded,7.3,4,4,5,26990
Mitsubishi,Triton,2019,Ute/Pickup,Manual,4WD,Diesel,7.2,4,4,5,36980
Mitsubishi,Outlander,2019,SUV,Automatic,FRONT,Unleaded,6.8,4,4,7,28490
Mitsubishi,Eclipse,2019,SUV,Automatic,AWD,Unleaded,7.7,4,4,5,34990
Mitsubishi,Triton,2019,Ute/Pickup,Automatic,4WD,Diesel,7.6,4,4,5,39490
Mitsubishi,Triton,2019,Ute/Pickup,Manual,4WD,Diesel,7.2,4,4,5,38990
Mitsubishi,Triton,2019,Ute/Pickup,Manual,4WD,Diesel,7.2,4,4,5,43880
Mitsubishi,Asx,2019,SUV,Automatic,FRONT,Unleaded,7.6,4,4,5,22990
Mitsubishi,Outlander,2019,SUV,Automatic,FRONT,Unleaded,6.8,4,4,7,26988
Mitsubishi,Asx,2019,SUV,Automatic,FRONT,Unleaded,7.6,4,4,5,23990
Mitsubishi,Pajero,2019,Wagon,Automatic,OTHER,Diesel,NA,NA,NA,NA,41990
Mitsubishi,Eclipse,2019,SUV,Automatic,FRONT,Unleaded,7.3,4,4,5,26850
Mitsubishi,Outlander,2019,SUV,Automatic,AWD,Diesel,6.2,4,4,7,37977
Mitsubishi,Triton,2019,Ute/Pickup,Automatic,4WD,Diesel,7.6,4,4,5,46990
Mitsubishi,Outlander,2019,SUV,Automatic,AWD,Unleaded,7.2,4,4,7,28999
Mitsubishi,Pajero,2019,SUV,Automatic,4WD,Diesel,9,4,4,7,49999
Mitsubishi,Asx,2019,SUV,Automatic,FRONT,Unleaded,7.6,4,4,5,26999
Mitsubishi,Asx,2019,SUV,Automatic,FRONT,Unleaded,7.6,4,4,5,31999
Mitsubishi,Pajero,2019,SUV,Automatic,4WD,Diesel,9,4,4,7,38888
Mitsubishi,Asx,2019,SUV,Automatic,FRONT,Unleaded,7.6,4,4,5,24988
Mitsubishi,Triton,2019,Ute/Pickup,Automatic,REAR,Diesel,7.5,4,4,5,39999
Mitsubishi,Outlander,2019,SUV,Automatic,AWD,Unleaded,7.2,4,4,7,29977
Mitsubishi,Pajero,2019,SUV,Automatic,4WD,Diesel,8,4,4,7,46888
Mitsubishi,Pajero,2019,SUV,Automatic,4WD,Diesel,9,4,4,7,44999
Mitsubishi,Asx,2019,SUV,Automatic,FRONT,Unleaded,7.6,4,4,5,28970
Mitsubishi,Outlander,2019,SUV,Automatic,AWD,Unleaded,7.2,4,4,7,26990
Mitsubishi,Asx,2019,SUV,Automatic,FRONT,Unleaded,7.6,4,4,5,22488
Mitsubishi,Eclipse,2019,SUV,Automatic,FRONT,Unleaded,7.3,4,4,5,29995
Mitsubishi,Triton,2019,Ute/Pickup,Automatic,4WD,Diesel,7.6,4,4,5,45999
Mitsubishi,Pajero,2019,SUV,Automatic,4WD,Diesel,9,4,4,7,45888
Mitsubishi,Triton,2019,Ute/Pickup,Automatic,4WD,Diesel,8.6,4,4,5,39970
Mitsubishi,Eclipse,2019,SUV,Automatic,FRONT,Unleaded,7.3,4,4,5,27990
Mitsubishi,Outlander,2019,SUV,Automatic,FRONT,Unleaded,7.2,4,4,7,29990
Mitsubishi,Outlander,2019,SUV,Automatic,AWD,Diesel,6.2,4,4,7,43990
Mitsubishi,Triton,2020,Ute/Pickup,Automatic,REAR,Diesel,8.3,4,2,2,33990
Mitsubishi,Eclipse,2020,SUV,Automatic,FRONT,Unleaded,7.3,4,4,5,28777
Mitsubishi,Asx,2020,SUV,Automatic,FRONT,Unleaded,7.6,4,4,5,25999
Mitsubishi,Asx,2020,SUV,Automatic,FRONT,Unleaded,7.6,4,4,5,23887
Mitsubishi,Outlander,2020,SUV,Automatic,FRONT,Unleaded,7.2,4,4,7,26990
Mitsubishi,Eclipse,2020,SUV,Automatic,FRONT,Unleaded,7.3,4,4,5,27290
Mitsubishi,Asx,2020,SUV,Automatic,FRONT,Unleaded,7.6,4,4,5,25290
Mitsubishi,Asx,2020,SUV,Automatic,FRONT,Unleaded,7.6,4,4,5,26999
Mitsubishi,Outlander,2020,SUV,Automatic,AWD,Unleaded,7.2,4,4,7,28900
Mitsubishi,Triton,2020,Ute/Pickup,Automatic,4WD,Diesel,8.6,4,4,5,42998
Mitsubishi,Triton,2020,Ute/Pickup,Automatic,4WD,Diesel,8.6,4,4,5,59999
Mitsubishi,Asx,2020,SUV,Automatic,FRONT,Unleaded,7.6,4,4,5,24990
Mitsubishi,Outlander,2020,SUV,Automatic,AWD,Unleaded,7.2,4,4,7,28888
Mitsubishi,Triton,2020,Ute/Pickup,Automatic,4WD,Diesel,8.6,4,4,5,52990
Mitsubishi,Eclipse,2020,SUV,Automatic,FRONT,Unleaded,7.3,4,4,5,29990
Mitsubishi,Outlander,2020,SUV,Automatic,FRONT,Unleaded,7.2,4,4,7,29975
Mitsubishi,Asx,2020,SUV,Automatic,FRONT,Unleaded,7.6,4,4,5,25990
Mitsubishi,Asx,2020,SUV,Automatic,FRONT,Unleaded,7.9,4,4,5,32490
Mitsubishi,Asx,2020,SUV,Automatic,FRONT,Unleaded,7.9,4,4,5,34990
Mitsubishi,Outlander,2020,SUV,Automatic,AWD,Unleaded,7.2,4,4,7,29990
Mitsubishi,Pajero,2020,SUV,Automatic,4WD,Diesel,8,4,4,7,50990
Mitsubishi,Asx,2020,SUV,Automatic,FRONT,Unleaded,7.6,4,4,5,26490
Mitsubishi,Triton,2020,Ute/Pickup,Automatic,4WD,Diesel,8.6,4,4,5,48990
Mitsubishi,Outlander,2020,SUV,Automatic,FRONT,Unleaded,7.2,4,4,7,31990
Mitsubishi,Outlander,2020,SUV,Automatic,FRONT,Unleaded,7.2,4,4,7,30990
Mitsubishi,Asx,2020,SUV,Automatic,FRONT,Unleaded,7.6,4,4,5,29888
Mitsubishi,Asx,2020,SUV,Automatic,FRONT,Unleaded,7.6,4,4,5,31990
Mitsubishi,Triton,2020,Ute/Pickup,Automatic,4WD,Diesel,8.6,4,4,5,46888
Mitsubishi,Outlander,2020,SUV,Automatic,AWD,Unleaded,7.2,4,4,7,28670
Mitsubishi,Asx,2020,NA,Automatic,OTHER,-,NA,NA,NA,NA,29990
Mitsubishi,Triton,2020,Ute/Pickup,Automatic,4WD,Diesel,8.6,4,4,5,51990
Mitsubishi,Outlander,2020,SUV,Automatic,AWD,Unleaded,7.2,4,4,7,31771
Mitsubishi,Asx,2020,SUV,Automatic,FRONT,Unleaded,7.6,4,4,5,25980
Mitsubishi,Outlander,2020,SUV,Automatic,AWD,Diesel,6.2,4,4,7,35990
Mitsubishi,Eclipse,2020,SUV,Automatic,FRONT,Unleaded,7.3,4,4,5,26490
Mitsubishi,Outlander,2020,SUV,Automatic,AWD,Unleaded,7.2,4,4,5,31990
Mitsubishi,Outlander,2020,SUV,Automatic,FRONT,Unleaded,7.2,4,4,7,28990
Mitsubishi,Eclipse,2020,SUV,Automatic,FRONT,Unleaded,7.3,4,4,5,31490
Mitsubishi,Asx,2020,SUV,Automatic,FRONT,Unleaded,7.6,4,4,5,27990
Mitsubishi,Outlander,2020,SUV,Automatic,AWD,Unleaded,7.2,4,4,7,30990
Mitsubishi,Asx,2020,SUV,Automatic,FRONT,Unleaded,7.9,4,4,5,31888
Mitsubishi,Triton,2020,Ute/Pickup,Automatic,4WD,Diesel,8.6,4,4,5,56705
Mitsubishi,Pajero,2020,SUV,Automatic,4WD,Diesel,8,4,4,7,49890
Mitsubishi,Triton,2020,Ute/Pickup,Automatic,FRONT,Diesel,8.4,4,4,5,39980
Mitsubishi,Asx,2020,SUV,Automatic,FRONT,Unleaded,7.6,4,4,5,28990
Mitsubishi,Asx,2020,SUV,Automatic,FRONT,Unleaded,7.6,4,4,5,26990
Mitsubishi,Asx,2020,SUV,Automatic,FRONT,Unleaded,7.9,4,4,5,34267
Mitsubishi,Eclipse,2020,SUV,Automatic,FRONT,Unleaded,7.3,4,4,5,29999
Mitsubishi,Triton,2020,Ute/Pickup,Automatic,4WD,Diesel,8.6,4,4,5,47490
Mitsubishi,Express,2020,Commercial,Automatic,REAR,Diesel,7.3,4,4,3,40990
Mitsubishi,Triton,2020,Ute/Pickup,Manual,REAR,Unleaded,11.4,4,2,2,25990
Mitsubishi,Triton,2020,Ute/Pickup,Automatic,4WD,Diesel,8.6,4,2,2,40880
Mitsubishi,Outlander,2020,SUV,Automatic,AWD,Unleaded,7.2,4,4,7,28990
Mitsubishi,Triton,2020,Ute/Pickup,Automatic,4WD,Diesel,8.6,4,4,5,43990
Mitsubishi,Pajero,2020,SUV,Automatic,4WD,Diesel,8,4,4,7,43990
Mitsubishi,Triton,2020,Ute/Pickup,Automatic,4WD,Diesel,8.6,4,4,5,39980
Mitsubishi,Outlander,2020,SUV,Automatic,FRONT,Unleaded,7.2,4,4,7,28977
Mitsubishi,Eclipse,2020,SUV,Automatic,FRONT,Unleaded,7.3,4,4,5,27999
Mitsubishi,Asx,2020,SUV,Automatic,FRONT,Unleaded,7.6,4,4,5,28490
Mitsubishi,Outlander,2020,SUV,Automatic,AWD,Unleaded,7.2,4,4,5,26990
Mitsubishi,Asx,2020,SUV,Automatic,FRONT,Unleaded,7.6,4,4,5,27888
Mitsubishi,Outlander,2020,SUV,Automatic,AWD,Unleaded,7.2,4,4,7,33990
Mitsubishi,Asx,2020,SUV,Automatic,FRONT,Unleaded,7.6,4,4,5,23488
Mitsubishi,Pajero,2020,SUV,Automatic,4WD,Diesel,8,4,4,7,53999
Mitsubishi,Outlander,2020,SUV,Automatic,FRONT,Unleaded,7.2,4,4,7,29977
Mitsubishi,Triton,2020,Ute/Pickup,Automatic,4WD,Diesel,8.6,4,4,5,50970
Mitsubishi,Outlander,2020,SUV,Automatic,FRONT,Unleaded,7.2,4,4,7,29990
Mitsubishi,Outlander,2020,SUV,Automatic,FRONT,Unleaded,7.2,4,4,7,35988
Mitsubishi,Express,2020,Commercial,Automatic,REAR,Diesel,7.3,4,4,3,42995
Mitsubishi,Asx,2020,SUV,Automatic,FRONT,Unleaded,7.6,4,4,5,26580
Mitsubishi,Triton,2020,Ute/Pickup,Automatic,4WD,Diesel,8.6,4,4,5,43981
Mitsubishi,Express,2020,Commercial,Automatic,REAR,Diesel,7.3,4,4,3,46998
Mitsubishi,Asx,2020,SUV,Automatic,FRONT,Unleaded,7.6,4,4,5,25780
Mitsubishi,Outlander,2020,SUV,Automatic,FRONT,Unleaded,7.2,4,4,7,33990
Mitsubishi,Asx,2020,SUV,Automatic,FRONT,Unleaded,7.6,4,4,5,27688
Mitsubishi,Triton,2020,Ute/Pickup,Manual,4WD,Diesel,7.9,4,4,5,46994
Mitsubishi,Pajero,2020,SUV,Automatic,4WD,Diesel,9.1,4,4,7,63989
Mitsubishi,Triton,2020,Ute/Pickup,Automatic,4WD,Diesel,8.6,4,2,4,39800
Mitsubishi,Asx,2020,SUV,Automatic,FRONT,Unleaded,7.6,4,4,5,26400
Mitsubishi,Outlander,2021,SUV,Automatic,AWD,Unleaded,7.2,4,4,5,30888
Mitsubishi,Asx,2021,SUV,Automatic,FRONT,Unleaded,7.6,4,4,5,28888
Mitsubishi,Asx,2021,SUV,Automatic,FRONT,Unleaded,7.6,4,4,5,27990
Mitsubishi,Asx,2021,SUV,Automatic,FRONT,Unleaded,7.6,4,4,5,29990
Mitsubishi,Asx,2021,SUV,Automatic,FRONT,Unleaded,7.6,4,4,5,26888
Mitsubishi,Mirage,2021,Hatchback,Automatic,FRONT,Unleaded,4.7,3,5,5,17850
Mitsubishi,Outlander,2021,SUV,Automatic,AWD,Unleaded,8.1,4,4,7,56990
Mitsubishi,Outlander,2021,SUV,Automatic,FRONT,Unleaded,7.2,4,4,7,29990
Mitsubishi,Asx,2021,SUV,Automatic,FRONT,Unleaded,7.6,4,4,5,28990
Mitsubishi,Triton,2021,Ute/Pickup,Automatic,4WD,Diesel,8.6,4,4,5,49990
Mitsubishi,Asx,2021,SUV,Automatic,FRONT,Unleaded,7.6,4,4,5,24888
Mitsubishi,Outlander,2021,SUV,Automatic,FRONT,Unleaded,7.2,4,4,7,29290
Mitsubishi,Outlander,2021,SUV,Automatic,FRONT,Unleaded,7.7,4,4,7,39490
Mitsubishi,Outlander,2021,SUV,Automatic,FRONT,Unleaded,7.7,4,4,7,38990
Mitsubishi,Pajero,2021,SUV,Automatic,4WD,Diesel,8,4,4,5,47990
Mitsubishi,Outlander,2021,SUV,Automatic,FRONT,Unleaded,7.2,4,4,7,28990
Mitsubishi,Asx,2021,SUV,Automatic,FRONT,Unleaded,7.6,4,4,5,26488
Mitsubishi,Asx,2021,SUV,Automatic,FRONT,Unleaded,7.6,4,4,5,24670
Mitsubishi,Outlander,2021,SUV,Automatic,FRONT,Unleaded,7.2,4,4,7,39990
Mitsubishi,Outlander,2021,SUV,Automatic,FRONT,Unleaded,7.7,4,4,7,40490
Mitsubishi,Outlander,2021,SUV,Automatic,AWD,Unleaded,7.2,4,4,7,31980
Mitsubishi,Asx,2021,SUV,Automatic,FRONT,Unleaded,7.6,4,4,5,26980
Mitsubishi,Eclipse,2021,SUV,Automatic,FRONT,Unleaded,7.3,4,4,5,29980
Mitsubishi,Outlander,2021,SUV,Automatic,FRONT,Unleaded,7.2,4,4,7,29888
Mitsubishi,Triton,2021,Ute/Pickup,Automatic,4WD,Diesel,8.6,4,4,5,48990
Mitsubishi,Outlander,2021,SUV,Automatic,AWD,Unleaded,7.2,4,4,7,33888
Mitsubishi,Asx,2021,SUV,Automatic,FRONT,Unleaded,7.6,4,4,5,28995
Mitsubishi,Mirage,2021,Hatchback,Automatic,FRONT,Unleaded,4.7,3,5,5,18999
Mitsubishi,Pajero,2021,SUV,Automatic,4WD,Diesel,9.1,4,4,7,54990
Mitsubishi,Outlander,2021,SUV,Automatic,AWD,Unleaded,7.2,4,4,7,34990
Mitsubishi,Triton,2021,Ute/Pickup,Automatic,FRONT,Diesel,8.4,4,4,5,47990
Mitsubishi,Triton,2021,NA,Automatic,OTHER,-,NA,NA,NA,NA,47990
Mitsubishi,Outlander,2021,SUV,Automatic,FRONT,Unleaded,7.2,4,4,7,34990
Mitsubishi,Outlander,2021,SUV,Automatic,AWD,Unleaded,7.2,4,4,7,33750
Mitsubishi,Outlander,2021,SUV,Automatic,AWD,Unleaded,7.2,4,4,7,31990
Mitsubishi,Outlander,2021,SUV,Automatic,AWD,Unleaded,7.2,4,4,7,38990
Mitsubishi,Outlander,2021,SUV,Automatic,AWD,Unleaded,7.2,4,4,7,32990
Mitsubishi,Mirage,2021,Hatchback,Automatic,FRONT,Unleaded,4.7,3,5,5,17990
Mitsubishi,Triton,2021,Ute/Pickup,Automatic,4WD,Diesel,8.6,4,4,5,53900
Mitsubishi,Pajero,2021,SUV,Automatic,4WD,Diesel,8,4,4,7,52950
Mitsubishi,Triton,2021,Ute/Pickup,Automatic,4WD,Diesel,8.6,4,4,5,43990
Mitsubishi,Pajero,2021,SUV,Automatic,4WD,Diesel,8,4,4,7,51950
Mitsubishi,Eclipse,2021,SUV,Automatic,AWD,-,1.9,4,4,5,56950
Mitsubishi,Triton,2021,Ute/Pickup,Automatic,4WD,Diesel,8.6,4,4,4,59980
Mitsubishi,Asx,2021,SUV,Automatic,FRONT,Unleaded,7.6,4,4,5,29980
Mitsubishi,Pajero,2021,SUV,Automatic,4WD,Diesel,8,4,4,7,56990
Mitsubishi,Pajero,2021,SUV,Automatic,4WD,Diesel,8,4,4,7,48868
Mitsubishi,Asx,2021,SUV,Automatic,FRONT,Unleaded,7.6,4,4,5,26890
Mitsubishi,Asx,2021,SUV,Automatic,FRONT,Unleaded,7.6,4,4,5,25980
Mitsubishi,Outlander,2021,SUV,Automatic,AWD,Unleaded,8.1,4,4,7,42990
Mitsubishi,Asx,2021,SUV,Automatic,FRONT,Unleaded,7.6,4,4,5,31999
Mitsubishi,Outlander,2021,SUV,Automatic,FRONT,Unleaded,7.2,4,4,7,35999
Mitsubishi,Eclipse,2021,SUV,Automatic,FRONT,Unleaded,7.3,4,4,5,39990
Mitsubishi,Outlander,2021,SUV,Automatic,FRONT,Unleaded,7.2,4,4,7,31977
Mitsubishi,Asx,2021,SUV,Automatic,FRONT,Unleaded,7.6,4,4,5,27888
Mitsubishi,Outlander,2021,SUV,Automatic,AWD,Unleaded,7.2,4,4,7,33990
Mitsubishi,Eclipse,2021,SUV,Automatic,FRONT,Unleaded,7.3,4,4,5,34990
Mitsubishi,Outlander,2021,SUV,Automatic,AWD,Unleaded,7.2,4,4,7,30965
Mitsubishi,Triton,2021,Ute/Pickup,Automatic,4WD,Diesel,8.6,4,4,5,54668
Mitsubishi,Asx,2021,SUV,Automatic,FRONT,Unleaded,7.6,4,4,5,22850
Mitsubishi,Pajero,2021,SUV,Automatic,4WD,Diesel,8,4,4,7,50888
Mitsubishi,Pajero,2021,SUV,Automatic,4WD,Diesel,8,4,4,7,53880
Mitsubishi,Asx,2021,SUV,Automatic,FRONT,Unleaded,7.6,4,4,5,25998
Mitsubishi,Asx,2021,SUV,Automatic,FRONT,Unleaded,7.6,4,4,5,22888
Mitsubishi,Asx,2021,SUV,Automatic,FRONT,Unleaded,7.6,4,4,5,25290
Mitsubishi,Eclipse,2021,SUV,Automatic,AWD,-,1.9,4,4,5,48987
Mitsubishi,Asx,2021,SUV,Automatic,FRONT,Unleaded,7.6,4,4,5,25480
Mitsubishi,Asx,2021,SUV,Automatic,FRONT,Unleaded,7.6,4,4,5,25490
Mitsubishi,Pajero,2021,SUV,Automatic,4WD,Diesel,8,4,4,7,49800
Mitsubishi,Asx,2021,SUV,Automatic,FRONT,Unleaded,7.6,4,4,5,25888
Mitsubishi,Triton,2021,Ute/Pickup,Manual,4WD,Diesel,7.9,4,4,5,44999
Mitsubishi,Outlander,2022,SUV,Automatic,AWD,Unleaded,8.1,4,4,7,58480
Mitsubishi,Triton,2022,Ute/Pickup,Automatic,4WD,Diesel,8.6,4,4,5,61888
Mitsubishi,Triton,2022,Ute/Pickup,Manual,4WD,Diesel,7.9,4,4,5,49999
Mitsubishi,Eclipse,2022,SUV,Automatic,AWD,-,1.9,4,4,5,56800
Mitsubishi,Triton,2022,Ute/Pickup,Automatic,4WD,Diesel,8.6,4,4,5,55999
Mitsubishi,Outlander,2022,Wagon,Automatic,FRONT,Unleaded,NA,NA,NA,NA,38858
Mitsubishi,Outlander,2022,SUV,Automatic,AWD,Unleaded,8.1,4,4,7,51990
Mitsubishi,Triton,2022,Ute/Pickup,Automatic,4WD,Diesel,8.6,4,4,5,49998
Mitsubishi,Outlander,2022,SUV,Automatic,FRONT,Unleaded,7.7,4,4,7,39990
Mitsubishi,Outlander,2022,SUV,Automatic,FRONT,Unleaded,7.7,4,4,7,41990
Mitsubishi,Eclipse,2022,SUV,Automatic,FRONT,Unleaded,7.3,4,4,5,34987
Mitsubishi,Asx,2022,SUV,Automatic,FRONT,Unleaded,7.6,4,4,5,31990
Mitsubishi,Outlander,2022,SUV,Automatic,FRONT,Unleaded,7.7,4,4,7,49950
Mitsubishi,Triton,2022,Ute/Pickup,Automatic,4WD,Diesel,8.6,4,4,5,51990
Mitsubishi,Triton,2022,Ute/Pickup,Automatic,4WD,Diesel,8.6,4,4,5,52990
Mitsubishi,Outlander,2022,SUV,Automatic,FRONT,Unleaded,7.5,4,4,5,38502
Mitsubishi,Eclipse,2022,SUV,Automatic,FRONT,Unleaded,7.3,4,4,5,44500
Mitsubishi,Triton,2022,Ute/Pickup,Automatic,4WD,Diesel,8.6,4,4,5,71850
Mitsubishi,Pajero,2022,SUV,Automatic,4WD,Diesel,8,4,4,7,58780
Mitsubishi,Triton,2022,Ute/Pickup,Manual,4WD,Diesel,7.9,4,2,2,43990
Mitsubishi,Triton,2022,Ute/Pickup,Automatic,4WD,Diesel,8.6,4,4,5,55990
Mitsubishi,Asx,2022,SUV,Automatic,FRONT,Unleaded,7.6,4,4,5,32930
Mitsubishi,Outlander,2022,SUV,Automatic,AWD,Unleaded,8.1,4,4,7,58990
Mitsubishi,Triton,2022,Ute/Pickup,Automatic,4WD,Diesel,8.6,4,4,5,52998
Mitsubishi,Triton,2022,Ute/Pickup,Automatic,4WD,Diesel,8.6,4,4,5,67990
Mitsubishi,Triton,2022,Ute/Pickup,Automatic,4WD,Diesel,8.6,4,4,5,60880
Mitsubishi,Triton,2022,Ute/Pickup,Automatic,4WD,Diesel,8.6,4,4,5,65888
Mitsubishi,Triton,2022,Ute/Pickup,Automatic,4WD,Diesel,8.6,4,4,5,50990
Mitsubishi,Express,2022,Commercial,Automatic,FRONT,Diesel,7.3,4,4,3,50490
Mitsubishi,Asx,2022,SUV,Automatic,FRONT,Unleaded,7.6,4,4,5,28990
Mitsubishi,Outlander,2022,SUV,Automatic,AWD,Unleaded,8.1,4,4,7,58640
Mitsubishi,Outlander,2022,SUV,Automatic,AWD,Unleaded,8.1,4,4,7,46000
Mitsubishi,Pajero,2022,SUV,Automatic,4WD,Diesel,8,4,4,7,63280
Mitsubishi,Eclipse,2022,SUV,Automatic,AWD,-,1.9,4,4,5,51290
Mitsubishi,Outlander,2022,SUV,Automatic,AWD,Unleaded,8.1,4,4,7,62412
Mitsubishi,Pajero,2022,SUV,Automatic,4WD,Diesel,8,4,4,7,62990
Mitsubishi,Eclipse,2022,SUV,Automatic,FRONT,Unleaded,7.3,4,4,5,39990
Mitsubishi,Eclipse,2023,SUV,Automatic,AWD,-,7.7,4,4,5,37990
Mitsubishi,Outlander,2023,SUV,Automatic,AWD,Unleaded,8.1,4,4,7,55999
Mitsubishi,Outlander,2023,SUV,Automatic,FRONT,Unleaded,7.7,4,4,7,46999
Mitsubishi,Triton,2023,Ute/Pickup,Automatic,4WD,Diesel,8.6,4,4,5,44480
Mitsubishi,Triton,2023,Ute/Pickup,Automatic,4WD,Diesel,8.6,4,4,5,45880
Mitsubishi,Triton,2023,Ute/Pickup,Automatic,4WD,Diesel,8.6,4,4,5,54760
Mitsubishi,Pajero,2023,Wagon,Automatic,OTHER,Diesel,NA,NA,NA,NA,68990
Mitsubishi,Outlander,2023,SUV,Automatic,FRONT,Unleaded,7.7,4,4,7,47760
Mitsubishi,Outlander,2023,SUV,Automatic,FRONT,Unleaded,7.7,4,4,7,46990
Mitsubishi,Outlander,2023,SUV,Automatic,FRONT,Unleaded,7.6,4,4,7,41990
Mitsubishi,Triton,2023,Ute/Pickup,Automatic,4WD,Diesel,8.6,4,4,5,60823
Mitsubishi,Triton,2023,Ute/Pickup,Automatic,4WD,Diesel,8.6,4,4,5,56725
Mitsubishi,Triton,2023,Ute/Pickup,Automatic,4WD,Diesel,8.6,4,4,5,62280
Mitsubishi,Pajero,2023,SUV,Automatic,4WD,Diesel,8,4,4,5,54990
Mitsubishi,Outlander,2023,SUV,Automatic,AWD,Unleaded,8.1,4,4,7,60990
Mitsubishi,Triton,2023,Ute/Pickup,Automatic,4WD,Diesel,8.6,4,4,5,65490
Mitsubishi,Outlander,2023,SUV,Automatic,FRONT,Unleaded,7.5,4,4,5,52990
Mitsubishi,Triton,2023,Ute/Pickup,Automatic,4WD,Diesel,8.6,4,4,5,57490
Mitsubishi,Outlander,2023,SUV,Automatic,FRONT,Unleaded,7.5,4,4,5,43650
Mitsubishi,Triton,2023,Ute/Pickup,Automatic,REAR,Diesel,8.4,4,4,5,44240
Mitsubishi,Eclipse,2023,SUV,Automatic,AWD,-,1.9,4,4,5,61420
Mitsubishi,Triton,2023,Ute/Pickup,Automatic,4WD,Diesel,8.6,4,4,5,65940
Mitsubishi,Outlander,2023,SUV,Automatic,FRONT,Unleaded,7.7,4,4,7,46250
Mitsubishi,Triton,2023,Ute/Pickup,Automatic,4WD,Diesel,8.6,4,4,4,53532
Mitsubishi,Triton,2023,Ute/Pickup,Automatic,4WD,Diesel,8.6,4,4,5,52230
Mitsubishi,Outlander,2023,SUV,Automatic,FRONT,Unleaded,7.7,4,4,7,46770
Mitsubishi,Asx,2023,SUV,Automatic,FRONT,Unleaded,7.6,4,4,5,26240
Mitsubishi,Eclipse,2023,SUV,Automatic,AWD,-,7.7,4,4,5,36740
Mitsubishi,Eclipse,2023,SUV,Automatic,FRONT,-,7.3,4,4,5,35490
Mitsubishi,Outlander,2023,SUV,Automatic,AWD,Unleaded,8.1,4,4,7,54490
Mitsubishi,Eclipse,2023,SUV,Automatic,AWD,-,1.9,4,4,5,55990
Mitsubishi,Triton,2023,Ute/Pickup,Manual,4WD,Diesel,7.9,4,4,4,39940
Mitsubishi,Triton,2023,Ute/Pickup,Manual,4WD,Diesel,7.9,4,4,5,49690
Mitsubishi,Outlander,2023,SUV,Automatic,FRONT,Unleaded,7.5,4,4,5,43870
Mitsubishi,Triton,2023,Ute/Pickup,Automatic,4WD,Diesel,8.6,4,4,5,52710
Mitsubishi,Triton,2023,Ute/Pickup,Automatic,4WD,Diesel,8.6,4,4,5,59990
Mitsubishi,Triton,2023,Ute/Pickup,Automatic,4WD,Diesel,8.6,4,4,5,59230
Mitsubishi,Triton,2023,Ute/Pickup,Automatic,4WD,Diesel,8.6,4,4,5,65740
Mitsubishi,Triton,2023,Ute/Pickup,Automatic,4WD,Diesel,8.6,4,4,5,56430
Mitsubishi,Triton,2023,Ute/Pickup,Automatic,4WD,Diesel,8.6,4,4,5,65790
Mitsubishi,Triton,2023,Ute/Pickup,Automatic,4WD,Diesel,8.6,4,4,5,52900
Mitsubishi,Triton,2023,Ute/Pickup,Automatic,4WD,Diesel,8.6,4,4,4,48990
Nissan,Qashqai,2014,SUV,Automatic,FRONT,Unleaded,6.9,4,4,5,19990
Nissan,X-Trail,2014,SUV,Automatic,FRONT,Unleaded,7.9,4,4,5,10999
Nissan,Juke,2014,SUV,Automatic,FRONT,Premium,6.3,4,4,5,19880
Nissan,Navara,2014,Ute/Pickup,Manual,OTHER,-,NA,NA,NA,NA,26888
Nissan,Altima,2014,Sedan,Automatic,FRONT,Unleaded,7.5,4,4,5,14880
Nissan,X-Trail,2014,SUV,Automatic,4WD,Unleaded,8.3,4,4,5,14990
Nissan,Serena,2014,Commercial,Automatic,FRONT,Unleaded,NA,NA,NA,NA,22900
Nissan,Navara,2014,Ute/Pickup,Manual,4WD,Diesel,9.2,4,4,5,14998
Nissan,Navara,2014,Ute/Pickup,Manual,4WD,Diesel,9.8,4,4,5,18950
Nissan,Pulsar,2014,Sedan,Automatic,FRONT,Unleaded,6.7,4,4,5,10950
Nissan,X-Trail,2014,SUV,Automatic,FRONT,Unleaded,7.9,4,4,7,22888
Nissan,Navara,2014,Ute/Pickup,Automatic,REAR,Diesel,9.8,4,4,5,13999
Nissan,Serena,2014,Wagon,Automatic,OTHER,Unleaded,NA,NA,NA,NA,24999
Nissan,X-Trail,2014,SUV,Automatic,FRONT,Diesel,5.3,4,4,5,19990
Nissan,X-Trail,2014,SUV,Automatic,4WD,Unleaded,8.3,4,4,5,17990
Nissan,X-Trail,2014,SUV,Manual,FRONT,Unleaded,8.2,4,4,5,16771
Nissan,Leaf,2014,Hatchback,-,OTHER,Electric,NA,NA,NA,NA,17995
Nissan,Serena,2014,Commercial,Automatic,OTHER,Other,NA,NA,NA,NA,22995
Nissan,Juke,2014,SUV,Manual,FRONT,Premium,6.9,4,4,5,14990
Nissan,Serena,2014,Wagon,Automatic,OTHER,-,NA,NA,NA,NA,21888
Nissan,Navara,2014,Ute/Pickup,Manual,4WD,Diesel,9.2,4,4,5,14990
Nissan,X-Trail,2014,SUV,Automatic,FRONT,Unleaded,7.9,4,4,5,18888
Nissan,Navara,2014,Ute/Pickup,Manual,REAR,Diesel,NA,NA,NA,NA,18990
Nissan,Qashqai,2014,SUV,Automatic,FRONT,Unleaded,6.9,4,4,5,19986
Nissan,Navara,2014,Ute/Pickup,Manual,4WD,Diesel,9.2,4,4,5,16413
Nissan,Navara,2014,Ute/Pickup,Automatic,4WD,Diesel,10.5,4,4,5,22990
Nissan,Pulsar,2014,Hatchback,Automatic,FRONT,Unleaded,6.7,4,5,5,12990
Nissan,X-Trail,2014,SUV,Automatic,FRONT,Unleaded,7.9,4,4,5,17999
Nissan,Navara,2014,Ute/Pickup,Manual,4WD,Diesel,9.2,4,4,5,19890
Nissan,Qashqai,2014,SUV,Automatic,FRONT,Unleaded,6.9,4,4,5,21990
Nissan,Juke,2014,SUV,Automatic,FRONT,Premium,6.3,4,4,5,18950
Nissan,Pathfinder,2014,SUV,Automatic,FRONT,Premium,9.9,6,4,7,19999
Nissan,Navara,2014,Ute/Pickup,Automatic,4WD,Diesel,10.5,4,4,5,24999
Nissan,Qashqai,2014,SUV,Automatic,FRONT,Unleaded,6.9,4,4,5,19950
Nissan,Navara,2014,Ute/Pickup,Manual,4WD,Diesel,9.2,4,4,5,25990
Nissan,Qashqai,2014,SUV,Automatic,FRONT,Diesel,4.9,4,4,5,18999
Nissan,X-Trail,2014,SUV,Automatic,FRONT,Unleaded,7.9,4,4,5,21990
Nissan,X-Trail,2014,SUV,Automatic,FRONT,Unleaded,7.9,4,4,5,18290
Nissan,Pulsar,2014,Hatchback,Automatic,FRONT,Unleaded,6.7,4,5,5,13499
Nissan,Juke,2014,SUV,Automatic,FRONT,Premium,6.3,4,4,5,15990
Nissan,Navara,2014,Ute/Pickup,Manual,4WD,Diesel,9.8,4,4,5,19999
Nissan,X-Trail,2014,SUV,Automatic,FRONT,Unleaded,7.9,4,4,7,14988
Nissan,Navara,2014,Ute/Pickup,Manual,4WD,Diesel,9.8,4,4,5,15999
Nissan,Qashqai,2014,SUV,Manual,FRONT,Unleaded,7.7,4,4,5,14990
Nissan,Pulsar,2014,Sedan,Automatic,FRONT,Unleaded,6.7,4,4,5,15990
Nissan,Pathfinder,2014,Wagon,Automatic,OTHER,Unleaded,NA,NA,NA,NA,25990
Nissan,X-Trail,2014,SUV,Automatic,FRONT,Unleaded,7.9,4,4,5,17990
Nissan,Pathfinder,2014,SUV,Automatic,FRONT,Premium,9.9,6,4,7,23888
Nissan,Navara,2014,Ute/Pickup,Manual,4WD,Diesel,9.2,4,4,5,17990
Nissan,Navara,2014,Ute/Pickup,Manual,4WD,Diesel,9.8,4,4,5,19990
Nissan,Dualis,2014,Wagon,Automatic,OTHER,-,NA,NA,NA,NA,11999
Nissan,Pulsar,2014,Sedan,Automatic,FRONT,Unleaded,6.7,4,4,5,13990
Nissan,Qashqai,2014,SUV,Automatic,FRONT,Unleaded,6.9,4,4,5,24990
Nissan,Navara,2014,Ute/Pickup,Manual,4WD,Diesel,9.8,4,4,5,21995
Nissan,Navara,2014,Ute/Pickup,Automatic,4WD,Diesel,10.5,4,4,5,22995
Nissan,Juke,2014,SUV,Manual,FRONT,Premium,6,4,4,5,14950
Nissan,Nv350,2014,Commercial,Automatic,REAR,Diesel,NA,NA,6,NA,29995
Nissan,Pathfinder,2014,SUV,Automatic,FRONT,Premium,9.9,6,4,7,29990
Nissan,E20,2014,Hatchback,Automatic,FRONT,Unleaded,NA,NA,5,NA,13500
Nissan,X-Trail,2014,SUV,Manual,4WD,Diesel,5.3,4,4,5,18990
Nissan,Pulsar,2015,Sedan,Automatic,FRONT,Unleaded,6.7,4,4,5,14776
Nissan,X-Trail,2015,SUV,Automatic,FRONT,Diesel,5.3,4,4,5,19888
Nissan,X-Trail,2015,SUV,Automatic,FRONT,Unleaded,7.9,4,4,7,22990
Nissan,Qashqai,2015,SUV,Automatic,FRONT,Unleaded,6.9,4,4,5,23990
Nissan,X-Trail,2015,SUV,Automatic,FRONT,Unleaded,7.9,4,4,5,14900
Nissan,Pulsar,2015,Sedan,Automatic,FRONT,Unleaded,6.7,4,4,5,16984
Nissan,X-Trail,2015,SUV,Automatic,4WD,Unleaded,8.3,4,4,5,19999
Nissan,Caravan,2015,Commercial,Automatic,OTHER,-,NA,NA,NA,NA,21888
Nissan,Serena,2015,Wagon,Automatic,OTHER,Unleaded,NA,NA,NA,NA,23888
Nissan,Serena,2015,Wagon,Automatic,OTHER,Unleaded,NA,NA,NA,NA,26999
Nissan,Pathfinder,2015,SUV,Automatic,FRONT,Premium,9.9,6,4,7,18880
Nissan,X-Trail,2015,Wagon,Automatic,OTHER,Diesel,NA,NA,NA,NA,22999
Nissan,Navara,2015,Ute/Pickup,Manual,4WD,Diesel,6.5,4,4,5,36990
Nissan,X-Trail,2015,SUV,Automatic,4WD,Unleaded,8.3,4,4,5,18990
Nissan,X-Trail,2015,SUV,Automatic,4WD,Unleaded,8.3,4,4,5,22990
Nissan,Caravan,2015,Commercial,Manual,OTHER,Unleaded,NA,NA,NA,NA,19888
Nissan,Pulsar,2015,Sedan,Automatic,FRONT,Unleaded,6.7,4,4,5,14990
Nissan,Serena,2015,Wagon,Automatic,OTHER,Unleaded,NA,NA,NA,NA,24888
Nissan,Pathfinder,2015,SUV,Automatic,FRONT,Premium,9.9,6,4,7,13990
Nissan,Navara,2015,Ute/Pickup,Automatic,4WD,Diesel,7,4,4,5,28500
Nissan,Qashqai,2015,SUV,Automatic,FRONT,Unleaded,6.9,4,4,5,15990
Nissan,Patrol,2015,SUV,Automatic,4WD,Diesel,11.8,4,4,7,49990
Nissan,Qashqai,2015,SUV,Automatic,FRONT,Unleaded,6.9,4,4,5,20390
Nissan,Pathfinder,2015,SUV,Automatic,FRONT,Premium,9.9,6,4,7,19990
Nissan,Navara,2015,Ute/Pickup,Manual,4WD,Diesel,6.5,4,4,5,36986
Nissan,Patrol,2015,SUV,Automatic,4WD,Diesel,11.8,4,4,7,47990
Nissan,Navara,2015,Ute/Pickup,Manual,REAR,Diesel,6.3,4,4,5,23990
Nissan,Navara,2015,Ute/Pickup,Automatic,4WD,Diesel,7,4,4,5,29990
Nissan,Navara,2015,Ute/Pickup,Manual,4WD,Diesel,6.6,4,2,2,27990
Nissan,Serena,2015,Wagon,Automatic,OTHER,-,NA,NA,NA,NA,21990
Nissan,Pulsar,2015,Sedan,Automatic,FRONT,Unleaded,6.7,4,4,5,12830
Nissan,Patrol,2015,SUV,Manual,4WD,Diesel,10.9,4,4,7,47990
Nissan,Navara,2015,Ute/Pickup,Automatic,4WD,Diesel,7.1,4,4,5,24990
Nissan,X-Trail,2015,SUV,Automatic,FRONT,Unleaded,7.9,4,4,5,19990
Nissan,Patrol,2015,SUV,Automatic,4WD,Diesel,11.8,4,4,7,43885
Nissan,Navara,2015,Ute/Pickup,Manual,REAR,Diesel,6.4,4,2,2,21990
Nissan,X-Trail,2015,SUV,Automatic,FRONT,Unleaded,7.9,4,4,5,22868
Nissan,Pathfinder,2015,SUV,Automatic,FRONT,Hybrid,8.4,4,4,7,23888
Nissan,Pathfinder,2015,SUV,Automatic,FRONT,Premium,9.9,6,4,7,28999
Nissan,Pathfinder,2015,SUV,Automatic,FRONT,Premium,9.9,6,4,7,23990
Nissan,Pathfinder,2015,SUV,Automatic,FRONT,Premium,9.9,6,4,7,21990
Nissan,X-Trail,2015,SUV,Automatic,FRONT,Unleaded,7.9,4,4,5,18750
Nissan,X-Trail,2015,SUV,Automatic,FRONT,Unleaded,7.9,4,4,5,17746
Nissan,X-Trail,2015,Wagon,-,OTHER,-,NA,NA,NA,NA,29950
Nissan,Qashqai,2015,SUV,Automatic,FRONT,Diesel,4.9,4,4,5,21990
Nissan,Navara,2015,Ute/Pickup,Manual,OTHER,-,NA,NA,NA,NA,31990
Nissan,X-Trail,2015,SUV,Automatic,FRONT,Unleaded,7.9,4,4,5,17886
Nissan,X-Trail,2015,SUV,Automatic,FRONT,Unleaded,7.9,4,4,5,17978
Nissan,Pathfinder,2015,SUV,Automatic,FRONT,Premium,9.9,6,4,7,23868
Nissan,X-Trail,2015,SUV,Automatic,FRONT,Unleaded,7.9,4,4,7,17999
Nissan,Pathfinder,2015,SUV,Automatic,4WD,Premium,10.2,6,4,7,26990
Nissan,Pathfinder,2015,SUV,Automatic,4WD,Premium,10.2,6,4,7,26888
Nissan,Navara,2015,Ute/Pickup,Automatic,REAR,Diesel,6.8,4,4,5,16990
Nissan,Pulsar,2015,Hatchback,Manual,FRONT,Premium,7.7,4,5,5,14990
Nissan,Pathfinder,2015,SUV,Automatic,FRONT,Premium,9.9,6,4,7,24479
Nissan,Qashqai,2015,SUV,Automatic,FRONT,Unleaded,6.9,4,4,5,19990
Nissan,X-Trail,2015,SUV,Automatic,FRONT,Unleaded,7.9,4,4,5,18500
Nissan,370z,2015,Convertible,Automatic,REAR,Premium,10.9,6,2,2,41990
Nissan,Micra,2015,Hatchback,Manual,FRONT,Unleaded,5.9,3,5,5,13395
Nissan,X-Trail,2015,SUV,Automatic,FRONT,Unleaded,7.9,4,4,5,21888
Nissan,Navara,2015,Ute/Pickup,Manual,OTHER,Diesel,NA,NA,NA,NA,29999
Nissan,Altima,2015,Sedan,Automatic,FRONT,Unleaded,7.5,4,4,5,18965
Nissan,Navara,2015,Ute/Pickup,Manual,REAR,Diesel,6.3,4,4,5,26990
Nissan,Juke,2015,SUV,Automatic,FRONT,Premium,6.3,4,4,5,12999
Nissan,Navara,2015,Ute/Pickup,Manual,4WD,Diesel,6.5,4,4,5,41999
Nissan,Juke,2015,SUV,Automatic,FRONT,Premium,6.3,4,4,5,19990
Nissan,Navara,2015,Ute/Pickup,Automatic,4WD,Diesel,7,4,2,4,32921
Nissan,Navara,2015,Ute/Pickup,Automatic,4WD,Diesel,7,4,4,5,32990
Nissan,Navara,2015,Ute/Pickup,Automatic,4WD,Diesel,7,4,4,5,33000
Nissan,Navara,2015,Ute/Pickup,Manual,4WD,Diesel,9.2,4,4,5,21990
Nissan,Pathfinder,2015,SUV,Automatic,4WD,Premium,10.2,6,4,7,22888
Nissan,370z,2015,Coupe,Automatic,REAR,Premium,10.4,6,2,2,37999
Nissan,Pathfinder,2015,SUV,Automatic,4WD,Premium,10.2,6,4,7,29990
Nissan,Navara,2015,Ute/Pickup,Automatic,4WD,Diesel,7,4,4,5,26999
Nissan,X-Trail,2015,Wagon,Automatic,OTHER,-,NA,NA,NA,NA,29995
Nissan,X-Trail,2015,SUV,Automatic,FRONT,Diesel,5.3,4,4,5,19999
Nissan,X-Trail,2015,SUV,Automatic,FRONT,Unleaded,7.9,4,4,5,21987
Nissan,Navara,2016,Ute/Pickup,Automatic,4WD,Diesel,7,4,4,5,21290
Nissan,X-Trail,2016,SUV,Automatic,FRONT,Unleaded,7.9,4,4,5,23950
Nissan,Pathfinder,2016,SUV,Automatic,FRONT,Premium,10,6,4,7,24990
Nissan,Pathfinder,2016,SUV,Automatic,4WD,Premium,10.2,6,4,7,21990
Nissan,X-Trail,2016,SUV,Automatic,4WD,Unleaded,8.3,4,4,5,20690
Nissan,X-Trail,2016,SUV,Automatic,4WD,Unleaded,8.3,4,4,5,21990
Nissan,Navara,2016,Ute/Pickup,Automatic,4WD,Diesel,7,4,4,5,45990
Nissan,X-Trail,2016,SUV,Automatic,4WD,Unleaded,8.3,4,4,5,16413
Nissan,Pulsar,2016,Sedan,Automatic,FRONT,Unleaded,6.7,4,4,5,12990
Nissan,Navara,2016,Ute/Pickup,Manual,4WD,Diesel,6.6,4,2,2,17999
Nissan,Navara,2016,Ute/Pickup,Automatic,4WD,Diesel,7,4,2,4,33990
Nissan,Navara,2016,Ute/Pickup,Automatic,4WD,Diesel,7,4,4,5,41990
Nissan,Navara,2016,Ute/Pickup,Manual,REAR,Diesel,6.3,4,4,5,28990
Nissan,Navara,2016,Ute/Pickup,Manual,FRONT,Diesel,6.4,4,2,4,19888
Nissan,Qashqai,2016,SUV,Automatic,FRONT,Unleaded,6.9,4,4,5,22990
Nissan,Patrol,2016,SUV,Manual,4WD,Diesel,10.9,4,4,7,39990
Nissan,Navara,2016,Ute/Pickup,Automatic,4WD,Diesel,7.1,4,4,5,29975
Nissan,Navara,2016,Ute/Pickup,Manual,4WD,Diesel,6.6,4,4,5,29990
Nissan,Navara,2016,Ute/Pickup,Automatic,4WD,Diesel,7,4,4,5,44771
Nissan,X-Trail,2016,SUV,Automatic,FRONT,Diesel,5.3,4,4,5,16990
Nissan,X-Trail,2016,SUV,Automatic,FRONT,Diesel,5.3,4,4,5,25990
Nissan,Navara,2016,Ute/Pickup,Manual,4WD,Diesel,6.5,4,4,5,26990
Nissan,X-Trail,2016,SUV,Automatic,4WD,Unleaded,8.3,4,4,5,24490
Nissan,X-Trail,2016,SUV,Automatic,FRONT,Unleaded,7.9,4,4,5,19990
Nissan,Navara,2016,Ute/Pickup,Manual,REAR,Diesel,6.6,4,2,2,23986
Nissan,X-Trail,2016,SUV,Automatic,FRONT,Unleaded,7.9,4,4,5,23990
Nissan,Navara,2016,Ute/Pickup,Manual,REAR,Unleaded,9.9,4,4,5,29990
Nissan,X-Trail,2016,SUV,Automatic,4WD,Unleaded,8.3,4,4,5,27990
Nissan,Juke,2016,SUV,Automatic,FRONT,Premium,6.3,4,4,5,19990
Nissan,Pathfinder,2016,SUV,Automatic,4WD,Premium,10.3,6,4,7,29888
Nissan,X-Trail,2016,SUV,Automatic,FRONT,Unleaded,7.9,4,4,5,21990
Nissan,Juke,2016,SUV,Automatic,FRONT,Premium,6.3,4,4,5,14990
Nissan,X-Trail,2016,SUV,Automatic,FRONT,Unleaded,7.9,4,4,5,23705
Nissan,Juke,2016,SUV,Automatic,AWD,Premium,6.5,4,4,5,17900
Nissan,Navara,2016,Ute/Pickup,Automatic,REAR,Diesel,6.9,4,4,5,30990
Nissan,X-Trail,2016,SUV,Automatic,FRONT,Unleaded,7.9,4,4,5,26999
Nissan,370z,2016,Convertible,Automatic,REAR,Premium,10.9,6,2,2,46990
Nissan,Qashqai,2016,SUV,Automatic,FRONT,Diesel,4.9,4,4,5,26888
Nissan,Navara,2016,Ute/Pickup,Automatic,REAR,Diesel,6.8,4,4,5,28990
Nissan,Cube,2016,Wagon,Automatic,OTHER,-,NA,NA,NA,NA,22000
Nissan,Caravan,2016,Commercial,-,OTHER,-,NA,NA,NA,NA,31950
Nissan,Pulsar,2016,Sedan,Automatic,FRONT,Unleaded,6.7,4,4,5,14990
Nissan,X-Trail,2016,SUV,Automatic,FRONT,Diesel,5.3,4,4,5,25880
Nissan,Qashqai,2016,SUV,Automatic,FRONT,Unleaded,6.9,4,4,5,26990
Nissan,Qashqai,2016,SUV,Automatic,FRONT,Unleaded,6.9,4,4,5,21990
Nissan,X-Trail,2016,SUV,Automatic,4WD,Unleaded,8.3,4,4,5,22990
Nissan,X-Trail,2016,SUV,Automatic,4WD,Unleaded,8.3,4,4,5,26990
Nissan,370z,2016,Coupe,Automatic,REAR,Premium,10.4,6,2,2,42990
Nissan,Patrol,2016,SUV,Automatic,4WD,Diesel,11.8,4,4,7,51990
Nissan,Navara,2016,Ute/Pickup,Automatic,4WD,Diesel,7.1,4,4,5,29789
Nissan,Navara,2016,Ute/Pickup,Manual,4WD,Diesel,6.5,4,4,5,38888
Nissan,Navara,2016,Ute/Pickup,Automatic,4WD,Diesel,7.1,4,4,5,36990
Nissan,Qashqai,2017,SUV,Automatic,FRONT,Unleaded,6.9,4,4,5,28888
Nissan,Navara,2017,Ute/Pickup,Automatic,4WD,Diesel,7,4,4,5,34990
Nissan,X-Trail,2017,SUV,Automatic,FRONT,Unleaded,8.1,4,4,7,26990
Nissan,Pathfinder,2017,SUV,Automatic,FRONT,Premium,9.9,6,4,7,22987
Nissan,Navara,2017,Ute/Pickup,Manual,REAR,Diesel,NA,NA,NA,NA,20995
Nissan,Qashqai,2017,SUV,Automatic,FRONT,Unleaded,6.9,4,4,5,23995
Nissan,Pathfinder,2017,SUV,Automatic,FRONT,Premium,9.9,6,4,7,24990
Nissan,Qashqai,2017,SUV,Automatic,FRONT,Unleaded,6.9,4,4,5,27990
Nissan,X-Trail,2017,SUV,Automatic,FRONT,Unleaded,7.9,4,4,5,25990
Nissan,Note,2017,Hatchback,Automatic,OTHER,Premium,NA,NA,NA,NA,22888
Nissan,Qashqai,2017,SUV,Automatic,FRONT,Unleaded,6.9,4,4,5,27987
Nissan,Qashqai,2017,SUV,Automatic,FRONT,Unleaded,6.9,4,4,5,23990
Nissan,X-Trail,2017,SUV,Automatic,4WD,Unleaded,8.3,4,4,5,30988
Nissan,X-Trail,2017,SUV,Automatic,4WD,Unleaded,8.3,4,4,5,25990
Nissan,Navara,2017,Ute/Pickup,Manual,OTHER,Diesel,NA,NA,NA,NA,39990
Nissan,X-Trail,2017,SUV,Manual,FRONT,Unleaded,8.2,4,4,5,20980
Nissan,Caravan,2017,Commercial,-,OTHER,Diesel,NA,NA,NA,NA,21995
Nissan,X-Trail,2017,SUV,Automatic,FRONT,Unleaded,7.9,4,4,7,23950
Nissan,Qashqai,2017,SUV,Automatic,FRONT,Unleaded,6.9,4,4,5,24990
Nissan,Leaf,2017,Hatchback,Automatic,OTHER,-,NA,NA,NA,NA,24995
Nissan,X-Trail,2017,SUV,Automatic,4WD,Unleaded,8.3,4,4,5,27888
Nissan,Navara,2017,Ute/Pickup,Manual,4WD,Diesel,6.5,4,4,5,34990
Nissan,X-Trail,2017,SUV,Automatic,FRONT,Unleaded,7.9,4,4,5,24986
Nissan,Qashqai,2017,SUV,Automatic,FRONT,Diesel,4.9,4,4,5,22890
Nissan,X-Trail,2017,SUV,Automatic,4WD,Diesel,6,4,4,5,30990
Nissan,Navara,2017,Ute/Pickup,Automatic,4WD,Diesel,7,4,4,5,36990
Nissan,Navara,2017,Ute/Pickup,Automatic,4WD,Diesel,7,4,4,5,27913
Nissan,Qashqai,2017,SUV,Automatic,FRONT,Unleaded,6.9,4,4,5,22888
Nissan,Navara,2017,Ute/Pickup,Automatic,REAR,Diesel,6.8,4,4,5,23490
Nissan,X-Trail,2017,SUV,Automatic,4WD,Unleaded,8.3,4,4,5,24930
Nissan,X-Trail,2017,SUV,Automatic,4WD,Unleaded,8.3,4,4,5,31990
Nissan,Pathfinder,2017,SUV,Automatic,FRONT,Premium,9.9,6,4,7,34705
Nissan,X-Trail,2017,SUV,Automatic,FRONT,Unleaded,7.9,4,4,5,26900
Nissan,Pathfinder,2017,SUV,Automatic,4WD,Premium,10.1,6,4,7,39705
Nissan,Qashqai,2017,SUV,Automatic,FRONT,Unleaded,6.9,4,4,5,19500
Nissan,Navara,2017,Ute/Pickup,Automatic,4WD,Diesel,7,4,4,5,40990
Nissan,Qashqai,2017,SUV,Automatic,FRONT,Unleaded,6.9,4,4,5,20988
Nissan,X-Trail,2017,SUV,Automatic,FRONT,Unleaded,7.9,4,4,5,24990
Nissan,X-Trail,2017,SUV,Automatic,FRONT,Unleaded,7.9,4,4,5,29990
Nissan,Navara,2017,Ute/Pickup,Automatic,OTHER,Diesel,NA,NA,NA,NA,36241
Nissan,Qashqai,2017,SUV,Automatic,FRONT,Unleaded,6.9,4,4,5,19880
Nissan,Leaf,2017,Hatchback,-,OTHER,-,NA,NA,NA,NA,26950
Nissan,Navara,2017,Ute/Pickup,Automatic,OTHER,Diesel,NA,NA,NA,NA,37990
Nissan,Navara,2017,Ute/Pickup,Automatic,4WD,Diesel,7,4,4,5,29990
Nissan,Qashqai,2017,SUV,Automatic,FRONT,Unleaded,6.9,4,4,5,28990
Nissan,Navara,2017,Ute/Pickup,Automatic,4WD,Diesel,7,4,4,5,28990
Nissan,Navara,2017,Ute/Pickup,Automatic,4WD,Diesel,7,4,4,5,43990
Nissan,Navara,2017,Ute/Pickup,Manual,REAR,Diesel,NA,NA,NA,NA,45777
Nissan,Patrol,2017,SUV,Automatic,4WD,Premium,14.4,8,4,8,79990
Nissan,Navara,2017,Ute/Pickup,Automatic,4WD,Diesel,7,4,4,5,38990
Nissan,Navara,2017,Ute/Pickup,Manual,REAR,Diesel,6.6,4,2,2,16999
Nissan,Leaf,2017,Hatchback,Automatic,FRONT,-,NA,0,5,NA,27200
Nissan,Navara,2017,Ute/Pickup,Manual,4WD,Diesel,6.5,4,4,5,34888
Nissan,Qashqai,2017,SUV,Automatic,FRONT,Unleaded,6.9,4,4,5,21999
Nissan,X-Trail,2017,SUV,Manual,FRONT,Unleaded,8.2,4,4,5,18888
Nissan,Navara,2017,Ute/Pickup,Automatic,OTHER,Diesel,NA,NA,NA,NA,43990
Nissan,Navara,2017,Ute/Pickup,Manual,4WD,Diesel,6.6,4,4,5,32980
Nissan,Navara,2017,Ute/Pickup,Automatic,4WD,Diesel,7,4,4,5,26880
Nissan,Note,2017,Hatchback,Automatic,OTHER,Other,NA,NA,NA,NA,25999
Nissan,180,2017,Hatchback,Automatic,FRONT,Premium,NA,NA,5,NA,24999
Nissan,Navara,2017,Ute/Pickup,Automatic,4WD,Diesel,7,4,4,5,46990
Nissan,Pathfinder,2017,SUV,Automatic,FRONT,Premium,9.9,6,4,7,34999
Nissan,Qashqai,2018,SUV,Automatic,FRONT,Unleaded,6.9,4,4,5,21950
Nissan,Navara,2018,Ute/Pickup,Manual,4WD,Diesel,6.5,4,4,5,41990
Nissan,X-Trail,2018,SUV,Automatic,FRONT,Unleaded,8.1,4,4,7,24888
Nissan,Qashqai,2018,SUV,Automatic,FRONT,Unleaded,6.9,4,4,5,30990
Nissan,Note,2018,Hatchback,Automatic,OTHER,Other,NA,NA,NA,NA,27999
Nissan,Qashqai,2018,SUV,Automatic,FRONT,Unleaded,6.9,4,4,5,23950
Nissan,Qashqai,2018,SUV,Automatic,FRONT,Unleaded,6.9,4,4,5,29990
Nissan,Qashqai,2018,SUV,Automatic,FRONT,Unleaded,6.9,4,4,5,31990
Nissan,X-Trail,2018,SUV,Automatic,4WD,Unleaded,8.3,4,4,5,25980
Nissan,Navara,2018,Ute/Pickup,Automatic,4WD,Diesel,7,4,4,5,33990
Nissan,X-Trail,2018,SUV,Automatic,4WD,Unleaded,8.3,4,4,5,35990
Nissan,Qashqai,2018,SUV,Automatic,FRONT,Unleaded,6.9,4,4,5,17999
Nissan,Qashqai,2018,SUV,Automatic,FRONT,Unleaded,6.9,4,4,5,25999
Nissan,X-Trail,2018,SUV,Automatic,4WD,Unleaded,8.3,4,4,5,27990
Nissan,X-Trail,2018,SUV,Automatic,FRONT,Unleaded,7.9,4,4,5,22990
Nissan,Qashqai,2018,SUV,Automatic,FRONT,Unleaded,6.9,4,4,5,28999
Nissan,Caravan,2018,Commercial,Automatic,OTHER,-,NA,NA,NA,NA,35888
Nissan,X-Trail,2018,SUV,Automatic,4WD,Unleaded,8.3,4,4,5,31990
Nissan,X-Trail,2018,SUV,Automatic,4WD,Diesel,6,4,4,5,24990
Nissan,Navara,2018,Ute/Pickup,Automatic,FRONT,Diesel,6.8,4,4,5,32990
Nissan,Leaf,2018,Hatchback,Automatic,OTHER,-,NA,NA,NA,NA,28688
Nissan,Navara,2018,Ute/Pickup,Automatic,FRONT,Diesel,6.9,4,4,5,29980
Nissan,Navara,2018,Ute/Pickup,Automatic,4WD,Diesel,7,4,4,5,38950
Nissan,Navara,2018,Ute/Pickup,Automatic,4WD,Diesel,7,4,2,4,39388
Nissan,Qashqai,2018,SUV,Automatic,FRONT,Unleaded,6.9,4,4,5,27490
Nissan,Pathfinder,2018,Wagon,Automatic,OTHER,Unleaded,NA,NA,NA,NA,36990
Nissan,Navara,2018,Ute/Pickup,Automatic,FRONT,Diesel,6.8,4,4,5,29990
Nissan,Note,2018,Hatchback,Automatic,OTHER,-,NA,NA,NA,NA,22888
Nissan,Leaf,2018,Hatchback,Automatic,OTHER,-,NA,NA,NA,NA,36995
Nissan,Gt-R,2018,Coupe,Automatic,AWD,Premium,11.7,6,2,4,248888
Nissan,Pathfinder,2018,SUV,Automatic,4WD,Premium,10.1,6,4,7,39990
Nissan,Qashqai,2018,SUV,Automatic,FRONT,Unleaded,6.9,4,4,5,22888
Nissan,Patrol,2018,SUV,Automatic,4WD,Premium,14.4,8,4,7,77930
Nissan,X-Trail,2018,SUV,Automatic,4WD,Unleaded,8.3,4,4,5,36971
Nissan,Pathfinder,2018,SUV,Automatic,FRONT,Premium,9.9,6,4,7,26920
Nissan,Pathfinder,2018,SUV,Automatic,FRONT,Premium,9.9,6,4,7,31485
Nissan,Navara,2018,Ute/Pickup,Automatic,4WD,Diesel,7,4,4,5,38980
Nissan,Navara,2018,Ute/Pickup,Automatic,4WD,Diesel,7,4,4,5,39999
Nissan,X-Trail,2018,SUV,Automatic,FRONT,Unleaded,7.9,4,4,5,29990
Nissan,X-Trail,2018,SUV,Automatic,4WD,Unleaded,8.3,4,4,5,24888
Nissan,X-Trail,2018,SUV,Automatic,FRONT,Unleaded,7.9,4,4,5,26998
Nissan,Navara,2018,Ute/Pickup,Automatic,4WD,Diesel,7,4,4,5,46990
Nissan,Qashqai,2018,SUV,Automatic,FRONT,Unleaded,6.9,4,4,5,31700
Nissan,Navara,2018,Ute/Pickup,Automatic,4WD,Diesel,7,4,4,5,33790
Nissan,Leaf,2018,Hatchback,-,OTHER,Electric,NA,NA,NA,NA,36990
Nissan,X-Trail,2018,SUV,Automatic,4WD,Unleaded,8.3,4,4,5,26990
Nissan,Leaf,2018,Hatchback,-,OTHER,Electric,NA,NA,NA,NA,34990
Nissan,Navara,2018,Ute/Pickup,Automatic,4WD,Diesel,7,4,4,5,39990
Nissan,X-Trail,2018,SUV,Automatic,4WD,Unleaded,8.3,4,4,5,23888
Nissan,X-Trail,2018,SUV,Automatic,FRONT,Unleaded,7.9,4,4,5,24490
Nissan,Pathfinder,2018,Wagon,Automatic,FRONT,Unleaded,NA,NA,NA,NA,40890
Nissan,X-Trail,2018,Wagon,-,OTHER,-,NA,NA,NA,NA,41950
Nissan,Navara,2018,Ute/Pickup,Automatic,4WD,Diesel,7,4,4,5,29990
Nissan,X-Trail,2018,SUV,Automatic,4WD,Unleaded,8.3,4,4,5,24990
Nissan,Pathfinder,2018,Wagon,Automatic,OTHER,Unleaded,NA,NA,NA,NA,40999
Nissan,Leaf,2018,Hatchback,-,OTHER,-,NA,NA,NA,NA,37950
Nissan,Qashqai,2018,SUV,Automatic,FRONT,Unleaded,6.9,4,4,5,27990
Nissan,Pathfinder,2018,Wagon,Automatic,FRONT,Unleaded,NA,NA,NA,NA,37888
Nissan,Navara,2018,Ute/Pickup,Manual,REAR,Diesel,6.6,4,2,2,19990
Nissan,X-Trail,2018,SUV,Automatic,FRONT,Unleaded,7.9,4,4,5,23980
Nissan,Qashqai,2018,SUV,Automatic,FRONT,Unleaded,6.9,4,4,5,26880
Nissan,Leaf,2018,Hatchback,-,OTHER,-,NA,NA,NA,NA,34950
Nissan,Qashqai,2018,SUV,Automatic,FRONT,Unleaded,6.9,4,4,5,29201
Nissan,X-Trail,2018,SUV,Automatic,FRONT,Unleaded,7.9,4,4,5,28888
Nissan,X-Trail,2018,SUV,Automatic,4WD,Unleaded,8.3,4,4,5,29990
Nissan,X-Trail,2018,SUV,Automatic,4WD,Unleaded,8.3,4,4,5,32990
Nissan,Pathfinder,2018,SUV,Automatic,4WD,Premium,10.1,6,4,7,41990
Nissan,X-Trail,2018,SUV,Automatic,FRONT,Unleaded,7.9,4,4,5,28990
Nissan,X-Trail,2018,SUV,Automatic,FRONT,Unleaded,7.9,4,4,5,24990
Nissan,Qashqai,2018,SUV,Automatic,FRONT,Unleaded,6.9,4,4,5,23577
Nissan,Navara,2018,Ute/Pickup,Automatic,FRONT,Diesel,6.8,4,4,5,31990
Nissan,X-Trail,2018,SUV,Automatic,FRONT,Unleaded,7.9,4,4,5,22999
Nissan,Juke,2018,SUV,Automatic,AWD,Premium,6.5,4,4,5,26999
Nissan,Qashqai,2018,SUV,Automatic,FRONT,Unleaded,6.9,4,4,5,29933
Nissan,X-Trail,2018,SUV,Automatic,4WD,Unleaded,8.3,4,4,5,28990
Nissan,Navara,2018,Ute/Pickup,Automatic,FRONT,Diesel,6.9,4,4,5,25950
Nissan,Navara,2018,Ute/Pickup,Automatic,4WD,Diesel,7,4,4,5,41888
Nissan,Pathfinder,2018,SUV,Automatic,FRONT,Premium,9.9,6,4,7,35480
Nissan,Navara,2018,Ute/Pickup,Manual,REAR,Diesel,6.3,4,4,5,31993
Nissan,X-Trail,2018,SUV,Automatic,FRONT,Unleaded,8.1,4,4,7,29492
Nissan,X-Trail,2018,Wagon,Automatic,OTHER,-,NA,NA,NA,NA,24780
Nissan,X-Trail,2018,SUV,Automatic,4WD,Unleaded,8.3,4,4,5,24288
Nissan,Qashqai,2018,SUV,Automatic,FRONT,Unleaded,6.9,4,4,5,25800
Nissan,Pathfinder,2018,SUV,Automatic,FRONT,Premium,9.9,6,4,7,32990
Nissan,X-Trail,2018,SUV,Automatic,FRONT,Unleaded,8.1,4,4,7,28950
Nissan,Pathfinder,2018,SUV,Automatic,FRONT,Premium,9.9,6,4,7,35710
Nissan,X-Trail,2019,SUV,Automatic,FRONT,Unleaded,8.1,4,4,7,24490
Nissan,Navara,2019,Ute/Pickup,Automatic,4WD,Diesel,7,4,4,5,44987
Nissan,Navara,2019,Ute/Pickup,Automatic,4WD,Diesel,7,4,4,5,47990
Nissan,Qashqai,2019,SUV,Automatic,FRONT,Unleaded,6.9,4,4,5,29990
Nissan,X-Trail,2019,SUV,Automatic,FRONT,Unleaded,7.9,4,4,5,28990
Nissan,Qashqai,2019,SUV,Automatic,FRONT,Unleaded,6.9,4,4,5,23980
Nissan,Pathfinder,2019,SUV,Automatic,FRONT,Premium,9.9,6,4,7,34990
Nissan,X-Trail,2019,SUV,Automatic,FRONT,Unleaded,8.1,4,4,7,27990
Nissan,X-Trail,2019,SUV,Automatic,4WD,Unleaded,8.3,4,4,5,34750
Nissan,Navara,2019,Ute/Pickup,Automatic,FRONT,Diesel,6.8,4,4,5,27888
Nissan,Leaf,2019,Hatchback,Automatic,OTHER,Electric,NA,NA,NA,NA,42400
Nissan,X-Trail,2019,SUV,Automatic,4WD,Unleaded,8.3,4,4,5,29990
Nissan,X-Trail,2019,SUV,Automatic,FRONT,Unleaded,7.9,4,4,5,21800
Nissan,Qashqai,2019,SUV,Automatic,FRONT,Unleaded,6.9,4,4,5,28990
Nissan,370z,2019,Coupe,Automatic,REAR,Premium,NA,NA,NA,NA,41490
Nissan,Qashqai,2019,SUV,Automatic,FRONT,Unleaded,6.9,4,4,5,26990
Nissan,X-Trail,2019,SUV,Automatic,FRONT,Unleaded,7.9,4,4,5,25990
Nissan,Leaf,2019,Hatchback,Automatic,FRONT,Electric,0,0,5,5,47995
Nissan,X-Trail,2019,SUV,Manual,FRONT,Unleaded,8.2,4,4,5,27990
Nissan,X-Trail,2019,SUV,Automatic,FRONT,Unleaded,8.1,4,4,7,27986
Nissan,Pathfinder,2019,SUV,Automatic,FRONT,Premium,9.9,6,4,7,29800
Nissan,X-Trail,2019,SUV,Automatic,FRONT,Unleaded,7.9,4,4,5,30990
Nissan,Navara,2019,Ute/Pickup,Manual,4WD,Diesel,6.5,4,4,5,47990
Nissan,Leaf,2019,Hatchback,Automatic,FRONT,Electric,0,0,5,5,36990
Nissan,X-Trail,2019,SUV,Automatic,FRONT,Unleaded,7.9,4,4,5,24900
Nissan,Pathfinder,2019,SUV,Automatic,FRONT,Premium,9.9,6,4,7,30990
Nissan,X-Trail,2019,SUV,Automatic,4WD,Unleaded,8.3,4,4,5,25890
Nissan,Pathfinder,2019,SUV,Automatic,FRONT,Premium,9.9,6,4,7,37499
Nissan,Navara,2019,Ute/Pickup,Automatic,4WD,Diesel,7,4,4,5,52850
Nissan,Navara,2019,Ute/Pickup,Automatic,4WD,Diesel,7,4,4,5,54905
Nissan,Pathfinder,2019,SUV,Automatic,4WD,Premium,10.1,6,4,7,31990
Nissan,Note,2019,NA,-,OTHER,-,NA,NA,NA,NA,29950
Nissan,Note,2019,Hatchback,-,OTHER,-,NA,NA,NA,NA,29950
Nissan,Navara,2019,Ute/Pickup,Automatic,4WD,Diesel,7,4,4,5,45980
Nissan,X-Trail,2019,SUV,Automatic,FRONT,Unleaded,8.1,4,4,7,26999
Nissan,Navara,2019,Ute/Pickup,Manual,FRONT,Diesel,6.4,4,2,2,25990
Nissan,X-Trail,2019,SUV,Automatic,FRONT,Unleaded,8.1,4,4,7,27880
Nissan,Qashqai,2019,SUV,Automatic,FRONT,Unleaded,6.9,4,4,5,33950
Nissan,Qashqai,2019,SUV,Automatic,FRONT,Unleaded,6.9,4,4,5,26490
Nissan,Qashqai,2019,SUV,Automatic,FRONT,Unleaded,6.9,4,4,5,22492
Nissan,Navara,2019,Ute/Pickup,Automatic,4WD,Diesel,7,4,4,5,45950
Nissan,Leaf,2019,Hatchback,Automatic,FRONT,Electric,0,0,5,5,38200
Nissan,Qashqai,2019,SUV,Automatic,FRONT,Unleaded,6.9,4,4,5,27990
Nissan,X-Trail,2019,SUV,Automatic,4WD,Unleaded,8.3,4,4,5,31950
Nissan,Pathfinder,2019,SUV,Automatic,4WD,Premium,10.1,6,4,7,37950
Nissan,X-Trail,2019,SUV,Automatic,FRONT,Unleaded,7.9,4,4,5,30888
Nissan,X-Trail,2019,SUV,Automatic,4WD,Unleaded,8.3,4,4,5,27990
Nissan,X-Trail,2019,SUV,Automatic,FRONT,Unleaded,7.9,4,4,5,31990
Nissan,Navara,2019,Ute/Pickup,Automatic,4WD,Diesel,7,4,4,5,50990
Nissan,Navara,2019,Ute/Pickup,Automatic,4WD,Diesel,7,4,4,5,37990
Nissan,Qashqai,2019,SUV,Automatic,FRONT,Unleaded,6.9,4,4,5,24587
Nissan,370z,2019,Coupe,Automatic,REAR,Premium,10.4,6,2,2,57990
Nissan,X-Trail,2019,SUV,Automatic,FRONT,Unleaded,7.9,4,4,5,26780
Nissan,Qashqai,2019,SUV,Automatic,FRONT,Unleaded,6.9,4,4,5,24990
Nissan,Qashqai,2019,SUV,Automatic,FRONT,Unleaded,6.9,4,4,5,25950
Nissan,X-Trail,2019,SUV,Automatic,FRONT,Unleaded,7.9,4,4,5,23999
Nissan,Qashqai,2019,SUV,Automatic,FRONT,Unleaded,6.9,4,4,5,29488
Nissan,X-Trail,2019,SUV,Automatic,FRONT,Unleaded,7.9,4,4,5,29777
Nissan,X-Trail,2019,SUV,Automatic,FRONT,Unleaded,8.1,4,4,7,26333
Nissan,X-Trail,2019,SUV,Automatic,FRONT,Unleaded,7.9,4,4,5,25895
Nissan,Pathfinder,2019,SUV,Automatic,FRONT,Premium,9.9,6,4,7,36999
Nissan,Navara,2019,Ute/Pickup,Automatic,4WD,Diesel,7,4,4,5,38999
Nissan,X-Trail,2019,SUV,Automatic,4WD,Unleaded,8.3,4,4,5,26880
Nissan,Navara,2019,Ute/Pickup,Manual,4WD,Diesel,6.5,4,4,5,39980
Nissan,X-Trail,2019,SUV,Automatic,4WD,Diesel,6,4,4,5,28990
Nissan,Navara,2019,Ute/Pickup,Automatic,4WD,Diesel,7,4,4,5,43888
Nissan,X-Trail,2019,SUV,Automatic,4WD,Unleaded,8.3,4,4,5,28988
Nissan,Navara,2019,Ute/Pickup,Manual,4WD,Diesel,6.5,4,4,5,46970
Nissan,Qashqai,2019,SUV,Automatic,FRONT,Unleaded,6.9,4,4,5,24995
Nissan,Navara,2019,Ute/Pickup,Automatic,4WD,Diesel,7,4,4,5,57888
Nissan,Qashqai,2019,SUV,Automatic,FRONT,Unleaded,6.9,4,4,5,25942
Nissan,Navara,2019,Ute/Pickup,Manual,4WD,Diesel,6.5,4,4,5,39998
Nissan,X-Trail,2019,SUV,Automatic,4WD,Unleaded,8.3,4,4,5,27888
Nissan,Pathfinder,2019,SUV,Automatic,FRONT,Premium,9.9,6,4,7,35990
Nissan,X-Trail,2019,SUV,Automatic,FRONT,Unleaded,7.9,4,4,5,29797
Nissan,X-Trail,2020,SUV,Automatic,FRONT,Unleaded,7.9,4,4,5,27990
Nissan,X-Trail,2020,SUV,Automatic,FRONT,Unleaded,7.9,4,4,5,29990
Nissan,X-Trail,2020,SUV,Automatic,FRONT,Unleaded,7.9,4,4,5,29878
Nissan,X-Trail,2020,SUV,Automatic,FRONT,Unleaded,7.9,4,4,5,28990
Nissan,Qashqai,2020,SUV,Automatic,FRONT,Unleaded,6.9,4,4,5,29990
Nissan,Juke,2020,SUV,Automatic,FRONT,Premium,5.8,3,5,5,31990
Nissan,Patrol,2020,SUV,Automatic,4WD,Premium,14.4,8,4,8,77850
Nissan,X-Trail,2020,SUV,Automatic,4WD,Unleaded,8.3,4,4,5,28990
Nissan,Navara,2020,Ute/Pickup,Automatic,4WD,Diesel,7.1,4,4,5,38779
Nissan,Qashqai,2020,SUV,Automatic,FRONT,Unleaded,6.9,4,4,5,26995
Nissan,X-Trail,2020,SUV,Automatic,FRONT,Unleaded,7.9,4,4,5,31888
Nissan,Navara,2020,Ute/Pickup,Manual,FRONT,Diesel,6.4,4,2,2,27990
Nissan,Leaf,2020,Hatchback,Automatic,FRONT,Electric,0,0,5,5,52995
Nissan,Pathfinder,2020,SUV,Automatic,FRONT,Premium,9.9,6,4,7,39980
Nissan,Navara,2020,Ute/Pickup,Automatic,FRONT,Diesel,6.8,4,4,5,54986
Nissan,Navara,2020,Ute/Pickup,Automatic,4WD,Diesel,7,4,4,5,56990
Nissan,Qashqai,2020,SUV,Automatic,FRONT,Unleaded,6.9,4,4,5,33807
Nissan,X-Trail,2020,SUV,Automatic,4WD,Unleaded,8.3,4,4,5,38580
Nissan,X-Trail,2020,SUV,Automatic,4WD,Unleaded,8.3,4,4,5,29990
Nissan,X-Trail,2020,SUV,Automatic,FRONT,Unleaded,8.1,4,4,7,29996
Nissan,X-Trail,2020,SUV,Automatic,FRONT,Unleaded,8.1,4,4,7,30443
Nissan,X-Trail,2020,SUV,Automatic,FRONT,Unleaded,7.9,4,4,5,26990
Nissan,X-Trail,2020,SUV,Automatic,FRONT,Unleaded,8.1,4,4,7,28290
Nissan,X-Trail,2020,SUV,Automatic,4WD,Unleaded,8.3,4,4,5,38990
Nissan,Juke,2020,SUV,Automatic,FRONT,Premium,5.8,3,5,5,31845
Nissan,X-Trail,2020,SUV,Automatic,FRONT,Unleaded,8.1,4,4,7,32950
Nissan,X-Trail,2020,SUV,Automatic,FRONT,Unleaded,7.9,4,4,5,37990
Nissan,Navara,2020,Ute/Pickup,Automatic,4WD,Diesel,7.9,4,4,5,43990
Nissan,X-Trail,2020,SUV,Automatic,FRONT,Unleaded,8.1,4,4,7,26998
Nissan,X-Trail,2020,SUV,Automatic,4WD,Unleaded,8.3,4,4,5,41990
Nissan,Navara,2020,Ute/Pickup,Automatic,4WD,Diesel,7,4,2,4,46990
Nissan,Qashqai,2020,SUV,Automatic,FRONT,Unleaded,6.9,4,4,5,31995
Nissan,Juke,2020,SUV,Automatic,FRONT,Premium,5.8,3,5,5,32990
Nissan,X-Trail,2020,SUV,Automatic,4WD,Unleaded,8.3,4,4,5,42990
Nissan,Patrol,2020,SUV,Automatic,4WD,Premium,14.4,8,4,7,96888
Nissan,Navara,2020,Ute/Pickup,Automatic,4WD,Diesel,7,4,4,5,52990
Nissan,X-Trail,2020,SUV,Automatic,4WD,Unleaded,8.3,4,4,5,36990
Nissan,Qashqai,2020,SUV,Automatic,FRONT,Unleaded,6.9,4,4,5,28992
Nissan,Pathfinder,2020,SUV,Automatic,FRONT,Premium,9.9,6,4,7,42444
Nissan,Navara,2020,Ute/Pickup,Automatic,4WD,Diesel,7,4,4,5,49990
Nissan,Qashqai,2020,SUV,Automatic,FRONT,Unleaded,6.9,4,4,5,31990
Nissan,Navara,2020,Ute/Pickup,Automatic,4WD,Diesel,7.9,4,4,5,48999
Nissan,X-Trail,2020,SUV,Automatic,4WD,Unleaded,8.3,4,4,5,38995
Nissan,X-Trail,2020,SUV,Automatic,4WD,Unleaded,8.3,4,4,5,29988
Nissan,Patrol,2020,SUV,Automatic,4WD,Premium,14.4,8,4,8,77777
Nissan,Leaf,2020,Hatchback,Automatic,FRONT,Electric,0,0,5,5,38965
Nissan,X-Trail,2020,SUV,Automatic,FRONT,Unleaded,7.9,4,4,5,31990
Nissan,X-Trail,2020,SUV,Automatic,FRONT,Unleaded,8.1,4,4,7,25888
Nissan,Navara,2020,Ute/Pickup,Automatic,4WD,Diesel,7,4,4,5,42995
Nissan,X-Trail,2021,SUV,Automatic,4WD,Unleaded,8.3,4,4,5,38990
Nissan,Juke,2021,SUV,Automatic,FRONT,Premium,5.8,3,5,5,37990
Nissan,Patrol,2021,SUV,Automatic,4WD,Premium,14.4,8,4,8,87990
Nissan,Navara,2021,Ute/Pickup,Automatic,4WD,Diesel,8.1,4,4,5,69990
Nissan,X-Trail,2021,SUV,Automatic,4WD,Unleaded,8.3,4,4,5,26685
Nissan,Navara,2021,Ute/Pickup,Automatic,4WD,Diesel,7.9,4,4,5,49990
Nissan,Navara,2021,Ute/Pickup,Automatic,4WD,Diesel,7.9,4,4,5,46990
Nissan,Navara,2021,Ute/Pickup,Automatic,4WD,Diesel,7.9,4,4,5,42990
Nissan,X-Trail,2021,Wagon,Automatic,OTHER,Unleaded,NA,NA,NA,NA,42990
Nissan,Navara,2021,Ute/Pickup,Automatic,4WD,Diesel,7.9,4,4,5,51990
Nissan,X-Trail,2021,SUV,Automatic,FRONT,Unleaded,8.1,4,4,7,29995
Nissan,X-Trail,2021,Wagon,Automatic,OTHER,Unleaded,NA,NA,NA,NA,41990
Nissan,Juke,2021,SUV,Automatic,FRONT,Premium,5.8,3,5,5,29990
Nissan,Navara,2021,Ute/Pickup,Automatic,4WD,Diesel,7.9,4,4,5,49999
Nissan,X-Trail,2021,SUV,Automatic,4WD,Unleaded,8.3,4,4,5,29980
Nissan,Juke,2021,SUV,Automatic,FRONT,Premium,5.8,3,5,5,27330
Nissan,Navara,2021,Ute/Pickup,Automatic,4WD,Diesel,7.9,4,4,5,49650
Nissan,X-Trail,2021,SUV,Automatic,FRONT,Unleaded,8.1,4,4,7,29869
Nissan,X-Trail,2021,SUV,Automatic,FRONT,Unleaded,7.9,4,4,5,37900
Nissan,X-Trail,2021,SUV,Automatic,FRONT,Unleaded,8.1,4,4,7,34990
Nissan,X-Trail,2021,SUV,Automatic,4WD,Unleaded,8.3,4,4,5,41990
Nissan,X-Trail,2021,SUV,Automatic,FRONT,Unleaded,7.9,4,4,5,36990
Nissan,X-Trail,2021,SUV,Automatic,FRONT,Unleaded,7.9,4,4,5,37990
Nissan,Leaf,2021,Hatchback,Automatic,FRONT,Electric,0,0,5,5,45990
Nissan,X-Trail,2021,SUV,Automatic,FRONT,Unleaded,8.1,4,4,7,31950
Nissan,Navara,2021,Ute/Pickup,Manual,4WD,Diesel,7.3,4,4,5,54990
Nissan,X-Trail,2021,SUV,Automatic,FRONT,Unleaded,7.9,4,4,5,31464
Nissan,X-Trail,2021,SUV,Automatic,FRONT,Unleaded,7.9,4,4,5,38990
Nissan,Juke,2021,SUV,Automatic,FRONT,Premium,5.8,3,5,5,31990
Nissan,Navara,2021,Ute/Pickup,Automatic,FRONT,Diesel,7.6,4,2,2,36990
Nissan,370z,2021,Coupe,Automatic,REAR,Premium,10.4,6,2,2,59990
Nissan,Navara,2021,Ute/Pickup,Automatic,OTHER,Diesel,NA,NA,NA,NA,54990
Nissan,X-Trail,2021,SUV,Automatic,FRONT,Unleaded,8.1,4,4,7,29990
Nissan,X-Trail,2021,SUV,Automatic,FRONT,Unleaded,8.1,4,4,7,29900
Nissan,Qashqai,2021,SUV,Automatic,FRONT,Unleaded,6.9,4,4,5,35999
Nissan,Navara,2021,Ute/Pickup,Automatic,4WD,Diesel,8.1,4,4,5,68880
Nissan,Qashqai,2021,SUV,Automatic,FRONT,Unleaded,6.9,4,4,5,30990
Nissan,X-Trail,2021,Wagon,Automatic,OTHER,Unleaded,NA,NA,NA,NA,29990
Nissan,Qashqai,2021,SUV,Automatic,FRONT,Unleaded,6.9,4,4,5,34490
Nissan,X-Trail,2021,SUV,Automatic,4WD,Unleaded,8.3,4,4,5,32990
Nissan,Patrol,2021,SUV,Automatic,4WD,Premium,14.4,8,4,8,94990
Nissan,Qashqai,2021,SUV,Automatic,FRONT,Unleaded,6.9,4,4,5,27990
Nissan,Patrol,2021,SUV,Automatic,4WD,Premium,14.4,8,4,8,92995
Nissan,Leaf,2021,Hatchback,Automatic,FRONT,Electric,0,0,5,5,48990
Nissan,Qashqai,2021,SUV,Automatic,FRONT,Unleaded,6.9,4,4,5,36770
Nissan,X-Trail,2022,SUV,Automatic,FRONT,Unleaded,8.1,4,4,7,32888
Nissan,X-Trail,2022,SUV,Automatic,4WD,Unleaded,8.3,4,4,5,40990
Nissan,X-Trail,2022,SUV,Automatic,FRONT,Unleaded,7.9,4,4,5,33995
Nissan,Qashqai,2022,Wagon,-,OTHER,Unleaded,NA,NA,NA,NA,44990
Nissan,X-Trail,2022,Wagon,-,OTHER,Unleaded,NA,NA,NA,NA,43990
Nissan,X-Trail,2022,SUV,Automatic,FRONT,Unleaded,7.9,4,4,5,30990
Nissan,Qashqai,2022,SUV,Automatic,FRONT,Premium,6.1,4,4,5,45000
Nissan,X-Trail,2022,SUV,Automatic,4WD,Unleaded,7.8,4,4,7,43990
Nissan,X-Trail,2022,SUV,Automatic,FRONT,Unleaded,7.9,4,4,5,31500
Nissan,X-Trail,2022,Wagon,-,OTHER,Unleaded,NA,NA,NA,NA,45250
Nissan,X-Trail,2022,SUV,Automatic,4WD,Unleaded,8.3,4,4,5,50720
Nissan,X-Trail,2022,Wagon,Automatic,OTHER,-,NA,NA,NA,NA,33990
Nissan,X-Trail,2022,SUV,Automatic,4WD,Unleaded,8.3,4,4,5,45990
Nissan,Z,2022,Coupe,Automatic,REAR,Premium,9.8,6,2,2,85990
Nissan,Pathfinder,2022,SUV,Automatic,4WD,Premium,10.5,6,4,8,75990
Nissan,Z,2022,Coupe,Automatic,REAR,Premium,9.8,6,2,2,92888
Nissan,Qashqai,2022,SUV,Automatic,FRONT,Premium,6.1,4,4,5,45990
Nissan,Leaf,2022,Hatchback,Automatic,FRONT,Electric,0,0,5,5,53900
Nissan,Pathfinder,2022,SUV,Automatic,4WD,Premium,10.5,6,4,8,72490
Nissan,X-Trail,2022,SUV,Automatic,FRONT,Unleaded,7.9,4,4,5,41990
Nissan,X-Trail,2022,SUV,Automatic,4WD,Unleaded,7.8,4,4,5,55990
Nissan,X-Trail,2022,SUV,Automatic,4WD,Unleaded,7.8,4,4,7,51990
Nissan,Patrol,2022,SUV,Automatic,4WD,Premium,14.4,8,4,7,109990
Nissan,Navara,2022,Ute/Pickup,Automatic,4WD,Diesel,7.9,4,4,5,65800
Nissan,X-Trail,2022,SUV,Automatic,4WD,Unleaded,7.8,4,4,5,59990
Nissan,X-Trail,2022,SUV,Automatic,4WD,Unleaded,8.3,4,4,5,44990
Nissan,Pathfinder,2022,SUV,Automatic,4WD,Premium,10.5,6,4,8,77955
Nissan,Pathfinder,2022,SUV,Automatic,4WD,Premium,10.5,6,4,8,77970
Nissan,Patrol,2022,Wagon,Automatic,OTHER,Unleaded,NA,NA,NA,NA,97499
Nissan,Qashqai,2022,SUV,Automatic,FRONT,Premium,6.1,4,4,5,43777
Nissan,Patrol,2022,SUV,Automatic,4WD,Premium,14.4,8,4,7,97995
Nissan,Leaf,2022,Hatchback,Automatic,FRONT,Electric,0,0,5,5,61940
Nissan,Patrol,2022,SUV,Automatic,4WD,Premium,14.4,8,4,8,92888
Nissan,Patrol,2022,SUV,Automatic,4WD,Premium,14.4,8,4,8,91888
Nissan,Navara,2022,Ute/Pickup,Automatic,4WD,Diesel,7.9,4,4,5,53888
Nissan,Navara,2022,Ute/Pickup,Automatic,4WD,Diesel,7.9,4,4,5,52999
Nissan,X-Trail,2022,SUV,Automatic,FRONT,Unleaded,7.9,4,4,5,29000
Nissan,X-Trail,2022,Wagon,Automatic,OTHER,Unleaded,NA,NA,NA,NA,35999
Nissan,Navara,2022,Ute/Pickup,Automatic,FRONT,Diesel,7.6,4,4,5,43880
Nissan,X-Trail,2022,SUV,Automatic,FRONT,Unleaded,7.9,4,4,5,38990
Nissan,Qashqai,2022,SUV,Automatic,FRONT,Premium,6.1,4,4,5,51842
Nissan,Pathfinder,2022,SUV,Automatic,4WD,Premium,10.5,6,4,8,78456
Nissan,X-Trail,2023,SUV,Automatic,4WD,Unleaded,7.8,4,4,5,56483
Nissan,Qashqai,2023,SUV,Automatic,FRONT,Premium,6.1,4,4,5,43555
Nissan,Qashqai,2023,Wagon,-,OTHER,Unleaded,NA,NA,NA,NA,47632
Nissan,Qashqai,2023,SUV,Automatic,FRONT,Premium,6.1,4,4,5,44888
Nissan,X-Trail,2023,Wagon,-,OTHER,Unleaded,NA,NA,NA,NA,49890
Nissan,Qashqai,2023,Wagon,-,OTHER,Unleaded,NA,NA,NA,NA,46990
Nissan,Pathfinder,2023,SUV,Automatic,FRONT,Premium,10,6,4,8,64999
Nissan,X-Trail,2023,Wagon,-,OTHER,Unleaded,NA,NA,NA,NA,54990
Nissan,X-Trail,2023,Wagon,-,OTHER,Unleaded,NA,NA,NA,NA,66152
Nissan,Z,2023,Coupe,Automatic,REAR,Premium,9.8,6,2,2,84888
Nissan,Qashqai,2023,SUV,Automatic,FRONT,Premium,6.1,4,4,5,43554
Nissan,Juke,2023,SUV,Automatic,FRONT,Premium,5.8,3,5,5,40958
Nissan,Qashqai,2023,SUV,Automatic,FRONT,Premium,6.1,4,4,5,46990
Nissan,Navara,2023,Ute/Pickup,Automatic,4WD,Diesel,7.9,4,4,5,62990
Nissan,Pathfinder,2023,SUV,Automatic,4WD,Premium,10.5,6,4,7,90990
Nissan,Qashqai,2023,SUV,Automatic,FRONT,Premium,6.1,4,4,5,52628
Nissan,Qashqai,2023,SUV,Automatic,FRONT,Premium,6.1,4,4,5,43965
Nissan,X-Trail,2023,SUV,Automatic,4WD,Other,6.1,3,4,5,57190
Nissan,Qashqai,2023,SUV,Automatic,FRONT,Premium,6.1,4,4,5,47890
Nissan,Pathfinder,2023,SUV,Automatic,4WD,-,10.5,6,4,8,71490
Nissan,Juke,2023,SUV,Automatic,FRONT,Premium,5.8,3,5,5,36890
Nissan,Navara,2023,Ute/Pickup,Manual,FRONT,Diesel,7.2,4,2,2,32300
Nissan,Navara,2023,Ute/Pickup,Manual,4WD,Diesel,7.3,4,4,5,46600
Nissan,Navara,2023,Ute/Pickup,Automatic,FRONT,Diesel,7.6,4,4,5,46805
Nissan,Navara,2023,Ute/Pickup,Automatic,4WD,Diesel,7.9,4,4,5,60195
Nissan,Leaf,2023,Hatchback,Automatic,FRONT,Electric,0,0,5,5,61490
Nissan,Navara,2023,Ute/Pickup,Automatic,FRONT,Diesel,7.6,4,4,5,42100
Nissan,Navara,2023,Ute/Pickup,Automatic,4WD,Diesel,7.8,4,4,4,57695
Nissan,Navara,2023,Ute/Pickup,Automatic,4WD,Diesel,7.9,4,4,5,59195
Nissan,Qashqai,2023,SUV,Automatic,FRONT,Premium,6.1,4,4,5,45470
Peugeot,2008,2014,SUV,Automatic,FRONT,Premium,6.5,4,4,5,14990
Peugeot,308,2014,Hatchback,Automatic,FRONT,Premium,7.9,4,5,5,13990
Peugeot,308,2015,Hatchback,Automatic,OTHER,Unleaded,NA,NA,NA,NA,12999
Peugeot,508,2015,Sedan,Automatic,FRONT,Diesel,5.7,4,4,5,19990
Peugeot,308,2015,Hatchback,Automatic,FRONT,Premium,5.1,3,5,5,14990
Peugeot,4008,2015,SUV,Manual,FRONT,Premium,7.7,4,4,5,12999
Peugeot,308,2015,Hatchback,Automatic,FRONT,Premium,5.1,3,5,5,13995
Peugeot,4008,2015,SUV,Automatic,AWD,Premium,7.8,4,4,5,19990
Peugeot,208,2015,Hatchback,Automatic,FRONT,Premium,6.7,4,5,5,15990
Peugeot,308,2016,Hatchback,Automatic,FRONT,Premium,5.1,3,5,5,13999
Peugeot,308,2017,Hatchback,Automatic,FRONT,Premium,5.1,3,5,5,16990
Peugeot,308,2017,Hatchback,Automatic,FRONT,Premium,5.1,3,5,5,18777
Peugeot,3008,2017,SUV,Automatic,FRONT,Premium,7,4,4,5,27990
Peugeot,308,2018,Hatchback,Automatic,FRONT,Premium,5.2,3,5,5,20300
Peugeot,3008,2018,SUV,Automatic,FRONT,Diesel,4.8,4,4,5,29990
Peugeot,5008,2018,SUV,Automatic,FRONT,Premium,7.3,4,4,7,32990
Peugeot,308,2018,Hatchback,Automatic,FRONT,Premium,5.2,3,5,5,18950
Peugeot,3008,2018,SUV,Automatic,FRONT,Premium,7.3,4,4,5,33988
Peugeot,308,2019,Hatchback,Automatic,FRONT,Premium,5.2,3,5,5,19990
Peugeot,3008,2019,Hatchback,Automatic,FRONT,Premium,NA,NA,NA,NA,29990
Peugeot,3008,2019,SUV,Automatic,FRONT,Diesel,4.8,4,4,5,38988
Peugeot,3008,2019,SUV,Automatic,FRONT,Premium,7,4,4,5,31988
Peugeot,308,2020,Wagon,Automatic,FRONT,Unleaded,5,3,5,5,27990
Peugeot,308,2020,Hatchback,Automatic,OTHER,-,NA,NA,NA,NA,19500
Peugeot,2008,2020,SUV,Automatic,FRONT,Premium,6.1,3,4,5,19990
Peugeot,3008,2021,SUV,Automatic,FRONT,Premium,7.3,4,4,5,36980
Peugeot,3008,2021,SUV,Automatic,FRONT,Premium,7.3,4,4,5,35971
Peugeot,5008,2021,SUV,Automatic,FRONT,Unleaded,7,4,4,7,45986
Peugeot,2008,2021,SUV,Automatic,FRONT,Premium,6.1,3,4,5,28490
Peugeot,3008,2021,SUV,Automatic,FRONT,Premium,7.3,4,4,5,37575
Peugeot,2008,2021,SUV,Automatic,FRONT,Premium,6.1,3,4,5,31939
Peugeot,508,2021,NA,Automatic,FRONT,Premium,NA,NA,NA,NA,49880
Peugeot,Expert,2022,Commercial,Manual,FRONT,Diesel,6,4,2,3,42980
Peugeot,3008,2022,SUV,Automatic,OTHER,Unleaded,NA,NA,NA,NA,64930
Peugeot,Expert,2022,Commercial,Automatic,OTHER,Diesel,NA,NA,NA,NA,50990
Peugeot,308,2022,Hatchback,Automatic,OTHER,Unleaded,NA,NA,NA,NA,47990
Peugeot,Expert,2022,Commercial,Manual,OTHER,Diesel,NA,NA,NA,NA,45507
Peugeot,5008,2022,SUV,Automatic,OTHER,Unleaded,NA,NA,NA,NA,64990
Peugeot,3008,2023,SUV,Automatic,FRONT,-,5.6,4,4,5,63390
Peugeot,2008,2023,SUV,Automatic,FRONT,-,6.5,3,4,5,38945
Peugeot,Expert,2023,Commercial,-,FRONT,Diesel,6.3,4,4,3,50075
Polestar,2,2023,Hatchback,Automatic,FRONT,Electric,0,0,5,5,79900
Porsche,Cayenne,2014,SUV,Automatic,AWD,Diesel,7.4,6,4,5,49900
Porsche,Panamera,2014,Sedan,Automatic,REAR,Diesel,6.5,6,4,4,84900
Porsche,Macan,2014,SUV,Automatic,AWD,Diesel,6.1,6,4,5,47999
Porsche,Macan,2014,SUV,Automatic,AWD,Premium,8.7,6,4,5,55990
Porsche,Macan,2014,SUV,Automatic,AWD,Premium,8.9,6,4,5,69990
Porsche,Boxster,2014,Convertible,Automatic,REAR,Premium,8,6,2,2,119990
Porsche,Macan,2014,SUV,Automatic,AWD,Diesel,6.1,6,4,5,46990
Porsche,Cayenne,2014,SUV,Automatic,AWD,Diesel,8.3,8,4,5,67800
Porsche,Macan,2015,SUV,Automatic,AWD,Premium,8.7,6,4,5,49800
Porsche,Cayenne,2015,SUV,Automatic,AWD,Premium,10,6,4,5,69900
Porsche,Macan,2015,SUV,Automatic,AWD,Premium,8.7,6,4,5,54888
Porsche,Cayenne,2015,SUV,Automatic,AWD,Diesel,6.8,6,4,5,52800
Porsche,Macan,2015,SUV,Automatic,AWD,Diesel,6.1,6,4,5,59900
Porsche,Boxster,2015,Convertible,Automatic,REAR,Premium,7.7,6,2,2,107990
Porsche,Boxster,2015,Convertible,Automatic,REAR,Premium,7.7,6,2,2,89990
Porsche,Macan,2015,SUV,Automatic,AWD,Diesel,6.1,6,4,5,54950
Porsche,Cayenne,2015,SUV,Automatic,AWD,Diesel,6.8,6,4,5,47990
Porsche,Panamera,2015,Sedan,Automatic,REAR,Diesel,6.4,6,4,4,129888
Porsche,Cayenne,2015,SUV,Automatic,AWD,Premium,10,6,4,5,89900
Porsche,Macan,2015,SUV,Automatic,AWD,Premium,8.7,6,4,5,56999
Porsche,Cayman,2016,Coupe,Manual,REAR,Premium,10.3,6,2,2,214880
Porsche,Macan,2016,SUV,Automatic,AWD,Premium,8.7,6,4,5,59950
Porsche,Macan,2016,SUV,Automatic,AWD,Premium,8.7,6,4,5,64950
Porsche,Macan,2016,SUV,Automatic,AWD,Premium,9.2,6,4,5,80888
Porsche,Macan,2016,SUV,Automatic,AWD,Premium,8.7,6,4,5,52800
Porsche,Cayenne,2016,SUV,Automatic,AWD,Diesel,6.6,6,4,5,69880
Porsche,Macan,2016,SUV,Automatic,AWD,Diesel,6.1,6,4,5,54800
Porsche,Macan,2016,SUV,Automatic,AWD,Diesel,6.1,6,4,5,54990
Porsche,Cayenne,2016,SUV,Automatic,AWD,Diesel,8.3,8,4,5,78830
Porsche,Macan,2017,SUV,Automatic,AWD,Premium,9.2,6,4,5,81990
Porsche,718,2017,Convertible,Automatic,REAR,Unleaded,7,4,2,2,102900
Porsche,Cayenne,2017,SUV,Automatic,AWD,Diesel,6.6,6,4,5,74800
Porsche,Cayenne,2017,SUV,Automatic,AWD,Diesel,8,8,4,5,99880
Porsche,Cayenne,2017,SUV,Automatic,AWD,Diesel,6.8,6,4,5,71995
Porsche,718,2018,Coupe,Manual,REAR,Unleaded,9.1,4,2,2,169888
Porsche,Macan,2018,SUV,Automatic,AWD,Premium,7.4,4,4,5,64880
Porsche,Cayenne,2019,SUV,Automatic,AWD,Premium,10,6,4,5,144880
Porsche,Cayenne,2019,SUV,Automatic,AWD,Premium,11.9,8,4,5,155888
Porsche,718,2019,Coupe,Automatic,REAR,Unleaded,8.3,4,2,2,172250
Porsche,Macan,2019,SUV,Automatic,AWD,Premium,9.6,6,4,5,87990
Porsche,911,2020,Coupe,Automatic,REAR,Premium,9.5,6,2,4,289950
Porsche,Macan,2020,SUV,Automatic,AWD,Premium,10,6,4,5,147999
Porsche,Cayenne,2020,SUV,Automatic,AWD,Premium,12.2,8,4,5,196900
Porsche,Macan,2020,SUV,Automatic,AWD,Premium,8.9,4,4,5,89930
Porsche,Cayenne,2020,SUV,Automatic,AWD,Premium,9.4,6,4,5,164950
Porsche,Macan,2020,SUV,Automatic,AWD,Premium,8.9,4,4,5,89990
Porsche,Cayenne,2020,Wagon,Automatic,OTHER,Premium,NA,NA,NA,NA,199900
Porsche,Taycan,2021,Sedan,Automatic,AWD,Electric,0,0,4,4,179900
Porsche,Cayenne,2021,SUV,Automatic,AWD,Premium,12.2,8,4,4,229900
Porsche,Macan,2021,SUV,Automatic,AWD,Premium,8.9,4,4,5,89990
Porsche,911,2021,Coupe,Automatic,REAR,Premium,9.4,6,2,4,295000
Porsche,Taycan,2022,Sedan,-,AWD,Electric,0,0,4,4,339900
Porsche,Taycan,2022,Sedan,-,AWD,Electric,0,0,4,4,229880
Porsche,Cayenne,2022,SUV,Automatic,AWD,Premium,12.2,8,4,5,216880
Porsche,Cayenne,2022,SUV,Automatic,AWD,Premium,12.2,8,4,5,229880
Porsche,Panamera,2023,Sedan,Automatic,AWD,Hybrid,2.6,6,4,4,263700
Porsche,718,2023,Convertible,Automatic,REAR,Unleaded,7,4,2,2,130020
Porsche,718,2023,Coupe,Automatic,REAR,Unleaded,7,4,2,2,127380
Porsche,Macan,2023,SUV,Automatic,AWD,Premium,10.2,6,4,5,113200
Porsche,Taycan,2023,Wagon,-,AWD,Electric,0,0,4,4,209600
Porsche,Panamera,2023,Wagon,Automatic,AWD,Premium,9.7,6,4,5,225500
Porsche,718,2023,Convertible,Automatic,REAR,Premium,10.4,6,2,2,219480
Porsche,Panamera,2023,Sedan,Automatic,AWD,Premium,9.6,6,4,4,219100
Porsche,Cayenne,2023,SUV,Automatic,AWD,Hybrid,3.2,6,4,5,163600
Porsche,Cayenne,2023,SUV,Automatic,AWD,Premium,9.4,6,4,5,175900
Porsche,Cayenne,2023,SUV,Automatic,AWD,Premium,10,6,4,5,185800
Porsche,911,2023,Coupe,Automatic,AWD,Premium,9.5,6,2,4,276500
Porsche,911,2023,Convertible,Automatic,REAR,Premium,9.6,6,2,4,280700
Porsche,718,2023,Coupe,Manual,REAR,Unleaded,7.5,4,2,2,125800
Porsche,718,2023,Convertible,Automatic,REAR,Unleaded,7.4,4,2,2,158180
Porsche,Cayenne,2023,SUV,Automatic,AWD,Premium,12.2,8,4,5,207500
Porsche,Cayenne,2023,SUV,Automatic,AWD,Hybrid,3.5,6,4,5,161100
Porsche,911,2023,Convertible,Automatic,REAR,Premium,9.6,6,2,4,319800
Ram,1500,2017,Ute/Pickup,Automatic,OTHER,Unleaded,NA,NA,NA,NA,66990
Ram,1500,2018,Commercial,Automatic,4WD,Unleaded,12.2,8,4,5,88800
Ram,1500,2018,Commercial,Automatic,4WD,Unleaded,12.2,8,4,5,84950
Ram,1500,2019,Ute/Pickup,Automatic,OTHER,Diesel,NA,NA,NA,NA,86990
Ram,1500,2019,Commercial,Automatic,4WD,Unleaded,12.2,8,4,5,79990
Ram,1500,2019,Ute/Pickup,Automatic,4WD,Unleaded,9.9,8,4,5,88990
Ram,1500,2019,Commercial,Automatic,4WD,Unleaded,12.2,8,4,5,84990
Ram,1500,2019,Ute/Pickup,Automatic,OTHER,Diesel,NA,NA,NA,NA,94980
Ram,1500,2019,Ute/Pickup,Automatic,4WD,Unleaded,12.2,8,4,5,103997
Ram,1500,2019,Ute/Pickup,Automatic,OTHER,Unleaded,NA,NA,NA,NA,109997
Ram,1500,2020,Commercial,Automatic,4WD,Unleaded,12.2,8,4,5,75888
Ram,1500,2020,Ute/Pickup,-,OTHER,Unleaded,NA,NA,NA,NA,79990
Ram,1500,2020,Commercial,Automatic,4WD,Unleaded,12.2,8,4,5,83990
Ram,1500,2020,Commercial,Automatic,4WD,Unleaded,12.2,8,4,5,92800
Ram,1500,2020,Ute/Pickup,Automatic,4WD,Unleaded,12.2,8,4,5,104990
Ram,1500,2020,Ute/Pickup,Automatic,4WD,Diesel,11.9,6,4,5,89990
Ram,1500,2021,Ute/Pickup,Automatic,4WD,Hybrid,12.2,8,4,5,116800
Ram,1500,2021,Ute/Pickup,Automatic,4WD,Premium,12.2,8,4,5,90888
Ram,1500,2021,Ute/Pickup,Automatic,OTHER,Unleaded,NA,NA,NA,NA,249990
Ram,1500,2021,Commercial,Automatic,4WD,Premium,12.2,8,4,5,87990
Ram,1500,2021,Ute/Pickup,Automatic,4WD,Hybrid,12.2,8,4,5,119990
Ram,1500,2021,Commercial,Automatic,4WD,Premium,12.2,8,4,5,84444
Ram,1500,2021,Ute/Pickup,Automatic,4WD,Hybrid,12.2,8,4,5,142990
Ram,1500,2022,Ute/Pickup,Automatic,OTHER,Unleaded,NA,NA,NA,NA,108990
Ram,1500,2022,Ute/Pickup,Automatic,4WD,Premium,12.2,8,4,5,96986
Ram,2500,2022,Ute/Pickup,Automatic,OTHER,Diesel,NA,NA,NA,NA,178312
Ram,1500,2022,Ute/Pickup,Automatic,OTHER,Unleaded,NA,NA,NA,NA,106990
Ram,1500,2022,Ute/Pickup,Automatic,4WD,Hybrid,12.2,8,4,5,159900
Ram,1500,2022,Ute/Pickup,Automatic,OTHER,Unleaded,NA,NA,5,NA,164990
Ram,1500,2022,Ute/Pickup,Automatic,4WD,Hybrid,12.2,8,4,5,159990
Ram,1500,2022,Ute/Pickup,Automatic,OTHER,Unleaded,NA,NA,NA,NA,109990
Ram,1500,2023,Ute/Pickup,Automatic,4WD,Hybrid,12.2,8,4,5,153950
Ram,1500,2023,Ute/Pickup,Automatic,4WD,Hybrid,12.2,8,4,5,127950
Renault,Megane,2014,Wagon,Automatic,FRONT,Premium,5.6,4,4,5,13999
Renault,Megane,2014,Hatchback,Automatic,FRONT,Premium,5.6,4,5,5,11999
Renault,Trafic,2014,Commercial,Manual,FRONT,Diesel,8.3,4,2,3,17990
Renault,Clio,2014,Hatchback,Automatic,FRONT,-,6.3,4,5,5,21705
Renault,Koleos,2014,SUV,Automatic,FRONT,Premium,9.3,4,4,5,11995
Renault,Kangoo,2014,Commercial,Manual,FRONT,Diesel,5.2,4,4,2,17975
Renault,Megane,2014,Wagon,Automatic,FRONT,Premium,5.6,4,4,5,13900
Renault,Clio,2014,Hatchback,Automatic,FRONT,-,6.3,4,5,5,11888
Renault,Trafic,2014,Commercial,Manual,FRONT,Diesel,8.3,4,2,3,18999
Renault,Trafic,2015,Commercial,Manual,FRONT,Diesel,6.2,4,4,3,24999
Renault,Kangoo,2015,Commercial,Automatic,FRONT,Unleaded,8.2,4,3,2,19950
Renault,Megane,2015,Hatchback,Automatic,FRONT,Premium,5.6,4,5,5,14300
Renault,Clio,2015,Hatchback,Automatic,FRONT,-,6.3,4,5,5,21780
Renault,Clio,2015,Hatchback,Automatic,FRONT,Unleaded,5.2,4,5,5,13800
Renault,Kangoo,2015,Commercial,Manual,FRONT,Diesel,5.2,4,4,2,16980
Renault,Kangoo,2015,Commercial,Manual,FRONT,Diesel,5.2,4,4,2,12990
Renault,Clio,2015,Hatchback,Automatic,FRONT,Unleaded,5.2,4,5,5,13990
Renault,Megane,2015,Hatchback,Automatic,FRONT,Premium,5.6,4,5,5,16490
Renault,Captur,2015,SUV,Automatic,FRONT,Premium,5.4,4,4,5,16851
Renault,Clio,2015,Hatchback,Automatic,FRONT,Unleaded,5.2,4,5,5,15999
Renault,Megane,2015,Hatchback,Automatic,OTHER,Unleaded,NA,NA,NA,NA,15999
Renault,Trafic,2016,Commercial,Manual,FRONT,Diesel,6.2,4,4,3,19990
Renault,Clio,2016,Hatchback,Automatic,FRONT,Unleaded,5.2,4,5,5,16490
Renault,Kangoo,2016,Commercial,Automatic,FRONT,Unleaded,8.2,4,3,2,19999
Renault,Clio,2016,Hatchback,Automatic,FRONT,-,6.3,4,5,5,21888
Renault,Koleos,2016,SUV,Automatic,FRONT,Premium,8.1,4,4,5,23487
Renault,Kangoo,2016,Commercial,Automatic,FRONT,Unleaded,8.2,4,3,2,19990
Renault,Megane,2016,Wagon,Automatic,FRONT,Premium,5.6,4,4,5,13999
Renault,Trafic,2017,Commercial,Manual,FRONT,Diesel,6.2,4,4,3,22950
Renault,Megane,2017,Wagon,Automatic,FRONT,Premium,6,4,4,5,22800
Renault,Trafic,2017,Commercial,Manual,FRONT,Diesel,6.2,4,4,3,27950
Renault,Master,2017,Commercial,Automatic,FRONT,Diesel,NA,NA,NA,NA,47990
Renault,Master,2017,Ute/Pickup,Automatic,OTHER,-,NA,NA,NA,NA,56980
Renault,Captur,2017,SUV,Automatic,FRONT,Premium,5.4,4,4,5,17990
Renault,Trafic,2017,Commercial,Manual,FRONT,Diesel,6.2,4,4,3,28990
Renault,Megane,2017,Wagon,Automatic,FRONT,Premium,5.6,4,4,5,25990
Renault,Megane,2017,Hatchback,Automatic,FRONT,Premium,5.6,4,5,5,18990
Renault,Captur,2017,SUV,Automatic,FRONT,Premium,5.8,4,4,5,21990
Renault,Master,2017,Commercial,Automatic,FRONT,Diesel,NA,NA,NA,NA,44995
Renault,Trafic,2018,Commercial,Manual,FRONT,Diesel,6.2,4,4,3,31950
Renault,Megane,2018,Hatchback,Manual,FRONT,-,7.5,4,5,5,38990
Renault,Koleos,2018,SUV,Automatic,4WD,Premium,8.3,4,4,5,28990
Renault,Master,2018,Commercial,Manual,FRONT,Diesel,NA,NA,NA,NA,36913
Renault,Koleos,2018,SUV,Automatic,4WD,Premium,8.3,4,4,5,29880
Renault,Koleos,2018,SUV,Automatic,4WD,Diesel,6.1,4,4,5,29990
Renault,Megane,2018,Hatchback,Automatic,FRONT,Premium,6,4,5,5,20999
Renault,Trafic,2018,Commercial,Manual,FRONT,Diesel,6.6,4,4,3,26930
Renault,Koleos,2018,SUV,Automatic,4WD,Diesel,6.1,4,4,5,27950
Renault,Master,2018,Commercial,Automatic,FRONT,Diesel,NA,NA,NA,NA,32980
Renault,Master,2018,Commercial,Automatic,REAR,Diesel,NA,NA,NA,NA,53980
Renault,Koleos,2018,SUV,Automatic,FRONT,Premium,8.1,4,4,5,24999
Renault,Kangoo,2019,Commercial,Automatic,FRONT,Premium,6.5,4,3,2,24980
Renault,Kangoo,2019,Commercial,Automatic,FRONT,Premium,6.5,4,3,2,27995
Renault,Kangoo,2019,Commercial,Automatic,FRONT,Premium,6.5,4,3,2,25990
Renault,Koleos,2019,SUV,Automatic,FRONT,Premium,8.1,4,4,5,26990
Renault,Trafic,2019,Commercial,Manual,FRONT,Diesel,6.2,4,4,3,29913
Renault,Koleos,2019,SUV,Automatic,4WD,Diesel,5.6,4,4,5,29990
Renault,Koleos,2019,SUV,Automatic,FRONT,Premium,8.3,4,4,5,33990
Renault,Koleos,2019,SUV,Automatic,4WD,Diesel,5.6,4,4,5,31999
Renault,Clio,2019,Hatchback,Automatic,FRONT,Premium,5.6,4,5,5,22990
Renault,Koleos,2019,SUV,Automatic,FRONT,Unleaded,8.1,4,4,5,27990
Renault,Koleos,2019,SUV,Automatic,FRONT,Premium,8.1,4,4,5,27990
Renault,Master,2019,Commercial,Automatic,OTHER,Diesel,NA,NA,NA,NA,44990
Renault,Koleos,2020,SUV,Automatic,FRONT,Unleaded,8.1,4,4,5,32999
Renault,Megane,2020,Hatchback,Automatic,FRONT,Premium,7.5,4,5,5,40970
Renault,Koleos,2020,SUV,Automatic,FRONT,Unleaded,8.1,4,4,5,29990
Renault,Koleos,2020,SUV,Automatic,FRONT,Unleaded,8.1,4,4,5,25990
Renault,Koleos,2020,SUV,Automatic,FRONT,Unleaded,8.1,4,4,5,24990
Renault,Koleos,2020,SUV,Automatic,FRONT,Unleaded,8.1,4,4,5,28813
Renault,Koleos,2020,SUV,Automatic,FRONT,Unleaded,8.1,4,4,5,28888
Renault,Koleos,2020,SUV,Automatic,FRONT,Unleaded,8.1,4,4,5,31990
Renault,Koleos,2020,SUV,Automatic,FRONT,Unleaded,8.1,4,4,5,29995
Renault,Koleos,2020,SUV,Automatic,FRONT,Unleaded,8.1,4,4,5,29999
Renault,Kadjar,2020,SUV,Automatic,FRONT,Premium,6.3,4,4,5,25996
Renault,Koleos,2020,SUV,Automatic,FRONT,Unleaded,8.1,4,4,5,24996
Renault,Koleos,2020,SUV,Automatic,FRONT,Unleaded,8.1,4,4,5,29980
Renault,Koleos,2021,SUV,Automatic,FRONT,Unleaded,8.1,4,4,5,28888
Renault,Captur,2021,SUV,Automatic,FRONT,Premium,6.6,4,4,4,34300
Renault,Koleos,2021,SUV,Automatic,FRONT,Unleaded,8.1,4,4,5,27888
Renault,Koleos,2021,SUV,Automatic,4WD,Unleaded,8.3,4,4,5,39950
Renault,Koleos,2021,SUV,Automatic,FRONT,Unleaded,8.1,4,4,5,30990
Renault,Koleos,2021,SUV,Automatic,FRONT,Unleaded,8.1,4,4,5,30999
Renault,Koleos,2021,SUV,Automatic,FRONT,Unleaded,8.1,4,4,5,30900
Renault,Koleos,2021,SUV,Automatic,FRONT,Unleaded,8.1,4,4,5,31950
Renault,Koleos,2021,SUV,Automatic,4WD,Unleaded,8.3,4,4,5,37990
Renault,Koleos,2021,SUV,Automatic,FRONT,Unleaded,8.1,4,4,5,31890
Renault,Koleos,2021,SUV,Automatic,FRONT,Unleaded,8.1,4,4,5,30950
Renault,Kangoo,2021,Commercial,Automatic,FRONT,Diesel,5.4,4,4,2,35996
Renault,Kangoo,2021,Commercial,Automatic,FRONT,Premium,6.5,4,3,2,35995
Renault,Captur,2021,SUV,Automatic,FRONT,Premium,6.6,4,4,4,37990
Renault,Koleos,2021,SUV,Automatic,FRONT,Unleaded,8.1,4,4,5,29990
Renault,Arkana,2022,SUV,Automatic,FRONT,Unleaded,6,4,4,5,34990
Renault,Koleos,2022,SUV,Automatic,FRONT,Unleaded,8.1,4,4,5,39990
Renault,Arkana,2022,SUV,Automatic,FRONT,Unleaded,6,4,4,5,36690
Renault,Captur,2022,SUV,Automatic,FRONT,Premium,6.6,4,4,4,42990
Renault,Arkana,2022,SUV,Automatic,FRONT,Unleaded,6,4,4,5,49990
Renault,Arkana,2022,SUV,Automatic,FRONT,Unleaded,6,4,4,5,36500
Renault,Arkana,2022,SUV,Automatic,FRONT,Unleaded,6,4,4,5,40990
Renault,Arkana,2022,SUV,Automatic,FRONT,Unleaded,6,4,4,5,48490
Renault,Arkana,2022,SUV,Automatic,FRONT,Unleaded,6,4,4,5,38750
Renault,Captur,2022,SUV,Automatic,FRONT,Premium,6.6,4,4,4,43340
Renault,Koleos,2022,SUV,Automatic,4WD,Unleaded,8.3,4,4,5,49990
Renault,Arkana,2022,SUV,Automatic,FRONT,Unleaded,6,4,4,5,47990
Renault,Arkana,2022,SUV,Automatic,FRONT,Unleaded,6,4,4,5,43990
Renault,Captur,2022,SUV,Automatic,FRONT,Premium,6.6,4,4,4,45140
Renault,Captur,2022,SUV,Automatic,FRONT,Premium,6.6,4,4,4,39990
Renault,Arkana,2022,SUV,Automatic,FRONT,Unleaded,6,4,4,5,39990
Renault,Arkana,2022,SUV,Automatic,FRONT,Unleaded,6,4,4,5,36990
Renault,Captur,2022,SUV,Automatic,FRONT,Premium,6.6,4,4,4,31600
Renault,Captur,2022,SUV,Automatic,FRONT,Premium,6.6,4,4,4,27999
Renault,Arkana,2022,SUV,Automatic,FRONT,Unleaded,6,4,4,5,39900
Renault,Captur,2022,SUV,Automatic,FRONT,Premium,6.6,4,4,4,39980
Renault,Captur,2022,SUV,Automatic,FRONT,Premium,6.6,4,4,4,44550
Renault,Captur,2022,SUV,Automatic,FRONT,Premium,6.6,4,4,4,43990
Renault,Koleos,2022,SUV,Automatic,FRONT,Unleaded,8.1,4,4,5,48990
Renault,Arkana,2022,SUV,Automatic,FRONT,Unleaded,6,4,4,5,47382
Renault,Arkana,2022,SUV,Automatic,FRONT,Unleaded,6,4,4,5,38071
Renault,Trafic,2023,Commercial,Automatic,FRONT,Diesel,6.5,4,3,3,56480
Renault,Megane,2023,Hatchback,Manual,FRONT,-,8.3,4,5,5,71490
Renault,Captur,2023,SUV,Automatic,FRONT,-,6.6,4,4,4,43000
Renault,Koleos,2023,SUV,Automatic,FRONT,Unleaded,8.1,4,4,5,46888
Renault,Master,2023,Commercial,Manual,FRONT,Diesel,0,4,3,3,55980
Renault,Captur,2023,SUV,Automatic,FRONT,-,6.6,4,4,4,41490
Renault,Koleos,2023,SUV,Automatic,FRONT,Unleaded,8.1,4,4,5,44888
Renault,Koleos,2023,SUV,Automatic,FRONT,Unleaded,8.1,4,4,5,51234
Renault,Koleos,2023,SUV,Automatic,FRONT,Unleaded,8.1,4,4,5,49290
Renault,Koleos,2023,SUV,Automatic,4WD,Unleaded,8.3,4,4,5,48490
Renault,Megane,2023,Hatchback,Automatic,FRONT,-,8,4,5,5,69990
Renault,Captur,2023,SUV,Automatic,FRONT,-,6.6,4,4,4,41888
Renault,Koleos,2023,SUV,Automatic,FRONT,Unleaded,8.1,4,4,5,47880
Renault,Megane,2023,Hatchback,Automatic,FRONT,-,8,4,5,5,78309
Renault,Megane,2023,Hatchback,Automatic,FRONT,-,8,4,5,5,73011
Renault,Arkana,2023,SUV,Automatic,FRONT,-,6,4,4,5,46990
Renault,Megane,2023,Hatchback,Manual,FRONT,-,8.3,4,5,5,69885
Renault,Koleos,2023,SUV,Automatic,FRONT,Unleaded,8.1,4,4,5,50820
Renault,Koleos,2023,SUV,Automatic,FRONT,Unleaded,NA,NA,NA,NA,48990
Renault,Koleos,2023,SUV,Automatic,OTHER,Unleaded,NA,NA,NA,NA,51490
Renault,Koleos,2023,SUV,Automatic,FRONT,Unleaded,8.1,4,4,5,44990
Renault,Koleos,2023,SUV,Automatic,FRONT,Unleaded,8.1,4,4,5,45790
Renault,Arkana,2023,SUV,Automatic,FRONT,-,6,4,4,5,37500
Renault,Master,2023,Commercial,Automatic,FRONT,Diesel,0,4,3,3,55200
Renault,Trafic,2023,Commercial,Automatic,FRONT,Diesel,6.5,4,4,6,63000
Renault,Trafic,2023,Commercial,Automatic,FRONT,Diesel,6.5,4,4,3,54000
Renault,Trafic,2023,Commercial,Automatic,FRONT,Diesel,6.5,4,3,3,59983
Renault,Koleos,2023,SUV,Automatic,4WD,Unleaded,8.3,4,4,5,48500
Renault,Megane,2023,Hatchback,Automatic,FRONT,-,8,4,5,5,72800
Renault,Koleos,2023,SUV,Automatic,FRONT,Unleaded,8.1,4,4,5,41990
Renault,Koleos,2023,SUV,Automatic,4WD,Unleaded,8.3,4,4,5,50880
Renault,Trafic,2023,Commercial,Automatic,FRONT,Diesel,6.5,4,3,3,57285
Skoda,Octavia,2014,Wagon,Automatic,FRONT,Premium,6.6,4,4,5,23990
Skoda,Fabia,2014,Hatchback,Automatic,FRONT,Unleaded,5.3,4,5,5,14995
Skoda,Octavia,2014,Hatchback,Automatic,FRONT,Premium,6.6,4,5,5,23990
Skoda,Octavia,2014,Wagon,Automatic,FRONT,Diesel,5.3,4,4,5,21990
Skoda,Octavia,2015,Hatchback,Automatic,FRONT,Premium,6.6,4,5,5,22999
Skoda,Superb,2015,Sedan,Automatic,FRONT,Premium,7.2,4,4,5,14990
Skoda,Superb,2015,Wagon,Automatic,FRONT,Diesel,5.6,4,4,5,15990
Skoda,Fabia,2016,Hatchback,Automatic,FRONT,Premium,4.8,4,5,5,15420
Skoda,Fabia,2016,Wagon,Automatic,FRONT,Premium,4.8,4,4,5,15800
Skoda,Superb,2016,Wagon,Automatic,FRONT,Premium,6.4,4,4,5,29990
Skoda,Superb,2016,Sedan,Automatic,FRONT,Premium,6.4,4,4,5,24855
Skoda,Superb,2017,Wagon,Automatic,FRONT,Premium,6.4,4,4,5,23990
Skoda,Octavia,2017,Wagon,Manual,FRONT,Premium,5.5,4,4,5,18980
Skoda,Kodiaq,2017,SUV,Automatic,4WD,Premium,7.6,4,4,7,27990
Skoda,Kodiaq,2017,SUV,Automatic,4WD,Premium,7.6,4,4,7,29990
Skoda,Superb,2018,Wagon,Automatic,FRONT,Premium,6.4,4,4,5,22888
Skoda,Superb,2018,Wagon,Automatic,FRONT,Premium,6.4,4,4,5,22990
Skoda,Karoq,2018,SUV,Manual,FRONT,Unleaded,5.7,4,4,5,19990
Skoda,Kodiaq,2018,SUV,Automatic,4WD,Diesel,5.9,4,4,7,34890
Skoda,Octavia,2018,Wagon,Automatic,FRONT,Premium,5.2,4,4,5,24950
Skoda,Superb,2018,Sedan,Automatic,4WD,Premium,7.3,4,4,5,34990
Skoda,Rapid,2018,Wagon,Automatic,FRONT,Premium,6,4,4,5,23990
Skoda,Karoq,2018,SUV,Automatic,FRONT,Unleaded,5.8,4,4,5,33990
Skoda,Superb,2018,Hatchback,Automatic,OTHER,-,NA,NA,NA,NA,26999
Skoda,Rapid,2019,Wagon,Automatic,FRONT,Premium,6,4,4,5,23990
Skoda,Octavia,2019,Sedan,Automatic,FRONT,Premium,6.5,4,4,5,28800
Skoda,Octavia,2019,Wagon,Automatic,FRONT,Premium,6.5,4,4,5,34250
Skoda,Kodiaq,2019,SUV,Automatic,4WD,Premium,7.6,4,4,7,37930
Skoda,Kodiaq,2019,SUV,Automatic,4WD,Premium,7.6,4,4,7,36100
Skoda,Octavia,2019,Sedan,Automatic,FRONT,Premium,5.2,4,4,5,19990
Skoda,Octavia,2019,Wagon,Automatic,FRONT,Premium,6.5,4,4,5,40200
Skoda,Octavia,2019,Wagon,Automatic,FRONT,Premium,6.5,4,4,5,45900
Skoda,Karoq,2019,SUV,Automatic,FRONT,Unleaded,6.6,4,4,5,32444
Skoda,Rapid,2019,Wagon,Automatic,FRONT,Premium,6,4,4,5,22990
Skoda,Kodiaq,2019,SUV,Automatic,4WD,Premium,7.6,4,4,7,41990
Skoda,Kamiq,2020,SUV,Automatic,FRONT,Premium,5,3,4,5,30787
Skoda,Kodiaq,2020,SUV,Automatic,4WD,Diesel,6.2,4,4,7,50990
Skoda,Kodiaq,2020,SUV,Automatic,4WD,Premium,7.6,4,4,7,45980
Skoda,Octavia,2020,Wagon,Automatic,FRONT,Premium,5.2,4,4,5,25990
Skoda,Kodiaq,2020,Wagon,Automatic,OTHER,Diesel,NA,NA,NA,NA,53990
Skoda,Superb,2020,Wagon,Automatic,AWD,Premium,7.1,4,4,5,56800
Skoda,Kodiaq,2020,SUV,Automatic,4WD,Premium,7.6,4,4,7,44999
Skoda,Kodiaq,2020,SUV,Automatic,4WD,Premium,7.6,4,4,7,53990
Skoda,Karoq,2020,SUV,Automatic,AWD,Unleaded,6.9,4,4,5,43990
Skoda,Octavia,2021,Wagon,Automatic,FRONT,Premium,6.8,4,4,5,49880
Skoda,Kamiq,2021,SUV,Automatic,FRONT,Premium,5.6,4,4,5,36990
Skoda,Superb,2021,Wagon,Automatic,AWD,Premium,7.1,4,4,5,59750
Skoda,Octavia,2021,Sedan,Automatic,FRONT,Premium,6.8,4,4,5,51500
Skoda,Kamiq,2021,SUV,Automatic,FRONT,Premium,5.6,4,4,5,24990
Skoda,Kodiaq,2021,SUV,Automatic,4WD,Premium,7.6,4,4,7,43990
Skoda,Karoq,2021,SUV,Automatic,FRONT,Unleaded,6.6,4,4,5,28990
Skoda,Kamiq,2021,SUV,Automatic,FRONT,Premium,5.6,4,4,5,32999
Skoda,Octavia,2022,Wagon,Automatic,FRONT,Premium,6.3,4,4,5,54714
Skoda,Octavia,2022,Wagon,Automatic,FRONT,Premium,6.3,4,4,5,60319
Skoda,Octavia,2022,Wagon,Automatic,FRONT,Premium,5.8,4,4,5,42990
Skoda,Octavia,2022,Wagon,Automatic,FRONT,Premium,5.8,4,4,5,39880
Skoda,Superb,2022,Sedan,Automatic,FRONT,Premium,7.1,4,4,5,44990
Skoda,Octavia,2022,Wagon,Automatic,FRONT,Premium,6.8,4,4,5,62990
Skoda,Kamiq,2022,SUV,Automatic,FRONT,Premium,5,3,4,5,37990
Skoda,Scala,2022,Hatchback,Automatic,FRONT,Premium,5.3,3,5,5,32990
Skoda,Kamiq,2022,SUV,Automatic,FRONT,Premium,5.6,4,4,5,35990
Skoda,Kamiq,2022,SUV,Automatic,FRONT,Premium,5.6,4,4,5,42990
Skoda,Karoq,2022,SUV,Automatic,FRONT,Unleaded,6.6,4,4,5,49880
Skoda,Octavia,2022,Sedan,Automatic,FRONT,Premium,6.3,4,4,5,51490
Skoda,Kamiq,2022,SUV,Automatic,FRONT,Premium,5,3,4,5,38540
Skoda,Kamiq,2022,SUV,Automatic,FRONT,Premium,5,3,4,5,36990
Skoda,Kamiq,2022,SUV,Automatic,FRONT,Premium,5.6,4,4,5,44990
Skoda,Karoq,2022,SUV,Automatic,FRONT,Premium,6.5,4,4,5,42760
Skoda,Kodiaq,2022,SUV,Automatic,4WD,Premium,8.2,4,4,7,44800
Skoda,Superb,2022,Wagon,Automatic,FRONT,Premium,7.2,4,4,5,52800
Skoda,Kodiaq,2022,SUV,Automatic,4WD,Premium,8.2,4,4,7,47400
Skoda,Kamiq,2022,SUV,Automatic,FRONT,Premium,5.6,4,4,5,38888
Skoda,Scala,2022,Hatchback,Automatic,FRONT,Premium,5.5,4,5,5,34990
Skoda,Scala,2022,Hatchback,Automatic,FRONT,Premium,5.3,3,5,5,29990
Skoda,Octavia,2022,Wagon,Automatic,FRONT,Premium,6.3,4,4,5,59460
Skoda,Karoq,2022,SUV,Automatic,4WD,Premium,6.9,4,4,5,56900
Skoda,Kodiaq,2022,SUV,Automatic,4WD,Premium,8.2,4,4,7,55990
Skoda,Kodiaq,2022,SUV,Automatic,4WD,Premium,8.2,4,4,7,54990
Skoda,Octavia,2022,Wagon,Automatic,FRONT,Premium,6.8,4,4,5,60690
Skoda,Octavia,2022,Sedan,Automatic,FRONT,Premium,6.8,4,4,5,54868
Skoda,Kamiq,2022,SUV,Automatic,FRONT,Premium,5,3,4,5,37540
Skoda,Kamiq,2022,SUV,Automatic,FRONT,Premium,5.6,4,4,5,47990
Skoda,Superb,2022,Wagon,Automatic,FRONT,Premium,7.2,4,4,5,54990
Skoda,Kamiq,2022,SUV,Automatic,FRONT,Premium,5.6,4,4,5,41990
Skoda,Kodiaq,2022,SUV,Automatic,4WD,Premium,8.2,4,4,7,55461
Skoda,Karoq,2023,SUV,Automatic,4WD,Premium,6.9,4,4,5,54990
Skoda,Kodiaq,2023,SUV,Automatic,4WD,Premium,7.5,4,4,7,70990
Skoda,Kodiaq,2023,SUV,Automatic,4WD,Premium,7.5,4,4,7,73990
Skoda,Octavia,2023,Wagon,Automatic,FRONT,Premium,6.8,4,4,5,55490
Skoda,Scala,2023,Hatchback,Automatic,FRONT,Premium,5.5,4,5,5,39990
Skoda,Kodiaq,2023,SUV,Automatic,4WD,Premium,8.2,4,4,7,51868
Skoda,Superb,2023,Wagon,Automatic,4WD,Premium,8.2,4,4,5,73540
Skoda,Kodiaq,2023,SUV,Automatic,4WD,Premium,8.2,4,4,7,65910
Skoda,Octavia,2023,Wagon,Automatic,FRONT,Premium,5.8,4,4,5,42490
Skoda,Karoq,2023,SUV,Automatic,FRONT,Premium,6.5,4,4,5,43990
Skoda,Fabia,2023,Hatchback,Automatic,FRONT,Premium,4.9,4,5,5,38990
Skoda,Octavia,2023,Sedan,Automatic,FRONT,Premium,6.8,4,4,5,62160
Skoda,Kamiq,2023,SUV,Automatic,FRONT,Premium,5.6,4,4,5,43490
Ssangyong,Stavic,2014,Wagon,Automatic,REAR,Diesel,7.8,4,4,7,12990
Ssangyong,Stavic,2014,Wagon,Automatic,REAR,Diesel,7.8,4,4,7,13999
Ssangyong,Rexton,2020,SUV,Automatic,FRONT,Unleaded,8.4,4,4,7,27970
Ssangyong,Musso,2020,Ute/Pickup,Automatic,4WD,Diesel,8.6,4,4,5,34777
Ssangyong,Musso,2021,Ute/Pickup,Automatic,4WD,Diesel,8.6,4,4,5,36656
Ssangyong,Korando,2021,SUV,Automatic,FRONT,Unleaded,7.7,4,5,5,32370
Ssangyong,Korando,2021,SUV,Automatic,FRONT,Unleaded,7.7,4,5,5,29990
Ssangyong,Musso,2021,Ute/Pickup,Automatic,4WD,Diesel,9,4,4,5,38490
Ssangyong,Rexton,2022,SUV,Automatic,AWD,Diesel,8.7,4,4,7,51990
Ssangyong,Rexton,2022,SUV,Automatic,AWD,Diesel,8.7,4,4,7,56990
Ssangyong,Musso,2022,Ute/Pickup,Automatic,4WD,Diesel,8.6,4,4,5,43685
Ssangyong,Musso,2022,Ute/Pickup,Automatic,4WD,Diesel,8.6,4,4,5,38880
Ssangyong,Musso,2022,Ute/Pickup,Automatic,4WD,Diesel,9,4,4,5,40585
Ssangyong,Rexton,2023,SUV,Automatic,AWD,Diesel,8.7,4,4,7,48990
Ssangyong,Musso,2023,Ute/Pickup,Automatic,4WD,Diesel,9,4,4,5,40290
Ssangyong,Rexton,2023,SUV,Automatic,AWD,Diesel,8.7,4,4,7,56585
Ssangyong,Rexton,2023,Wagon,Automatic,OTHER,Diesel,NA,NA,NA,NA,58585
Ssangyong,Korando,2023,SUV,Automatic,FRONT,Unleaded,7.7,4,5,5,33585
Ssangyong,Rexton,2023,SUV,Automatic,OTHER,Diesel,NA,NA,NA,NA,49585
Ssangyong,Musso,2023,Ute/Pickup,Automatic,OTHER,Diesel,NA,NA,NA,NA,39385
Ssangyong,Musso,2023,Ute/Pickup,Automatic,OTHER,Diesel,NA,NA,NA,NA,46585
Ssangyong,Musso,2023,Ute/Pickup,Automatic,4WD,Diesel,9,4,4,5,45185
Ssangyong,Korando,2023,SUV,Automatic,FRONT,Unleaded,7.7,4,5,5,33500
Ssangyong,Musso,2023,Ute/Pickup,Automatic,4WD,Diesel,8.6,4,4,5,43685
Ssangyong,Musso,2023,Ute/Pickup,Automatic,4WD,Diesel,8.6,4,4,5,46685
Ssangyong,Musso,2023,Ute/Pickup,Automatic,4WD,Diesel,9,4,4,5,44276
Ssangyong,Rexton,2023,SUV,Automatic,AWD,Diesel,8.7,4,4,7,56580
Ssangyong,Musso,2023,Ute/Pickup,Automatic,4WD,Diesel,8.6,4,4,5,39800
Ssangyong,Rexton,2023,SUV,Automatic,AWD,Diesel,8.7,4,4,7,49500
Ssangyong,Musso,2023,Ute/Pickup,Automatic,4WD,Diesel,9,4,4,5,46980
Ssangyong,Musso,2023,Ute/Pickup,Automatic,4WD,Diesel,8.6,4,4,5,47500
Ssangyong,Korando,2023,SUV,Automatic,FRONT,Unleaded,7.7,4,5,5,38485
Ssangyong,Musso,2023,Ute/Pickup,Automatic,4WD,Diesel,8.6,4,4,5,43660
Ssangyong,Musso,2023,Ute/Pickup,Automatic,4WD,Diesel,8.6,4,4,5,40550
Ssangyong,Musso,2023,Ute/Pickup,Manual,4WD,Diesel,8.3,4,4,5,38290
Ssangyong,Rexton,2023,SUV,Automatic,AWD,Diesel,8.7,4,4,7,56440
Ssangyong,Rexton,2023,SUV,Automatic,AWD,Diesel,8.7,4,4,7,56550
Ssangyong,Musso,2023,Ute/Pickup,Automatic,4WD,Diesel,8.6,4,4,5,46220
Ssangyong,Musso,2023,Ute/Pickup,Automatic,4WD,Diesel,8.6,4,4,5,38790
Ssangyong,Musso,2023,Ute/Pickup,Automatic,4WD,Diesel,8.6,4,4,5,43090
Ssangyong,Rexton,2023,SUV,Automatic,OTHER,Diesel,NA,NA,NA,NA,58585
Subaru,Liberty,2014,Wagon,Automatic,AWD,Premium,8.2,4,4,5,16290
Subaru,Liberty,2014,Wagon,Automatic,AWD,Premium,8.2,4,4,5,10999
Subaru,Forester,2014,SUV,Automatic,AWD,Unleaded,8.1,4,4,5,15990
Subaru,Wrx,2014,Sedan,Manual,AWD,Premium,9.2,4,4,5,28990
Subaru,Impreza,2014,Hatchback,Automatic,AWD,Unleaded,6.8,4,5,5,13990
Subaru,Brz,2014,Coupe,Automatic,REAR,Premium,7.1,4,2,4,26777
Subaru,Brz,2014,Coupe,Manual,REAR,Premium,7.8,4,2,4,23995
Subaru,Xv,2014,SUV,Automatic,AWD,Unleaded,7.1,4,4,5,21990
Subaru,Wrx,2014,Sedan,Automatic,AWD,Premium,8.6,4,4,5,26950
Subaru,Impreza,2014,Hatchback,Manual,AWD,Unleaded,7.1,4,5,5,12900
Subaru,Forester,2014,SUV,Automatic,AWD,Unleaded,8.1,4,4,5,12999
Subaru,Impreza,2014,Hatchback,Manual,AWD,Unleaded,7.1,4,5,5,14800
Subaru,Impreza,2014,Hatchback,Automatic,AWD,Unleaded,6.8,4,5,5,23990
Subaru,Impreza,2014,Hatchback,Automatic,AWD,Unleaded,6.8,4,5,5,16850
Subaru,Forester,2014,SUV,Automatic,AWD,Unleaded,8.1,4,4,5,12800
Subaru,Forester,2014,SUV,Automatic,AWD,Unleaded,8.1,4,4,5,22999
Subaru,Forester,2014,SUV,Automatic,AWD,Premium,7.2,4,4,5,22990
Subaru,Impreza,2014,Hatchback,Automatic,AWD,Unleaded,6.8,4,5,5,16990
Subaru,Forester,2014,SUV,Automatic,AWD,Unleaded,8.1,4,4,5,19990
Subaru,Forester,2014,SUV,Automatic,AWD,Unleaded,8.1,4,4,5,16990
Subaru,Forester,2014,SUV,Automatic,AWD,Unleaded,8.1,4,4,5,24990
Subaru,Xv,2014,SUV,Manual,AWD,Unleaded,7.3,4,4,5,10999
Subaru,Xv,2014,SUV,Automatic,AWD,Unleaded,7.1,4,4,5,19888
Subaru,Wrx,2014,Sedan,Manual,AWD,Premium,9.2,4,4,5,29990
Subaru,Forester,2014,SUV,Automatic,AWD,Unleaded,8.1,4,4,5,23990
Subaru,Xv,2014,SUV,Manual,AWD,Unleaded,7.3,4,4,5,14999
Subaru,Forester,2014,SUV,Automatic,AWD,Unleaded,8.1,4,4,5,20990
Subaru,Wrx,2014,Sedan,Automatic,AWD,Premium,8.6,4,4,5,24990
Subaru,Outback,2014,SUV,Automatic,AWD,Diesel,6.3,4,4,5,15990
Subaru,Wrx,2014,Sedan,Manual,AWD,Premium,10.4,4,4,5,48999
Subaru,Forester,2014,SUV,Automatic,AWD,Unleaded,8.1,4,4,5,19870
Subaru,Wrx,2014,NA,Automatic,OTHER,-,NA,NA,NA,NA,27990
Subaru,Outback,2014,SUV,Automatic,AWD,Diesel,6.5,4,4,5,16990
Subaru,Impreza,2015,Hatchback,Automatic,AWD,Unleaded,6.8,4,5,5,15999
Subaru,Xv,2015,SUV,Automatic,AWD,Unleaded,7.1,4,4,5,21488
Subaru,Wrx,2015,Sedan,Automatic,AWD,Premium,8.6,4,4,5,39888
Subaru,Wrx,2015,Sedan,Manual,AWD,Premium,10.4,4,4,5,41880
Subaru,Impreza,2015,Sedan,Manual,AWD,Unleaded,7.1,4,4,5,12999
Subaru,Liberty,2015,Sedan,Automatic,AWD,Premium,7.3,4,4,5,19995
Subaru,Impreza,2015,Hatchback,Automatic,OTHER,Unleaded,NA,NA,NA,NA,22500
Subaru,Outback,2015,SUV,Automatic,AWD,Premium,7.3,4,4,5,22888
Subaru,Forester,2015,SUV,Automatic,AWD,Diesel,6.3,4,4,5,16990
Subaru,Outback,2015,SUV,Automatic,AWD,Premium,7.3,4,4,5,22995
Subaru,Outback,2015,SUV,Automatic,AWD,Premium,9.9,6,4,5,19990
Subaru,Wrx,2015,Sedan,Manual,AWD,Premium,10.4,4,4,5,48888
Subaru,Outback,2015,SUV,Automatic,AWD,Premium,7.3,4,4,5,19771
Subaru,Wrx,2015,Sedan,Automatic,AWD,Premium,8.6,4,4,5,28745
Subaru,Forester,2015,Wagon,-,OTHER,Unleaded,NA,NA,NA,NA,29999
Subaru,Wrx,2015,Sedan,Automatic,AWD,Premium,8.6,4,4,5,27888
Subaru,Wrx,2015,Sedan,Manual,AWD,Premium,9.2,4,4,5,25990
Subaru,Impreza,2015,Hatchback,Automatic,AWD,Unleaded,6.8,4,5,5,15980
Subaru,Forester,2015,SUV,Automatic,AWD,Diesel,6.4,4,4,5,25990
Subaru,Brz,2015,Coupe,Automatic,REAR,Premium,7.1,4,2,4,29910
Subaru,Outback,2015,SUV,Automatic,AWD,Premium,7.3,4,4,5,28999
Subaru,Xv,2015,SUV,Automatic,AWD,Unleaded,7.1,4,4,5,19990
Subaru,Wrx,2015,Sedan,Manual,AWD,Premium,9.2,4,4,5,29850
Subaru,Outback,2015,SUV,Automatic,AWD,Premium,9.9,6,4,5,26888
Subaru,Forester,2015,SUV,Automatic,AWD,Diesel,6.3,4,4,5,16750
Subaru,Forester,2015,SUV,Automatic,AWD,Diesel,6.4,4,4,5,19990
Subaru,Liberty,2015,NA,Automatic,OTHER,Unleaded,NA,NA,NA,NA,21750
Subaru,Impreza,2015,Sedan,Automatic,AWD,Unleaded,6.8,4,4,5,23990
Subaru,Impreza,2015,Hatchback,Automatic,AWD,Unleaded,6.8,4,5,5,19390
Subaru,Outback,2015,SUV,Automatic,AWD,Premium,7.3,4,4,5,18990
Subaru,Xv,2015,SUV,Automatic,AWD,Unleaded,7.1,4,4,5,24989
Subaru,Outback,2015,SUV,Automatic,AWD,Diesel,6.3,4,4,5,24880
Subaru,Xv,2015,SUV,Automatic,AWD,Unleaded,7.1,4,4,5,22990
Subaru,Forester,2015,SUV,Automatic,AWD,Diesel,6.4,4,4,5,15990
Subaru,Outback,2015,Wagon,Automatic,OTHER,Unleaded,NA,NA,NA,NA,19990
Subaru,Outback,2015,SUV,Automatic,AWD,Premium,7.3,4,4,5,20990
Subaru,Outback,2015,SUV,Automatic,AWD,Premium,7.3,4,4,5,24950
Subaru,Liberty,2015,Sedan,Automatic,AWD,Premium,7.3,4,4,5,14985
Subaru,Brz,2015,Coupe,Automatic,REAR,Premium,7.1,4,2,4,32990
Subaru,Xv,2016,SUV,Automatic,AWD,Unleaded,7.1,4,4,5,22990
Subaru,Liberty,2016,Sedan,Automatic,AWD,Premium,9.9,6,4,5,17950
Subaru,Outback,2016,SUV,Automatic,AWD,Premium,7.3,4,4,5,29990
Subaru,Xv,2016,SUV,Automatic,AWD,Unleaded,7.1,4,4,5,17980
Subaru,Impreza,2016,Hatchback,Automatic,AWD,Unleaded,6.8,4,5,5,22890
Subaru,Forester,2016,SUV,Automatic,AWD,Unleaded,8.1,4,4,5,27990
Subaru,Outback,2016,SUV,Manual,AWD,Diesel,6.3,4,4,5,19995
Subaru,Xv,2016,SUV,Automatic,AWD,Unleaded,7.1,4,4,5,27990
Subaru,Forester,2016,SUV,Automatic,AWD,Diesel,6.3,4,4,5,23990
Subaru,Brz,2016,Coupe,Manual,REAR,Premium,7.8,4,2,4,27990
Subaru,Forester,2016,SUV,Automatic,AWD,Premium,7.2,4,4,5,35800
Subaru,Xv,2016,SUV,Manual,AWD,Unleaded,7.3,4,4,5,21995
Subaru,Forester,2016,SUV,Automatic,AWD,Diesel,6.4,4,4,5,22990
Subaru,Outback,2016,SUV,Automatic,AWD,Premium,7.3,4,4,5,22770
Subaru,Xv,2016,SUV,Automatic,AWD,Unleaded,7.1,4,4,5,20999
Subaru,Forester,2016,SUV,Automatic,AWD,Premium,7.2,4,4,5,41990
Subaru,Wrx,2016,Sedan,Manual,AWD,Premium,10.4,4,4,5,32990
Subaru,Forester,2016,SUV,Automatic,AWD,Unleaded,8.1,4,4,5,25950
Subaru,Outback,2016,SUV,Automatic,AWD,Premium,7.3,4,4,5,27990
Subaru,Forester,2016,SUV,Automatic,AWD,Unleaded,8.1,4,4,5,21990
Subaru,Forester,2016,SUV,Automatic,AWD,Unleaded,8.1,4,4,5,32888
Subaru,Impreza,2016,Sedan,Automatic,AWD,Unleaded,6.8,4,4,5,22990
Subaru,Impreza,2016,Hatchback,Automatic,AWD,Unleaded,6.8,4,5,5,19992
Subaru,Xv,2016,SUV,Automatic,AWD,Unleaded,7.1,4,4,5,17999
Subaru,Wrx,2016,Sedan,Manual,AWD,Premium,9.2,4,4,5,36425
Subaru,Xv,2016,Wagon,-,FRONT,Unleaded,NA,NA,NA,NA,23990
Subaru,Outback,2016,SUV,Automatic,AWD,Premium,7.3,4,4,5,18900
Subaru,Xv,2016,SUV,Automatic,AWD,Unleaded,7.1,4,4,5,23990
Subaru,Xv,2016,SUV,Automatic,AWD,Unleaded,7.1,4,4,5,25990
Subaru,Outback,2016,SUV,Automatic,AWD,Premium,7.3,4,4,5,21990
Subaru,Impreza,2016,Hatchback,Automatic,AWD,Unleaded,6.8,4,5,5,21888
Subaru,Forester,2016,Wagon,Automatic,OTHER,Unleaded,NA,NA,NA,NA,23990
Subaru,Wrx,2016,Sedan,Manual,AWD,Premium,9.2,4,4,5,34768
Subaru,Xv,2016,SUV,Automatic,AWD,Unleaded,7.1,4,4,5,18990
Subaru,Forester,2016,SUV,Automatic,AWD,Unleaded,8.1,4,4,5,25998
Subaru,Liberty,2016,Sedan,Automatic,AWD,Premium,9.9,6,4,5,25990
Subaru,Wrx,2016,Sedan,Manual,AWD,Premium,10.4,4,4,5,35990
Subaru,Levorg,2016,Wagon,Automatic,AWD,Premium,8.7,4,4,5,28990
Subaru,Xv,2017,SUV,Automatic,AWD,Unleaded,7,4,4,5,28990
Subaru,Forester,2017,SUV,Automatic,AWD,Unleaded,8.1,4,4,5,31990
Subaru,Xv,2017,SUV,Automatic,AWD,Unleaded,7,4,4,5,26790
Subaru,Wrx,2017,Sedan,Manual,AWD,Premium,10.4,4,4,5,51999
Subaru,Outback,2017,SUV,Automatic,AWD,Diesel,6.3,4,4,5,17950
Subaru,Wrx,2017,Sedan,Manual,AWD,Premium,10.4,4,4,5,46999
Subaru,Brz,2017,Coupe,Manual,REAR,Premium,7.8,4,2,4,31950
Subaru,Outback,2017,SUV,Automatic,AWD,Premium,7.3,4,4,5,32880
Subaru,Xv,2017,SUV,Automatic,AWD,Unleaded,7,4,4,5,25999
Subaru,Impreza,2017,Hatchback,Automatic,AWD,Unleaded,NA,NA,NA,NA,18990
Subaru,Xv,2017,SUV,Automatic,AWD,Unleaded,7,4,4,5,36880
Subaru,Wrx,2017,Sedan,Automatic,AWD,Premium,8.6,4,4,5,38950
Subaru,Levorg,2017,Wagon,Automatic,AWD,Premium,8.7,4,4,5,31950
Subaru,Forester,2017,SUV,Manual,AWD,Diesel,5.9,4,4,5,18920
Subaru,Wrx,2017,Sedan,Automatic,AWD,Premium,8.6,4,4,5,37990
Subaru,Forester,2017,SUV,Automatic,AWD,Unleaded,8.1,4,4,5,27999
Subaru,Forester,2017,SUV,Automatic,AWD,Unleaded,8.1,4,4,5,23990
Subaru,Forester,2017,SUV,Automatic,AWD,Unleaded,8.1,4,4,5,29990
Subaru,Xv,2017,SUV,Automatic,AWD,Unleaded,7,4,4,5,24990
Subaru,Wrx,2017,Sedan,Automatic,AWD,Premium,10.4,4,4,5,33700
Subaru,Xv,2017,SUV,Automatic,AWD,Unleaded,7.1,4,4,5,29990
Subaru,Forester,2017,SUV,Automatic,AWD,Diesel,6.3,4,4,5,20990
Subaru,Forester,2017,SUV,Automatic,AWD,Unleaded,8.1,4,4,5,30999
Subaru,Wrx,2017,Sedan,Manual,AWD,Premium,10.4,4,4,5,43900
Subaru,Outback,2017,SUV,Automatic,AWD,Premium,7.3,4,4,5,31490
Subaru,Outback,2017,SUV,Automatic,AWD,Premium,9.9,6,4,5,36990
Subaru,Levorg,2017,Wagon,Automatic,AWD,Premium,7.4,4,4,5,29990
Subaru,Outback,2017,SUV,Automatic,AWD,Diesel,6.3,4,4,5,25900
Subaru,Wrx,2017,Sedan,Manual,AWD,Premium,10.4,4,4,5,49990
Subaru,Impreza,2017,Hatchback,Automatic,AWD,Unleaded,7.2,4,5,5,24888
Subaru,Impreza,2017,Hatchback,Automatic,AWD,Unleaded,7.2,4,5,5,22990
Subaru,Xv,2017,SUV,Automatic,AWD,Unleaded,7.1,4,4,5,25490
Subaru,Liberty,2017,Sedan,Automatic,AWD,Premium,9.9,6,4,5,31990
Subaru,Xv,2017,SUV,Automatic,AWD,Unleaded,7.1,4,4,5,31490
Subaru,Impreza,2017,Hatchback,Automatic,AWD,Unleaded,6.6,4,5,5,26990
Subaru,Outback,2017,SUV,Automatic,AWD,Premium,7.3,4,4,5,32981
Subaru,Forester,2017,SUV,Automatic,AWD,Unleaded,8.1,4,4,5,26990
Subaru,Xv,2017,SUV,Automatic,AWD,Unleaded,7,4,4,5,33980
Subaru,Impreza,2017,Hatchback,Automatic,AWD,Unleaded,7.2,4,5,5,23990
Subaru,Liberty,2017,Sedan,Automatic,AWD,Premium,9.9,6,4,5,31889
Subaru,Impreza,2017,Hatchback,Automatic,AWD,Unleaded,6.6,4,5,5,26980
Subaru,Outback,2017,SUV,Automatic,AWD,Premium,7.3,4,4,5,31999
Subaru,Liberty,2017,Sedan,Automatic,AWD,Premium,7.3,4,4,5,20900
Subaru,Brz,2017,Coupe,Automatic,REAR,Premium,7.1,4,2,4,34990
Subaru,Impreza,2018,Hatchback,Automatic,AWD,Unleaded,6.6,4,5,5,22990
Subaru,Outback,2018,SUV,Automatic,AWD,Unleaded,7.3,4,4,5,33898
Subaru,Outback,2018,SUV,Automatic,AWD,Unleaded,7.3,4,4,5,29888
Subaru,Outback,2018,SUV,Automatic,AWD,Unleaded,7.3,4,4,5,27950
Subaru,Outback,2018,SUV,Automatic,AWD,Diesel,6.3,4,4,5,29690
Subaru,Impreza,2018,Hatchback,Automatic,AWD,Unleaded,6.6,4,5,5,22950
Subaru,Outback,2018,SUV,Automatic,AWD,Unleaded,9.9,6,4,5,31999
Subaru,Liberty,2018,Sedan,Automatic,AWD,Unleaded,7.3,4,4,5,24990
Subaru,Outback,2018,SUV,Automatic,AWD,Diesel,6.3,4,4,5,36990
Subaru,Impreza,2018,Sedan,Automatic,AWD,Unleaded,6.6,4,4,5,20950
Subaru,Outback,2018,SUV,Automatic,AWD,Unleaded,9.9,6,4,5,32888
Subaru,Forester,2018,SUV,Automatic,AWD,Unleaded,7.4,4,4,5,36990
Subaru,Outback,2018,SUV,Automatic,AWD,Unleaded,9.9,6,4,5,39999
Subaru,Outback,2018,SUV,Automatic,AWD,Unleaded,9.9,6,4,5,31990
Subaru,Liberty,2018,Sedan,Automatic,AWD,Unleaded,7.3,4,4,5,29990
Subaru,Liberty,2018,Sedan,Automatic,AWD,Unleaded,7.3,4,4,5,30990
Subaru,Outback,2018,SUV,Automatic,AWD,Unleaded,7.3,4,4,5,28995
Subaru,Outback,2018,SUV,Automatic,AWD,Unleaded,7.3,4,4,5,19990
Subaru,Forester,2018,SUV,Automatic,AWD,Unleaded,7.4,4,4,5,34990
Subaru,Outback,2018,SUV,Automatic,AWD,Diesel,6.3,4,4,5,27990
Subaru,Forester,2018,SUV,Automatic,AWD,Unleaded,8.1,4,4,5,29912
Subaru,Liberty,2018,Sedan,Automatic,AWD,Unleaded,9.9,6,4,5,30690
Subaru,Liberty,2018,Sedan,Automatic,AWD,Unleaded,7.3,4,4,5,27888
Subaru,Forester,2018,SUV,Automatic,AWD,Unleaded,8.1,4,4,5,29990
Subaru,Impreza,2018,Hatchback,Automatic,AWD,Unleaded,7.2,4,5,5,29999
Subaru,Liberty,2018,Sedan,Automatic,AWD,Unleaded,7.3,4,4,5,26999
Subaru,Xv,2018,SUV,Automatic,AWD,Unleaded,7,4,4,5,32830
Subaru,Xv,2018,SUV,Automatic,AWD,Unleaded,7,4,4,5,34990
Subaru,Outback,2018,SUV,Automatic,AWD,Diesel,6.3,4,4,5,29990
Subaru,Outback,2018,SUV,Automatic,AWD,Diesel,6.3,4,4,5,26950
Subaru,Liberty,2018,Sedan,Automatic,AWD,Unleaded,7.3,4,4,5,29999
Subaru,Impreza,2018,Hatchback,Automatic,AWD,Unleaded,6.6,4,5,5,20989
Subaru,Forester,2018,SUV,Automatic,AWD,Unleaded,8.1,4,4,5,34987
Subaru,Wrx,2018,NA,Automatic,OTHER,-,NA,NA,NA,NA,35950
Subaru,Forester,2018,SUV,Automatic,AWD,Unleaded,8.1,4,4,5,31850
Subaru,Forester,2018,SUV,Automatic,AWD,Unleaded,7.4,4,4,5,30990
Subaru,Forester,2018,SUV,Automatic,AWD,Unleaded,8.1,4,4,5,22950
Subaru,Forester,2018,SUV,Automatic,AWD,Diesel,6.3,4,4,5,26850
Subaru,Outback,2018,SUV,Automatic,AWD,Diesel,6.3,4,4,5,28990
Subaru,Outback,2018,SUV,Automatic,AWD,Unleaded,7.3,4,4,5,35850
Subaru,Impreza,2018,Hatchback,Automatic,AWD,Unleaded,6.6,4,5,5,23290
Subaru,Outback,2018,SUV,Automatic,AWD,Unleaded,7.3,4,4,5,21980
Subaru,Forester,2018,SUV,Automatic,AWD,Unleaded,7.4,4,4,5,32950
Subaru,Outback,2018,SUV,Automatic,AWD,Unleaded,7.3,4,4,5,35888
Subaru,Outback,2018,SUV,Automatic,AWD,Unleaded,7.3,4,4,5,39880
Subaru,Wrx,2018,Sedan,Manual,AWD,Premium,11.2,4,4,5,61950
Subaru,Outback,2018,SUV,Automatic,AWD,Unleaded,7.3,4,4,5,23990
Subaru,Outback,2018,SUV,Automatic,AWD,Unleaded,7.3,4,4,5,28880
Subaru,Forester,2018,SUV,Automatic,AWD,Diesel,6.3,4,4,5,28490
Subaru,Forester,2018,SUV,Automatic,AWD,Unleaded,7.4,4,4,5,27995
Subaru,Outback,2018,SUV,Automatic,AWD,Unleaded,7.3,4,4,5,33880
Subaru,Xv,2018,SUV,Automatic,AWD,Unleaded,7,4,4,5,29990
Subaru,Xv,2018,SUV,Automatic,AWD,Unleaded,7,4,4,5,31987
Subaru,Forester,2018,SUV,Automatic,AWD,Unleaded,8.1,4,4,5,27999
Subaru,Xv,2018,SUV,Automatic,AWD,Unleaded,7,4,4,5,35788
Subaru,Outback,2018,SUV,Automatic,AWD,Unleaded,7.3,4,4,5,32999
Subaru,Outback,2018,SUV,Automatic,AWD,Diesel,6.3,4,4,5,25990
Subaru,Brz,2018,Coupe,Manual,REAR,Premium,7.8,4,2,4,37995
Subaru,Wrx,2018,Sedan,Manual,AWD,Premium,9.2,4,4,5,39995
Subaru,Outback,2018,SUV,Automatic,AWD,Unleaded,9.9,6,4,5,41990
Subaru,Outback,2018,SUV,Automatic,AWD,Unleaded,7.3,4,4,5,34990
Subaru,Forester,2018,SUV,Automatic,AWD,Unleaded,8.1,4,4,5,35990
Subaru,Forester,2018,SUV,Automatic,AWD,Unleaded,7.4,4,4,5,21999
Subaru,Outback,2018,SUV,Automatic,AWD,Unleaded,7.3,4,4,5,32990
Subaru,Forester,2019,SUV,Automatic,AWD,Unleaded,7.4,4,4,5,32990
Subaru,Outback,2019,SUV,Automatic,AWD,Unleaded,7.3,4,4,5,30888
Subaru,Brz,2019,Coupe,Automatic,REAR,Premium,7.8,4,2,4,38980
Subaru,Forester,2019,SUV,Automatic,AWD,Unleaded,7.4,4,4,5,33990
Subaru,Forester,2019,SUV,Automatic,AWD,Unleaded,7.4,4,4,5,35490
Subaru,Xv,2019,SUV,Automatic,AWD,Unleaded,7,4,4,5,30990
Subaru,Xv,2019,SUV,Automatic,AWD,Unleaded,7,4,4,5,35990
Subaru,Outback,2019,SUV,Automatic,AWD,Unleaded,7.3,4,4,5,32888
Subaru,Forester,2019,SUV,Automatic,AWD,Unleaded,7.4,4,4,5,36990
Subaru,Forester,2019,SUV,Automatic,AWD,Unleaded,7.4,4,4,5,34990
Subaru,Xv,2019,SUV,Automatic,AWD,Unleaded,7,4,4,5,33730
Subaru,Outback,2019,SUV,Automatic,AWD,Unleaded,7.3,4,4,5,32999
Subaru,Outback,2019,SUV,Automatic,AWD,Diesel,6.3,4,4,5,26999
Subaru,Forester,2019,SUV,Automatic,AWD,Unleaded,7.4,4,4,5,33850
Subaru,Liberty,2019,Sedan,Automatic,AWD,Unleaded,7.3,4,4,5,31990
Subaru,Outback,2019,SUV,Automatic,AWD,Unleaded,7.3,4,4,5,32995
Subaru,Liberty,2019,Sedan,Automatic,AWD,Unleaded,7.3,4,4,5,24999
Subaru,Liberty,2019,Sedan,Automatic,AWD,Unleaded,7.3,4,4,5,26990
Subaru,Xv,2019,SUV,Automatic,AWD,Unleaded,7,4,4,5,36490
Subaru,Xv,2019,SUV,Automatic,AWD,Unleaded,7,4,4,5,27990
Subaru,Forester,2019,SUV,Automatic,AWD,Unleaded,7.4,4,4,5,34498
Subaru,Outback,2019,SUV,Automatic,AWD,Unleaded,7.3,4,4,5,29990
Subaru,Forester,2019,SUV,Automatic,AWD,Unleaded,7.4,4,4,5,39990
Subaru,Outback,2019,SUV,Automatic,AWD,Unleaded,9.9,6,4,5,38990
Subaru,Forester,2019,SUV,Automatic,AWD,Unleaded,7.4,4,4,5,36987
Subaru,Wrx,2019,Sedan,Automatic,AWD,Premium,8.6,4,4,5,42990
Subaru,Forester,2019,SUV,Automatic,AWD,Unleaded,7.4,4,4,5,33868
Subaru,Liberty,2019,Sedan,Automatic,AWD,Unleaded,9.9,6,4,5,35950
Subaru,Xv,2019,SUV,Automatic,AWD,Unleaded,7.1,4,4,5,26980
Subaru,Outback,2019,SUV,Automatic,AWD,Diesel,6.3,4,4,5,34880
Subaru,Liberty,2019,Sedan,Automatic,AWD,Unleaded,7.3,4,4,5,34490
Subaru,Wrx,2019,Sedan,Automatic,AWD,Premium,8.6,4,4,5,42907
Subaru,Forester,2019,SUV,Automatic,AWD,Unleaded,7.4,4,4,5,39868
Subaru,Forester,2019,SUV,Automatic,AWD,Unleaded,7.4,4,4,5,38990
Subaru,Brz,2019,Coupe,Manual,REAR,Premium,7.8,4,2,4,39970
Subaru,Forester,2019,SUV,Automatic,AWD,Unleaded,7.4,4,4,5,35990
Subaru,Forester,2019,SUV,Automatic,AWD,Unleaded,7.4,4,4,5,21990
Subaru,Xv,2019,SUV,Automatic,AWD,Unleaded,7.1,4,4,5,34890
Subaru,Wrx,2019,Sedan,Manual,AWD,Premium,9.2,4,4,5,42990
Subaru,Xv,2019,SUV,Automatic,AWD,Unleaded,7,4,4,5,34980
Subaru,Outback,2019,SUV,Automatic,AWD,Unleaded,7.3,4,4,5,39999
Subaru,Xv,2019,SUV,Automatic,AWD,Unleaded,7,4,4,5,28971
Subaru,Liberty,2019,Sedan,Automatic,AWD,Unleaded,7.3,4,4,5,26988
Subaru,Xv,2019,SUV,Automatic,AWD,Unleaded,7,4,4,5,32888
Subaru,Levorg,2019,Wagon,Automatic,AWD,Premium,8.7,4,4,5,44388
Subaru,Liberty,2019,Sedan,Automatic,AWD,Unleaded,7.3,4,4,5,27990
Subaru,Xv,2019,SUV,Automatic,AWD,Unleaded,7,4,4,5,29951
Subaru,Xv,2019,SUV,Automatic,AWD,Unleaded,7,4,4,5,24888
Subaru,Xv,2019,SUV,Automatic,AWD,Unleaded,7.1,4,4,5,29995
Subaru,Forester,2019,SUV,Automatic,AWD,Unleaded,7.4,4,4,5,28950
Subaru,Outback,2019,SUV,Automatic,AWD,Diesel,6.3,4,4,5,34990
Subaru,Outback,2020,SUV,Automatic,AWD,Unleaded,7.3,4,4,5,40888
Subaru,Forester,2020,SUV,Automatic,AWD,Unleaded,7.4,4,4,5,28950
Subaru,Forester,2020,SUV,Automatic,AWD,Unleaded,7.4,4,4,5,39990
Subaru,Xv,2020,SUV,Automatic,AWD,Unleaded,7,4,4,5,33388
Subaru,Impreza,2020,Hatchback,Automatic,AWD,Unleaded,7.2,4,5,5,32990
Subaru,Liberty,2020,Sedan,Automatic,AWD,Unleaded,7.3,4,4,5,26990
Subaru,Forester,2020,SUV,Automatic,AWD,Hybrid,6.7,4,4,5,37990
Subaru,Xv,2020,SUV,Automatic,AWD,Unleaded,7,4,4,5,32992
Subaru,Forester,2020,SUV,Automatic,AWD,Unleaded,7.4,4,4,5,30990
Subaru,Forester,2020,SUV,Automatic,AWD,Unleaded,7.4,4,4,5,34990
Subaru,Outback,2020,SUV,Automatic,AWD,Unleaded,7.3,4,4,5,33930
Subaru,Forester,2020,SUV,Automatic,AWD,Unleaded,7.4,4,4,5,32670
Subaru,Forester,2020,SUV,Automatic,AWD,Unleaded,7.4,4,4,5,33990
Subaru,Forester,2020,SUV,Automatic,AWD,Unleaded,7.4,4,4,5,33888
Subaru,Forester,2020,SUV,Automatic,AWD,Unleaded,7.4,4,4,5,33910
Subaru,Wrx,2020,NA,Manual,OTHER,-,NA,NA,NA,NA,63999
Subaru,Xv,2020,SUV,Automatic,AWD,Unleaded,7,4,4,5,35888
Subaru,Xv,2020,SUV,Automatic,AWD,Unleaded,7,4,4,5,29980
Subaru,Forester,2020,SUV,Automatic,AWD,Unleaded,7.4,4,4,5,42999
Subaru,Forester,2020,SUV,Automatic,AWD,Unleaded,7.4,4,4,5,33950
Subaru,Liberty,2020,Sedan,Automatic,AWD,Unleaded,7.3,4,4,5,27990
Subaru,Xv,2020,SUV,Automatic,AWD,Unleaded,7,4,4,5,37970
Subaru,Xv,2020,SUV,Automatic,AWD,Unleaded,7,4,4,5,37999
Subaru,Forester,2020,SUV,Automatic,AWD,Unleaded,7.4,4,4,5,34888
Subaru,Impreza,2020,Hatchback,Automatic,AWD,Unleaded,6.6,4,5,5,27490
Subaru,Outback,2020,SUV,Automatic,AWD,Unleaded,7.3,4,4,5,37995
Subaru,Outback,2020,SUV,Automatic,AWD,Unleaded,7.3,4,4,5,38950
Subaru,Outback,2020,SUV,Automatic,AWD,Unleaded,7.3,4,4,5,42990
Subaru,Forester,2020,SUV,Automatic,AWD,Hybrid,6.7,4,4,5,43990
Subaru,Outback,2020,SUV,Automatic,AWD,Unleaded,7.3,4,4,5,34888
Subaru,Outback,2020,SUV,Automatic,AWD,Unleaded,7.3,4,4,5,32888
Subaru,Outback,2020,SUV,Automatic,AWD,Unleaded,7.3,4,4,5,37999
Subaru,Outback,2020,SUV,Automatic,AWD,Unleaded,9.9,6,4,5,34990
Subaru,Forester,2020,SUV,Automatic,AWD,Unleaded,7.4,4,4,5,34950
Subaru,Impreza,2020,Sedan,Automatic,AWD,Unleaded,6.6,4,4,5,27995
Subaru,Forester,2020,SUV,Automatic,AWD,Unleaded,7.4,4,4,5,33999
Subaru,Forester,2020,SUV,Automatic,AWD,Unleaded,7.4,4,4,5,35488
Subaru,Xv,2020,SUV,Automatic,AWD,Hybrid,6.5,4,4,5,35980
Subaru,Forester,2020,SUV,Automatic,AWD,Hybrid,6.7,4,4,5,35998
Subaru,Wrx,2020,Sedan,Manual,AWD,Premium,11.2,4,4,5,71888
Subaru,Xv,2020,SUV,Automatic,AWD,Unleaded,7,4,4,5,33990
Subaru,Xv,2020,SUV,Automatic,AWD,Unleaded,7,4,4,5,35990
Subaru,Impreza,2020,Sedan,Automatic,AWD,Unleaded,6.6,4,4,5,29990
Subaru,Forester,2021,SUV,Automatic,AWD,Unleaded,7.4,4,4,5,39990
Subaru,Outback,2021,SUV,Automatic,AWD,Unleaded,7.3,4,4,5,43999
Subaru,Outback,2021,SUV,Automatic,AWD,Unleaded,7.3,4,4,5,44990
Subaru,Xv,2021,SUV,Automatic,AWD,Unleaded,7,4,4,5,35990
Subaru,Impreza,2021,Hatchback,Automatic,AWD,Unleaded,7.2,4,5,5,32999
Subaru,Xv,2021,SUV,Automatic,AWD,Unleaded,7,4,4,5,32990
Subaru,Wrx,2021,Sedan,Manual,AWD,Premium,11.2,4,4,5,70750
Subaru,Xv,2021,SUV,Automatic,OTHER,Unleaded,NA,NA,NA,NA,35490
Subaru,Forester,2021,SUV,Automatic,AWD,Unleaded,7.4,4,4,5,33670
Subaru,Impreza,2021,Sedan,Automatic,AWD,Unleaded,7.2,4,4,5,32990
Subaru,Forester,2021,SUV,Automatic,AWD,Unleaded,7.4,4,4,5,33933
Subaru,Forester,2021,SUV,Automatic,AWD,Hybrid,6.7,4,4,5,41990
Subaru,Outback,2021,SUV,Automatic,AWD,Unleaded,7.3,4,4,5,51990
Subaru,Xv,2021,Wagon,Automatic,OTHER,Unleaded,NA,NA,NA,NA,30490
Subaru,Impreza,2021,Hatchback,Automatic,AWD,Unleaded,6.6,4,5,5,28950
Subaru,Outback,2021,SUV,Automatic,AWD,Unleaded,7.3,4,4,5,46490
Subaru,Forester,2021,SUV,Automatic,AWD,Unleaded,7.4,4,4,5,32992
Subaru,Forester,2021,SUV,Automatic,AWD,Unleaded,7.4,4,4,5,38998
Subaru,Impreza,2021,Hatchback,Automatic,AWD,Unleaded,6.6,4,5,5,29990
Subaru,Xv,2021,SUV,Automatic,AWD,Unleaded,7,4,4,5,33888
Subaru,Outback,2021,SUV,Automatic,AWD,Unleaded,7.3,4,4,5,42990
Subaru,Forester,2021,SUV,Automatic,AWD,Unleaded,7.4,4,4,5,33985
Subaru,Forester,2021,SUV,Automatic,AWD,Unleaded,7.4,4,4,5,35980
Subaru,Forester,2021,SUV,Automatic,AWD,Unleaded,7.4,4,4,5,34885
Subaru,Outback,2021,SUV,Automatic,AWD,Unleaded,7.3,4,4,5,41376
Subaru,Forester,2021,SUV,Automatic,AWD,Hybrid,6.7,4,4,5,32990
Subaru,Forester,2021,SUV,Automatic,AWD,Unleaded,7.4,4,4,5,34980
Subaru,Outback,2021,SUV,Automatic,AWD,Unleaded,7.3,4,4,5,41990
Subaru,Forester,2022,SUV,Automatic,AWD,Unleaded,7.4,4,4,5,45777
Subaru,Wrx,2022,Wagon,Automatic,AWD,Premium,8.5,4,4,5,53990
Subaru,Outback,2022,SUV,Automatic,AWD,Unleaded,7.3,4,4,5,43999
Subaru,Wrx,2022,Sedan,Manual,AWD,Premium,9.9,4,4,5,48990
Subaru,Outback,2022,SUV,Automatic,AWD,Unleaded,7.3,4,4,5,45999
Subaru,Wrx,2022,Sedan,Automatic,AWD,Premium,8.5,4,4,5,49999
Subaru,Outback,2022,SUV,Automatic,AWD,Unleaded,7.3,4,4,5,51990
Subaru,Forester,2022,SUV,Automatic,AWD,Unleaded,7.4,4,4,5,47990
Subaru,Wrx,2022,Sedan,Automatic,AWD,Premium,8.5,4,4,5,57350
Subaru,Impreza,2022,Hatchback,Automatic,AWD,Unleaded,7.2,4,5,5,33960
Subaru,Outback,2022,SUV,Automatic,AWD,Unleaded,7.3,4,4,5,45990
Subaru,Wrx,2022,Wagon,Automatic,AWD,Premium,8.5,4,4,5,62750
Subaru,Wrx,2022,Sedan,Manual,AWD,Premium,9.9,4,4,5,50750
Subaru,Outback,2022,SUV,Automatic,AWD,Unleaded,7.3,4,4,5,49984
Subaru,Outback,2022,SUV,Automatic,AWD,Unleaded,7.3,4,4,5,48995
Subaru,Wrx,2022,Sedan,Automatic,AWD,Premium,8.5,4,4,5,49990
Subaru,Xv,2022,Wagon,Automatic,OTHER,Unleaded,NA,NA,NA,NA,37470
Subaru,Wrx,2022,Wagon,Automatic,AWD,Premium,8.5,4,4,5,56990
Subaru,Forester,2022,SUV,Automatic,AWD,Unleaded,7.4,4,4,5,51990
Subaru,Wrx,2022,Sedan,Automatic,AWD,Premium,8.5,4,4,5,54990
Subaru,Wrx,2022,Sedan,Automatic,AWD,Premium,8.5,4,4,5,52990
Subaru,Crosstrek,2023,Hatchback,-,OTHER,Unleaded,NA,NA,NA,NA,45990
Subaru,Brz,2023,Coupe,Manual,REAR,Premium,9.5,4,2,4,43888
Subaru,Forester,2023,SUV,Automatic,AWD,Unleaded,7.4,4,4,5,40290
Subaru,Wrx,2023,Sedan,Manual,AWD,Premium,9.9,4,4,5,45990
Subaru,Impreza,2023,Hatchback,Automatic,AWD,Unleaded,6.6,4,5,5,27490
Subaru,Wrx,2023,Sedan,Automatic,AWD,Premium,8.5,4,4,5,55490
Subaru,Wrx,2023,Sedan,Manual,AWD,Premium,9.9,4,4,5,51490
Suzuki,S-Cross,2014,SUV,Automatic,FRONT,Unleaded,5.8,4,4,5,19990
Suzuki,Alto,2014,Hatchback,Automatic,FRONT,Premium,5.2,3,5,4,11990
Suzuki,Swift,2014,Hatchback,Automatic,FRONT,Unleaded,6.2,4,5,5,16990
Suzuki,Swift,2014,Hatchback,Automatic,FRONT,Unleaded,6.1,4,5,5,18999
Suzuki,Alto,2014,Hatchback,Automatic,FRONT,Premium,5.2,3,5,4,11988
Suzuki,Swift,2014,Hatchback,Automatic,FRONT,Unleaded,6.2,4,5,5,12500
Suzuki,Celerio,2015,Hatchback,Automatic,FRONT,Unleaded,4.8,3,5,4,13880
Suzuki,Vitara,2015,SUV,Manual,FRONT,Unleaded,5.8,4,4,5,19990
Suzuki,Alto,2015,Hatchback,-,OTHER,Unleaded,NA,NA,NA,NA,20888
Suzuki,Vitara,2015,SUV,Automatic,FRONT,Unleaded,6,4,4,5,16990
Suzuki,Jimny,2015,SUV,Manual,4WD,Unleaded,7.3,4,2,4,22800
Suzuki,Jimny,2015,SUV,Manual,4WD,Unleaded,7.3,4,2,4,28990
Suzuki,Vitara,2015,SUV,Automatic,FRONT,Unleaded,6,4,4,5,21990
Suzuki,Swift,2015,Hatchback,Automatic,FRONT,Unleaded,6.2,4,5,5,14999
Suzuki,Swift,2016,Hatchback,Automatic,FRONT,Unleaded,6.2,4,5,5,14995
Suzuki,Grand,2016,SUV,Automatic,4WD,Unleaded,9.6,4,2,4,27990
Suzuki,Vitara,2016,SUV,Automatic,4WD,Unleaded,6.3,4,4,5,22950
Suzuki,Vitara,2016,SUV,Automatic,FRONT,Unleaded,5.9,4,4,5,19880
Suzuki,Vitara,2016,SUV,Automatic,FRONT,Unleaded,6,4,4,5,18990
Suzuki,Grand,2016,SUV,Manual,4WD,Unleaded,8.8,4,2,4,27990
Suzuki,Vitara,2016,SUV,Automatic,FRONT,Unleaded,5.9,4,4,5,24990
Suzuki,Vitara,2016,SUV,Automatic,FRONT,Unleaded,5.9,4,4,5,22900
Suzuki,Jimny,2016,SUV,Manual,4WD,Unleaded,7.3,4,2,4,26990
Suzuki,Grand,2016,Wagon,Manual,OTHER,Unleaded,NA,NA,NA,NA,17995
Suzuki,S-Cross,2016,SUV,Automatic,FRONT,Premium,5.9,4,4,5,22990
Suzuki,Swift,2016,Hatchback,Automatic,FRONT,Unleaded,6.1,4,5,5,19998
Suzuki,Swift,2017,Hatchback,Automatic,FRONT,Premium,NA,NA,NA,NA,26280
Suzuki,Vitara,2017,SUV,Automatic,FRONT,Unleaded,5.9,4,4,5,28888
Suzuki,Vitara,2017,SUV,Automatic,FRONT,Unleaded,5.9,4,4,5,28990
Suzuki,Vitara,2017,SUV,Automatic,FRONT,Unleaded,6,4,4,5,17990
Suzuki,Vitara,2017,SUV,Automatic,FRONT,Unleaded,5.9,4,4,5,22990
Suzuki,Vitara,2017,SUV,Automatic,FRONT,Unleaded,6,4,4,5,23990
Suzuki,Alto,2017,Hatchback,Automatic,OTHER,Premium,NA,NA,NA,NA,12888
Suzuki,Swift,2017,Hatchback,Automatic,FRONT,Unleaded,4.8,4,5,5,21990
Suzuki,Vitara,2017,SUV,Automatic,FRONT,Unleaded,6,4,4,5,24990
Suzuki,Vitara,2017,SUV,Automatic,FRONT,Unleaded,6,4,4,5,23890
Suzuki,Vitara,2017,SUV,Automatic,4WD,Unleaded,6.2,4,4,5,25888
Suzuki,Vitara,2017,SUV,Automatic,FRONT,Unleaded,5.9,4,4,5,25490
Suzuki,Baleno,2017,Hatchback,Automatic,FRONT,Unleaded,5.2,3,4,5,14999
Suzuki,Vitara,2017,SUV,Automatic,FRONT,Unleaded,6,4,4,5,20990
Suzuki,Swift,2017,Hatchback,Automatic,FRONT,Unleaded,4.8,4,5,5,19990
Suzuki,Ignis,2017,SUV,Automatic,FRONT,Premium,4.9,4,4,5,19999
Suzuki,Swift,2018,Hatchback,Automatic,FRONT,Unleaded,4.8,4,5,5,18990
Suzuki,Swift,2018,Hatchback,Automatic,FRONT,Unleaded,4.8,4,5,5,16887
Suzuki,Ignis,2018,SUV,Automatic,FRONT,Premium,4.9,4,4,5,19880
Suzuki,Vitara,2018,SUV,Automatic,FRONT,Unleaded,5.9,4,4,5,26990
Suzuki,Swift,2018,Hatchback,Automatic,FRONT,Unleaded,4.8,4,5,5,22995
Suzuki,Every,2018,NA,Automatic,OTHER,-,NA,NA,NA,NA,17995
Suzuki,Swift,2018,Hatchback,Automatic,FRONT,Unleaded,4.8,4,5,5,19800
Suzuki,Vitara,2018,SUV,Automatic,FRONT,Unleaded,6,4,4,5,29995
Suzuki,Ignis,2018,SUV,Automatic,FRONT,Premium,4.9,4,4,5,18999
Suzuki,Vitara,2018,SUV,Automatic,FRONT,Unleaded,6,4,4,5,25990
Suzuki,Vitara,2018,SUV,Automatic,FRONT,Unleaded,6,4,4,5,24990
Suzuki,Baleno,2018,Hatchback,Automatic,FRONT,Unleaded,5.4,4,4,5,18499
Suzuki,Swift,2018,Hatchback,Manual,FRONT,Unleaded,4.6,4,5,5,18990
Suzuki,Swift,2018,Hatchback,Automatic,FRONT,Unleaded,4.8,4,5,5,17980
Suzuki,Every,2018,NA,-,OTHER,Unleaded,NA,NA,NA,NA,24888
Suzuki,Grand,2018,SUV,Automatic,4WD,Unleaded,9.9,4,4,5,26990
Suzuki,Baleno,2018,Hatchback,Automatic,FRONT,Unleaded,5.2,3,4,5,22990
Suzuki,Swift,2018,Hatchback,Automatic,FRONT,Unleaded,4.8,4,5,5,20999
Suzuki,Swift,2018,Hatchback,Automatic,FRONT,Unleaded,5.1,3,5,5,22887
Suzuki,Swift,2018,Hatchback,Automatic,FRONT,Unleaded,4.8,4,5,5,17977
Suzuki,Baleno,2018,Hatchback,Automatic,FRONT,Unleaded,5.4,4,4,5,16999
Suzuki,Vitara,2019,SUV,Automatic,FRONT,Premium,5.9,4,4,5,27990
Suzuki,Swift,2019,Hatchback,Automatic,FRONT,Unleaded,4.8,4,5,5,17800
Suzuki,Vitara,2019,SUV,Automatic,FRONT,Unleaded,6.2,4,4,5,27990
Suzuki,Vitara,2019,SUV,Automatic,FRONT,Premium,5.9,4,4,5,24999
Suzuki,Every,2019,Wagon,Automatic,OTHER,Premium,NA,NA,NA,NA,19888
Suzuki,Swift,2019,Hatchback,Manual,FRONT,Premium,6.1,4,5,5,24990
Suzuki,Vitara,2019,SUV,Automatic,FRONT,Unleaded,6.2,4,4,5,21995
Suzuki,Swift,2019,Hatchback,Automatic,FRONT,Unleaded,4.8,4,5,5,19880
Suzuki,Vitara,2019,SUV,Manual,FRONT,Unleaded,5.8,4,4,5,26990
Suzuki,Vitara,2019,SUV,Automatic,FRONT,Unleaded,6.2,4,4,5,24250
Suzuki,Baleno,2019,Hatchback,Automatic,FRONT,Unleaded,5.4,4,4,5,18990
Suzuki,Baleno,2019,Hatchback,Automatic,FRONT,Unleaded,5.4,4,4,5,22999
Suzuki,Swift,2019,Hatchback,Automatic,FRONT,Unleaded,4.8,4,5,5,20999
Suzuki,Jimny,2019,SUV,Manual,4WD,Unleaded,6.4,4,2,4,37705
Suzuki,Vitara,2019,SUV,Automatic,FRONT,Premium,5.9,4,4,5,30747
Suzuki,Swift,2019,Hatchback,Automatic,FRONT,Unleaded,4.8,4,5,5,22990
Suzuki,Swift,2019,Hatchback,Automatic,FRONT,Unleaded,5.1,3,5,5,22375
Suzuki,Vitara,2019,SUV,Automatic,FRONT,Unleaded,6.2,4,4,5,29990
Suzuki,Vitara,2019,SUV,Automatic,FRONT,Premium,5.9,4,4,5,25888
Suzuki,Baleno,2019,Hatchback,Automatic,FRONT,Unleaded,5.4,4,4,5,21990
Suzuki,Swift,2019,Hatchback,Automatic,FRONT,Unleaded,4.8,4,5,5,19990
Suzuki,Vitara,2019,SUV,Automatic,FRONT,Unleaded,6.2,4,4,5,24444
Suzuki,Baleno,2019,Hatchback,Automatic,FRONT,Unleaded,5.4,4,4,5,16990
Suzuki,Swift,2019,Hatchback,Automatic,FRONT,Unleaded,4.8,4,5,5,18995
Suzuki,Swift,2019,Hatchback,Automatic,FRONT,Premium,6.1,4,5,5,23990
Suzuki,Swift,2019,Hatchback,Automatic,FRONT,Unleaded,4.8,4,5,5,20988
Suzuki,Swift,2019,Hatchback,Automatic,FRONT,Premium,6.1,4,5,5,25888
Suzuki,Vitara,2019,SUV,Automatic,FRONT,Unleaded,6.2,4,4,5,25494
Suzuki,Jimny,2019,SUV,Automatic,4WD,Unleaded,6.9,4,2,4,35990
Suzuki,Alto,2020,NA,Automatic,OTHER,Unleaded,NA,NA,NA,NA,15888
Suzuki,Vitara,2020,SUV,Automatic,FRONT,Unleaded,6.2,4,4,5,25995
Suzuki,Baleno,2020,Hatchback,Automatic,FRONT,Unleaded,5.4,4,4,5,19750
Suzuki,Baleno,2020,Hatchback,Automatic,FRONT,Unleaded,5.2,4,4,5,21888
Suzuki,Jimny,2020,SUV,Manual,4WD,Unleaded,6.4,4,2,4,34990
Suzuki,Swift,2020,Hatchback,Automatic,FRONT,Unleaded,4.8,4,5,5,22910
Suzuki,Swift,2020,Hatchback,Automatic,FRONT,Unleaded,4.8,4,5,5,20999
Suzuki,Swift,2020,Hatchback,Automatic,FRONT,Unleaded,5.1,3,5,5,23873
Suzuki,Jimny,2020,SUV,Automatic,4WD,Unleaded,6.9,4,2,4,43928
Suzuki,Jimny,2020,SUV,Manual,4WD,Unleaded,6.9,4,2,4,37990
Suzuki,Baleno,2020,Hatchback,Automatic,FRONT,Unleaded,5.4,4,4,5,19965
Suzuki,Baleno,2020,Hatchback,Automatic,FRONT,Unleaded,5.4,4,4,5,19588
Suzuki,Swift,2020,Hatchback,Automatic,FRONT,Unleaded,4.8,4,5,5,24888
Suzuki,Swift,2021,Hatchback,Automatic,FRONT,Premium,NA,NA,NA,NA,29880
Suzuki,Baleno,2021,Hatchback,Automatic,FRONT,Unleaded,5.4,4,4,5,18888
Suzuki,Carry,2021,Ute/Pickup,Manual,OTHER,Premium,NA,NA,NA,NA,25888
Suzuki,Baleno,2021,Hatchback,Automatic,FRONT,Unleaded,5.4,4,4,5,21888
Suzuki,Ignis,2021,SUV,Automatic,FRONT,Premium,4.9,4,4,5,21850
Suzuki,Swift,2021,Hatchback,Automatic,FRONT,Unleaded,4.8,4,5,5,23990
Suzuki,Vitara,2021,SUV,Automatic,FRONT,Unleaded,6.2,4,4,5,29780
Suzuki,Ignis,2021,SUV,Automatic,FRONT,Premium,4.9,4,4,5,20888
Suzuki,Baleno,2021,Hatchback,Automatic,FRONT,Unleaded,5.4,4,4,5,20990
Suzuki,Baleno,2021,Hatchback,Automatic,FRONT,Unleaded,5.4,4,4,5,21913
Suzuki,Vitara,2021,SUV,Automatic,FRONT,Premium,5.9,4,4,5,31910
Suzuki,Baleno,2021,Hatchback,Automatic,FRONT,Unleaded,5.4,4,4,5,19990
Suzuki,Vitara,2021,SUV,Automatic,FRONT,Unleaded,6.2,4,4,5,24990
Suzuki,Ignis,2021,SUV,Automatic,FRONT,Premium,4.9,4,4,5,19990
Suzuki,Swift,2021,Hatchback,Automatic,FRONT,Unleaded,4.8,4,5,5,23800
Suzuki,Swift,2021,Hatchback,Manual,FRONT,Premium,NA,NA,NA,NA,31790
Suzuki,Baleno,2021,Hatchback,Automatic,FRONT,Unleaded,5.4,4,4,5,21990
Suzuki,Swift,2021,Hatchback,Automatic,FRONT,Unleaded,NA,NA,NA,NA,25888
Suzuki,Jimny,2021,SUV,Manual,4WD,Unleaded,6.4,4,2,4,38990
Suzuki,Swift,2021,Hatchback,Automatic,FRONT,Unleaded,NA,NA,NA,NA,27990
Suzuki,Swift,2021,Hatchback,Automatic,FRONT,Premium,NA,NA,NA,NA,27999
Suzuki,Baleno,2021,Hatchback,Automatic,FRONT,Unleaded,5.4,4,4,5,19998
Suzuki,Baleno,2021,Hatchback,Automatic,FRONT,Unleaded,5.4,4,4,5,18990
Suzuki,Jimny,2021,SUV,Automatic,4WD,Unleaded,6.9,4,2,4,40988
Suzuki,Swift,2022,Hatchback,Automatic,FRONT,Unleaded,5.1,3,5,5,27990
Suzuki,Swift,2022,Hatchback,Automatic,FRONT,Unleaded,4.8,4,5,5,22990
Suzuki,Jimny,2022,SUV,Automatic,4WD,Unleaded,6.9,4,2,4,46990
Suzuki,Swift,2022,Hatchback,Automatic,FRONT,Unleaded,4.8,4,5,5,27585
Suzuki,Jimny,2022,SUV,Manual,4WD,Unleaded,6.4,4,2,4,39990
Suzuki,Baleno,2022,Hatchback,Automatic,FRONT,Unleaded,5.4,4,4,5,20670
Suzuki,Swift,2022,Hatchback,Manual,OTHER,-,NA,NA,NA,NA,27585
Suzuki,Baleno,2022,Hatchback,Manual,FRONT,Unleaded,5.1,4,4,5,19990
Suzuki,Swift,2022,Hatchback,Automatic,FRONT,Unleaded,4.8,4,5,5,26990
Suzuki,Jimny,2022,SUV,Automatic,AWD,Unleaded,6.9,4,2,4,44450
Suzuki,Vitara,2022,SUV,Manual,FRONT,Unleaded,5.8,4,4,5,30990
Suzuki,Jimny,2022,SUV,Automatic,4WD,Unleaded,6.9,4,2,4,41990
Suzuki,S-Cross,2022,SUV,Automatic,AWD,Premium,6.2,4,4,5,45485
Suzuki,Swift,2022,Hatchback,Automatic,FRONT,Unleaded,4.8,4,5,5,26988
Suzuki,Swift,2022,Hatchback,Automatic,FRONT,Unleaded,4.8,4,5,5,28680
Suzuki,Ignis,2022,SUV,Automatic,FRONT,Premium,4.9,4,4,5,25180
Suzuki,Swift,2022,Hatchback,Automatic,FRONT,Unleaded,4.8,4,5,5,29680
Suzuki,Vitara,2022,SUV,Automatic,FRONT,Unleaded,6.2,4,4,5,32990
Suzuki,Baleno,2022,Hatchback,Automatic,FRONT,Unleaded,5.4,4,4,5,19990
Suzuki,Vitara,2022,SUV,Automatic,FRONT,Premium,5.9,4,4,5,33990
Suzuki,Swift,2022,Hatchback,Automatic,FRONT,Unleaded,4.8,4,5,5,28990
Suzuki,Jimny,2022,SUV,Manual,4WD,Unleaded,6.4,4,2,4,34990
Suzuki,Swift,2022,Hatchback,Automatic,FRONT,Unleaded,4.8,4,5,5,28180
Suzuki,S-Cross,2022,SUV,Automatic,AWD,Premium,6.2,4,4,5,46185
Suzuki,Swift,2022,Hatchback,Automatic,FRONT,Unleaded,NA,NA,NA,NA,25998
Suzuki,Swift,2022,Hatchback,Automatic,FRONT,Unleaded,NA,NA,NA,NA,25990
Suzuki,Vitara,2022,SUV,Automatic,FRONT,Premium,5.9,4,4,5,41888
Suzuki,S-Cross,2022,SUV,Automatic,AWD,Premium,6.2,4,4,5,46085
Suzuki,Ignis,2022,SUV,Automatic,FRONT,Premium,4.9,4,4,5,25085
Suzuki,Baleno,2022,Hatchback,Automatic,FRONT,Unleaded,5.4,4,4,5,20990
Suzuki,S-Cross,2022,SUV,Automatic,AWD,Premium,6.2,4,4,5,43990
Suzuki,Vitara,2022,SUV,Automatic,FRONT,Unleaded,6.2,4,4,5,33990
Suzuki,Vitara,2022,SUV,Automatic,FRONT,Unleaded,6.2,4,4,5,34888
Suzuki,Vitara,2022,SUV,Automatic,FRONT,Premium,5.9,4,4,5,36990
Suzuki,Ignis,2022,SUV,Automatic,FRONT,Premium,4.9,4,4,5,21980
Suzuki,S-Cross,2022,SUV,Automatic,AWD,Premium,6.2,4,4,5,37990
Suzuki,Swift,2022,Hatchback,Automatic,FRONT,Unleaded,4.8,4,5,5,26585
Suzuki,Jimny,2022,SUV,Manual,AWD,Unleaded,6.4,4,2,4,36990
Suzuki,Vitara,2022,SUV,Automatic,FRONT,Premium,5.9,4,4,5,35995
Suzuki,Sx4,2022,Hatchback,Automatic,FRONT,Premium,NA,NA,NA,NA,43500
Suzuki,Swift,2022,Hatchback,Automatic,FRONT,Unleaded,4.8,4,5,5,28085
Suzuki,Carry,2022,Ute/Pickup,Automatic,REAR,Unleaded,NA,NA,2,NA,20800
Suzuki,Carry,2022,Ute/Pickup,Automatic,OTHER,Unleaded,NA,NA,2,NA,23990
Suzuki,S-Cross,2022,SUV,Automatic,AWD,Premium,6.2,4,4,5,41990
Suzuki,Vitara,2022,SUV,Automatic,AWD,Premium,6.2,4,4,5,39990
Suzuki,Sx4,2022,Hatchback,-,OTHER,Unleaded,NA,NA,NA,NA,43990
Suzuki,Ignis,2022,SUV,Automatic,FRONT,Premium,4.9,4,4,4,26990
Suzuki,Jimny,2022,SUV,Automatic,4WD,Unleaded,6.9,4,2,4,44990
Suzuki,Vitara,2022,SUV,Automatic,OTHER,Unleaded,NA,NA,NA,NA,31490
Suzuki,S-Cross,2022,SUV,Automatic,AWD,Premium,6.2,4,4,5,43888
Suzuki,Swift,2022,Hatchback,Automatic,FRONT,Unleaded,5.1,3,5,5,32480
Suzuki,Swift,2022,Hatchback,Manual,FRONT,Unleaded,4.6,4,5,5,26180
Suzuki,Swift,2022,Hatchback,Automatic,FRONT,Unleaded,NA,NA,NA,NA,28190
Suzuki,Swift,2022,Hatchback,Manual,FRONT,Unleaded,6.1,4,5,5,34690
Suzuki,Ignis,2022,SUV,Automatic,FRONT,Premium,4.9,4,4,5,24485
Suzuki,Swift,2022,Hatchback,Automatic,FRONT,Unleaded,4.8,4,5,5,27690
Suzuki,Swift,2022,Hatchback,Automatic,FRONT,Unleaded,NA,NA,NA,NA,28590
Suzuki,Vitara,2022,SUV,Automatic,FRONT,Unleaded,6.2,4,4,5,35280
Suzuki,Swift,2023,Hatchback,Automatic,FRONT,Unleaded,6.1,4,5,5,35585
Suzuki,Jimny,2023,SUV,Automatic,AWD,Unleaded,6.9,4,2,4,44990
Suzuki,Jimny,2023,Wagon,-,OTHER,Unleaded,NA,NA,NA,NA,40990
Suzuki,Jimny,2023,SUV,Manual,AWD,-,6.4,4,2,4,42888
Suzuki,Jimny,2023,SUV,Automatic,AWD,Unleaded,6.9,4,2,4,45990
Suzuki,Jimny,2023,SUV,Manual,AWD,-,6.4,4,2,4,42000
Suzuki,Jimny,2023,SUV,Manual,AWD,-,6.4,4,2,4,43990
Suzuki,Ignis,2023,SUV,Automatic,FRONT,Premium,4.9,4,4,4,27180
Suzuki,Swift,2023,Hatchback,Automatic,FRONT,Unleaded,4.8,4,5,5,27180
Suzuki,Swift,2023,Hatchback,Automatic,FRONT,Unleaded,4.8,4,5,5,28288
Suzuki,Jimny,2023,SUV,Manual,AWD,Unleaded,6.4,4,2,4,39990
Suzuki,Swift,2023,Hatchback,Manual,FRONT,Unleaded,6.1,4,5,5,34680
Suzuki,Swift,2023,Hatchback,Automatic,FRONT,Unleaded,4.8,4,5,5,31000
Suzuki,Ignis,2023,SUV,Automatic,FRONT,Premium,4.9,4,4,5,24988
Suzuki,Ignis,2023,SUV,Automatic,FRONT,Premium,4.9,4,4,5,24085
Suzuki,Swift,2023,Hatchback,Automatic,FRONT,Unleaded,5.1,3,5,5,30490
Suzuki,Swift,2023,Hatchback,Automatic,FRONT,Unleaded,4.8,4,5,5,26585
Suzuki,Swift,2023,Hatchback,Manual,FRONT,Unleaded,6.1,4,5,5,33585
Suzuki,Jimny,2023,SUV,Automatic,AWD,Unleaded,6.9,4,2,4,45984
Suzuki,Swift,2023,Hatchback,Automatic,FRONT,Unleaded,4.8,4,5,5,28085
Suzuki,Swift,2023,Hatchback,Manual,FRONT,Unleaded,4.6,4,5,5,24585
Suzuki,Jimny,2023,SUV,Manual,AWD,Unleaded,6.4,4,2,4,39999
Suzuki,Ignis,2023,SUV,Automatic,FRONT,Premium,4.9,4,4,5,22990
Suzuki,Jimny,2023,SUV,Manual,AWD,Unleaded,6.4,4,2,4,30490
Suzuki,Vitara,2023,SUV,Automatic,FRONT,Unleaded,6.2,4,4,5,30870
Suzuki,Ignis,2023,SUV,Manual,FRONT,Premium,4.7,4,4,5,21490
Suzuki,S-Cross,2023,SUV,Automatic,AWD,Premium,6.2,4,4,5,40990
Tesla,Model,2016,SUV,Automatic,4WD,Electric,0,0,4,5,92888
Tesla,Model,2017,SUV,Automatic,4WD,Electric,0,0,4,5,79800
Tesla,Model,2019,Sedan,Automatic,AWD,Electric,0,0,5,5,159888
Tesla,Model,2019,Sedan,Automatic,REAR,Electric,0,0,5,5,56950
Tesla,Model,2020,SUV,Automatic,AWD,Electric,0,0,4,5,165900
Tesla,Model,2020,Sedan,Automatic,REAR,Electric,0,0,5,5,62990
Tesla,Model,2020,Sedan,Automatic,REAR,Electric,0,0,5,5,82800
Tesla,Model,2021,Sedan,Automatic,AWD,Electric,0,0,5,5,67800
Tesla,Model,2021,NA,-,OTHER,-,NA,NA,NA,NA,69800
Tesla,Model,2021,NA,Automatic,OTHER,-,NA,NA,NA,NA,55950
Tesla,Model,2022,Wagon,-,REAR,Electric,NA,NA,NA,NA,74950
Tesla,Model,2022,Sedan,Automatic,REAR,Electric,0,0,5,5,64990
Tesla,Model,2022,SUV,Automatic,REAR,Electric,0,0,5,5,72993
Tesla,Model,2022,Sedan,Automatic,AWD,Electric,0,0,4,5,86990
Tesla,Model,2022,Sedan,Automatic,REAR,Electric,0,0,4,5,62990
Tesla,Model,2023,SUV,Automatic,AWD,Electric,0,0,5,5,106888
Toyota,Yaris,2014,Hatchback,Automatic,FRONT,Unleaded,6.3,4,5,5,8995
Toyota,Estima,2014,Commercial,Automatic,OTHER,Unleaded,NA,NA,NA,NA,32900
Toyota,Hiace,2014,Commercial,Automatic,REAR,Unleaded,11.6,4,4,3,25995
Toyota,Hiace,2014,Commercial,Automatic,REAR,Diesel,8,4,4,2,23900
Toyota,Hiace,2014,Commercial,Automatic,REAR,Unleaded,11.6,4,4,2,24995
Toyota,Corolla,2014,Sedan,Automatic,FRONT,Unleaded,6.6,4,4,5,16990
Toyota,Hiace,2014,Commercial,Automatic,REAR,Unleaded,12.6,4,4,2,35990
Toyota,Rav4,2014,SUV,Automatic,FRONT,Unleaded,7.4,4,4,5,21990
Toyota,Hilux,2014,Ute/Pickup,Automatic,REAR,Unleaded,11.6,4,4,5,29980
Toyota,Hiace,2014,Commercial,Automatic,OTHER,-,NA,NA,NA,NA,39995
Toyota,Hiace,2014,NA,-,OTHER,-,NA,NA,NA,NA,36999
Toyota,Voxy,2014,Wagon,Automatic,OTHER,Unleaded,NA,NA,NA,NA,32999
Toyota,Hiace,2014,Commercial,Automatic,REAR,Unleaded,11.6,4,4,3,22995
Toyota,Sai,2014,NA,Automatic,OTHER,Other,NA,NA,NA,NA,24999
Toyota,Voxy,2014,Wagon,Automatic,OTHER,Unleaded,NA,NA,NA,NA,33999
Toyota,Corolla,2014,Hatchback,Automatic,FRONT,Unleaded,6.6,4,5,5,16950
Toyota,Estima,2014,Commercial,Automatic,OTHER,Unleaded,NA,NA,NA,NA,35900
Toyota,Landcruiser,2014,SUV,Manual,4WD,Diesel,11.9,8,2,5,89990
Toyota,Camry,2014,Sedan,Automatic,FRONT,Unleaded,7.8,4,4,5,16990
Toyota,Rav4,2014,SUV,Manual,AWD,Diesel,6.5,4,4,5,19990
Toyota,Corolla,2014,Hatchback,Automatic,FRONT,Unleaded,6.6,4,5,5,20990
Toyota,Corolla,2014,Sedan,Automatic,FRONT,Unleaded,6.6,4,4,5,15990
Toyota,Landcruiser,2014,Ute/Pickup,Manual,4WD,Diesel,11.9,8,4,5,64900
Toyota,Estima,2014,Wagon,Automatic,OTHER,-,NA,NA,NA,NA,24995
Toyota,Landcruiser,2014,SUV,Automatic,4WD,Diesel,8.5,4,4,7,44999
Toyota,Hilux,2014,Ute/Pickup,Automatic,REAR,Unleaded,11.7,6,2,4,21990
Toyota,Corolla,2014,Sedan,Automatic,FRONT,Unleaded,6.6,4,4,5,18888
Toyota,Hilux,2014,Ute/Pickup,Automatic,REAR,Unleaded,11.5,4,2,3,21500
Toyota,Hilux,2014,Ute/Pickup,Manual,4WD,Diesel,8.3,4,4,5,31990
Toyota,86,2014,Coupe,Automatic,REAR,Premium,7.1,4,2,4,21990
Toyota,Kluger,2014,SUV,Automatic,FRONT,Unleaded,10.2,6,4,7,27990
Toyota,Landcruiser,2014,SUV,Manual,4WD,Diesel,11.9,8,4,5,61900
Toyota,Hilux,2014,Ute/Pickup,Manual,REAR,Diesel,8.1,4,2,2,24999
Toyota,Sai,2014,NA,Automatic,FRONT,Unleaded,NA,NA,NA,NA,27000
Toyota,86,2014,Coupe,Automatic,REAR,Premium,7.1,4,2,4,24830
Toyota,Corolla,2014,Hatchback,Automatic,FRONT,Unleaded,6.6,4,5,5,22888
Toyota,Estima,2014,Wagon,-,OTHER,Unleaded,NA,NA,NA,NA,26000
Toyota,Kluger,2014,SUV,Automatic,FRONT,Unleaded,10.2,6,4,7,26999
Toyota,Corolla,2014,Hatchback,Automatic,FRONT,Unleaded,6.6,4,5,5,18990
Toyota,Landcruiser,2014,SUV,Manual,4WD,Diesel,8.8,4,4,7,31600
Toyota,86,2014,Coupe,Manual,REAR,Premium,7.8,4,2,4,24990
Toyota,Camry,2014,Sedan,Automatic,FRONT,Unleaded,7.8,4,4,5,15999
Toyota,Estima,2014,Wagon,-,OTHER,-,NA,NA,NA,NA,24950
Toyota,Yaris,2014,Hatchback,Manual,FRONT,Unleaded,5.7,4,5,5,11886
Toyota,Rav4,2014,SUV,Automatic,AWD,Unleaded,8.5,4,4,5,19995
Toyota,Land,2014,Ute/Pickup,Manual,OTHER,Diesel,NA,NA,NA,NA,64990
Toyota,Corolla,2014,Wagon,-,OTHER,-,NA,NA,NA,NA,18950
Toyota,Rav4,2014,SUV,Automatic,AWD,Unleaded,8.5,4,4,5,18499
Toyota,Hiace,2014,Commercial,Automatic,REAR,Diesel,NA,NA,NA,NA,26900
Toyota,Hilux,2014,Ute/Pickup,Automatic,4WD,Diesel,8.7,4,4,5,27999
Toyota,Corolla,2014,Sedan,Automatic,FRONT,Unleaded,6.6,4,4,5,22970
Toyota,Hilux,2014,Ute/Pickup,Automatic,4WD,Diesel,8.7,4,4,5,23990
Toyota,Yaris,2014,Hatchback,Automatic,FRONT,Unleaded,NA,NA,NA,NA,13999
Toyota,Corolla,2014,Wagon,-,OTHER,-,NA,NA,NA,NA,16950
Toyota,Rav4,2014,SUV,Automatic,FRONT,Unleaded,7.4,4,4,5,17900
Toyota,Corolla,2014,Hatchback,Manual,FRONT,Unleaded,7.1,4,5,5,16888
Toyota,Kluger,2014,SUV,Automatic,FRONT,Unleaded,10.2,6,4,7,19995
Toyota,Hilux,2014,Ute/Pickup,Automatic,4WD,Diesel,9.3,4,4,5,32999
Toyota,Hilux,2014,Ute/Pickup,Manual,REAR,Diesel,8.1,4,4,5,18990
Toyota,Rav4,2014,SUV,Automatic,AWD,Diesel,6.5,4,4,5,20990
Toyota,Camry,2014,Sedan,Automatic,FRONT,Unleaded,7.8,4,4,5,17990
Toyota,Yaris,2014,Hatchback,Automatic,FRONT,Unleaded,6.3,4,5,5,13500
Toyota,Hilux,2014,Ute/Pickup,Manual,4WD,Diesel,8.3,4,4,5,31999
Toyota,Hiace,2014,Commercial,Manual,REAR,Diesel,8,4,4,2,27990
Toyota,Hiace,2014,Commercial,Automatic,REAR,Diesel,8,4,4,3,31999
Toyota,Hilux,2014,Ute/Pickup,Manual,4WD,Diesel,8.2,4,2,4,27999
Toyota,Landcruiser,2014,SUV,Automatic,4WD,Diesel,10.3,8,4,7,85888
Toyota,Landcruiser,2014,SUV,Automatic,4WD,Diesel,10.3,8,4,8,67990
Toyota,Landcruiser,2014,SUV,Automatic,4WD,Diesel,8.5,4,4,7,41711
Toyota,Hilux,2014,Ute/Pickup,Automatic,REAR,Unleaded,11.5,4,2,3,19990
Toyota,Corolla,2014,Hatchback,Automatic,FRONT,Unleaded,6.6,4,5,5,19990
Toyota,Hilux,2014,Ute/Pickup,Manual,REAR,Diesel,8.1,4,4,5,21990
Toyota,Yaris,2014,Hatchback,Automatic,FRONT,Unleaded,6.3,4,5,5,18599
Toyota,Corolla,2014,Hatchback,Automatic,FRONT,Unleaded,6.6,4,5,5,17990
Toyota,Corolla,2014,Hatchback,Automatic,FRONT,Unleaded,6.6,4,5,5,16989
Toyota,Landcruiser,2014,SUV,Automatic,4WD,Diesel,8.5,4,4,5,40990
Toyota,Camry,2014,Sedan,Automatic,FRONT,Unleaded,7.8,4,4,5,19990
Toyota,Hiace,2014,Commercial,Automatic,REAR,Diesel,8,4,4,2,33990
Toyota,Kluger,2014,SUV,Automatic,AWD,Unleaded,10.6,6,4,7,21999
Toyota,Landcruiser,2014,SUV,Automatic,4WD,Diesel,8.5,4,4,7,34990
Toyota,Yaris,2014,Hatchback,Manual,FRONT,Unleaded,5.7,4,3,5,13999
Toyota,Corolla,2014,Wagon,Automatic,OTHER,Other,NA,NA,NA,NA,21888
Toyota,Corolla,2014,Hatchback,Automatic,FRONT,Unleaded,6.6,4,5,5,16980
Toyota,Landcruiser,2014,SUV,Automatic,4WD,Diesel,8.5,4,4,7,39921
Toyota,Hilux,2014,Ute/Pickup,Manual,REAR,Unleaded,11,4,2,3,12990
Toyota,Aurion,2014,Sedan,Automatic,FRONT,Unleaded,9.3,6,4,5,13985
Toyota,Landcruiser,2014,SUV,Automatic,4WD,Diesel,8.5,4,4,7,51926
Toyota,Landcruiser,2014,SUV,Automatic,4WD,Diesel,8.5,4,4,7,44990
Toyota,Kluger,2014,SUV,Automatic,FRONT,Unleaded,10.2,6,4,7,24500
Toyota,Hilux,2014,Ute/Pickup,Automatic,4WD,Diesel,8.7,4,4,5,43990
Toyota,Kluger,2014,SUV,Automatic,AWD,Unleaded,10.6,6,4,7,25990
Toyota,Yaris,2014,Hatchback,Automatic,FRONT,Unleaded,6.3,4,5,5,17990
Toyota,Kluger,2014,SUV,Automatic,AWD,Unleaded,10.6,6,4,7,26880
Toyota,Hiace,2014,Commercial,Automatic,OTHER,Diesel,NA,NA,8,NA,37990
Toyota,Hiace,2014,Commercial,Automatic,REAR,Diesel,NA,NA,3,NA,25450
Toyota,Alphard,2014,Commercial,Automatic,FRONT,Unleaded,NA,NA,7,NA,29500
Toyota,Hiace,2015,Commercial,Automatic,REAR,Unleaded,NA,NA,NA,NA,32900
Toyota,Rav4,2015,SUV,Automatic,AWD,Unleaded,8.5,4,4,5,24950
Toyota,Landcruiser,2015,Ute/Pickup,Manual,4WD,Diesel,11.5,8,2,3,56913
Toyota,Rav4,2015,SUV,Automatic,FRONT,Unleaded,7.4,4,4,5,21888
Toyota,Rav4,2015,SUV,Automatic,FRONT,Unleaded,7.4,4,4,5,23400
Toyota,Camry,2015,Sedan,Automatic,FRONT,Unleaded,7.8,4,4,5,24990
Toyota,Hilux,2015,Ute/Pickup,Manual,4WD,Diesel,7.6,4,4,5,40990
Toyota,Camry,2015,Sedan,Automatic,FRONT,Hybrid,5.2,4,4,5,27900
Toyota,Yaris,2015,Hatchback,Automatic,FRONT,Unleaded,6.3,4,5,5,13995
Toyota,Kluger,2015,SUV,Automatic,FRONT,Unleaded,10.2,6,4,7,29990
Toyota,Alphard,2015,Wagon,Automatic,OTHER,Unleaded,NA,NA,NA,NA,62900
Toyota,Hiace,2015,Commercial,Automatic,REAR,Diesel,8,4,4,2,48999
Toyota,Corolla,2015,NA,Automatic,OTHER,-,NA,NA,NA,NA,20999
Toyota,Landcruiser,2015,SUV,Automatic,4WD,Diesel,10.3,8,4,7,99999
Toyota,Hiace,2015,Commercial,Automatic,REAR,Diesel,8,4,4,2,26800
Toyota,Hilux,2015,Ute/Pickup,Automatic,REAR,Diesel,8.1,4,4,5,25900
Toyota,Corolla,2015,Wagon,Automatic,OTHER,Unleaded,NA,NA,NA,NA,24999
Toyota,Hiace,2015,Commercial,Automatic,REAR,Diesel,8,4,4,2,29999
Toyota,Kluger,2015,SUV,Automatic,FRONT,Unleaded,10.2,6,4,7,34995
Toyota,Hiace,2015,Commercial,Automatic,REAR,Diesel,8,4,4,2,24800
Toyota,Hiace,2015,Commercial,Automatic,REAR,Diesel,8,4,4,2,28999
Toyota,Hilux,2015,Ute/Pickup,Automatic,4WD,Diesel,8.5,4,4,5,36990
Toyota,Yaris,2015,Hatchback,Automatic,FRONT,Unleaded,6.3,4,5,5,17990
Toyota,Hiace,2015,NA,Automatic,OTHER,Unleaded,NA,NA,NA,NA,44888
Toyota,Voxy,2015,NA,Automatic,OTHER,-,NA,NA,NA,NA,31995
Toyota,Fortuner,2015,SUV,Automatic,AWD,Diesel,8.6,4,4,7,44990
Toyota,Hilux,2015,Ute/Pickup,Manual,REAR,Diesel,8.1,4,2,4,17990
Toyota,Yaris,2015,Hatchback,Automatic,FRONT,Unleaded,6.3,4,5,5,16990
Toyota,Hiace,2015,Commercial,Automatic,REAR,Diesel,8,4,4,2,25999
Toyota,Corolla,2015,Hatchback,Automatic,FRONT,Unleaded,6.6,4,5,5,21950
Toyota,Hilux,2015,Ute/Pickup,Manual,4WD,Diesel,8.3,4,4,5,39995
Toyota,Corolla,2015,Hatchback,Automatic,FRONT,Unleaded,6.1,4,5,5,19950
Toyota,Hilux,2015,Ute/Pickup,Manual,OTHER,-,NA,NA,NA,NA,18999
Toyota,Hiace,2015,Commercial,Automatic,REAR,Diesel,NA,NA,NA,NA,31900
Toyota,Hiace,2015,Commercial,Automatic,OTHER,Diesel,NA,NA,NA,NA,31900
Toyota,Landcruiser,2015,SUV,Automatic,4WD,Diesel,8,4,4,7,46950
Toyota,Hilux,2015,Ute/Pickup,Manual,REAR,Unleaded,11,4,2,3,11990
Toyota,Landcruiser,2015,SUV,Automatic,4WD,Diesel,8.5,4,4,7,32990
Toyota,Hilux,2015,Ute/Pickup,Automatic,4WD,Diesel,8.7,4,4,5,27990
Toyota,Noah,2015,Wagon,Automatic,OTHER,Unleaded,NA,NA,NA,NA,32999
Toyota,Rav4,2015,SUV,Automatic,AWD,Unleaded,8.5,4,4,5,28990
Toyota,Rav4,2015,SUV,Automatic,FRONT,Unleaded,7.4,4,4,5,25990
Toyota,Corolla,2015,Wagon,Automatic,OTHER,-,NA,NA,NA,NA,20995
Toyota,Corolla,2015,Hatchback,Manual,FRONT,Unleaded,7.1,4,5,5,18990
Toyota,Corolla,2015,Hatchback,Automatic,FRONT,Unleaded,6.6,4,5,5,19350
Toyota,Hilux,2015,Ute/Pickup,Manual,4WD,Diesel,8.2,4,2,3,38986
Toyota,Hilux,2015,Ute/Pickup,Manual,4WD,Diesel,8.3,4,4,5,23913
Toyota,Hiace,2015,Commercial,Automatic,OTHER,Diesel,NA,NA,NA,NA,33888
Toyota,Kluger,2015,SUV,Automatic,FRONT,Unleaded,10.4,6,4,7,34999
Toyota,Hilux,2015,Ute/Pickup,Automatic,REAR,Unleaded,11.5,4,2,3,18990
Toyota,Hilux,2015,Ute/Pickup,Manual,4WD,Diesel,8.3,4,2,4,32990
Toyota,Hilux,2015,Ute/Pickup,Automatic,4WD,Diesel,9.3,4,4,5,31913
Toyota,Kluger,2015,SUV,Automatic,FRONT,Unleaded,10.4,6,4,7,26854
Toyota,Hilux,2015,Ute/Pickup,Automatic,4WD,Diesel,8.7,4,4,5,34995
Toyota,Corolla,2015,Hatchback,Automatic,FRONT,Unleaded,6.6,4,5,5,16888
Toyota,Landcruiser,2015,SUV,Automatic,4WD,Diesel,8.5,4,4,7,46990
Toyota,Hilux,2015,Ute/Pickup,Automatic,4WD,Diesel,9.3,4,4,5,27913
Toyota,Hilux,2015,Ute/Pickup,Manual,4WD,Diesel,8.2,4,2,4,34999
Toyota,Camry,2015,Sedan,Automatic,FRONT,Unleaded,7.8,4,4,5,18990
Toyota,Fj,2015,Wagon,Automatic,OTHER,-,NA,NA,NA,NA,39777
Toyota,Hilux,2015,Ute/Pickup,Automatic,4WD,Diesel,8.5,4,4,5,44990
Toyota,Camry,2015,Sedan,Automatic,FRONT,Hybrid,5.2,4,4,5,28990
Toyota,Hilux,2015,Ute/Pickup,Manual,4WD,Diesel,8.2,4,2,3,21990
Toyota,Yaris,2015,Hatchback,Automatic,FRONT,Unleaded,6.3,4,5,5,19480
Toyota,Yaris,2015,Hatchback,Automatic,FRONT,Unleaded,6.3,4,5,5,21950
Toyota,Hilux,2015,Ute/Pickup,Automatic,REAR,Diesel,8.1,4,4,5,30500
Toyota,Hilux,2015,Ute/Pickup,Manual,4WD,Diesel,8.3,4,4,5,37980
Toyota,Fortuner,2015,SUV,Automatic,AWD,Diesel,8.6,4,4,7,38990
Toyota,Kluger,2015,SUV,Automatic,FRONT,Unleaded,10.2,6,4,7,33990
Toyota,Kluger,2015,SUV,Automatic,FRONT,Unleaded,10.2,6,4,7,31980
Toyota,Landcruiser,2015,SUV,Automatic,4WD,Diesel,10.3,8,4,8,72800
Toyota,Landcruiser,2015,SUV,Automatic,4WD,Diesel,10.3,8,4,7,79990
Toyota,Kluger,2015,SUV,Automatic,FRONT,Unleaded,10.2,6,4,7,21990
Toyota,Hilux,2015,Ute/Pickup,Manual,4WD,Diesel,8.3,4,4,5,33990
Toyota,Landcruiser,2015,SUV,Automatic,4WD,Diesel,8,4,4,7,47990
Toyota,Kluger,2015,SUV,Automatic,FRONT,Unleaded,10.2,6,4,7,29888
Toyota,Hilux,2015,Ute/Pickup,Manual,4WD,Diesel,7.6,4,4,5,38888
Toyota,Camry,2015,Sedan,Automatic,FRONT,Unleaded,7.9,4,4,5,20990
Toyota,Camry,2015,Sedan,Automatic,FRONT,Hybrid,5.2,4,4,5,26990
Toyota,Landcruiser,2015,Ute/Pickup,Manual,4WD,Diesel,11.5,8,2,3,64990
Toyota,Hilux,2015,Ute/Pickup,Manual,4WD,Diesel,8.3,4,4,5,33999
Toyota,Hilux,2015,Ute/Pickup,Automatic,4WD,Diesel,8.5,4,4,5,39690
Toyota,Rav4,2015,SUV,Automatic,FRONT,Unleaded,7.4,4,4,5,21999
Toyota,Hilux,2015,Ute/Pickup,Manual,4WD,Diesel,8.3,4,4,5,37990
Toyota,Vellfire,2015,Wagon,-,OTHER,-,NA,NA,NA,NA,59950
Toyota,Fortuner,2015,SUV,Manual,AWD,Diesel,7.8,4,4,7,36987
Toyota,Hilux,2015,Ute/Pickup,Automatic,4WD,Diesel,9,4,2,2,29990
Toyota,Landcruiser,2015,Ute/Pickup,Manual,4WD,Diesel,11.5,8,2,3,79980
Toyota,Hiace,2015,Commercial,Automatic,REAR,Diesel,8,4,4,2,41990
Toyota,Corolla,2015,Hatchback,Automatic,FRONT,Unleaded,6.1,4,5,5,17799
Toyota,Yaris,2015,Hatchback,Automatic,FRONT,Unleaded,6.3,4,5,5,18990
Toyota,Hiace,2015,Commercial,-,OTHER,-,NA,NA,NA,NA,32950
Toyota,Land,2015,Wagon,Automatic,OTHER,-,NA,NA,NA,NA,46490
Toyota,Landcruiser,2015,SUV,Automatic,4WD,Diesel,10.3,8,4,8,73990
Toyota,Rav4,2015,SUV,Automatic,AWD,Unleaded,8.5,4,4,5,25988
Toyota,Hilux,2015,Ute/Pickup,Manual,REAR,Diesel,7.3,4,4,5,31777
Toyota,Landcruiser,2015,SUV,Automatic,4WD,Diesel,9.5,8,4,7,64950
Toyota,Kluger,2015,SUV,Automatic,FRONT,Unleaded,10.2,6,4,7,27990
Toyota,Kluger,2015,SUV,Automatic,FRONT,Unleaded,10.2,6,4,7,28813
Toyota,Fortuner,2015,SUV,Automatic,AWD,Diesel,8.6,4,4,7,42990
Toyota,Landcruiser,2015,SUV,Automatic,4WD,Diesel,8.5,4,4,7,34990
Toyota,Hilux,2015,Ute/Pickup,Automatic,REAR,Unleaded,10.9,4,2,2,24990
Toyota,Land,2015,Wagon,Automatic,OTHER,Diesel,NA,NA,NA,NA,75990
Toyota,Camry,2015,Sedan,Automatic,FRONT,Unleaded,7.9,4,4,5,15750
Toyota,Hilux,2015,Ute/Pickup,Manual,4WD,Diesel,8.3,4,4,5,24990
Toyota,Hilux,2015,Ute/Pickup,Manual,4WD,Diesel,8.3,4,4,5,35950
Toyota,Aurion,2015,Sedan,Automatic,FRONT,Unleaded,9.3,6,4,5,18900
Toyota,Kluger,2015,SUV,Automatic,FRONT,Unleaded,10.2,6,4,7,30887
Toyota,Hiace,2015,Commercial,Automatic,REAR,Diesel,8,4,4,5,38990
Toyota,Hilux,2015,Ute/Pickup,Manual,REAR,Unleaded,11.1,4,2,2,24990
Toyota,Prius-C,2015,Hatchback,Automatic,FRONT,Hybrid,3.9,4,5,5,26990
Toyota,Hilux,2015,Ute/Pickup,Automatic,4WD,Diesel,8.7,4,4,5,29859
Toyota,Hilux,2015,Ute/Pickup,Manual,REAR,Diesel,8.1,4,2,2,21985
Toyota,Hilux,2015,Ute/Pickup,Automatic,4WD,Diesel,8.5,4,4,5,44490
Toyota,Camry,2015,Sedan,Automatic,FRONT,Unleaded,7.8,4,4,5,23990
Toyota,Landcruiser,2015,SUV,Automatic,4WD,Diesel,8.5,4,4,7,48990
Toyota,Landcruiser,2015,SUV,Automatic,4WD,Diesel,8.5,4,4,7,48888
Toyota,Hilux,2015,Ute/Pickup,Automatic,4WD,Diesel,8.7,4,4,5,38990
Toyota,Hilux,2015,Ute/Pickup,Automatic,4WD,Diesel,8.5,4,4,5,50990
Toyota,Rav4,2015,SUV,Automatic,FRONT,Unleaded,7.4,4,4,5,23888
Toyota,Hiace,2015,Commercial,Automatic,REAR,Diesel,8,4,4,2,37990
Toyota,Hiace,2015,Commercial,Automatic,REAR,Diesel,8,4,4,2,32990
Toyota,Hiace,2015,Commercial,Automatic,REAR,Diesel,8,4,4,2,33990
Toyota,Landcruiser,2015,SUV,Automatic,4WD,Diesel,8.5,4,4,7,39990
Toyota,Hilux,2015,Ute/Pickup,Automatic,REAR,Unleaded,11.5,4,2,3,21990
Toyota,Kluger,2015,SUV,Automatic,FRONT,Unleaded,10.2,6,4,7,26990
Toyota,Yaris,2015,Hatchback,Automatic,FRONT,Unleaded,6.3,4,5,5,19950
Toyota,Hiace,2015,People Mover,Automatic,REAR,Diesel,8,4,3,14,43990
Toyota,Hilux,2015,Ute/Pickup,Manual,REAR,Diesel,8.1,4,4,5,29995
Toyota,Hiace,2015,Commercial,Automatic,REAR,Unleaded,NA,NA,8,NA,31999
Toyota,Hiace,2015,Commercial,Automatic,REAR,Diesel,NA,NA,5,NA,29990
Toyota,Rav4,2015,SUV,Automatic,FRONT,Unleaded,7.4,4,4,5,24645
Toyota,Hiace,2015,Commercial,Automatic,REAR,Unleaded,NA,NA,6,NA,24250
Toyota,Hiace,2015,Commercial,Automatic,REAR,Unleaded,NA,NA,9,NA,30900
Toyota,Hiace,2016,Commercial,Automatic,REAR,Diesel,8,4,4,2,27995
Toyota,Hiace,2016,People Mover,Automatic,REAR,Unleaded,10.9,4,3,14,44900
Toyota,Kluger,2016,SUV,Automatic,FRONT,Unleaded,10.4,6,4,7,31900
Toyota,Kluger,2016,SUV,Automatic,AWD,Unleaded,10.6,6,4,7,39280
Toyota,Corolla,2016,Hatchback,Automatic,FRONT,Unleaded,6.1,4,5,5,24950
Toyota,Yaris,2016,Hatchback,Automatic,FRONT,Unleaded,6.3,4,5,5,19990
Toyota,Hiace,2016,Commercial,Automatic,OTHER,Diesel,NA,NA,NA,NA,31888
Toyota,Kluger,2016,SUV,Automatic,FRONT,Unleaded,10.2,6,4,7,36999
Toyota,Hiace,2016,Commercial,Automatic,REAR,Unleaded,NA,NA,NA,NA,30900
Toyota,Rav4,2016,SUV,Automatic,FRONT,Unleaded,7.4,4,4,5,25990
Toyota,C-Hr,2016,NA,Automatic,OTHER,Unleaded,NA,NA,NA,NA,28888
Toyota,Hiace,2016,Commercial,Automatic,OTHER,Unleaded,NA,NA,NA,NA,34888
Toyota,Yaris,2016,Hatchback,Automatic,FRONT,Unleaded,6.3,4,5,5,16950
Toyota,Hiace,2016,Commercial,Automatic,REAR,Diesel,8.7,4,4,2,32990
Toyota,Hiace,2016,Commercial,Automatic,REAR,Unleaded,NA,NA,NA,NA,27900
Toyota,Hiace,2016,Commercial,Manual,REAR,Diesel,8,4,4,2,24995
Toyota,Hiace,2016,NA,Automatic,OTHER,-,NA,NA,NA,NA,36999
Toyota,Hilux,2016,Ute/Pickup,Automatic,4WD,Diesel,8.5,4,4,5,31913
Toyota,Voxy,2016,Wagon,Automatic,OTHER,Unleaded,NA,NA,NA,NA,33999
Toyota,Camry,2016,Sedan,Automatic,FRONT,Unleaded,7.9,4,4,5,23990
Toyota,Landcruiser,2016,SUV,Automatic,4WD,Diesel,9.5,8,4,7,82845
Toyota,Hilux,2016,Ute/Pickup,Automatic,REAR,Unleaded,10.9,4,2,2,22999
Toyota,Hiace,2016,Commercial,Automatic,REAR,Unleaded,NA,NA,NA,NA,29800
Toyota,Landcruiser,2016,SUV,Automatic,4WD,Diesel,9.5,8,4,7,89990
Toyota,Hilux,2016,Ute/Pickup,Automatic,4WD,Diesel,8.5,4,4,5,39990
Toyota,Hilux,2016,Ute/Pickup,Manual,REAR,Diesel,7.3,4,4,5,29880
Toyota,Corolla,2016,Wagon,Automatic,OTHER,Unleaded,NA,NA,NA,NA,21999
Toyota,Landcruiser,2016,SUV,Automatic,4WD,Diesel,9.5,8,4,7,59990
Toyota,Corolla,2016,Hatchback,Automatic,FRONT,Unleaded,6.1,4,5,5,19990
Toyota,Hiace,2016,Commercial,-,OTHER,-,NA,NA,NA,NA,34888
Toyota,Camry,2016,Sedan,Automatic,FRONT,Unleaded,7.9,4,4,5,20980
Toyota,Landcruiser,2016,Ute/Pickup,Manual,4WD,Diesel,11.5,8,2,3,71990
Toyota,Corolla,2016,Wagon,Automatic,OTHER,-,NA,NA,NA,NA,19490
Toyota,Hiace,2016,Commercial,Automatic,REAR,Unleaded,9.8,4,4,2,29999
Toyota,Hilux,2016,Ute/Pickup,Automatic,REAR,Unleaded,10.4,4,4,5,29888
Toyota,Hiace,2016,Commercial,Automatic,REAR,Diesel,8,4,4,2,30995
Toyota,Hilux,2016,Ute/Pickup,Automatic,4WD,Diesel,9,4,2,2,28913
Toyota,Hilux,2016,Ute/Pickup,Automatic,4WD,Diesel,8.5,4,4,5,38990
Toyota,Fj,2016,SUV,Automatic,4WD,Premium,11.4,6,4,5,52790
Toyota,Hilux,2016,Ute/Pickup,Automatic,REAR,Unleaded,10.9,4,2,2,24950
Toyota,Rav4,2016,SUV,Automatic,AWD,Unleaded,8.5,4,4,5,20999
Toyota,Hilux,2016,Ute/Pickup,Manual,REAR,Diesel,7.7,4,2,2,22467
Toyota,Landcruiser,2016,Ute/Pickup,Manual,4WD,Diesel,11.5,8,2,3,69990
Toyota,Hilux,2016,Ute/Pickup,Automatic,REAR,Unleaded,10.9,4,2,2,26913
Toyota,Hilux,2016,Ute/Pickup,Automatic,4WD,Diesel,8.5,4,4,5,36950
Toyota,Yaris,2016,Hatchback,Automatic,FRONT,Unleaded,6.3,4,5,5,18990
Toyota,Hilux,2016,Ute/Pickup,Automatic,REAR,Unleaded,10.4,4,4,5,27990
Toyota,Hiace,2016,Commercial,Automatic,REAR,Diesel,8.7,4,4,2,24850
Toyota,Hilux,2016,Ute/Pickup,Automatic,4WD,Diesel,8.5,4,4,5,32999
Toyota,Corolla,2016,Hatchback,Manual,FRONT,Unleaded,6.7,4,5,5,17990
Toyota,Rav4,2016,SUV,Automatic,FRONT,Unleaded,7.4,4,4,5,23999
Toyota,Rav4,2016,SUV,Automatic,FRONT,Unleaded,7.4,4,4,5,28990
Toyota,Hilux,2016,Ute/Pickup,Automatic,REAR,Unleaded,10.9,4,2,2,25995
Toyota,Kluger,2016,SUV,Automatic,FRONT,Unleaded,10.2,6,4,7,32999
Toyota,Landcruiser,2016,SUV,Manual,4WD,Diesel,11.9,8,2,5,79530
Toyota,Hilux,2016,Ute/Pickup,Automatic,OTHER,Unleaded,NA,NA,NA,NA,23990
Toyota,Rav4,2016,SUV,Automatic,AWD,Unleaded,8.5,4,4,5,26995
Toyota,Hilux,2016,Ute/Pickup,Automatic,4WD,Diesel,8.5,4,4,5,27800
Toyota,Camry,2016,Sedan,Automatic,FRONT,Unleaded,7.9,4,4,5,20999
Toyota,Fj,2016,SUV,Automatic,4WD,Premium,11.4,6,4,5,48930
Toyota,86,2016,Coupe,Manual,REAR,Premium,7.8,4,2,4,32470
Toyota,Landcruiser,2016,SUV,Automatic,4WD,Diesel,9.5,8,4,7,89665
Toyota,Corolla,2016,Hatchback,Automatic,FRONT,Unleaded,6.1,4,5,5,23990
Toyota,Rav4,2016,SUV,Automatic,AWD,Unleaded,8.5,4,4,5,30000
Toyota,Landcruiser,2016,SUV,Automatic,4WD,Diesel,9.5,8,4,7,72990
Toyota,Kluger,2016,SUV,Automatic,AWD,Unleaded,10.6,6,4,7,44705
Toyota,Hiace,2016,Commercial,Automatic,REAR,Diesel,8.7,4,4,2,27499
Toyota,Landcruiser,2016,SUV,Automatic,4WD,Diesel,8,4,4,7,48950
Toyota,Landcruiser,2016,SUV,Manual,4WD,Diesel,10.7,8,4,5,82888
Toyota,Landcruiser,2016,Ute/Pickup,Manual,4WD,Diesel,11.5,8,2,3,62990
Toyota,Hilux,2016,Ute/Pickup,Automatic,4WD,Diesel,8.5,4,4,5,41900
Toyota,Corolla,2016,Hatchback,Automatic,FRONT,Unleaded,6.1,4,5,5,18995
Toyota,Yaris,2016,Hatchback,Automatic,FRONT,Unleaded,6.3,4,5,5,18999
Toyota,Kluger,2016,Wagon,Automatic,FRONT,Unleaded,NA,NA,NA,NA,31990
Toyota,Hiace,2016,NA,Automatic,OTHER,Unleaded,NA,NA,NA,NA,39000
Toyota,Hilux,2016,Ute/Pickup,Automatic,4WD,Diesel,8.5,4,4,5,43990
Toyota,Tarago,2016,Wagon,Automatic,FRONT,Unleaded,8.9,4,4,8,36990
Toyota,Kluger,2016,Wagon,Automatic,OTHER,Unleaded,NA,NA,NA,NA,41894
Toyota,Corolla,2016,Hatchback,Automatic,FRONT,Unleaded,6.1,4,5,5,17999
Toyota,Corolla,2016,Hatchback,Automatic,FRONT,Unleaded,6.1,4,5,5,22990
Toyota,Kluger,2016,Wagon,Automatic,FRONT,Unleaded,NA,NA,NA,NA,37970
Toyota,Hilux,2016,Ute/Pickup,Automatic,4WD,Diesel,8.5,4,4,5,44990
Toyota,Hiace,2016,Commercial,-,OTHER,-,NA,NA,NA,NA,43950
Toyota,Kluger,2016,Wagon,Automatic,FRONT,Unleaded,NA,NA,NA,NA,46990
Toyota,Hilux,2016,Ute/Pickup,Automatic,4WD,Diesel,8.5,4,4,5,39999
Toyota,Fortuner,2016,SUV,Automatic,AWD,Diesel,8.6,4,4,7,42990
Toyota,Hilux,2016,Ute/Pickup,Manual,4WD,Diesel,7.3,4,4,5,37999
Toyota,Hilux,2016,Ute/Pickup,Manual,4WD,Diesel,7.6,4,4,5,47980
Toyota,Fortuner,2016,SUV,Automatic,AWD,Diesel,8.6,6,4,7,36977
Toyota,Hiace,2016,Commercial,Automatic,REAR,Diesel,8.7,4,4,2,29999
Toyota,Landcruiser,2016,SUV,Automatic,4WD,Diesel,9.5,8,4,7,88000
Toyota,Kluger,2016,SUV,Automatic,FRONT,Unleaded,10.4,6,4,7,29990
Toyota,Corolla,2016,Hatchback,Automatic,FRONT,Unleaded,6.1,4,5,5,19999
Toyota,Rav4,2016,SUV,Automatic,FRONT,Unleaded,7.4,4,4,5,29990
Toyota,Landcruiser,2016,SUV,Manual,4WD,Diesel,10.7,8,4,5,89990
Toyota,Kluger,2016,SUV,Automatic,FRONT,Unleaded,10.2,6,4,7,34599
Toyota,Landcruiser,2016,SUV,Automatic,4WD,Diesel,8,4,4,5,44990
Toyota,Landcruiser,2016,SUV,Automatic,4WD,Diesel,9.5,8,4,7,105990
Toyota,Hilux,2016,Ute/Pickup,Automatic,4WD,Diesel,9,4,2,2,37990
Toyota,Corolla,2016,Hatchback,Automatic,FRONT,Unleaded,6.1,4,5,5,23999
Toyota,Yaris,2016,Hatchback,Automatic,FRONT,Unleaded,6.3,4,5,5,18500
Toyota,Corolla,2016,Sedan,Automatic,FRONT,Unleaded,6.6,4,4,5,21990
Toyota,Hiace,2016,Commercial,Automatic,REAR,Unleaded,9.8,4,4,2,28880
Toyota,Kluger,2016,SUV,Automatic,FRONT,Unleaded,10.4,6,4,7,38888
Toyota,Camry,2016,Sedan,Automatic,FRONT,Unleaded,7.9,4,4,5,20888
Toyota,Camry,2016,NA,Automatic,OTHER,-,NA,NA,NA,NA,20980
Toyota,Rav4,2016,SUV,Automatic,AWD,Unleaded,8.5,4,4,5,23990
Toyota,Hilux,2016,Ute/Pickup,Manual,4WD,Diesel,7.6,4,4,5,39975
Toyota,Corolla,2016,Hatchback,Automatic,FRONT,Unleaded,6.1,4,5,5,22999
Toyota,Rav4,2016,SUV,Automatic,FRONT,Unleaded,7.4,4,4,5,26998
Toyota,Landcruiser,2016,SUV,Automatic,4WD,Diesel,8,4,4,7,36990
Toyota,Landcruiser,2016,SUV,Automatic,4WD,Diesel,8,4,4,7,58888
Toyota,Landcruiser,2016,SUV,Automatic,4WD,Diesel,9.5,8,4,7,84888
Toyota,Landcruiser,2016,Ute/Pickup,Manual,4WD,Diesel,10.7,8,2,2,79977
Toyota,Landcruiser,2016,SUV,Automatic,4WD,Diesel,9.5,8,4,7,96926
Toyota,Hilux,2016,Ute/Pickup,Automatic,4WD,Diesel,8.5,4,4,5,43988
Toyota,86,2016,Coupe,Manual,REAR,Premium,7.8,4,2,4,26877
Toyota,Yaris,2016,Hatchback,Manual,FRONT,Unleaded,5.7,4,5,5,17988
Toyota,Kluger,2016,Wagon,Automatic,FRONT,Unleaded,NA,NA,NA,NA,40999
Toyota,Hiace,2016,Commercial,Automatic,REAR,Diesel,9.2,4,4,2,40990
Toyota,Corolla,2016,Wagon,Automatic,OTHER,Unleaded,NA,NA,NA,NA,23999
Toyota,Land,2016,Wagon,Automatic,OTHER,-,NA,NA,NA,NA,39999
Toyota,Hilux,2016,Ute/Pickup,Manual,REAR,Diesel,7.7,4,2,2,22990
Toyota,Landcruiser,2016,SUV,Automatic,4WD,Diesel,8,4,4,7,34950
Toyota,Hiace,2016,Commercial,Automatic,REAR,Unleaded,9.8,4,4,2,32990
Toyota,Kluger,2016,SUV,Automatic,FRONT,Unleaded,10.2,6,4,7,30900
Toyota,Hiace,2016,Commercial,Automatic,REAR,Unleaded,NA,NA,6,NA,24650
Toyota,Hiace,2016,Commercial,Automatic,AWD,Diesel,NA,NA,6,NA,31450
Toyota,Hiace,2016,Commercial,Automatic,REAR,Diesel,NA,NA,6,NA,32950
Toyota,Other,2016,Commercial,Automatic,FRONT,Unleaded,NA,NA,7,NA,26999
Toyota,Landcruiser,2016,Ute/Pickup,Manual,4WD,Diesel,11.5,8,2,3,64990
Toyota,Hiace,2017,NA,Automatic,OTHER,-,NA,NA,NA,NA,38999
Toyota,Camry,2017,Sedan,Automatic,FRONT,Unleaded,7.9,4,4,5,19950
Toyota,Corolla,2017,Hatchback,Automatic,FRONT,Unleaded,6.1,4,5,5,23990
Toyota,Hiace,2017,Commercial,Automatic,REAR,Diesel,8.7,4,4,2,34995
Toyota,Camry,2017,Sedan,Automatic,FRONT,Unleaded,7.9,4,4,5,23999
Toyota,Hilux,2017,Ute/Pickup,Automatic,4WD,Diesel,8.5,4,4,5,37888
Toyota,Hiace,2017,NA,Automatic,OTHER,-,NA,NA,NA,NA,34999
Toyota,Tarago,2017,Wagon,Automatic,FRONT,Unleaded,8.9,4,4,8,36990
Toyota,Hilux,2017,Ute/Pickup,Automatic,OTHER,Diesel,NA,NA,NA,NA,41900
Toyota,Rav4,2017,SUV,Automatic,FRONT,Unleaded,7.4,4,4,5,21995
Toyota,Hilux,2017,Ute/Pickup,Automatic,4WD,Diesel,8.5,4,4,5,41950
Toyota,Corolla,2017,NA,-,OTHER,-,NA,NA,NA,NA,22990
Toyota,Hiace,2017,Commercial,Automatic,REAR,Unleaded,NA,NA,NA,NA,49900
Toyota,Hiace,2017,Commercial,Automatic,REAR,Diesel,8.7,4,4,2,39990
Toyota,Rav4,2017,SUV,Automatic,AWD,Unleaded,8.5,4,4,5,29999
Toyota,Corolla,2017,Hatchback,Automatic,FRONT,Hybrid,4.1,4,5,5,27990
Toyota,C-Hr,2017,Wagon,Automatic,OTHER,Other,NA,NA,NA,NA,29999
Toyota,Hiace,2017,Commercial,Automatic,REAR,Unleaded,NA,NA,NA,NA,27900
Toyota,Rav4,2017,SUV,Automatic,AWD,Unleaded,8.5,4,4,5,26990
Toyota,Yaris,2017,Hatchback,Automatic,FRONT,Unleaded,6.4,4,5,5,21990
Toyota,Kluger,2017,SUV,Automatic,FRONT,Unleaded,9.3,6,4,7,46500
Toyota,Corolla,2017,Hatchback,Automatic,FRONT,Unleaded,6.1,4,5,5,22990
Toyota,Camry,2017,Sedan,Automatic,FRONT,Unleaded,7.8,4,4,5,18555
Toyota,Corolla,2017,Hatchback,Automatic,FRONT,Hybrid,4.1,4,5,5,26980
Toyota,Corolla,2017,Hatchback,Automatic,FRONT,Unleaded,6.1,4,5,5,26590
Toyota,Hiace,2017,Commercial,Automatic,REAR,Diesel,9.2,4,4,5,32990
Toyota,Hiace,2017,People Mover,Automatic,REAR,Unleaded,10.9,4,3,14,49888
Toyota,Hilux,2017,Ute/Pickup,Automatic,4WD,Diesel,8.5,4,4,5,47975
Toyota,Hilux,2017,Ute/Pickup,Automatic,4WD,Diesel,8.5,4,4,5,46888
Toyota,Prius,2017,Wagon,Automatic,FRONT,Premium,NA,NA,NA,NA,39888
Toyota,Landcruiser,2017,SUV,Automatic,4WD,Diesel,8,4,4,7,42990
Toyota,Rav4,2017,SUV,Automatic,AWD,Diesel,6.5,4,4,5,33999
Toyota,Rav4,2017,SUV,Automatic,FRONT,Unleaded,7.4,4,4,5,26990
Toyota,Landcruiser,2017,Ute/Pickup,Manual,4WD,Diesel,10.7,8,2,2,74990
Toyota,Camry,2017,Sedan,Automatic,FRONT,Unleaded,7.9,4,4,5,25990
Toyota,Yaris,2017,Hatchback,Automatic,FRONT,Unleaded,6.4,4,5,5,24388
Toyota,C-Hr,2017,Wagon,Automatic,OTHER,Other,NA,NA,NA,NA,30999
Toyota,C-Hr,2017,SUV,Automatic,AWD,Premium,5.6,4,4,5,29999
Toyota,Corolla,2017,Wagon,Automatic,FRONT,-,NA,4,5,NA,20950
Toyota,Corolla,2017,Wagon,Automatic,OTHER,-,NA,NA,NA,NA,21888
Toyota,Landcruiser,2017,SUV,Automatic,4WD,Diesel,8,4,4,7,64888
Toyota,Corolla,2017,Hatchback,Automatic,FRONT,Unleaded,6.1,4,5,5,19990
Toyota,Corolla,2017,Wagon,Automatic,OTHER,-,NA,NA,NA,NA,19995
Toyota,Corolla,2017,Wagon,Automatic,OTHER,Unleaded,NA,NA,NA,NA,18888
Toyota,Hilux,2017,Ute/Pickup,Automatic,REAR,Unleaded,10.4,4,4,5,29950
Toyota,Tarago,2017,Wagon,Automatic,FRONT,Unleaded,8.9,4,4,8,29913
Toyota,Corolla,2017,Wagon,Automatic,OTHER,-,NA,NA,NA,NA,19888
Toyota,Tarago,2017,Wagon,Automatic,FRONT,Premium,10.2,6,4,8,39990
Toyota,Hilux,2017,Ute/Pickup,Automatic,4WD,Diesel,8.5,4,4,2,44888
Toyota,Tarago,2017,Wagon,Automatic,FRONT,Unleaded,8.9,4,4,8,34990
Toyota,Corolla,2017,Hatchback,Automatic,FRONT,Unleaded,6.1,4,5,5,21990
Toyota,Camry,2017,Sedan,Automatic,FRONT,Hybrid,5.2,4,4,5,27995
Toyota,Hilux,2017,Ute/Pickup,Automatic,4WD,Diesel,8.5,4,4,5,40990
Toyota,Hiace,2017,Wagon,Automatic,OTHER,Diesel,NA,NA,NA,NA,34990
Toyota,C-Hr,2017,SUV,Automatic,FRONT,Premium,6.4,4,4,5,28990
Toyota,Hilux,2017,Ute/Pickup,Automatic,4WD,Diesel,9,4,2,2,28999
Toyota,Landcruiser,2017,Ute/Pickup,Manual,4WD,Diesel,10.7,8,2,3,64950
Toyota,Hilux,2017,Ute/Pickup,Automatic,4WD,Diesel,8.5,4,4,5,39990
Toyota,Corolla,2017,Hatchback,Automatic,FRONT,Hybrid,4.1,4,5,5,28990
Toyota,Rav4,2017,SUV,Automatic,AWD,Unleaded,8.5,4,4,5,29990
Toyota,Kluger,2017,SUV,Automatic,AWD,Unleaded,9.5,6,4,7,37990
Toyota,Corolla,2017,Hatchback,Automatic,FRONT,Hybrid,4.1,4,5,5,29990
Toyota,Hilux,2017,Ute/Pickup,Automatic,4WD,Diesel,8.5,4,4,5,37990
Toyota,Hilux,2017,Ute/Pickup,Automatic,4WD,Diesel,8.5,4,4,5,59950
Toyota,Landcruiser,2017,SUV,Automatic,4WD,Diesel,9.5,8,4,7,68950
Toyota,C-Hr,2017,SUV,Automatic,FRONT,Premium,5.5,4,4,5,23980
Toyota,Camry,2017,Sedan,Automatic,FRONT,Hybrid,5.2,4,4,5,31990
Toyota,Rav4,2017,SUV,Automatic,FRONT,Unleaded,7.4,4,4,5,25990
Toyota,Hilux,2017,Ute/Pickup,Automatic,4WD,Diesel,8.5,4,4,5,45975
Toyota,Hilux,2017,Ute/Pickup,Manual,4WD,Diesel,8.1,4,2,2,33975
Toyota,Camry,2017,Sedan,Automatic,FRONT,Hybrid,5.2,4,4,5,29990
Toyota,Corolla,2017,Wagon,Automatic,OTHER,Unleaded,NA,NA,NA,NA,23999
Toyota,Landcruiser,2017,Ute/Pickup,Manual,4WD,Diesel,10.7,8,2,3,68999
Toyota,Hilux,2017,Ute/Pickup,Automatic,4WD,Diesel,8.5,4,4,5,44975
Toyota,C-Hr,2017,SUV,Automatic,AWD,Premium,6.5,4,4,5,29490
Toyota,C-Hr,2017,SUV,Automatic,FRONT,Premium,6.4,4,4,5,25990
Toyota,Camry,2017,Sedan,Automatic,FRONT,Unleaded,7.9,4,4,5,23990
Toyota,Corolla,2017,Hatchback,Automatic,FRONT,Hybrid,4.1,4,5,5,27980
Toyota,Rav4,2017,SUV,Automatic,AWD,Unleaded,8.5,4,4,5,25990
Toyota,Hilux,2017,Ute/Pickup,Manual,4WD,Diesel,7.6,4,4,5,61988
Toyota,Corolla,2017,Wagon,Automatic,OTHER,-,NA,NA,NA,NA,20995
Toyota,Corolla,2017,Wagon,Automatic,OTHER,Other,NA,NA,NA,NA,20888
Toyota,Yaris,2017,Hatchback,Automatic,FRONT,Unleaded,6.4,4,5,5,24888
Toyota,Camry,2017,Sedan,Automatic,FRONT,Hybrid,5.2,4,4,5,32990
Toyota,Hilux,2017,Ute/Pickup,Automatic,4WD,Diesel,8.5,4,4,5,43990
Toyota,Hilux,2017,Ute/Pickup,Automatic,4WD,Diesel,8.5,4,4,5,42990
Toyota,Kluger,2017,SUV,Automatic,FRONT,Unleaded,9.1,6,4,7,32990
Toyota,Hilux,2017,Ute/Pickup,Automatic,REAR,Unleaded,10.9,4,2,2,24990
Toyota,Kluger,2017,SUV,Automatic,AWD,Unleaded,10.6,6,4,7,24800
Toyota,Hilux,2017,Ute/Pickup,Manual,4WD,Diesel,7.6,4,4,5,44990
Toyota,C-Hr,2017,SUV,Automatic,FRONT,Premium,6.4,4,4,5,19800
Toyota,Corolla,2017,Wagon,Automatic,OTHER,-,NA,NA,NA,NA,19490
Toyota,Hilux,2017,Ute/Pickup,Automatic,REAR,Diesel,7.3,4,2,4,41990
Toyota,Corolla,2017,Wagon,Automatic,OTHER,Other,NA,NA,NA,NA,19995
Toyota,Camry,2017,Sedan,Automatic,FRONT,Unleaded,7.9,4,4,5,24990
Toyota,Kluger,2017,SUV,Automatic,AWD,Unleaded,9.5,6,4,7,29882
Toyota,Hilux,2017,Ute/Pickup,Automatic,4WD,Diesel,8.5,4,4,5,46990
Toyota,Corolla,2017,Hatchback,Automatic,FRONT,Unleaded,6.1,4,5,5,20990
Toyota,Corolla,2017,Sedan,Manual,FRONT,Unleaded,7,4,4,5,18990
Toyota,Rav4,2017,SUV,Automatic,AWD,Unleaded,8.5,4,4,5,24800
Toyota,C-Hr,2017,SUV,Automatic,FRONT,Premium,5.5,4,4,5,28490
Toyota,Landcruiser,2017,SUV,Automatic,4WD,Diesel,9.5,8,4,7,76800
Toyota,Landcruiser,2017,SUV,Automatic,4WD,Diesel,9.5,8,4,7,83990
Toyota,Corolla,2017,Hatchback,Automatic,FRONT,Unleaded,6.1,4,5,5,23880
Toyota,Rav4,2017,SUV,Automatic,AWD,Unleaded,8.5,4,4,5,35990
Toyota,Hilux,2017,Ute/Pickup,Automatic,4WD,Diesel,8.5,4,4,5,36990
Toyota,Hilux,2017,Ute/Pickup,Automatic,4WD,Diesel,8.5,4,4,5,34250
Toyota,Landcruiser,2017,SUV,Automatic,4WD,Diesel,8,4,4,7,68990
Toyota,Corolla,2017,Sedan,Automatic,FRONT,Unleaded,6.6,4,4,5,28470
Toyota,Camry,2017,Sedan,Automatic,FRONT,Unleaded,7.9,4,4,5,22990
Toyota,Kluger,2017,SUV,Automatic,AWD,Unleaded,9.5,6,4,7,34990
Toyota,Hiace,2017,Commercial,Manual,REAR,Diesel,8.1,4,4,2,34990
Toyota,Hilux,2017,Ute/Pickup,Manual,REAR,Diesel,7.7,4,2,2,19990
Toyota,C-Hr,2017,SUV,Automatic,AWD,Premium,6.5,4,4,5,33990
Toyota,Kluger,2017,SUV,Automatic,FRONT,Unleaded,9.3,6,4,7,43990
Toyota,Hilux,2017,Ute/Pickup,Automatic,4WD,Diesel,8.5,4,4,5,44990
Toyota,Kluger,2017,Wagon,Automatic,OTHER,Unleaded,NA,NA,NA,NA,52990
Toyota,Hilux,2017,Ute/Pickup,Automatic,4WD,Diesel,8.5,4,4,5,42888
Toyota,Camry,2017,Sedan,Automatic,FRONT,Unleaded,7.9,4,4,5,16990
Toyota,Landcruiser,2017,Ute/Pickup,Manual,4WD,Diesel,10.7,8,2,2,77990
Toyota,Camry,2017,Sedan,Automatic,FRONT,Unleaded,7.9,4,4,5,26990
Toyota,Corolla,2017,Sedan,Automatic,FRONT,Unleaded,6.6,4,4,5,25999
Toyota,Kluger,2017,SUV,Automatic,AWD,Unleaded,9.5,6,4,7,48490
Toyota,Hilux,2017,Ute/Pickup,Automatic,REAR,Unleaded,10.9,4,2,2,21990
Toyota,Kluger,2017,Wagon,Automatic,OTHER,Unleaded,NA,NA,NA,NA,38990
Toyota,Hilux,2017,Ute/Pickup,Manual,4WD,Diesel,7.6,4,4,5,44987
Toyota,Corolla,2017,NA,-,OTHER,-,NA,NA,NA,NA,34950
Toyota,Rav4,2017,SUV,Automatic,FRONT,Unleaded,7.4,4,4,5,35999
Toyota,Landcruiser,2017,SUV,Automatic,4WD,Diesel,8,4,4,7,59980
Toyota,Kluger,2017,SUV,Automatic,FRONT,Unleaded,9.1,6,4,7,36880
Toyota,Hilux,2017,Ute/Pickup,Manual,4WD,Diesel,7.7,4,2,2,39900
Toyota,Rav4,2017,SUV,Automatic,AWD,Unleaded,8.5,4,4,5,28490
Toyota,C-Hr,2017,Hatchback,-,OTHER,-,NA,NA,NA,NA,41950
Toyota,Hilux,2017,Ute/Pickup,Automatic,REAR,Unleaded,10.4,4,4,5,34950
Toyota,Corolla,2017,Hatchback,Automatic,FRONT,Unleaded,6.1,4,5,5,18900
Toyota,Rav4,2017,SUV,Automatic,FRONT,Unleaded,7.4,4,4,5,31498
Toyota,C-Hr,2017,SUV,Automatic,FRONT,Premium,6.4,4,4,5,32490
Toyota,Corolla,2017,Sedan,Automatic,FRONT,Unleaded,6.6,4,4,5,25990
Toyota,C-Hr,2017,SUV,Automatic,FRONT,Premium,6.4,4,4,5,31990
Toyota,Alphard,2017,Wagon,Automatic,OTHER,-,NA,NA,NA,NA,49888
Toyota,Kluger,2017,SUV,Automatic,AWD,Unleaded,9.5,6,4,7,46380
Toyota,Kluger,2017,Wagon,Automatic,OTHER,Unleaded,NA,NA,NA,NA,39995
Toyota,Hilux,2017,Ute/Pickup,Manual,REAR,Diesel,7.7,4,2,2,21990
Toyota,Corolla,2017,Hatchback,Automatic,FRONT,Hybrid,4.1,4,5,5,29490
Toyota,Kluger,2017,SUV,Automatic,FRONT,Unleaded,9.3,6,4,7,45990
Toyota,C-Hr,2017,SUV,Automatic,FRONT,Premium,6.4,4,4,5,28468
Toyota,Landcruiser,2017,Ute/Pickup,Manual,4WD,Diesel,10.7,8,2,3,78980
Toyota,Hilux,2017,Ute/Pickup,Manual,4WD,Diesel,8.1,4,4,5,34990
Toyota,Corolla,2017,Sedan,Automatic,FRONT,Unleaded,6.6,4,4,5,17999
Toyota,Hilux,2017,Ute/Pickup,Manual,REAR,Diesel,7.7,4,2,2,17990
Toyota,Landcruiser,2017,SUV,Automatic,4WD,Diesel,8,4,4,5,47980
Toyota,Kluger,2017,SUV,Automatic,AWD,Unleaded,9.5,6,4,7,42880
Toyota,Hilux,2017,Ute/Pickup,Automatic,REAR,Unleaded,10.9,4,2,2,17990
Toyota,Hilux,2017,Ute/Pickup,Automatic,4WD,Diesel,8.3,4,4,5,43880
Toyota,Hilux,2017,Ute/Pickup,Manual,4WD,Diesel,7.7,4,2,2,39990
Toyota,Landcruiser,2017,SUV,Manual,4WD,Diesel,10.7,8,2,2,74990
Toyota,Hilux,2017,Ute/Pickup,Manual,REAR,Diesel,7.7,4,2,2,22990
Toyota,Camry,2017,Sedan,Automatic,FRONT,Unleaded,7.9,4,4,5,19990
Toyota,Corolla,2017,Wagon,-,OTHER,-,NA,NA,NA,NA,21950
Toyota,Hilux,2017,Ute/Pickup,Automatic,4WD,Diesel,8.5,4,4,5,47990
Toyota,Rav4,2017,SUV,Automatic,FRONT,Unleaded,7,4,4,5,25950
Toyota,Corolla,2017,Hatchback,Automatic,FRONT,Hybrid,4.1,4,5,5,28999
Toyota,Camry,2017,Sedan,Automatic,FRONT,Unleaded,7.8,4,4,5,25995
Toyota,86,2017,Coupe,Automatic,REAR,Premium,7.1,4,2,4,31990
Toyota,Hilux,2017,Ute/Pickup,Automatic,4WD,Diesel,8.5,4,4,5,40980
Toyota,Regius,2017,Commercial,Automatic,OTHER,Unleaded,NA,NA,NA,NA,33995
Toyota,Landcruiser,2017,SUV,Automatic,4WD,Diesel,9.5,8,4,7,104999
Toyota,Kluger,2017,Wagon,Automatic,OTHER,Unleaded,NA,NA,NA,NA,32990
Toyota,Camry,2017,Sedan,Automatic,FRONT,Unleaded,7.8,4,4,5,29990
Toyota,Hilux,2017,Ute/Pickup,Manual,REAR,Unleaded,11.1,4,2,2,22880
Toyota,Hilux,2017,Ute/Pickup,Manual,4WD,Diesel,7.6,4,4,5,49990
Toyota,Land,2017,Wagon,Automatic,OTHER,Diesel,NA,NA,NA,NA,104990
Toyota,Landcruiser,2017,SUV,Automatic,4WD,Diesel,8,4,4,7,54980
Toyota,Corolla,2017,Hatchback,Automatic,FRONT,Unleaded,6.1,4,5,5,20999
Toyota,Landcruiser,2017,SUV,Automatic,4WD,Diesel,9.5,8,4,7,93990
Toyota,Landcruiser,2017,Ute/Pickup,Manual,4WD,Diesel,10.7,8,2,3,68970
Toyota,Hilux,2017,Ute/Pickup,Automatic,4WD,Diesel,9,4,2,2,49975
Toyota,Landcruiser,2017,SUV,Automatic,4WD,Diesel,8,4,4,7,45984
Toyota,86,2017,Coupe,Manual,REAR,Premium,7.8,4,2,4,28990
Toyota,Hilux,2017,Ute/Pickup,Automatic,REAR,Unleaded,10.9,4,2,2,28990
Toyota,Hilux,2017,Ute/Pickup,Automatic,4WD,Diesel,8.5,4,4,5,54980
Toyota,Alphard,2017,Commercial,Automatic,REAR,Unleaded,NA,NA,NA,NA,79999
Toyota,Prius,2017,Hatchback,Automatic,FRONT,Hybrid,3.4,4,5,5,32990
Toyota,Kluger,2017,SUV,Automatic,FRONT,Unleaded,9.1,6,4,7,39900
Toyota,C-Hr,2017,SUV,Automatic,FRONT,Premium,6.4,4,4,5,32989
Toyota,Landcruiser,2017,SUV,Automatic,4WD,Diesel,8,4,4,7,56760
Toyota,Hilux,2017,Ute/Pickup,Automatic,REAR,Diesel,8.1,4,4,5,37990
Toyota,Landcruiser,2017,SUV,Automatic,4WD,Diesel,8,4,4,7,56993
Toyota,Landcruiser,2017,SUV,Automatic,4WD,Diesel,8,4,4,7,64999
Toyota,Hilux,2017,Ute/Pickup,Automatic,4WD,Diesel,8.5,4,4,5,57875
Toyota,Landcruiser,2017,Ute/Pickup,Manual,4WD,Diesel,10.7,8,4,5,73480
Toyota,Corolla,2017,Sedan,Automatic,FRONT,Unleaded,6.6,4,4,5,23888
Toyota,Landcruiser,2017,Ute/Pickup,Manual,4WD,Diesel,10.7,8,2,3,83988
Toyota,Landcruiser,2017,SUV,Automatic,4WD,Diesel,8,4,4,5,39980
Toyota,C-Hr,2017,SUV,Automatic,AWD,Premium,5.6,4,4,5,34990
Toyota,Landcruiser,2017,SUV,Automatic,4WD,Diesel,8,4,4,7,62984
Toyota,Hiace,2017,Commercial,Automatic,REAR,Unleaded,9.8,4,4,2,26990
Toyota,Landcruiser,2017,SUV,Automatic,4WD,Diesel,8,4,4,7,48990
Toyota,Hiace,2017,Commercial,Automatic,REAR,Diesel,9.2,4,4,2,36990
Toyota,Hilux,2017,Ute/Pickup,Automatic,REAR,Unleaded,11.5,6,4,5,31999
Toyota,Corolla,2017,Wagon,Automatic,OTHER,Unleaded,NA,NA,NA,NA,24999
Toyota,Corolla,2017,Hatchback,Automatic,FRONT,Unleaded,6.1,4,5,5,22900
Toyota,Hilux,2017,Ute/Pickup,Automatic,4WD,Diesel,8.5,4,4,5,54990
Toyota,Hiace,2017,Commercial,Automatic,OTHER,Unleaded,NA,NA,NA,NA,36900
Toyota,Hiace,2017,Commercial,Automatic,OTHER,Unleaded,NA,NA,NA,NA,28990
Toyota,Hilux,2017,Ute/Pickup,Automatic,4WD,Diesel,8.5,4,4,5,52990
Toyota,Prius,2017,Hatchback,Automatic,OTHER,Other,NA,NA,NA,NA,32990
Toyota,Hiace,2017,Commercial,Automatic,REAR,Unleaded,NA,NA,6,NA,25750
Toyota,Hilux,2017,Ute/Pickup,Automatic,4WD,Diesel,9,4,2,2,34990
Toyota,Hiace,2017,Commercial,Automatic,OTHER,Unleaded,NA,NA,6,NA,24750
Toyota,Prius,2017,Hatchback,Automatic,FRONT,Other,NA,NA,4,NA,29950
Toyota,Hiace,2018,Commercial,Automatic,REAR,Unleaded,9.8,4,4,2,41999
Toyota,C-Hr,2018,SUV,Automatic,AWD,Premium,5.6,4,4,5,29990
Toyota,Kluger,2018,SUV,Automatic,FRONT,Unleaded,9.1,6,4,7,36888
Toyota,Hilux,2018,Ute/Pickup,Automatic,4WD,Diesel,8.5,4,4,5,49913
Toyota,C-Hr,2018,SUV,Automatic,AWD,Premium,5.6,4,4,5,32980
Toyota,Corolla,2018,Hatchback,Automatic,FRONT,Unleaded,6,4,5,5,29888
Toyota,Corolla,2018,Hatchback,Automatic,FRONT,Hybrid,4.1,4,5,5,27888
Toyota,Rav4,2018,SUV,Automatic,AWD,Unleaded,8.5,4,4,5,38888
Toyota,Corolla,2018,NA,Automatic,FRONT,Unleaded,NA,NA,NA,NA,21800
Toyota,Camry,2018,Sedan,Automatic,FRONT,Unleaded,8.3,4,4,5,26990
Toyota,Corolla,2018,Hatchback,Automatic,FRONT,Hybrid,4.2,4,5,5,31995
Toyota,Rav4,2018,SUV,Automatic,AWD,Unleaded,8.5,4,4,5,34990
Toyota,Rav4,2018,SUV,Automatic,FRONT,Unleaded,7,4,4,5,24950
Toyota,Hilux,2018,Ute/Pickup,Automatic,REAR,Unleaded,10.9,4,2,2,23999
Toyota,Corolla,2018,Hatchback,Automatic,FRONT,Unleaded,6.1,4,5,5,23990
Toyota,Camry,2018,Sedan,Automatic,FRONT,Hybrid,4.2,4,4,5,34990
Toyota,Hilux,2018,Ute/Pickup,Automatic,4WD,Diesel,8.3,4,4,5,37980
Toyota,Hilux,2018,Ute/Pickup,Automatic,4WD,Diesel,9,4,2,2,39999
Toyota,Corolla,2018,Hatchback,Automatic,FRONT,Hybrid,4.1,4,5,5,27990
Toyota,Kluger,2018,SUV,Automatic,FRONT,Unleaded,9.1,6,4,7,37990
Toyota,Hilux,2018,Ute/Pickup,Automatic,4WD,Diesel,8.5,4,4,5,40990
Toyota,Rav,2018,Wagon,-,OTHER,-,NA,NA,NA,NA,29888
Toyota,Hilux,2018,Ute/Pickup,Automatic,4WD,Diesel,8.5,4,4,5,46290
Toyota,Kluger,2018,SUV,Automatic,FRONT,Unleaded,9.3,6,4,7,46990
Toyota,Hilux,2018,Ute/Pickup,Automatic,4WD,Diesel,8.5,4,4,5,39990
Toyota,Hilux,2018,Ute/Pickup,Automatic,4WD,Diesel,8.5,4,4,5,43990
Toyota,C-Hr,2018,Wagon,-,OTHER,-,NA,NA,NA,NA,36388
Toyota,Kluger,2018,SUV,Automatic,AWD,Unleaded,9.5,6,4,7,49790
Toyota,Corolla,2018,Sedan,Automatic,FRONT,Unleaded,6.6,4,4,5,29888
Toyota,Corolla,2018,Hatchback,Automatic,FRONT,Hybrid,4.2,4,5,5,34990
Toyota,Rav4,2018,SUV,Automatic,FRONT,Unleaded,7.4,4,4,5,31990
Toyota,Camry,2018,Sedan,Automatic,FRONT,Unleaded,7.8,4,4,5,28950
Toyota,Hilux,2018,Ute/Pickup,Automatic,4WD,Diesel,8.5,4,4,5,32950
Toyota,Corolla,2018,Hatchback,Automatic,FRONT,Unleaded,6.1,4,5,5,21950
Toyota,Corolla,2018,Hatchback,Automatic,FRONT,Unleaded,6,4,5,5,23999
Toyota,Camry,2018,Sedan,Automatic,FRONT,Unleaded,8.9,6,4,5,35888
Toyota,Camry,2018,Sedan,Automatic,FRONT,Unleaded,8.3,4,4,5,29388
Toyota,Kluger,2018,SUV,Automatic,FRONT,Unleaded,9.1,6,4,7,37880
Toyota,Landcruiser,2018,SUV,Automatic,4WD,Diesel,8,4,4,7,72990
Toyota,Corolla,2018,Hatchback,Automatic,FRONT,Hybrid,4.1,4,5,5,29990
Toyota,Hilux,2018,Ute/Pickup,Automatic,4WD,Diesel,8.5,4,4,5,58990
Toyota,Camry,2018,Sedan,Automatic,FRONT,Unleaded,7.8,4,4,5,27800
Toyota,Landcruiser,2018,SUV,Automatic,4WD,Diesel,9.5,8,4,7,95950
Toyota,Hilux,2018,Ute/Pickup,Automatic,REAR,Unleaded,10.9,4,2,2,26999
Toyota,Camry,2018,Sedan,Automatic,FRONT,Unleaded,8.3,4,4,5,29950
Toyota,Hilux,2018,Ute/Pickup,Automatic,REAR,Unleaded,10.9,4,2,2,26990
Toyota,Hiace,2018,Commercial,Automatic,REAR,Diesel,8.7,4,4,2,34995
Toyota,Hiace,2018,Commercial,Automatic,REAR,Unleaded,NA,NA,NA,NA,33900
Toyota,Hilux,2018,Ute/Pickup,Automatic,4WD,Diesel,8.5,4,4,5,45880
Toyota,Rav4,2018,SUV,Automatic,AWD,Unleaded,8.5,4,4,5,31888
Toyota,Corolla,2018,Hatchback,Automatic,FRONT,Hybrid,4.2,4,5,5,30990
Toyota,Corolla,2018,Hatchback,Automatic,FRONT,Unleaded,6,4,5,5,26990
Toyota,Camry,2018,Sedan,Automatic,FRONT,Hybrid,4.2,4,4,5,35990
Toyota,Landcruiser,2018,SUV,Automatic,4WD,Diesel,8,4,4,7,49999
Toyota,Camry,2018,Sedan,Automatic,FRONT,Unleaded,7.8,4,4,5,27995
Toyota,Corolla,2018,Hatchback,Automatic,FRONT,Hybrid,4.2,4,5,5,37999
Toyota,Corolla,2018,Hatchback,Automatic,FRONT,Unleaded,6.1,4,5,5,24990
Toyota,Kluger,2018,SUV,Automatic,FRONT,Unleaded,9.1,6,4,7,39990
Toyota,Yaris,2018,Hatchback,Automatic,FRONT,Unleaded,6.4,4,5,5,20888
Toyota,Camry,2018,Sedan,Automatic,FRONT,Hybrid,4.2,4,4,5,33888
Toyota,Hilux,2018,Ute/Pickup,Manual,REAR,Diesel,7.7,4,2,2,32888
Toyota,Hilux,2018,Ute/Pickup,Automatic,REAR,Unleaded,10.9,4,2,2,24880
Toyota,Tarago,2018,Wagon,Automatic,FRONT,Unleaded,8.9,4,4,8,38490
Toyota,Corolla,2018,Hatchback,Automatic,FRONT,Unleaded,6.1,4,5,5,24999
Toyota,Hilux,2018,Ute/Pickup,Manual,REAR,Diesel,7.7,4,2,2,35990
Toyota,Hilux,2018,Ute/Pickup,Automatic,REAR,Diesel,7.3,4,2,4,34950
Toyota,Kluger,2018,SUV,Automatic,AWD,Unleaded,9.5,6,4,7,44990
Toyota,Hilux,2018,Ute/Pickup,Automatic,4WD,Diesel,8.5,4,4,5,44990
Toyota,Kluger,2018,Wagon,Automatic,FRONT,Unleaded,NA,NA,NA,NA,39950
Toyota,C-Hr,2018,SUV,Automatic,FRONT,Premium,5.5,4,4,5,29888
Toyota,Corolla,2018,Hatchback,Automatic,FRONT,Hybrid,4.2,4,5,5,37990
Toyota,Hiace,2018,NA,Automatic,OTHER,Diesel,NA,NA,NA,NA,47888
Toyota,Camry,2018,Sedan,Automatic,FRONT,Hybrid,4.2,4,4,5,30990
Toyota,Corolla,2018,Hatchback,Automatic,FRONT,Unleaded,6,4,5,5,27995
Toyota,Rav4,2018,SUV,Automatic,AWD,Diesel,6.5,4,4,5,30990
Toyota,Kluger,2018,SUV,Automatic,FRONT,Unleaded,9.1,6,4,7,42990
Toyota,Rav4,2018,SUV,Automatic,AWD,Unleaded,8.5,4,4,5,29800
Toyota,Yaris,2018,Hatchback,Automatic,FRONT,Unleaded,6.4,4,5,5,18990
Toyota,Hilux,2018,Ute/Pickup,Automatic,4WD,Diesel,8.5,4,4,5,52975
Toyota,Camry,2018,Sedan,Automatic,FRONT,Unleaded,8.7,6,4,5,39700
Toyota,Corolla,2018,Hatchback,Automatic,FRONT,Hybrid,4.2,4,5,5,28990
Toyota,Landcruiser,2018,Ute/Pickup,Manual,4WD,Diesel,10.7,8,2,3,84975
Toyota,Other,2018,Wagon,Automatic,FRONT,Other,NA,NA,5,NA,24888
Toyota,C-Hr,2018,SUV,Automatic,FRONT,Premium,5.5,4,4,5,27990
Toyota,Hiace,2018,NA,-,OTHER,Unleaded,NA,NA,NA,NA,66888
Toyota,Hilux,2018,Ute/Pickup,Automatic,4WD,Diesel,8.5,4,4,5,59990
Toyota,Hilux,2018,Ute/Pickup,Manual,REAR,Unleaded,11.1,4,2,2,29490
Toyota,Rav4,2018,SUV,Automatic,FRONT,Unleaded,7.4,4,4,5,27986
Toyota,Hilux,2018,Ute/Pickup,Automatic,REAR,Unleaded,10.9,4,2,2,26490
Toyota,Hilux,2018,Ute/Pickup,Automatic,4WD,Diesel,8.5,4,4,5,41990
Toyota,Hilux,2018,Ute/Pickup,Automatic,4WD,Diesel,8.5,4,4,5,49990
Toyota,Hilux,2018,Ute/Pickup,Manual,REAR,Diesel,7.7,4,2,2,28999
Toyota,86,2018,Coupe,Automatic,REAR,Premium,7.1,4,2,4,44990
Toyota,C-Hr,2018,SUV,Automatic,OTHER,Unleaded,NA,NA,NA,NA,29990
Toyota,Landcruiser,2018,SUV,Automatic,4WD,Diesel,8,4,4,7,76910
Toyota,Kluger,2018,SUV,Automatic,FRONT,Unleaded,9.1,6,4,7,32990
Toyota,Hilux,2018,Ute/Pickup,Automatic,REAR,Unleaded,10.9,4,2,2,20930
Toyota,Corolla,2018,Hatchback,Automatic,FRONT,Unleaded,6.1,4,5,5,23980
Toyota,Hilux,2018,Ute/Pickup,Manual,4WD,Diesel,7.6,4,4,5,38885
Toyota,Rav4,2018,SUV,Automatic,AWD,Unleaded,8.5,4,4,5,34888
Toyota,Corolla,2018,Hatchback,Automatic,FRONT,Unleaded,6,4,5,5,26900
Toyota,Hilux,2018,Ute/Pickup,Automatic,REAR,Unleaded,10.9,4,2,2,23990
Toyota,Corolla,2018,Hatchback,Automatic,FRONT,Unleaded,6.1,4,5,5,25700
Toyota,Camry,2018,Sedan,Automatic,FRONT,Hybrid,4.5,4,4,5,44888
Toyota,Corolla,2018,Hatchback,Automatic,FRONT,Unleaded,6,4,5,5,27989
Toyota,Hilux,2018,Ute/Pickup,Automatic,REAR,Diesel,8.1,4,4,5,38950
Toyota,Camry,2018,Sedan,Automatic,FRONT,Unleaded,8.3,4,4,5,34990
Toyota,Hilux,2018,Ute/Pickup,Automatic,OTHER,Diesel,NA,NA,NA,NA,39990
Toyota,C-Hr,2018,SUV,Automatic,FRONT,Premium,5.5,4,4,5,28990
Toyota,Landcruiser,2018,Ute/Pickup,Manual,4WD,Diesel,10.7,8,4,5,88888
Toyota,Landcruiser,2018,SUV,Automatic,4WD,Diesel,8,4,4,7,65990
Toyota,Kluger,2018,SUV,Automatic,AWD,Unleaded,9.5,6,4,7,49880
Toyota,Landcruiser,2018,Ute/Pickup,Manual,4WD,Diesel,10.7,8,4,5,99990
Toyota,C-Hr,2018,SUV,Automatic,FRONT,Premium,5.5,4,4,5,28999
Toyota,Hilux,2018,Ute/Pickup,Manual,OTHER,Diesel,NA,NA,NA,NA,30990
Toyota,C-Hr,2018,SUV,Automatic,FRONT,Premium,5.5,4,4,5,28950
Toyota,C-Hr,2018,SUV,Automatic,FRONT,Premium,5.5,4,4,5,29990
Toyota,Hilux,2018,Ute/Pickup,Automatic,REAR,Diesel,8.1,4,4,5,35999
Toyota,Landcruiser,2018,SUV,Automatic,4WD,Diesel,9.5,8,4,7,92990
Toyota,Camry,2018,Sedan,Automatic,FRONT,Unleaded,7.8,4,4,5,25300
Toyota,C-Hr,2018,SUV,Automatic,FRONT,Premium,5.5,4,4,5,32950
Toyota,Hilux,2018,Ute/Pickup,Automatic,4WD,Diesel,8.5,4,4,5,35999
Toyota,C-Hr,2018,SUV,Automatic,FRONT,Premium,5.5,4,4,5,25980
Toyota,C-Hr,2018,SUV,Automatic,FRONT,Premium,5.5,4,4,5,29250
Toyota,Rav4,2018,SUV,Automatic,FRONT,Unleaded,7,4,4,5,23900
Toyota,Camry,2018,Sedan,Automatic,FRONT,Unleaded,8.3,4,4,5,37980
Toyota,Rav4,2018,SUV,Automatic,FRONT,Unleaded,7.4,4,4,5,30888
Toyota,86,2018,Coupe,Automatic,REAR,Premium,7.1,4,2,4,37999
Toyota,Kluger,2018,SUV,Automatic,AWD,Unleaded,9.5,6,4,7,52090
Toyota,Land,2018,Wagon,Automatic,OTHER,Diesel,NA,NA,NA,NA,62490
Toyota,Camry,2018,Sedan,Automatic,FRONT,Unleaded,7.8,4,4,5,23950
Toyota,Hiace,2018,People Mover,Automatic,REAR,Diesel,9.5,4,3,12,73950
Toyota,Camry,2018,Sedan,Automatic,FRONT,Hybrid,4.2,4,4,5,34999
Toyota,Corolla,2018,Hatchback,Automatic,FRONT,Hybrid,4.2,4,5,5,32990
Toyota,C-Hr,2018,SUV,Automatic,FRONT,Premium,5.5,4,4,5,26910
Toyota,Camry,2018,Sedan,Automatic,FRONT,Hybrid,4.2,4,4,5,37990
Toyota,Rav4,2018,SUV,Automatic,FRONT,Unleaded,7,4,4,5,35990
Toyota,Landcruiser,2018,SUV,Automatic,4WD,Diesel,8,4,4,7,49990
Toyota,Alphard,2018,Wagon,-,OTHER,Unleaded,NA,NA,NA,NA,104990
Toyota,Camry,2018,Sedan,Automatic,FRONT,Hybrid,4.2,4,4,5,36499
Toyota,Rav4,2018,SUV,Automatic,FRONT,Unleaded,7.4,4,4,5,32490
Toyota,Hilux,2018,Ute/Pickup,Automatic,4WD,Diesel,7.6,4,2,4,56000
Toyota,Kluger,2018,Wagon,Automatic,OTHER,Unleaded,NA,NA,NA,NA,45990
Toyota,Camry,2018,Sedan,Automatic,FRONT,Hybrid,4.2,4,4,5,41970
Toyota,Hilux,2018,Ute/Pickup,Automatic,REAR,Unleaded,10.4,4,4,5,25990
Toyota,Tarago,2018,Wagon,Automatic,FRONT,Unleaded,8.9,4,4,8,39980
Toyota,Camry,2018,Sedan,Automatic,FRONT,Hybrid,4.2,4,4,5,38880
Toyota,Corolla,2018,Hatchback,Automatic,FRONT,Unleaded,6.1,4,5,5,17990
Toyota,Hiace,2018,Commercial,Automatic,REAR,Unleaded,NA,NA,NA,NA,81950
Toyota,C-Hr,2018,SUV,Automatic,FRONT,Premium,5.5,4,4,5,27995
Toyota,Corolla,2018,Hatchback,Automatic,FRONT,Hybrid,4.2,4,5,5,32888
Toyota,Rav4,2018,SUV,Automatic,FRONT,Unleaded,7.4,4,4,5,34888
Toyota,Kluger,2018,SUV,Automatic,AWD,Unleaded,9.5,6,4,7,43950
Toyota,Landcruiser,2018,Ute/Pickup,Manual,4WD,Diesel,10.7,8,4,5,114990
Toyota,Kluger,2018,Wagon,Automatic,OTHER,Unleaded,NA,NA,NA,NA,33999
Toyota,Rav4,2018,SUV,Automatic,FRONT,Unleaded,7,4,4,5,32990
Toyota,Rav4,2018,SUV,Automatic,AWD,Unleaded,8.5,4,4,5,37990
Toyota,Camry,2018,Sedan,Automatic,FRONT,Hybrid,4.2,4,4,5,38990
Toyota,Rav4,2018,SUV,Automatic,AWD,Unleaded,8.5,4,4,5,36990
Toyota,C-Hr,2018,SUV,Automatic,FRONT,Premium,5.5,4,4,5,36990
Toyota,Kluger,2018,SUV,Automatic,FRONT,Unleaded,9.1,6,4,7,41905
Toyota,Landcruiser,2018,SUV,Automatic,4WD,Diesel,8,4,4,7,62970
Toyota,Corolla,2018,Hatchback,Automatic,FRONT,Hybrid,4.2,4,5,5,33910
Toyota,Hilux,2018,Ute/Pickup,Automatic,REAR,Diesel,8.1,4,4,5,39888
Toyota,Camry,2018,Sedan,Automatic,FRONT,Hybrid,4.5,4,4,5,38750
Toyota,Camry,2018,Sedan,Automatic,FRONT,Unleaded,7.8,4,4,5,28787
Toyota,Hilux,2018,Ute/Pickup,Automatic,4WD,Diesel,8.5,4,4,5,36747
Toyota,Landcruiser,2018,SUV,Automatic,4WD,Diesel,8,4,4,5,56990
Toyota,Rav4,2018,SUV,Automatic,FRONT,Unleaded,7.4,4,4,5,33990
Toyota,Yaris,2018,Hatchback,Automatic,FRONT,Unleaded,6.4,4,5,5,19990
Toyota,Kluger,2018,SUV,Automatic,AWD,Unleaded,9.5,6,4,7,37990
Toyota,Camry,2018,Sedan,Automatic,FRONT,Unleaded,8.3,4,4,5,40932
Toyota,C-Hr,2018,SUV,Automatic,FRONT,Premium,5.5,4,4,5,32999
Toyota,Rav4,2018,SUV,Automatic,FRONT,Unleaded,7,4,4,5,30950
Toyota,Corolla,2018,Hatchback,Automatic,FRONT,Unleaded,6.1,4,5,5,28888
Toyota,Prius,2018,Hatchback,-,OTHER,-,NA,NA,NA,NA,49950
Toyota,Rav4,2018,SUV,Automatic,FRONT,Unleaded,7,4,4,5,27895
Toyota,Landcruiser,2018,SUV,Automatic,4WD,Diesel,8,4,4,7,57990
Toyota,Corolla,2018,Hatchback,Automatic,FRONT,Hybrid,4.2,4,5,5,31990
Toyota,Rav4,2018,SUV,Automatic,FRONT,Unleaded,7,4,4,5,34480
Toyota,Rav4,2018,SUV,Automatic,AWD,Unleaded,8.5,4,4,5,36985
Toyota,Hilux,2018,Ute/Pickup,Automatic,REAR,Unleaded,10.9,4,2,2,22950
Toyota,Camry,2018,Sedan,Automatic,FRONT,Unleaded,7.8,4,4,5,25000
Toyota,Camry,2018,Sedan,Automatic,FRONT,Unleaded,8.3,4,4,5,29990
Toyota,Yaris,2018,Hatchback,Automatic,FRONT,Unleaded,6.4,4,5,5,21490
Toyota,Fortuner,2018,SUV,Automatic,AWD,Diesel,8.6,4,4,7,58990
Toyota,Landcruiser,2018,SUV,Automatic,4WD,Diesel,8,4,4,5,42900
Toyota,Yaris,2018,Hatchback,Automatic,FRONT,Unleaded,6.4,4,5,5,24970
Toyota,Corolla,2018,Hatchback,Automatic,FRONT,Unleaded,6.1,4,5,5,24925
Toyota,C-Hr,2018,SUV,Automatic,FRONT,Premium,5.5,4,4,5,29720
Toyota,C-Hr,2018,SUV,Automatic,AWD,Premium,5.6,4,4,5,31939
Toyota,Rav4,2018,SUV,Automatic,FRONT,Unleaded,7,4,4,5,23999
Toyota,Kluger,2018,SUV,Automatic,AWD,Unleaded,9.5,6,4,7,53990
Toyota,Hilux,2018,Ute/Pickup,Automatic,REAR,Unleaded,10.9,4,2,2,27990
Toyota,Landcruiser,2018,SUV,Automatic,4WD,Diesel,8,4,4,7,56880
Toyota,Kluger,2018,SUV,Automatic,AWD,Unleaded,9.5,6,4,7,40880
Toyota,Yaris,2018,Hatchback,Automatic,FRONT,Unleaded,6.4,4,5,5,19200
Toyota,Rav4,2018,SUV,Automatic,FRONT,Unleaded,7,4,4,5,23990
Toyota,Landcruiser,2018,SUV,Manual,4WD,Diesel,10.7,8,2,5,88747
Toyota,Hilux,2018,Ute/Pickup,Automatic,4WD,Diesel,7.6,4,2,4,48888
Toyota,Landcruiser,2018,Ute/Pickup,Manual,4WD,Diesel,10.7,8,2,3,89980
Toyota,Rav4,2018,SUV,Automatic,AWD,Unleaded,8.5,4,4,5,35880
Toyota,Corolla,2018,Hatchback,Automatic,FRONT,Hybrid,4.2,4,5,5,29490
Toyota,Corolla,2018,Hatchback,Automatic,FRONT,Unleaded,6,4,5,5,29990
Toyota,Corolla,2018,Sedan,Automatic,FRONT,Unleaded,6.6,4,4,5,23990
Toyota,Corolla,2018,NA,Automatic,FRONT,Unleaded,NA,NA,NA,NA,22990
Toyota,Kluger,2018,SUV,Automatic,FRONT,Unleaded,9.1,6,4,7,37999
Toyota,Landcruiser,2018,SUV,Automatic,4WD,Diesel,9.5,8,4,7,92880
Toyota,86,2018,Coupe,Manual,REAR,Premium,8.4,4,2,4,34990
Toyota,Kluger,2018,SUV,Automatic,FRONT,Unleaded,9.1,6,4,7,40990
Toyota,Hiace,2018,Commercial,Automatic,REAR,Diesel,8.7,4,4,2,38990
Toyota,Hilux,2018,Ute/Pickup,Automatic,REAR,Unleaded,10.9,4,2,2,28990
Toyota,Corolla,2018,Hatchback,Automatic,FRONT,Unleaded,6,4,5,5,34990
Toyota,Hilux,2018,Ute/Pickup,Manual,REAR,Diesel,7.3,4,4,5,41990
Toyota,Camry,2018,Sedan,Automatic,FRONT,Unleaded,8.9,6,4,5,36265
Toyota,Landcruiser,2018,SUV,Automatic,4WD,Diesel,8,4,4,7,52990
Toyota,Hilux,2018,Ute/Pickup,Automatic,4WD,Diesel,8.5,4,4,5,39750
Toyota,Rav4,2018,SUV,Automatic,AWD,Unleaded,8.5,4,4,5,35990
Toyota,Hilux,2018,Ute/Pickup,Automatic,4WD,Diesel,9,4,2,2,39795
Toyota,Kluger,2018,SUV,Automatic,FRONT,Unleaded,9.1,6,4,7,40888
Toyota,Camry,2018,Sedan,Automatic,FRONT,Hybrid,4.2,4,4,5,33880
Toyota,Camry,2018,Sedan,Automatic,FRONT,Unleaded,7.8,4,4,5,27990
Toyota,Hilux,2018,Ute/Pickup,Automatic,4WD,Diesel,8.5,4,4,5,45990
Toyota,Camry,2018,Sedan,Automatic,FRONT,Unleaded,7.8,4,4,5,24990
Toyota,Landcruiser,2018,SUV,Automatic,4WD,Diesel,8,4,4,7,63990
Toyota,Rav4,2018,SUV,Automatic,FRONT,Unleaded,7,4,4,5,34980
Toyota,Camry,2018,Sedan,Automatic,FRONT,Unleaded,8.3,4,4,5,35999
Toyota,Landcruiser,2018,SUV,Automatic,4WD,Diesel,9.5,8,4,7,109990
Toyota,Hilux,2018,Ute/Pickup,Automatic,4WD,Diesel,8.5,4,4,5,41888
Toyota,Rav4,2018,SUV,Automatic,AWD,Unleaded,8.5,4,4,5,35999
Toyota,86,2018,Coupe,Automatic,REAR,Premium,7.1,4,2,4,36569
Toyota,Fortuner,2018,SUV,Automatic,AWD,Diesel,8.6,4,4,7,52480
Toyota,Landcruiser,2018,Ute/Pickup,Manual,4WD,Diesel,10.7,8,4,5,99992
Toyota,Landcruiser,2018,SUV,Automatic,4WD,Diesel,8,4,4,7,59990
Toyota,Corolla,2018,Sedan,Automatic,FRONT,Unleaded,6.6,4,4,5,23968
Toyota,Kluger,2018,SUV,Automatic,AWD,Unleaded,9.5,6,4,7,33968
Toyota,Rav4,2018,SUV,Automatic,AWD,Diesel,6.5,4,4,5,27990
Toyota,C-Hr,2018,SUV,Automatic,FRONT,Premium,5.5,4,4,5,35995
Toyota,Corolla,2018,Sedan,Automatic,FRONT,Unleaded,6.6,4,4,5,28990
Toyota,Hilux,2018,Ute/Pickup,Automatic,4WD,Diesel,8.5,4,4,5,48988
Toyota,Fortuner,2018,SUV,Automatic,AWD,Diesel,8.6,4,4,7,56989
Toyota,Landcruiser,2018,SUV,Automatic,4WD,Diesel,8,4,4,7,53962
Toyota,Kluger,2018,SUV,Automatic,AWD,Unleaded,9.5,6,4,7,37888
Toyota,Corolla,2018,Hatchback,Automatic,FRONT,Hybrid,4.2,4,5,5,34999
Toyota,Kluger,2018,SUV,Automatic,FRONT,Unleaded,9.3,6,4,7,41981
Toyota,Hilux,2018,Ute/Pickup,Automatic,4WD,Diesel,8.5,4,4,5,34888
Toyota,Corolla,2018,Hatchback,Automatic,FRONT,Unleaded,6,4,5,5,29977
Toyota,Camry,2018,Sedan,Automatic,FRONT,Hybrid,4.2,4,4,5,33878
Toyota,Camry,2018,Sedan,Automatic,FRONT,Hybrid,4.2,4,4,5,36970
Toyota,Hilux,2018,Ute/Pickup,Automatic,4WD,Diesel,8.5,4,4,5,36990
Toyota,Hilux,2018,Ute/Pickup,Automatic,4WD,Diesel,8.5,4,4,5,41290
Toyota,Hilux,2018,Ute/Pickup,Automatic,4WD,Diesel,8.5,4,4,5,47977
Toyota,Hilux,2018,Ute/Pickup,Automatic,4WD,Diesel,8.5,4,4,5,46990
Toyota,Hilux,2018,Ute/Pickup,Automatic,4WD,Diesel,8.5,4,4,5,47980
Toyota,Hilux,2018,Ute/Pickup,Automatic,4WD,Diesel,8.5,4,4,5,55989
Toyota,Rav4,2018,SUV,Automatic,AWD,Diesel,6.5,4,4,5,33999
Toyota,Corolla,2018,Hatchback,Automatic,FRONT,Unleaded,6,4,5,5,20888
Toyota,Landcruiser,2018,SUV,Manual,4WD,Diesel,7.9,4,4,7,59990
Toyota,Hilux,2018,Ute/Pickup,Automatic,REAR,Unleaded,10.9,4,2,2,23995
Toyota,Hilux,2018,Ute/Pickup,Manual,REAR,Diesel,7.7,4,2,2,21990
Toyota,Camry,2018,Sedan,Automatic,FRONT,Unleaded,8.3,4,4,5,38990
Toyota,Rav4,2018,SUV,Automatic,AWD,Unleaded,8.5,4,4,5,36950
Toyota,Hiace,2018,Commercial,Automatic,REAR,Unleaded,NA,NA,3,NA,33950
Toyota,Hiace,2018,Commercial,Automatic,REAR,Diesel,NA,NA,3,NA,31450
Toyota,Other,2018,Commercial,Automatic,FRONT,Other,NA,NA,7,NA,41999
Toyota,Noah,2018,Commercial,Automatic,FRONT,Unleaded,NA,NA,8,NA,39950
Toyota,Corolla,2018,Wagon,Automatic,FRONT,Other,NA,NA,5,NA,21450
Toyota,Corolla,2018,Wagon,Automatic,FRONT,Other,NA,NA,5,NA,19700
Toyota,Hiace,2018,Commercial,Automatic,REAR,Unleaded,NA,NA,3,NA,38999
Toyota,C-Hr,2019,SUV,Manual,FRONT,Premium,5.4,4,4,5,33888
Toyota,Corolla,2019,Hatchback,Automatic,FRONT,Unleaded,6,4,5,5,18995
Toyota,Corolla,2019,Hatchback,Automatic,FRONT,Hybrid,4.2,4,5,5,35990
Toyota,Yaris,2019,Hatchback,Automatic,FRONT,Unleaded,6.4,4,5,5,24888
Toyota,Kluger,2019,Wagon,Automatic,OTHER,-,NA,NA,NA,NA,55990
Toyota,Land,2019,Wagon,Automatic,OTHER,-,NA,NA,NA,NA,77990
Toyota,Corolla,2019,Hatchback,Automatic,FRONT,Unleaded,6,4,5,5,27888
Toyota,Corolla,2019,Hatchback,Automatic,FRONT,Unleaded,6,4,5,5,31990
Toyota,Landcruiser,2019,SUV,Manual,4WD,Diesel,10.7,8,2,5,97880
Toyota,Hilux,2019,Ute/Pickup,Automatic,4WD,Diesel,8.5,4,4,5,47888
Toyota,Rav4,2019,SUV,Automatic,FRONT,Hybrid,4.7,4,5,5,33480
Toyota,Rav4,2019,SUV,Automatic,FRONT,Unleaded,6.5,4,5,5,37995
Toyota,Camry,2019,Sedan,Automatic,FRONT,Hybrid,4.2,4,4,5,34900
Toyota,Camry,2019,Sedan,Automatic,FRONT,Hybrid,4.2,4,4,5,37990
Toyota,Hilux,2019,Ute/Pickup,Automatic,4WD,Diesel,8.5,4,4,5,47999
Toyota,Camry,2019,Sedan,Automatic,FRONT,Unleaded,7.8,4,4,5,29990
Toyota,Corolla,2019,Sedan,Automatic,FRONT,Unleaded,6.6,4,4,5,27990
Toyota,Corolla,2019,Hatchback,Automatic,FRONT,Hybrid,4.2,4,5,5,32990
Toyota,Corolla,2019,Hatchback,Automatic,FRONT,Hybrid,4.2,4,5,5,31990
Toyota,Corolla,2019,Sedan,Automatic,FRONT,Unleaded,6.6,4,4,5,25990
Toyota,Camry,2019,Sedan,Automatic,FRONT,Hybrid,4.2,4,4,5,38990
Toyota,Corolla,2019,Hatchback,Automatic,FRONT,Hybrid,4.2,4,5,5,29990
Toyota,Kluger,2019,Wagon,Automatic,OTHER,-,NA,NA,NA,NA,49888
Toyota,Corolla,2019,Hatchback,Automatic,FRONT,Hybrid,4.2,4,5,5,28888
Toyota,Kluger,2019,SUV,Automatic,FRONT,Unleaded,9.1,6,4,7,37900
Toyota,Rav4,2019,SUV,Automatic,AWD,Hybrid,4.8,4,5,5,43888
Toyota,C-Hr,2019,SUV,Automatic,FRONT,Premium,6.4,4,5,5,33900
Toyota,Hiace,2019,Commercial,Automatic,REAR,Diesel,NA,NA,NA,NA,63990
Toyota,Hilux,2019,Ute/Pickup,Automatic,4WD,Diesel,8.5,4,4,5,49290
Toyota,Corolla,2019,Hatchback,Automatic,FRONT,Hybrid,4.2,4,5,5,34888
Toyota,Landcruiser,2019,SUV,Automatic,4WD,Diesel,8,4,4,7,59990
Toyota,Corolla,2019,NA,-,OTHER,-,NA,NA,NA,NA,32388
Toyota,Corolla,2019,Sedan,Automatic,FRONT,Unleaded,6,4,4,5,32999
Toyota,Hilux,2019,Ute/Pickup,Automatic,4WD,Diesel,8.5,4,4,5,62990
Toyota,Corolla,2019,NA,-,OTHER,-,NA,NA,NA,NA,32888
Toyota,Rav4,2019,SUV,Automatic,FRONT,Unleaded,7,4,4,5,34800
Toyota,Camry,2019,Sedan,Automatic,FRONT,Unleaded,7.8,4,4,5,26990
Toyota,Camry,2019,Sedan,Automatic,FRONT,Hybrid,4.2,4,4,5,36995
Toyota,Rav4,2019,SUV,Automatic,AWD,Hybrid,4.8,4,5,5,53888
Toyota,Hilux,2019,Ute/Pickup,Automatic,4WD,Diesel,8.5,4,4,5,57888
Toyota,Corolla,2019,Hatchback,Automatic,FRONT,Unleaded,6,4,5,5,26990
Toyota,Landcruiser,2019,SUV,Automatic,4WD,Diesel,9.5,8,4,7,124990
Toyota,Hilux,2019,Ute/Pickup,Manual,REAR,Unleaded,11.1,4,2,2,26888
Toyota,Camry,2019,Sedan,Automatic,FRONT,Hybrid,4.2,4,4,5,36990
Toyota,Rav4,2019,SUV,Automatic,FRONT,Hybrid,4.7,4,5,5,56990
Toyota,Rav4,2019,SUV,Automatic,AWD,Hybrid,4.8,4,5,5,48990
Toyota,C-Hr,2019,SUV,Automatic,FRONT,Premium,5.5,4,4,5,30990
Toyota,Kluger,2019,SUV,Automatic,FRONT,Unleaded,9.1,6,4,7,39888
Toyota,Corolla,2019,Sedan,Automatic,FRONT,Unleaded,6,4,4,5,29990
Toyota,Hilux,2019,Ute/Pickup,Automatic,4WD,Diesel,8.5,4,4,5,68880
Toyota,Yaris,2019,Hatchback,Automatic,FRONT,Unleaded,6.4,4,5,5,18484
Toyota,Corolla,2019,Hatchback,Automatic,FRONT,Unleaded,6,4,5,5,31995
Toyota,Rav4,2019,SUV,Automatic,AWD,Hybrid,4.8,4,5,5,44888
Toyota,Landcruiser,2019,SUV,Automatic,4WD,Diesel,8,4,4,7,69995
Toyota,Camry,2019,Sedan,Automatic,FRONT,Hybrid,4.2,4,4,5,40990
Toyota,Hilux,2019,Ute/Pickup,Automatic,4WD,Diesel,8.5,4,4,5,48290
Toyota,Corolla,2019,Hatchback,Automatic,FRONT,Unleaded,6,4,5,5,32999
Toyota,Landcruiser,2019,SUV,Automatic,4WD,Diesel,8,4,4,7,63380
Toyota,Kluger,2019,SUV,Automatic,FRONT,Unleaded,9.1,6,4,7,49990
Toyota,Rav4,2019,SUV,Automatic,FRONT,Hybrid,4.7,4,5,5,42990
Toyota,Hilux,2019,Ute/Pickup,Automatic,4WD,Diesel,8.5,4,4,5,65990
Toyota,Hilux,2019,Ute/Pickup,Automatic,4WD,Diesel,8.5,4,4,5,48990
Toyota,Yaris,2019,Hatchback,Automatic,FRONT,Unleaded,6.4,4,5,5,20990
Toyota,C-Hr,2019,SUV,Automatic,FRONT,Premium,5.5,4,4,5,27990
Toyota,Corolla,2019,Hatchback,Automatic,FRONT,Hybrid,4.2,4,5,5,33990
Toyota,Hilux,2019,Ute/Pickup,Automatic,4WD,Diesel,8.5,4,4,5,61990
Toyota,Rav4,2019,SUV,Automatic,AWD,Hybrid,4.8,4,5,5,44990
Toyota,Rav4,2019,SUV,Automatic,FRONT,Unleaded,6.5,4,5,5,40888
Toyota,Hilux,2019,Ute/Pickup,Automatic,4WD,Diesel,7.6,4,2,4,55990
Toyota,Rav4,2019,SUV,Automatic,FRONT,Unleaded,6.5,4,5,5,39999
Toyota,Camry,2019,Sedan,Automatic,FRONT,Hybrid,4.2,4,4,5,41000
Toyota,Landcruiser,2019,SUV,Automatic,4WD,Diesel,9.5,8,4,7,103990
Toyota,Hilux,2019,Ute/Pickup,Automatic,4WD,Diesel,8.5,4,4,5,53990
Toyota,Landcruiser,2019,SUV,Automatic,4WD,Diesel,8,4,4,7,72990
Toyota,Camry,2019,Sedan,Automatic,FRONT,Unleaded,7.8,4,4,5,28971
Toyota,Hilux,2019,Ute/Pickup,Automatic,4WD,Diesel,8.5,4,4,5,45490
Toyota,Rav,2019,Wagon,Automatic,FRONT,Unleaded,NA,NA,NA,NA,35990
Toyota,Landcruiser,2019,SUV,Automatic,4WD,Diesel,8,4,4,5,49950
Toyota,Landcruiser,2019,SUV,Automatic,4WD,Diesel,8,4,4,7,76990
Toyota,Camry,2019,Sedan,Automatic,FRONT,Unleaded,8.3,4,4,5,27789
Toyota,C-Hr,2019,SUV,Automatic,AWD,Premium,5.6,4,4,5,36990
Toyota,Hilux,2019,Ute/Pickup,Automatic,4WD,Diesel,8.5,4,4,5,63990
Toyota,Land,2019,Wagon,Automatic,OTHER,Diesel,NA,NA,NA,NA,105990
Toyota,Hilux,2019,Ute/Pickup,Automatic,OTHER,-,NA,NA,NA,NA,57990
Toyota,Landcruiser,2019,SUV,Automatic,4WD,Diesel,8,4,4,7,65995
Toyota,Landcruiser,2019,SUV,Automatic,4WD,Diesel,8,4,4,7,79490
Toyota,Landcruiser,2019,SUV,Automatic,4WD,Diesel,9.5,8,4,7,114999
Toyota,Kluger,2019,SUV,Automatic,AWD,Unleaded,9.5,6,4,7,49930
Toyota,Rav4,2019,SUV,Automatic,FRONT,Hybrid,4.7,4,5,5,43990
Toyota,Prius,2019,Wagon,Automatic,FRONT,Hybrid,4.4,4,4,7,42990
Toyota,C-Hr,2019,SUV,Automatic,FRONT,Premium,5.5,4,4,5,28980
Toyota,Camry,2019,Sedan,Automatic,FRONT,Unleaded,7.8,4,4,5,31990
Toyota,Hilux,2019,Ute/Pickup,Automatic,4WD,Diesel,8.5,4,4,5,43995
Toyota,Corolla,2019,Hatchback,Automatic,FRONT,Unleaded,6,4,5,5,27990
Toyota,Rav4,2019,SUV,Automatic,FRONT,Unleaded,6.5,4,5,5,36990
Toyota,Rav4,2019,SUV,Automatic,FRONT,Unleaded,6.5,4,5,5,33999
Toyota,Landcruiser,2019,Ute/Pickup,Manual,4WD,Diesel,10.7,8,4,5,109990
Toyota,Camry,2019,Sedan,Automatic,FRONT,Hybrid,4.2,4,4,5,41990
Toyota,Hilux,2019,Ute/Pickup,Automatic,4WD,Diesel,8.5,4,4,5,45999
Toyota,Landcruiser,2019,SUV,Automatic,4WD,Diesel,9.5,8,4,7,123888
Toyota,Kluger,2019,SUV,Automatic,AWD,Unleaded,9.5,6,4,7,55999
Toyota,Hilux,2019,Ute/Pickup,Automatic,4WD,Diesel,8.5,4,4,5,57990
Toyota,Land,2019,Wagon,Automatic,OTHER,Diesel,NA,NA,NA,NA,58990
Toyota,Kluger,2019,SUV,Automatic,AWD,Unleaded,9.5,6,4,7,51990
Toyota,C-Hr,2019,SUV,Automatic,FRONT,Premium,5.5,4,4,5,34990
Toyota,Hilux,2019,Ute/Pickup,Automatic,4WD,Diesel,9,4,2,2,44990
Toyota,Kluger,2019,SUV,Automatic,AWD,Unleaded,9.5,6,4,7,56888
Toyota,Landcruiser,2019,SUV,Manual,4WD,Diesel,10.7,8,2,5,84777
Toyota,Camry,2019,Sedan,Automatic,FRONT,Hybrid,4.2,4,4,5,41780
Toyota,Kluger,2019,SUV,Automatic,AWD,Unleaded,9.5,6,4,7,49990
Toyota,Camry,2019,NA,Automatic,OTHER,Unleaded,NA,NA,NA,NA,28490
Toyota,Corolla,2019,Hatchback,Automatic,FRONT,Hybrid,4.2,4,5,5,25990
Toyota,Corolla,2019,Hatchback,-,OTHER,Unleaded,NA,NA,NA,NA,28990
Toyota,Rav4,2019,SUV,Automatic,AWD,Unleaded,7.3,4,5,5,49888
Toyota,Corolla,2019,Hatchback,Automatic,FRONT,Hybrid,4.2,4,5,5,30990
Toyota,Corolla,2019,Hatchback,Automatic,FRONT,Hybrid,4.2,4,5,5,33880
Toyota,Camry,2019,Sedan,Automatic,FRONT,Hybrid,4.2,4,4,5,43900
Toyota,Camry,2019,Sedan,Automatic,FRONT,Hybrid,4.2,4,4,5,42877
Toyota,Kluger,2019,SUV,Automatic,AWD,Unleaded,9.5,6,4,7,47990
Toyota,Camry,2019,Sedan,Automatic,FRONT,Unleaded,8.3,4,4,5,35999
Toyota,Corolla,2019,Hatchback,Automatic,FRONT,Hybrid,4.2,4,5,5,33900
Toyota,Kluger,2019,SUV,Automatic,AWD,Unleaded,9.5,6,4,7,57990
Toyota,C-Hr,2019,SUV,Automatic,AWD,Premium,5.6,4,4,5,34998
Toyota,Camry,2019,Sedan,Automatic,FRONT,Hybrid,4.2,4,4,5,41450
Toyota,Camry,2019,Sedan,Automatic,FRONT,Hybrid,4.2,4,4,5,38858
Toyota,Rav4,2019,SUV,Automatic,AWD,Unleaded,7.3,4,5,5,47998
Toyota,Landcruiser,2019,Ute/Pickup,Manual,4WD,Diesel,10.7,8,2,2,93970
Toyota,Landcruiser,2019,Ute/Pickup,Manual,4WD,Diesel,10.7,8,2,3,78990
Toyota,Kluger,2019,SUV,Automatic,FRONT,Unleaded,9.1,6,4,7,48850
Toyota,Rav4,2019,SUV,Automatic,AWD,Hybrid,4.8,4,5,5,41888
Toyota,Tarago,2019,Wagon,Automatic,FRONT,Unleaded,8.9,4,4,8,38880
Toyota,Hilux,2019,Ute/Pickup,Automatic,REAR,Unleaded,10.9,4,2,2,30990
Toyota,Camry,2019,Sedan,Automatic,FRONT,Unleaded,8.3,4,4,5,31995
Toyota,Rav,2019,Wagon,Automatic,FRONT,Unleaded,NA,NA,NA,NA,40999
Toyota,Rav4,2019,SUV,Automatic,FRONT,Hybrid,4.7,4,5,5,46990
Toyota,Camry,2019,Sedan,Automatic,FRONT,Hybrid,4.2,4,4,5,41950
Toyota,Kluger,2019,SUV,Automatic,AWD,Unleaded,9.5,6,4,7,49888
Toyota,Landcruiser,2019,SUV,Automatic,4WD,Diesel,8,4,4,7,65900
Toyota,Kluger,2019,SUV,Automatic,AWD,Unleaded,9.5,6,4,7,43888
Toyota,Vellfire,2019,Wagon,-,OTHER,-,NA,NA,NA,NA,89950
Toyota,Alphard,2019,Wagon,-,OTHER,-,NA,NA,NA,NA,89950
Toyota,Kluger,2019,SUV,Automatic,FRONT,Unleaded,9.3,6,4,7,55990
Toyota,Rav4,2019,SUV,Automatic,FRONT,Unleaded,6.5,4,5,5,45890
Toyota,Corolla,2019,Hatchback,-,OTHER,-,NA,NA,NA,NA,34747
Toyota,Hilux,2019,Ute/Pickup,Manual,REAR,Diesel,7.7,4,2,2,26980
Toyota,Corolla,2019,Sedan,Automatic,FRONT,Hybrid,3.5,4,4,5,34516
Toyota,Corolla,2019,Hatchback,Automatic,FRONT,Unleaded,6,4,5,5,34990
Toyota,Hiace,2019,Commercial,Automatic,REAR,Diesel,8.4,4,4,2,54950
Toyota,Hilux,2019,Ute/Pickup,Manual,REAR,Unleaded,11.1,4,2,2,29888
Toyota,Rav4,2019,SUV,Automatic,FRONT,Hybrid,4.7,4,5,5,53999
Toyota,Tarago,2019,Wagon,Automatic,FRONT,Unleaded,8.9,4,4,8,38990
Toyota,Landcruiser,2019,Ute/Pickup,Manual,4WD,Diesel,10.7,8,4,5,97450
Toyota,Kluger,2019,SUV,Automatic,FRONT,Unleaded,9.3,6,4,7,49970
Toyota,Rav4,2019,SUV,Automatic,FRONT,Unleaded,6.5,4,5,5,46990
Toyota,Rav4,2019,SUV,Automatic,FRONT,Unleaded,6.5,4,5,5,38888
Toyota,Yaris,2019,Hatchback,Automatic,FRONT,Unleaded,6.4,4,5,5,20790
Toyota,Hilux,2019,Ute/Pickup,Automatic,4WD,Diesel,8.5,4,4,5,66990
Toyota,Corolla,2019,Sedan,Automatic,FRONT,Unleaded,6.6,4,4,5,18745
Toyota,Yaris,2019,Hatchback,Automatic,FRONT,Unleaded,6.4,4,5,5,20850
Toyota,Rav4,2019,SUV,Automatic,AWD,Unleaded,7.3,4,5,5,49970
Toyota,Camry,2019,Sedan,Automatic,FRONT,Hybrid,4.2,4,4,5,36950
Toyota,Tarago,2019,Wagon,Automatic,FRONT,Premium,10.3,6,4,7,40990
Toyota,Corolla,2019,Hatchback,Automatic,FRONT,Hybrid,4.2,4,5,5,31900
Toyota,Camry,2019,Sedan,Automatic,FRONT,Unleaded,8.7,6,4,5,37938
Toyota,Rav4,2019,SUV,Automatic,AWD,Hybrid,4.8,4,5,5,46950
Toyota,Camry,2019,Sedan,Automatic,FRONT,Hybrid,4.5,4,4,5,47888
Toyota,Rav4,2019,SUV,Automatic,AWD,Hybrid,4.8,4,5,5,50888
Toyota,Kluger,2019,SUV,Automatic,FRONT,Unleaded,9.1,6,4,7,47490
Toyota,Landcruiser,2019,SUV,Automatic,4WD,Diesel,8,4,4,7,67895
Toyota,Camry,2019,NA,-,OTHER,-,NA,NA,NA,NA,41447
Toyota,Corolla,2019,Sedan,Automatic,FRONT,Unleaded,6.6,4,4,5,22880
Toyota,Camry,2019,Sedan,Automatic,FRONT,Hybrid,4.2,4,4,5,37465
Toyota,Corolla,2019,Hatchback,Automatic,FRONT,Unleaded,6,4,5,5,26977
Toyota,Hilux,2019,Ute/Pickup,Automatic,4WD,Diesel,8.5,4,4,5,45990
Toyota,Hiace,2019,Commercial,Automatic,OTHER,-,NA,NA,NA,NA,61990
Toyota,Corolla,2019,Sedan,Automatic,FRONT,Unleaded,6.6,4,4,5,22990
Toyota,Corolla,2019,Hatchback,Automatic,FRONT,Unleaded,6,4,5,5,26888
Toyota,Rav4,2019,SUV,Automatic,FRONT,Hybrid,4.7,4,5,5,53755
Toyota,Corolla,2019,Hatchback,Automatic,FRONT,Unleaded,6,4,5,5,24950
Toyota,Landcruiser,2019,SUV,Automatic,4WD,Diesel,8,4,4,7,69990
Toyota,Camry,2019,Sedan,Automatic,FRONT,Unleaded,8.3,4,4,5,32990
Toyota,Landcruiser,2019,SUV,Automatic,4WD,Diesel,8,4,4,7,61995
Toyota,Kluger,2019,SUV,Automatic,FRONT,Unleaded,9.1,6,4,7,38990
Toyota,Yaris,2019,Hatchback,Automatic,FRONT,Unleaded,6.4,4,5,5,20880
Toyota,Corolla,2019,Sedan,Automatic,FRONT,Hybrid,3.5,4,4,5,29999
Toyota,Hilux,2019,Ute/Pickup,Manual,4WD,Diesel,8.1,4,2,5,52880
Toyota,Landcruiser,2019,SUV,Automatic,4WD,Diesel,9.5,8,4,7,117880
Toyota,Camry,2019,Sedan,Automatic,FRONT,Unleaded,8.3,4,4,5,29300
Toyota,Landcruiser,2019,SUV,Automatic,4WD,Diesel,8,4,4,7,68999
Toyota,Fortuner,2019,Wagon,Automatic,OTHER,Diesel,NA,NA,NA,NA,53490
Toyota,Rav4,2019,SUV,Automatic,FRONT,Unleaded,6.5,4,5,5,44990
Toyota,Hilux,2019,Ute/Pickup,Automatic,REAR,Unleaded,10.9,4,2,2,27650
Toyota,Corolla,2019,Hatchback,Automatic,FRONT,Hybrid,4.2,4,5,5,34990
Toyota,Corolla,2019,Hatchback,Automatic,FRONT,Hybrid,4.2,4,5,5,29229
Toyota,Camry,2019,Sedan,Automatic,FRONT,Hybrid,4.2,4,4,5,34490
Toyota,Corolla,2019,Hatchback,Automatic,FRONT,Hybrid,4.2,4,5,5,28490
Toyota,Hilux,2019,Ute/Pickup,Manual,4WD,Diesel,7.6,4,4,5,54999
Toyota,Landcruiser,2019,SUV,Automatic,4WD,Diesel,8,4,4,5,50980
Toyota,Camry,2019,Sedan,Automatic,FRONT,Unleaded,7.8,4,4,5,30990
Toyota,Land,2019,Ute/Pickup,Manual,OTHER,-,NA,NA,NA,NA,92990
Toyota,Land,2019,Wagon,-,OTHER,Diesel,NA,NA,NA,NA,56000
Toyota,Landcruiser,2019,Ute/Pickup,Manual,4WD,Diesel,10.7,8,2,2,89999
Toyota,Hilux,2019,Ute/Pickup,Automatic,4WD,Diesel,8.5,4,4,5,53988
Toyota,Corolla,2019,Hatchback,Automatic,FRONT,Hybrid,4.2,4,5,5,29970
Toyota,Tarago,2019,Wagon,Automatic,FRONT,Unleaded,8.9,4,4,8,41999
Toyota,Camry,2019,Sedan,Automatic,FRONT,Unleaded,7.8,4,4,5,29999
Toyota,Hilux,2019,Ute/Pickup,Automatic,4WD,Diesel,8.5,4,4,5,47965
Toyota,86,2019,Coupe,Manual,REAR,Premium,8.4,4,2,4,36990
Toyota,Rav4,2019,SUV,Automatic,FRONT,Unleaded,6.5,4,5,5,44888
Toyota,Camry,2019,Sedan,Automatic,FRONT,Unleaded,7.8,4,4,5,25989
Toyota,Camry,2019,Sedan,Automatic,FRONT,Hybrid,4.2,4,4,5,32989
Toyota,Landcruiser,2019,SUV,Automatic,4WD,Diesel,9.5,8,4,8,87965
Toyota,Camry,2019,Sedan,Automatic,FRONT,Hybrid,4.2,4,4,5,34998
Toyota,Landcruiser,2019,SUV,Automatic,4WD,Diesel,8,4,4,7,60990
Toyota,Landcruiser,2019,SUV,Automatic,4WD,Diesel,8,4,4,7,67988
Toyota,Hilux,2019,Ute/Pickup,Automatic,4WD,Diesel,8.5,4,4,5,55988
Toyota,Landcruiser,2019,SUV,Automatic,4WD,Diesel,9.5,8,4,5,86999
Toyota,Landcruiser,2019,Ute/Pickup,Manual,4WD,Diesel,10.7,8,4,5,104988
Toyota,Corolla,2019,Sedan,Automatic,FRONT,Unleaded,6,4,4,5,25998
Toyota,Hiace,2019,Commercial,Automatic,REAR,Diesel,NA,NA,NA,NA,79981
Toyota,Corolla,2019,Hatchback,Automatic,FRONT,Hybrid,4.2,4,5,5,33971
Toyota,Hilux,2019,Ute/Pickup,Manual,4WD,Diesel,7.6,4,4,5,49970
Toyota,C-Hr,2019,SUV,Automatic,FRONT,Premium,5.5,4,4,5,34994
Toyota,Camry,2019,Sedan,Automatic,FRONT,Hybrid,4.2,4,4,5,31888
Toyota,Camry,2019,Sedan,Automatic,FRONT,Unleaded,8.9,6,4,5,31888
Toyota,Rav4,2019,SUV,Automatic,AWD,Hybrid,4.8,4,5,5,47888
Toyota,Hilux,2019,Ute/Pickup,Automatic,4WD,Diesel,8.5,4,4,5,58990
Toyota,Corolla,2019,Sedan,Automatic,FRONT,Hybrid,3.5,4,4,5,29887
Toyota,Landcruiser,2019,Ute/Pickup,Manual,4WD,Diesel,10.7,8,4,5,92988
Toyota,Hilux,2019,Ute/Pickup,Automatic,4WD,Diesel,8.5,4,4,5,47980
Toyota,Fortuner,2019,Wagon,Automatic,OTHER,Diesel,NA,NA,NA,NA,51778
Toyota,Landcruiser,2019,Ute/Pickup,Manual,4WD,Diesel,10.7,8,4,5,93988
Toyota,Fortuner,2019,SUV,Automatic,AWD,Diesel,8.6,4,4,7,55988
Toyota,Landcruiser,2019,Ute/Pickup,Manual,4WD,Diesel,10.7,8,2,3,69990
Toyota,Hilux,2019,Ute/Pickup,Manual,4WD,Diesel,8.1,4,2,2,54990
Toyota,Hiace,2019,Commercial,Automatic,REAR,Diesel,8.2,4,4,2,42990
Toyota,Hiace,2019,People Mover,Automatic,REAR,Diesel,9.5,4,3,12,71990
Toyota,Kluger,2019,SUV,Automatic,FRONT,Unleaded,9.1,6,4,7,42888
Toyota,Corolla,2019,Hatchback,Automatic,FRONT,Hybrid,4.2,4,5,5,28999
Toyota,Kluger,2019,SUV,Automatic,FRONT,Unleaded,9.1,6,4,7,48888
Toyota,Rav4,2019,SUV,Automatic,FRONT,Unleaded,6.5,4,5,5,31950
Toyota,Hilux,2019,Ute/Pickup,Automatic,4WD,Diesel,8.6,4,2,5,53888
Toyota,Corolla,2019,Hatchback,Automatic,FRONT,Unleaded,6,4,5,5,32990
Toyota,Rav4,2019,SUV,Automatic,AWD,Unleaded,7.3,4,5,5,43990
Toyota,Landcruiser,2019,SUV,Automatic,4WD,Diesel,8,4,4,5,64990
Toyota,C-Hr,2019,SUV,Automatic,FRONT,Premium,5.5,4,4,5,31990
Toyota,Hiace,2019,Commercial,Automatic,REAR,Unleaded,12,6,4,2,42981
Toyota,Fortuner,2019,SUV,Automatic,AWD,Diesel,8.6,4,4,7,44500
Toyota,Landcruiser,2019,Ute/Pickup,Manual,4WD,Diesel,10.7,8,2,2,89990
Toyota,Rav4,2019,SUV,Automatic,FRONT,Unleaded,6.5,4,5,5,38970
Toyota,C-Hr,2019,SUV,Automatic,FRONT,Premium,6.4,4,5,5,40680
Toyota,Kluger,2019,SUV,Automatic,AWD,Unleaded,9.5,6,4,7,44990
Toyota,Camry,2019,NA,-,OTHER,-,NA,NA,NA,NA,44868
Toyota,Hiace,2019,Commercial,Automatic,AWD,Diesel,NA,NA,9,NA,35450
Toyota,Corolla,2020,Hatchback,Automatic,FRONT,Hybrid,4.2,4,5,5,39990
Toyota,Camry,2020,Sedan,Automatic,FRONT,Unleaded,8.3,4,4,5,32990
Toyota,Camry,2020,Sedan,Automatic,FRONT,Hybrid,4.2,4,4,5,39888
Toyota,Hiace,2020,Commercial,Automatic,REAR,Diesel,8.2,4,4,2,54990
Toyota,Hiace,2020,Commercial,Automatic,OTHER,Diesel,NA,NA,NA,NA,59500
Toyota,Hiace,2020,Commercial,Automatic,REAR,Unleaded,12,6,4,2,62999
Toyota,Hiace,2020,Commercial,Automatic,OTHER,-,NA,NA,NA,NA,64888
Toyota,Rav4,2020,SUV,Automatic,FRONT,Unleaded,6.5,4,5,5,39888
Toyota,Corolla,2020,Hatchback,Automatic,FRONT,Unleaded,6,4,5,5,37888
Toyota,Rav4,2020,SUV,Automatic,FRONT,Hybrid,4.7,4,5,5,57888
Toyota,Hilux,2020,Ute/Pickup,Automatic,4WD,Diesel,7.9,4,4,5,63888
Toyota,Land,2020,Wagon,-,OTHER,Diesel,NA,NA,NA,NA,89990
Toyota,Camry,2020,Sedan,Automatic,FRONT,Unleaded,7.8,4,4,5,27880
Toyota,Rav,2020,Wagon,-,OTHER,-,NA,NA,NA,NA,47990
Toyota,Rav4,2020,SUV,Automatic,AWD,Hybrid,4.8,4,5,5,45888
Toyota,Hiace,2020,Commercial,Automatic,REAR,Unleaded,NA,NA,NA,NA,34000
Toyota,Yaris,2020,SUV,Automatic,FRONT,Hybrid,3.8,3,4,5,32990
Toyota,Camry,2020,Sedan,Automatic,FRONT,Hybrid,4.2,4,4,5,38990
Toyota,Hilux,2020,Ute/Pickup,Automatic,4WD,Diesel,8.4,4,4,5,70990
Toyota,Camry,2020,Sedan,Automatic,FRONT,Hybrid,4.5,4,4,5,48999
Toyota,Yaris,2020,Hatchback,Automatic,FRONT,Unleaded,6.4,4,5,5,18500
Toyota,Rav4,2020,SUV,Automatic,FRONT,Hybrid,4.7,4,5,5,51490
Toyota,Hilux,2020,Ute/Pickup,Automatic,4WD,Diesel,8.5,4,4,5,52988
Toyota,Yaris,2020,Hatchback,Automatic,FRONT,Unleaded,4.9,3,5,5,21990
Toyota,Rav4,2020,SUV,Automatic,FRONT,Unleaded,6.5,4,5,5,31999
Toyota,Hiace,2020,Commercial,Automatic,REAR,Diesel,8.2,4,4,2,62888
Toyota,Rav4,2020,SUV,Automatic,AWD,Hybrid,4.8,4,5,5,45990
Toyota,Corolla,2020,Hatchback,Automatic,FRONT,Unleaded,6,4,5,5,34888
Toyota,Yaris,2020,SUV,Automatic,FRONT,Hybrid,3.8,3,4,5,32777
Toyota,Rav4,2020,SUV,Automatic,FRONT,Unleaded,6.5,4,5,5,40990
Toyota,Hilux,2020,Ute/Pickup,Automatic,4WD,Diesel,8.4,4,4,5,66990
Toyota,Rav4,2020,SUV,Automatic,FRONT,Unleaded,6.5,4,5,5,35990
Toyota,Corolla,2020,Sedan,Automatic,FRONT,Unleaded,6,4,4,5,29300
Toyota,Rav4,2020,SUV,Automatic,FRONT,Hybrid,4.7,4,5,5,57990
Toyota,Landcruiser,2020,SUV,Automatic,4WD,Diesel,9.5,8,4,8,127992
Toyota,Hilux,2020,Ute/Pickup,Automatic,4WD,Diesel,8.4,4,4,5,69990
Toyota,Gr,2020,Hatchback,Manual,AWD,Premium,7.6,3,3,4,48990
Toyota,Camry,2020,Sedan,Automatic,FRONT,Hybrid,4.2,4,4,5,37990
Toyota,Rav4,2020,SUV,Automatic,AWD,Hybrid,4.8,4,5,5,53888
Toyota,Gr,2020,Hatchback,Manual,AWD,Premium,7.6,3,3,4,45990
Toyota,Landcruiser,2020,SUV,Automatic,4WD,Diesel,8,4,4,7,69990
Toyota,Yaris,2020,SUV,Automatic,FRONT,Unleaded,5.4,3,4,5,33490
Toyota,Rav4,2020,SUV,Automatic,FRONT,Unleaded,6.5,4,5,5,45990
Toyota,Corolla,2020,Hatchback,Automatic,FRONT,Unleaded,6,4,5,5,38990
Toyota,C-Hr,2020,SUV,Automatic,FRONT,Premium,6.4,4,4,5,32990
Toyota,Landcruiser,2020,SUV,Automatic,4WD,Diesel,8,4,4,7,57975
Toyota,Rav4,2020,SUV,Automatic,FRONT,Hybrid,4.7,4,5,5,44986
Toyota,Rav4,2020,SUV,Automatic,FRONT,Unleaded,6.5,4,5,5,41999
Toyota,Yaris,2020,Hatchback,Automatic,FRONT,Hybrid,3.3,3,5,5,34990
Toyota,Landcruiser,2020,SUV,Automatic,4WD,Diesel,9.5,8,4,7,102990
Toyota,Landcruiser,2020,SUV,Automatic,4WD,Diesel,8,4,4,7,87990
Toyota,Hilux,2020,Ute/Pickup,Automatic,4WD,Diesel,8.5,4,4,5,60990
Toyota,Rav4,2020,SUV,Automatic,FRONT,Hybrid,4.7,4,5,5,53885
Toyota,Landcruiser,2020,SUV,Automatic,4WD,Diesel,7.9,4,4,7,61900
Toyota,Hiace,2020,Commercial,Automatic,REAR,Diesel,8.4,4,4,2,52990
Toyota,Landcruiser,2020,SUV,Automatic,4WD,Diesel,9.5,8,4,8,118888
Toyota,Rav4,2020,SUV,Automatic,AWD,Hybrid,4.8,4,5,5,57690
Toyota,Gr,2020,Hatchback,Manual,AWD,Premium,7.6,3,3,4,47995
Toyota,Landcruiser,2020,SUV,Automatic,4WD,Diesel,9.5,8,4,5,99888
Toyota,Camry,2020,NA,Automatic,FRONT,Premium,NA,NA,NA,NA,37670
Toyota,Rav4,2020,SUV,Automatic,FRONT,Hybrid,4.7,4,5,5,46980
Toyota,C-Hr,2020,Wagon,Automatic,OTHER,Unleaded,NA,NA,NA,NA,36990
Toyota,Rav4,2020,SUV,Automatic,AWD,Hybrid,4.8,4,5,5,49990
Toyota,Landcruiser,2020,SUV,Automatic,4WD,Diesel,8,4,4,7,64990
Toyota,Corolla,2020,Hatchback,Automatic,FRONT,Unleaded,6,4,5,5,28100
Toyota,Land,2020,Wagon,Automatic,OTHER,Diesel,NA,NA,NA,NA,114990
Toyota,Rav,2020,SUV,Automatic,OTHER,Other,NA,NA,NA,NA,54490
Toyota,Hiace,2020,Commercial,Automatic,REAR,Diesel,8.2,4,4,2,51950
Toyota,C-Hr,2020,SUV,Automatic,FRONT,Premium,6.4,4,5,5,38750
Toyota,Camry,2020,NA,Automatic,OTHER,Unleaded,NA,NA,NA,NA,29990
Toyota,Camry,2020,Sedan,Automatic,FRONT,Hybrid,4.2,4,4,5,42990
Toyota,Rav4,2020,SUV,Automatic,FRONT,Hybrid,4.7,4,5,5,54888
Toyota,C-Hr,2020,SUV,Automatic,FRONT,Premium,6.4,4,4,5,41880
Toyota,86,2020,Coupe,Automatic,REAR,Premium,NA,NA,NA,NA,39990
Toyota,Corolla,2020,Hatchback,Automatic,FRONT,Hybrid,4.2,4,5,5,43888
Toyota,Fortuner,2020,SUV,Automatic,4WD,Diesel,8.6,4,4,7,58990
Toyota,Hilux,2020,Ute/Pickup,Automatic,4WD,Diesel,8.4,4,2,4,62920
Toyota,Camry,2020,NA,Automatic,FRONT,Premium,NA,NA,NA,NA,37990
Toyota,Yaris,2020,Hatchback,Automatic,FRONT,Unleaded,4.9,3,5,5,29880
Toyota,Rav4,2020,SUV,Automatic,FRONT,Unleaded,6.5,4,5,5,46888
Toyota,Yaris,2020,SUV,Automatic,FRONT,Unleaded,5.4,3,4,5,37990
Toyota,Hilux,2020,Ute/Pickup,Manual,4WD,Diesel,7.6,4,4,5,54990
Toyota,C-Hr,2020,SUV,Automatic,FRONT,Premium,6.4,4,5,5,33987
Toyota,Rav4,2020,SUV,Automatic,AWD,Hybrid,4.8,4,5,5,54990
Toyota,Corolla,2020,Hatchback,Automatic,FRONT,Hybrid,4.2,4,5,5,39380
Toyota,Rav4,2020,SUV,Automatic,AWD,Hybrid,4.8,4,5,5,59880
Toyota,Rav4,2020,SUV,Automatic,AWD,Hybrid,4.8,4,5,5,37990
Toyota,Rav4,2020,SUV,Automatic,FRONT,Hybrid,4.7,4,5,5,44888
Toyota,Corolla,2020,Sedan,Automatic,FRONT,Hybrid,3.5,4,4,5,32490
Toyota,Yaris,2020,Hatchback,Automatic,FRONT,Unleaded,4.9,3,5,5,29990
Toyota,Yaris,2020,Hatchback,Automatic,FRONT,Unleaded,4.9,3,5,5,33990
Toyota,Rav4,2020,SUV,Automatic,AWD,Hybrid,4.8,4,5,5,63990
Toyota,Rav4,2020,SUV,Automatic,FRONT,Hybrid,4.7,4,5,5,48480
Toyota,Corolla,2020,Hatchback,Automatic,FRONT,Hybrid,4.2,4,5,5,31790
Toyota,Rav4,2020,SUV,Automatic,FRONT,Unleaded,6.5,4,5,5,49850
Toyota,Corolla,2020,Hatchback,Automatic,FRONT,Hybrid,4.2,4,5,5,41500
Toyota,Corolla,2020,Hatchback,Automatic,FRONT,Hybrid,4.2,4,5,5,32888
Toyota,C-Hr,2020,SUV,Automatic,FRONT,Premium,6.4,4,4,5,41991
Toyota,Corolla,2020,Hatchback,Automatic,FRONT,Hybrid,4.2,4,5,5,31490
Toyota,Corolla,2020,Hatchback,Automatic,FRONT,Hybrid,4.2,4,5,5,28990
Toyota,Camry,2020,Sedan,Automatic,FRONT,Hybrid,4.2,4,4,5,39950
Toyota,Landcruiser,2020,SUV,Automatic,4WD,Diesel,9.5,8,4,7,299900
Toyota,Camry,2020,Sedan,Automatic,FRONT,Hybrid,4.2,4,4,5,41990
Toyota,Landcruiser,2020,SUV,Automatic,4WD,Diesel,7.9,4,4,7,93500
Toyota,Corolla,2020,Hatchback,Automatic,FRONT,Hybrid,4.2,4,5,5,35888
Toyota,Camry,2020,NA,Automatic,FRONT,Premium,NA,NA,NA,NA,41990
Toyota,Rav4,2020,SUV,Automatic,AWD,Unleaded,7.5,4,5,5,52950
Toyota,Camry,2020,NA,Automatic,FRONT,Premium,NA,NA,NA,NA,44444
Toyota,Rav4,2020,SUV,Automatic,FRONT,Hybrid,4.7,4,5,5,55880
Toyota,Hilux,2020,Ute/Pickup,Automatic,4WD,Diesel,7.9,4,4,5,61990
Toyota,Yaris,2020,Hatchback,Automatic,FRONT,Unleaded,6.4,4,5,5,19999
Toyota,Corolla,2020,Hatchback,Automatic,FRONT,Unleaded,6,4,5,5,32090
Toyota,Hilux,2020,Ute/Pickup,Manual,REAR,Unleaded,11.1,4,2,2,27990
Toyota,Rav4,2020,SUV,Automatic,AWD,Hybrid,4.8,4,5,5,50990
Toyota,Corolla,2020,Hatchback,Automatic,FRONT,Hybrid,4.2,4,5,5,40880
Toyota,Rav4,2020,SUV,Automatic,FRONT,Hybrid,4.7,4,5,5,44850
Toyota,C-Hr,2020,SUV,Automatic,FRONT,Hybrid,4.3,4,5,5,45990
Toyota,Rav4,2020,SUV,Automatic,FRONT,Unleaded,6.5,4,5,5,43894
Toyota,Hilux,2020,Ute/Pickup,Automatic,4WD,Diesel,7.9,4,4,5,59894
Toyota,Fortuner,2020,SUV,Automatic,4WD,Diesel,7.6,4,4,7,64990
Toyota,Rav4,2020,SUV,Automatic,AWD,Hybrid,4.8,4,5,5,45525
Toyota,Rav4,2020,SUV,Automatic,FRONT,Hybrid,4.7,4,5,5,48990
Toyota,Camry,2020,NA,Automatic,FRONT,Other,NA,NA,NA,NA,34500
Toyota,Hiace,2020,Commercial,Automatic,REAR,Diesel,8.4,4,5,2,62990
Toyota,C-Hr,2020,SUV,Automatic,FRONT,Premium,6.4,4,5,5,38990
Toyota,Rav4,2020,SUV,Automatic,AWD,Hybrid,4.8,4,5,5,47990
Toyota,Corolla,2020,Hatchback,Automatic,FRONT,Hybrid,4.2,4,5,5,34990
Toyota,Corolla,2020,Hatchback,Automatic,FRONT,Hybrid,4.2,4,5,5,33880
Toyota,Camry,2020,NA,Automatic,FRONT,Premium,NA,NA,NA,NA,44990
Toyota,Rav4,2020,SUV,Automatic,FRONT,Unleaded,6.5,4,5,5,44970
Toyota,Corolla,2020,Hatchback,Automatic,FRONT,Unleaded,6,4,5,5,27895
Toyota,Camry,2020,NA,Automatic,FRONT,Premium,NA,NA,NA,NA,39990
Toyota,Corolla,2020,Hatchback,Automatic,FRONT,Unleaded,6,4,5,5,29990
Toyota,Camry,2020,Sedan,Automatic,FRONT,Hybrid,4.2,4,4,5,36895
Toyota,Rav4,2020,SUV,Automatic,AWD,Hybrid,4.8,4,5,5,48894
Toyota,Corolla,2020,Sedan,Automatic,FRONT,Hybrid,3.5,4,4,5,28990
Toyota,Landcruiser,2020,SUV,Automatic,4WD,Diesel,8,4,4,7,66490
Toyota,Hilux,2020,Ute/Pickup,Automatic,4WD,Diesel,7.9,4,4,5,69895
Toyota,Rav4,2020,SUV,Automatic,FRONT,Hybrid,4.7,4,5,5,56767
Toyota,Yaris,2020,Hatchback,Automatic,FRONT,Unleaded,6.4,4,5,5,23980
Toyota,Hiace,2020,Commercial,Automatic,REAR,Diesel,8.2,4,4,2,49990
Toyota,Hilux,2020,Ute/Pickup,Automatic,REAR,Diesel,7.5,4,4,5,46888
Toyota,Rav4,2020,SUV,Automatic,FRONT,Unleaded,6.5,4,5,5,47490
Toyota,Landcruiser,2020,SUV,Automatic,4WD,Diesel,8,4,4,7,64262
Toyota,C-Hr,2020,SUV,Automatic,FRONT,Hybrid,4.3,4,5,5,44865
Toyota,Landcruiser,2020,SUV,Automatic,4WD,Diesel,7.9,4,4,7,92490
Toyota,Prius,2020,Wagon,Automatic,FRONT,Hybrid,4.4,4,4,7,54990
Toyota,Rav4,2020,SUV,Automatic,FRONT,Unleaded,6.5,4,5,5,46990
Toyota,Corolla,2020,Hatchback,Automatic,FRONT,Hybrid,4.2,4,5,5,31990
Toyota,Rav4,2020,SUV,Automatic,AWD,Hybrid,4.8,4,5,5,56990
Toyota,Landcruiser,2020,SUV,Automatic,4WD,Diesel,9.5,8,4,7,116967
Toyota,Rav4,2020,SUV,Automatic,AWD,Hybrid,4.8,4,5,5,59990
Toyota,Corolla,2020,Hatchback,Automatic,FRONT,Hybrid,4.2,4,5,5,29500
Toyota,Landcruiser,2020,Ute/Pickup,Manual,4WD,Diesel,10.7,8,4,5,119850
Toyota,Rav4,2020,SUV,Automatic,FRONT,Unleaded,6.5,4,5,5,38990
Toyota,Rav,2020,Wagon,-,OTHER,-,NA,NA,NA,NA,54647
Toyota,Supra,2020,Coupe,Automatic,REAR,Unleaded,7.7,6,2,2,87990
Toyota,Corolla,2020,Hatchback,Automatic,FRONT,Hybrid,4.2,4,5,5,33990
Toyota,Corolla,2020,Hatchback,Manual,FRONT,Unleaded,6.3,4,5,5,26995
Toyota,Hilux,2020,Ute/Pickup,Automatic,4WD,Diesel,8.5,4,4,5,64990
Toyota,Rav4,2020,SUV,Automatic,AWD,Hybrid,4.8,4,5,5,38990
Toyota,Rav,2020,Wagon,-,OTHER,-,NA,NA,NA,NA,46990
Toyota,Camry,2020,NA,-,OTHER,-,NA,NA,NA,NA,38990
Toyota,Hilux,2020,Ute/Pickup,Manual,4WD,Diesel,7.8,4,2,2,49990
Toyota,Rav,2020,Wagon,-,OTHER,-,NA,NA,NA,NA,39990
Toyota,Land,2020,Wagon,Automatic,OTHER,-,NA,NA,NA,NA,64990
Toyota,Rav4,2020,SUV,Automatic,FRONT,Unleaded,6.5,4,5,5,38995
Toyota,Landcruiser,2020,SUV,Automatic,4WD,Diesel,8,4,4,7,67990
Toyota,Rav4,2020,SUV,Automatic,FRONT,Hybrid,4.7,4,5,5,45995
Toyota,Rav4,2020,SUV,Automatic,FRONT,Unleaded,6.5,4,5,5,37950
Toyota,Rav4,2020,SUV,Automatic,FRONT,Hybrid,4.7,4,5,5,47980
Toyota,Landcruiser,2020,SUV,Automatic,4WD,Diesel,9.5,8,4,7,119990
Toyota,Landcruiser,2020,SUV,Automatic,4WD,Diesel,8,4,4,7,76999
Toyota,Hilux,2020,Ute/Pickup,Manual,4WD,Diesel,7.4,4,4,5,57999
Toyota,Hilux,2020,Ute/Pickup,Automatic,4WD,Diesel,8.5,4,4,5,49990
Toyota,Landcruiser,2020,SUV,Automatic,4WD,Diesel,7.9,4,4,7,64888
Toyota,Landcruiser,2020,SUV,Automatic,4WD,Diesel,7.9,4,4,7,84880
Toyota,Rav4,2020,SUV,Automatic,AWD,Hybrid,4.8,4,5,5,44888
Toyota,Rav4,2020,SUV,Automatic,FRONT,Hybrid,4.7,4,5,5,45990
Toyota,Rav4,2020,SUV,Automatic,AWD,Hybrid,4.8,4,5,5,54850
Toyota,Corolla,2020,Hatchback,Automatic,FRONT,Hybrid,4.2,4,5,5,31995
Toyota,Hilux,2020,Ute/Pickup,Automatic,REAR,Unleaded,10.9,4,2,2,28999
Toyota,Hilux,2020,Ute/Pickup,Automatic,REAR,Unleaded,10.4,4,4,5,36888
Toyota,C-Hr,2020,SUV,Automatic,FRONT,Hybrid,4.3,4,4,5,41999
Toyota,Rav4,2020,SUV,Automatic,FRONT,Hybrid,4.7,4,5,5,46990
Toyota,Hilux,2020,Ute/Pickup,Automatic,REAR,Diesel,7.5,4,4,5,53997
Toyota,Hilux,2020,Ute/Pickup,Automatic,4WD,Diesel,7.9,4,4,5,55977
Toyota,Rav4,2020,SUV,Automatic,FRONT,Hybrid,4.7,4,5,5,57895
Toyota,Landcruiser,2020,Ute/Pickup,Manual,4WD,Diesel,10.7,8,4,5,94990
Toyota,C-Hr,2020,SUV,Automatic,FRONT,Premium,6.4,4,5,5,38989
Toyota,Landcruiser,2020,SUV,Automatic,4WD,Diesel,7.9,4,4,7,66990
Toyota,Landcruiser,2020,Ute/Pickup,Manual,4WD,Diesel,10.7,8,4,5,135995
Toyota,Landcruiser,2020,SUV,Automatic,4WD,Diesel,8,4,4,7,67888
Toyota,Fortuner,2020,SUV,Automatic,4WD,Diesel,7.6,4,4,7,50888
Toyota,Rav4,2020,SUV,Automatic,FRONT,Hybrid,4.7,4,5,5,48888
Toyota,Camry,2020,NA,Automatic,FRONT,Premium,NA,NA,NA,NA,37888
Toyota,Rav4,2020,SUV,Automatic,AWD,Hybrid,4.8,4,5,5,42388
Toyota,Rav4,2020,SUV,Automatic,FRONT,Hybrid,4.7,4,5,5,45999
Toyota,Corolla,2020,Sedan,Automatic,FRONT,Hybrid,3.5,4,4,5,34888
Toyota,Corolla,2020,Hatchback,Automatic,FRONT,Hybrid,4.2,4,5,5,32990
Toyota,Landcruiser,2020,SUV,Automatic,4WD,Diesel,9.5,8,4,8,106981
Toyota,Hilux,2020,Ute/Pickup,Automatic,4WD,Diesel,8.5,4,4,5,64989
Toyota,Landcruiser,2020,Ute/Pickup,Manual,4WD,Diesel,10.7,8,4,5,91977
Toyota,Rav4,2020,SUV,Automatic,FRONT,Hybrid,4.7,4,5,5,51668
Toyota,Hilux,2020,Ute/Pickup,Manual,REAR,Diesel,7.1,4,4,5,43988
Toyota,Rav4,2020,SUV,Automatic,AWD,Hybrid,4.8,4,5,5,57988
Toyota,Landcruiser,2020,SUV,Automatic,4WD,Diesel,9.5,8,4,7,131988
Toyota,Rav4,2020,SUV,Automatic,FRONT,Hybrid,4.7,4,5,5,54350
Toyota,Landcruiser,2020,SUV,Automatic,4WD,Diesel,9.5,8,4,8,109990
Toyota,Corolla,2020,Hatchback,Automatic,FRONT,Hybrid,4.2,4,5,5,35990
Toyota,Hilux,2020,Ute/Pickup,Manual,4WD,Diesel,7.4,4,4,5,64888
Toyota,Rav,2020,Wagon,-,FRONT,Unleaded,NA,NA,NA,NA,32990
Toyota,Hiace,2020,Commercial,Automatic,REAR,Diesel,NA,NA,5,NA,37950
Toyota,Voxy,2020,Commercial,Automatic,FRONT,Unleaded,NA,NA,7,NA,44950
Toyota,Corolla,2021,Hatchback,Automatic,FRONT,Hybrid,4.2,4,5,5,44878
Toyota,Corolla,2021,Hatchback,Automatic,FRONT,Hybrid,4.2,4,5,5,30888
Toyota,Gr,2021,Hatchback,Manual,AWD,Premium,7.6,3,3,4,52999
Toyota,Rav4,2021,SUV,Automatic,AWD,Unleaded,7.5,4,5,5,54800
Toyota,Corolla,2021,Hatchback,Automatic,FRONT,Unleaded,6,4,5,5,35888
Toyota,Corolla,2021,Hatchback,Automatic,FRONT,Hybrid,4.2,4,5,5,34990
Toyota,Landcruiser,2021,SUV,Automatic,4WD,Diesel,7.9,4,4,7,89880
Toyota,Corolla,2021,Hatchback,Automatic,FRONT,Unleaded,6,4,5,5,30990
Toyota,Rav4,2021,SUV,Automatic,AWD,Hybrid,4.8,4,5,5,52990
Toyota,Hilux,2021,Ute/Pickup,Automatic,4WD,Diesel,8,4,4,5,57888
Toyota,Corolla,2021,Hatchback,Manual,FRONT,Unleaded,6.3,4,5,5,34888
Toyota,Corolla,2021,Hatchback,-,OTHER,-,NA,NA,NA,NA,29888
Toyota,Rav4,2021,SUV,Automatic,FRONT,Unleaded,6.5,4,5,5,52888
Toyota,Camry,2021,Sedan,Automatic,FRONT,Hybrid,4.5,4,4,5,38990
Toyota,Rav4,2021,SUV,Automatic,FRONT,Unleaded,6.5,4,5,5,47878
Toyota,Hilux,2021,Ute/Pickup,Automatic,4WD,Diesel,7.9,4,4,5,64888
Toyota,Rav4,2021,SUV,Automatic,FRONT,Unleaded,6.5,4,5,5,43995
Toyota,Corolla,2021,Sedan,Automatic,FRONT,Unleaded,6,4,4,5,31888
Toyota,Landcruiser,2021,SUV,Automatic,4WD,Diesel,7.9,4,4,7,83887
Toyota,Corolla,2021,Hatchback,Automatic,FRONT,Hybrid,4.2,4,5,5,39990
Toyota,Kluger,2021,SUV,Automatic,AWD,Hybrid,5.6,4,5,7,69990
Toyota,Yaris,2021,SUV,Automatic,FRONT,Unleaded,5.4,3,4,5,39888
Toyota,Rav4,2021,SUV,Automatic,FRONT,Hybrid,4.7,4,5,5,57990
Toyota,Rav4,2021,SUV,Automatic,FRONT,Hybrid,4.7,4,5,5,48990
Toyota,Kluger,2021,SUV,Automatic,AWD,Premium,8.8,6,5,7,56880
Toyota,Corolla,2021,Hatchback,Automatic,FRONT,Hybrid,4.2,4,5,5,33990
Toyota,C-Hr,2021,Wagon,-,OTHER,-,NA,NA,NA,NA,49888
Toyota,Corolla,2021,Hatchback,Automatic,FRONT,Hybrid,4.2,4,5,5,32888
Toyota,Corolla,2021,Hatchback,Automatic,FRONT,Hybrid,4.2,4,5,5,39888
Toyota,Kluger,2021,SUV,Automatic,AWD,Hybrid,5.6,4,5,7,69995
Toyota,Rav4,2021,SUV,Automatic,AWD,Hybrid,4.8,4,5,5,67999
Toyota,Yaris,2021,SUV,Automatic,FRONT,Unleaded,5.4,3,4,5,41888
Toyota,Rav4,2021,SUV,Automatic,FRONT,Unleaded,6,4,5,5,49888
Toyota,Rav4,2021,SUV,Automatic,AWD,Hybrid,4.8,4,5,5,64990
Toyota,Kluger,2021,SUV,Automatic,AWD,Hybrid,5.6,4,5,7,59888
Toyota,Corolla,2021,Hatchback,Automatic,FRONT,Unleaded,6,4,5,5,27990
Toyota,Kluger,2021,SUV,Automatic,AWD,Hybrid,5.6,4,5,7,78888
Toyota,C-Hr,2021,Wagon,-,OTHER,-,NA,NA,NA,NA,44888
Toyota,Granvia,2021,Wagon,Automatic,REAR,Diesel,8,4,4,6,58990
Toyota,Landcruiser,2021,SUV,Manual,4WD,Diesel,10.7,8,4,5,85990
Toyota,Corolla,2021,Hatchback,Automatic,FRONT,Hybrid,4.2,4,5,5,29888
Toyota,C-Hr,2021,SUV,Automatic,FRONT,Hybrid,4.3,4,4,5,46990
Toyota,Hilux,2021,Ute/Pickup,Automatic,4WD,Diesel,8.4,4,4,5,73990
Toyota,Camry,2021,Sedan,Automatic,FRONT,Hybrid,4.5,4,4,5,46990
Toyota,Hilux,2021,Ute/Pickup,Automatic,4WD,Diesel,8.4,4,4,5,68990
Toyota,Kluger,2021,SUV,Automatic,AWD,Hybrid,5.6,4,5,7,64990
Toyota,Corolla,2021,Hatchback,Automatic,FRONT,Unleaded,6,4,5,5,34888
Toyota,Corolla,2021,Hatchback,Automatic,FRONT,Unleaded,6,4,5,5,28990
Toyota,Kluger,2021,SUV,Automatic,AWD,Hybrid,5.6,4,5,7,64490
Toyota,Hiace,2021,Commercial,Automatic,REAR,Diesel,8.4,4,5,2,60995
Toyota,Camry,2021,Sedan,Automatic,FRONT,Hybrid,4.5,4,4,5,44990
Toyota,Corolla,2021,Hatchback,Automatic,FRONT,Hybrid,4.2,4,5,5,36990
Toyota,Kluger,2021,Wagon,-,OTHER,-,NA,NA,NA,NA,72990
Toyota,Kluger,2021,Wagon,Automatic,OTHER,-,NA,NA,NA,NA,59990
Toyota,Landcruiser,2021,SUV,Automatic,4WD,Diesel,7.9,4,4,7,78990
Toyota,Rav4,2021,SUV,Automatic,AWD,Hybrid,4.8,4,5,5,61990
Toyota,C-Hr,2021,SUV,Automatic,AWD,Premium,6.5,4,4,5,40990
Toyota,Hilux,2021,Ute/Pickup,Automatic,REAR,Diesel,7.5,4,4,5,47950
Toyota,Rav4,2021,SUV,Automatic,AWD,Hybrid,4.8,4,5,5,53760
Toyota,Corolla,2021,Hatchback,Automatic,FRONT,Hybrid,4.2,4,5,5,30990
Toyota,Camry,2021,Sedan,Automatic,FRONT,Hybrid,4.5,4,4,5,49888
Toyota,Hilux,2021,Ute/Pickup,Automatic,4WD,Diesel,8,4,4,5,59986
Toyota,Corolla,2021,Hatchback,Automatic,FRONT,Hybrid,4.2,4,5,5,29990
Toyota,Camry,2021,Sedan,Automatic,FRONT,Unleaded,7.8,4,4,5,30990
Toyota,Rav4,2021,SUV,Automatic,AWD,Hybrid,4.8,4,5,5,68990
Toyota,Hiace,2021,Commercial,Automatic,REAR,Diesel,8.4,4,5,2,59990
Toyota,Corolla,2021,Sedan,Automatic,FRONT,Hybrid,3.5,4,4,5,33980
Toyota,Hilux,2021,Ute/Pickup,Automatic,4WD,Diesel,8.4,4,4,5,69780
Toyota,Rav4,2021,SUV,Automatic,FRONT,Hybrid,4.7,4,5,5,42990
Toyota,Camry,2021,Sedan,Automatic,FRONT,Hybrid,4.2,4,4,5,40880
Toyota,Kluger,2021,SUV,Automatic,AWD,Hybrid,5.6,4,5,7,65888
Toyota,Corolla,2021,Hatchback,Automatic,FRONT,Hybrid,4.2,4,5,5,38990
Toyota,Land,2021,Wagon,Automatic,OTHER,-,NA,NA,NA,NA,71888
Toyota,Corolla,2021,Hatchback,Automatic,FRONT,Unleaded,6,4,5,5,29990
Toyota,Hiace,2021,Commercial,Automatic,REAR,Diesel,8.4,4,5,2,84990
Toyota,Fortuner,2021,SUV,Automatic,4WD,Diesel,7.6,4,4,7,67555
Toyota,Hilux,2021,Ute/Pickup,Manual,4WD,Diesel,7.4,4,4,5,62980
Toyota,Corolla,2021,Hatchback,Automatic,FRONT,Hybrid,4.2,4,5,5,42930
Toyota,Rav4,2021,SUV,Automatic,AWD,Unleaded,7.5,4,5,5,57990
Toyota,Hilux,2021,Ute/Pickup,Manual,4WD,Diesel,7.4,4,4,5,68990
Toyota,Corolla,2021,Sedan,Automatic,FRONT,Hybrid,3.5,4,4,5,30990
Toyota,Camry,2021,NA,Automatic,OTHER,Unleaded,NA,NA,NA,NA,33490
Toyota,Landcruiser,2021,SUV,Automatic,4WD,Diesel,7.9,4,4,7,73999
Toyota,Land,2021,Wagon,Automatic,OTHER,Diesel,NA,NA,NA,NA,147990
Toyota,Rav4,2021,SUV,Automatic,AWD,Hybrid,4.8,4,5,5,55990
Toyota,Yaris,2021,SUV,Automatic,FRONT,Hybrid,3.8,3,4,5,38450
Toyota,Landcruiser,2021,SUV,Automatic,4WD,Diesel,7.9,4,4,7,62990
Toyota,Kluger,2021,SUV,Automatic,AWD,Hybrid,5.6,4,5,7,62980
Toyota,Corolla,2021,Hatchback,Automatic,FRONT,Hybrid,4.2,4,5,5,31888
Toyota,Rav4,2021,SUV,Automatic,FRONT,Unleaded,6.5,4,5,5,53990
Toyota,Camry,2021,Sedan,Automatic,FRONT,Hybrid,4.2,4,4,5,49990
Toyota,Rav4,2021,SUV,Automatic,FRONT,Unleaded,6.5,4,5,5,37990
Toyota,Yaris,2021,Hatchback,Automatic,FRONT,Unleaded,4.9,3,5,5,29690
Toyota,Kluger,2021,SUV,Automatic,AWD,Hybrid,5.6,4,5,7,74990
Toyota,Yaris,2021,Hatchback,Automatic,FRONT,Unleaded,4.9,3,5,5,31990
Toyota,Hilux,2021,Ute/Pickup,Automatic,4WD,Diesel,7.9,4,4,5,71990
Toyota,Landcruiser,2021,SUV,Automatic,4WD,Diesel,7.9,4,4,7,70880
Toyota,Camry,2021,NA,Automatic,FRONT,Premium,NA,NA,NA,NA,45999
Toyota,Kluger,2021,SUV,Automatic,AWD,Hybrid,5.6,4,5,7,76888
Toyota,Rav4,2021,SUV,Automatic,FRONT,Hybrid,4.7,4,5,5,49333
Toyota,Camry,2021,NA,Automatic,FRONT,Premium,NA,NA,NA,NA,39990
Toyota,C-Hr,2021,SUV,Automatic,FRONT,Premium,6.4,4,4,5,39170
Toyota,Corolla,2021,Hatchback,Automatic,FRONT,Hybrid,4.2,4,5,5,32990
Toyota,Corolla,2021,Hatchback,Automatic,FRONT,Hybrid,4.2,4,5,5,34495
Toyota,Rav4,2021,SUV,Automatic,FRONT,Hybrid,4.7,4,5,5,50380
Toyota,Rav4,2021,SUV,Automatic,FRONT,Hybrid,4.7,4,5,5,49990
Toyota,Kluger,2021,SUV,Automatic,AWD,Hybrid,5.6,4,5,7,86850
Toyota,Corolla,2021,Hatchback,Automatic,FRONT,Hybrid,4.2,4,5,5,33888
Toyota,Camry,2021,Sedan,Automatic,FRONT,Unleaded,7.8,4,4,5,27990
Toyota,Fortuner,2021,SUV,Automatic,4WD,Diesel,7.6,4,4,7,69490
Toyota,Corolla,2021,Hatchback,Automatic,FRONT,Hybrid,4.2,4,5,5,33950
Toyota,Camry,2021,Sedan,Automatic,FRONT,Hybrid,4.7,4,4,5,54990
Toyota,Rav4,2021,SUV,Automatic,FRONT,Unleaded,6.5,4,5,5,50990
Toyota,Rav4,2021,SUV,Automatic,FRONT,Unleaded,6.5,4,5,5,53821
Toyota,Supra,2021,Coupe,Automatic,REAR,Premium,7.7,6,2,2,97990
Toyota,Rav4,2021,SUV,Automatic,AWD,Hybrid,4.8,4,5,5,46998
Toyota,Corolla,2021,NA,Automatic,FRONT,Unleaded,NA,NA,NA,NA,30894
Toyota,Hilux,2021,Ute/Pickup,Automatic,4WD,Diesel,7.9,4,4,5,58450
Toyota,Corolla,2021,NA,-,OTHER,-,NA,NA,NA,NA,41747
Toyota,Hilux,2021,Ute/Pickup,Automatic,4WD,Diesel,8.4,4,4,5,76895
Toyota,Camry,2021,Sedan,Automatic,FRONT,Premium,6.8,4,4,5,32950
Toyota,Camry,2021,Sedan,Automatic,FRONT,Hybrid,4.2,4,4,5,41990
Toyota,Hilux,2021,Ute/Pickup,Automatic,4WD,Diesel,8.4,4,4,5,73619
Toyota,Corolla,2021,Hatchback,Automatic,FRONT,Unleaded,6,4,5,5,33888
Toyota,Gr,2021,Hatchback,Manual,AWD,Premium,7.6,3,3,4,51777
Toyota,Corolla,2021,Sedan,Automatic,FRONT,Unleaded,6,4,4,5,31990
Toyota,Camry,2021,Sedan,Automatic,FRONT,Hybrid,4.2,4,4,5,43950
Toyota,Corolla,2021,Hatchback,Automatic,FRONT,Hybrid,4.2,4,5,5,31990
Toyota,Corolla,2021,Hatchback,Automatic,FRONT,Hybrid,4.2,4,5,5,35990
Toyota,Camry,2021,Sedan,Automatic,FRONT,Hybrid,4.7,4,4,5,51970
Toyota,Landcruiser,2021,SUV,Automatic,4WD,Diesel,7.9,4,4,7,96970
Toyota,Hiace,2021,Wagon,Automatic,OTHER,Unleaded,NA,NA,NA,NA,68000
Toyota,Rav4,2021,SUV,Automatic,FRONT,Hybrid,4.7,4,5,5,50950
Toyota,Kluger,2021,SUV,Automatic,AWD,Hybrid,5.6,4,5,7,63990
Toyota,C-Hr,2021,SUV,Automatic,FRONT,Premium,6.4,4,4,5,38990
Toyota,Rav4,2021,SUV,Automatic,FRONT,Unleaded,6.5,4,5,5,48894
Toyota,Camry,2021,Sedan,Automatic,FRONT,Premium,6.8,4,4,5,35868
Toyota,Corolla,2021,Hatchback,-,OTHER,-,NA,NA,NA,NA,39747
Toyota,Rav4,2021,SUV,Automatic,AWD,Unleaded,6.7,4,5,5,59900
Toyota,Rav4,2021,SUV,Automatic,FRONT,Unleaded,6,4,5,5,49990
Toyota,Rav4,2021,SUV,Automatic,FRONT,Hybrid,4.7,4,5,5,54990
Toyota,Yaris,2021,Hatchback,-,OTHER,-,NA,NA,NA,NA,29747
Toyota,Rav4,2021,SUV,Automatic,FRONT,Unleaded,6.5,4,5,5,42495
Toyota,C-Hr,2021,SUV,Automatic,FRONT,Premium,6.4,4,4,5,36868
Toyota,Corolla,2021,Hatchback,Automatic,FRONT,Unleaded,6,4,5,5,29895
Toyota,Rav4,2021,SUV,Automatic,FRONT,Hybrid,4.7,4,5,5,45998
Toyota,Rav4,2021,SUV,Automatic,AWD,Hybrid,4.8,4,5,5,59490
Toyota,Rav4,2021,SUV,Automatic,FRONT,Unleaded,6.5,4,5,5,40990
Toyota,Camry,2021,Sedan,Automatic,FRONT,Hybrid,4.2,4,4,5,59970
Toyota,Yaris,2021,SUV,Automatic,AWD,Hybrid,4,3,4,5,41888
Toyota,Rav4,2021,SUV,Automatic,FRONT,Hybrid,4.7,4,5,5,52992
Toyota,Rav4,2021,SUV,Automatic,FRONT,Hybrid,4.7,4,5,5,46990
Toyota,Hilux,2021,Ute/Pickup,Automatic,FRONT,Unleaded,10.9,4,2,2,37990
Toyota,Landcruiser,2021,SUV,Automatic,4WD,Diesel,7.9,4,4,7,91880
Toyota,Corolla,2021,Hatchback,Automatic,FRONT,Hybrid,4.2,4,5,5,33468
Toyota,Kluger,2021,SUV,Automatic,AWD,Hybrid,5.6,4,5,7,81990
Toyota,Landcruiser,2021,SUV,Automatic,4WD,Diesel,7.9,4,4,7,77895
Toyota,Rav4,2021,SUV,Automatic,AWD,Unleaded,7.5,4,5,5,59990
Toyota,Fortuner,2021,SUV,Automatic,4WD,Diesel,7.6,4,4,7,54894
Toyota,Camry,2021,Sedan,Automatic,FRONT,Unleaded,7.8,4,4,5,37998
Toyota,Hilux,2021,Ute/Pickup,Automatic,REAR,Diesel,7.5,4,4,5,55990
Toyota,Corolla,2021,Hatchback,Automatic,FRONT,Hybrid,4.2,4,5,5,35768
Toyota,Hilux,2021,Ute/Pickup,Manual,FRONT,Unleaded,11.1,4,2,2,28990
Toyota,Camry,2021,NA,Automatic,FRONT,Premium,NA,NA,NA,NA,44990
Toyota,Camry,2021,Sedan,Automatic,FRONT,Hybrid,4.2,4,4,5,60970
Toyota,Hilux,2021,Ute/Pickup,Automatic,4WD,Diesel,7.9,4,4,5,70888
Toyota,Hilux,2021,Ute/Pickup,Manual,REAR,Diesel,7.1,4,4,5,49990
Toyota,Fortuner,2021,SUV,Automatic,4WD,Diesel,7.6,4,4,7,62990
Toyota,Landcruiser,2021,SUV,Manual,4WD,Diesel,10.7,8,4,5,130000
Toyota,Camry,2021,Sedan,Automatic,FRONT,Hybrid,4.2,4,4,5,55490
Toyota,Camry,2021,Sedan,Automatic,FRONT,Hybrid,4.5,4,4,5,59990
Toyota,Camry,2021,Sedan,Automatic,FRONT,Hybrid,4.7,4,4,5,50970
Toyota,Kluger,2021,SUV,Automatic,AWD,Premium,8.9,6,5,7,72894
Toyota,Camry,2021,Sedan,Automatic,FRONT,Hybrid,4.5,4,4,5,57895
Toyota,Camry,2021,Sedan,Automatic,FRONT,Hybrid,4.7,4,4,5,54970
Toyota,Landcruiser,2021,SUV,Automatic,4WD,Diesel,7.9,4,4,7,61880
Toyota,C-Hr,2021,SUV,Automatic,FRONT,Hybrid,4.3,4,4,5,45990
Toyota,Supra,2021,Coupe,Automatic,REAR,Premium,7.7,6,2,2,94995
Toyota,Rav4,2021,SUV,Automatic,FRONT,Hybrid,4.7,4,5,5,45990
Toyota,Gr,2021,Hatchback,Manual,AWD,Premium,7.6,3,3,4,54990
Toyota,Fortuner,2021,SUV,Automatic,4WD,Diesel,7.6,4,4,7,68988
Toyota,C-Hr,2021,SUV,Automatic,FRONT,Premium,6.4,4,4,5,34990
Toyota,Gr,2021,Hatchback,Manual,AWD,Premium,7.6,3,3,4,51990
Toyota,Corolla,2021,Hatchback,Automatic,FRONT,Unleaded,6,4,5,5,34980
Toyota,Landcruiser,2021,SUV,Automatic,4WD,Diesel,7.9,4,4,7,73880
Toyota,Rav4,2021,SUV,Automatic,AWD,Hybrid,4.8,4,5,5,58880
Toyota,Rav4,2021,SUV,Automatic,FRONT,Unleaded,6.5,4,5,5,38775
Toyota,Rav4,2021,SUV,Automatic,FRONT,Hybrid,4.7,4,5,5,48880
Toyota,C-Hr,2021,SUV,Automatic,FRONT,Hybrid,4.3,4,4,5,47888
Toyota,Camry,2021,Sedan,Automatic,FRONT,Premium,6.8,4,4,5,34880
Toyota,Yaris,2021,SUV,Automatic,FRONT,Hybrid,3.8,3,4,5,39990
Toyota,Hilux,2021,Ute/Pickup,Automatic,REAR,Unleaded,10.9,4,2,2,33990
Toyota,Rav4,2021,SUV,Automatic,FRONT,Hybrid,4.7,4,5,5,55990
Toyota,Land,2021,Wagon,Automatic,OTHER,-,NA,NA,NA,NA,122990
Toyota,Land,2021,Wagon,Automatic,OTHER,-,NA,NA,NA,NA,67990
Toyota,Landcruiser,2021,Ute/Pickup,Manual,4WD,Diesel,10.7,8,4,5,154990
Toyota,Hilux,2021,Ute/Pickup,Automatic,REAR,Unleaded,10.4,4,4,5,38990
Toyota,Fortuner,2021,SUV,Automatic,4WD,Diesel,7.6,4,4,7,63988
Toyota,Rav4,2021,SUV,Automatic,FRONT,Hybrid,4.7,4,5,5,46388
Toyota,Rav4,2021,SUV,Automatic,FRONT,Hybrid,4.7,4,5,5,45988
Toyota,Land,2021,Wagon,Automatic,OTHER,-,NA,NA,NA,NA,88990
Toyota,Hilux,2021,Ute/Pickup,Automatic,4WD,Diesel,8.4,4,4,5,79980
Toyota,Rav4,2021,SUV,Automatic,FRONT,Unleaded,6.5,4,5,5,44888
Toyota,Rav4,2021,SUV,Automatic,AWD,Hybrid,4.8,4,5,5,61995
Toyota,Rav4,2021,SUV,Automatic,AWD,Hybrid,4.8,4,5,5,57995
Toyota,Hilux,2021,Ute/Pickup,Manual,FRONT,Diesel,7.7,4,2,2,33495
Toyota,Camry,2021,Sedan,Automatic,FRONT,Unleaded,8.3,4,4,5,39990
Toyota,Hilux,2021,Ute/Pickup,Automatic,4WD,Diesel,7.9,4,4,5,69990
Toyota,Corolla,2021,Sedan,Automatic,FRONT,Hybrid,3.5,4,4,5,34800
Toyota,Landcruiser,2021,SUV,Automatic,4WD,Diesel,7.9,4,4,7,96888
Toyota,Rav4,2021,SUV,Automatic,FRONT,Unleaded,6.5,4,5,5,43989
Toyota,Corolla,2021,Hatchback,Automatic,FRONT,Unleaded,6,4,5,5,29588
Toyota,Rav4,2021,SUV,Automatic,FRONT,Unleaded,6.5,4,5,5,47850
Toyota,Corolla,2021,Hatchback,Automatic,FRONT,Unleaded,6,4,5,5,29388
Toyota,Landcruiser,2021,SUV,Automatic,4WD,Diesel,9.5,8,4,7,124789
Toyota,Landcruiser,2021,SUV,Automatic,4WD,Diesel,8.9,6,4,7,126990
Toyota,Camry,2021,Sedan,Automatic,FRONT,Hybrid,4.7,4,4,5,40998
Toyota,C-Hr,2021,SUV,Automatic,FRONT,Hybrid,4.3,4,4,5,44880
Toyota,Rav4,2021,SUV,Automatic,AWD,Hybrid,4.8,4,5,5,54990
Toyota,Hiace,2021,People Mover,Automatic,REAR,Diesel,0,4,3,12,74990
Toyota,Hilux,2021,Ute/Pickup,Automatic,4WD,Diesel,7.9,4,4,5,61950
Toyota,Rav4,2021,SUV,Automatic,FRONT,Hybrid,4.7,4,5,5,50990
Toyota,Camry,2021,Sedan,Automatic,FRONT,Premium,6.8,4,4,5,34990
Toyota,Landcruiser,2021,SUV,Automatic,4WD,Diesel,7.9,4,4,7,88888
Toyota,Kluger,2021,SUV,Automatic,AWD,Hybrid,5.6,4,5,7,82888
Toyota,Landcruiser,2021,SUV,Automatic,4WD,Diesel,7.9,4,4,7,71990
Toyota,Yaris,2022,Hatchback,Automatic,FRONT,Hybrid,3.3,3,5,5,39990
Toyota,Corolla,2022,Hatchback,Automatic,FRONT,Hybrid,4.2,4,5,5,39999
Toyota,Land,2022,Ute/Pickup,Manual,OTHER,-,NA,NA,NA,NA,101990
Toyota,Hilux,2022,Ute/Pickup,Automatic,OTHER,-,NA,NA,NA,NA,81888
Toyota,Landcruiser,2022,SUV,Automatic,4WD,Diesel,7.9,4,4,7,116837
Toyota,Kluger,2022,Wagon,Automatic,OTHER,Premium,NA,NA,NA,NA,79877
Toyota,Rav4,2022,SUV,Automatic,AWD,Hybrid,4.8,4,5,5,53999
Toyota,Hilux,2022,Ute/Pickup,Manual,FRONT,Unleaded,11.1,4,2,2,41888
Toyota,Corolla,2022,Hatchback,Automatic,FRONT,Hybrid,4.2,4,5,5,46888
Toyota,Rav4,2022,SUV,Automatic,FRONT,Hybrid,4.7,4,5,5,59990
Toyota,Rav4,2022,SUV,Automatic,AWD,Hybrid,4.8,4,5,5,69999
Toyota,C-Hr,2022,Wagon,-,OTHER,-,NA,NA,NA,NA,44888
Toyota,Rav4,2022,SUV,Automatic,FRONT,Hybrid,4.7,4,5,5,63490
Toyota,Yaris,2022,Hatchback,-,OTHER,-,NA,NA,NA,NA,31388
Toyota,Kluger,2022,SUV,Automatic,AWD,Hybrid,5.6,4,5,7,77777
Toyota,Kluger,2022,SUV,Automatic,AWD,Premium,8.9,6,5,7,74955
Toyota,Hilux,2022,Ute/Pickup,Automatic,OTHER,-,NA,NA,NA,NA,84990
Toyota,C-Hr,2022,SUV,Automatic,AWD,Premium,6.5,4,4,5,38990
Toyota,Rav4,2022,SUV,Automatic,AWD,Hybrid,4.8,4,5,5,68777
Toyota,C-Hr,2022,SUV,Automatic,AWD,Premium,6.5,4,4,5,44990
Toyota,Yaris,2022,SUV,Automatic,FRONT,Hybrid,3.8,3,4,5,38990
Toyota,Rav4,2022,SUV,Automatic,FRONT,Hybrid,4.7,4,5,5,59888
Toyota,Rav4,2022,SUV,Automatic,FRONT,Unleaded,6,4,5,5,45990
Toyota,Corolla,2022,Hatchback,Automatic,FRONT,Hybrid,4,4,5,5,46990
Toyota,Hilux,2022,Ute/Pickup,Manual,REAR,Diesel,7.1,4,4,5,51990
Toyota,Rav4,2022,SUV,Automatic,FRONT,Hybrid,4.8,4,5,5,56888
Toyota,Rav4,2022,SUV,Automatic,AWD,Hybrid,4.8,4,5,5,56990
Toyota,Rav4,2022,SUV,Automatic,FRONT,Hybrid,4.7,4,5,5,56988
Toyota,Hilux,2022,Ute/Pickup,Automatic,4WD,Diesel,7.9,4,4,5,69988
Toyota,Landcruiser,2022,Ute/Pickup,Manual,AWD,Diesel,10.7,8,4,5,139950
Toyota,Yaris,2022,SUV,Automatic,AWD,Hybrid,4,3,4,5,42999
Toyota,C-Hr,2022,Wagon,-,OTHER,-,NA,NA,NA,NA,45788
Toyota,Yaris,2022,Hatchback,Automatic,FRONT,Unleaded,4.9,3,5,5,28990
Toyota,Kluger,2022,SUV,Automatic,AWD,Hybrid,5.6,4,5,7,82990
Toyota,Rav4,2022,SUV,Automatic,FRONT,Unleaded,6,4,5,5,39990
Toyota,Rav4,2022,SUV,Automatic,AWD,Hybrid,4.8,4,5,5,63888
Toyota,Corolla,2022,Hatchback,Automatic,FRONT,Hybrid,4.2,4,5,5,34990
Toyota,Landcruiser,2022,Ute/Pickup,Manual,AWD,Diesel,10.7,8,4,5,118888
Toyota,Hilux,2022,Ute/Pickup,Manual,4WD,Diesel,7.7,4,4,5,69990
Toyota,Hiace,2022,Commercial,Automatic,OTHER,Unleaded,NA,NA,NA,NA,79888
Toyota,Yaris,2022,Hatchback,Automatic,FRONT,Unleaded,4.9,3,5,5,28745
Toyota,Corolla,2022,Hatchback,Automatic,FRONT,Hybrid,4,4,5,5,40990
Toyota,Rav4,2022,SUV,Automatic,AWD,Hybrid,4.8,4,5,5,64490
Toyota,Kluger,2022,SUV,Automatic,FRONT,Premium,8.7,6,5,7,52995
Toyota,Hilux,2022,Ute/Pickup,Automatic,4WD,Diesel,7.9,4,4,5,59988
Toyota,Camry,2022,NA,-,OTHER,-,NA,NA,NA,NA,63888
Toyota,Rav4,2022,SUV,Automatic,FRONT,Hybrid,4.7,4,5,5,56990
Toyota,Rav4,2022,SUV,Automatic,AWD,Hybrid,4.8,4,5,5,49990
Toyota,Camry,2022,Sedan,Automatic,FRONT,Hybrid,4.5,4,4,5,42990
Toyota,Yaris,2022,SUV,Automatic,FRONT,Unleaded,5.4,3,4,5,36490
Toyota,Rav4,2022,SUV,Automatic,FRONT,Hybrid,4.7,4,5,5,64990
Toyota,Corolla,2022,Hatchback,Automatic,FRONT,Hybrid,4.2,4,5,5,33299
Toyota,Hilux,2022,Ute/Pickup,Automatic,4WD,Diesel,7.9,4,4,5,56880
Toyota,Landcruiser,2022,Ute/Pickup,Manual,AWD,Diesel,10.7,8,4,5,122990
Toyota,Hiace,2022,Commercial,Automatic,REAR,Diesel,8.4,4,5,2,59990
Toyota,Yaris,2022,SUV,Automatic,FRONT,Hybrid,3.8,3,4,5,46990
Toyota,Hilux,2022,Ute/Pickup,Manual,REAR,Unleaded,NA,NA,NA,NA,33888
Toyota,Corolla,2022,Hatchback,Automatic,OTHER,Unleaded,NA,NA,NA,NA,40990
Toyota,Hilux,2022,Ute/Pickup,Manual,REAR,Unleaded,NA,NA,NA,NA,35990
Toyota,Hilux,2022,Ute/Pickup,Automatic,4WD,Diesel,8.4,4,4,5,67880
Toyota,Landcruiser,2022,SUV,Automatic,4WD,Diesel,7.9,4,4,7,92990
Toyota,Hilux,2022,Ute/Pickup,Automatic,FRONT,Unleaded,10.9,4,2,2,36990
Toyota,Rav4,2022,SUV,Automatic,FRONT,Hybrid,4.7,4,5,5,54950
Toyota,Rav4,2022,SUV,Automatic,FRONT,Unleaded,6,4,5,5,44980
Toyota,Rav4,2022,SUV,Automatic,FRONT,Hybrid,4.7,4,5,5,53990
Toyota,Hilux,2022,Ute/Pickup,Automatic,4WD,Diesel,7.9,4,4,5,55850
Toyota,Yaris,2022,Hatchback,Automatic,FRONT,Unleaded,4.9,3,5,5,31880
Toyota,Yaris,2022,Hatchback,Automatic,FRONT,Unleaded,4.9,3,5,5,36880
Toyota,Kluger,2022,Wagon,Automatic,OTHER,Premium,NA,NA,NA,NA,79990
Toyota,Supra,2022,Coupe,Automatic,REAR,Premium,7.7,6,2,2,95888
Toyota,Corolla,2022,Hatchback,Automatic,FRONT,Hybrid,4.2,4,5,5,47888
Toyota,Camry,2022,Sedan,Automatic,FRONT,Hybrid,4.5,4,4,5,43990
Toyota,Rav4,2022,SUV,Automatic,FRONT,Unleaded,6,4,5,5,55990
Toyota,Rav4,2022,SUV,Automatic,FRONT,Unleaded,6,4,5,5,46990
Toyota,Rav4,2022,SUV,Automatic,FRONT,Unleaded,6,4,5,5,56990
Toyota,Rav4,2022,SUV,Automatic,FRONT,Unleaded,6,4,5,5,42359
Toyota,Yaris,2022,SUV,Automatic,AWD,Hybrid,4,3,4,5,49990
Toyota,Corolla,2022,Hatchback,Automatic,FRONT,Unleaded,6,4,5,5,32894
Toyota,Rav4,2022,SUV,Automatic,FRONT,Unleaded,6,4,5,5,52970
Toyota,Kluger,2022,Wagon,Automatic,OTHER,Premium,NA,NA,NA,NA,81970
Toyota,Rav4,2022,SUV,Automatic,AWD,Hybrid,4.8,4,5,5,69970
Toyota,Hilux,2022,Ute/Pickup,Automatic,REAR,Diesel,7.5,4,4,5,48950
Toyota,Rav4,2022,SUV,Automatic,AWD,Hybrid,4.8,4,5,5,69990
Toyota,Landcruiser,2022,SUV,Automatic,4WD,Diesel,7.9,4,4,7,81895
Toyota,Yaris,2022,Hatchback,Automatic,FRONT,Unleaded,4.9,3,5,5,35990
Toyota,Corolla,2022,Hatchback,Automatic,FRONT,Hybrid,4,4,5,5,52490
Toyota,Corolla,2022,Hatchback,Automatic,FRONT,Hybrid,4.2,4,5,5,48990
Toyota,Rav4,2022,SUV,Automatic,AWD,Hybrid,4.8,4,5,5,62990
Toyota,Rav,2022,Wagon,Automatic,OTHER,-,NA,NA,NA,NA,63447
Toyota,Landcruiser,2022,SUV,Automatic,4WD,Diesel,8.9,6,4,5,114617
Toyota,Hilux,2022,Ute/Pickup,Manual,REAR,Diesel,7.1,4,4,5,51895
Toyota,Landcruiser,2022,SUV,Automatic,4WD,Diesel,8.9,6,4,5,174880
Toyota,Kluger,2022,Wagon,Automatic,OTHER,Premium,NA,NA,NA,NA,77888
Toyota,Landcruiser,2022,SUV,Automatic,4WD,Diesel,8.9,6,4,5,165895
Toyota,Corolla,2022,Hatchback,Automatic,FRONT,Unleaded,6,4,5,5,43895
Toyota,Corolla,2022,Hatchback,Automatic,FRONT,Unleaded,6,4,5,5,34990
Toyota,Corolla,2022,Hatchback,Automatic,FRONT,Hybrid,4.2,4,5,5,39894
Toyota,Rav4,2022,SUV,Automatic,AWD,Hybrid,4.8,4,5,5,63880
Toyota,Hilux,2022,Ute/Pickup,Manual,4WD,Diesel,7.4,4,4,5,58880
Toyota,Landcruiser,2022,SUV,Automatic,4WD,Diesel,8.9,6,4,5,159950
Toyota,Hiace,2022,Commercial,Automatic,REAR,Diesel,NA,NA,NA,NA,54990
Toyota,Camry,2022,Sedan,Automatic,FRONT,Premium,6.8,4,4,5,33989
Toyota,Corolla,2022,Hatchback,Automatic,FRONT,Hybrid,4.2,4,5,5,35990
Toyota,Hilux,2022,Ute/Pickup,Automatic,4WD,Diesel,8.4,4,4,5,71999
Toyota,Rav4,2022,SUV,Automatic,FRONT,Hybrid,4.7,4,5,5,60999
Toyota,Rav,2022,Wagon,-,OTHER,-,NA,NA,NA,NA,51990
Toyota,Landcruiser,2022,SUV,Automatic,4WD,Diesel,8.9,6,4,7,139990
Toyota,Landcruiser,2022,SUV,Automatic,4WD,Diesel,7.9,4,4,7,89990
Toyota,Corolla,2022,Hatchback,Automatic,FRONT,Hybrid,4.2,4,5,5,46998
Toyota,Coaster,2022,People Mover,Automatic,REAR,Diesel,0,4,3,22,155988
Toyota,Hilux,2022,Ute/Pickup,Automatic,4WD,Diesel,8,4,4,5,71984
Toyota,Landcruiser,2022,SUV,Automatic,4WD,Diesel,7.9,4,4,5,80988
Toyota,Landcruiser,2022,SUV,Automatic,4WD,Diesel,8.9,6,4,5,159990
Toyota,Fortuner,2022,SUV,Automatic,4WD,Diesel,7.6,4,4,7,64989
Toyota,Landcruiser,2022,SUV,Automatic,4WD,Diesel,7.9,4,4,7,79995
Toyota,Rav4,2022,SUV,Automatic,FRONT,Unleaded,6,4,5,5,54983
Toyota,Rav4,2022,SUV,Automatic,AWD,Hybrid,4.8,4,5,5,68984
Toyota,Landcruiser,2022,SUV,Automatic,4WD,Diesel,7.9,4,4,7,75888
Toyota,Landcruiser,2022,SUV,Automatic,4WD,Diesel,7.9,4,4,7,88999
Toyota,Rav4,2022,SUV,Automatic,AWD,Hybrid,4.8,4,5,5,62999
Toyota,Landcruiser,2022,SUV,Automatic,4WD,Diesel,8.9,6,4,7,113799
Toyota,Rav4,2022,SUV,Automatic,FRONT,Unleaded,6,4,5,5,53887
Toyota,Hilux,2022,Ute/Pickup,Automatic,4WD,Diesel,8,4,4,5,71988
Toyota,Hilux,2022,Ute/Pickup,Automatic,4WD,Diesel,8,4,4,5,80988
Toyota,Gr86,2022,Coupe,Manual,REAR,Premium,9.4,4,2,4,48850
Toyota,Landcruiser,2022,SUV,Manual,4WD,Diesel,10.7,8,4,5,92999
Toyota,Landcruiser,2022,SUV,Automatic,4WD,Diesel,8.9,6,4,7,155990
Toyota,Landcruiser,2022,Ute/Pickup,Manual,4WD,Diesel,10.7,8,4,5,115977
Toyota,Landcruiser,2022,SUV,Manual,AWD,Diesel,10.7,8,4,5,98888
Toyota,Landcruiser,2022,Ute/Pickup,Manual,4WD,Diesel,10.7,8,2,2,109992
Toyota,Landcruiser,2022,Ute/Pickup,Manual,4WD,Diesel,10.7,8,2,2,116984
Toyota,Landcruiser,2022,SUV,Automatic,4WD,Diesel,7.9,4,4,7,87999
Toyota,Fortuner,2022,SUV,Automatic,4WD,Diesel,7.6,4,4,7,65888
Toyota,Landcruiser,2022,SUV,Automatic,4WD,Diesel,8.9,6,4,7,115990
Toyota,Corolla,2022,Hatchback,Automatic,FRONT,Unleaded,6,4,5,5,29990
Toyota,Landcruiser,2022,SUV,Automatic,4WD,Diesel,7.9,4,4,7,104990
Toyota,Corolla,2022,Hatchback,Automatic,FRONT,Hybrid,4,4,5,5,39490
Toyota,Gr86,2022,Coupe,Automatic,REAR,Premium,8.7,4,2,4,47999
Toyota,Rav4,2022,SUV,Automatic,FRONT,Hybrid,4.8,4,5,5,54990
Toyota,C-Hr,2022,SUV,Automatic,FRONT,Premium,6.4,4,4,5,38990
Toyota,Hiace,2022,Commercial,Automatic,AWD,Diesel,NA,NA,3,NA,41950
Toyota,Hiace,2022,Commercial,Automatic,REAR,Unleaded,NA,NA,6,NA,43900
Toyota,Hiace,2023,Commercial,Automatic,REAR,Diesel,NA,NA,NA,NA,79800
Toyota,Landcruiser,2023,Ute/Pickup,Manual,AWD,Diesel,10.7,8,4,5,119950
Toyota,Land,2023,Ute/Pickup,Manual,OTHER,-,NA,NA,NA,NA,121990
Toyota,Land,2023,Ute/Pickup,Manual,OTHER,-,NA,NA,NA,NA,120990
Toyota,Landcruiser,2023,SUV,Automatic,4WD,Diesel,7.9,4,4,7,109990
Toyota,Hilux,2023,Ute/Pickup,Automatic,4WD,Diesel,8,4,4,5,80985
Toyota,Corolla,2023,Hatchback,Automatic,FRONT,Hybrid,4,4,5,5,38888
Toyota,Corolla,2023,Hatchback,Automatic,FRONT,Other,NA,NA,NA,NA,42888
Toyota,Rav4,2023,SUV,Automatic,AWD,Hybrid,4.8,4,5,5,64990
Toyota,Landcruiser,2023,SUV,Automatic,4WD,Diesel,8.9,6,4,5,119990
Toyota,Corolla,2023,Hatchback,Automatic,FRONT,Unleaded,NA,NA,NA,NA,37488
Toyota,Rav4,2023,SUV,Automatic,FRONT,Hybrid,4.8,4,5,5,65888
Toyota,Rav4,2023,SUV,Automatic,FRONT,Hybrid,4.8,4,5,5,68888
Toyota,Yaris,2023,SUV,Automatic,FRONT,Hybrid,3.8,3,4,5,41990
Toyota,Rav,2023,Wagon,-,OTHER,-,NA,NA,NA,NA,67888
Toyota,Yaris,2023,SUV,Automatic,FRONT,Unleaded,5.4,3,4,5,36490
Toyota,Camry,2023,NA,-,OTHER,-,NA,NA,NA,NA,48788
Toyota,Hilux,2023,Ute/Pickup,Manual,FRONT,Diesel,7.7,4,2,2,42777
Toyota,Camry,2023,Sedan,Automatic,FRONT,Hybrid,4.5,4,4,5,53999
Toyota,Landcruiser,2023,SUV,Automatic,4WD,Diesel,8.9,6,4,5,162990
Toyota,Rav4,2023,SUV,Automatic,AWD,Hybrid,4.8,4,5,5,63777
Toyota,Rav4,2023,SUV,Automatic,FRONT,Hybrid,4.8,4,5,5,60888
Toyota,Landcruiser,2023,SUV,Automatic,4WD,Diesel,8.9,6,4,7,129888
Toyota,Rav4,2023,SUV,Automatic,AWD,Hybrid,4.8,4,5,5,59990
Toyota,Rav4,2023,SUV,Automatic,FRONT,Unleaded,6,4,5,5,45987
Toyota,Corolla,2023,Hatchback,Automatic,FRONT,Unleaded,6,4,5,5,35970
Toyota,Corolla,2023,Hatchback,Automatic,FRONT,Unleaded,6,4,5,5,36989
Toyota,Corolla,2023,Hatchback,Automatic,FRONT,Unleaded,6,4,5,5,37363
Toyota,Landcruiser,2023,Ute/Pickup,Manual,AWD,Diesel,10.7,8,4,5,131977
Toyota,Rav4,2023,SUV,Automatic,AWD,Hybrid,4.8,4,5,5,65888
Toyota,Rav4,2023,SUV,Automatic,AWD,Hybrid,4.8,4,5,5,61870
Toyota,Gr,2023,Hatchback,Manual,AWD,-,8.4,3,5,5,82870
Toyota,Rav4,2023,SUV,Automatic,AWD,Hybrid,4.8,4,5,5,55990
Toyota,Rav4,2023,SUV,Automatic,FRONT,Unleaded,6,4,5,5,45990
Toyota,Kluger,2023,SUV,Automatic,AWD,Hybrid,5.6,4,5,7,69990
Toyota,Landcruiser,2023,Ute/Pickup,Manual,AWD,Diesel,10.7,8,4,5,123999
Toyota,Rav4,2023,SUV,Automatic,FRONT,Hybrid,4.8,4,5,5,67999
Toyota,Yaris,2023,Hatchback,Automatic,FRONT,Hybrid,3.3,3,5,5,39990
Toyota,Corolla,2023,Hatchback,Automatic,FRONT,Unleaded,6,4,5,5,36988
Toyota,Corolla,2023,Hatchback,Automatic,FRONT,Other,NA,NA,NA,NA,52888
Toyota,Hilux,2023,Ute/Pickup,Automatic,4WD,Diesel,7.9,4,4,5,64990
Toyota,Rav4,2023,SUV,Automatic,AWD,Hybrid,4.8,4,5,5,61490
Toyota,C-Hr,2023,SUV,Automatic,FRONT,Premium,6.4,4,4,5,45888
Toyota,C-Hr,2023,SUV,Automatic,AWD,Premium,6.5,4,4,5,43857
Toyota,Camry,2023,Sedan,Automatic,FRONT,Premium,6.8,4,4,5,39990
Toyota,Land,2023,SUV,Automatic,OTHER,Diesel,NA,NA,NA,NA,144990
Toyota,Land,2023,SUV,Manual,OTHER,Diesel,NA,NA,NA,NA,108990
Toyota,Rav4,2023,SUV,Automatic,FRONT,Hybrid,4.8,4,5,5,64990
Toyota,Corolla,2023,Hatchback,Automatic,FRONT,Unleaded,6,4,5,5,37990
Toyota,Rav,2023,SUV,Automatic,OTHER,Unleaded,NA,NA,NA,NA,63990
Toyota,Yaris,2023,SUV,Automatic,FRONT,Hybrid,3.8,3,4,5,44859
Toyota,Yaris,2023,SUV,Automatic,FRONT,Unleaded,5.4,3,4,5,36980
Toyota,Landcruiser,2023,SUV,Automatic,4WD,Diesel,8.9,6,4,7,155000
Toyota,Camry,2023,NA,Automatic,OTHER,Other,NA,NA,NA,NA,48990
Toyota,Rav4,2023,SUV,Automatic,FRONT,Unleaded,6,4,5,5,52141
Toyota,Rav4,2023,SUV,Automatic,AWD,Hybrid,4.8,4,5,5,65000
Toyota,Hilux,2023,Ute/Pickup,Manual,FRONT,Unleaded,11.1,4,2,2,35990
Toyota,Rav4,2023,SUV,Automatic,FRONT,Hybrid,4.8,4,5,5,70500
Toyota,C-Hr,2023,SUV,Automatic,FRONT,Hybrid,4.3,4,4,5,54500
Toyota,Corolla,2023,Hatchback,Automatic,FRONT,Unleaded,6,4,5,5,37997
Toyota,Landcruiser,2023,SUV,Automatic,4WD,Diesel,7.9,4,4,7,96990
Toyota,Corolla,2023,Sedan,Automatic,FRONT,Hybrid,3.9,4,4,5,43487
Toyota,Camry,2023,Sedan,Automatic,FRONT,Hybrid,4.5,4,4,5,45950
Toyota,Rav4,2023,SUV,Automatic,AWD,Hybrid,4.8,4,5,5,76890
Toyota,Camry,2023,Sedan,Automatic,FRONT,Hybrid,4.7,4,4,5,57895
Toyota,Rav4,2023,SUV,Automatic,FRONT,Hybrid,4.8,4,5,5,69986
Toyota,Corolla,2023,SUV,Automatic,AWD,Hybrid,4.4,4,4,5,57344
Toyota,Rav4,2023,SUV,Automatic,AWD,Hybrid,4.8,4,5,5,76888
Toyota,Landcruiser,2023,Ute/Pickup,Manual,AWD,Diesel,10.7,8,4,5,129990
Toyota,Hilux,2023,Ute/Pickup,Automatic,4WD,Diesel,8.4,4,4,5,84999
Toyota,Hiace,2023,Commercial,Automatic,REAR,Unleaded,NA,NA,NA,NA,49990
Toyota,Kluger,2023,SUV,Automatic,AWD,Hybrid,5.6,4,5,7,89970
Toyota,Corolla,2023,SUV,Automatic,FRONT,Hybrid,4.3,4,4,5,52995
Toyota,Landcruiser,2023,SUV,Automatic,4WD,Diesel,8.9,6,4,7,157990
Toyota,Rav4,2023,SUV,Automatic,FRONT,Unleaded,6,4,5,5,56990
Toyota,C-Hr,2023,SUV,Automatic,AWD,Premium,6.5,4,4,5,49990
Toyota,Corolla,2023,Hatchback,Automatic,FRONT,Hybrid,4,4,5,5,35876
Toyota,Hilux,2023,Ute/Pickup,Automatic,4WD,Diesel,7.9,4,4,5,68993
Toyota,Landcruiser,2023,Ute/Pickup,Manual,AWD,Diesel,10.7,8,4,5,113767
Toyota,Corolla,2023,Sedan,Automatic,FRONT,Hybrid,3.9,4,4,5,41994
Toyota,Yaris,2023,SUV,Automatic,FRONT,Hybrid,3.8,3,4,5,49990
Toyota,Hilux,2023,Ute/Pickup,Automatic,4WD,Diesel,8,4,4,5,80984
Toyota,Landcruiser,2023,Ute/Pickup,Manual,AWD,Diesel,10.7,8,4,5,134988
Toyota,Hilux,2023,Ute/Pickup,Automatic,4WD,Diesel,8,4,4,5,69995
Toyota,Corolla,2023,Hatchback,Automatic,FRONT,Hybrid,4,4,5,5,36773
Toyota,Landcruiser,2023,Ute/Pickup,Manual,AWD,Diesel,10.7,8,2,2,126988
Toyota,Kluger,2023,SUV,Automatic,FRONT,Unleaded,8.3,4,5,7,76888
Toyota,Landcruiser,2023,SUV,Automatic,4WD,Diesel,8.9,6,4,5,162888
Toyota,Landcruiser,2023,Ute/Pickup,Manual,AWD,Diesel,10.7,8,4,5,116988
Toyota,Fortuner,2023,SUV,Automatic,4WD,Diesel,7.6,4,4,7,79990
Toyota,Hilux,2023,Ute/Pickup,Automatic,4WD,Diesel,8,4,4,5,81988
Toyota,Landcruiser,2023,Ute/Pickup,Manual,AWD,Diesel,10.7,8,2,2,125994
Toyota,Landcruiser,2023,Ute/Pickup,Manual,AWD,Diesel,10.7,8,2,2,123984
Toyota,Rav4,2023,SUV,Automatic,FRONT,Hybrid,4.8,4,5,5,67888
Toyota,Hiace,2023,People Mover,Automatic,REAR,Diesel,0,4,3,12,69760
Toyota,Corolla,2023,SUV,Automatic,FRONT,Unleaded,6,4,4,5,36750
Toyota,C-Hr,2023,SUV,Automatic,FRONT,Hybrid,4.3,4,4,5,37665
Toyota,C-Hr,2023,SUV,Automatic,AWD,Premium,6.5,4,4,5,32915
Toyota,Rav4,2023,SUV,Automatic,AWD,Hybrid,4.8,4,5,5,42050
Toyota,Fortuner,2023,SUV,Automatic,4WD,Diesel,7.6,4,4,7,50965
Toyota,C-Hr,2023,SUV,Automatic,AWD,Premium,6.5,4,4,5,37165
Toyota,Landcruiser,2023,SUV,Automatic,4WD,Diesel,7.9,4,4,5,60830
Toyota,Camry,2023,Sedan,Automatic,FRONT,Hybrid,4.5,4,4,5,33490
Toyota,Hiace,2023,Commercial,Automatic,REAR,Diesel,8.2,4,5,2,47510
Toyota,Landcruiser,2023,SUV,Automatic,4WD,Diesel,7.9,4,4,7,67530
Toyota,Yaris,2023,SUV,Automatic,FRONT,Unleaded,5.4,3,4,5,34340
Toyota,Yaris,2023,SUV,Automatic,AWD,Hybrid,4,3,4,5,34990
Toyota,Rav4,2023,SUV,Automatic,FRONT,Hybrid,4.8,4,5,5,46375
Toyota,Rav4,2023,SUV,Automatic,AWD,Hybrid,4.8,4,5,5,55150
Toyota,Corolla,2023,SUV,Automatic,AWD,-,4.4,4,4,5,50400
Toyota,Coaster,2023,People Mover,Automatic,REAR,Diesel,0,4,3,22,142180
Toyota,Corolla,2023,SUV,Automatic,FRONT,Hybrid,4.3,4,4,5,35500
Toyota,Rav4,2023,SUV,Automatic,FRONT,Unleaded,6,4,5,5,36550
Toyota,Camry,2023,Sedan,Automatic,FRONT,Hybrid,4.5,4,4,5,36290
Toyota,Rav4,2023,SUV,Automatic,AWD,Unleaded,7,4,5,5,54320
Toyota,Hiace,2023,Commercial,Automatic,REAR,Diesel,8.4,4,5,2,56070
Toyota,Gr,2023,Hatchback,Manual,AWD,-,8.6,3,5,2,80300
Toyota,Rav4,2023,SUV,Automatic,FRONT,Hybrid,4.8,4,5,5,42600
Toyota,Landcruiser,2023,SUV,Automatic,4WD,Diesel,7.9,4,4,7,63380
Toyota,Rav4,2023,SUV,Automatic,FRONT,Hybrid,4.8,4,5,5,39350
Toyota,Yaris,2023,Hatchback,Automatic,FRONT,Unleaded,4.9,3,5,5,27130
Toyota,Yaris,2023,Hatchback,Automatic,FRONT,Unleaded,4.9,3,5,5,30975
Toyota,Corolla,2023,Sedan,Automatic,FRONT,Unleaded,5.9,4,4,5,29130
Toyota,Hilux,2023,Ute/Pickup,Manual,REAR,Unleaded,10.7,4,4,5,33705
Toyota,Hilux,2023,Ute/Pickup,Automatic,REAR,Unleaded,10.4,4,4,5,35705
Toyota,Hilux,2023,Ute/Pickup,Automatic,4WD,Diesel,8,4,4,5,47925
Toyota,Yaris,2023,Hatchback,Automatic,FRONT,Hybrid,3.3,3,5,5,32200
Toyota,Landcruiser,2023,SUV,Automatic,4WD,Diesel,8.9,6,4,5,137981
Toyota,Rav4,2023,SUV,Automatic,AWD,Hybrid,4.8,4,5,5,45600
Toyota,Hilux,2023,Ute/Pickup,Manual,4WD,Diesel,7.7,4,4,5,62430
Toyota,Landcruiser,2023,SUV,Automatic,4WD,Diesel,7.9,4,4,7,71000
Toyota,Kluger,2023,SUV,Automatic,AWD,Hybrid,5.6,4,5,7,89990
Toyota,Landcruiser,2023,SUV,Manual,AWD,Diesel,10.7,8,2,2,72950
Toyota,Landcruiser,2023,Ute/Pickup,Manual,AWD,Diesel,10.7,8,4,5,77200
Toyota,Gr86,2023,Coupe,Manual,REAR,Premium,9.5,4,2,4,45390
Toyota,Landcruiser,2023,SUV,Automatic,4WD,Diesel,8.9,6,4,7,130381
Toyota,Hilux,2023,Ute/Pickup,Manual,4WD,Diesel,7.8,4,2,2,43225
Toyota,Hilux,2023,Ute/Pickup,Manual,4WD,Diesel,7.8,4,2,5,48135
Toyota,Supra,2023,Coupe,Manual,REAR,Premium,8.9,6,2,2,102000
Toyota,Rav4,2023,SUV,Automatic,AWD,Hybrid,4.8,4,5,5,71888
Volkswagen,Golf,2014,Hatchback,Automatic,FRONT,Premium,5.4,4,5,5,14990
Volkswagen,Tiguan,2014,SUV,Automatic,FRONT,Premium,7.3,4,4,5,17999
Volkswagen,Caddy,2014,Commercial,Manual,FRONT,Premium,6.9,4,3,2,22990
Volkswagen,Amarok,2014,Ute/Pickup,Automatic,4WD,Diesel,8.3,4,4,5,26950
Volkswagen,Caddy,2014,Commercial,Automatic,FRONT,Diesel,5.7,4,3,2,13999
Volkswagen,Amarok,2014,Ute/Pickup,Automatic,OTHER,Diesel,NA,NA,NA,NA,34995
Volkswagen,Amarok,2014,Ute/Pickup,Manual,REAR,Diesel,7.4,4,4,5,10999
Volkswagen,Golf,2014,Hatchback,Automatic,FRONT,Diesel,4.9,4,5,5,24950
Volkswagen,Tiguan,2014,SUV,Automatic,FRONT,Premium,7.3,4,4,5,13800
Volkswagen,Amarok,2014,Ute/Pickup,Automatic,4WD,Diesel,8.3,4,4,5,29990
Volkswagen,Transporter,2014,Commercial,Automatic,FRONT,Diesel,8.1,4,2,5,29990
Volkswagen,Touareg,2014,SUV,Automatic,AWD,Diesel,7.2,6,4,5,19880
Volkswagen,Passat,2014,Wagon,Automatic,FRONT,Diesel,5.4,4,4,5,17980
Volkswagen,Touareg,2014,SUV,Automatic,AWD,Diesel,7.2,6,4,5,33995
Volkswagen,Touareg,2014,SUV,Automatic,AWD,Diesel,7.4,6,4,5,18913
Volkswagen,Golf,2014,Wagon,Automatic,FRONT,Premium,5.3,4,4,5,19880
Volkswagen,Golf,2014,Hatchback,Manual,FRONT,Premium,6.6,4,5,5,22099
Volkswagen,Amarok,2014,Ute/Pickup,Automatic,REAR,Diesel,NA,NA,NA,NA,29830
Volkswagen,Amarok,2014,Ute/Pickup,Automatic,4WD,Diesel,8.3,4,4,5,22990
Volkswagen,Amarok,2014,Ute/Pickup,Automatic,4WD,Diesel,8.3,4,4,5,16913
Volkswagen,Caddy,2014,Commercial,Automatic,OTHER,Diesel,NA,NA,NA,NA,24990
Volkswagen,Golf,2014,Wagon,Automatic,FRONT,Premium,5.3,4,4,5,16990
Volkswagen,Golf,2014,Hatchback,Automatic,FRONT,Premium,6.6,4,5,5,25999
Volkswagen,Tiguan,2014,SUV,Automatic,AWD,Premium,8.8,4,4,5,20990
Volkswagen,Amarok,2014,Ute/Pickup,Automatic,OTHER,Diesel,NA,NA,NA,NA,33950
Volkswagen,Touareg,2014,SUV,Automatic,AWD,Diesel,7.2,6,4,5,38990
Volkswagen,Passat,2014,Wagon,Automatic,FRONT,Premium,7.5,4,4,5,11499
Volkswagen,Golf,2014,Hatchback,Automatic,FRONT,Premium,6.2,4,5,5,25490
Volkswagen,Golf,2014,Hatchback,Automatic,FRONT,Premium,5.4,4,5,5,14812
Volkswagen,Tiguan,2014,SUV,Automatic,FRONT,Premium,7.3,4,4,5,16888
Volkswagen,Golf,2014,Hatchback,Automatic,FRONT,Premium,6.2,4,5,5,27990
Volkswagen,Tiguan,2014,SUV,Automatic,FRONT,Premium,7.3,4,4,5,17990
Volkswagen,Amarok,2014,Ute/Pickup,Automatic,OTHER,Diesel,NA,NA,NA,NA,26980
Volkswagen,Cc,2014,Sedan,Automatic,FRONT,Diesel,5.4,4,4,5,18990
Volkswagen,Polo,2014,Hatchback,Manual,FRONT,Premium,4.9,4,5,5,15999
Volkswagen,Golf,2014,Hatchback,Automatic,FRONT,Premium,6.6,4,5,5,26990
Volkswagen,Golf,2014,Hatchback,Manual,FRONT,Premium,5.7,4,5,5,14990
Volkswagen,Amarok,2014,Ute/Pickup,Manual,OTHER,Diesel,NA,NA,NA,NA,36990
Volkswagen,Polo,2014,Hatchback,Manual,FRONT,Premium,4.9,4,5,5,13985
Volkswagen,Transporter,2014,Commercial,Manual,FRONT,Diesel,7.5,4,2,2,21998
Volkswagen,Golf,2014,Convertible,Automatic,FRONT,Premium,6.5,4,2,4,19990
Volkswagen,Amarok,2014,Ute/Pickup,Automatic,OTHER,-,NA,NA,NA,NA,17750
Volkswagen,Amarok,2014,Ute/Pickup,Automatic,OTHER,Diesel,NA,NA,NA,NA,11800
Volkswagen,Polo,2014,Hatchback,Manual,FRONT,Premium,4.8,4,5,5,10990
Volkswagen,Amarok,2014,Ute/Pickup,Manual,4WD,Diesel,7.8,4,2,2,16990
Volkswagen,Crafter,2014,NA,Manual,OTHER,Diesel,NA,NA,NA,NA,19800
Volkswagen,Caddy,2014,Commercial,Automatic,FRONT,Diesel,5.7,4,3,2,25990
Volkswagen,Polo,2015,Hatchback,Automatic,FRONT,Premium,4.8,4,5,5,16420
Volkswagen,Passat,2015,Wagon,Automatic,FRONT,Premium,6,4,4,5,26990
Volkswagen,Golf,2015,Hatchback,Automatic,FRONT,Diesel,NA,NA,NA,NA,16800
Volkswagen,Golf,2015,Hatchback,Automatic,FRONT,Premium,6.6,4,5,5,26888
Volkswagen,Golf,2015,Hatchback,Automatic,FRONT,Premium,5.4,4,5,5,14888
Volkswagen,Caddy,2015,Commercial,Manual,FRONT,Premium,6.9,4,3,2,14880
Volkswagen,Transporter,2015,Ute/Pickup,Automatic,FRONT,Diesel,8.5,4,2,2,26990
Volkswagen,Touareg,2015,SUV,Automatic,AWD,Diesel,7.2,6,4,5,25999
Volkswagen,Multivan,2015,Wagon,Automatic,FRONT,Diesel,8.2,4,4,7,42990
Volkswagen,Golf,2015,Hatchback,Automatic,AWD,Premium,7.1,4,5,5,29995
Volkswagen,Golf,2015,Hatchback,Automatic,FRONT,Premium,5.4,4,5,5,20750
Volkswagen,Golf,2015,Wagon,Automatic,FRONT,Diesel,4.7,4,4,5,19888
Volkswagen,Golf,2015,Hatchback,Automatic,FRONT,Premium,5.4,4,5,5,18990
Volkswagen,Caddy,2015,Commercial,Automatic,FRONT,Diesel,5.7,4,3,2,29990
Volkswagen,Passat,2015,Sedan,Automatic,FRONT,Diesel,4.8,4,4,5,15990
Volkswagen,Tiguan,2015,SUV,Automatic,AWD,Premium,8.8,4,4,5,29990
Volkswagen,Polo,2015,Hatchback,Manual,FRONT,Premium,4.9,4,5,5,13990
Volkswagen,Polo,2015,Hatchback,Automatic,FRONT,Premium,5.7,4,5,5,22990
Volkswagen,Polo,2015,Hatchback,Manual,FRONT,Premium,4.9,4,5,5,13999
Volkswagen,Amarok,2015,Ute/Pickup,Automatic,REAR,Diesel,8.2,4,4,5,16990
Volkswagen,Tiguan,2015,SUV,Automatic,FRONT,Premium,7.3,4,4,5,18913
Volkswagen,Tiguan,2015,SUV,Automatic,FRONT,Premium,7.3,4,4,5,18830
Volkswagen,Golf,2015,Wagon,Automatic,FRONT,Premium,5.3,4,4,5,19990
Volkswagen,Jetta,2015,Sedan,Automatic,FRONT,Premium,6.2,4,4,5,13990
Volkswagen,Golf,2015,Hatchback,Automatic,FRONT,Premium,5.4,4,5,5,16950
Volkswagen,Golf,2015,Hatchback,Automatic,FRONT,Premium,5.4,4,5,5,16990
Volkswagen,Polo,2015,Hatchback,Manual,FRONT,Premium,4.8,4,5,5,12990
Volkswagen,Golf,2015,Hatchback,Automatic,AWD,Premium,7.1,4,5,5,37950
Volkswagen,Polo,2015,Hatchback,Manual,FRONT,Premium,4.8,4,5,5,14999
Volkswagen,Tiguan,2015,SUV,Automatic,AWD,Premium,8.8,4,4,5,24990
Volkswagen,Golf,2015,Wagon,Automatic,FRONT,Premium,5.3,4,4,5,19950
Volkswagen,Polo,2015,Hatchback,Manual,FRONT,Premium,4.8,4,5,5,14950
Volkswagen,Golf,2015,Hatchback,Automatic,FRONT,Premium,6.2,4,5,5,29990
Volkswagen,Scirocco,2015,Hatchback,Manual,FRONT,Premium,8.1,4,3,4,25990
Volkswagen,Polo,2015,Hatchback,Automatic,FRONT,Premium,4.8,4,5,5,16290
Volkswagen,Passat,2015,Sedan,Automatic,FRONT,Diesel,4.8,4,4,5,22490
Volkswagen,Touareg,2015,SUV,Automatic,AWD,Diesel,7.4,6,4,5,33990
Volkswagen,Transporter,2015,Commercial,Automatic,FRONT,Diesel,8.2,4,2,2,25999
Volkswagen,Amarok,2015,Ute/Pickup,Automatic,OTHER,Diesel,NA,NA,NA,NA,32990
Volkswagen,Polo,2015,Hatchback,Automatic,FRONT,Premium,4.8,4,5,5,13999
Volkswagen,Golf,2015,SUV,Automatic,AWD,Premium,6.7,4,4,5,16990
Volkswagen,Touareg,2015,SUV,Automatic,AWD,Diesel,7.4,6,4,5,27999
Volkswagen,Jetta,2015,Sedan,Automatic,FRONT,Premium,6.2,4,4,5,18990
Volkswagen,Polo,2015,Hatchback,Manual,FRONT,Premium,4.8,4,5,5,12980
Volkswagen,Polo,2015,Hatchback,Automatic,FRONT,Premium,4.8,4,5,5,18982
Volkswagen,Amarok,2015,Ute/Pickup,Manual,4WD,Diesel,7.9,4,4,5,24990
Volkswagen,Amarok,2015,Ute/Pickup,Manual,4WD,Diesel,7.8,4,2,2,31990
Volkswagen,Golf,2015,Hatchback,Automatic,FRONT,Premium,5.2,4,5,5,18888
Volkswagen,Caddy,2015,Commercial,Manual,FRONT,Premium,6.9,4,3,2,17990
Volkswagen,Golf,2015,Wagon,Automatic,AWD,Premium,7.2,4,4,5,31990
Volkswagen,Amarok,2015,Ute/Pickup,Automatic,4WD,Diesel,8.3,4,4,5,28777
Volkswagen,Golf,2015,Hatchback,Automatic,FRONT,Diesel,4.9,4,5,5,19999
Volkswagen,Golf,2016,Hatchback,Manual,FRONT,Premium,5.7,4,5,5,16990
Volkswagen,Crafter,2016,Commercial,Manual,REAR,Diesel,0,4,3,2,25995
Volkswagen,Amarok,2016,Ute/Pickup,Automatic,4WD,Diesel,7.8,6,4,5,41950
Volkswagen,Tiguan,2016,SUV,Automatic,AWD,Premium,7.5,4,4,5,32999
Volkswagen,Multivan,2016,Wagon,Automatic,FRONT,Diesel,7.7,4,4,7,45280
Volkswagen,Passat,2016,Wagon,Automatic,FRONT,Diesel,4.8,4,4,5,16999
Volkswagen,Amarok,2016,Ute/Pickup,Automatic,4WD,Diesel,8.3,4,4,5,20990
Volkswagen,Passat,2016,Wagon,Automatic,FRONT,Premium,6,4,4,5,29888
Volkswagen,Amarok,2016,Ute/Pickup,Automatic,4WD,Diesel,8.3,4,4,5,37990
Volkswagen,Golf,2016,Hatchback,Automatic,FRONT,Premium,5.4,4,5,5,19990
Volkswagen,Polo,2016,Hatchback,Automatic,FRONT,Premium,4.8,4,5,5,16990
Volkswagen,Polo,2016,Hatchback,Manual,FRONT,Premium,4.8,4,5,5,17888
Volkswagen,Tiguan,2016,SUV,Automatic,FRONT,Premium,6.3,4,4,5,25490
Volkswagen,Polo,2016,Hatchback,Manual,OTHER,-,NA,NA,NA,NA,12800
Volkswagen,Tiguan,2016,SUV,Automatic,FRONT,Premium,6.3,4,4,5,24880
Volkswagen,Tiguan,2016,SUV,Automatic,AWD,Premium,8.8,4,4,5,24880
Volkswagen,Jetta,2016,NA,Automatic,FRONT,Unleaded,NA,NA,NA,NA,15990
Volkswagen,Crafter,2016,Commercial,Manual,REAR,Diesel,0,4,3,2,27995
Volkswagen,Golf,2016,Hatchback,Automatic,FRONT,Premium,7.1,4,5,5,38950
Volkswagen,Scirocco,2016,Hatchback,Manual,FRONT,Premium,8.1,4,3,4,37990
Volkswagen,Multivan,2016,Wagon,Automatic,FRONT,Diesel,7.7,4,4,7,31990
Volkswagen,Passat,2016,Sedan,Automatic,FRONT,Premium,6,4,4,5,25490
Volkswagen,Transporter,2016,Commercial,Manual,FRONT,Diesel,7.7,4,2,2,23913
Volkswagen,Caddy,2016,Commercial,Automatic,FRONT,Premium,6,4,4,5,18990
Volkswagen,Caddy,2016,Commercial,Automatic,FRONT,Premium,6,4,4,2,27999
Volkswagen,Tiguan,2016,Wagon,Automatic,OTHER,Diesel,NA,NA,NA,NA,28990
Volkswagen,Golf,2016,Wagon,Automatic,FRONT,Diesel,4.7,4,4,5,20990
Volkswagen,Polo,2016,Hatchback,Automatic,FRONT,Premium,4.8,4,5,5,18995
Volkswagen,Tiguan,2016,SUV,Automatic,FRONT,Premium,6.3,4,4,5,23990
Volkswagen,Tiguan,2016,SUV,Automatic,AWD,Premium,7.5,4,4,5,21998
Volkswagen,Tiguan,2016,SUV,Automatic,AWD,Premium,8.8,4,4,5,19913
Volkswagen,Touareg,2016,SUV,Automatic,AWD,Diesel,7.2,6,4,5,28987
Volkswagen,Tiguan,2016,SUV,Automatic,AWD,Premium,8.1,4,4,5,31590
Volkswagen,Crafter,2016,Commercial,Manual,REAR,Diesel,NA,NA,NA,NA,35990
Volkswagen,Transporter,2016,Commercial,Automatic,FRONT,Diesel,8.2,4,2,2,44990
Volkswagen,Multivan,2016,Wagon,Automatic,FRONT,Diesel,6.5,4,4,7,55990
Volkswagen,Tiguan,2016,SUV,Automatic,FRONT,Premium,6.3,4,4,5,25990
Volkswagen,Touareg,2016,SUV,Automatic,AWD,Diesel,9.2,8,4,5,64980
Volkswagen,Golf,2016,Hatchback,Automatic,FRONT,Premium,6.2,4,5,5,32990
Volkswagen,Golf,2016,Hatchback,Automatic,FRONT,Premium,5.4,4,5,5,20090
Volkswagen,Amarok,2016,NA,-,OTHER,-,NA,NA,NA,NA,27999
Volkswagen,Amarok,2016,Ute/Pickup,Manual,OTHER,Diesel,NA,NA,NA,NA,33980
Volkswagen,Golf,2016,Wagon,Automatic,FRONT,Premium,5.4,4,4,5,19990
Volkswagen,Tiguan,2016,SUV,Automatic,AWD,Premium,7.5,4,4,5,27970
Volkswagen,Polo,2016,Hatchback,Automatic,FRONT,Premium,4.8,4,5,5,17715
Volkswagen,Golf,2016,Hatchback,Automatic,FRONT,Premium,5.4,4,5,5,18688
Volkswagen,Tiguan,2016,SUV,Automatic,FRONT,Premium,6.3,4,4,5,29999
Volkswagen,Caddy,2016,Commercial,Automatic,FRONT,Premium,6,4,3,2,24990
Volkswagen,Tiguan,2016,SUV,Automatic,AWD,Diesel,5.9,4,4,5,39990
Volkswagen,Tiguan,2016,SUV,Automatic,AWD,Premium,8.1,4,4,5,39990
Volkswagen,Amarok,2016,Ute/Pickup,Automatic,4WD,Diesel,7.8,6,4,5,36995
Volkswagen,Tiguan,2016,SUV,Automatic,FRONT,Premium,6.3,4,4,5,26990
Volkswagen,Tiguan,2016,SUV,Manual,FRONT,Premium,6.3,4,4,5,24990
Volkswagen,Tiguan,2016,SUV,Automatic,FRONT,Premium,6.3,4,4,5,22990
Volkswagen,Golf,2016,Hatchback,Automatic,FRONT,Premium,5.4,4,5,5,21999
Volkswagen,Amarok,2016,Ute/Pickup,Manual,4WD,Diesel,7.9,4,4,5,25871
Volkswagen,Golf,2016,Hatchback,Automatic,AWD,Premium,7.1,4,5,5,38888
Volkswagen,Caddy,2016,Commercial,Manual,FRONT,Premium,6.9,4,3,2,23350
Volkswagen,Amarok,2016,Ute/Pickup,Manual,4WD,Diesel,7.9,4,4,5,26599
Volkswagen,Golf,2016,Wagon,Automatic,FRONT,Premium,5.4,4,4,5,17995
Volkswagen,Tiguan,2016,SUV,Automatic,FRONT,Premium,6.3,4,4,5,20999
Volkswagen,Multivan,2017,Wagon,Automatic,FRONT,Diesel,7.7,4,4,7,49800
Volkswagen,Transporter,2017,Commercial,Automatic,FRONT,Diesel,8.1,4,2,2,23500
Volkswagen,Golf,2017,Wagon,Automatic,FRONT,Premium,5.6,4,4,5,15990
Volkswagen,Tiguan,2017,SUV,Automatic,AWD,Premium,8.1,4,4,5,38499
Volkswagen,Golf,2017,Hatchback,Manual,FRONT,Premium,6.7,4,5,5,33450
Volkswagen,Polo,2017,Hatchback,Automatic,FRONT,Premium,4.8,4,5,5,17990
Volkswagen,Golf,2017,Hatchback,Automatic,FRONT,Premium,NA,NA,NA,NA,19990
Volkswagen,Golf,2017,Hatchback,Manual,AWD,Premium,7.2,4,5,5,29888
Volkswagen,Polo,2017,Hatchback,Manual,FRONT,Premium,4.8,4,5,5,19880
Volkswagen,Amarok,2017,Ute/Pickup,Automatic,4WD,Diesel,7.8,6,4,5,36999
Volkswagen,Golf,2017,Hatchback,Automatic,FRONT,Premium,5.4,4,5,5,23990
Volkswagen,Multivan,2017,Wagon,Automatic,FRONT,Diesel,6.5,4,4,7,59990
Volkswagen,Golf,2017,Hatchback,Automatic,FRONT,Premium,6.7,4,5,5,30990
Volkswagen,Amarok,2017,Ute/Pickup,Automatic,4WD,Diesel,7.8,6,4,5,39999
Volkswagen,Golf,2017,Wagon,Automatic,OTHER,Premium,NA,NA,NA,NA,28990
Volkswagen,Tiguan,2017,SUV,Automatic,AWD,Diesel,5.9,4,4,5,34990
Volkswagen,Caddy,2017,Commercial,Automatic,FRONT,Premium,6,4,3,2,26913
Volkswagen,Tiguan,2017,SUV,Automatic,FRONT,Premium,6.3,4,4,5,23888
Volkswagen,Polo,2017,Hatchback,Automatic,FRONT,Premium,NA,NA,NA,NA,14990
Volkswagen,Golf,2017,Hatchback,Automatic,FRONT,Premium,5.4,4,5,5,24490
Volkswagen,Arteon,2017,Hatchback,Automatic,AWD,Premium,7.5,4,5,5,39990
Volkswagen,Golf,2017,Hatchback,Automatic,FRONT,Premium,5.4,4,5,5,17750
Volkswagen,Tiguan,2017,SUV,Automatic,AWD,Premium,8.1,4,4,5,31990
Volkswagen,Golf,2017,Wagon,Automatic,AWD,Premium,7.2,4,4,5,42990
Volkswagen,Amarok,2017,Ute/Pickup,Automatic,4WD,Diesel,8.3,4,4,5,29830
Volkswagen,Golf,2017,Hatchback,Manual,FRONT,Premium,NA,NA,NA,NA,33990
Volkswagen,Tiguan,2017,SUV,Automatic,AWD,Premium,7.5,4,4,5,24800
Volkswagen,Tiguan,2017,SUV,Automatic,FRONT,Premium,6.3,4,4,5,22670
Volkswagen,Amarok,2017,Ute/Pickup,Automatic,4WD,Diesel,7.8,6,4,5,46800
Volkswagen,Polo,2017,Hatchback,Automatic,FRONT,Premium,5.7,4,5,5,24888
Volkswagen,Amarok,2017,Ute/Pickup,Automatic,4WD,Diesel,7.8,6,4,5,42777
Volkswagen,Tiguan,2017,SUV,Automatic,AWD,Diesel,5.9,4,4,5,39900
Volkswagen,Tiguan,2017,SUV,Automatic,AWD,Premium,8.1,4,4,5,38990
Volkswagen,Polo,2017,Hatchback,Automatic,FRONT,Premium,4.8,4,5,5,23990
Volkswagen,Golf,2017,Hatchback,Automatic,FRONT,Premium,5.2,4,5,5,28990
Volkswagen,Tiguan,2017,SUV,Automatic,AWD,Diesel,5.9,4,4,5,27990
Volkswagen,Golf,2017,Wagon,Automatic,FRONT,Diesel,4.7,4,4,5,25980
Volkswagen,Amarok,2017,Ute/Pickup,Automatic,4WD,Diesel,7.8,6,4,5,38900
Volkswagen,Golf,2017,Hatchback,Manual,FRONT,Premium,5.6,4,5,5,19990
Volkswagen,Amarok,2017,Ute/Pickup,Automatic,4WD,Diesel,8.3,4,4,5,32990
Volkswagen,Tiguan,2017,SUV,Automatic,AWD,Diesel,5.9,4,4,5,35999
Volkswagen,Polo,2017,Hatchback,Manual,FRONT,Premium,NA,NA,NA,NA,13990
Volkswagen,Passat,2017,SUV,Automatic,AWD,Diesel,5.4,4,4,5,33990
Volkswagen,Amarok,2017,Ute/Pickup,Manual,4WD,Diesel,7.9,4,4,5,39599
Volkswagen,Tiguan,2017,SUV,Automatic,AWD,Premium,8.1,4,4,5,43990
Volkswagen,Amarok,2017,Ute/Pickup,Automatic,4WD,Diesel,7.8,6,4,5,38990
Volkswagen,Tiguan,2017,SUV,Automatic,AWD,Diesel,5.9,4,4,5,41880
Volkswagen,Passat,2017,SUV,Automatic,AWD,Diesel,5.4,4,4,5,28990
Volkswagen,Caddy,2017,Commercial,Automatic,FRONT,Diesel,5.3,4,4,2,27888
Volkswagen,Tiguan,2017,SUV,Automatic,AWD,Premium,8.1,4,4,5,33995
Volkswagen,Golf,2017,Hatchback,Automatic,FRONT,Premium,6.2,4,5,5,33980
Volkswagen,Amarok,2017,Ute/Pickup,Automatic,4WD,Diesel,7.8,6,4,5,40989
Volkswagen,Amarok,2017,Ute/Pickup,Automatic,4WD,Diesel,7.8,6,4,5,37990
Volkswagen,Amarok,2017,Ute/Pickup,Automatic,4WD,Diesel,7.8,6,4,5,46999
Volkswagen,Tiguan,2017,SUV,Automatic,AWD,Premium,8.1,4,4,5,32990
Volkswagen,Golf,2017,Hatchback,Automatic,FRONT,Premium,5.4,4,5,5,23982
Volkswagen,Tiguan,2017,SUV,Automatic,AWD,Premium,7.5,4,4,5,33990
Volkswagen,Golf,2017,Wagon,Automatic,OTHER,Premium,NA,NA,NA,NA,27999
Volkswagen,Amarok,2017,Ute/Pickup,Automatic,4WD,Diesel,7.8,6,4,5,49990
Volkswagen,Golf,2017,Wagon,Automatic,AWD,Premium,6.6,4,4,5,41950
Volkswagen,Caddy,2018,Commercial,Automatic,FRONT,Premium,6,4,3,2,30999
Volkswagen,Golf,2018,Wagon,Automatic,FRONT,Premium,5.6,4,4,5,21880
Volkswagen,Golf,2018,Wagon,Automatic,FRONT,Premium,5.6,4,4,5,24315
Volkswagen,Transporter,2018,Commercial,Automatic,FRONT,Diesel,8.2,4,2,2,29987
Volkswagen,Polo,2018,Hatchback,Automatic,FRONT,Premium,5,3,5,5,21880
Volkswagen,Golf,2018,Hatchback,Automatic,AWD,Premium,8,4,5,5,44280
Volkswagen,Tiguan,2018,SUV,Automatic,FRONT,Premium,7.5,4,4,7,31990
Volkswagen,Polo,2018,Hatchback,Automatic,FRONT,Premium,6.1,4,5,5,28990
Volkswagen,Tiguan,2018,SUV,Automatic,AWD,Diesel,6.1,4,4,7,36987
Volkswagen,Tiguan,2018,SUV,Automatic,AWD,Premium,7.5,4,4,5,24990
Volkswagen,Passat,2018,Wagon,Automatic,AWD,Premium,7.4,4,4,5,41990
Volkswagen,Amarok,2018,Ute/Pickup,Automatic,4WD,Diesel,8.9,6,4,5,49990
Volkswagen,Golf,2018,Wagon,Automatic,FRONT,Premium,5.6,4,4,5,24990
Volkswagen,Polo,2018,Hatchback,Automatic,FRONT,Premium,4.9,3,5,5,24888
Volkswagen,Golf,2018,Hatchback,Automatic,AWD,Premium,8,4,5,5,42888
Volkswagen,Golf,2018,Hatchback,Automatic,FRONT,Premium,5.4,4,5,5,32990
Volkswagen,Arteon,2018,Hatchback,Automatic,AWD,Premium,7.5,4,5,5,43990
Volkswagen,Golf,2018,Wagon,Automatic,FRONT,Premium,5.6,4,4,5,32990
Volkswagen,Amarok,2018,Ute/Pickup,Automatic,4WD,Diesel,7.8,6,4,5,41880
Volkswagen,Tiguan,2018,SUV,Automatic,AWD,Premium,7.5,4,4,5,29990
Volkswagen,Golf,2018,Hatchback,Automatic,FRONT,Premium,5.4,4,5,5,28999
Volkswagen,Tiguan,2018,SUV,Automatic,AWD,Premium,8.3,4,4,7,39990
Volkswagen,Golf,2018,Hatchback,Automatic,AWD,Premium,6.6,4,5,5,46880
Volkswagen,Polo,2018,Hatchback,Automatic,FRONT,Premium,5,3,5,5,22990
Volkswagen,Polo,2018,Hatchback,Automatic,FRONT,Premium,5,3,5,5,19990
Volkswagen,Multivan,2018,Wagon,Automatic,FRONT,Diesel,7.7,4,4,7,48940
Volkswagen,Tiguan,2018,SUV,Automatic,AWD,Premium,7.5,4,4,5,31888
Volkswagen,Tiguan,2018,SUV,Automatic,AWD,Premium,7.5,4,4,5,27490
Volkswagen,Polo,2018,Hatchback,Automatic,FRONT,Premium,5,3,5,5,19800
Volkswagen,Amarok,2018,Ute/Pickup,Automatic,4WD,Diesel,7.8,6,4,5,36990
Volkswagen,Tiguan,2018,SUV,Automatic,AWD,Premium,8.1,4,4,5,39888
Volkswagen,Golf,2018,Wagon,Automatic,AWD,Premium,8,4,4,5,41800
Volkswagen,Tiguan,2018,SUV,Automatic,AWD,Premium,8.1,4,4,5,41990
Volkswagen,Tiguan,2018,SUV,Automatic,AWD,Premium,8.1,4,4,5,38990
Volkswagen,Amarok,2018,Ute/Pickup,Automatic,4WD,Diesel,9,6,4,5,39912
Volkswagen,Transporter,2018,Ute/Pickup,Automatic,FRONT,Diesel,8.5,4,2,2,26800
Volkswagen,Amarok,2018,Ute/Pickup,Automatic,4WD,Diesel,7.8,6,4,5,37990
Volkswagen,Golf,2018,Hatchback,Automatic,FRONT,Premium,5.4,4,5,5,23990
Volkswagen,Golf,2018,Hatchback,Automatic,AWD,Premium,8,4,5,5,44950
Volkswagen,Multivan,2018,Wagon,Automatic,FRONT,Diesel,7.7,4,4,7,34990
Volkswagen,Tiguan,2018,SUV,Automatic,AWD,Diesel,6,4,4,7,38100
Volkswagen,Golf,2018,Hatchback,Automatic,OTHER,Unleaded,NA,NA,NA,NA,47490
Volkswagen,Tiguan,2018,SUV,Automatic,AWD,Premium,7.5,4,4,5,35830
Volkswagen,Tiguan,2018,SUV,Automatic,AWD,Diesel,6,4,4,7,49990
Volkswagen,Tiguan,2018,SUV,Automatic,AWD,Premium,7.5,4,4,5,33995
Volkswagen,Amarok,2018,Ute/Pickup,Automatic,4WD,Diesel,7.8,6,4,5,42990
Volkswagen,Amarok,2018,Ute/Pickup,Automatic,4WD,Diesel,7.8,6,4,5,36950
Volkswagen,Golf,2018,Wagon,Automatic,FRONT,Diesel,5,4,4,5,27999
Volkswagen,Golf,2018,Hatchback,Automatic,FRONT,Premium,5.4,4,5,5,26990
Volkswagen,Amarok,2018,Ute/Pickup,Automatic,4WD,Diesel,9,6,4,5,45830
Volkswagen,Passat,2018,Sedan,Automatic,FRONT,Premium,6,4,4,5,25888
Volkswagen,Golf,2018,Hatchback,Manual,FRONT,Premium,6.7,4,3,5,33990
Volkswagen,Golf,2018,Hatchback,Manual,FRONT,Premium,5.7,4,5,5,21990
Volkswagen,Passat,2018,SUV,Automatic,AWD,Diesel,5.4,4,4,5,35990
Volkswagen,Tiguan,2018,SUV,Automatic,FRONT,Premium,6.3,4,4,5,29890
Volkswagen,Tiguan,2018,SUV,Automatic,FRONT,Premium,6.6,4,4,7,33888
Volkswagen,Amarok,2018,Ute/Pickup,Automatic,4WD,Diesel,7.8,6,4,5,47990
Volkswagen,Polo,2018,Hatchback,Automatic,FRONT,Premium,6.1,4,5,5,24990
Volkswagen,Golf,2018,Hatchback,Automatic,FRONT,Premium,5.4,4,5,5,30995
Volkswagen,Tiguan,2018,SUV,Automatic,FRONT,Premium,6.3,4,4,5,28990
Volkswagen,Golf,2018,Hatchback,Automatic,FRONT,Premium,6.7,4,5,5,29980
Volkswagen,Golf,2018,Wagon,Automatic,FRONT,Diesel,5,4,4,5,29950
Volkswagen,Polo,2018,Hatchback,Automatic,FRONT,Premium,5,3,5,5,20850
Volkswagen,Tiguan,2018,SUV,Automatic,AWD,Premium,8.1,4,4,5,32322
Volkswagen,Golf,2018,Wagon,Automatic,AWD,Premium,8,4,4,5,43990
Volkswagen,Caddy,2018,Commercial,Automatic,FRONT,Premium,6,4,3,5,36950
Volkswagen,Golf,2018,Hatchback,Automatic,FRONT,Premium,6.7,4,5,5,39850
Volkswagen,Tiguan,2018,SUV,Automatic,AWD,Premium,8.3,4,4,7,40990
Volkswagen,Amarok,2018,Ute/Pickup,Automatic,4WD,Diesel,9,6,4,5,39900
Volkswagen,Tiguan,2018,SUV,Automatic,AWD,Premium,8.3,4,4,7,47995
Volkswagen,Tiguan,2018,SUV,Automatic,AWD,Diesel,6,4,4,7,45950
Volkswagen,Golf,2018,Hatchback,Automatic,FRONT,Premium,6.7,4,5,5,33990
Volkswagen,Passat,2018,SUV,Automatic,AWD,Diesel,5.6,4,4,5,34868
Volkswagen,Arteon,2018,Hatchback,Automatic,AWD,Premium,7.5,4,5,5,39532
Volkswagen,Golf,2018,Hatchback,Automatic,FRONT,Diesel,4.9,4,5,5,30990
Volkswagen,Amarok,2018,Ute/Pickup,Automatic,4WD,Diesel,7.8,6,4,5,38990
Volkswagen,Golf,2018,Hatchback,Automatic,FRONT,Premium,5.4,4,5,5,25990
Volkswagen,Tiguan,2018,SUV,Automatic,AWD,Premium,7.5,4,4,5,27990
Volkswagen,Multivan,2018,Wagon,Automatic,FRONT,Diesel,7.7,4,4,7,42990
Volkswagen,Tiguan,2018,SUV,Automatic,AWD,Premium,8.1,4,4,5,44990
Volkswagen,Golf,2018,Hatchback,Automatic,AWD,Premium,8,4,5,5,42990
Volkswagen,Tiguan,2018,SUV,Automatic,AWD,Diesel,5.9,4,4,5,33930
Volkswagen,Golf,2018,Hatchback,Automatic,FRONT,Diesel,4.9,4,5,5,34490
Volkswagen,Caddy,2018,Commercial,Automatic,FRONT,Premium,6,4,3,2,39885
Volkswagen,Tiguan,2018,SUV,Automatic,AWD,Diesel,5.9,4,4,5,44998
Volkswagen,Tiguan,2018,SUV,Automatic,AWD,Premium,8.1,4,4,5,42867
Volkswagen,Caravelle,2018,Wagon,Automatic,FRONT,Diesel,8.2,4,4,9,38971
Volkswagen,Golf,2018,Hatchback,Automatic,AWD,Premium,6.6,4,5,5,47990
Volkswagen,Polo,2018,Hatchback,Automatic,FRONT,Premium,6.1,4,5,5,31888
Volkswagen,Golf,2018,Hatchback,Automatic,FRONT,Premium,6.7,4,5,5,40982
Volkswagen,Tiguan,2018,SUV,Automatic,AWD,Diesel,5.9,4,4,5,33880
Volkswagen,Passat,2018,SUV,Automatic,AWD,Diesel,5.4,4,4,5,40789
Volkswagen,Passat,2018,Sedan,Automatic,FRONT,Premium,6,4,4,5,21990
Volkswagen,Amarok,2018,Ute/Pickup,Automatic,4WD,Diesel,9,6,4,5,44500
Volkswagen,Multivan,2018,Wagon,Automatic,AWD,Diesel,6.8,4,4,7,45998
Volkswagen,Polo,2019,Hatchback,Automatic,FRONT,Premium,4.9,3,5,5,21888
Volkswagen,Golf,2019,Hatchback,Automatic,FRONT,Premium,6.7,4,5,5,43880
Volkswagen,Caddy,2019,Commercial,Automatic,FRONT,Premium,6,4,3,2,32888
Volkswagen,Transporter,2019,Commercial,Automatic,FRONT,Diesel,8.1,4,2,5,39280
Volkswagen,Tiguan,2019,SUV,Automatic,AWD,Premium,8.1,4,4,5,37380
Volkswagen,Tiguan,2019,SUV,Automatic,AWD,Premium,8.1,4,4,5,43987
Volkswagen,Touareg,2019,SUV,Automatic,AWD,Diesel,7.4,6,4,5,68880
Volkswagen,Amarok,2019,Ute/Pickup,Automatic,4WD,Diesel,8.3,4,4,5,37990
Volkswagen,Golf,2019,Hatchback,Automatic,AWD,Premium,7.2,4,5,5,51990
Volkswagen,Tiguan,2019,SUV,Automatic,AWD,Premium,7.5,4,4,5,29999
Volkswagen,Tiguan,2019,SUV,Automatic,AWD,Premium,8.3,4,4,7,51999
Volkswagen,Golf,2019,Hatchback,Automatic,FRONT,Premium,5.4,4,5,5,31990
Volkswagen,Tiguan,2019,SUV,Automatic,AWD,Premium,8.3,4,4,7,48950
Volkswagen,Polo,2019,Hatchback,Automatic,FRONT,Premium,4.9,3,5,5,22990
Volkswagen,Passat,2019,Sedan,Automatic,FRONT,Premium,6,4,4,5,24888
Volkswagen,Golf,2019,Hatchback,Automatic,FRONT,Premium,6.7,4,5,5,39990
Volkswagen,Caddy,2019,Commercial,Automatic,FRONT,Premium,6,4,3,2,32990
Volkswagen,Amarok,2019,Ute/Pickup,Automatic,4WD,Diesel,8.9,6,4,5,64888
Volkswagen,Amarok,2019,Ute/Pickup,Manual,4WD,Diesel,9.7,6,4,5,49888
Volkswagen,Tiguan,2019,SUV,Automatic,AWD,Premium,7.5,4,4,5,36880
Volkswagen,Tiguan,2019,SUV,Automatic,AWD,Premium,8.1,4,4,5,44990
Volkswagen,Tiguan,2019,SUV,Automatic,AWD,Premium,7.5,4,4,5,28950
Volkswagen,Golf,2019,Hatchback,Automatic,FRONT,Premium,5.4,4,5,5,33888
Volkswagen,Polo,2019,Hatchback,Automatic,FRONT,Premium,5,3,5,5,19990
Volkswagen,Tiguan,2019,SUV,Automatic,AWD,Premium,8.1,4,4,5,42490
Volkswagen,Crafter,2019,Commercial,Automatic,FRONT,Diesel,NA,NA,NA,NA,54990
Volkswagen,Touareg,2019,SUV,Automatic,AWD,Diesel,7.4,6,4,5,78990
Volkswagen,Polo,2019,Hatchback,Manual,FRONT,Premium,5.1,3,5,5,19990
Volkswagen,Tiguan,2019,SUV,Automatic,AWD,Premium,7.5,4,4,5,31888
Volkswagen,Amarok,2019,Ute/Pickup,Automatic,4WD,Diesel,9,6,4,5,45990
Volkswagen,Tiguan,2019,SUV,Automatic,AWD,Premium,8.1,4,4,5,38990
Volkswagen,Golf,2019,Hatchback,Automatic,AWD,Premium,8,4,5,5,48990
Volkswagen,Tiguan,2019,SUV,Automatic,AWD,Premium,8.1,4,4,5,41990
Volkswagen,Golf,2019,Hatchback,Automatic,FRONT,Premium,5.4,4,5,5,29920
Volkswagen,Tiguan,2019,SUV,Automatic,AWD,Premium,7.5,4,4,5,32990
Volkswagen,Amarok,2019,Ute/Pickup,Automatic,4WD,Diesel,8.9,6,4,5,55990
Volkswagen,Golf,2019,Hatchback,Manual,FRONT,Premium,5.7,4,5,5,23410
Volkswagen,Tiguan,2019,SUV,Automatic,AWD,Premium,7.5,4,4,5,39990
Volkswagen,Polo,2019,Hatchback,Automatic,FRONT,Premium,6.1,4,5,5,33990
Volkswagen,Golf,2019,Hatchback,Automatic,FRONT,Premium,6.7,4,5,5,44990
Volkswagen,Tiguan,2019,SUV,Automatic,AWD,Premium,7.5,4,4,5,40700
Volkswagen,Amarok,2019,Ute/Pickup,Automatic,4WD,Diesel,9,6,4,5,51990
Volkswagen,Tiguan,2019,SUV,Automatic,AWD,Premium,7.5,4,4,5,37890
Volkswagen,Tiguan,2019,SUV,Automatic,AWD,Premium,8.1,4,4,5,47950
Volkswagen,Golf,2019,Hatchback,Automatic,FRONT,Premium,5.4,4,5,5,34995
Volkswagen,Golf,2019,Hatchback,Automatic,AWD,Premium,8,4,5,5,49964
Volkswagen,Tiguan,2019,SUV,Automatic,AWD,Premium,8.3,4,4,7,49888
Volkswagen,Polo,2019,Hatchback,Automatic,FRONT,Premium,4.9,3,5,5,22865
Volkswagen,Tiguan,2019,SUV,Automatic,AWD,Premium,8.1,4,4,5,44450
Volkswagen,Multivan,2019,Wagon,Automatic,FRONT,Diesel,7.7,4,4,7,42990
Volkswagen,Touareg,2019,SUV,Automatic,AWD,Diesel,7.4,6,4,5,71890
Volkswagen,Arteon,2019,Hatchback,Automatic,AWD,Premium,7.5,4,5,5,48600
Volkswagen,Caddy,2019,Commercial,Automatic,FRONT,Premium,6,4,3,2,27888
Volkswagen,Tiguan,2019,SUV,Automatic,AWD,Premium,7.9,4,4,7,36990
Volkswagen,Crafter,2019,Ute/Pickup,Automatic,FRONT,Diesel,NA,NA,NA,NA,53995
Volkswagen,Tiguan,2019,SUV,Automatic,AWD,Premium,7.5,4,4,5,45990
Volkswagen,Caddy,2019,Commercial,Automatic,FRONT,Diesel,5.3,4,3,2,27990
Volkswagen,Tiguan,2019,SUV,Automatic,AWD,Premium,7.5,4,4,5,37895
Volkswagen,Tiguan,2019,SUV,Automatic,AWD,Premium,8.3,4,4,7,50470
Volkswagen,Multivan,2019,Wagon,Automatic,FRONT,Diesel,7.7,4,4,7,67888
Volkswagen,Golf,2019,Hatchback,Automatic,AWD,Premium,8,4,5,5,51190
Volkswagen,Golf,2019,Hatchback,Automatic,AWD,Premium,8,4,5,5,45990
Volkswagen,Golf,2019,Hatchback,Automatic,AWD,Premium,7.2,4,5,5,53360
Volkswagen,Tiguan,2019,SUV,Automatic,AWD,Premium,8.3,4,4,7,48990
Volkswagen,Tiguan,2019,SUV,Automatic,AWD,Premium,8.1,4,4,5,43894
Volkswagen,Golf,2019,Wagon,Automatic,FRONT,Premium,5.6,4,4,5,29990
Volkswagen,Tiguan,2019,SUV,Automatic,AWD,Premium,8.1,4,4,5,46868
Volkswagen,Multivan,2019,Wagon,Automatic,FRONT,Diesel,7.7,4,4,7,66990
Volkswagen,Tiguan,2019,SUV,Automatic,AWD,Premium,7.5,4,4,5,33888
Volkswagen,Golf,2019,Hatchback,Automatic,FRONT,Premium,5.4,4,5,5,28977
Volkswagen,Tiguan,2019,SUV,Automatic,AWD,Premium,7.5,4,4,5,35770
Volkswagen,Tiguan,2019,SUV,Automatic,AWD,Premium,7.5,4,4,5,30558
Volkswagen,Tiguan,2019,SUV,Automatic,AWD,Premium,7.5,4,4,5,38599
Volkswagen,Arteon,2019,Hatchback,Automatic,AWD,Premium,7.5,4,5,5,43885
Volkswagen,Golf,2019,Wagon,Automatic,FRONT,Premium,5.6,4,4,5,35999
Volkswagen,Amarok,2019,Ute/Pickup,Automatic,4WD,Diesel,8.9,6,4,5,51888
Volkswagen,Tiguan,2019,SUV,Automatic,AWD,Premium,8.1,4,4,5,47300
Volkswagen,Polo,2020,Hatchback,Automatic,FRONT,Premium,5,3,5,5,21990
Volkswagen,Crafter,2020,Commercial,Automatic,FRONT,Diesel,0,4,2,3,49888
Volkswagen,Tiguan,2020,SUV,Automatic,AWD,Premium,8.1,4,4,5,49990
Volkswagen,Amarok,2020,Ute/Pickup,Automatic,4WD,Diesel,9,6,4,5,44990
Volkswagen,Golf,2020,Wagon,Automatic,FRONT,Premium,5.6,4,4,5,32990
Volkswagen,T-Roc,2020,SUV,Automatic,AWD,Premium,7.2,4,4,5,42990
Volkswagen,Golf,2020,Hatchback,Automatic,AWD,Premium,7.2,4,5,5,59800
Volkswagen,Golf,2020,Hatchback,Automatic,FRONT,Premium,5.4,4,5,5,28490
Volkswagen,Tiguan,2020,SUV,Automatic,AWD,Premium,8.1,4,4,5,52800
Volkswagen,Crafter,2020,Commercial,Automatic,FRONT,Diesel,NA,NA,NA,NA,49980
Volkswagen,Amarok,2020,Ute/Pickup,Automatic,4WD,Diesel,9,6,4,5,50888
Volkswagen,T-Cross,2020,SUV,Automatic,FRONT,Premium,5.4,3,4,5,24990
Volkswagen,Golf,2020,Hatchback,Automatic,AWD,Premium,7.2,4,5,5,52556
Volkswagen,Crafter,2020,Commercial,Automatic,OTHER,Diesel,NA,NA,NA,NA,54999
Volkswagen,Golf,2020,Hatchback,Automatic,AWD,Premium,7.2,4,5,5,48750
Volkswagen,Amarok,2020,Ute/Pickup,Manual,4WD,Diesel,9.7,6,4,5,37913
Volkswagen,Golf,2020,Hatchback,Automatic,FRONT,Premium,5.4,4,5,5,36990
Volkswagen,Tiguan,2020,SUV,Automatic,AWD,Premium,7.9,4,4,7,40999
Volkswagen,Amarok,2020,Ute/Pickup,Manual,4WD,Diesel,9.7,6,4,5,46981
Volkswagen,Tiguan,2020,SUV,Automatic,AWD,Premium,8.3,4,4,7,54888
Volkswagen,Golf,2020,Wagon,Automatic,AWD,Premium,7.3,4,4,5,50990
Volkswagen,Tiguan,2020,SUV,Automatic,AWD,Premium,8.1,4,4,5,50990
Volkswagen,T-Roc,2020,SUV,Automatic,AWD,Premium,7.2,4,4,5,43888
Volkswagen,Polo,2020,Hatchback,Manual,FRONT,Premium,4.8,3,5,5,24990
Volkswagen,Polo,2020,Hatchback,Manual,FRONT,Premium,5.6,3,5,5,19990
Volkswagen,Caddy,2020,Commercial,Automatic,FRONT,Premium,6,4,3,2,37450
Volkswagen,Passat,2020,Wagon,Automatic,FRONT,Premium,6.6,4,4,5,40996
Volkswagen,T-Roc,2020,SUV,Automatic,AWD,Premium,7.2,4,4,5,41990
Volkswagen,Tiguan,2020,SUV,Automatic,AWD,Premium,8.1,4,4,5,48563
Volkswagen,Golf,2020,Hatchback,Automatic,FRONT,Premium,5.4,4,5,5,37888
Volkswagen,Tiguan,2020,SUV,Automatic,AWD,Premium,8.1,4,4,5,44850
Volkswagen,Amarok,2020,Ute/Pickup,Automatic,4WD,Diesel,9.1,6,4,5,42990
Volkswagen,Golf,2020,Hatchback,Automatic,FRONT,Premium,7.5,4,5,5,48990
Volkswagen,Amarok,2020,Ute/Pickup,Automatic,4WD,Diesel,9,6,4,5,49990
Volkswagen,Golf,2020,Hatchback,Automatic,AWD,Premium,7.2,4,5,5,51990
Volkswagen,Polo,2020,Hatchback,Manual,FRONT,Premium,4.8,3,5,5,20881
Volkswagen,T-Cross,2020,SUV,Automatic,FRONT,Premium,5.4,3,4,5,29999
Volkswagen,T-Cross,2020,SUV,Automatic,FRONT,Premium,5.4,3,4,5,33990
Volkswagen,T-Cross,2020,SUV,Automatic,FRONT,Premium,5.4,3,4,5,26990
Volkswagen,Golf,2020,Hatchback,Automatic,FRONT,Premium,5.4,4,5,5,26990
Volkswagen,Amarok,2020,Ute/Pickup,Automatic,4WD,Diesel,9.5,6,4,5,59999
Volkswagen,Tiguan,2020,SUV,Automatic,AWD,Premium,8.1,4,4,5,45985
Volkswagen,Caddy,2020,Wagon,Automatic,FRONT,Premium,6,4,4,7,35900
Volkswagen,Amarok,2020,Ute/Pickup,Automatic,OTHER,Diesel,NA,NA,NA,NA,48490
Volkswagen,Golf,2020,Wagon,Automatic,FRONT,Premium,5.6,4,4,5,24999
Volkswagen,Tiguan,2020,SUV,Automatic,AWD,Premium,8.3,4,4,7,48888
Volkswagen,Tiguan,2021,SUV,Automatic,AWD,Premium,8.5,4,4,5,66888
Volkswagen,Tiguan,2021,SUV,Automatic,AWD,Premium,9,4,4,7,54800
Volkswagen,Polo,2021,Hatchback,Automatic,FRONT,Premium,5,3,5,5,21900
Volkswagen,Caddy,2021,Commercial,Automatic,FRONT,Diesel,4.9,4,2,2,47990
Volkswagen,Polo,2021,Hatchback,Manual,FRONT,Premium,5.1,3,5,5,24990
Volkswagen,T-Cross,2021,SUV,Automatic,FRONT,Premium,5.4,3,4,5,32880
Volkswagen,Polo,2021,Hatchback,Automatic,FRONT,Premium,5,3,5,5,23980
Volkswagen,Golf,2021,Hatchback,Automatic,FRONT,Premium,5.8,4,5,5,39990
Volkswagen,Tiguan,2021,SUV,Automatic,AWD,Premium,8.8,4,4,5,43888
Volkswagen,T-Cross,2021,SUV,Automatic,FRONT,Premium,5.4,3,4,5,28975
Volkswagen,Polo,2021,Hatchback,Automatic,FRONT,Premium,5,3,5,5,22750
Volkswagen,Golf,2021,Hatchback,Automatic,FRONT,Premium,7,4,5,5,52990
Volkswagen,Amarok,2021,Ute/Pickup,Automatic,4WD,Diesel,9.5,6,4,5,53888
Volkswagen,Polo,2021,Hatchback,Automatic,FRONT,Premium,5,3,5,5,22912
Volkswagen,Crafter,2021,Commercial,Automatic,FRONT,Diesel,NA,NA,NA,NA,69975
Volkswagen,Amarok,2021,Ute/Pickup,Automatic,4WD,Diesel,8.9,4,4,5,46950
Volkswagen,Golf,2021,Hatchback,Automatic,AWD,Premium,7.8,4,5,5,72998
Volkswagen,Amarok,2021,Ute/Pickup,Automatic,4WD,Diesel,9.5,6,4,5,62990
Volkswagen,T-Roc,2021,SUV,Automatic,FRONT,Premium,6.2,4,4,5,34990
Volkswagen,Golf,2021,Hatchback,Automatic,FRONT,Premium,7,4,5,5,49990
Volkswagen,T-Roc,2021,SUV,Automatic,AWD,Premium,7.2,4,4,5,38799
Volkswagen,Amarok,2021,Ute/Pickup,Automatic,4WD,Diesel,9.1,6,4,5,47990
Volkswagen,T-Roc,2021,SUV,Automatic,FRONT,Premium,6.2,4,4,5,39890
Volkswagen,Tiguan,2021,SUV,Automatic,FRONT,Premium,7.7,4,4,5,41900
Volkswagen,T-Cross,2021,SUV,Automatic,FRONT,Premium,5.4,3,4,5,29990
Volkswagen,Tiguan,2021,SUV,Automatic,FRONT,Premium,7.7,4,4,5,39990
Volkswagen,Tiguan,2021,SUV,Automatic,FRONT,Premium,7.7,4,4,5,38990
Volkswagen,Tiguan,2021,SUV,Automatic,FRONT,Premium,7.7,4,4,5,39233
Volkswagen,T-Roc,2021,Wagon,-,OTHER,-,NA,NA,NA,NA,42950
Volkswagen,T-Cross,2021,SUV,Automatic,FRONT,Premium,5.4,3,4,5,29900
Volkswagen,Golf,2021,Hatchback,Automatic,FRONT,Premium,5.8,4,5,5,36987
Volkswagen,Arteon,2021,Hatchback,Automatic,AWD,Premium,7.7,4,5,5,58990
Volkswagen,T-Cross,2021,SUV,Automatic,FRONT,Premium,5.4,3,4,5,29850
Volkswagen,Tiguan,2021,SUV,Automatic,AWD,Premium,8.5,4,4,5,58990
Volkswagen,Amarok,2021,Ute/Pickup,Automatic,4WD,Diesel,9.5,6,4,5,71995
Volkswagen,Tiguan,2021,SUV,Automatic,AWD,Diesel,6.4,4,4,7,47772
Volkswagen,Amarok,2021,Ute/Pickup,Automatic,4WD,Diesel,9.5,6,4,5,54990
Volkswagen,Transporter,2021,Commercial,Automatic,FRONT,Diesel,8.3,4,3,3,55888
Volkswagen,T-Cross,2021,SUV,Automatic,FRONT,Premium,5.4,3,4,5,31995
Volkswagen,Crafter,2021,Commercial,Automatic,REAR,Diesel,NA,NA,NA,NA,64980
Volkswagen,T-Roc,2021,SUV,Automatic,AWD,Premium,7.2,4,4,5,47950
Volkswagen,T-Cross,2021,SUV,Automatic,FRONT,Premium,5.4,3,4,5,28990
Volkswagen,Golf,2021,Hatchback,Automatic,FRONT,Premium,7,4,5,5,49490
Volkswagen,Tiguan,2021,SUV,Automatic,AWD,Premium,9,4,4,7,54990
Volkswagen,Golf,2021,Wagon,Automatic,FRONT,Premium,5.9,4,4,5,37990
Volkswagen,Polo,2021,Hatchback,Automatic,FRONT,Premium,6.1,4,5,5,35990
Volkswagen,T-Roc,2021,SUV,Automatic,AWD,Premium,7.2,4,4,5,45999
Volkswagen,Tiguan,2021,SUV,Automatic,FRONT,Premium,7.7,4,4,5,37990
Volkswagen,T-Cross,2022,SUV,Automatic,FRONT,Premium,5.4,3,4,5,39990
Volkswagen,T-Roc,2022,SUV,Automatic,AWD,Premium,7.3,4,4,5,53490
Volkswagen,Tiguan,2022,SUV,Automatic,AWD,Premium,7.7,4,4,5,44380
Volkswagen,Tiguan,2022,SUV,Automatic,AWD,Premium,8.8,4,4,5,84990
Volkswagen,Tiguan,2022,SUV,Automatic,AWD,Premium,8.5,4,4,5,59990
Volkswagen,Passat,2022,SUV,Automatic,AWD,Premium,8.1,4,4,5,61990
Volkswagen,Touareg,2022,SUV,Automatic,AWD,Diesel,6.8,6,4,5,98887
Volkswagen,Touareg,2022,SUV,Automatic,AWD,Diesel,6.8,6,4,5,109280
Volkswagen,T-Roc,2022,SUV,-,AWD,Premium,8.3,4,4,5,67074
Volkswagen,T-Cross,2022,SUV,Automatic,FRONT,Premium,5.4,3,4,5,41934
Volkswagen,Arteon,2022,Wagon,Automatic,FRONT,Premium,6.2,4,4,5,64888
Volkswagen,T-Cross,2022,SUV,Automatic,FRONT,Premium,5.4,3,4,5,38488
Volkswagen,Tiguan,2022,SUV,Automatic,FRONT,Premium,7.7,4,4,5,41990
Volkswagen,Arteon,2022,Wagon,Automatic,AWD,Premium,7.7,4,5,5,66880
Volkswagen,T-Cross,2022,SUV,Automatic,FRONT,Premium,5.4,3,4,5,33990
Volkswagen,Tiguan,2022,SUV,Automatic,AWD,Premium,8.9,4,4,7,47990
Volkswagen,Tiguan,2022,SUV,Automatic,FRONT,Premium,7.7,4,4,5,42990
Volkswagen,Passat,2022,Wagon,Automatic,AWD,Premium,8.1,4,4,5,68990
Volkswagen,Tiguan,2022,SUV,Automatic,FRONT,Premium,7.7,4,4,5,57990
Volkswagen,Tiguan,2022,SUV,Automatic,AWD,Premium,8.9,4,4,7,56990
Volkswagen,T-Roc,2022,SUV,Automatic,AWD,Premium,7.3,4,4,5,52490
Volkswagen,Tiguan,2022,SUV,Automatic,AWD,Premium,8.5,4,4,5,57990
Volkswagen,T-Roc,2022,SUV,-,AWD,Premium,8.3,4,4,5,58990
Volkswagen,T-Roc,2022,SUV,Automatic,AWD,Premium,7.3,4,4,5,53990
Volkswagen,T-Roc,2022,SUV,Automatic,AWD,Premium,7.3,4,4,5,55990
Volkswagen,Multivan,2022,Wagon,Automatic,FRONT,Diesel,6.6,4,4,7,81888
Volkswagen,Multivan,2022,Wagon,Automatic,FRONT,Diesel,6.6,4,4,7,86888
Volkswagen,Golf,2022,Hatchback,Automatic,AWD,Premium,7.8,4,5,5,74888
Volkswagen,Tiguan,2022,SUV,Automatic,AWD,Premium,8.9,4,4,7,51990
Volkswagen,Passat,2022,Sedan,Automatic,FRONT,Premium,6.9,4,4,5,46880
Volkswagen,T-Roc,2022,SUV,Automatic,AWD,Premium,7.3,4,4,5,57990
Volkswagen,Passat,2022,Wagon,Automatic,AWD,Premium,8.1,4,4,5,68490
Volkswagen,T-Roc,2022,SUV,-,AWD,Premium,8.3,4,4,5,60990
Volkswagen,Touareg,2022,SUV,Automatic,AWD,Diesel,6.8,6,4,5,88888
Volkswagen,T-Roc,2022,SUV,Automatic,AWD,Premium,7.3,4,4,5,59650
Volkswagen,Arteon,2022,Wagon,Automatic,AWD,Premium,7.5,4,5,5,68880
Volkswagen,Tiguan,2022,SUV,Automatic,AWD,Premium,8.8,4,4,5,82450
Volkswagen,T-Roc,2022,SUV,Automatic,AWD,Premium,7.3,4,4,5,53842
Volkswagen,Touareg,2022,SUV,Automatic,AWD,Diesel,6.8,6,4,5,88990
Volkswagen,Tiguan,2022,SUV,Automatic,AWD,Premium,7.7,4,4,5,54990
Volkswagen,T-Cross,2022,SUV,Automatic,FRONT,Premium,5.4,3,4,5,34990
Volkswagen,T-Roc,2022,SUV,-,AWD,Premium,8.3,4,4,5,62990
Volkswagen,T-Roc,2022,SUV,Automatic,AWD,Premium,7.3,4,4,5,57490
Volkswagen,Touareg,2022,SUV,Automatic,AWD,Diesel,6.8,6,4,5,145044
Volkswagen,Golf,2022,Wagon,Automatic,FRONT,Premium,5.9,4,4,5,42990
Volkswagen,Arteon,2022,Hatchback,Automatic,FRONT,Premium,5.8,4,5,5,73879
Volkswagen,Tiguan,2022,SUV,Automatic,AWD,Premium,8.6,4,4,7,55990
Volkswagen,Touareg,2022,SUV,Automatic,AWD,Diesel,6.8,6,4,5,123488
Volkswagen,Arteon,2022,Hatchback,Automatic,AWD,Premium,7.7,4,5,5,67888
Volkswagen,Amarok,2022,Ute/Pickup,Automatic,4WD,Diesel,9.5,6,4,5,81888
Volkswagen,T-Roc,2022,SUV,Automatic,AWD,Premium,7.3,4,4,5,52488
Volkswagen,T-Roc,2022,SUV,Automatic,AWD,Premium,7.3,4,4,5,51990
Volkswagen,Tiguan,2022,Wagon,Automatic,FRONT,Premium,NA,NA,NA,NA,46888
Volkswagen,Tiguan,2022,SUV,Automatic,AWD,Premium,8.8,4,4,5,72888
Volkswagen,T-Roc,2022,SUV,Automatic,AWD,Premium,7.3,4,4,5,56490
Volkswagen,Tiguan,2022,SUV,Automatic,AWD,Premium,8.9,4,4,7,56690
Volkswagen,Tiguan,2022,SUV,Automatic,AWD,Premium,8.9,4,4,7,51690
Volkswagen,T-Cross,2022,SUV,Automatic,FRONT,Premium,5.4,3,4,5,30999
Volkswagen,T-Roc,2022,SUV,Automatic,OTHER,Unleaded,NA,NA,NA,NA,59235
Volkswagen,T-Cross,2022,SUV,Automatic,FRONT,Premium,5.4,3,4,5,40850
Volkswagen,Tiguan,2022,SUV,Automatic,AWD,Premium,7.7,4,4,5,49990
Volkswagen,Tiguan,2022,SUV,Automatic,AWD,Diesel,6.1,4,4,5,61490
Volkswagen,Tiguan,2022,SUV,Automatic,AWD,Premium,8.9,4,4,7,57490
Volkswagen,Tiguan,2022,SUV,Automatic,FRONT,Premium,7.7,4,4,7,56858
Volkswagen,T-Cross,2022,SUV,Automatic,FRONT,Premium,5.4,3,4,5,35989
Volkswagen,Arteon,2022,Wagon,Automatic,FRONT,Premium,6.2,4,4,5,69990
Volkswagen,T-Roc,2022,SUV,Automatic,AWD,Premium,7.3,4,4,5,57150
Volkswagen,T-Roc,2022,SUV,Automatic,AWD,Premium,7.3,4,4,5,53366
Volkswagen,T-Cross,2022,SUV,Automatic,FRONT,Premium,5.4,3,4,5,37500
Volkswagen,Multivan,2022,Wagon,Automatic,FRONT,Diesel,6.6,4,4,7,79000
Volkswagen,Arteon,2022,Hatchback,Automatic,AWD,Premium,7.7,4,5,5,83157
Volkswagen,Amarok,2022,Ute/Pickup,Automatic,4WD,Diesel,9.5,6,4,5,78690
Volkswagen,T-Cross,2022,SUV,Automatic,FRONT,Premium,5.4,3,4,5,31750
Volkswagen,Golf,2022,Hatchback,Automatic,FRONT,Premium,7,4,5,5,53990
Volkswagen,T-Roc,2022,Wagon,Automatic,OTHER,Unleaded,NA,NA,NA,NA,44990
Volkswagen,Tiguan,2022,SUV,Automatic,AWD,Diesel,6.1,4,4,5,62814
Volkswagen,Tiguan,2022,SUV,Automatic,AWD,Premium,8.6,4,4,7,62109
Volkswagen,Multivan,2022,Wagon,Automatic,FRONT,Diesel,6.6,4,4,7,79990
Volkswagen,Tiguan,2022,Wagon,Automatic,FRONT,Premium,NA,NA,NA,NA,42850
Volkswagen,Crafter,2022,Commercial,Automatic,FRONT,Diesel,NA,NA,NA,NA,71888
Volkswagen,Passat,2022,Sedan,Automatic,FRONT,Premium,6.9,4,4,5,58888
Volkswagen,T-Roc,2022,SUV,Automatic,AWD,Premium,7.3,4,4,5,53222
Volkswagen,T-Roc,2022,SUV,Automatic,AWD,Premium,7.3,4,4,5,56857
Volkswagen,Multivan,2022,Wagon,Automatic,FRONT,Diesel,6.6,4,4,7,80990
Volkswagen,Amarok,2022,Ute/Pickup,Automatic,OTHER,Diesel,NA,NA,NA,NA,48547
Volkswagen,Golf,2022,Hatchback,Automatic,FRONT,Premium,5.8,4,5,5,43990
Volkswagen,Touareg,2022,SUV,Automatic,AWD,Diesel,6.8,6,4,5,122990
Volkswagen,Arteon,2022,Wagon,Automatic,AWD,Premium,7.5,4,5,5,79990
Volkswagen,T-Roc,2022,SUV,Automatic,AWD,Premium,7.3,4,4,5,48990
Volkswagen,Arteon,2022,Wagon,Automatic,AWD,Premium,7.7,4,5,5,65890
Volkswagen,Tiguan,2022,SUV,Automatic,AWD,Premium,7.7,4,4,5,49890
Volkswagen,Tiguan,2022,SUV,Automatic,FRONT,Premium,7.7,4,4,5,40990
Volkswagen,Tiguan,2022,SUV,Automatic,AWD,Premium,8.5,4,4,5,74990
Volkswagen,T-Roc,2022,SUV,Automatic,AWD,Premium,7.3,4,4,5,54990
Volkswagen,T-Cross,2022,SUV,Automatic,FRONT,Premium,5.4,3,4,5,36834
Volkswagen,Tiguan,2022,SUV,Automatic,FRONT,Premium,7.7,4,4,7,51490
Volkswagen,Multivan,2022,Wagon,Automatic,FRONT,Diesel,6.6,4,4,7,95990
Volkswagen,Amarok,2022,Ute/Pickup,Automatic,4WD,Diesel,9.5,6,4,5,107990
Volkswagen,Passat,2022,Wagon,Automatic,AWD,Premium,8.1,4,4,5,69990
Volkswagen,Arteon,2022,Hatchback,Automatic,FRONT,Premium,5.8,4,5,5,59990
Volkswagen,T-Cross,2022,Wagon,Automatic,OTHER,Unleaded,NA,NA,NA,NA,36545
Volkswagen,Amarok,2022,Ute/Pickup,Automatic,OTHER,Diesel,NA,NA,NA,NA,91000
Volkswagen,T-Roc,2022,SUV,Automatic,AWD,Premium,7.2,4,4,5,54380
Volkswagen,Golf,2022,Wagon,Automatic,FRONT,Premium,5.9,4,4,5,46620
Volkswagen,Touareg,2022,SUV,Automatic,AWD,Diesel,6.8,6,4,5,91888
Volkswagen,Tiguan,2022,SUV,Automatic,AWD,Diesel,6.1,4,4,5,65774
Volkswagen,Arteon,2022,Hatchback,Automatic,AWD,Premium,7.4,4,5,5,80858
Volkswagen,Touareg,2022,SUV,Automatic,AWD,Diesel,6.8,6,4,5,123888
Volkswagen,T-Cross,2022,SUV,Automatic,FRONT,Premium,5.4,3,4,5,38874
Volkswagen,Crafter,2022,Ute/Pickup,Automatic,REAR,Diesel,NA,NA,NA,NA,87990
Volkswagen,Golf,2022,Hatchback,Automatic,FRONT,Premium,7,4,5,5,57903
Volkswagen,Touareg,2022,SUV,Automatic,AWD,Diesel,6.8,6,4,5,123500
Volkswagen,Amarok,2023,Ute/Pickup,Automatic,AWD,Diesel,8.4,6,4,5,83887
Volkswagen,T-Cross,2023,Wagon,Automatic,FRONT,Premium,NA,NA,NA,NA,35887
Volkswagen,Tiguan,2023,SUV,Automatic,AWD,Premium,8.9,4,4,7,56887
Volkswagen,Polo,2023,Hatchback,Automatic,FRONT,Premium,5.4,3,5,5,37990
Volkswagen,T-Roc,2023,Wagon,Automatic,OTHER,Premium,NA,NA,NA,NA,66250
Volkswagen,Polo,2023,Hatchback,Automatic,FRONT,Premium,6.5,4,5,5,45990
Volkswagen,Golf,2023,Hatchback,Automatic,FRONT,Premium,NA,NA,NA,NA,47887
Volkswagen,T-Roc,2023,Wagon,Automatic,OTHER,Premium,NA,NA,NA,NA,64990
Volkswagen,Golf,2023,Hatchback,Automatic,FRONT,Premium,NA,NA,NA,NA,48787
Volkswagen,Golf,2023,Hatchback,Automatic,FRONT,Premium,NA,NA,NA,NA,70887
Volkswagen,T-Roc,2023,SUV,Automatic,AWD,Premium,7.3,4,4,5,59650
Volkswagen,Tiguan,2023,SUV,Automatic,AWD,Premium,8.6,4,4,7,62990
Volkswagen,Passat,2023,Wagon,Automatic,AWD,Premium,8.1,4,4,5,74443
Volkswagen,Tiguan,2023,SUV,Automatic,AWD,Premium,8.6,4,4,7,62662
Volkswagen,Passat,2023,Wagon,Automatic,AWD,Premium,8.1,4,4,5,71138
Volkswagen,T-Roc,2023,SUV,Automatic,AWD,Premium,7.3,4,4,5,54050
Volkswagen,Passat,2023,SUV,Automatic,AWD,Premium,8.1,4,4,5,54990
Volkswagen,T-Roc,2023,SUV,Automatic,FRONT,Premium,6.3,4,4,5,40771
Volkswagen,Tiguan,2023,SUV,Automatic,AWD,Premium,8.6,4,4,7,61662
Volkswagen,Tiguan,2023,SUV,Automatic,AWD,Premium,8.8,4,4,5,85990
Volkswagen,Passat,2023,Wagon,Automatic,AWD,Premium,8.1,4,4,5,75990
Volkswagen,Passat,2023,SUV,Automatic,AWD,Premium,8.1,4,4,5,60880
Volkswagen,Caddy,2023,Commercial,Manual,FRONT,Diesel,4.9,4,2,2,46887
Volkswagen,Tiguan,2023,Wagon,Automatic,OTHER,Premium,NA,NA,NA,NA,54990
Volkswagen,Golf,2023,Hatchback,Automatic,FRONT,Premium,NA,NA,NA,NA,53887
Volkswagen,T-Roc,2023,SUV,Automatic,AWD,Premium,7.3,4,4,5,58915
Volkswagen,T-Cross,2023,Wagon,Automatic,FRONT,Premium,NA,NA,NA,NA,35990
Volkswagen,T-Cross,2023,Wagon,Automatic,FRONT,Premium,NA,NA,NA,NA,36990
Volkswagen,Passat,2023,SUV,Automatic,AWD,Premium,8.1,4,4,5,74990
Volkswagen,T-Cross,2023,SUV,Automatic,FRONT,Premium,5.4,3,4,5,42990
Volkswagen,Passat,2023,Wagon,Automatic,AWD,Premium,8.1,4,4,5,74990
Volkswagen,T-Roc,2023,Wagon,Automatic,OTHER,Premium,NA,NA,NA,NA,68490
Volkswagen,Tiguan,2023,Wagon,Automatic,OTHER,Premium,NA,NA,NA,NA,62507
Volkswagen,Crafter,2023,Commercial,Automatic,REAR,Diesel,NA,NA,NA,NA,83888
Volkswagen,Transporter,2023,Commercial,Automatic,FRONT,Diesel,8.3,4,4,5,73888
Volkswagen,Amarok,2023,Ute/Pickup,Manual,AWD,Diesel,7.1,4,4,5,55990
Volkswagen,Multivan,2023,Wagon,Automatic,FRONT,Diesel,6.6,4,4,7,79990
Volkswagen,Tiguan,2023,Wagon,Automatic,FRONT,Premium,NA,NA,NA,NA,55990
Volkswagen,T-Cross,2023,SUV,Automatic,FRONT,Premium,5.4,3,4,5,31890
Volkswagen,Tiguan,2023,SUV,Automatic,AWD,Premium,8.6,4,4,7,79887
Volkswagen,T-Cross,2023,SUV,Automatic,FRONT,Premium,5.4,3,4,5,41550
Volkswagen,Golf,2023,Hatchback,Automatic,FRONT,Premium,7,4,5,5,62990
Volkswagen,T-Roc,2023,Wagon,-,OTHER,-,NA,NA,NA,NA,48990
Volkswagen,T-Roc,2023,Wagon,Automatic,OTHER,Premium,NA,NA,NA,NA,69190
Volkswagen,Tiguan,2023,SUV,Automatic,AWD,Premium,8.6,4,4,7,61490
Volkswagen,T-Cross,2023,SUV,Automatic,FRONT,Premium,5.4,3,4,5,38887
Volkswagen,T-Roc,2023,Wagon,Automatic,OTHER,Premium,NA,NA,NA,NA,60887
Volkswagen,Multivan,2023,Wagon,Automatic,FRONT,Diesel,6.6,4,4,7,102887
Volkswagen,Tiguan,2023,Wagon,Automatic,OTHER,Premium,NA,NA,NA,NA,92990
Volkswagen,Amarok,2023,Ute/Pickup,Automatic,AWD,Diesel,8.4,6,4,5,78990
Volkswagen,T-Roc,2023,Wagon,-,OTHER,-,NA,NA,NA,NA,47990
Volkswagen,Amarok,2023,Ute/Pickup,Automatic,OTHER,Diesel,NA,NA,NA,NA,59204
Volkswagen,T-Cross,2023,Wagon,Automatic,FRONT,Premium,NA,NA,NA,NA,34990
Volkswagen,Tiguan,2023,Wagon,Automatic,OTHER,Premium,NA,NA,NA,NA,85880
Volkswagen,Touareg,2023,Wagon,Automatic,OTHER,Diesel,NA,NA,NA,NA,135066
Volkswagen,Amarok,2023,Ute/Pickup,Automatic,AWD,Diesel,8.4,6,4,5,90000
Volkswagen,Amarok,2023,Ute/Pickup,Automatic,AWD,Diesel,7.2,4,4,5,65100
Volkswagen,Polo,2023,Hatchback,Automatic,FRONT,Premium,5.4,3,5,5,34550
Volkswagen,T-Roc,2023,Wagon,Automatic,OTHER,Premium,NA,NA,NA,NA,61990
Volkswagen,Tiguan,2023,SUV,Automatic,AWD,Premium,8.6,4,4,7,57790
Volkswagen,Tiguan,2023,SUV,Automatic,FRONT,Premium,7.7,4,4,7,52888
Volkswagen,Caddy,2023,Commercial,Manual,FRONT,Diesel,4.9,4,2,2,40990
Volkswagen,California,2023,Wagon,Automatic,AWD,Diesel,7.8,4,3,5,100990
Volkswagen,Transporter,2023,Commercial,Automatic,AWD,Diesel,8,4,3,3,60790
Volkswagen,Caddy,2023,Commercial,Automatic,FRONT,Premium,6.2,4,2,2,39990
Volkswagen,Passat,2023,SUV,Automatic,AWD,Premium,8.1,4,4,5,50790
Volkswagen,Golf,2023,Wagon,Automatic,FRONT,Premium,5.9,4,4,5,36890
Volkswagen,Crafter,2023,Commercial,Automatic,FRONT,Diesel,0,4,2,3,65280
Volkswagen,Crafter,2023,Commercial,Automatic,AWD,Diesel,0,4,2,3,69290
Volkswagen,Crafter,2023,Ute/Pickup,Automatic,REAR,Diesel,0,4,2,3,65590
Volkswagen,Crafter,2023,Ute/Pickup,Automatic,FRONT,Diesel,0,4,4,3,64080
Volkswagen,Caddy,2023,Commercial,Automatic,FRONT,Diesel,4.9,4,2,2,43990
Volkswagen,Transporter,2023,Commercial,Automatic,AWD,Diesel,8.3,4,4,5,62690
Volkswagen,Caddy,2023,Wagon,Automatic,FRONT,Diesel,4.9,4,4,7,52640
Volkswagen,Caddy,2023,Wagon,Automatic,FRONT,Premium,6.2,4,4,7,57690
Volkswagen,Amarok,2023,Ute/Pickup,Automatic,AWD,Diesel,7.2,4,4,5,56990
Volkswagen,Golf,2023,Hatchback,Automatic,AWD,Premium,7.8,4,5,5,66990
Volkswagen,Tiguan,2023,SUV,Automatic,AWD,Diesel,6.2,4,4,7,58290
Volkswagen,Crafter,2023,Ute/Pickup,Automatic,AWD,Diesel,0,4,2,3,80790
Volkswagen,Crafter,2023,Ute/Pickup,Automatic,FRONT,Diesel,0,4,2,3,73290
Volkswagen,Crafter,2023,Ute/Pickup,Automatic,FRONT,Diesel,0,4,2,3,57580
Volkswagen,Crafter,2023,Commercial,Manual,AWD,Diesel,0,4,2,3,64790
Volkswagen,Crafter,2023,Ute/Pickup,Automatic,REAR,Diesel,0,4,2,3,68590
Volkswagen,Crafter,2023,Commercial,Automatic,REAR,Diesel,0,4,2,3,74790
Volkswagen,Golf,2023,Wagon,Automatic,FRONT,Premium,NA,NA,NA,NA,45887
Volkswagen,Arteon,2023,Hatchback,Automatic,FRONT,Premium,5.8,4,5,5,65990
Volkswagen,Tiguan,2023,SUV,Automatic,AWD,Premium,8.5,4,4,5,64990
Volkswagen,T-Cross,2023,SUV,Automatic,FRONT,Premium,5.4,3,4,5,34990
Volkswagen,Passat,2023,Wagon,Automatic,FRONT,Premium,7.2,4,4,5,59990
Volkswagen,T-Cross,2023,SUV,Automatic,OTHER,Unleaded,NA,NA,NA,NA,33600
Volkswagen,Tiguan,2023,SUV,Automatic,AWD,Premium,8.6,4,4,7,61166
Volvo,Xc60,2014,SUV,Automatic,FRONT,Premium,7,4,4,5,23989
Volvo,S60,2014,Sedan,Automatic,FRONT,Premium,7.4,4,4,5,13990
Volvo,V40,2014,Hatchback,Automatic,AWD,Premium,8.4,5,5,5,21360
Volvo,Xc60,2014,SUV,Automatic,FRONT,Premium,7,4,4,5,19888
Volvo,Xc90,2014,SUV,Automatic,AWD,Premium,11.5,6,4,7,20913
Volvo,Xc90,2014,SUV,Automatic,AWD,Diesel,9.6,5,4,7,16800
Volvo,Xc90,2014,SUV,Automatic,AWD,Diesel,9.6,5,4,7,17800
Volvo,Xc60,2014,SUV,Automatic,AWD,Diesel,6.9,5,4,5,23990
Volvo,Xc90,2014,SUV,Automatic,AWD,Diesel,9.6,5,4,7,12499
Volvo,Xc60,2015,SUV,Automatic,AWD,Diesel,6.9,5,4,5,28800
Volvo,V40,2015,Hatchback,Automatic,FRONT,Diesel,4.5,4,5,5,13950
Volvo,V40,2015,Hatchback,Automatic,AWD,Diesel,4.5,4,5,5,27990
Volvo,Xc90,2015,SUV,Automatic,AWD,Diesel,6.2,4,4,7,34999
Volvo,Xc60,2015,SUV,Automatic,AWD,Diesel,6.9,5,4,5,22913
Volvo,Xc60,2015,SUV,Automatic,AWD,Diesel,6.3,5,4,5,17800
Volvo,Xc60,2015,SUV,Automatic,AWD,Diesel,4.9,4,4,5,25987
Volvo,Xc60,2015,SUV,Automatic,FRONT,Premium,7,4,4,5,25950
Volvo,Xc90,2015,SUV,Automatic,AWD,Premium,8.5,4,4,7,39990
Volvo,Xc,2016,Wagon,Automatic,OTHER,Diesel,NA,NA,NA,NA,33990
Volvo,Xc60,2016,SUV,Automatic,FRONT,Premium,7,4,4,5,31690
Volvo,Xc60,2016,SUV,Automatic,AWD,Premium,8.1,4,4,5,35950
Volvo,Xc90,2016,SUV,Automatic,AWD,Diesel,6.2,4,4,7,47990
Volvo,Xc90,2016,SUV,Automatic,AWD,Premium,8.5,4,4,7,52950
Volvo,Xc60,2017,SUV,Automatic,AWD,Premium,8.1,4,4,5,18950
Volvo,Xc90,2017,SUV,Automatic,AWD,Diesel,5.9,4,4,7,54990
Volvo,Xc60,2017,SUV,Automatic,AWD,Diesel,6.9,5,4,5,33777
Volvo,S60,2017,Sedan,Automatic,FRONT,Premium,6.4,4,4,5,26890
Volvo,Xc60,2017,SUV,Automatic,AWD,Premium,7.9,4,4,5,31882
Volvo,V40,2017,Hatchback,Automatic,FRONT,Premium,5.6,4,5,5,25999
Volvo,Xc60,2017,SUV,Automatic,AWD,Diesel,5.6,4,4,5,51888
Volvo,Xc60,2018,SUV,Automatic,AWD,Premium,7.8,4,4,5,43990
Volvo,Xc60,2018,SUV,Automatic,AWD,Diesel,5.4,4,4,5,40888
Volvo,Xc90,2018,SUV,Automatic,AWD,Diesel,5.9,4,4,7,55000
Volvo,Xc60,2019,SUV,Automatic,AWD,Diesel,5.6,4,4,5,64990
Volvo,Xc40,2019,SUV,Automatic,AWD,Premium,7.4,4,4,5,42990
Volvo,Xc90,2019,SUV,Automatic,AWD,Diesel,5.9,4,4,7,49900
Volvo,Xc40,2019,SUV,Automatic,AWD,Premium,7.4,4,4,5,36990
Volvo,Xc60,2019,SUV,Automatic,AWD,Premium,7.8,4,4,5,57700
Volvo,Xc60,2019,SUV,Automatic,AWD,Premium,7.8,4,4,5,47980
Volvo,Xc40,2019,SUV,Automatic,AWD,Premium,7.4,4,4,5,41990
Volvo,Xc40,2019,SUV,Automatic,AWD,Premium,7.4,4,4,5,46990
Volvo,Xc40,2019,SUV,Automatic,AWD,Premium,7.7,5,4,5,41999
Volvo,Xc40,2019,SUV,Automatic,FRONT,Premium,7.2,4,4,5,41990
Volvo,Xc60,2019,SUV,Automatic,AWD,Diesel,5.4,4,4,5,47888
Volvo,Xc40,2020,SUV,Automatic,AWD,Premium,8,4,4,5,44997
Volvo,S60,2020,Sedan,Automatic,AWD,Premium,7.3,4,4,5,44990
Volvo,S60,2020,Sedan,Automatic,AWD,Premium,7.3,4,4,5,49990
Volvo,Xc40,2021,SUV,Automatic,AWD,Premium,7.7,4,4,5,59800
Volvo,Xc60,2022,SUV,Automatic,AWD,Premium,8,4,4,5,99990
Volvo,Xc60,2022,SUV,Automatic,AWD,Premium,7.6,4,4,5,69990
Volvo,Xc40,2022,SUV,Automatic,AWD,Premium,7.1,4,4,5,64990
Volvo,Xc40,2022,SUV,Automatic,AWD,Electric,0,0,4,5,79990
Volvo,Xc40,2022,SUV,Automatic,FRONT,Premium,7.9,4,4,5,51990
Volvo,Xc40,2022,SUV,Automatic,AWD,Premium,7.1,4,4,5,61990
Volvo,Xc40,2022,SUV,Automatic,AWD,Premium,7.1,4,4,5,65990
Volvo,Xc40,2022,SUV,Automatic,AWD,Premium,7.2,4,4,5,67990
Volvo,Xc40,2022,SUV,Automatic,AWD,Premium,7.1,4,4,5,61490
Volvo,Xc60,2022,SUV,Automatic,AWD,Premium,8,4,4,5,81990
Volvo,Xc60,2022,SUV,Automatic,AWD,Premium,7.6,4,4,5,88990
Volvo,Xc40,2022,SUV,Automatic,AWD,Premium,7.2,4,4,5,70990
Volvo,Xc90,2022,SUV,Automatic,AWD,Premium,8.2,4,4,7,124990
Volvo,Xc40,2022,SUV,Automatic,FRONT,Premium,6.9,4,4,5,59990
Volvo,Xc90,2022,SUV,Automatic,AWD,Premium,8.2,4,4,7,119990
Volvo,Xc40,2022,SUV,Automatic,AWD,Premium,8,4,4,5,55990
Volvo,Xc60,2022,SUV,Automatic,AWD,Premium,7.6,4,4,5,97990
Volvo,Xc60,2022,SUV,Automatic,AWD,Premium,7.6,4,4,5,94990
Volvo,C40,2022,SUV,Automatic,FRONT,Electric,0,0,4,5,79990
Volvo,Xc60,2022,SUV,Automatic,AWD,Hybrid,7.6,4,4,5,68990
Volvo,Xc40,2022,SUV,Automatic,AWD,Premium,7.1,4,4,5,73411
Volvo,Xc60,2022,SUV,Automatic,AWD,Hybrid,8,4,4,5,84990
Volvo,Xc60,2022,SUV,Automatic,AWD,Hybrid,7.6,4,4,5,69900
Volvo,Xc60,2022,SUV,Automatic,AWD,Premium,7.6,4,4,5,79990
Volvo,C40,2022,Wagon,-,OTHER,Electric,NA,NA,NA,NA,77000
Volvo,Xc60,2022,SUV,Automatic,AWD,Premium,7.6,4,4,5,81893
Volvo,S60,2022,Sedan,Automatic,AWD,Premium,7.2,4,4,5,79773
Volvo,Xc60,2022,SUV,Automatic,AWD,Premium,7.6,4,4,5,86681
Volvo,Xc60,2022,SUV,Automatic,AWD,Premium,8,4,4,5,89990
Volvo,S60,2023,NA,Automatic,OTHER,Premium,NA,NA,NA,NA,68990
Volvo,Xc,2023,SUV,Automatic,OTHER,Premium,NA,NA,NA,NA,89990
Volvo,Xc,2023,SUV,Automatic,OTHER,Premium,NA,NA,NA,NA,139990
Volvo,Xc,2023,SUV,Automatic,OTHER,Premium,NA,NA,NA,NA,71990
Volvo,Xc,2023,SUV,Automatic,OTHER,Premium,NA,NA,NA,NA,74990
Volvo,Xc,2023,Wagon,Automatic,OTHER,Premium,NA,NA,NA,NA,116990
Volvo,Xc40,2023,SUV,Automatic,FRONT,Electric,0,0,4,5,73990
Volvo,C40,2023,SUV,Automatic,FRONT,Electric,0,0,4,5,75990
Volvo,Xc60,2023,SUV,Automatic,AWD,Hybrid,1.6,4,4,5,101990
Volvo,Xc,2023,Wagon,-,OTHER,Unleaded,NA,NA,NA,NA,65930
Volvo,Xc,2023,Wagon,-,OTHER,Unleaded,NA,NA,NA,NA,78990
Volvo,Xc60,2023,SUV,Automatic,AWD,Premium,7.6,4,4,5,102900
Volvo,Xc,2023,Wagon,Automatic,FRONT,Premium,NA,NA,NA,NA,62970
Volvo,Xc,2023,Wagon,Automatic,OTHER,Premium,NA,NA,NA,NA,75837
Volvo,Xc,2023,Wagon,Automatic,OTHER,Premium,NA,NA,NA,NA,70951
