year,bodytype_std,price
2014.0,Convertible,21888.0
2014.0,Convertible,55790.0
2014.0,Convertible,16475.0
2014.0,Coupe,25696.0
2014.0,Coupe,25696.0
2014.0,Coupe,79800.0
2014.0,Coupe,24800.0
2014.0,Coupe,29421.0
2014.0,Coupe,28990.0
2014.0,Coupe,19990.0
2014.0,Coupe,35825.0
2014.0,Coupe,22449.0
2014.0,Coupe,31990.0
2014.0,Coupe,22655.0
2014.0,Coupe,20394.0
2014.0,Coupe,37992.0
2014.0,Coupe,64990.0
2014.0,Coupe,19990.0
2014.0,Coupe,21399.0
2014.0,Coupe,23536.0
2014.0,Coupe,27800.0
2014.0,Coupe,21987.0
2014.0,Hatchback,19490.0
2014.0,Hatchback,19490.0
2014.0,Hatchback,17500.0
2014.0,Hatchback,17500.0
2014.0,Hatchback,15440.0
2014.0,Hatchback,13990.0
2014.0,Hatchback,14289.0
2014.0,Hatchback,9553.0
2014.0,Hatchback,16470.0
2014.0,Hatchback,16988.0
2014.0,Hatchback,22490.0
2014.0,Hatchback,15347.0
2014.0,Hatchback,10990.0
2014.0,Hatchback,15789.0
2014.0,Hatchback,26677.0
2014.0,Hatchback,14352.0
2014.0,Hatchback,18988.0
2014.0,Hatchback,14991.0
2014.0,Hatchback,23612.0
2014.0,Hatchback,14990.0
2014.0,Hatchback,17450.0
2014.0,Hatchback,23880.0
2014.0,Hatchback,12991.0
2014.0,Hatchback,15421.0
2014.0,Hatchback,19512.0
2014.0,Hatchback,16490.0
2014.0,Hatchback,22650.0
2014.0,Hatchback,22650.0
2014.0,Hatchback,30990.0
2014.0,Hatchback,12490.0
2014.0,Hatchback,30990.0
2014.0,Hatchback,22690.0
2014.0,Hatchback,14990.0
2014.0,Hatchback,46980.0
2014.0,Hatchback,17690.0
2014.0,Hatchback,22680.0
2014.0,Hatchback,13366.0
2014.0,Hatchback,15440.0
2014.0,Hatchback,14990.0
2014.0,Hatchback,14990.0
2014.0,Hatchback,26490.0
2014.0,Hatchback,14995.0
2014.0,Hatchback,12350.0
2014.0,Hatchback,16990.0
2014.0,Hatchback,13655.0
2014.0,Hatchback,10795.0
2014.0,Hatchback,12339.0
2014.0,Hatchback,14880.0
2014.0,Hatchback,22570.0
2014.0,Hatchback,10556.0
2014.0,Hatchback,15421.0
2014.0,Hatchback,15790.0
2014.0,Hatchback,13366.0
2014.0,Hatchback,16490.0
2014.0,Hatchback,11490.0
2014.0,Hatchback,13990.0
2014.0,Hatchback,13346.0
2014.0,Hatchback,13356.0
2014.0,Hatchback,24888.0
2014.0,SUV,15449.0
2014.0,SUV,34814.0
2014.0,SUV,13990.0
2014.0,SUV,36364.0
2014.0,SUV,14990.0
2014.0,SUV,16999.0
2014.0,SUV,34990.0
2014.0,SUV,30927.0
2014.0,SUV,30890.0
2014.0,SUV,14415.0
2014.0,SUV,19888.0
2014.0,SUV,16068.0
2014.0,SUV,23165.0
2014.0,SUV,21990.0
2014.0,SUV,15888.0
2014.0,SUV,20590.0
2014.0,SUV,18990.0
2014.0,SUV,25676.0
2014.0,SUV,23990.0
2014.0,SUV,27935.0
2014.0,SUV,18558.0
2014.0,SUV,21990.0
2014.0,SUV,31040.0
2014.0,SUV,17490.0
2014.0,SUV,39990.0
2014.0,SUV,27990.0
2014.0,SUV,32503.0
2014.0,SUV,18399.0
2014.0,SUV,16888.0
2014.0,SUV,15990.0
2014.0,SUV,15990.0
2014.0,SUV,38990.0
2014.0,SUV,15421.0
2014.0,SUV,29860.0
2014.0,SUV,39320.0
2014.0,SUV,18520.0
2014.0,SUV,18504.0
2014.0,SUV,28904.0
2014.0,SUV,18690.0
2014.0,SUV,16995.0
2014.0,SUV,33119.0
2014.0,SUV,27676.0
2014.0,SUV,39070.0
2014.0,SUV,21620.0
2014.0,SUV,19490.0
2014.0,SUV,13380.0
2014.0,SUV,31990.0
2014.0,SUV,14990.0
2014.0,SUV,12990.0
2014.0,SUV,29870.0
2014.0,SUV,14990.0
2014.0,SUV,28079.0
2014.0,SUV,24597.0
2014.0,SUV,16990.0
2014.0,SUV,17597.0
2014.0,SUV,28830.0
2014.0,SUV,36040.0
2014.0,SUV,18788.0
2014.0,SUV,19888.0
2014.0,SUV,39990.0
2014.0,SUV,20739.0
2014.0,SUV,25696.0
2014.0,SUV,48703.0
2014.0,SUV,16788.0
2014.0,SUV,13995.0
2014.0,SUV,32121.0
2014.0,SUV,14365.0
2014.0,SUV,14191.0
2014.0,SUV,13790.0
2014.0,SUV,14375.0
2014.0,SUV,18140.0
2014.0,SUV,16490.0
2014.0,SUV,17476.0
2014.0,SUV,15995.0
2014.0,SUV,16470.0
2014.0,SUV,21490.0
2014.0,SUV,38999.0
2014.0,SUV,24690.0
2014.0,SUV,27900.0
2014.0,SUV,24990.0
2014.0,SUV,16430.0
2014.0,SUV,18561.0
2014.0,SUV,19888.0
2014.0,SUV,14795.0
2014.0,SUV,39888.0
2014.0,SUV,39888.0
2014.0,SUV,16501.0
2014.0,SUV,12234.0
2014.0,SUV,15990.0
2014.0,SUV,18530.0
2014.0,SUV,19500.0
2014.0,SUV,18530.0
2014.0,SUV,15963.0
2014.0,SUV,19888.0
2014.0,SUV,12990.0
2014.0,SUV,22681.0
2014.0,SUV,13990.0
2014.0,SUV,13346.0
2014.0,SUV,13847.0
2014.0,SUV,14415.0
2014.0,SUV,46357.0
2014.0,SUV,18990.0
2014.0,SUV,17531.0
2014.0,SUV,41499.0
2014.0,SUV,41499.0
2014.0,SUV,16990.0
2014.0,SUV,14607.0
2014.0,SUV,22888.0
2014.0,SUV,30928.0
2014.0,SUV,14415.0
2014.0,SUV,49888.0
2014.0,SUV,13411.0
2014.0,SUV,28500.0
2014.0,SUV,17980.0
2014.0,SUV,15421.0
2014.0,Sedan,13999.0
2014.0,Sedan,47990.0
2014.0,Sedan,15990.0
2014.0,Sedan,72590.0
2014.0,Sedan,41190.0
2014.0,Sedan,72184.0
2014.0,Sedan,67777.0
2014.0,Sedan,67777.0
2014.0,Sedan,10290.0
2014.0,Sedan,22999.0
2014.0,Sedan,20990.0
2014.0,Sedan,14410.0
2014.0,Sedan,29988.0
2014.0,Sedan,23106.0
2014.0,Sedan,15990.0
2014.0,Sedan,25740.0
2014.0,Sedan,16690.0
2014.0,Sedan,16990.0
2014.0,Sedan,20539.0
2014.0,Sedan,17490.0
2014.0,Sedan,54990.0
2014.0,Sedan,23575.0
2014.0,Sedan,11320.0
2014.0,Sedan,28830.0
2014.0,Sedan,12990.0
2014.0,Sedan,36990.0
2014.0,Sedan,45990.0
2014.0,Sedan,67392.0
2014.0,Sedan,67392.0
2014.0,Sedan,18504.0
2014.0,Sedan,58475.0
2014.0,Sedan,61995.0
2014.0,Sedan,11292.0
2014.0,Sedan,74558.0
2014.0,Sedan,27822.0
2014.0,Sedan,12833.0
2014.0,Sedan,12833.0
2014.0,Sedan,16943.0
2014.0,Sedan,60605.0
2014.0,Sedan,34999.0
2014.0,Sedan,17990.0
2014.0,Sedan,19512.0
2014.0,Sedan,14878.0
2014.0,Sedan,24564.0
2014.0,Sedan,10290.0
2014.0,Sedan,14490.0
2014.0,Sedan,31990.0
2014.0,Sedan,17500.0
2014.0,Sedan,23567.0
2014.0,Sedan,14995.0
2014.0,Sedan,13490.0
2014.0,Sedan,15763.0
2014.0,Sedan,38790.0
2014.0,Sedan,14352.0
2014.0,Sedan,19426.0
2014.0,Sedan,18995.0
2014.0,Sedan,21770.0
2014.0,Ute/Pickup,27990.0
2014.0,Ute/Pickup,28990.0
2014.0,Ute/Pickup,19990.0
2014.0,Ute/Pickup,40899.0
2014.0,Ute/Pickup,24888.0
2014.0,Ute/Pickup,24195.0
2014.0,Ute/Pickup,31990.0
2014.0,Ute/Pickup,31058.0
2014.0,Ute/Pickup,24990.0
2014.0,Ute/Pickup,30890.0
2014.0,Ute/Pickup,24990.0
2014.0,Ute/Pickup,19990.0
2014.0,Ute/Pickup,32130.0
2014.0,Ute/Pickup,18504.0
2014.0,Ute/Pickup,37888.0
2014.0,Ute/Pickup,20559.0
2014.0,Ute/Pickup,24650.0
2014.0,Ute/Pickup,24650.0
2014.0,Ute/Pickup,15999.0
2014.0,Ute/Pickup,37990.0
2014.0,Ute/Pickup,20790.0
2014.0,Ute/Pickup,18990.0
2014.0,Ute/Pickup,28990.0
2014.0,Ute/Pickup,16470.0
2014.0,Ute/Pickup,28990.0
2014.0,Ute/Pickup,29499.0
2014.0,Ute/Pickup,19560.0
2014.0,Ute/Pickup,20559.0
2014.0,Ute/Pickup,21790.0
2014.0,Ute/Pickup,18440.0
2014.0,Ute/Pickup,28861.0
2014.0,Ute/Pickup,31888.0
2014.0,Ute/Pickup,29990.0
2014.0,Ute/Pickup,19767.0
2014.0,Van,15316.0
2014.0,Van,23622.0
2014.0,Van,26990.0
2014.0,Van,25749.0
2014.0,Van,24888.0
2014.0,Van,23990.0
2014.0,Van,24888.0
2014.0,Wagon,17990.0
2014.0,Wagon,17472.0
2014.0,Wagon,17472.0
2014.0,Wagon,14990.0
2014.0,Wagon,18990.0
2014.0,Wagon,17371.0
2015.0,Convertible,59990.0
2015.0,Convertible,57800.0
2015.0,Convertible,31990.0
2015.0,Coupe,28178.0
2015.0,Coupe,29860.0
2015.0,Coupe,18999.0
2015.0,Coupe,28990.0
2015.0,Coupe,19046.0
2015.0,Coupe,25572.0
2015.0,Coupe,26990.0
2015.0,Coupe,37490.0
2015.0,Coupe,28990.0
2015.0,Coupe,32950.0
2015.0,Coupe,23004.0
2015.0,Hatchback,13330.0
2015.0,Hatchback,14490.0
2015.0,Hatchback,14410.0
2015.0,Hatchback,9999.0
2015.0,Hatchback,20590.0
2015.0,Hatchback,20590.0
2015.0,Hatchback,19560.0
2015.0,Hatchback,24390.0
2015.0,Hatchback,13895.0
2015.0,Hatchback,19457.0
2015.0,Hatchback,17371.0
2015.0,Hatchback,18990.0
2015.0,Hatchback,20590.0
2015.0,Hatchback,17433.0
2015.0,Hatchback,17914.0
2015.0,Hatchback,17433.0
2015.0,Hatchback,13287.0
2015.0,Hatchback,18886.0
2015.0,Hatchback,24990.0
2015.0,Hatchback,15990.0
2015.0,Hatchback,16990.0
2015.0,Hatchback,16409.0
2015.0,Hatchback,21990.0
2015.0,Hatchback,17457.0
2015.0,Hatchback,19150.0
2015.0,Hatchback,12991.0
2015.0,Hatchback,17990.0
2015.0,Hatchback,16490.0
2015.0,Hatchback,15963.0
2015.0,Hatchback,18445.0
2015.0,Hatchback,19990.0
2015.0,Hatchback,20590.0
2015.0,Hatchback,18334.0
2015.0,Hatchback,13895.0
2015.0,Hatchback,17999.0
2015.0,Hatchback,14490.0
2015.0,Hatchback,12990.0
2015.0,Hatchback,15357.0
2015.0,Hatchback,17990.0
2015.0,Hatchback,17500.0
2015.0,Hatchback,12990.0
2015.0,Hatchback,11963.0
2015.0,Hatchback,19490.0
2015.0,Hatchback,9999.0
2015.0,Hatchback,19990.0
2015.0,Hatchback,15656.0
2015.0,Hatchback,18990.0
2015.0,Hatchback,19888.0
2015.0,Hatchback,18990.0
2015.0,Hatchback,35010.0
2015.0,Hatchback,16921.0
2015.0,Hatchback,19868.0
2015.0,Hatchback,14350.0
2015.0,Hatchback,17490.0
2015.0,Hatchback,19880.0
2015.0,Hatchback,16880.0
2015.0,Hatchback,12340.0
2015.0,Hatchback,15445.0
2015.0,Hatchback,13347.0
2015.0,Hatchback,17990.0
2015.0,Hatchback,17990.0
2015.0,Hatchback,17490.0
2015.0,Hatchback,12990.0
2015.0,Hatchback,11490.0
2015.0,Hatchback,28545.0
2015.0,Hatchback,11990.0
2015.0,Hatchback,15880.0
2015.0,Hatchback,29888.0
2015.0,Hatchback,14169.0
2015.0,Hatchback,14995.0
2015.0,Hatchback,18470.0
2015.0,Hatchback,17490.0
2015.0,Hatchback,16888.0
2015.0,Hatchback,17610.0
2015.0,Hatchback,13995.0
2015.0,Hatchback,17476.0
2015.0,Hatchback,14410.0
2015.0,Hatchback,9260.0
2015.0,Hatchback,19990.0
2015.0,Hatchback,18530.0
2015.0,SUV,14490.0
2015.0,SUV,23970.0
2015.0,SUV,25628.0
2015.0,SUV,19150.0
2015.0,SUV,29690.0
2015.0,SUV,16999.0
2015.0,SUV,18535.0
2015.0,SUV,29990.0
2015.0,SUV,57888.0
2015.0,SUV,27990.0
2015.0,SUV,17294.0
2015.0,SUV,23990.0
2015.0,SUV,19999.0
2015.0,SUV,20990.0
2015.0,SUV,79800.0
2015.0,SUV,18991.0
2015.0,SUV,17500.0
2015.0,SUV,15963.0
2015.0,SUV,23990.0
2015.0,SUV,29599.0
2015.0,SUV,22880.0
2015.0,SUV,29599.0
2015.0,SUV,37990.0
2015.0,SUV,49267.0
2015.0,SUV,21990.0
2015.0,SUV,25490.0
2015.0,SUV,24800.0
2015.0,SUV,44990.0
2015.0,SUV,15888.0
2015.0,SUV,23990.0
2015.0,SUV,20648.0
2015.0,SUV,39776.0
2015.0,SUV,17690.0
2015.0,SUV,41989.0
2015.0,SUV,20435.0
2015.0,SUV,35212.0
2015.0,SUV,75870.0
2015.0,SUV,19956.0
2015.0,SUV,29990.0
2015.0,SUV,20590.0
2015.0,SUV,33990.0
2015.0,SUV,21990.0
2015.0,SUV,20990.0
2015.0,SUV,18888.0
2015.0,SUV,17395.0
2015.0,SUV,20990.0
2015.0,SUV,18758.0
2015.0,SUV,25950.0
2015.0,SUV,39776.0
2015.0,SUV,34800.0
2015.0,SUV,23990.0
2015.0,SUV,17990.0
2015.0,SUV,15440.0
2015.0,SUV,16995.0
2015.0,SUV,16995.0
2015.0,SUV,20590.0
2015.0,SUV,16990.0
2015.0,SUV,33833.0
2015.0,SUV,20888.0
2015.0,SUV,28990.0
2015.0,SUV,29990.0
2015.0,SUV,18633.0
2015.0,SUV,19147.0
2015.0,SUV,18633.0
2015.0,SUV,19390.0
2015.0,SUV,46452.0
2015.0,SUV,32990.0
2015.0,SUV,20590.0
2015.0,SUV,29990.0
2015.0,SUV,18539.0
2015.0,SUV,22496.0
2015.0,SUV,20990.0
2015.0,SUV,14270.0
2015.0,SUV,17850.0
2015.0,SUV,19990.0
2015.0,SUV,16690.0
2015.0,SUV,22990.0
2015.0,SUV,18176.0
2015.0,SUV,34990.0
2015.0,SUV,16990.0
2015.0,SUV,23622.0
2015.0,SUV,28865.0
2015.0,SUV,19990.0
2015.0,SUV,23990.0
2015.0,SUV,23638.0
2015.0,SUV,19888.0
2015.0,SUV,18888.0
2015.0,SUV,16905.0
2015.0,SUV,17828.0
2015.0,SUV,16990.0
2015.0,SUV,28990.0
2015.0,SUV,18480.0
2015.0,SUV,17190.0
2015.0,SUV,22650.0
2015.0,SUV,16888.0
2015.0,SUV,82399.0
2015.0,SUV,18437.0
2015.0,SUV,19447.0
2015.0,SUV,21990.0
2015.0,SUV,30777.0
2015.0,SUV,21990.0
2015.0,SUV,16988.0
2015.0,SUV,38007.0
2015.0,SUV,18490.0
2015.0,SUV,13720.0
2015.0,SUV,18490.0
2015.0,SUV,12999.0
2015.0,SUV,18880.0
2015.0,SUV,25749.0
2015.0,SUV,20990.0
2015.0,SUV,22650.0
2015.0,SUV,16430.0
2015.0,SUV,18450.0
2015.0,SUV,20590.0
2015.0,SUV,42870.0
2015.0,SUV,20590.0
2015.0,SUV,17997.0
2015.0,SUV,14419.0
2015.0,SUV,17436.0
2015.0,SUV,15420.0
2015.0,SUV,39794.0
2015.0,SUV,38490.0
2015.0,SUV,18520.0
2015.0,SUV,16990.0
2015.0,SUV,15411.0
2015.0,SUV,15411.0
2015.0,SUV,27990.0
2015.0,SUV,21880.0
2015.0,SUV,41990.0
2015.0,SUV,16990.0
2015.0,SUV,17304.0
2015.0,SUV,18477.0
2015.0,SUV,35995.0
2015.0,SUV,18477.0
2015.0,SUV,22990.0
2015.0,SUV,22990.0
2015.0,SUV,53550.0
2015.0,SUV,18988.0
2015.0,SUV,30005.0
2015.0,SUV,22990.0
2015.0,SUV,12355.0
2015.0,SUV,18530.0
2015.0,SUV,17990.0
2015.0,SUV,36486.0
2015.0,SUV,11990.0
2015.0,SUV,22880.0
2015.0,SUV,14990.0
2015.0,SUV,32075.0
2015.0,SUV,49851.0
2015.0,SUV,18501.0
2015.0,SUV,14415.0
2015.0,SUV,18494.0
2015.0,SUV,19990.0
2015.0,SUV,34312.0
2015.0,SUV,20590.0
2015.0,SUV,16390.0
2015.0,SUV,20540.0
2015.0,SUV,21069.0
2015.0,SUV,28990.0
2015.0,SUV,32990.0
2015.0,SUV,31990.0
2015.0,SUV,30000.0
2015.0,SUV,18450.0
2015.0,SUV,27800.0
2015.0,SUV,25597.0
2015.0,SUV,11240.0
2015.0,SUV,26760.0
2015.0,SUV,16475.0
2015.0,SUV,25686.0
2015.0,SUV,41087.0
2015.0,SUV,22650.0
2015.0,SUV,13366.0
2015.0,SUV,44888.0
2015.0,SUV,23587.0
2015.0,SUV,12990.0
2015.0,SUV,33171.0
2015.0,SUV,18530.0
2015.0,SUV,23601.0
2015.0,SUV,16570.0
2015.0,SUV,14410.0
2015.0,SUV,22640.0
2015.0,SUV,16990.0
2015.0,SUV,15445.0
2015.0,SUV,15433.0
2015.0,SUV,15490.0
2015.0,SUV,15433.0
2015.0,SUV,33980.0
2015.0,SUV,20590.0
2015.0,SUV,21990.0
2015.0,SUV,19990.0
2015.0,SUV,17457.0
2015.0,SUV,23490.0
2015.0,SUV,18990.0
2015.0,Sedan,17990.0
2015.0,Sedan,31910.0
2015.0,Sedan,25740.0
2015.0,Sedan,15445.0
2015.0,Sedan,29800.0
2015.0,Sedan,20394.0
2015.0,Sedan,39794.0
2015.0,Sedan,38990.0
2015.0,Sedan,55967.0
2015.0,Sedan,52548.0
2015.0,Sedan,52548.0
2015.0,Sedan,26980.0
2015.0,Sedan,29800.0
2015.0,Sedan,20989.0
2015.0,Sedan,108888.0
2015.0,Sedan,22650.0
2015.0,Sedan,18504.0
2015.0,Sedan,18504.0
2015.0,Sedan,19991.0
2015.0,Sedan,25990.0
2015.0,Sedan,8229.0
2015.0,Sedan,27950.0
2015.0,Sedan,25591.0
2015.0,Sedan,30694.0
2015.0,Sedan,26209.0
2015.0,Sedan,38111.0
2015.0,Sedan,15402.0
2015.0,Sedan,18888.0
2015.0,Sedan,18888.0
2015.0,Sedan,16888.0
2015.0,Sedan,24990.0
2015.0,Sedan,9269.0
2015.0,Sedan,25668.0
2015.0,Sedan,15490.0
2015.0,Sedan,16990.0
2015.0,Sedan,10284.0
2015.0,Sedan,32490.0
2015.0,Sedan,10284.0
2015.0,Sedan,9256.0
2015.0,Sedan,20830.0
2015.0,Sedan,25647.0
2015.0,Sedan,64998.0
2015.0,Sedan,39794.0
2015.0,Sedan,95990.0
2015.0,Sedan,28795.0
2015.0,Sedan,18990.0
2015.0,Sedan,18874.0
2015.0,Sedan,16470.0
2015.0,Sedan,12880.0
2015.0,Sedan,14990.0
2015.0,Sedan,14375.0
2015.0,Sedan,11990.0
2015.0,Sedan,43950.0
2015.0,Sedan,14375.0
2015.0,Sedan,21490.0
2015.0,Sedan,52119.0
2015.0,Sedan,11995.0
2015.0,Sedan,27657.0
2015.0,Sedan,14375.0
2015.0,Sedan,17990.0
2015.0,Sedan,13373.0
2015.0,Sedan,15316.0
2015.0,Sedan,65000.0
2015.0,Sedan,65000.0
2015.0,Sedan,17950.0
2015.0,Ute/Pickup,19512.0
2015.0,Ute/Pickup,27888.0
2015.0,Ute/Pickup,34990.0
2015.0,Ute/Pickup,27800.0
2015.0,Ute/Pickup,29490.0
2015.0,Ute/Pickup,29490.0
2015.0,Ute/Pickup,34990.0
2015.0,Ute/Pickup,27805.0
2015.0,Ute/Pickup,37396.0
2015.0,Ute/Pickup,39990.0
2015.0,Ute/Pickup,29372.0
2015.0,Ute/Pickup,27990.0
2015.0,Ute/Pickup,23990.0
2015.0,Ute/Pickup,32990.0
2015.0,Ute/Pickup,30928.0
2015.0,Ute/Pickup,27990.0
2015.0,Ute/Pickup,35383.0
2015.0,Ute/Pickup,19990.0
2015.0,Ute/Pickup,32990.0
2015.0,Ute/Pickup,41114.0
2015.0,Ute/Pickup,35990.0
2015.0,Ute/Pickup,35990.0
2015.0,Ute/Pickup,29990.0
2015.0,Ute/Pickup,23990.0
2015.0,Ute/Pickup,32990.0
2015.0,Ute/Pickup,27990.0
2015.0,Ute/Pickup,31040.0
2015.0,Ute/Pickup,18530.0
2015.0,Ute/Pickup,33224.0
2015.0,Ute/Pickup,18494.0
2015.0,Ute/Pickup,34011.0
2015.0,Ute/Pickup,34011.0
2015.0,Ute/Pickup,27800.0
2015.0,Ute/Pickup,38008.0
2015.0,Ute/Pickup,25591.0
2015.0,Ute/Pickup,27990.0
2015.0,Ute/Pickup,31038.0
2015.0,Ute/Pickup,50990.0
2015.0,Ute/Pickup,28710.0
2015.0,Ute/Pickup,44790.0
2015.0,Ute/Pickup,27831.0
2015.0,Ute/Pickup,33990.0
2015.0,Ute/Pickup,29888.0
2015.0,Ute/Pickup,22681.0
2015.0,Ute/Pickup,24605.0
2015.0,Ute/Pickup,41590.0
2015.0,Ute/Pickup,19970.0
2015.0,Ute/Pickup,32981.0
2015.0,Ute/Pickup,32029.0
2015.0,Ute/Pickup,29891.0
2015.0,Ute/Pickup,20595.0
2015.0,Ute/Pickup,20590.0
2015.0,Ute/Pickup,20583.0
2015.0,Ute/Pickup,20798.0
2015.0,Ute/Pickup,21888.0
2015.0,Van,34312.0
2015.0,Van,38691.0
2015.0,Van,37980.0
2015.0,Van,37980.0
2015.0,Van,39785.0
2015.0,Van,21620.0
2015.0,Van,21620.0
2015.0,Van,27832.0
2015.0,Van,29980.0
2015.0,Wagon,72888.0
2015.0,Wagon,26805.0
2015.0,Wagon,24990.0
2015.0,Wagon,18530.0
2015.0,Wagon,53165.0
2015.0,Wagon,24868.0
2015.0,Wagon,36990.0
2015.0,Wagon,36990.0
2015.0,Wagon,48333.0
2016.0,Convertible,29860.0
2016.0,Convertible,45800.0
2016.0,Convertible,36990.0
2016.0,Convertible,59800.0
2016.0,Convertible,65863.0
2016.0,Convertible,76555.0
2016.0,Convertible,42918.0
2016.0,Convertible,97644.0
2016.0,Convertible,45990.0
2016.0,Coupe,27880.0
2016.0,Coupe,32857.0
2016.0,Coupe,35010.0
2016.0,Coupe,36364.0
2016.0,Coupe,30000.0
2016.0,Coupe,36855.0
2016.0,Coupe,41888.0
2016.0,Coupe,27800.0
2016.0,Coupe,89980.0
2016.0,Coupe,48990.0
2016.0,Coupe,43460.0
2016.0,Coupe,28880.0
2016.0,Coupe,51495.0
2016.0,Coupe,33210.0
2016.0,Coupe,34799.0
2016.0,Coupe,34799.0
2016.0,Coupe,34180.0
2016.0,Coupe,29440.0
2016.0,Hatchback,22125.0
2016.0,Hatchback,13970.0
2016.0,Hatchback,20518.0
2016.0,Hatchback,12257.0
2016.0,Hatchback,20518.0
2016.0,Hatchback,12990.0
2016.0,Hatchback,17963.0
2016.0,Hatchback,12350.0
2016.0,Hatchback,15190.0
2016.0,Hatchback,25740.0
2016.0,Hatchback,17500.0
2016.0,Hatchback,33465.0
2016.0,Hatchback,21990.0
2016.0,Hatchback,14990.0
2016.0,Hatchback,12390.0
2016.0,Hatchback,16633.0
2016.0,Hatchback,18490.0
2016.0,Hatchback,20539.0
2016.0,Hatchback,16990.0
2016.0,Hatchback,30890.0
2016.0,Hatchback,30890.0
2016.0,Hatchback,13380.0
2016.0,Hatchback,14880.0
2016.0,Hatchback,22914.0
2016.0,Hatchback,16633.0
2016.0,Hatchback,15440.0
2016.0,Hatchback,19902.0
2016.0,Hatchback,21515.0
2016.0,Hatchback,16990.0
2016.0,Hatchback,13990.0
2016.0,Hatchback,18900.0
2016.0,Hatchback,26770.0
2016.0,Hatchback,12990.0
2016.0,Hatchback,15440.0
2016.0,Hatchback,15440.0
2016.0,Hatchback,19982.0
2016.0,Hatchback,22990.0
2016.0,Hatchback,18334.0
2016.0,Hatchback,17025.0
2016.0,Hatchback,18990.0
2016.0,Hatchback,15440.0
2016.0,Hatchback,16990.0
2016.0,Hatchback,21788.0
2016.0,Hatchback,29990.0
2016.0,Hatchback,20539.0
2016.0,Hatchback,16357.0
2016.0,Hatchback,18880.0
2016.0,Hatchback,29870.0
2016.0,Hatchback,20495.0
2016.0,Hatchback,18990.0
2016.0,Hatchback,26990.0
2016.0,Hatchback,17888.0
2016.0,Hatchback,15965.0
2016.0,Hatchback,19560.0
2016.0,Hatchback,21690.0
2016.0,Hatchback,16470.0
2016.0,Hatchback,32900.0
2016.0,Hatchback,15998.0
2016.0,Hatchback,16690.0
2016.0,Hatchback,22399.0
2016.0,Hatchback,15194.0
2016.0,Hatchback,14410.0
2016.0,Hatchback,14750.0
2016.0,Hatchback,17990.0
2016.0,Hatchback,13355.0
2016.0,Hatchback,14403.0
2016.0,Hatchback,20990.0
2016.0,Hatchback,23690.0
2016.0,Hatchback,18071.0
2016.0,Hatchback,24990.0
2016.0,Hatchback,21990.0
2016.0,Hatchback,14375.0
2016.0,Hatchback,13380.0
2016.0,Hatchback,23631.0
2016.0,Hatchback,23631.0
2016.0,Hatchback,20394.0
2016.0,Hatchback,17500.0
2016.0,Hatchback,13860.0
2016.0,Hatchback,22990.0
2016.0,Hatchback,19560.0
2016.0,Hatchback,21751.0
2016.0,Hatchback,14990.0
2016.0,Hatchback,26990.0
2016.0,Hatchback,13990.0
2016.0,Hatchback,24950.0
2016.0,Hatchback,16950.0
2016.0,Hatchback,20930.0
2016.0,Hatchback,18128.0
2016.0,Hatchback,16990.0
2016.0,Hatchback,18561.0
2016.0,Hatchback,12339.0
2016.0,Hatchback,15440.0
2016.0,Hatchback,15990.0
2016.0,Hatchback,15880.0
2016.0,Hatchback,14900.0
2016.0,Hatchback,26490.0
2016.0,Hatchback,15440.0
2016.0,Hatchback,14790.0
2016.0,Hatchback,19553.0
2016.0,Hatchback,23888.0
2016.0,Hatchback,17500.0
2016.0,SUV,12558.0
2016.0,SUV,37500.0
2016.0,SUV,29757.0
2016.0,SUV,38100.0
2016.0,SUV,46888.0
2016.0,SUV,27888.0
2016.0,SUV,30890.0
2016.0,SUV,17990.0
2016.0,SUV,30890.0
2016.0,SUV,16470.0
2016.0,SUV,16880.0
2016.0,SUV,18530.0
2016.0,SUV,20990.0
2016.0,SUV,29800.0
2016.0,SUV,25225.0
2016.0,SUV,14410.0
2016.0,SUV,29961.0
2016.0,SUV,21888.0
2016.0,SUV,29973.0
2016.0,SUV,17555.0
2016.0,SUV,84888.0
2016.0,SUV,39037.0
2016.0,SUV,35990.0
2016.0,SUV,25990.0
2016.0,SUV,41590.0
2016.0,SUV,41590.0
2016.0,SUV,24951.0
2016.0,SUV,88990.0
2016.0,SUV,25740.0
2016.0,SUV,44980.0
2016.0,SUV,92645.0
2016.0,SUV,14558.0
2016.0,SUV,19990.0
2016.0,SUV,27990.0
2016.0,SUV,50965.0
2016.0,SUV,31611.0
2016.0,SUV,28990.0
2016.0,SUV,17866.0
2016.0,SUV,17500.0
2016.0,SUV,17991.0
2016.0,SUV,19690.0
2016.0,SUV,14317.0
2016.0,SUV,18690.0
2016.0,SUV,16470.0
2016.0,SUV,27604.0
2016.0,SUV,38690.0
2016.0,SUV,18954.0
2016.0,SUV,25544.0
2016.0,SUV,18888.0
2016.0,SUV,85184.0
2016.0,SUV,47556.0
2016.0,SUV,24690.0
2016.0,SUV,23888.0
2016.0,SUV,24990.0
2016.0,SUV,32845.0
2016.0,SUV,21990.0
2016.0,SUV,22988.0
2016.0,SUV,31556.0
2016.0,SUV,28000.0
2016.0,SUV,17500.0
2016.0,SUV,20548.0
2016.0,SUV,20548.0
2016.0,SUV,22490.0
2016.0,SUV,22490.0
2016.0,SUV,21778.0
2016.0,SUV,21778.0
2016.0,SUV,17407.0
2016.0,SUV,19990.0
2016.0,SUV,14985.0
2016.0,SUV,17490.0
2016.0,SUV,18380.0
2016.0,SUV,20990.0
2016.0,SUV,21458.0
2016.0,SUV,17388.0
2016.0,SUV,25990.0
2016.0,SUV,24690.0
2016.0,SUV,24640.0
2016.0,SUV,22990.0
2016.0,SUV,23690.0
2016.0,SUV,18490.0
2016.0,SUV,13880.0
2016.0,SUV,19511.0
2016.0,SUV,18990.0
2016.0,SUV,43088.0
2016.0,SUV,56999.0
2016.0,SUV,22073.0
2016.0,SUV,21990.0
2016.0,SUV,19990.0
2016.0,SUV,26990.0
2016.0,SUV,16990.0
2016.0,SUV,54997.0
2016.0,SUV,28990.0
2016.0,SUV,33490.0
2016.0,SUV,18500.0
2016.0,SUV,23990.0
2016.0,SUV,22990.0
2016.0,SUV,37578.0
2016.0,SUV,16888.0
2016.0,SUV,23990.0
2016.0,SUV,41097.0
2016.0,SUV,43054.0
2016.0,SUV,26995.0
2016.0,SUV,49800.0
2016.0,SUV,23990.0
2016.0,SUV,28885.0
2016.0,SUV,44956.0
2016.0,SUV,19560.0
2016.0,SUV,14490.0
2016.0,SUV,31690.0
2016.0,SUV,46031.0
2016.0,SUV,15090.0
2016.0,SUV,87815.0
2016.0,SUV,42425.0
2016.0,SUV,36488.0
2016.0,SUV,13380.0
2016.0,SUV,29588.0
2016.0,SUV,25685.0
2016.0,SUV,21990.0
2016.0,SUV,39597.0
2016.0,SUV,36477.0
2016.0,SUV,19888.0
2016.0,SUV,14746.0
2016.0,SUV,36477.0
2016.0,SUV,20485.0
2016.0,SUV,21990.0
2016.0,SUV,18342.0
2016.0,SUV,33980.0
2016.0,SUV,25534.0
2016.0,SUV,23850.0
2016.0,SUV,17490.0
2016.0,SUV,27990.0
2016.0,SUV,21629.0
2016.0,SUV,21500.0
2016.0,SUV,22650.0
2016.0,SUV,22990.0
2016.0,SUV,24490.0
2016.0,SUV,42900.0
2016.0,SUV,23990.0
2016.0,SUV,15999.0
2016.0,SUV,23990.0
2016.0,SUV,23990.0
2016.0,SUV,18990.0
2016.0,SUV,21995.0
2016.0,SUV,42942.0
2016.0,SUV,18990.0
2016.0,SUV,19990.0
2016.0,SUV,25677.0
2016.0,SUV,18490.0
2016.0,SUV,16990.0
2016.0,SUV,54990.0
2016.0,SUV,19490.0
2016.0,SUV,19490.0
2016.0,SUV,43645.0
2016.0,SUV,18015.0
2016.0,SUV,53990.0
2016.0,SUV,29999.0
2016.0,SUV,20730.0
2016.0,SUV,47995.0
2016.0,SUV,33990.0
2016.0,SUV,20477.0
2016.0,SUV,21990.0
2016.0,SUV,31990.0
2016.0,SUV,27790.0
2016.0,SUV,16990.0
2016.0,SUV,46346.0
2016.0,SUV,23990.0
2016.0,SUV,38285.0
2016.0,SUV,16779.0
2016.0,SUV,19531.0
2016.0,SUV,19888.0
2016.0,SUV,21990.0
2016.0,SUV,22430.0
2016.0,SUV,21613.0
2016.0,SUV,15360.0
2016.0,SUV,28725.0
2016.0,SUV,93990.0
2016.0,SUV,18184.0
2016.0,SUV,20435.0
2016.0,SUV,20435.0
2016.0,SUV,22990.0
2016.0,SUV,17990.0
2016.0,SUV,16480.0
2016.0,SUV,33465.0
2016.0,SUV,39990.0
2016.0,SUV,19150.0
2016.0,SUV,17990.0
2016.0,SUV,19995.0
2016.0,SUV,16996.0
2016.0,SUV,18380.0
2016.0,SUV,31920.0
2016.0,SUV,19990.0
2016.0,SUV,94990.0
2016.0,SUV,33761.0
2016.0,SUV,23850.0
2016.0,SUV,18388.0
2016.0,SUV,29860.0
2016.0,SUV,13347.0
2016.0,SUV,22614.0
2016.0,SUV,19990.0
2016.0,SUV,23680.0
2016.0,SUV,22650.0
2016.0,SUV,38990.0
2016.0,SUV,40732.0
2016.0,SUV,16390.0
2016.0,SUV,15990.0
2016.0,SUV,14990.0
2016.0,SUV,18408.0
2016.0,SUV,31990.0
2016.0,SUV,17226.0
2016.0,SUV,15440.0
2016.0,SUV,14990.0
2016.0,SUV,33210.0
2016.0,SUV,13373.0
2016.0,SUV,25677.0
2016.0,SUV,15888.0
2016.0,SUV,19440.0
2016.0,SUV,29990.0
2016.0,SUV,18900.0
2016.0,SUV,33224.0
2016.0,SUV,26995.0
2016.0,SUV,21378.0
2016.0,SUV,26770.0
2016.0,SUV,14995.0
2016.0,SUV,17740.0
2016.0,SUV,15995.0
2016.0,SUV,18880.0
2016.0,SUV,24710.0
2016.0,SUV,27723.0
2016.0,SUV,34990.0
2016.0,SUV,27760.0
2016.0,SUV,43450.0
2016.0,SUV,19553.0
2016.0,SUV,22650.0
2016.0,SUV,38579.0
2016.0,SUV,25990.0
2016.0,SUV,16990.0
2016.0,SUV,16470.0
2016.0,SUV,28990.0
2016.0,SUV,21056.0
2016.0,SUV,15990.0
2016.0,SUV,13990.0
2016.0,SUV,52990.0
2016.0,SUV,37990.0
2016.0,SUV,23517.0
2016.0,SUV,22888.0
2016.0,SUV,23711.0
2016.0,SUV,28850.0
2016.0,SUV,23956.0
2016.0,SUV,12558.0
2016.0,SUV,14885.0
2016.0,SUV,16470.0
2016.0,SUV,14990.0
2016.0,SUV,14391.0
2016.0,SUV,14533.0
2016.0,SUV,29888.0
2016.0,SUV,31130.0
2016.0,SUV,20790.0
2016.0,SUV,33465.0
2016.0,SUV,22990.0
2016.0,SUV,13758.0
2016.0,SUV,28888.0
2016.0,SUV,29990.0
2016.0,SUV,24990.0
2016.0,SUV,29850.0
2016.0,SUV,19956.0
2016.0,SUV,17990.0
2016.0,SUV,19455.0
2016.0,SUV,18990.0
2016.0,SUV,23963.0
2016.0,SUV,28888.0
2016.0,SUV,19850.0
2016.0,SUV,19553.0
2016.0,SUV,20621.0
2016.0,SUV,22557.0
2016.0,SUV,15440.0
2016.0,SUV,15990.0
2016.0,SUV,29853.0
2016.0,SUV,55000.0
2016.0,SUV,16390.0
2016.0,Sedan,18530.0
2016.0,Sedan,18530.0
2016.0,Sedan,18530.0
2016.0,Sedan,20477.0
2016.0,Sedan,17122.0
2016.0,Sedan,31990.0
2016.0,Sedan,36486.0
2016.0,Sedan,31043.0
2016.0,Sedan,21620.0
2016.0,Sedan,22594.0
2016.0,Sedan,27990.0
2016.0,Sedan,33990.0
2016.0,Sedan,23620.0
2016.0,Sedan,41800.0
2016.0,Sedan,22650.0
2016.0,Sedan,28830.0
2016.0,Sedan,26990.0
2016.0,Sedan,9256.0
2016.0,Sedan,19490.0
2016.0,Sedan,24990.0
2016.0,Sedan,24800.0
2016.0,Sedan,32480.0
2016.0,Sedan,8229.0
2016.0,Sedan,10284.0
2016.0,Sedan,22290.0
2016.0,Sedan,8229.0
2016.0,Sedan,16470.0
2016.0,Sedan,22990.0
2016.0,Sedan,8229.0
2016.0,Sedan,22650.0
2016.0,Sedan,17990.0
2016.0,Sedan,73705.0
2016.0,Sedan,26990.0
2016.0,Sedan,27709.0
2016.0,Sedan,17888.0
2016.0,Sedan,25677.0
2016.0,Sedan,20559.0
2016.0,Sedan,20559.0
2016.0,Sedan,17490.0
2016.0,Sedan,13380.0
2016.0,Sedan,22614.0
2016.0,Sedan,20559.0
2016.0,Sedan,15990.0
2016.0,Sedan,20075.0
2016.0,Sedan,23705.0
2016.0,Sedan,19490.0
2016.0,Sedan,13990.0
2016.0,Sedan,17866.0
2016.0,Sedan,20590.0
2016.0,Sedan,19990.0
2016.0,Sedan,25655.0
2016.0,Sedan,97999.0
2016.0,Sedan,28851.0
2016.0,Sedan,21490.0
2016.0,Sedan,20559.0
2016.0,Sedan,27792.0
2016.0,Sedan,17435.0
2016.0,Sedan,43150.0
2016.0,Sedan,85208.0
2016.0,Sedan,17990.0
2016.0,Sedan,21620.0
2016.0,Sedan,19990.0
2016.0,Sedan,14410.0
2016.0,Sedan,30785.0
2016.0,Sedan,17476.0
2016.0,Sedan,65999.0
2016.0,Sedan,8229.0
2016.0,Sedan,19512.0
2016.0,Sedan,18504.0
2016.0,Sedan,20590.0
2016.0,Sedan,15402.0
2016.0,Sedan,42017.0
2016.0,Sedan,16990.0
2016.0,Sedan,17476.0
2016.0,Sedan,17476.0
2016.0,Sedan,20567.0
2016.0,Sedan,18990.0
2016.0,Sedan,21576.0
2016.0,Sedan,39794.0
2016.0,Sedan,18690.0
2016.0,Sedan,18417.0
2016.0,Sedan,15421.0
2016.0,Sedan,23868.0
2016.0,Sedan,16470.0
2016.0,Sedan,38112.0
2016.0,Sedan,6174.0
2016.0,Sedan,34888.0
2016.0,Sedan,6174.0
2016.0,Sedan,22990.0
2016.0,Sedan,24998.0
2016.0,Sedan,18504.0
2016.0,Sedan,78880.0
2016.0,Sedan,20549.0
2016.0,Sedan,8229.0
2016.0,Sedan,83046.0
2016.0,Sedan,6174.0
2016.0,Sedan,29990.0
2016.0,Sedan,13888.0
2016.0,Sedan,19990.0
2016.0,Sedan,88888.0
2016.0,Ute/Pickup,31920.0
2016.0,Ute/Pickup,19990.0
2016.0,Ute/Pickup,42220.0
2016.0,Ute/Pickup,34990.0
2016.0,Ute/Pickup,26101.0
2016.0,Ute/Pickup,29252.0
2016.0,Ute/Pickup,36990.0
2016.0,Ute/Pickup,33738.0
2016.0,Ute/Pickup,36990.0
2016.0,Ute/Pickup,29880.0
2016.0,Ute/Pickup,29990.0
2016.0,Ute/Pickup,29990.0
2016.0,Ute/Pickup,34999.0
2016.0,Ute/Pickup,32444.0
2016.0,Ute/Pickup,34814.0
2016.0,Ute/Pickup,49990.0
2016.0,Ute/Pickup,47125.0
2016.0,Ute/Pickup,44588.0
2016.0,Ute/Pickup,26990.0
2016.0,Ute/Pickup,30890.0
2016.0,Ute/Pickup,33990.0
2016.0,Ute/Pickup,30999.0
2016.0,Ute/Pickup,29999.0
2016.0,Ute/Pickup,44588.0
2016.0,Ute/Pickup,34210.0
2016.0,Ute/Pickup,32950.0
2016.0,Ute/Pickup,26990.0
2016.0,Ute/Pickup,24564.0
2016.0,Ute/Pickup,23990.0
2016.0,Ute/Pickup,34490.0
2016.0,Ute/Pickup,29480.0
2016.0,Ute/Pickup,40990.0
2016.0,Ute/Pickup,54990.0
2016.0,Ute/Pickup,53990.0
2016.0,Ute/Pickup,34293.0
2016.0,Ute/Pickup,34145.0
2016.0,Ute/Pickup,35990.0
2016.0,Ute/Pickup,29421.0
2016.0,Ute/Pickup,57528.0
2016.0,Ute/Pickup,33990.0
2016.0,Ute/Pickup,24655.0
2016.0,Ute/Pickup,19517.0
2016.0,Ute/Pickup,36983.0
2016.0,Ute/Pickup,34293.0
2016.0,Ute/Pickup,38673.0
2016.0,Ute/Pickup,29490.0
2016.0,Ute/Pickup,33206.0
2016.0,Ute/Pickup,36490.0
2016.0,Ute/Pickup,26990.0
2016.0,Ute/Pickup,28904.0
2016.0,Ute/Pickup,32121.0
2016.0,Ute/Pickup,38950.0
2016.0,Ute/Pickup,27990.0
2016.0,Ute/Pickup,28790.0
2016.0,Ute/Pickup,25990.0
2016.0,Ute/Pickup,32075.0
2016.0,Ute/Pickup,27822.0
2016.0,Ute/Pickup,32990.0
2016.0,Ute/Pickup,29345.0
2016.0,Ute/Pickup,28790.0
2016.0,Ute/Pickup,28990.0
2016.0,Ute/Pickup,50990.0
2016.0,Ute/Pickup,24490.0
2016.0,Ute/Pickup,33990.0
2016.0,Ute/Pickup,30830.0
2016.0,Ute/Pickup,30830.0
2016.0,Ute/Pickup,30890.0
2016.0,Ute/Pickup,23990.0
2016.0,Ute/Pickup,29891.0
2016.0,Ute/Pickup,33638.0
2016.0,Ute/Pickup,28795.0
2016.0,Ute/Pickup,41077.0
2016.0,Ute/Pickup,28930.0
2016.0,Ute/Pickup,36040.0
2016.0,Ute/Pickup,28990.0
2016.0,Ute/Pickup,30883.0
2016.0,Ute/Pickup,46646.0
2016.0,Ute/Pickup,30690.0
2016.0,Ute/Pickup,20530.0
2016.0,Ute/Pickup,102950.0
2016.0,Ute/Pickup,25990.0
2016.0,Van,33888.0
2016.0,Van,23991.0
2016.0,Van,41989.0
2016.0,Van,32999.0
2016.0,Van,28490.0
2016.0,Van,26990.0
2016.0,Van,31138.0
2016.0,Van,20567.0
2016.0,Van,23415.0
2016.0,Van,21888.0
2016.0,Van,37592.0
2016.0,Van,23641.0
2016.0,Wagon,37888.0
2016.0,Wagon,22557.0
2016.0,Wagon,40990.0
2016.0,Wagon,24640.0
2016.0,Wagon,24640.0
2016.0,Wagon,25990.0
2016.0,Wagon,28990.0
2016.0,Wagon,29990.0
2016.0,Wagon,29990.0
2016.0,Wagon,20990.0
2016.0,Wagon,58573.0
2016.0,Wagon,24990.0
2016.0,Wagon,37490.0
2016.0,Wagon,21490.0
2016.0,Wagon,21490.0
2016.0,Wagon,22400.0
2016.0,Wagon,48977.0
2016.0,Wagon,52088.0
2016.0,Wagon,48977.0
2016.0,Wagon,28679.0
2016.0,Wagon,24555.0
2016.0,Wagon,41190.0
2016.0,Wagon,22888.0
2016.0,Wagon,58990.0
2016.0,Wagon,14415.0
2016.0,Wagon,14916.0
2016.0,Wagon,19990.0
2016.0,Wagon,83488.0
2016.0,Wagon,41990.0
2016.0,Wagon,41990.0
2016.0,Wagon,17999.0
2016.0,Wagon,17500.0
2016.0,Wagon,26719.0
2016.0,Wagon,41599.0
2016.0,Wagon,15362.0
2017.0,Convertible,35999.0
2017.0,Convertible,99990.0
2017.0,Convertible,59990.0
2017.0,Convertible,42990.0
2017.0,Convertible,52868.0
2017.0,Coupe,34888.0
2017.0,Coupe,209800.0
2017.0,Coupe,37370.0
2017.0,Coupe,37370.0
2017.0,Coupe,45800.0
2017.0,Coupe,41998.0
2017.0,Coupe,42800.0
2017.0,Coupe,38990.0
2017.0,Coupe,32990.0
2017.0,Coupe,59875.0
2017.0,Coupe,105429.0
2017.0,Coupe,32990.0
2017.0,Coupe,53995.0
2017.0,Coupe,35340.0
2017.0,Coupe,240495.0
2017.0,Coupe,32480.0
2017.0,Coupe,71990.0
2017.0,Coupe,40160.0
2017.0,Hatchback,39120.0
2017.0,Hatchback,39120.0
2017.0,Hatchback,15747.0
2017.0,Hatchback,17226.0
2017.0,Hatchback,16430.0
2017.0,Hatchback,18417.0
2017.0,Hatchback,18850.0
2017.0,Hatchback,19990.0
2017.0,Hatchback,21890.0
2017.0,Hatchback,19560.0
2017.0,Hatchback,24090.0
2017.0,Hatchback,24090.0
2017.0,Hatchback,17989.0
2017.0,Hatchback,15410.0
2017.0,Hatchback,26800.0
2017.0,Hatchback,25800.0
2017.0,Hatchback,30477.0
2017.0,Hatchback,14990.0
2017.0,Hatchback,19990.0
2017.0,Hatchback,19800.0
2017.0,Hatchback,20394.0
2017.0,Hatchback,24599.0
2017.0,Hatchback,22880.0
2017.0,Hatchback,19990.0
2017.0,Hatchback,21557.0
2017.0,Hatchback,43990.0
2017.0,Hatchback,21620.0
2017.0,Hatchback,22014.0
2017.0,Hatchback,19560.0
2017.0,Hatchback,16390.0
2017.0,Hatchback,22393.0
2017.0,Hatchback,31990.0
2017.0,Hatchback,18990.0
2017.0,Hatchback,19990.0
2017.0,Hatchback,19902.0
2017.0,Hatchback,21490.0
2017.0,Hatchback,18484.0
2017.0,Hatchback,15347.0
2017.0,Hatchback,35990.0
2017.0,Hatchback,41990.0
2017.0,Hatchback,26990.0
2017.0,Hatchback,19690.0
2017.0,Hatchback,19690.0
2017.0,Hatchback,23490.0
2017.0,Hatchback,38100.0
2017.0,Hatchback,17990.0
2017.0,Hatchback,19490.0
2017.0,Hatchback,17990.0
2017.0,Hatchback,15440.0
2017.0,Hatchback,22990.0
2017.0,Hatchback,14410.0
2017.0,Hatchback,21488.0
2017.0,Hatchback,16268.0
2017.0,Hatchback,16490.0
2017.0,Hatchback,26990.0
2017.0,Hatchback,30880.0
2017.0,Hatchback,15990.0
2017.0,Hatchback,15990.0
2017.0,Hatchback,28690.0
2017.0,Hatchback,18334.0
2017.0,Hatchback,13990.0
2017.0,Hatchback,19560.0
2017.0,Hatchback,17990.0
2017.0,Hatchback,33887.0
2017.0,Hatchback,34800.0
2017.0,Hatchback,27990.0
2017.0,Hatchback,23575.0
2017.0,Hatchback,19990.0
2017.0,Hatchback,18799.0
2017.0,Hatchback,21990.0
2017.0,Hatchback,16888.0
2017.0,Hatchback,15355.0
2017.0,Hatchback,20447.0
2017.0,Hatchback,22594.0
2017.0,Hatchback,14490.0
2017.0,Hatchback,37070.0
2017.0,Hatchback,12888.0
2017.0,Hatchback,17457.0
2017.0,Hatchback,16790.0
2017.0,Hatchback,18551.0
2017.0,Hatchback,33868.0
2017.0,Hatchback,15440.0
2017.0,Hatchback,14990.0
2017.0,Hatchback,17990.0
2017.0,Hatchback,12888.0
2017.0,Hatchback,22614.0
2017.0,Hatchback,30475.0
2017.0,Hatchback,23631.0
2017.0,Hatchback,17990.0
2017.0,Hatchback,29990.0
2017.0,Hatchback,25990.0
2017.0,Hatchback,18425.0
2017.0,Hatchback,15490.0
2017.0,Hatchback,13948.0
2017.0,Hatchback,22614.0
2017.0,Hatchback,18504.0
2017.0,Hatchback,18380.0
2017.0,Hatchback,30890.0
2017.0,Hatchback,19426.0
2017.0,Hatchback,20454.0
2017.0,Hatchback,20454.0
2017.0,Hatchback,19560.0
2017.0,Hatchback,14990.0
2017.0,Hatchback,18561.0
2017.0,Hatchback,19990.0
2017.0,Hatchback,13380.0
2017.0,Hatchback,19591.0
2017.0,Hatchback,13880.0
2017.0,Hatchback,16470.0
2017.0,Hatchback,15888.0
2017.0,Hatchback,14990.0
2017.0,Hatchback,18334.0
2017.0,SUV,19995.0
2017.0,SUV,14990.0
2017.0,SUV,16995.0
2017.0,SUV,30890.0
2017.0,SUV,51590.0
2017.0,SUV,47295.0
2017.0,SUV,35392.0
2017.0,SUV,23880.0
2017.0,SUV,49990.0
2017.0,SUV,25990.0
2017.0,SUV,51499.0
2017.0,SUV,14415.0
2017.0,SUV,14558.0
2017.0,SUV,15499.0
2017.0,SUV,29800.0
2017.0,SUV,21950.0
2017.0,SUV,54888.0
2017.0,SUV,49990.0
2017.0,SUV,27999.0
2017.0,SUV,23680.0
2017.0,SUV,17995.0
2017.0,SUV,22558.0
2017.0,SUV,22594.0
2017.0,SUV,27999.0
2017.0,SUV,40160.0
2017.0,SUV,74990.0
2017.0,SUV,19850.0
2017.0,SUV,37585.0
2017.0,SUV,32170.0
2017.0,SUV,19991.0
2017.0,SUV,34893.0
2017.0,SUV,15990.0
2017.0,SUV,23990.0
2017.0,SUV,16430.0
2017.0,SUV,29990.0
2017.0,SUV,25990.0
2017.0,SUV,26990.0
2017.0,SUV,42800.0
2017.0,SUV,23612.0
2017.0,SUV,15990.0
2017.0,SUV,29990.0
2017.0,SUV,17476.0
2017.0,SUV,27703.0
2017.0,SUV,23990.0
2017.0,SUV,23999.0
2017.0,SUV,18990.0
2017.0,SUV,18485.0
2017.0,SUV,20499.0
2017.0,SUV,69990.0
2017.0,SUV,47990.0
2017.0,SUV,69990.0
2017.0,SUV,36990.0
2017.0,SUV,23990.0
2017.0,SUV,34885.0
2017.0,SUV,24990.0
2017.0,SUV,27800.0
2017.0,SUV,42990.0
2017.0,SUV,24710.0
2017.0,SUV,18499.0
2017.0,SUV,28575.0
2017.0,SUV,25888.0
2017.0,SUV,44214.0
2017.0,SUV,19950.0
2017.0,SUV,49832.0
2017.0,SUV,23790.0
2017.0,SUV,37904.0
2017.0,SUV,19990.0
2017.0,SUV,22399.0
2017.0,SUV,52100.0
2017.0,SUV,24990.0
2017.0,SUV,23961.0
2017.0,SUV,26743.0
2017.0,SUV,24990.0
2017.0,SUV,33063.0
2017.0,SUV,26990.0
2017.0,SUV,27832.0
2017.0,SUV,18290.0
2017.0,SUV,75910.0
2017.0,SUV,22557.0
2017.0,SUV,20590.0
2017.0,SUV,19999.0
2017.0,SUV,16868.0
2017.0,SUV,46898.0
2017.0,SUV,23990.0
2017.0,SUV,36477.0
2017.0,SUV,72950.0
2017.0,SUV,23888.0
2017.0,SUV,35383.0
2017.0,SUV,22650.0
2017.0,SUV,24444.0
2017.0,SUV,20490.0
2017.0,SUV,23555.0
2017.0,SUV,17121.0
2017.0,SUV,25690.0
2017.0,SUV,25999.0
2017.0,SUV,24990.0
2017.0,SUV,26990.0
2017.0,SUV,36800.0
2017.0,SUV,21990.0
2017.0,SUV,22990.0
2017.0,SUV,20394.0
2017.0,SUV,39800.0
2017.0,SUV,44206.0
2017.0,SUV,23888.0
2017.0,SUV,21850.0
2017.0,SUV,49990.0
2017.0,SUV,27800.0
2017.0,SUV,28830.0
2017.0,SUV,25990.0
2017.0,SUV,55695.0
2017.0,SUV,28850.0
2017.0,SUV,34905.0
2017.0,SUV,28830.0
2017.0,SUV,41990.0
2017.0,SUV,24185.0
2017.0,SUV,29820.0
2017.0,SUV,77840.0
2017.0,SUV,77840.0
2017.0,SUV,19690.0
2017.0,SUV,20548.0
2017.0,SUV,49990.0
2017.0,SUV,29990.0
2017.0,SUV,19999.0
2017.0,SUV,32009.0
2017.0,SUV,21590.0
2017.0,SUV,21590.0
2017.0,SUV,32990.0
2017.0,SUV,20990.0
2017.0,SUV,22842.0
2017.0,SUV,63888.0
2017.0,SUV,27800.0
2017.0,SUV,21546.0
2017.0,SUV,23490.0
2017.0,SUV,41989.0
2017.0,SUV,27690.0
2017.0,SUV,26990.0
2017.0,SUV,26990.0
2017.0,SUV,37904.0
2017.0,SUV,28830.0
2017.0,SUV,51980.0
2017.0,SUV,23951.0
2017.0,SUV,62888.0
2017.0,SUV,62888.0
2017.0,SUV,23990.0
2017.0,SUV,32840.0
2017.0,SUV,16377.0
2017.0,SUV,51469.0
2017.0,SUV,48433.0
2017.0,SUV,48433.0
2017.0,SUV,17990.0
2017.0,SUV,32837.0
2017.0,SUV,27800.0
2017.0,SUV,29990.0
2017.0,SUV,21490.0
2017.0,SUV,29990.0
2017.0,SUV,77940.0
2017.0,SUV,29860.0
2017.0,SUV,18530.0
2017.0,SUV,29480.0
2017.0,SUV,21900.0
2017.0,SUV,25888.0
2017.0,SUV,29767.0
2017.0,SUV,29767.0
2017.0,SUV,55990.0
2017.0,SUV,27800.0
2017.0,SUV,37455.0
2017.0,SUV,26753.0
2017.0,SUV,20990.0
2017.0,SUV,37990.0
2017.0,SUV,19990.0
2017.0,SUV,42543.0
2017.0,SUV,19341.0
2017.0,SUV,25740.0
2017.0,SUV,21620.0
2017.0,SUV,18822.0
2017.0,SUV,18822.0
2017.0,SUV,24990.0
2017.0,SUV,26744.0
2017.0,SUV,20568.0
2017.0,SUV,40160.0
2017.0,SUV,21990.0
2017.0,SUV,17127.0
2017.0,SUV,32857.0
2017.0,SUV,28622.0
2017.0,SUV,43880.0
2017.0,SUV,18990.0
2017.0,SUV,30990.0
2017.0,SUV,23990.0
2017.0,SUV,18128.0
2017.0,SUV,30550.0
2017.0,SUV,18990.0
2017.0,SUV,21990.0
2017.0,SUV,28315.0
2017.0,SUV,45320.0
2017.0,SUV,36364.0
2017.0,SUV,21990.0
2017.0,SUV,15790.0
2017.0,SUV,15790.0
2017.0,SUV,39990.0
2017.0,SUV,29870.0
2017.0,SUV,17509.0
2017.0,SUV,18990.0
2017.0,SUV,26574.0
2017.0,SUV,32975.0
2017.0,SUV,47880.0
2017.0,SUV,18629.0
2017.0,SUV,14888.0
2017.0,SUV,26770.0
2017.0,SUV,14970.0
2017.0,SUV,16945.0
2017.0,SUV,29860.0
2017.0,SUV,21576.0
2017.0,SUV,19690.0
2017.0,SUV,29990.0
2017.0,SUV,17407.0
2017.0,SUV,15538.0
2017.0,SUV,43250.0
2017.0,SUV,28999.0
2017.0,SUV,20590.0
2017.0,SUV,32560.0
2017.0,SUV,20330.0
2017.0,SUV,19880.0
2017.0,SUV,22490.0
2017.0,SUV,21888.0
2017.0,SUV,21085.0
2017.0,SUV,29480.0
2017.0,SUV,21490.0
2017.0,SUV,24487.0
2017.0,SUV,51582.0
2017.0,SUV,29990.0
2017.0,SUV,27677.0
2017.0,SUV,20445.0
2017.0,SUV,55610.0
2017.0,SUV,27813.0
2017.0,SUV,18490.0
2017.0,SUV,36990.0
2017.0,SUV,28690.0
2017.0,SUV,22640.0
2017.0,SUV,26719.0
2017.0,SUV,18485.0
2017.0,SUV,64880.0
2017.0,SUV,26990.0
2017.0,SUV,27990.0
2017.0,SUV,18314.0
2017.0,SUV,41880.0
2017.0,SUV,29767.0
2017.0,SUV,16470.0
2017.0,SUV,17457.0
2017.0,SUV,45722.0
2017.0,SUV,17500.0
2017.0,SUV,25740.0
2017.0,SUV,18888.0
2017.0,SUV,62990.0
2017.0,SUV,24990.0
2017.0,SUV,25995.0
2017.0,SUV,18990.0
2017.0,SUV,18990.0
2017.0,SUV,19512.0
2017.0,SUV,27990.0
2017.0,SUV,25864.0
2017.0,SUV,16990.0
2017.0,SUV,33390.0
2017.0,SUV,71540.0
2017.0,SUV,32990.0
2017.0,SUV,27685.0
2017.0,SUV,46888.0
2017.0,SUV,26950.0
2017.0,SUV,27800.0
2017.0,SUV,22081.0
2017.0,SUV,27813.0
2017.0,SUV,19990.0
2017.0,SUV,30890.0
2017.0,SUV,19788.0
2017.0,SUV,22990.0
2017.0,SUV,25990.0
2017.0,SUV,23499.0
2017.0,SUV,25990.0
2017.0,SUV,52490.0
2017.0,SUV,28490.0
2017.0,SUV,28490.0
2017.0,SUV,21980.0
2017.0,SUV,25597.0
2017.0,SUV,49990.0
2017.0,SUV,19880.0
2017.0,SUV,43157.0
2017.0,SUV,34500.0
2017.0,SUV,21567.0
2017.0,SUV,28914.0
2017.0,SUV,18805.0
2017.0,SUV,46340.0
2017.0,SUV,19990.0
2017.0,SUV,15990.0
2017.0,SUV,14990.0
2017.0,SUV,22614.0
2017.0,SUV,22073.0
2017.0,SUV,18530.0
2017.0,SUV,18530.0
2017.0,SUV,52110.0
2017.0,SUV,24990.0
2017.0,SUV,49788.0
2017.0,SUV,59990.0
2017.0,SUV,30694.0
2017.0,SUV,33424.0
2017.0,SUV,22650.0
2017.0,SUV,32990.0
2017.0,SUV,22509.0
2017.0,SUV,51590.0
2017.0,SUV,19990.0
2017.0,SUV,18888.0
2017.0,SUV,43250.0
2017.0,SUV,67223.0
2017.0,SUV,21371.0
2017.0,SUV,22990.0
2017.0,SUV,25880.0
2017.0,SUV,22990.0
2017.0,SUV,20540.0
2017.0,SUV,49800.0
2017.0,SUV,26822.0
2017.0,SUV,48490.0
2017.0,SUV,22990.0
2017.0,SUV,42490.0
2017.0,SUV,14394.0
2017.0,SUV,26760.0
2017.0,SUV,22650.0
2017.0,SUV,20559.0
2017.0,SUV,19888.0
2017.0,SUV,25686.0
2017.0,SUV,18990.0
2017.0,SUV,23680.0
2017.0,SUV,33204.0
2017.0,SUV,39782.0
2017.0,SUV,36018.0
2017.0,SUV,18695.0
2017.0,SUV,15990.0
2017.0,SUV,37990.0
2017.0,SUV,19520.0
2017.0,SUV,22595.0
2017.0,SUV,18880.0
2017.0,SUV,42990.0
2017.0,SUV,61750.0
2017.0,SUV,34312.0
2017.0,SUV,18530.0
2017.0,SUV,19521.0
2017.0,SUV,50340.0
2017.0,SUV,19560.0
2017.0,SUV,44175.0
2017.0,SUV,27800.0
2017.0,SUV,15945.0
2017.0,SUV,22990.0
2017.0,SUV,36990.0
2017.0,SUV,22990.0
2017.0,SUV,15990.0
2017.0,SUV,15360.0
2017.0,SUV,27800.0
2017.0,SUV,28990.0
2017.0,SUV,23990.0
2017.0,SUV,17476.0
2017.0,SUV,17990.0
2017.0,SUV,16470.0
2017.0,SUV,36030.0
2017.0,SUV,16980.0
2017.0,SUV,18998.0
2017.0,SUV,26744.0
2017.0,SUV,19678.0
2017.0,SUV,25740.0
2017.0,SUV,42990.0
2017.0,SUV,25597.0
2017.0,SUV,24710.0
2017.0,SUV,17505.0
2017.0,SUV,18905.0
2017.0,SUV,24888.0
2017.0,SUV,32029.0
2017.0,SUV,23517.0
2017.0,SUV,25740.0
2017.0,SUV,18015.0
2017.0,SUV,19699.0
2017.0,SUV,20590.0
2017.0,SUV,18990.0
2017.0,SUV,18504.0
2017.0,SUV,17990.0
2017.0,SUV,60515.0
2017.0,SUV,27999.0
2017.0,SUV,16888.0
2017.0,SUV,23680.0
2017.0,SUV,17990.0
2017.0,SUV,18990.0
2017.0,SUV,28428.0
2017.0,SUV,22681.0
2017.0,SUV,28830.0
2017.0,SUV,17990.0
2017.0,SUV,27990.0
2017.0,SUV,24880.0
2017.0,SUV,27990.0
2017.0,SUV,16990.0
2017.0,SUV,18995.0
2017.0,SUV,24741.0
2017.0,SUV,26760.0
2017.0,SUV,24741.0
2017.0,SUV,24868.0
2017.0,SUV,19888.0
2017.0,SUV,16995.0
2017.0,SUV,24990.0
2017.0,SUV,28990.0
2017.0,SUV,24564.0
2017.0,SUV,20621.0
2017.0,SUV,23641.0
2017.0,SUV,17990.0
2017.0,SUV,17100.0
2017.0,SUV,17505.0
2017.0,SUV,26988.0
2017.0,SUV,22454.0
2017.0,SUV,44234.0
2017.0,Sedan,20590.0
2017.0,Sedan,17491.0
2017.0,Sedan,42800.0
2017.0,Sedan,28990.0
2017.0,Sedan,29990.0
2017.0,Sedan,20990.0
2017.0,Sedan,27800.0
2017.0,Sedan,79800.0
2017.0,Sedan,114990.0
2017.0,Sedan,59980.0
2017.0,Sedan,26990.0
2017.0,Sedan,69800.0
2017.0,Sedan,69800.0
2017.0,Sedan,35990.0
2017.0,Sedan,42800.0
2017.0,Sedan,20590.0
2017.0,Sedan,29850.0
2017.0,Sedan,23680.0
2017.0,Sedan,66888.0
2017.0,Sedan,16990.0
2017.0,Sedan,47401.0
2017.0,Sedan,44833.0
2017.0,Sedan,44833.0
2017.0,Sedan,44833.0
2017.0,Sedan,39499.0
2017.0,Sedan,23958.0
2017.0,Sedan,16690.0
2017.0,Sedan,23888.0
2017.0,Sedan,42988.0
2017.0,Sedan,33093.0
2017.0,Sedan,30000.0
2017.0,Sedan,50355.0
2017.0,Sedan,68449.0
2017.0,Sedan,21990.0
2017.0,Sedan,16990.0
2017.0,Sedan,48965.0
2017.0,Sedan,31490.0
2017.0,Sedan,14888.0
2017.0,Sedan,26990.0
2017.0,Sedan,26748.0
2017.0,Sedan,17961.0
2017.0,Sedan,21990.0
2017.0,Sedan,15316.0
2017.0,Sedan,15440.0
2017.0,Sedan,21990.0
2017.0,Sedan,69800.0
2017.0,Sedan,29990.0
2017.0,Sedan,31920.0
2017.0,Sedan,57488.0
2017.0,Sedan,25888.0
2017.0,Sedan,88888.0
2017.0,Sedan,24605.0
2017.0,Sedan,17308.0
2017.0,Sedan,24605.0
2017.0,Sedan,16990.0
2017.0,Sedan,15990.0
2017.0,Sedan,23015.0
2017.0,Sedan,39990.0
2017.0,Sedan,48440.0
2017.0,Sedan,17990.0
2017.0,Sedan,18530.0
2017.0,Sedan,54645.0
2017.0,Sedan,21690.0
2017.0,Sedan,15990.0
2017.0,Sedan,57365.0
2017.0,Sedan,17500.0
2017.0,Sedan,64990.0
2017.0,Sedan,21900.0
2017.0,Sedan,21990.0
2017.0,Sedan,16888.0
2017.0,Sedan,44800.0
2017.0,Sedan,20990.0
2017.0,Sedan,42990.0
2017.0,Sedan,14410.0
2017.0,Sedan,15424.0
2017.0,Sedan,21056.0
2017.0,Sedan,48156.0
2017.0,Sedan,27990.0
2017.0,Sedan,76990.0
2017.0,Sedan,21805.0
2017.0,Sedan,28990.0
2017.0,Sedan,22990.0
2017.0,Sedan,23680.0
2017.0,Sedan,22614.0
2017.0,Sedan,50990.0
2017.0,Sedan,25740.0
2017.0,Sedan,24995.0
2017.0,Sedan,30880.0
2017.0,Sedan,28635.0
2017.0,Sedan,52490.0
2017.0,Sedan,17490.0
2017.0,Sedan,14990.0
2017.0,Sedan,30890.0
2017.0,Sedan,58565.0
2017.0,Sedan,54990.0
2017.0,Sedan,54990.0
2017.0,Sedan,20540.0
2017.0,Sedan,23690.0
2017.0,Sedan,17395.0
2017.0,Sedan,24888.0
2017.0,Sedan,95800.0
2017.0,Sedan,29990.0
2017.0,Sedan,24990.0
2017.0,Sedan,52990.0
2017.0,Sedan,16880.0
2017.0,Sedan,14403.0
2017.0,Sedan,14990.0
2017.0,Sedan,14950.0
2017.0,Sedan,127990.0
2017.0,Ute/Pickup,26770.0
2017.0,Ute/Pickup,26770.0
2017.0,Ute/Pickup,32490.0
2017.0,Ute/Pickup,38990.0
2017.0,Ute/Pickup,28830.0
2017.0,Ute/Pickup,39990.0
2017.0,Ute/Pickup,26451.0
2017.0,Ute/Pickup,38990.0
2017.0,Ute/Pickup,21999.0
2017.0,Ute/Pickup,39990.0
2017.0,Ute/Pickup,41990.0
2017.0,Ute/Pickup,29963.0
2017.0,Ute/Pickup,36224.0
2017.0,Ute/Pickup,33999.0
2017.0,Ute/Pickup,34930.0
2017.0,Ute/Pickup,41190.0
2017.0,Ute/Pickup,16999.0
2017.0,Ute/Pickup,35490.0
2017.0,Ute/Pickup,26690.0
2017.0,Ute/Pickup,28830.0
2017.0,Ute/Pickup,27900.0
2017.0,Ute/Pickup,18989.0
2017.0,Ute/Pickup,29967.0
2017.0,Ute/Pickup,55089.0
2017.0,Ute/Pickup,25745.0
2017.0,Ute/Pickup,36434.0
2017.0,Ute/Pickup,39690.0
2017.0,Ute/Pickup,32950.0
2017.0,Ute/Pickup,33205.0
2017.0,Ute/Pickup,28708.0
2017.0,Ute/Pickup,29990.0
2017.0,Ute/Pickup,33093.0
2017.0,Ute/Pickup,36475.0
2017.0,Ute/Pickup,28990.0
2017.0,Ute/Pickup,24999.0
2017.0,Ute/Pickup,40787.0
2017.0,Ute/Pickup,28990.0
2017.0,Ute/Pickup,35143.0
2017.0,Ute/Pickup,26759.0
2017.0,Ute/Pickup,26627.0
2017.0,Ute/Pickup,37490.0
2017.0,Ute/Pickup,43250.0
2017.0,Ute/Pickup,34990.0
2017.0,Ute/Pickup,34156.0
2017.0,Ute/Pickup,26909.0
2017.0,Ute/Pickup,26990.0
2017.0,Ute/Pickup,28990.0
2017.0,Ute/Pickup,26771.0
2017.0,Ute/Pickup,34259.0
2017.0,Ute/Pickup,45147.0
2017.0,Ute/Pickup,24669.0
2017.0,Ute/Pickup,28795.0
2017.0,Ute/Pickup,29990.0
2017.0,Ute/Pickup,32490.0
2017.0,Ute/Pickup,28830.0
2017.0,Ute/Pickup,35392.0
2017.0,Ute/Pickup,28790.0
2017.0,Ute/Pickup,51722.0
2017.0,Ute/Pickup,28990.0
2017.0,Ute/Pickup,62842.0
2017.0,Ute/Pickup,34990.0
2017.0,Ute/Pickup,31030.0
2017.0,Ute/Pickup,34312.0
2017.0,Ute/Pickup,41999.0
2017.0,Ute/Pickup,41999.0
2017.0,Ute/Pickup,25874.0
2017.0,Ute/Pickup,33205.0
2017.0,Ute/Pickup,33747.0
2017.0,Ute/Pickup,32121.0
2017.0,Ute/Pickup,112000.0
2017.0,Ute/Pickup,38688.0
2017.0,Ute/Pickup,17980.0
2017.0,Ute/Pickup,67990.0
2017.0,Ute/Pickup,24564.0
2017.0,Ute/Pickup,45990.0
2017.0,Ute/Pickup,33990.0
2017.0,Ute/Pickup,29755.0
2017.0,Ute/Pickup,28830.0
2017.0,Ute/Pickup,26990.0
2017.0,Ute/Pickup,87880.0
2017.0,Ute/Pickup,27790.0
2017.0,Ute/Pickup,37574.0
2017.0,Ute/Pickup,39775.0
2017.0,Ute/Pickup,34990.0
2017.0,Ute/Pickup,15999.0
2017.0,Ute/Pickup,34011.0
2017.0,Ute/Pickup,28990.0
2017.0,Ute/Pickup,43888.0
2017.0,Ute/Pickup,32950.0
2017.0,Ute/Pickup,19999.0
2017.0,Ute/Pickup,42251.0
2017.0,Ute/Pickup,43796.0
2017.0,Ute/Pickup,39161.0
2017.0,Ute/Pickup,33110.0
2017.0,Ute/Pickup,41221.0
2017.0,Ute/Pickup,29994.0
2017.0,Ute/Pickup,31990.0
2017.0,Van,32980.0
2017.0,Van,32980.0
2017.0,Van,22888.0
2017.0,Van,28990.0
2017.0,Van,29488.0
2017.0,Van,39990.0
2017.0,Van,17980.0
2017.0,Van,17980.0
2017.0,Van,27809.0
2017.0,Van,33980.0
2017.0,Van,25245.0
2017.0,Van,33980.0
2017.0,Van,37010.0
2017.0,Van,49490.0
2017.0,Van,37564.0
2017.0,Van,44688.0
2017.0,Wagon,32990.0
2017.0,Wagon,17690.0
2017.0,Wagon,55790.0
2017.0,Wagon,36800.0
2017.0,Wagon,51744.0
2017.0,Wagon,55111.0
2017.0,Wagon,51744.0
2017.0,Wagon,21090.0
2017.0,Wagon,16430.0
2017.0,Wagon,34522.0
2017.0,Wagon,35968.0
2017.0,Wagon,34522.0
2017.0,Wagon,24710.0
2017.0,Wagon,19560.0
2017.0,Wagon,28820.0
2017.0,Wagon,22614.0
2017.0,Wagon,22650.0
2017.0,Wagon,24990.0
2017.0,Wagon,56435.0
2017.0,Wagon,25740.0
2017.0,Wagon,29050.0
2017.0,Wagon,26880.0
2017.0,Wagon,16990.0
2017.0,Wagon,36330.0
2018.0,Convertible,61995.0
2018.0,Convertible,56558.0
2018.0,Convertible,62888.0
2018.0,Convertible,59990.0
2018.0,Convertible,76800.0
2018.0,Coupe,89888.0
2018.0,Coupe,41800.0
2018.0,Coupe,88276.0
2018.0,Coupe,40990.0
2018.0,Coupe,83888.0
2018.0,Coupe,37396.0
2018.0,Coupe,29767.0
2018.0,Coupe,48800.0
2018.0,Coupe,31920.0
2018.0,Coupe,30890.0
2018.0,Coupe,87950.0
2018.0,Coupe,35990.0
2018.0,Coupe,35990.0
2018.0,Hatchback,18490.0
2018.0,Hatchback,14990.0
2018.0,Hatchback,21990.0
2018.0,Hatchback,22990.0
2018.0,Hatchback,22990.0
2018.0,Hatchback,13490.0
2018.0,Hatchback,13490.0
2018.0,Hatchback,29990.0
2018.0,Hatchback,16990.0
2018.0,Hatchback,23228.0
2018.0,Hatchback,16470.0
2018.0,Hatchback,19990.0
2018.0,Hatchback,24995.0
2018.0,Hatchback,43990.0
2018.0,Hatchback,16470.0
2018.0,Hatchback,14410.0
2018.0,Hatchback,22940.0
2018.0,Hatchback,21620.0
2018.0,Hatchback,20519.0
2018.0,Hatchback,14523.0
2018.0,Hatchback,19426.0
2018.0,Hatchback,26888.0
2018.0,Hatchback,17822.0
2018.0,Hatchback,18314.0
2018.0,Hatchback,22290.0
2018.0,Hatchback,16990.0
2018.0,Hatchback,21990.0
2018.0,Hatchback,31950.0
2018.0,Hatchback,39800.0
2018.0,Hatchback,35990.0
2018.0,Hatchback,23880.0
2018.0,Hatchback,19440.0
2018.0,Hatchback,23990.0
2018.0,Hatchback,33980.0
2018.0,Hatchback,22610.0
2018.0,Hatchback,23990.0
2018.0,Hatchback,20539.0
2018.0,Hatchback,28690.0
2018.0,Hatchback,27900.0
2018.0,Hatchback,27687.0
2018.0,Hatchback,20758.0
2018.0,Hatchback,17822.0
2018.0,Hatchback,21567.0
2018.0,Hatchback,25235.0
2018.0,Hatchback,18485.0
2018.0,Hatchback,16789.0
2018.0,Hatchback,16259.0
2018.0,Hatchback,16259.0
2018.0,Hatchback,15822.0
2018.0,Hatchback,24888.0
2018.0,Hatchback,17420.0
2018.0,Hatchback,27800.0
2018.0,Hatchback,22590.0
2018.0,Hatchback,19080.0
2018.0,Hatchback,28886.0
2018.0,Hatchback,29490.0
2018.0,Hatchback,19990.0
2018.0,Hatchback,14410.0
2018.0,Hatchback,14410.0
2018.0,Hatchback,17025.0
2018.0,Hatchback,41995.0
2018.0,Hatchback,20990.0
2018.0,Hatchback,21990.0
2018.0,Hatchback,19690.0
2018.0,Hatchback,24800.0
2018.0,Hatchback,22990.0
2018.0,Hatchback,15822.0
2018.0,Hatchback,20590.0
2018.0,Hatchback,19560.0
2018.0,Hatchback,33490.0
2018.0,Hatchback,21515.0
2018.0,Hatchback,18485.0
2018.0,Hatchback,17500.0
2018.0,Hatchback,20730.0
2018.0,Hatchback,22990.0
2018.0,Hatchback,16583.0
2018.0,Hatchback,16232.0
2018.0,Hatchback,17990.0
2018.0,Hatchback,25572.0
2018.0,Hatchback,17990.0
2018.0,Hatchback,23680.0
2018.0,Hatchback,34888.0
2018.0,Hatchback,21462.0
2018.0,Hatchback,23641.0
2018.0,Hatchback,43998.0
2018.0,Hatchback,19560.0
2018.0,Hatchback,24990.0
2018.0,Hatchback,18513.0
2018.0,Hatchback,14970.0
2018.0,Hatchback,17447.0
2018.0,Hatchback,32990.0
2018.0,Hatchback,25990.0
2018.0,Hatchback,45888.0
2018.0,Hatchback,22990.0
2018.0,Hatchback,18659.0
2018.0,Hatchback,25572.0
2018.0,Hatchback,32466.0
2018.0,Hatchback,19490.0
2018.0,Hatchback,15990.0
2018.0,Hatchback,17457.0
2018.0,Hatchback,15990.0
2018.0,Hatchback,17332.0
2018.0,Hatchback,18484.0
2018.0,Hatchback,22509.0
2018.0,Hatchback,25735.0
2018.0,Hatchback,24155.0
2018.0,Hatchback,24710.0
2018.0,Hatchback,15327.0
2018.0,Hatchback,18530.0
2018.0,Hatchback,22614.0
2018.0,Hatchback,20026.0
2018.0,Hatchback,24710.0
2018.0,Hatchback,19990.0
2018.0,Hatchback,17758.0
2018.0,Hatchback,19990.0
2018.0,Hatchback,34990.0
2018.0,Hatchback,22850.0
2018.0,Hatchback,14410.0
2018.0,Hatchback,15916.0
2018.0,Hatchback,16888.0
2018.0,Hatchback,27831.0
2018.0,SUV,23956.0
2018.0,SUV,34490.0
2018.0,SUV,21888.0
2018.0,SUV,34490.0
2018.0,SUV,21620.0
2018.0,SUV,34917.0
2018.0,SUV,20590.0
2018.0,SUV,26980.0
2018.0,SUV,20990.0
2018.0,SUV,17868.0
2018.0,SUV,27800.0
2018.0,SUV,19805.0
2018.0,SUV,18539.0
2018.0,SUV,18998.0
2018.0,SUV,31724.0
2018.0,SUV,25890.0
2018.0,SUV,39877.0
2018.0,SUV,49800.0
2018.0,SUV,30450.0
2018.0,SUV,34999.0
2018.0,SUV,20753.0
2018.0,SUV,27990.0
2018.0,SUV,24990.0
2018.0,SUV,49833.0
2018.0,SUV,17999.0
2018.0,SUV,24990.0
2018.0,SUV,21462.0
2018.0,SUV,20999.0
2018.0,SUV,23680.0
2018.0,SUV,24640.0
2018.0,SUV,28885.0
2018.0,SUV,38007.0
2018.0,SUV,71990.0
2018.0,SUV,46980.0
2018.0,SUV,37990.0
2018.0,SUV,66800.0
2018.0,SUV,21464.0
2018.0,SUV,34990.0
2018.0,SUV,25740.0
2018.0,SUV,21464.0
2018.0,SUV,46980.0
2018.0,SUV,34492.0
2018.0,SUV,25740.0
2018.0,SUV,39800.0
2018.0,SUV,26888.0
2018.0,SUV,29939.0
2018.0,SUV,41864.0
2018.0,SUV,23680.0
2018.0,SUV,31990.0
2018.0,SUV,19994.0
2018.0,SUV,38990.0
2018.0,SUV,39990.0
2018.0,SUV,21218.0
2018.0,SUV,39877.0
2018.0,SUV,51990.0
2018.0,SUV,18437.0
2018.0,SUV,24956.0
2018.0,SUV,28830.0
2018.0,SUV,24649.0
2018.0,SUV,20590.0
2018.0,SUV,41800.0
2018.0,SUV,29860.0
2018.0,SUV,39480.0
2018.0,SUV,30349.0
2018.0,SUV,38888.0
2018.0,SUV,41190.0
2018.0,SUV,28888.0
2018.0,SUV,30800.0
2018.0,SUV,24195.0
2018.0,SUV,21857.0
2018.0,SUV,26990.0
2018.0,SUV,32950.0
2018.0,SUV,26990.0
2018.0,SUV,32950.0
2018.0,SUV,31985.0
2018.0,SUV,24990.0
2018.0,SUV,102888.0
2018.0,SUV,28315.0
2018.0,SUV,47990.0
2018.0,SUV,23165.0
2018.0,SUV,23190.0
2018.0,SUV,22650.0
2018.0,SUV,24195.0
2018.0,SUV,17500.0
2018.0,SUV,24710.0
2018.0,SUV,26990.0
2018.0,SUV,25990.0
2018.0,SUV,38100.0
2018.0,SUV,23680.0
2018.0,SUV,31990.0
2018.0,SUV,25990.0
2018.0,SUV,27990.0
2018.0,SUV,26990.0
2018.0,SUV,79800.0
2018.0,SUV,83990.0
2018.0,SUV,31900.0
2018.0,SUV,34499.0
2018.0,SUV,24155.0
2018.0,SUV,28531.0
2018.0,SUV,25990.0
2018.0,SUV,16490.0
2018.0,SUV,22558.0
2018.0,SUV,38990.0
2018.0,SUV,46800.0
2018.0,SUV,19673.0
2018.0,SUV,31138.0
2018.0,SUV,33800.0
2018.0,SUV,48800.0
2018.0,SUV,43377.0
2018.0,SUV,45768.0
2018.0,SUV,43377.0
2018.0,SUV,49800.0
2018.0,SUV,39990.0
2018.0,SUV,19407.0
2018.0,SUV,32121.0
2018.0,SUV,32950.0
2018.0,SUV,23680.0
2018.0,SUV,54800.0
2018.0,SUV,25677.0
2018.0,SUV,25749.0
2018.0,SUV,31130.0
2018.0,SUV,24990.0
2018.0,SUV,27990.0
2018.0,SUV,32990.0
2018.0,SUV,19828.0
2018.0,SUV,34728.0
2018.0,SUV,31138.0
2018.0,SUV,32555.0
2018.0,SUV,34250.0
2018.0,SUV,23165.0
2018.0,SUV,24990.0
2018.0,SUV,20035.0
2018.0,SUV,22073.0
2018.0,SUV,25963.0
2018.0,SUV,64990.0
2018.0,SUV,20888.0
2018.0,SUV,26744.0
2018.0,SUV,25490.0
2018.0,SUV,30890.0
2018.0,SUV,21888.0
2018.0,SUV,38111.0
2018.0,SUV,25740.0
2018.0,SUV,72397.0
2018.0,SUV,27800.0
2018.0,SUV,38111.0
2018.0,SUV,26990.0
2018.0,SUV,24195.0
2018.0,SUV,37990.0
2018.0,SUV,22163.0
2018.0,SUV,24990.0
2018.0,SUV,19989.0
2018.0,SUV,22490.0
2018.0,SUV,79740.0
2018.0,SUV,54800.0
2018.0,SUV,22490.0
2018.0,SUV,30282.0
2018.0,SUV,21990.0
2018.0,SUV,30282.0
2018.0,SUV,33645.0
2018.0,SUV,34800.0
2018.0,SUV,25990.0
2018.0,SUV,21576.0
2018.0,SUV,49990.0
2018.0,SUV,31990.0
2018.0,SUV,23680.0
2018.0,SUV,26753.0
2018.0,SUV,24514.0
2018.0,SUV,24514.0
2018.0,SUV,34888.0
2018.0,SUV,24990.0
2018.0,SUV,100845.0
2018.0,SUV,24670.0
2018.0,SUV,17990.0
2018.0,SUV,41880.0
2018.0,SUV,19990.0
2018.0,SUV,20288.0
2018.0,SUV,25700.0
2018.0,SUV,26990.0
2018.0,SUV,19744.0
2018.0,SUV,25690.0
2018.0,SUV,53422.0
2018.0,SUV,26990.0
2018.0,SUV,21620.0
2018.0,SUV,26990.0
2018.0,SUV,36990.0
2018.0,SUV,31516.0
2018.0,SUV,20990.0
2018.0,SUV,20990.0
2018.0,SUV,75645.0
2018.0,SUV,20990.0
2018.0,SUV,81982.0
2018.0,SUV,81982.0
2018.0,SUV,43390.0
2018.0,SUV,51590.0
2018.0,SUV,27995.0
2018.0,SUV,39990.0
2018.0,SUV,33990.0
2018.0,SUV,30777.0
2018.0,SUV,48800.0
2018.0,SUV,26990.0
2018.0,SUV,20291.0
2018.0,SUV,31480.0
2018.0,SUV,39130.0
2018.0,SUV,69800.0
2018.0,SUV,28830.0
2018.0,SUV,29345.0
2018.0,SUV,16888.0
2018.0,SUV,43656.0
2018.0,SUV,16888.0
2018.0,SUV,30498.0
2018.0,SUV,24590.0
2018.0,SUV,23992.0
2018.0,SUV,31990.0
2018.0,SUV,26743.0
2018.0,SUV,18530.0
2018.0,SUV,19744.0
2018.0,SUV,19888.0
2018.0,SUV,15244.0
2018.0,SUV,24823.0
2018.0,SUV,35490.0
2018.0,SUV,29860.0
2018.0,SUV,29860.0
2018.0,SUV,26715.0
2018.0,SUV,23888.0
2018.0,SUV,32121.0
2018.0,SUV,25864.0
2018.0,SUV,30375.0
2018.0,SUV,28990.0
2018.0,SUV,76980.0
2018.0,SUV,76980.0
2018.0,SUV,20544.0
2018.0,SUV,27880.0
2018.0,SUV,19994.0
2018.0,SUV,22990.0
2018.0,SUV,20739.0
2018.0,SUV,27850.0
2018.0,SUV,30890.0
2018.0,SUV,24990.0
2018.0,SUV,36868.0
2018.0,SUV,32908.0
2018.0,SUV,31499.0
2018.0,SUV,21888.0
2018.0,SUV,43990.0
2018.0,SUV,32690.0
2018.0,SUV,32690.0
2018.0,SUV,38605.0
2018.0,SUV,19490.0
2018.0,SUV,23990.0
2018.0,SUV,37990.0
2018.0,SUV,21450.0
2018.0,SUV,46452.0
2018.0,SUV,48990.0
2018.0,SUV,18990.0
2018.0,SUV,18900.0
2018.0,SUV,34990.0
2018.0,SUV,48240.0
2018.0,SUV,38880.0
2018.0,SUV,29969.0
2018.0,SUV,28865.0
2018.0,SUV,30490.0
2018.0,SUV,35690.0
2018.0,SUV,24490.0
2018.0,SUV,77418.0
2018.0,SUV,45990.0
2018.0,SUV,31888.0
2018.0,SUV,22888.0
2018.0,SUV,25490.0
2018.0,SUV,24990.0
2018.0,SUV,26490.0
2018.0,SUV,31815.0
2018.0,SUV,33705.0
2018.0,SUV,25990.0
2018.0,SUV,23998.0
2018.0,SUV,22595.0
2018.0,SUV,21963.0
2018.0,SUV,21963.0
2018.0,SUV,42950.0
2018.0,SUV,19690.0
2018.0,SUV,79800.0
2018.0,SUV,31990.0
2018.0,SUV,24480.0
2018.0,SUV,28490.0
2018.0,SUV,18990.0
2018.0,SUV,20990.0
2018.0,SUV,21990.0
2018.0,SUV,23575.0
2018.0,SUV,20868.0
2018.0,SUV,21990.0
2018.0,SUV,17981.0
2018.0,SUV,24990.0
2018.0,SUV,20590.0
2018.0,SUV,70373.0
2018.0,SUV,27990.0
2018.0,SUV,27490.0
2018.0,SUV,16274.0
2018.0,SUV,72880.0
2018.0,SUV,44800.0
2018.0,SUV,18998.0
2018.0,SUV,30999.0
2018.0,SUV,45237.0
2018.0,SUV,25690.0
2018.0,SUV,18484.0
2018.0,SUV,20690.0
2018.0,SUV,24710.0
2018.0,SUV,36990.0
2018.0,SUV,18950.0
2018.0,SUV,32950.0
2018.0,SUV,39763.0
2018.0,SUV,22480.0
2018.0,SUV,23990.0
2018.0,SUV,28999.0
2018.0,SUV,17436.0
2018.0,SUV,27792.0
2018.0,SUV,42895.0
2018.0,SUV,24710.0
2018.0,SUV,72416.0
2018.0,SUV,19560.0
2018.0,SUV,18956.0
2018.0,SUV,17990.0
2018.0,SUV,22288.0
2018.0,SUV,22288.0
2018.0,SUV,39120.0
2018.0,SUV,19990.0
2018.0,SUV,36957.0
2018.0,SUV,39370.0
2018.0,SUV,21990.0
2018.0,SUV,30948.0
2018.0,SUV,25990.0
2018.0,SUV,20730.0
2018.0,SUV,28830.0
2018.0,SUV,56718.0
2018.0,SUV,20590.0
2018.0,SUV,38988.0
2018.0,SUV,29490.0
2018.0,SUV,31040.0
2018.0,SUV,58690.0
2018.0,SUV,25880.0
2018.0,SUV,33800.0
2018.0,SUV,46368.0
2018.0,SUV,18990.0
2018.0,SUV,39990.0
2018.0,SUV,20590.0
2018.0,SUV,24710.0
2018.0,SUV,41792.0
2018.0,SUV,28830.0
2018.0,SUV,36990.0
2018.0,SUV,25987.0
2018.0,SUV,25660.0
2018.0,SUV,19990.0
2018.0,SUV,89800.0
2018.0,SUV,79800.0
2018.0,SUV,26770.0
2018.0,SUV,22178.0
2018.0,SUV,23990.0
2018.0,SUV,15888.0
2018.0,SUV,19990.0
2018.0,SUV,51450.0
2018.0,SUV,26990.0
2018.0,SUV,24710.0
2018.0,SUV,22595.0
2018.0,SUV,26490.0
2018.0,SUV,17990.0
2018.0,SUV,25990.0
2018.0,SUV,45990.0
2018.0,SUV,23990.0
2018.0,SUV,35340.0
2018.0,SUV,27760.0
2018.0,SUV,34990.0
2018.0,SUV,41989.0
2018.0,SUV,20990.0
2018.0,SUV,39017.0
2018.0,SUV,26710.0
2018.0,SUV,21880.0
2018.0,SUV,44987.0
2018.0,SUV,25740.0
2018.0,SUV,75888.0
2018.0,SUV,23990.0
2018.0,SUV,22990.0
2018.0,SUV,36040.0
2018.0,SUV,36874.0
2018.0,SUV,25655.0
2018.0,SUV,17395.0
2018.0,SUV,17990.0
2018.0,SUV,23371.0
2018.0,SUV,70280.0
2018.0,SUV,17990.0
2018.0,SUV,22990.0
2018.0,SUV,37999.0
2018.0,SUV,26450.0
2018.0,SUV,98723.0
2018.0,SUV,71750.0
2018.0,SUV,23641.0
2018.0,SUV,22650.0
2018.0,SUV,15297.0
2018.0,SUV,46357.0
2018.0,SUV,31040.0
2018.0,SUV,15449.0
2018.0,SUV,19502.0
2018.0,SUV,20590.0
2018.0,SUV,25677.0
2018.0,SUV,22888.0
2018.0,SUV,39990.0
2018.0,SUV,59461.0
2018.0,SUV,42990.0
2018.0,SUV,51580.0
2018.0,SUV,26112.0
2018.0,SUV,53990.0
2018.0,SUV,30747.0
2018.0,SUV,27800.0
2018.0,SUV,32466.0
2018.0,SUV,80017.0
2018.0,SUV,37990.0
2018.0,SUV,18530.0
2018.0,SUV,23999.0
2018.0,SUV,72990.0
2018.0,SUV,31920.0
2018.0,SUV,36040.0
2018.0,SUV,25677.0
2018.0,SUV,22490.0
2018.0,SUV,36486.0
2018.0,SUV,36486.0
2018.0,SUV,22604.0
2018.0,SUV,16490.0
2018.0,SUV,25740.0
2018.0,SUV,22990.0
2018.0,SUV,20790.0
2018.0,SUV,24990.0
2018.0,SUV,41990.0
2018.0,SUV,40881.0
2018.0,SUV,32690.0
2018.0,SUV,31999.0
2018.0,SUV,25888.0
2018.0,SUV,38990.0
2018.0,SUV,20104.0
2018.0,SUV,22890.0
2018.0,SUV,25990.0
2018.0,SUV,26990.0
2018.0,SUV,40510.0
2018.0,SUV,20590.0
2018.0,SUV,29990.0
2018.0,SUV,24989.0
2018.0,SUV,18900.0
2018.0,SUV,63908.0
2018.0,SUV,28830.0
2018.0,SUV,38705.0
2018.0,SUV,23567.0
2018.0,SUV,25740.0
2018.0,SUV,99900.0
2018.0,SUV,20540.0
2018.0,SUV,78808.0
2018.0,SUV,17500.0
2018.0,SUV,38020.0
2018.0,SUV,25990.0
2018.0,SUV,22135.0
2018.0,SUV,28970.0
2018.0,SUV,98529.0
2018.0,SUV,98529.0
2018.0,SUV,65777.0
2018.0,SUV,22611.0
2018.0,SUV,17990.0
2018.0,SUV,75515.0
2018.0,SUV,23680.0
2018.0,SUV,27813.0
2018.0,SUV,26888.0
2018.0,SUV,16430.0
2018.0,SUV,18790.0
2018.0,SUV,22490.0
2018.0,SUV,23990.0
2018.0,SUV,24126.0
2018.0,SUV,23680.0
2018.0,SUV,23689.0
2018.0,SUV,79883.0
2018.0,SUV,26755.0
2018.0,SUV,35399.0
2018.0,SUV,85195.0
2018.0,SUV,18494.0
2018.0,SUV,19888.0
2018.0,SUV,15553.0
2018.0,SUV,27990.0
2018.0,SUV,22650.0
2018.0,SUV,16060.0
2018.0,SUV,16060.0
2018.0,SUV,29990.0
2018.0,SUV,29870.0
2018.0,SUV,18490.0
2018.0,SUV,24741.0
2018.0,SUV,25771.0
2018.0,SUV,21990.0
2018.0,SUV,38020.0
2018.0,SUV,44215.0
2018.0,SUV,30921.0
2018.0,SUV,38888.0
2018.0,SUV,27831.0
2018.0,SUV,34895.0
2018.0,SUV,33206.0
2018.0,SUV,37888.0
2018.0,SUV,34312.0
2018.0,SUV,29999.0
2018.0,SUV,24741.0
2018.0,SUV,29891.0
2018.0,SUV,18990.0
2018.0,SUV,26990.0
2018.0,SUV,24990.0
2018.0,SUV,26990.0
2018.0,SUV,27800.0
2018.0,SUV,25771.0
2018.0,SUV,23990.0
2018.0,SUV,33990.0
2018.0,SUV,23537.0
2018.0,SUV,18990.0
2018.0,SUV,34800.0
2018.0,SUV,28737.0
2018.0,SUV,21586.0
2018.0,SUV,22990.0
2018.0,SUV,17493.0
2018.0,SUV,22980.0
2018.0,SUV,15990.0
2018.0,SUV,20497.0
2018.0,SUV,79990.0
2018.0,SUV,85190.0
2018.0,SUV,79990.0
2018.0,SUV,23990.0
2018.0,SUV,29891.0
2018.0,SUV,69701.0
2018.0,Sedan,21999.0
2018.0,Sedan,19990.0
2018.0,Sedan,34990.0
2018.0,Sedan,67880.0
2018.0,Sedan,18530.0
2018.0,Sedan,27990.0
2018.0,Sedan,41190.0
2018.0,Sedan,19560.0
2018.0,Sedan,36990.0
2018.0,Sedan,30490.0
2018.0,Sedan,31490.0
2018.0,Sedan,40316.0
2018.0,Sedan,26770.0
2018.0,Sedan,26215.0
2018.0,Sedan,53868.0
2018.0,Sedan,46216.0
2018.0,Sedan,43777.0
2018.0,Sedan,43777.0
2018.0,Sedan,22800.0
2018.0,Sedan,23690.0
2018.0,Sedan,19990.0
2018.0,Sedan,27990.0
2018.0,Sedan,53595.0
2018.0,Sedan,32009.0
2018.0,Sedan,25225.0
2018.0,Sedan,22614.0
2018.0,Sedan,30490.0
2018.0,Sedan,17888.0
2018.0,Sedan,31250.0
2018.0,Sedan,22545.0
2018.0,Sedan,24991.0
2018.0,Sedan,25635.0
2018.0,Sedan,114668.0
2018.0,Sedan,50235.0
2018.0,Sedan,19990.0
2018.0,Sedan,75466.0
2018.0,Sedan,29990.0
2018.0,Sedan,49990.0
2018.0,Sedan,19990.0
2018.0,Sedan,24990.0
2018.0,Sedan,27707.0
2018.0,Sedan,24605.0
2018.0,Sedan,61893.0
2018.0,Sedan,18490.0
2018.0,Sedan,21940.0
2018.0,Sedan,50540.0
2018.0,Sedan,37999.0
2018.0,Sedan,26574.0
2018.0,Sedan,35010.0
2018.0,Sedan,29990.0
2018.0,Sedan,22550.0
2018.0,Sedan,16990.0
2018.0,Sedan,21990.0
2018.0,Sedan,24597.0
2018.0,Sedan,22990.0
2018.0,Sedan,22990.0
2018.0,Sedan,62090.0
2018.0,Sedan,42220.0
2018.0,Sedan,21888.0
2018.0,Sedan,21888.0
2018.0,Sedan,22036.0
2018.0,Sedan,20485.0
2018.0,Sedan,21620.0
2018.0,Sedan,18078.0
2018.0,Sedan,21053.0
2018.0,Sedan,21053.0
2018.0,Sedan,25544.0
2018.0,Sedan,16868.0
2018.0,Sedan,21620.0
2018.0,Sedan,22449.0
2018.0,Sedan,18530.0
2018.0,Sedan,21990.0
2018.0,Sedan,21990.0
2018.0,Sedan,33537.0
2018.0,Sedan,22990.0
2018.0,Sedan,22650.0
2018.0,Sedan,27990.0
2018.0,Sedan,31517.0
2018.0,Sedan,36900.0
2018.0,Sedan,17362.0
2018.0,Sedan,18288.0
2018.0,Sedan,21620.0
2018.0,Sedan,47915.0
2018.0,Sedan,19596.0
2018.0,Sedan,29860.0
2018.0,Sedan,33490.0
2018.0,Sedan,18485.0
2018.0,Sedan,27990.0
2018.0,Sedan,17990.0
2018.0,Sedan,33990.0
2018.0,Sedan,19990.0
2018.0,Sedan,25888.0
2018.0,Sedan,15975.0
2018.0,Sedan,29870.0
2018.0,Sedan,44650.0
2018.0,Sedan,41990.0
2018.0,Sedan,28904.0
2018.0,Sedan,24741.0
2018.0,Sedan,25591.0
2018.0,Ute/Pickup,42990.0
2018.0,Ute/Pickup,20590.0
2018.0,Ute/Pickup,29990.0
2018.0,Ute/Pickup,37990.0
2018.0,Ute/Pickup,36407.0
2018.0,Ute/Pickup,36407.0
2018.0,Ute/Pickup,37573.0
2018.0,Ute/Pickup,36418.0
2018.0,Ute/Pickup,35895.0
2018.0,Ute/Pickup,38100.0
2018.0,Ute/Pickup,29990.0
2018.0,Ute/Pickup,34990.0
2018.0,Ute/Pickup,39661.0
2018.0,Ute/Pickup,39661.0
2018.0,Ute/Pickup,36980.0
2018.0,Ute/Pickup,36980.0
2018.0,Ute/Pickup,36040.0
2018.0,Ute/Pickup,32990.0
2018.0,Ute/Pickup,37990.0
2018.0,Ute/Pickup,31920.0
2018.0,Ute/Pickup,37480.0
2018.0,Ute/Pickup,37480.0
2018.0,Ute/Pickup,36496.0
2018.0,Ute/Pickup,32980.0
2018.0,Ute/Pickup,37622.0
2018.0,Ute/Pickup,39371.0
2018.0,Ute/Pickup,37622.0
2018.0,Ute/Pickup,33747.0
2018.0,Ute/Pickup,41990.0
2018.0,Ute/Pickup,37070.0
2018.0,Ute/Pickup,32980.0
2018.0,Ute/Pickup,30859.0
2018.0,Ute/Pickup,28521.0
2018.0,Ute/Pickup,38260.0
2018.0,Ute/Pickup,31490.0
2018.0,Ute/Pickup,44990.0
2018.0,Ute/Pickup,30558.0
2018.0,Ute/Pickup,36476.0
2018.0,Ute/Pickup,35800.0
2018.0,Ute/Pickup,29822.0
2018.0,Ute/Pickup,29775.0
2018.0,Ute/Pickup,39298.0
2018.0,Ute/Pickup,46340.0
2018.0,Ute/Pickup,38888.0
2018.0,Ute/Pickup,28944.0
2018.0,Ute/Pickup,38672.0
2018.0,Ute/Pickup,52106.0
2018.0,Ute/Pickup,28950.0
2018.0,Ute/Pickup,32967.0
2018.0,Ute/Pickup,37030.0
2018.0,Ute/Pickup,41423.0
2018.0,Ute/Pickup,55790.0
2018.0,Ute/Pickup,51574.0
2018.0,Ute/Pickup,41450.0
2018.0,Ute/Pickup,37589.0
2018.0,Ute/Pickup,57479.0
2018.0,Ute/Pickup,35990.0
2018.0,Ute/Pickup,38603.0
2018.0,Ute/Pickup,38995.0
2018.0,Ute/Pickup,46339.0
2018.0,Ute/Pickup,51590.0
2018.0,Ute/Pickup,43850.0
2018.0,Ute/Pickup,36990.0
2018.0,Ute/Pickup,29717.0
2018.0,Ute/Pickup,38999.0
2018.0,Ute/Pickup,26750.0
2018.0,Ute/Pickup,46460.0
2018.0,Ute/Pickup,28890.0
2018.0,Ute/Pickup,35250.0
2018.0,Ute/Pickup,31450.0
2018.0,Ute/Pickup,37583.0
2018.0,Ute/Pickup,29951.0
2018.0,Ute/Pickup,25740.0
2018.0,Ute/Pickup,36490.0
2018.0,Ute/Pickup,49990.0
2018.0,Ute/Pickup,47990.0
2018.0,Ute/Pickup,24409.0
2018.0,Ute/Pickup,30948.0
2018.0,Ute/Pickup,44216.0
2018.0,Ute/Pickup,36486.0
2018.0,Ute/Pickup,41190.0
2018.0,Ute/Pickup,37995.0
2018.0,Ute/Pickup,31058.0
2018.0,Ute/Pickup,29822.0
2018.0,Ute/Pickup,33990.0
2018.0,Ute/Pickup,38999.0
2018.0,Ute/Pickup,33206.0
2018.0,Ute/Pickup,35271.0
2018.0,Ute/Pickup,56840.0
2018.0,Ute/Pickup,42180.0
2018.0,Ute/Pickup,51990.0
2018.0,Ute/Pickup,28999.0
2018.0,Ute/Pickup,33224.0
2018.0,Ute/Pickup,37601.0
2018.0,Ute/Pickup,37070.0
2018.0,Ute/Pickup,48704.0
2018.0,Ute/Pickup,41447.0
2018.0,Ute/Pickup,32999.0
2018.0,Ute/Pickup,33990.0
2018.0,Ute/Pickup,37888.0
2018.0,Ute/Pickup,39990.0
2018.0,Ute/Pickup,31058.0
2018.0,Ute/Pickup,49990.0
2018.0,Ute/Pickup,35888.0
2018.0,Ute/Pickup,37574.0
2018.0,Ute/Pickup,56413.0
2018.0,Ute/Pickup,26762.0
2018.0,Ute/Pickup,27550.0
2018.0,Ute/Pickup,39776.0
2018.0,Ute/Pickup,24990.0
2018.0,Ute/Pickup,46490.0
2018.0,Ute/Pickup,53990.0
2018.0,Ute/Pickup,34000.0
2018.0,Ute/Pickup,27703.0
2018.0,Ute/Pickup,37574.0
2018.0,Ute/Pickup,44216.0
2018.0,Ute/Pickup,44216.0
2018.0,Ute/Pickup,36950.0
2018.0,Ute/Pickup,53583.0
2018.0,Ute/Pickup,37990.0
2018.0,Ute/Pickup,31990.0
2018.0,Ute/Pickup,19560.0
2018.0,Ute/Pickup,32990.0
2018.0,Ute/Pickup,36040.0
2018.0,Ute/Pickup,41990.0
2018.0,Ute/Pickup,34990.0
2018.0,Ute/Pickup,50433.0
2018.0,Ute/Pickup,24990.0
2018.0,Ute/Pickup,47390.0
2018.0,Ute/Pickup,36040.0
2018.0,Ute/Pickup,20590.0
2018.0,Ute/Pickup,30948.0
2018.0,Ute/Pickup,34990.0
2018.0,Ute/Pickup,27832.0
2018.0,Ute/Pickup,34990.0
2018.0,Ute/Pickup,33990.0
2018.0,Ute/Pickup,24658.0
2018.0,Ute/Pickup,24658.0
2018.0,Ute/Pickup,23537.0
2018.0,Ute/Pickup,47390.0
2018.0,Ute/Pickup,28790.0
2018.0,Ute/Pickup,35490.0
2018.0,Ute/Pickup,41989.0
2018.0,Ute/Pickup,41539.0
2018.0,Ute/Pickup,25693.0
2018.0,Ute/Pickup,34011.0
2018.0,Ute/Pickup,22659.0
2018.0,Ute/Pickup,28790.0
2018.0,Ute/Pickup,28888.0
2018.0,Ute/Pickup,23680.0
2018.0,Ute/Pickup,26990.0
2018.0,Ute/Pickup,39990.0
2018.0,Ute/Pickup,32950.0
2018.0,Ute/Pickup,30990.0
2018.0,Ute/Pickup,27832.0
2018.0,Ute/Pickup,41990.0
2018.0,Ute/Pickup,45998.0
2018.0,Ute/Pickup,27999.0
2018.0,Ute/Pickup,36492.0
2018.0,Ute/Pickup,37990.0
2018.0,Ute/Pickup,44311.0
2018.0,Ute/Pickup,33905.0
2018.0,Ute/Pickup,27688.0
2018.0,Ute/Pickup,36040.0
2018.0,Ute/Pickup,38040.0
2018.0,Ute/Pickup,49990.0
2018.0,Ute/Pickup,20695.0
2018.0,Ute/Pickup,34867.0
2018.0,Ute/Pickup,28895.0
2018.0,Ute/Pickup,37850.0
2018.0,Ute/Pickup,26762.0
2018.0,Ute/Pickup,37490.0
2018.0,Ute/Pickup,35960.0
2018.0,Ute/Pickup,38131.0
2018.0,Van,40766.0
2018.0,Van,42164.0
2018.0,Van,40160.0
2018.0,Van,42177.0
2018.0,Van,25999.0
2018.0,Van,29558.0
2018.0,Van,35980.0
2018.0,Van,37990.0
2018.0,Van,28989.0
2018.0,Van,43690.0
2018.0,Van,35381.0
2018.0,Van,35381.0
2018.0,Van,39766.0
2018.0,Van,35480.0
2018.0,Van,45338.0
2018.0,Van,29990.0
2018.0,Van,38667.0
2018.0,Van,39990.0
2018.0,Van,43687.0
2018.0,Van,55357.0
2018.0,Van,55357.0
2018.0,Van,43990.0
2018.0,Van,30990.0
2018.0,Van,47583.0
2018.0,Van,32992.0
2018.0,Van,41895.0
2018.0,Van,19449.0
2018.0,Van,45323.0
2018.0,Van,27809.0
2018.0,Van,45331.0
2018.0,Van,26990.0
2018.0,Van,40871.0
2018.0,Van,37580.0
2018.0,Van,44690.0
2018.0,Van,45787.0
2018.0,Van,30990.0
2018.0,Van,43690.0
2018.0,Van,43880.0
2018.0,Van,34990.0
2018.0,Van,22614.0
2018.0,Van,21163.0
2018.0,Van,27690.0
2018.0,Van,33644.0
2018.0,Van,27990.0
2018.0,Van,32950.0
2018.0,Van,30170.0
2018.0,Van,33990.0
2018.0,Van,37990.0
2018.0,Van,33224.0
2018.0,Van,26790.0
2018.0,Van,18535.0
2018.0,Van,41990.0
2018.0,Wagon,25647.0
2018.0,Wagon,17999.0
2018.0,Wagon,25990.0
2018.0,Wagon,20510.0
2018.0,Wagon,35990.0
2018.0,Wagon,27680.0
2018.0,Wagon,32690.0
2018.0,Wagon,22650.0
2018.0,Wagon,41888.0
2018.0,Wagon,24300.0
2018.0,Wagon,38544.0
2018.0,Wagon,18990.0
2018.0,Wagon,19512.0
2018.0,Wagon,18990.0
2019.0,Convertible,49851.0
2019.0,Convertible,68390.0
2019.0,Convertible,35990.0
2019.0,Coupe,50948.0
2019.0,Coupe,249800.0
2019.0,Coupe,109340.0
2019.0,Coupe,109340.0
2019.0,Coupe,47929.0
2019.0,Coupe,36888.0
2019.0,Coupe,97930.0
2019.0,Coupe,94880.0
2019.0,Coupe,249800.0
2019.0,Coupe,46990.0
2019.0,Coupe,98488.0
2019.0,Coupe,78888.0
2019.0,Coupe,69990.0
2019.0,Coupe,69880.0
2019.0,Coupe,36040.0
2019.0,Coupe,37578.0
2019.0,Coupe,37990.0
2019.0,Coupe,53990.0
2019.0,Coupe,35950.0
2019.0,Coupe,87871.0
2019.0,Coupe,143888.0
2019.0,Hatchback,32490.0
2019.0,Hatchback,24090.0
2019.0,Hatchback,22790.0
2019.0,Hatchback,32490.0
2019.0,Hatchback,17500.0
2019.0,Hatchback,27604.0
2019.0,Hatchback,17500.0
2019.0,Hatchback,23575.0
2019.0,Hatchback,26990.0
2019.0,Hatchback,19998.0
2019.0,Hatchback,14410.0
2019.0,Hatchback,17485.0
2019.0,Hatchback,21567.0
2019.0,Hatchback,16990.0
2019.0,Hatchback,22990.0
2019.0,Hatchback,26255.0
2019.0,Hatchback,42999.0
2019.0,Hatchback,27800.0
2019.0,Hatchback,24514.0
2019.0,Hatchback,18990.0
2019.0,Hatchback,29999.0
2019.0,Hatchback,25288.0
2019.0,Hatchback,29860.0
2019.0,Hatchback,20394.0
2019.0,Hatchback,22570.0
2019.0,Hatchback,39990.0
2019.0,Hatchback,39800.0
2019.0,Hatchback,24308.0
2019.0,Hatchback,24629.0
2019.0,Hatchback,28090.0
2019.0,Hatchback,28990.0
2019.0,Hatchback,22990.0
2019.0,Hatchback,31800.0
2019.0,Hatchback,23490.0
2019.0,Hatchback,39490.0
2019.0,Hatchback,21888.0
2019.0,Hatchback,17850.0
2019.0,Hatchback,31518.0
2019.0,Hatchback,31518.0
2019.0,Hatchback,22650.0
2019.0,Hatchback,17445.0
2019.0,Hatchback,25688.0
2019.0,Hatchback,30890.0
2019.0,Hatchback,22990.0
2019.0,Hatchback,30480.0
2019.0,Hatchback,20485.0
2019.0,Hatchback,20016.0
2019.0,Hatchback,23609.0
2019.0,Hatchback,22341.0
2019.0,Hatchback,24888.0
2019.0,Hatchback,19488.0
2019.0,Hatchback,27490.0
2019.0,Hatchback,21620.0
2019.0,Hatchback,22509.0
2019.0,Hatchback,27800.0
2019.0,Hatchback,25740.0
2019.0,Hatchback,21990.0
2019.0,Hatchback,39025.0
2019.0,Hatchback,21620.0
2019.0,Hatchback,22990.0
2019.0,Hatchback,24710.0
2019.0,Hatchback,23680.0
2019.0,Hatchback,22295.0
2019.0,Hatchback,15490.0
2019.0,Hatchback,21290.0
2019.0,Hatchback,19560.0
2019.0,Hatchback,24710.0
2019.0,Hatchback,38990.0
2019.0,Hatchback,24990.0
2019.0,Hatchback,20990.0
2019.0,Hatchback,18530.0
2019.0,Hatchback,36990.0
2019.0,Hatchback,26744.0
2019.0,Hatchback,24990.0
2019.0,Hatchback,17990.0
2019.0,Hatchback,16274.0
2019.0,Hatchback,32990.0
2019.0,Hatchback,19502.0
2019.0,Hatchback,15490.0
2019.0,Hatchback,23990.0
2019.0,Hatchback,14997.0
2019.0,Hatchback,16895.0
2019.0,Hatchback,25677.0
2019.0,Hatchback,21449.0
2019.0,Hatchback,35010.0
2019.0,Hatchback,23390.0
2019.0,Hatchback,22650.0
2019.0,Hatchback,20888.0
2019.0,Hatchback,30899.0
2019.0,Hatchback,29490.0
2019.0,Hatchback,35868.0
2019.0,Hatchback,29860.0
2019.0,Hatchback,22490.0
2019.0,Hatchback,21933.0
2019.0,Hatchback,16470.0
2019.0,Hatchback,17990.0
2019.0,Hatchback,22990.0
2019.0,Hatchback,41670.0
2019.0,Hatchback,21402.0
2019.0,Hatchback,24710.0
2019.0,Hatchback,19038.0
2019.0,Hatchback,19888.0
2019.0,Hatchback,22650.0
2019.0,Hatchback,19560.0
2019.0,Hatchback,28788.0
2019.0,Hatchback,25740.0
2019.0,Hatchback,29990.0
2019.0,Hatchback,40940.0
2019.0,Hatchback,26653.0
2019.0,Hatchback,17352.0
2019.0,Hatchback,16990.0
2019.0,Hatchback,18350.0
2019.0,Hatchback,24955.0
2019.0,Hatchback,35990.0
2019.0,Hatchback,30785.0
2019.0,Hatchback,34990.0
2019.0,Hatchback,25740.0
2019.0,Hatchback,14888.0
2019.0,Hatchback,18998.0
2019.0,Hatchback,17490.0
2019.0,Hatchback,24340.0
2019.0,Hatchback,14040.0
2019.0,Hatchback,42800.0
2019.0,Hatchback,25655.0
2019.0,Hatchback,18990.0
2019.0,Hatchback,19990.0
2019.0,Hatchback,23990.0
2019.0,Hatchback,19490.0
2019.0,Hatchback,19512.0
2019.0,Hatchback,24995.0
2019.0,Hatchback,24710.0
2019.0,Hatchback,21580.0
2019.0,Hatchback,36888.0
2019.0,Hatchback,25740.0
2019.0,Hatchback,26990.0
2019.0,Hatchback,30921.0
2019.0,Hatchback,14450.0
2019.0,SUV,47990.0
2019.0,SUV,23490.0
2019.0,SUV,21620.0
2019.0,SUV,24990.0
2019.0,SUV,20990.0
2019.0,SUV,26871.0
2019.0,SUV,30694.0
2019.0,SUV,42800.0
2019.0,SUV,45800.0
2019.0,SUV,54980.0
2019.0,SUV,26190.0
2019.0,SUV,51490.0
2019.0,SUV,20753.0
2019.0,SUV,46990.0
2019.0,SUV,46480.0
2019.0,SUV,26770.0
2019.0,SUV,19722.0
2019.0,SUV,22688.0
2019.0,SUV,23990.0
2019.0,SUV,25930.0
2019.0,SUV,28999.0
2019.0,SUV,49990.0
2019.0,SUV,33999.0
2019.0,SUV,22999.0
2019.0,SUV,27999.0
2019.0,SUV,27800.0
2019.0,SUV,38999.0
2019.0,SUV,37070.0
2019.0,SUV,27800.0
2019.0,SUV,61310.0
2019.0,SUV,22999.0
2019.0,SUV,21999.0
2019.0,SUV,41990.0
2019.0,SUV,71354.0
2019.0,SUV,62800.0
2019.0,SUV,71354.0
2019.0,SUV,33980.0
2019.0,SUV,27990.0
2019.0,SUV,28558.0
2019.0,SUV,23956.0
2019.0,SUV,29991.0
2019.0,SUV,23312.0
2019.0,SUV,28830.0
2019.0,SUV,37070.0
2019.0,SUV,52980.0
2019.0,SUV,36990.0
2019.0,SUV,37990.0
2019.0,SUV,37990.0
2019.0,SUV,49480.0
2019.0,SUV,74990.0
2019.0,SUV,27490.0
2019.0,SUV,30990.0
2019.0,SUV,25667.0
2019.0,SUV,41800.0
2019.0,SUV,39980.0
2019.0,SUV,90505.0
2019.0,SUV,37990.0
2019.0,SUV,28830.0
2019.0,SUV,21990.0
2019.0,SUV,28830.0
2019.0,SUV,67340.0
2019.0,SUV,28895.0
2019.0,SUV,30490.0
2019.0,SUV,28943.0
2019.0,SUV,41990.0
2019.0,SUV,28800.0
2019.0,SUV,41980.0
2019.0,SUV,33990.0
2019.0,SUV,42800.0
2019.0,SUV,43990.0
2019.0,SUV,58170.0
2019.0,SUV,43670.0
2019.0,SUV,25544.0
2019.0,SUV,41980.0
2019.0,SUV,29767.0
2019.0,SUV,64990.0
2019.0,SUV,37574.0
2019.0,SUV,27991.0
2019.0,SUV,39120.0
2019.0,SUV,39120.0
2019.0,SUV,54030.0
2019.0,SUV,69800.0
2019.0,SUV,41990.0
2019.0,SUV,56850.0
2019.0,SUV,32680.0
2019.0,SUV,33980.0
2019.0,SUV,53990.0
2019.0,SUV,32990.0
2019.0,SUV,42905.0
2019.0,SUV,32990.0
2019.0,SUV,40788.0
2019.0,SUV,30990.0
2019.0,SUV,83034.0
2019.0,SUV,28800.0
2019.0,SUV,54800.0
2019.0,SUV,41190.0
2019.0,SUV,24995.0
2019.0,SUV,31990.0
2019.0,SUV,80387.0
2019.0,SUV,34800.0
2019.0,SUV,33990.0
2019.0,SUV,47999.0
2019.0,SUV,33800.0
2019.0,SUV,20490.0
2019.0,SUV,26900.0
2019.0,SUV,26985.0
2019.0,SUV,34800.0
2019.0,SUV,22887.0
2019.0,SUV,44215.0
2019.0,SUV,19560.0
2019.0,SUV,31577.0
2019.0,SUV,68888.0
2019.0,SUV,38100.0
2019.0,SUV,26991.0
2019.0,SUV,38663.0
2019.0,SUV,23484.0
2019.0,SUV,37150.0
2019.0,SUV,90440.0
2019.0,SUV,31405.0
2019.0,SUV,31405.0
2019.0,SUV,31027.0
2019.0,SUV,36040.0
2019.0,SUV,28490.0
2019.0,SUV,35123.0
2019.0,SUV,35880.0
2019.0,SUV,21822.0
2019.0,SUV,29977.0
2019.0,SUV,35947.0
2019.0,SUV,21822.0
2019.0,SUV,31490.0
2019.0,SUV,22424.0
2019.0,SUV,31490.0
2019.0,SUV,33680.0
2019.0,SUV,46453.0
2019.0,SUV,74538.0
2019.0,SUV,63889.0
2019.0,SUV,30490.0
2019.0,SUV,72270.0
2019.0,SUV,28800.0
2019.0,SUV,26490.0
2019.0,SUV,27690.0
2019.0,SUV,28888.0
2019.0,SUV,47888.0
2019.0,SUV,26990.0
2019.0,SUV,37698.0
2019.0,SUV,33490.0
2019.0,SUV,29950.0
2019.0,SUV,25700.0
2019.0,SUV,17555.0
2019.0,SUV,85990.0
2019.0,SUV,39552.0
2019.0,SUV,58990.0
2019.0,SUV,24649.0
2019.0,SUV,29860.0
2019.0,SUV,57980.0
2019.0,SUV,45800.0
2019.0,SUV,85180.0
2019.0,SUV,39990.0
2019.0,SUV,62815.0
2019.0,SUV,20266.0
2019.0,SUV,23490.0
2019.0,SUV,33970.0
2019.0,SUV,61790.0
2019.0,SUV,85999.0
2019.0,SUV,18190.0
2019.0,SUV,30777.0
2019.0,SUV,31990.0
2019.0,SUV,18190.0
2019.0,SUV,31990.0
2019.0,SUV,57990.0
2019.0,SUV,37564.0
2019.0,SUV,31990.0
2019.0,SUV,39800.0
2019.0,SUV,24999.0
2019.0,SUV,89390.0
2019.0,SUV,25740.0
2019.0,SUV,33800.0
2019.0,SUV,23905.0
2019.0,SUV,30498.0
2019.0,SUV,21822.0
2019.0,SUV,28830.0
2019.0,SUV,32990.0
2019.0,SUV,28830.0
2019.0,SUV,66445.0
2019.0,SUV,45323.0
2019.0,SUV,90346.0
2019.0,SUV,29860.0
2019.0,SUV,23990.0
2019.0,SUV,31577.0
2019.0,SUV,58990.0
2019.0,SUV,27888.0
2019.0,SUV,38880.0
2019.0,SUV,20590.0
2019.0,SUV,22990.0
2019.0,SUV,72410.0
2019.0,SUV,23488.0
2019.0,SUV,25661.0
2019.0,SUV,29990.0
2019.0,SUV,25740.0
2019.0,SUV,25740.0
2019.0,SUV,18190.0
2019.0,SUV,32990.0
2019.0,SUV,54990.0
2019.0,SUV,52885.0
2019.0,SUV,69214.0
2019.0,SUV,50965.0
2019.0,SUV,22650.0
2019.0,SUV,69214.0
2019.0,SUV,44216.0
2019.0,SUV,27990.0
2019.0,SUV,78896.0
2019.0,SUV,39552.0
2019.0,SUV,41990.0
2019.0,SUV,69800.0
2019.0,SUV,24990.0
2019.0,SUV,83999.0
2019.0,SUV,92990.0
2019.0,SUV,33012.0
2019.0,SUV,29500.0
2019.0,SUV,29499.0
2019.0,SUV,21527.0
2019.0,SUV,44187.0
2019.0,SUV,18484.0
2019.0,SUV,46800.0
2019.0,SUV,46800.0
2019.0,SUV,48702.0
2019.0,SUV,29977.0
2019.0,SUV,24888.0
2019.0,SUV,22990.0
2019.0,SUV,29977.0
2019.0,SUV,69800.0
2019.0,SUV,75999.0
2019.0,SUV,38673.0
2019.0,SUV,22888.0
2019.0,SUV,26209.0
2019.0,SUV,27990.0
2019.0,SUV,36990.0
2019.0,SUV,70490.0
2019.0,SUV,28990.0
2019.0,SUV,24990.0
2019.0,SUV,36990.0
2019.0,SUV,51800.0
2019.0,SUV,29509.0
2019.0,SUV,27990.0
2019.0,SUV,27444.0
2019.0,SUV,94990.0
2019.0,SUV,24789.0
2019.0,SUV,41990.0
2019.0,SUV,46453.0
2019.0,SUV,24649.0
2019.0,SUV,26743.0
2019.0,SUV,40994.0
2019.0,SUV,27800.0
2019.0,SUV,23680.0
2019.0,SUV,39548.0
2019.0,SUV,28995.0
2019.0,SUV,29490.0
2019.0,SUV,33875.0
2019.0,SUV,48704.0
2019.0,SUV,57990.0
2019.0,SUV,26996.0
2019.0,SUV,55368.0
2019.0,SUV,17444.0
2019.0,SUV,57980.0
2019.0,SUV,76800.0
2019.0,SUV,66045.0
2019.0,SUV,22789.0
2019.0,SUV,22688.0
2019.0,SUV,25153.0
2019.0,SUV,30990.0
2019.0,SUV,25740.0
2019.0,SUV,30990.0
2019.0,SUV,31990.0
2019.0,SUV,27990.0
2019.0,SUV,27149.0
2019.0,SUV,25740.0
2019.0,SUV,22650.0
2019.0,SUV,26368.0
2019.0,SUV,32136.0
2019.0,SUV,28777.0
2019.0,SUV,64440.0
2019.0,SUV,30375.0
2019.0,SUV,28428.0
2019.0,SUV,43990.0
2019.0,SUV,26888.0
2019.0,SUV,26888.0
2019.0,SUV,48659.0
2019.0,SUV,54587.0
2019.0,SUV,31850.0
2019.0,SUV,76990.0
2019.0,SUV,36486.0
2019.0,SUV,18990.0
2019.0,SUV,35387.0
2019.0,SUV,27490.0
2019.0,SUV,19722.0
2019.0,SUV,34800.0
2019.0,SUV,26490.0
2019.0,SUV,55357.0
2019.0,SUV,51800.0
2019.0,SUV,29990.0
2019.0,SUV,40886.0
2019.0,SUV,26770.0
2019.0,SUV,22888.0
2019.0,SUV,23458.0
2019.0,SUV,32990.0
2019.0,SUV,26979.0
2019.0,SUV,39850.0
2019.0,SUV,31990.0
2019.0,SUV,18988.0
2019.0,SUV,21490.0
2019.0,SUV,25490.0
2019.0,SUV,36690.0
2019.0,SUV,22490.0
2019.0,SUV,22490.0
2019.0,SUV,41990.0
2019.0,SUV,22775.0
2019.0,SUV,22163.0
2019.0,SUV,42990.0
2019.0,SUV,28488.0
2019.0,SUV,36040.0
2019.0,SUV,31039.0
2019.0,SUV,23641.0
2019.0,SUV,30497.0
2019.0,SUV,28895.0
2019.0,SUV,30950.0
2019.0,SUV,21288.0
2019.0,SUV,38100.0
2019.0,SUV,35490.0
2019.0,SUV,40990.0
2019.0,SUV,30990.0
2019.0,SUV,48691.0
2019.0,SUV,54305.0
2019.0,SUV,34836.0
2019.0,SUV,34990.0
2019.0,SUV,25888.0
2019.0,SUV,27707.0
2019.0,SUV,27707.0
2019.0,SUV,31920.0
2019.0,SUV,86900.0
2019.0,SUV,31920.0
2019.0,SUV,33980.0
2019.0,SUV,24990.0
2019.0,SUV,41990.0
2019.0,SUV,36858.0
2019.0,SUV,29961.0
2019.0,SUV,29951.0
2019.0,SUV,25740.0
2019.0,SUV,32990.0
2019.0,SUV,24990.0
2019.0,SUV,39990.0
2019.0,SUV,20590.0
2019.0,SUV,28548.0
2019.0,SUV,24990.0
2019.0,SUV,27760.0
2019.0,SUV,38673.0
2019.0,SUV,61995.0
2019.0,SUV,27812.0
2019.0,SUV,26990.0
2019.0,SUV,30890.0
2019.0,SUV,25677.0
2019.0,SUV,45114.0
2019.0,SUV,22454.0
2019.0,SUV,30690.0
2019.0,SUV,39990.0
2019.0,SUV,19840.0
2019.0,SUV,51990.0
2019.0,SUV,34708.0
2019.0,SUV,42895.0
2019.0,SUV,38100.0
2019.0,SUV,30694.0
2019.0,SUV,30694.0
2019.0,SUV,25999.0
2019.0,SUV,48800.0
2019.0,SUV,21620.0
2019.0,SUV,20857.0
2019.0,SUV,77753.0
2019.0,SUV,35844.0
2019.0,SUV,77753.0
2019.0,SUV,17619.0
2019.0,SUV,22880.0
2019.0,SUV,62800.0
2019.0,SUV,33990.0
2019.0,SUV,40316.0
2019.0,SUV,20888.0
2019.0,SUV,33490.0
2019.0,SUV,41190.0
2019.0,SUV,57990.0
2019.0,SUV,26990.0
2019.0,SUV,37772.0
2019.0,SUV,24990.0
2019.0,SUV,52800.0
2019.0,SUV,45999.0
2019.0,SUV,49480.0
2019.0,SUV,27398.0
2019.0,SUV,65488.0
2019.0,SUV,34990.0
2019.0,SUV,36990.0
2019.0,SUV,29990.0
2019.0,SUV,69965.0
2019.0,SUV,39785.0
2019.0,SUV,36456.0
2019.0,SUV,27792.0
2019.0,SUV,40994.0
2019.0,SUV,31019.0
2019.0,SUV,79800.0
2019.0,SUV,61990.0
2019.0,SUV,33206.0
2019.0,SUV,25637.0
2019.0,SUV,31888.0
2019.0,SUV,25059.0
2019.0,SUV,29990.0
2019.0,SUV,43990.0
2019.0,SUV,25059.0
2019.0,SUV,56859.0
2019.0,SUV,27940.0
2019.0,SUV,24990.0
2019.0,SUV,43990.0
2019.0,SUV,37114.0
2019.0,SUV,41990.0
2019.0,SUV,33739.0
2019.0,SUV,31990.0
2019.0,SUV,33739.0
2019.0,SUV,64888.0
2019.0,SUV,33800.0
2019.0,SUV,23990.0
2019.0,SUV,28990.0
2019.0,SUV,40899.0
2019.0,SUV,48880.0
2019.0,SUV,28242.0
2019.0,SUV,25676.0
2019.0,SUV,24990.0
2019.0,SUV,27760.0
2019.0,SUV,79980.0
2019.0,SUV,40990.0
2019.0,SUV,23537.0
2019.0,SUV,51490.0
2019.0,SUV,63450.0
2019.0,SUV,19950.0
2019.0,SUV,25990.0
2019.0,SUV,54800.0
2019.0,SUV,55790.0
2019.0,SUV,41097.0
2019.0,SUV,22990.0
2019.0,SUV,47576.0
2019.0,SUV,35825.0
2019.0,SUV,52099.0
2019.0,SUV,35010.0
2019.0,SUV,33980.0
2019.0,SUV,58415.0
2019.0,SUV,28990.0
2019.0,SUV,35144.0
2019.0,SUV,39990.0
2019.0,SUV,28886.0
2019.0,SUV,30890.0
2019.0,SUV,54648.0
2019.0,SUV,81515.0
2019.0,SUV,41990.0
2019.0,SUV,20500.0
2019.0,SUV,36588.0
2019.0,SUV,20590.0
2019.0,SUV,47990.0
2019.0,SUV,29664.0
2019.0,SUV,22990.0
2019.0,SUV,33784.0
2019.0,SUV,38934.0
2019.0,SUV,43240.0
2019.0,SUV,19499.0
2019.0,SUV,32990.0
2019.0,SUV,32908.0
2019.0,SUV,25990.0
2019.0,SUV,32990.0
2019.0,SUV,54384.0
2019.0,SUV,25995.0
2019.0,SUV,36888.0
2019.0,SUV,19888.0
2019.0,SUV,20035.0
2019.0,SUV,42480.0
2019.0,SUV,25660.0
2019.0,SUV,52980.0
2019.0,SUV,21880.0
2019.0,SUV,24710.0
2019.0,SUV,31980.0
2019.0,SUV,19560.0
2019.0,SUV,40160.0
2019.0,SUV,67090.0
2019.0,SUV,58845.0
2019.0,SUV,22990.0
2019.0,SUV,67340.0
2019.0,SUV,74895.0
2019.0,SUV,27813.0
2019.0,SUV,24690.0
2019.0,SUV,33250.0
2019.0,SUV,27813.0
2019.0,SUV,39450.0
2019.0,SUV,44270.0
2019.0,SUV,31861.0
2019.0,SUV,36040.0
2019.0,SUV,55470.0
2019.0,SUV,32495.0
2019.0,SUV,35980.0
2019.0,SUV,41490.0
2019.0,SUV,30750.0
2019.0,SUV,33990.0
2019.0,SUV,33990.0
2019.0,SUV,33990.0
2019.0,SUV,23680.0
2019.0,SUV,36990.0
2019.0,SUV,33205.0
2019.0,SUV,39800.0
2019.0,SUV,56490.0
2019.0,SUV,30898.0
2019.0,SUV,56490.0
2019.0,SUV,21983.0
2019.0,SUV,32987.0
2019.0,SUV,38477.0
2019.0,SUV,23680.0
2019.0,SUV,27170.0
2019.0,SUV,29860.0
2019.0,SUV,22888.0
2019.0,SUV,40999.0
2019.0,SUV,42990.0
2019.0,SUV,29757.0
2019.0,SUV,23990.0
2019.0,SUV,34950.0
2019.0,SUV,22990.0
2019.0,SUV,98990.0
2019.0,SUV,31040.0
2019.0,SUV,37999.0
2019.0,SUV,53900.0
2019.0,SUV,24710.0
2019.0,SUV,40796.0
2019.0,SUV,53550.0
2019.0,SUV,30890.0
2019.0,SUV,25700.0
2019.0,SUV,54010.0
2019.0,SUV,44990.0
2019.0,SUV,22753.0
2019.0,SUV,23641.0
2019.0,SUV,23641.0
2019.0,SUV,24990.0
2019.0,SUV,21990.0
2019.0,SUV,39948.0
2019.0,SUV,22650.0
2019.0,SUV,79883.0
2019.0,SUV,29990.0
2019.0,SUV,76326.0
2019.0,SUV,28990.0
2019.0,SUV,23680.0
2019.0,SUV,78880.0
2019.0,SUV,20454.0
2019.0,SUV,36965.0
2019.0,SUV,33980.0
2019.0,SUV,24490.0
2019.0,SUV,49998.0
2019.0,SUV,37995.0
2019.0,SUV,44615.0
2019.0,SUV,32990.0
2019.0,SUV,25990.0
2019.0,SUV,82900.0
2019.0,SUV,18995.0
2019.0,SUV,23600.0
2019.0,SUV,77490.0
2019.0,SUV,24990.0
2019.0,SUV,37880.0
2019.0,SUV,20590.0
2019.0,SUV,45333.0
2019.0,SUV,25740.0
2019.0,SUV,30990.0
2019.0,SUV,26990.0
2019.0,SUV,55388.0
2019.0,SUV,43888.0
2019.0,SUV,89888.0
2019.0,SUV,68145.0
2019.0,SUV,19512.0
2019.0,SUV,37594.0
2019.0,SUV,53990.0
2019.0,SUV,43990.0
2019.0,SUV,25490.0
2019.0,SUV,27800.0
2019.0,SUV,57990.0
2019.0,SUV,22990.0
2019.0,SUV,23680.0
2019.0,SUV,25572.0
2019.0,SUV,28888.0
2019.0,SUV,28888.0
2019.0,SUV,18890.0
2019.0,SUV,57508.0
2019.0,SUV,24490.0
2019.0,SUV,32847.0
2019.0,SUV,32690.0
2019.0,SUV,49990.0
2019.0,SUV,67990.0
2019.0,SUV,20540.0
2019.0,SUV,29990.0
2019.0,SUV,24710.0
2019.0,SUV,21990.0
2019.0,SUV,32440.0
2019.0,SUV,61430.0
2019.0,SUV,44888.0
2019.0,SUV,24990.0
2019.0,SUV,34990.0
2019.0,SUV,28805.0
2019.0,SUV,24990.0
2019.0,SUV,43250.0
2019.0,SUV,24990.0
2019.0,SUV,25730.0
2019.0,SUV,32990.0
2019.0,SUV,25740.0
2019.0,SUV,54837.0
2019.0,SUV,27490.0
2019.0,SUV,74007.0
2019.0,SUV,47990.0
2019.0,SUV,89800.0
2019.0,SUV,89800.0
2019.0,SUV,41530.0
2019.0,SUV,39990.0
2019.0,SUV,27990.0
2019.0,SUV,42008.0
2019.0,SUV,30490.0
2019.0,SUV,34990.0
2019.0,SUV,24605.0
2019.0,SUV,26744.0
2019.0,SUV,82388.0
2019.0,SUV,26665.0
2019.0,SUV,88490.0
2019.0,SUV,35880.0
2019.0,SUV,23673.0
2019.0,SUV,33062.0
2019.0,SUV,30480.0
2019.0,SUV,27990.0
2019.0,SUV,25490.0
2019.0,SUV,71198.0
2019.0,SUV,18530.0
2019.0,SUV,23155.0
2019.0,SUV,16990.0
2019.0,SUV,71362.0
2019.0,SUV,38499.0
2019.0,SUV,70373.0
2019.0,SUV,25591.0
2019.0,SUV,77990.0
2019.0,SUV,19560.0
2019.0,SUV,39980.0
2019.0,SUV,64950.0
2019.0,SUV,93900.0
2019.0,SUV,45310.0
2019.0,SUV,20590.0
2019.0,SUV,65990.0
2019.0,SUV,27677.0
2019.0,SUV,19560.0
2019.0,SUV,22990.0
2019.0,SUV,21990.0
2019.0,SUV,35990.0
2019.0,SUV,36049.0
2019.0,SUV,51868.0
2019.0,SUV,26763.0
2019.0,SUV,36490.0
2019.0,SUV,38495.0
2019.0,SUV,28490.0
2019.0,SUV,28315.0
2019.0,SUV,39990.0
2019.0,SUV,29990.0
2019.0,SUV,27800.0
2019.0,SUV,19450.0
2019.0,SUV,46821.0
2019.0,SUV,25990.0
2019.0,SUV,27490.0
2019.0,SUV,23990.0
2019.0,SUV,57904.0
2019.0,SUV,31040.0
2019.0,SUV,26286.0
2019.0,SUV,37150.0
2019.0,SUV,18990.0
2019.0,SUV,79990.0
2019.0,SUV,25771.0
2019.0,SUV,19531.0
2019.0,SUV,34011.0
2019.0,SUV,26990.0
2019.0,SUV,24464.0
2019.0,SUV,31951.0
2019.0,SUV,24880.0
2019.0,SUV,25771.0
2019.0,SUV,22490.0
2019.0,SUV,41990.0
2019.0,SUV,21450.0
2019.0,SUV,36788.0
2019.0,SUV,56435.0
2019.0,SUV,30099.0
2019.0,SUV,25637.0
2019.0,SUV,17476.0
2019.0,SUV,39037.0
2019.0,SUV,71345.0
2019.0,SUV,29990.0
2019.0,SUV,34293.0
2019.0,SUV,20699.0
2019.0,SUV,25664.0
2019.0,SUV,25990.0
2019.0,SUV,31956.0
2019.0,SUV,31788.0
2019.0,SUV,94880.0
2019.0,SUV,18475.0
2019.0,SUV,19990.0
2019.0,SUV,27490.0
2019.0,SUV,20409.0
2019.0,SUV,45333.0
2019.0,SUV,71990.0
2019.0,SUV,24990.0
2019.0,SUV,32990.0
2019.0,SUV,25660.0
2019.0,SUV,58990.0
2019.0,SUV,22990.0
2019.0,SUV,90505.0
2019.0,SUV,28830.0
2019.0,SUV,25597.0
2019.0,SUV,34011.0
2019.0,SUV,25990.0
2019.0,SUV,22990.0
2019.0,SUV,22990.0
2019.0,SUV,42990.0
2019.0,SUV,42990.0
2019.0,SUV,34312.0
2019.0,SUV,23600.0
2019.0,SUV,32990.0
2019.0,SUV,44998.0
2019.0,SUV,87990.0
2019.0,SUV,76990.0
2019.0,SUV,17431.0
2019.0,SUV,39400.0
2019.0,SUV,41990.0
2019.0,SUV,39400.0
2019.0,SUV,55388.0
2019.0,SUV,27990.0
2019.0,SUV,39980.0
2019.0,SUV,25999.0
2019.0,SUV,41620.0
2019.0,SUV,23567.0
2019.0,SUV,22681.0
2019.0,SUV,23990.0
2019.0,Sedan,26950.0
2019.0,Sedan,24990.0
2019.0,Sedan,19520.0
2019.0,Sedan,22595.0
2019.0,Sedan,39888.0
2019.0,Sedan,24880.0
2019.0,Sedan,26990.0
2019.0,Sedan,53868.0
2019.0,Sedan,36040.0
2019.0,Sedan,47715.0
2019.0,Sedan,29190.0
2019.0,Sedan,44084.0
2019.0,Sedan,40067.0
2019.0,Sedan,47590.0
2019.0,Sedan,43970.0
2019.0,Sedan,47495.0
2019.0,Sedan,32990.0
2019.0,Sedan,19990.0
2019.0,Sedan,31815.0
2019.0,Sedan,41488.0
2019.0,Sedan,44990.0
2019.0,Sedan,42191.0
2019.0,Sedan,53165.0
2019.0,Sedan,25655.0
2019.0,Sedan,18990.0
2019.0,Sedan,20590.0
2019.0,Sedan,24660.0
2019.0,Sedan,49990.0
2019.0,Sedan,46433.0
2019.0,Sedan,25990.0
2019.0,Sedan,31827.0
2019.0,Sedan,23680.0
2019.0,Sedan,45776.0
2019.0,Sedan,24952.0
2019.0,Sedan,25499.0
2019.0,Sedan,27990.0
2019.0,Sedan,47556.0
2019.0,Sedan,128277.0
2019.0,Sedan,128277.0
2019.0,Sedan,24659.0
2019.0,Sedan,39130.0
2019.0,Sedan,17488.0
2019.0,Sedan,37070.0
2019.0,Sedan,23640.0
2019.0,Sedan,23640.0
2019.0,Sedan,21990.0
2019.0,Sedan,44690.0
2019.0,Sedan,31690.0
2019.0,Sedan,32490.0
2019.0,Sedan,47800.0
2019.0,Sedan,38691.0
2019.0,Sedan,38691.0
2019.0,Sedan,30890.0
2019.0,Sedan,36490.0
2019.0,Sedan,17990.0
2019.0,Sedan,22110.0
2019.0,Sedan,24990.0
2019.0,Sedan,36384.0
2019.0,Sedan,29990.0
2019.0,Sedan,28830.0
2019.0,Sedan,64800.0
2019.0,Sedan,50945.0
2019.0,Sedan,26633.0
2019.0,Sedan,28124.0
2019.0,Sedan,23004.0
2019.0,Sedan,25740.0
2019.0,Sedan,20990.0
2019.0,Sedan,42800.0
2019.0,Sedan,38934.0
2019.0,Sedan,26950.0
2019.0,Sedan,27800.0
2019.0,Sedan,49842.0
2019.0,Sedan,19447.0
2019.0,Sedan,64775.0
2019.0,Sedan,20530.0
2019.0,Sedan,23680.0
2019.0,Sedan,41990.0
2019.0,Sedan,30516.0
2019.0,Sedan,40766.0
2019.0,Sedan,47990.0
2019.0,Sedan,23680.0
2019.0,Sedan,18905.0
2019.0,Sedan,25700.0
2019.0,Sedan,51877.0
2019.0,Sedan,31815.0
2019.0,Sedan,19560.0
2019.0,Sedan,44800.0
2019.0,Sedan,36967.0
2019.0,Sedan,25740.0
2019.0,Sedan,29250.0
2019.0,Sedan,26990.0
2019.0,Sedan,21567.0
2019.0,Sedan,94888.0
2019.0,Sedan,18520.0
2019.0,Sedan,20990.0
2019.0,Sedan,42940.0
2019.0,Sedan,25990.0
2019.0,Sedan,50990.0
2019.0,Sedan,31888.0
2019.0,Sedan,25019.0
2019.0,Sedan,25677.0
2019.0,Sedan,48800.0
2019.0,Sedan,36913.0
2019.0,Sedan,18530.0
2019.0,Sedan,38490.0
2019.0,Sedan,46490.0
2019.0,Sedan,46490.0
2019.0,Ute/Pickup,29811.0
2019.0,Ute/Pickup,42735.0
2019.0,Ute/Pickup,27980.0
2019.0,Ute/Pickup,56840.0
2019.0,Ute/Pickup,48998.0
2019.0,Ute/Pickup,33206.0
2019.0,Ute/Pickup,44795.0
2019.0,Ute/Pickup,24558.0
2019.0,Ute/Pickup,39980.0
2019.0,Ute/Pickup,28171.0
2019.0,Ute/Pickup,31046.0
2019.0,Ute/Pickup,39980.0
2019.0,Ute/Pickup,27322.0
2019.0,Ute/Pickup,39980.0
2019.0,Ute/Pickup,54190.0
2019.0,Ute/Pickup,26999.0
2019.0,Ute/Pickup,41538.0
2019.0,Ute/Pickup,38980.0
2019.0,Ute/Pickup,47888.0
2019.0,Ute/Pickup,38980.0
2019.0,Ute/Pickup,42735.0
2019.0,Ute/Pickup,35888.0
2019.0,Ute/Pickup,23999.0
2019.0,Ute/Pickup,23999.0
2019.0,Ute/Pickup,39990.0
2019.0,Ute/Pickup,39888.0
2019.0,Ute/Pickup,25740.0
2019.0,Ute/Pickup,32980.0
2019.0,Ute/Pickup,48444.0
2019.0,Ute/Pickup,53888.0
2019.0,Ute/Pickup,34835.0
2019.0,Ute/Pickup,32980.0
2019.0,Ute/Pickup,36990.0
2019.0,Ute/Pickup,39130.0
2019.0,Ute/Pickup,59990.0
2019.0,Ute/Pickup,61990.0
2019.0,Ute/Pickup,36990.0
2019.0,Ute/Pickup,39980.0
2019.0,Ute/Pickup,40160.0
2019.0,Ute/Pickup,40990.0
2019.0,Ute/Pickup,35990.0
2019.0,Ute/Pickup,51888.0
2019.0,Ute/Pickup,43888.0
2019.0,Ute/Pickup,30890.0
2019.0,Ute/Pickup,49823.0
2019.0,Ute/Pickup,38100.0
2019.0,Ute/Pickup,44990.0
2019.0,Ute/Pickup,38574.0
2019.0,Ute/Pickup,50848.0
2019.0,Ute/Pickup,41875.0
2019.0,Ute/Pickup,48240.0
2019.0,Ute/Pickup,45333.0
2019.0,Ute/Pickup,45333.0
2019.0,Ute/Pickup,34990.0
2019.0,Ute/Pickup,27190.0
2019.0,Ute/Pickup,35888.0
2019.0,Ute/Pickup,37378.0
2019.0,Ute/Pickup,39978.0
2019.0,Ute/Pickup,48440.0
2019.0,Ute/Pickup,44690.0
2019.0,Ute/Pickup,39645.0
2019.0,Ute/Pickup,41546.0
2019.0,Ute/Pickup,34489.0
2019.0,Ute/Pickup,44490.0
2019.0,Ute/Pickup,47990.0
2019.0,Ute/Pickup,44990.0
2019.0,Ute/Pickup,32950.0
2019.0,Ute/Pickup,41989.0
2019.0,Ute/Pickup,26770.0
2019.0,Ute/Pickup,42412.0
2019.0,Ute/Pickup,39995.0
2019.0,Ute/Pickup,43879.0
2019.0,Ute/Pickup,40888.0
2019.0,Ute/Pickup,35990.0
2019.0,Ute/Pickup,40990.0
2019.0,Ute/Pickup,39950.0
2019.0,Ute/Pickup,41970.0
2019.0,Ute/Pickup,41970.0
2019.0,Ute/Pickup,41990.0
2019.0,Ute/Pickup,34490.0
2019.0,Ute/Pickup,41585.0
2019.0,Ute/Pickup,38260.0
2019.0,Ute/Pickup,35850.0
2019.0,Ute/Pickup,39690.0
2019.0,Ute/Pickup,38660.0
2019.0,Ute/Pickup,37999.0
2019.0,Ute/Pickup,41880.0
2019.0,Ute/Pickup,40728.0
2019.0,Ute/Pickup,39990.0
2019.0,Ute/Pickup,36384.0
2019.0,Ute/Pickup,37995.0
2019.0,Ute/Pickup,45750.0
2019.0,Ute/Pickup,48335.0
2019.0,Ute/Pickup,21888.0
2019.0,Ute/Pickup,29820.0
2019.0,Ute/Pickup,40080.0
2019.0,Ute/Pickup,37705.0
2019.0,Ute/Pickup,54990.0
2019.0,Ute/Pickup,35990.0
2019.0,Ute/Pickup,41990.0
2019.0,Ute/Pickup,35990.0
2019.0,Ute/Pickup,35990.0
2019.0,Ute/Pickup,24659.0
2019.0,Ute/Pickup,33940.0
2019.0,Ute/Pickup,45320.0
2019.0,Ute/Pickup,39990.0
2019.0,Ute/Pickup,41690.0
2019.0,Ute/Pickup,26990.0
2019.0,Ute/Pickup,31040.0
2019.0,Ute/Pickup,36384.0
2019.0,Ute/Pickup,39990.0
2019.0,Ute/Pickup,46996.0
2019.0,Ute/Pickup,27322.0
2019.0,Ute/Pickup,19999.0
2019.0,Ute/Pickup,44216.0
2019.0,Ute/Pickup,49838.0
2019.0,Ute/Pickup,38990.0
2019.0,Ute/Pickup,34272.0
2019.0,Ute/Pickup,43990.0
2019.0,Ute/Pickup,42705.0
2019.0,Ute/Pickup,43990.0
2019.0,Ute/Pickup,36990.0
2019.0,Ute/Pickup,39999.0
2019.0,Ute/Pickup,43673.0
2019.0,Ute/Pickup,36040.0
2019.0,Ute/Pickup,46463.0
2019.0,Ute/Pickup,36477.0
2019.0,Ute/Pickup,41190.0
2019.0,Ute/Pickup,49990.0
2019.0,Ute/Pickup,35010.0
2019.0,Ute/Pickup,26991.0
2019.0,Ute/Pickup,34280.0
2019.0,Ute/Pickup,33705.0
2019.0,Ute/Pickup,46850.0
2019.0,Ute/Pickup,36224.0
2019.0,Ute/Pickup,24102.0
2019.0,Ute/Pickup,54888.0
2019.0,Ute/Pickup,27811.0
2019.0,Ute/Pickup,36440.0
2019.0,Ute/Pickup,25627.0
2019.0,Ute/Pickup,46990.0
2019.0,Ute/Pickup,36000.0
2019.0,Ute/Pickup,42888.0
2019.0,Ute/Pickup,41999.0
2019.0,Ute/Pickup,29490.0
2019.0,Ute/Pickup,26850.0
2019.0,Ute/Pickup,36880.0
2019.0,Ute/Pickup,35490.0
2019.0,Ute/Pickup,36040.0
2019.0,Ute/Pickup,34990.0
2019.0,Ute/Pickup,39990.0
2019.0,Ute/Pickup,44888.0
2019.0,Ute/Pickup,53990.0
2019.0,Ute/Pickup,36990.0
2019.0,Ute/Pickup,31990.0
2019.0,Ute/Pickup,30705.0
2019.0,Ute/Pickup,49910.0
2019.0,Ute/Pickup,29490.0
2019.0,Ute/Pickup,33990.0
2019.0,Ute/Pickup,39980.0
2019.0,Ute/Pickup,42900.0
2019.0,Ute/Pickup,35995.0
2019.0,Ute/Pickup,34308.0
2019.0,Ute/Pickup,24990.0
2019.0,Ute/Pickup,26742.0
2019.0,Ute/Pickup,32990.0
2019.0,Ute/Pickup,44311.0
2019.0,Ute/Pickup,49990.0
2019.0,Ute/Pickup,32790.0
2019.0,Ute/Pickup,37990.0
2019.0,Ute/Pickup,44990.0
2019.0,Ute/Pickup,33950.0
2019.0,Ute/Pickup,35995.0
2019.0,Ute/Pickup,39990.0
2019.0,Ute/Pickup,29990.0
2019.0,Ute/Pickup,30890.0
2019.0,Ute/Pickup,35010.0
2019.0,Ute/Pickup,28999.0
2019.0,Ute/Pickup,25888.0
2019.0,Ute/Pickup,31884.0
2019.0,Ute/Pickup,32837.0
2019.0,Ute/Pickup,37499.0
2019.0,Ute/Pickup,26653.0
2019.0,Ute/Pickup,38100.0
2019.0,Ute/Pickup,53880.0
2019.0,Ute/Pickup,53195.0
2019.0,Ute/Pickup,26999.0
2019.0,Ute/Pickup,27790.0
2019.0,Ute/Pickup,34201.0
2019.0,Ute/Pickup,36990.0
2019.0,Ute/Pickup,18539.0
2019.0,Ute/Pickup,52500.0
2019.0,Ute/Pickup,52500.0
2019.0,Ute/Pickup,26900.0
2019.0,Ute/Pickup,29790.0
2019.0,Ute/Pickup,41980.0
2019.0,Ute/Pickup,39329.0
2019.0,Ute/Pickup,41980.0
2019.0,Ute/Pickup,35010.0
2019.0,Ute/Pickup,55790.0
2019.0,Ute/Pickup,34201.0
2019.0,Ute/Pickup,44991.0
2019.0,Ute/Pickup,25749.0
2019.0,Ute/Pickup,36492.0
2019.0,Ute/Pickup,35990.0
2019.0,Ute/Pickup,39050.0
2019.0,Ute/Pickup,43850.0
2019.0,Ute/Pickup,31888.0
2019.0,Ute/Pickup,51590.0
2019.0,Ute/Pickup,31980.0
2019.0,Ute/Pickup,49998.0
2019.0,Ute/Pickup,24990.0
2019.0,Ute/Pickup,40160.0
2019.0,Ute/Pickup,44311.0
2019.0,Ute/Pickup,31980.0
2019.0,Ute/Pickup,22995.0
2019.0,Ute/Pickup,23641.0
2019.0,Ute/Pickup,33999.0
2019.0,Ute/Pickup,34814.0
2019.0,Ute/Pickup,25693.0
2019.0,Ute/Pickup,43157.0
2019.0,Ute/Pickup,27990.0
2019.0,Ute/Pickup,39130.0
2019.0,Ute/Pickup,42008.0
2019.0,Ute/Pickup,33990.0
2019.0,Ute/Pickup,35383.0
2019.0,Ute/Pickup,38980.0
2019.0,Ute/Pickup,31058.0
2019.0,Ute/Pickup,33973.0
2019.0,Ute/Pickup,31990.0
2019.0,Ute/Pickup,29999.0
2019.0,Ute/Pickup,38980.0
2019.0,Van,38980.0
2019.0,Van,38980.0
2019.0,Van,33537.0
2019.0,Van,38890.0
2019.0,Van,54690.0
2019.0,Van,53980.0
2019.0,Van,53980.0
2019.0,Van,29701.0
2019.0,Van,45480.0
2019.0,Van,54980.0
2019.0,Van,54980.0
2019.0,Van,29694.0
2019.0,Van,33980.0
2019.0,Van,69980.0
2019.0,Van,69980.0
2019.0,Van,52100.0
2019.0,Van,54980.0
2019.0,Van,33980.0
2019.0,Van,47480.0
2019.0,Van,41322.0
2019.0,Van,45980.0
2019.0,Van,43250.0
2019.0,Van,40980.0
2019.0,Van,45980.0
2019.0,Van,46980.0
2019.0,Van,46980.0
2019.0,Van,32108.0
2019.0,Van,34280.0
2019.0,Van,47480.0
2019.0,Van,38672.0
2019.0,Van,34280.0
2019.0,Van,56433.0
2019.0,Van,70710.0
2019.0,Van,48702.0
2019.0,Van,23165.0
2019.0,Van,48980.0
2019.0,Van,48980.0
2019.0,Van,48980.0
2019.0,Van,24322.0
2019.0,Van,47575.0
2019.0,Van,64990.0
2019.0,Van,24993.0
2019.0,Van,24322.0
2019.0,Van,54980.0
2019.0,Van,48702.0
2019.0,Van,21690.0
2019.0,Van,24250.0
2019.0,Van,45320.0
2019.0,Van,44990.0
2019.0,Van,40980.0
2019.0,Van,45480.0
2019.0,Van,24990.0
2019.0,Van,38890.0
2019.0,Van,27809.0
2019.0,Van,43980.0
2019.0,Van,21379.0
2019.0,Van,32910.0
2019.0,Van,19690.0
2019.0,Van,37574.0
2019.0,Van,43980.0
2019.0,Van,23598.0
2019.0,Van,72599.0
2019.0,Van,99980.0
2019.0,Van,31430.0
2019.0,Van,69125.0
2019.0,Van,99980.0
2019.0,Van,44280.0
2019.0,Van,48586.0
2019.0,Van,27800.0
2019.0,Van,46980.0
2019.0,Van,27800.0
2019.0,Van,47460.0
2019.0,Van,28990.0
2019.0,Van,43112.0
2019.0,Van,25108.0
2019.0,Van,30921.0
2019.0,Van,32981.0
2019.0,Van,67300.0
2019.0,Van,24990.0
2019.0,Van,33867.0
2019.0,Wagon,33578.0
2019.0,Wagon,44084.0
2019.0,Wagon,25740.0
2019.0,Wagon,34495.0
2019.0,Wagon,67340.0
2019.0,Wagon,18988.0
2019.0,Wagon,27990.0
2019.0,Wagon,22610.0
2019.0,Wagon,20590.0
2019.0,Wagon,53219.0
2019.0,Wagon,39794.0
2019.0,Wagon,22985.0
2019.0,Wagon,20485.0
2019.0,Wagon,17371.0
2020.0,Convertible,58990.0
2020.0,Convertible,37990.0
2020.0,Convertible,37990.0
2020.0,Coupe,51294.0
2020.0,Coupe,39748.0
2020.0,Coupe,60450.0
2020.0,Coupe,38990.0
2020.0,Coupe,39990.0
2020.0,Coupe,135999.0
2020.0,Coupe,83880.0
2020.0,Coupe,55990.0
2020.0,Coupe,80910.0
2020.0,Coupe,75868.0
2020.0,Coupe,75868.0
2020.0,Hatchback,19990.0
2020.0,Hatchback,19990.0
2020.0,Hatchback,13985.0
2020.0,Hatchback,18234.0
2020.0,Hatchback,15000.0
2020.0,Hatchback,20880.0
2020.0,Hatchback,19999.0
2020.0,Hatchback,18940.0
2020.0,Hatchback,18940.0
2020.0,Hatchback,34999.0
2020.0,Hatchback,30890.0
2020.0,Hatchback,22819.0
2020.0,Hatchback,24990.0
2020.0,Hatchback,20590.0
2020.0,Hatchback,16999.0
2020.0,Hatchback,15770.0
2020.0,Hatchback,17610.0
2020.0,Hatchback,17610.0
2020.0,Hatchback,28737.0
2020.0,Hatchback,29860.0
2020.0,Hatchback,36040.0
2020.0,Hatchback,49800.0
2020.0,Hatchback,27800.0
2020.0,Hatchback,68800.0
2020.0,Hatchback,29250.0
2020.0,Hatchback,26690.0
2020.0,Hatchback,16400.0
2020.0,Hatchback,33980.0
2020.0,Hatchback,33980.0
2020.0,Hatchback,33980.0
2020.0,Hatchback,16990.0
2020.0,Hatchback,36990.0
2020.0,Hatchback,29880.0
2020.0,Hatchback,61800.0
2020.0,Hatchback,35947.0
2020.0,Hatchback,24888.0
2020.0,Hatchback,14523.0
2020.0,Hatchback,31030.0
2020.0,Hatchback,20400.0
2020.0,Hatchback,50540.0
2020.0,Hatchback,49555.0
2020.0,Hatchback,30990.0
2020.0,Hatchback,34490.0
2020.0,Hatchback,21990.0
2020.0,Hatchback,21990.0
2020.0,Hatchback,18590.0
2020.0,Hatchback,21220.0
2020.0,Hatchback,21779.0
2020.0,Hatchback,16990.0
2020.0,Hatchback,43992.0
2020.0,Hatchback,33196.0
2020.0,Hatchback,18290.0
2020.0,Hatchback,20036.0
2020.0,Hatchback,29990.0
2020.0,Hatchback,25963.0
2020.0,Hatchback,26490.0
2020.0,Hatchback,22151.0
2020.0,Hatchback,31490.0
2020.0,Hatchback,20990.0
2020.0,Hatchback,32950.0
2020.0,Hatchback,35340.0
2020.0,Hatchback,31040.0
2020.0,Hatchback,15868.0
2020.0,Hatchback,14795.0
2020.0,Hatchback,35995.0
2020.0,Hatchback,30990.0
2020.0,Hatchback,49988.0
2020.0,Hatchback,34301.0
2020.0,Hatchback,21557.0
2020.0,Hatchback,22071.0
2020.0,Hatchback,18990.0
2020.0,Hatchback,16470.0
2020.0,Hatchback,25990.0
2020.0,Hatchback,20838.0
2020.0,Hatchback,21454.0
2020.0,Hatchback,20838.0
2020.0,Hatchback,30890.0
2020.0,Hatchback,17500.0
2020.0,Hatchback,15997.0
2020.0,Hatchback,22537.0
2020.0,Hatchback,22537.0
2020.0,Hatchback,22650.0
2020.0,Hatchback,45310.0
2020.0,Hatchback,39880.0
2020.0,Hatchback,16999.0
2020.0,Hatchback,40690.0
2020.0,Hatchback,22490.0
2020.0,Hatchback,31490.0
2020.0,Hatchback,20530.0
2020.0,Hatchback,19480.0
2020.0,Hatchback,25490.0
2020.0,Hatchback,43990.0
2020.0,Hatchback,17990.0
2020.0,Hatchback,25990.0
2020.0,Hatchback,20590.0
2020.0,Hatchback,29995.0
2020.0,Hatchback,40766.0
2020.0,Hatchback,22850.0
2020.0,Hatchback,46237.0
2020.0,Hatchback,16990.0
2020.0,Hatchback,14990.0
2020.0,Hatchback,29888.0
2020.0,Hatchback,35392.0
2020.0,Hatchback,53880.0
2020.0,Hatchback,18372.0
2020.0,Hatchback,24195.0
2020.0,Hatchback,18970.0
2020.0,Hatchback,14980.0
2020.0,Hatchback,31990.0
2020.0,Hatchback,17615.0
2020.0,Hatchback,21620.0
2020.0,Hatchback,29850.0
2020.0,Hatchback,19452.0
2020.0,Hatchback,31500.0
2020.0,Hatchback,20990.0
2020.0,Hatchback,28830.0
2020.0,Hatchback,67900.0
2020.0,Hatchback,18475.0
2020.0,Hatchback,45333.0
2020.0,Hatchback,15440.0
2020.0,Hatchback,22100.0
2020.0,Hatchback,22490.0
2020.0,Hatchback,32950.0
2020.0,Hatchback,25740.0
2020.0,Hatchback,21218.0
2020.0,Hatchback,25647.0
2020.0,Hatchback,25740.0
2020.0,SUV,27990.0
2020.0,SUV,67990.0
2020.0,SUV,67990.0
2020.0,SUV,67990.0
2020.0,SUV,23990.0
2020.0,SUV,75900.0
2020.0,SUV,22990.0
2020.0,SUV,32490.0
2020.0,SUV,29767.0
2020.0,SUV,29880.0
2020.0,SUV,28490.0
2020.0,SUV,22990.0
2020.0,SUV,47310.0
2020.0,SUV,32799.0
2020.0,SUV,36756.0
2020.0,SUV,26990.0
2020.0,SUV,69490.0
2020.0,SUV,23990.0
2020.0,SUV,23990.0
2020.0,SUV,24710.0
2020.0,SUV,36040.0
2020.0,SUV,24710.0
2020.0,SUV,20990.0
2020.0,SUV,24990.0
2020.0,SUV,25225.0
2020.0,SUV,36491.0
2020.0,SUV,28990.0
2020.0,SUV,71888.0
2020.0,SUV,26999.0
2020.0,SUV,40999.0
2020.0,SUV,33950.0
2020.0,SUV,104090.0
2020.0,SUV,31999.0
2020.0,SUV,41190.0
2020.0,SUV,96540.0
2020.0,SUV,84480.0
2020.0,SUV,84480.0
2020.0,SUV,26990.0
2020.0,SUV,55630.0
2020.0,SUV,32950.0
2020.0,SUV,37070.0
2020.0,SUV,87980.0
2020.0,SUV,26677.0
2020.0,SUV,29990.0
2020.0,SUV,69800.0
2020.0,SUV,72409.0
2020.0,SUV,48490.0
2020.0,SUV,31999.0
2020.0,SUV,48490.0
2020.0,SUV,27990.0
2020.0,SUV,92980.0
2020.0,SUV,88390.0
2020.0,SUV,73990.0
2020.0,SUV,34990.0
2020.0,SUV,33980.0
2020.0,SUV,36040.0
2020.0,SUV,58868.0
2020.0,SUV,92980.0
2020.0,SUV,36990.0
2020.0,SUV,79990.0
2020.0,SUV,46340.0
2020.0,SUV,47999.0
2020.0,SUV,26950.0
2020.0,SUV,47874.0
2020.0,SUV,22999.0
2020.0,SUV,22999.0
2020.0,SUV,69980.0
2020.0,SUV,57800.0
2020.0,SUV,38561.0
2020.0,SUV,67800.0
2020.0,SUV,27990.0
2020.0,SUV,67800.0
2020.0,SUV,88330.0
2020.0,SUV,40788.0
2020.0,SUV,46990.0
2020.0,SUV,27990.0
2020.0,SUV,44800.0
2020.0,SUV,79800.0
2020.0,SUV,66250.0
2020.0,SUV,84800.0
2020.0,SUV,39990.0
2020.0,SUV,65980.0
2020.0,SUV,59270.0
2020.0,SUV,66020.0
2020.0,SUV,49874.0
2020.0,SUV,44488.0
2020.0,SUV,38990.0
2020.0,SUV,68800.0
2020.0,SUV,57990.0
2020.0,SUV,26888.0
2020.0,SUV,48800.0
2020.0,SUV,39999.0
2020.0,SUV,47011.0
2020.0,SUV,68800.0
2020.0,SUV,65980.0
2020.0,SUV,32950.0
2020.0,SUV,46340.0
2020.0,SUV,33980.0
2020.0,SUV,21620.0
2020.0,SUV,103890.0
2020.0,SUV,24990.0
2020.0,SUV,98800.0
2020.0,SUV,86310.0
2020.0,SUV,26990.0
2020.0,SUV,44280.0
2020.0,SUV,65990.0
2020.0,SUV,34990.0
2020.0,SUV,45800.0
2020.0,SUV,41539.0
2020.0,SUV,33790.0
2020.0,SUV,57499.0
2020.0,SUV,62090.0
2020.0,SUV,111832.0
2020.0,SUV,63390.0
2020.0,SUV,53239.0
2020.0,SUV,35844.0
2020.0,SUV,29800.0
2020.0,SUV,28830.0
2020.0,SUV,21620.0
2020.0,SUV,44488.0
2020.0,SUV,64990.0
2020.0,SUV,25740.0
2020.0,SUV,47460.0
2020.0,SUV,25499.0
2020.0,SUV,28830.0
2020.0,SUV,39991.0
2020.0,SUV,45970.0
2020.0,SUV,36295.0
2020.0,SUV,66552.0
2020.0,SUV,28490.0
2020.0,SUV,30990.0
2020.0,SUV,74539.0
2020.0,SUV,28990.0
2020.0,SUV,39990.0
2020.0,SUV,39990.0
2020.0,SUV,37990.0
2020.0,SUV,76676.0
2020.0,SUV,43190.0
2020.0,SUV,34917.0
2020.0,SUV,37690.0
2020.0,SUV,26677.0
2020.0,SUV,21888.0
2020.0,SUV,66019.0
2020.0,SUV,47396.0
2020.0,SUV,25888.0
2020.0,SUV,24990.0
2020.0,SUV,53165.0
2020.0,SUV,88800.0
2020.0,SUV,31990.0
2020.0,SUV,26990.0
2020.0,SUV,32990.0
2020.0,SUV,64990.0
2020.0,SUV,42690.0
2020.0,SUV,64990.0
2020.0,SUV,66990.0
2020.0,SUV,75990.0
2020.0,SUV,36990.0
2020.0,SUV,37880.0
2020.0,SUV,47800.0
2020.0,SUV,48490.0
2020.0,SUV,41990.0
2020.0,SUV,37990.0
2020.0,SUV,35947.0
2020.0,SUV,29990.0
2020.0,SUV,21190.0
2020.0,SUV,37990.0
2020.0,SUV,24950.0
2020.0,SUV,37460.0
2020.0,SUV,39990.0
2020.0,SUV,111136.0
2020.0,SUV,25950.0
2020.0,SUV,44710.0
2020.0,SUV,88800.0
2020.0,SUV,101859.0
2020.0,SUV,36464.0
2020.0,SUV,41190.0
2020.0,SUV,41190.0
2020.0,SUV,80553.0
2020.0,SUV,75633.0
2020.0,SUV,27245.0
2020.0,SUV,25990.0
2020.0,SUV,25990.0
2020.0,SUV,27604.0
2020.0,SUV,75633.0
2020.0,SUV,70712.0
2020.0,SUV,65990.0
2020.0,SUV,32990.0
2020.0,SUV,22555.0
2020.0,SUV,44280.0
2020.0,SUV,85800.0
2020.0,SUV,44280.0
2020.0,SUV,62330.0
2020.0,SUV,50366.0
2020.0,SUV,71894.0
2020.0,SUV,26290.0
2020.0,SUV,27990.0
2020.0,SUV,26956.0
2020.0,SUV,63896.0
2020.0,SUV,46340.0
2020.0,SUV,35990.0
2020.0,SUV,39990.0
2020.0,SUV,41150.0
2020.0,SUV,42500.0
2020.0,SUV,68488.0
2020.0,SUV,68488.0
2020.0,SUV,48722.0
2020.0,SUV,28886.0
2020.0,SUV,19890.0
2020.0,SUV,50990.0
2020.0,SUV,19560.0
2020.0,SUV,27990.0
2020.0,SUV,27990.0
2020.0,SUV,36306.0
2020.0,SUV,25153.0
2020.0,SUV,28876.0
2020.0,SUV,23413.0
2020.0,SUV,35935.0
2020.0,SUV,24775.0
2020.0,SUV,71655.0
2020.0,SUV,25338.0
2020.0,SUV,56990.0
2020.0,SUV,57498.0
2020.0,SUV,50950.0
2020.0,SUV,69888.0
2020.0,SUV,21990.0
2020.0,SUV,99800.0
2020.0,SUV,43990.0
2020.0,SUV,34490.0
2020.0,SUV,39888.0
2020.0,SUV,36858.0
2020.0,SUV,43888.0
2020.0,SUV,37900.0
2020.0,SUV,74800.0
2020.0,SUV,81888.0
2020.0,SUV,22895.0
2020.0,SUV,25990.0
2020.0,SUV,28830.0
2020.0,SUV,44990.0
2020.0,SUV,45888.0
2020.0,SUV,76990.0
2020.0,SUV,27391.0
2020.0,SUV,26199.0
2020.0,SUV,64938.0
2020.0,SUV,40888.0
2020.0,SUV,39925.0
2020.0,SUV,38880.0
2020.0,SUV,29900.0
2020.0,SUV,21409.0
2020.0,SUV,36490.0
2020.0,SUV,25990.0
2020.0,SUV,23888.0
2020.0,SUV,38990.0
2020.0,SUV,28886.0
2020.0,SUV,32991.0
2020.0,SUV,29990.0
2020.0,SUV,58563.0
2020.0,SUV,25740.0
2020.0,SUV,58940.0
2020.0,SUV,27800.0
2020.0,SUV,99800.0
2020.0,SUV,44990.0
2020.0,SUV,48400.0
2020.0,SUV,49833.0
2020.0,SUV,20690.0
2020.0,SUV,45800.0
2020.0,SUV,78930.0
2020.0,SUV,36480.0
2020.0,SUV,31490.0
2020.0,SUV,42990.0
2020.0,SUV,27785.0
2020.0,SUV,32888.0
2020.0,SUV,26990.0
2020.0,SUV,40871.0
2020.0,SUV,29995.0
2020.0,SUV,41000.0
2020.0,SUV,33784.0
2020.0,SUV,38990.0
2020.0,SUV,35990.0
2020.0,SUV,30488.0
2020.0,SUV,87980.0
2020.0,SUV,25338.0
2020.0,SUV,32480.0
2020.0,SUV,36450.0
2020.0,SUV,32950.0
2020.0,SUV,23278.0
2020.0,SUV,23278.0
2020.0,SUV,73480.0
2020.0,SUV,28777.0
2020.0,SUV,47556.0
2020.0,SUV,57499.0
2020.0,SUV,79990.0
2020.0,SUV,33837.0
2020.0,SUV,89990.0
2020.0,SUV,33990.0
2020.0,SUV,26990.0
2020.0,SUV,46260.0
2020.0,SUV,25591.0
2020.0,SUV,99800.0
2020.0,SUV,29476.0
2020.0,SUV,28490.0
2020.0,SUV,76800.0
2020.0,SUV,41190.0
2020.0,SUV,28886.0
2020.0,SUV,36998.0
2020.0,SUV,40788.0
2020.0,SUV,37070.0
2020.0,SUV,22990.0
2020.0,SUV,25990.0
2020.0,SUV,71895.0
2020.0,SUV,26990.0
2020.0,SUV,19990.0
2020.0,SUV,25500.0
2020.0,SUV,29860.0
2020.0,SUV,28830.0
2020.0,SUV,33690.0
2020.0,SUV,36990.0
2020.0,SUV,45270.0
2020.0,SUV,30490.0
2020.0,SUV,63990.0
2020.0,SUV,49383.0
2020.0,SUV,31040.0
2020.0,SUV,32990.0
2020.0,SUV,73622.0
2020.0,SUV,73475.0
2020.0,SUV,19880.0
2020.0,SUV,24490.0
2020.0,SUV,20990.0
2020.0,SUV,26082.0
2020.0,SUV,27765.0
2020.0,SUV,41990.0
2020.0,SUV,31990.0
2020.0,SUV,31990.0
2020.0,SUV,41990.0
2020.0,SUV,25990.0
2020.0,SUV,44990.0
2020.0,SUV,27746.0
2020.0,SUV,39130.0
2020.0,SUV,105415.0
2020.0,SUV,29050.0
2020.0,SUV,77735.0
2020.0,SUV,25677.0
2020.0,SUV,31990.0
2020.0,SUV,57890.0
2020.0,SUV,37550.0
2020.0,SUV,21990.0
2020.0,SUV,74545.0
2020.0,SUV,94990.0
2020.0,SUV,22399.0
2020.0,SUV,24433.0
2020.0,SUV,28490.0
2020.0,SUV,24433.0
2020.0,SUV,49811.0
2020.0,SUV,44662.0
2020.0,SUV,28490.0
2020.0,SUV,24990.0
2020.0,SUV,54644.0
2020.0,SUV,47481.0
2020.0,SUV,27800.0
2020.0,SUV,32558.0
2020.0,SUV,26657.0
2020.0,SUV,29990.0
2020.0,SUV,21990.0
2020.0,SUV,72499.0
2020.0,SUV,69999.0
2020.0,SUV,44215.0
2020.0,SUV,75990.0
2020.0,SUV,65990.0
2020.0,SUV,24710.0
2020.0,SUV,22940.0
2020.0,SUV,67085.0
2020.0,SUV,74690.0
2020.0,SUV,33465.0
2020.0,SUV,49995.0
2020.0,SUV,36756.0
2020.0,SUV,27800.0
2020.0,SUV,45985.0
2020.0,SUV,26770.0
2020.0,SUV,69995.0
2020.0,SUV,27792.0
2020.0,SUV,38007.0
2020.0,SUV,35010.0
2020.0,SUV,54990.0
2020.0,SUV,28990.0
2020.0,SUV,40990.0
2020.0,SUV,23509.0
2020.0,SUV,86800.0
2020.0,SUV,86800.0
2020.0,SUV,27293.0
2020.0,SUV,39775.0
2020.0,SUV,33113.0
2020.0,SUV,30785.0
2020.0,SUV,29990.0
2020.0,SUV,29969.0
2020.0,SUV,23990.0
2020.0,SUV,25490.0
2020.0,SUV,28876.0
2020.0,SUV,53990.0
2020.0,SUV,33333.0
2020.0,SUV,25990.0
2020.0,SUV,23612.0
2020.0,SUV,65990.0
2020.0,SUV,50990.0
2020.0,SUV,27577.0
2020.0,SUV,24990.0
2020.0,SUV,37990.0
2020.0,SUV,30551.0
2020.0,SUV,27589.0
2020.0,SUV,22482.0
2020.0,SUV,28830.0
2020.0,SUV,31038.0
2020.0,SUV,52895.0
2020.0,SUV,36990.0
2020.0,SUV,39681.0
2020.0,SUV,25534.0
2020.0,SUV,49800.0
2020.0,SUV,25338.0
2020.0,SUV,49395.0
2020.0,SUV,45825.0
2020.0,SUV,28340.0
2020.0,SUV,23407.0
2020.0,SUV,26690.0
2020.0,SUV,25740.0
2020.0,SUV,29990.0
2020.0,SUV,31750.0
2020.0,SUV,28838.0
2020.0,SUV,57690.0
2020.0,SUV,24888.0
2020.0,SUV,39755.0
2020.0,SUV,44330.0
2020.0,SUV,23490.0
2020.0,SUV,45990.0
2020.0,SUV,27790.0
2020.0,SUV,84480.0
2020.0,SUV,67880.0
2020.0,SUV,22042.0
2020.0,SUV,20995.0
2020.0,SUV,24710.0
2020.0,SUV,22174.0
2020.0,SUV,28232.0
2020.0,SUV,38440.0
2020.0,SUV,32880.0
2020.0,SUV,26574.0
2020.0,SUV,98866.0
2020.0,SUV,52990.0
2020.0,SUV,24990.0
2020.0,SUV,33734.0
2020.0,SUV,34201.0
2020.0,SUV,28830.0
2020.0,SUV,23517.0
2020.0,SUV,45022.0
2020.0,SUV,30490.0
2020.0,SUV,35391.0
2020.0,SUV,35391.0
2020.0,SUV,32785.0
2020.0,SUV,71887.0
2020.0,SUV,73462.0
2020.0,SUV,21620.0
2020.0,SUV,32990.0
2020.0,SUV,32119.0
2020.0,SUV,28717.0
2020.0,SUV,48480.0
2020.0,SUV,25990.0
2020.0,SUV,25740.0
2020.0,SUV,66754.0
2020.0,SUV,32950.0
2020.0,SUV,27687.0
2020.0,SUV,26940.0
2020.0,SUV,76790.0
2020.0,SUV,53258.0
2020.0,SUV,40868.0
2020.0,SUV,24331.0
2020.0,SUV,59990.0
2020.0,SUV,25990.0
2020.0,SUV,35947.0
2020.0,SUV,69800.0
2020.0,SUV,23490.0
2020.0,SUV,26970.0
2020.0,SUV,38950.0
2020.0,SUV,49888.0
2020.0,SUV,59990.0
2020.0,SUV,33224.0
2020.0,SUV,30990.0
2020.0,SUV,55348.0
2020.0,SUV,26490.0
2020.0,SUV,23098.0
2020.0,SUV,29990.0
2020.0,SUV,24659.0
2020.0,SUV,59990.0
2020.0,SUV,37460.0
2020.0,SUV,21690.0
2020.0,SUV,32880.0
2020.0,SUV,31405.0
2020.0,SUV,47895.0
2020.0,SUV,20956.0
2020.0,SUV,33980.0
2020.0,SUV,39990.0
2020.0,SUV,19990.0
2020.0,SUV,66020.0
2020.0,SUV,37399.0
2020.0,SUV,40940.0
2020.0,SUV,38777.0
2020.0,SUV,38777.0
2020.0,SUV,79395.0
2020.0,SUV,36482.0
2020.0,SUV,31490.0
2020.0,SUV,40994.0
2020.0,SUV,37904.0
2020.0,SUV,35010.0
2020.0,SUV,82990.0
2020.0,SUV,30890.0
2020.0,SUV,104990.0
2020.0,SUV,33221.0
2020.0,SUV,80958.0
2020.0,SUV,21507.0
2020.0,SUV,55888.0
2020.0,SUV,23775.0
2020.0,SUV,23990.0
2020.0,SUV,39888.0
2020.0,SUV,38490.0
2020.0,SUV,33093.0
2020.0,SUV,43888.0
2020.0,SUV,37990.0
2020.0,SUV,39990.0
2020.0,SUV,20519.0
2020.0,SUV,19512.0
2020.0,SUV,46550.0
2020.0,SUV,21900.0
2020.0,SUV,45490.0
2020.0,SUV,39952.0
2020.0,SUV,34720.0
2020.0,SUV,33968.0
2020.0,SUV,26690.0
2020.0,SUV,38800.0
2020.0,SUV,22650.0
2020.0,SUV,69156.0
2020.0,SUV,43990.0
2020.0,SUV,39990.0
2020.0,SUV,36956.0
2020.0,SUV,30928.0
2020.0,SUV,29990.0
2020.0,SUV,81558.0
2020.0,SUV,35885.0
2020.0,SUV,100099.0
2020.0,SUV,99800.0
2020.0,SUV,33990.0
2020.0,SUV,33990.0
2020.0,SUV,43080.0
2020.0,SUV,27690.0
2020.0,SUV,62090.0
2020.0,SUV,27703.0
2020.0,SUV,36919.0
2020.0,SUV,28886.0
2020.0,SUV,57499.0
2020.0,SUV,34990.0
2020.0,SUV,59990.0
2020.0,SUV,40160.0
2020.0,SUV,49990.0
2020.0,SUV,25990.0
2020.0,SUV,23680.0
2020.0,SUV,25990.0
2020.0,SUV,32100.0
2020.0,SUV,22135.0
2020.0,SUV,36980.0
2020.0,SUV,36980.0
2020.0,SUV,36980.0
2020.0,SUV,23680.0
2020.0,SUV,44084.0
2020.0,SUV,23990.0
2020.0,SUV,35990.0
2020.0,SUV,34598.0
2020.0,SUV,22537.0
2020.0,SUV,37589.0
2020.0,SUV,24813.0
2020.0,SUV,39490.0
2020.0,SUV,37990.0
2020.0,SUV,23490.0
2020.0,SUV,35990.0
2020.0,SUV,56899.0
2020.0,SUV,33990.0
2020.0,SUV,35490.0
2020.0,SUV,23990.0
2020.0,SUV,23631.0
2020.0,SUV,29755.0
2020.0,SUV,59210.0
2020.0,SUV,82593.0
2020.0,SUV,83868.0
2020.0,SUV,41303.0
2020.0,SUV,84880.0
2020.0,SUV,68390.0
2020.0,SUV,33184.0
2020.0,SUV,27800.0
2020.0,SUV,67990.0
2020.0,SUV,29850.0
2020.0,SUV,31040.0
2020.0,SUV,37888.0
2020.0,SUV,38990.0
2020.0,SUV,31999.0
2020.0,SUV,35990.0
2020.0,SUV,28830.0
2020.0,SUV,22850.0
2020.0,SUV,19510.0
2020.0,SUV,32490.0
2020.0,SUV,34804.0
2020.0,SUV,29990.0
2020.0,SUV,33990.0
2020.0,SUV,28830.0
2020.0,SUV,93590.0
2020.0,SUV,42390.0
2020.0,SUV,28990.0
2020.0,SUV,97800.0
2020.0,SUV,97800.0
2020.0,SUV,37990.0
2020.0,SUV,38990.0
2020.0,SUV,46367.0
2020.0,SUV,39490.0
2020.0,SUV,66019.0
2020.0,SUV,35370.0
2020.0,SUV,35370.0
2020.0,SUV,27800.0
2020.0,SUV,25740.0
2020.0,SUV,30850.0
2020.0,SUV,31920.0
2020.0,SUV,57880.0
2020.0,SUV,25676.0
2020.0,SUV,41990.0
2020.0,SUV,31450.0
2020.0,SUV,33940.0
2020.0,SUV,32910.0
2020.0,SUV,32990.0
2020.0,SUV,24990.0
2020.0,SUV,26730.0
2020.0,SUV,22595.0
2020.0,SUV,110641.0
2020.0,SUV,88888.0
2020.0,SUV,24650.0
2020.0,SUV,36034.0
2020.0,SUV,51490.0
2020.0,SUV,86990.0
2020.0,SUV,28727.0
2020.0,SUV,53456.0
2020.0,SUV,29850.0
2020.0,SUV,29390.0
2020.0,SUV,35525.0
2020.0,SUV,20540.0
2020.0,SUV,23490.0
2020.0,SUV,36071.0
2020.0,SUV,22409.0
2020.0,SUV,20590.0
2020.0,SUV,92943.0
2020.0,SUV,20590.0
2020.0,SUV,50990.0
2020.0,SUV,87890.0
2020.0,SUV,30890.0
2020.0,SUV,23990.0
2020.0,SUV,22990.0
2020.0,SUV,50990.0
2020.0,SUV,35990.0
2020.0,SUV,21490.0
2020.0,SUV,24490.0
2020.0,SUV,26990.0
2020.0,SUV,38490.0
2020.0,SUV,89459.0
2020.0,SUV,24990.0
2020.0,SUV,59608.0
2020.0,SUV,36990.0
2020.0,SUV,27831.0
2020.0,SUV,29860.0
2020.0,SUV,30890.0
2020.0,SUV,33093.0
2020.0,SUV,40120.0
2020.0,SUV,28830.0
2020.0,SUV,23990.0
2020.0,SUV,25660.0
2020.0,SUV,29990.0
2020.0,SUV,19560.0
2020.0,SUV,103888.0
2020.0,SUV,19560.0
2020.0,SUV,73880.0
2020.0,SUV,43888.0
2020.0,SUV,106400.0
2020.0,SUV,33219.0
2020.0,SUV,38934.0
2020.0,SUV,93670.0
2020.0,SUV,44265.0
2020.0,SUV,29860.0
2020.0,SUV,32990.0
2020.0,SUV,31880.0
2020.0,SUV,32905.0
2020.0,SUV,27990.0
2020.0,SUV,53990.0
2020.0,SUV,57990.0
2020.0,SUV,114490.0
2020.0,SUV,57990.0
2020.0,SUV,20053.0
2020.0,SUV,19995.0
2020.0,SUV,39681.0
2020.0,SUV,43190.0
2020.0,SUV,48500.0
2020.0,SUV,25990.0
2020.0,SUV,48240.0
2020.0,SUV,19560.0
2020.0,SUV,42164.0
2020.0,SUV,34180.0
2020.0,SUV,79990.0
2020.0,SUV,22990.0
2020.0,SUV,27812.0
2020.0,SUV,19990.0
2020.0,SUV,36880.0
2020.0,SUV,26801.0
2020.0,SUV,47665.0
2020.0,SUV,46880.0
2020.0,SUV,32950.0
2020.0,SUV,33224.0
2020.0,SUV,43145.0
2020.0,SUV,25740.0
2020.0,SUV,35990.0
2020.0,SUV,47990.0
2020.0,SUV,27800.0
2020.0,SUV,103990.0
2020.0,SUV,70373.0
2020.0,SUV,59950.0
2020.0,SUV,68150.0
2020.0,SUV,24990.0
2020.0,SUV,44650.0
2020.0,SUV,37600.0
2020.0,Sedan,27750.0
2020.0,Sedan,21490.0
2020.0,Sedan,21490.0
2020.0,Sedan,28989.0
2020.0,Sedan,24669.0
2020.0,Sedan,31490.0
2020.0,Sedan,23990.0
2020.0,Sedan,46163.0
2020.0,Sedan,32999.0
2020.0,Sedan,22545.0
2020.0,Sedan,41690.0
2020.0,Sedan,30890.0
2020.0,Sedan,40990.0
2020.0,Sedan,48345.0
2020.0,Sedan,61800.0
2020.0,Sedan,41811.0
2020.0,Sedan,28725.0
2020.0,Sedan,55990.0
2020.0,Sedan,29990.0
2020.0,Sedan,26900.0
2020.0,Sedan,54800.0
2020.0,Sedan,47790.0
2020.0,Sedan,39000.0
2020.0,Sedan,48887.0
2020.0,Sedan,27690.0
2020.0,Sedan,29888.0
2020.0,Sedan,34255.0
2020.0,Sedan,49800.0
2020.0,Sedan,25888.0
2020.0,Sedan,42798.0
2020.0,Sedan,21990.0
2020.0,Sedan,47990.0
2020.0,Sedan,52868.0
2020.0,Sedan,29652.0
2020.0,Sedan,45153.0
2020.0,Sedan,32950.0
2020.0,Sedan,39990.0
2020.0,Sedan,24990.0
2020.0,Sedan,23990.0
2020.0,Sedan,35010.0
2020.0,Sedan,25990.0
2020.0,Sedan,33990.0
2020.0,Sedan,31990.0
2020.0,Sedan,33777.0
2020.0,Sedan,33777.0
2020.0,Sedan,49800.0
2020.0,Sedan,48251.0
2020.0,Sedan,38100.0
2020.0,Sedan,38100.0
2020.0,Sedan,43700.0
2020.0,Sedan,24990.0
2020.0,Sedan,24710.0
2020.0,Sedan,35390.0
2020.0,Sedan,37482.0
2020.0,Sedan,26255.0
2020.0,Sedan,49900.0
2020.0,Sedan,40675.0
2020.0,Sedan,72243.0
2020.0,Sedan,27888.0
2020.0,Sedan,44195.0
2020.0,Sedan,19990.0
2020.0,Sedan,32950.0
2020.0,Sedan,31888.0
2020.0,Sedan,35995.0
2020.0,Sedan,25686.0
2020.0,Sedan,19921.0
2020.0,Sedan,35402.0
2020.0,Sedan,25995.0
2020.0,Sedan,47990.0
2020.0,Sedan,29488.0
2020.0,Sedan,32845.0
2020.0,Sedan,22990.0
2020.0,Sedan,24990.0
2020.0,Sedan,21968.0
2020.0,Sedan,43990.0
2020.0,Sedan,30990.0
2020.0,Sedan,56480.0
2020.0,Sedan,32744.0
2020.0,Sedan,34990.0
2020.0,Sedan,34990.0
2020.0,Sedan,38691.0
2020.0,Sedan,23600.0
2020.0,Sedan,24710.0
2020.0,Sedan,35271.0
2020.0,Sedan,25939.0
2020.0,Sedan,55790.0
2020.0,Sedan,35271.0
2020.0,Sedan,74900.0
2020.0,Sedan,49990.0
2020.0,Sedan,31058.0
2020.0,Sedan,23990.0
2020.0,Sedan,29980.0
2020.0,Sedan,27990.0
2020.0,Sedan,57890.0
2020.0,Sedan,38995.0
2020.0,Sedan,55470.0
2020.0,Sedan,26368.0
2020.0,Sedan,36384.0
2020.0,Sedan,36384.0
2020.0,Sedan,21990.0
2020.0,Ute/Pickup,23990.0
2020.0,Ute/Pickup,42990.0
2020.0,Ute/Pickup,22999.0
2020.0,Ute/Pickup,34999.0
2020.0,Ute/Pickup,36990.0
2020.0,Ute/Pickup,35888.0
2020.0,Ute/Pickup,34980.0
2020.0,Ute/Pickup,47380.0
2020.0,Ute/Pickup,46340.0
2020.0,Ute/Pickup,46340.0
2020.0,Ute/Pickup,27999.0
2020.0,Ute/Pickup,47390.0
2020.0,Ute/Pickup,39130.0
2020.0,Ute/Pickup,34980.0
2020.0,Ute/Pickup,42990.0
2020.0,Ute/Pickup,36040.0
2020.0,Ute/Pickup,44280.0
2020.0,Ute/Pickup,35383.0
2020.0,Ute/Pickup,47390.0
2020.0,Ute/Pickup,39990.0
2020.0,Ute/Pickup,45218.0
2020.0,Ute/Pickup,53690.0
2020.0,Ute/Pickup,26821.0
2020.0,Ute/Pickup,31920.0
2020.0,Ute/Pickup,49990.0
2020.0,Ute/Pickup,46340.0
2020.0,Ute/Pickup,44888.0
2020.0,Ute/Pickup,38980.0
2020.0,Ute/Pickup,47545.0
2020.0,Ute/Pickup,38980.0
2020.0,Ute/Pickup,44990.0
2020.0,Ute/Pickup,37030.0
2020.0,Ute/Pickup,37990.0
2020.0,Ute/Pickup,56326.0
2020.0,Ute/Pickup,58544.0
2020.0,Ute/Pickup,37999.0
2020.0,Ute/Pickup,41990.0
2020.0,Ute/Pickup,61217.0
2020.0,Ute/Pickup,34836.0
2020.0,Ute/Pickup,38060.0
2020.0,Ute/Pickup,41590.0
2020.0,Ute/Pickup,41990.0
2020.0,Ute/Pickup,32990.0
2020.0,Ute/Pickup,42990.0
2020.0,Ute/Pickup,33878.0
2020.0,Ute/Pickup,60695.0
2020.0,Ute/Pickup,53990.0
2020.0,Ute/Pickup,44216.0
2020.0,Ute/Pickup,46880.0
2020.0,Ute/Pickup,46433.0
2020.0,Ute/Pickup,47990.0
2020.0,Ute/Pickup,49690.0
2020.0,Ute/Pickup,41190.0
2020.0,Ute/Pickup,56990.0
2020.0,Ute/Pickup,38990.0
2020.0,Ute/Pickup,51918.0
2020.0,Ute/Pickup,45760.0
2020.0,Ute/Pickup,47922.0
2020.0,Ute/Pickup,47922.0
2020.0,Ute/Pickup,50893.0
2020.0,Ute/Pickup,47922.0
2020.0,Ute/Pickup,41989.0
2020.0,Ute/Pickup,41990.0
2020.0,Ute/Pickup,36475.0
2020.0,Ute/Pickup,36483.0
2020.0,Ute/Pickup,43688.0
2020.0,Ute/Pickup,43688.0
2020.0,Ute/Pickup,46113.0
2020.0,Ute/Pickup,33980.0
2020.0,Ute/Pickup,41550.0
2020.0,Ute/Pickup,50964.0
2020.0,Ute/Pickup,46340.0
2020.0,Ute/Pickup,38660.0
2020.0,Ute/Pickup,48705.0
2020.0,Ute/Pickup,32029.0
2020.0,Ute/Pickup,51590.0
2020.0,Ute/Pickup,42990.0
2020.0,Ute/Pickup,35991.0
2020.0,Ute/Pickup,42888.0
2020.0,Ute/Pickup,48053.0
2020.0,Ute/Pickup,41968.0
2020.0,Ute/Pickup,68150.0
2020.0,Ute/Pickup,65990.0
2020.0,Ute/Pickup,46441.0
2020.0,Ute/Pickup,36486.0
2020.0,Ute/Pickup,55370.0
2020.0,Ute/Pickup,45114.0
2020.0,Ute/Pickup,47390.0
2020.0,Ute/Pickup,40970.0
2020.0,Ute/Pickup,49850.0
2020.0,Ute/Pickup,47990.0
2020.0,Ute/Pickup,36713.0
2020.0,Ute/Pickup,54999.0
2020.0,Ute/Pickup,39050.0
2020.0,Ute/Pickup,41190.0
2020.0,Ute/Pickup,36475.0
2020.0,Ute/Pickup,46441.0
2020.0,Ute/Pickup,59095.0
2020.0,Ute/Pickup,36990.0
2020.0,Ute/Pickup,55488.0
2020.0,Ute/Pickup,54990.0
2020.0,Ute/Pickup,55488.0
2020.0,Ute/Pickup,49990.0
2020.0,Ute/Pickup,74788.0
2020.0,Ute/Pickup,42990.0
2020.0,Ute/Pickup,34990.0
2020.0,Ute/Pickup,57932.0
2020.0,Ute/Pickup,41990.0
2020.0,Ute/Pickup,46340.0
2020.0,Ute/Pickup,49338.0
2020.0,Ute/Pickup,31900.0
2020.0,Ute/Pickup,77990.0
2020.0,Ute/Pickup,44216.0
2020.0,Ute/Pickup,43490.0
2020.0,Ute/Pickup,59990.0
2020.0,Ute/Pickup,41990.0
2020.0,Ute/Pickup,33193.0
2020.0,Ute/Pickup,41690.0
2020.0,Ute/Pickup,25690.0
2020.0,Ute/Pickup,36496.0
2020.0,Ute/Pickup,86990.0
2020.0,Ute/Pickup,46990.0
2020.0,Ute/Pickup,39998.0
2020.0,Ute/Pickup,28232.0
2020.0,Ute/Pickup,48704.0
2020.0,Ute/Pickup,29153.0
2020.0,Ute/Pickup,48240.0
2020.0,Ute/Pickup,53218.0
2020.0,Ute/Pickup,41990.0
2020.0,Ute/Pickup,38652.0
2020.0,Ute/Pickup,46990.0
2020.0,Ute/Pickup,38121.0
2020.0,Ute/Pickup,50980.0
2020.0,Ute/Pickup,51990.0
2020.0,Ute/Pickup,66990.0
2020.0,Ute/Pickup,63868.0
2020.0,Ute/Pickup,40881.0
2020.0,Ute/Pickup,37450.0
2020.0,Ute/Pickup,47990.0
2020.0,Ute/Pickup,40880.0
2020.0,Ute/Pickup,28990.0
2020.0,Ute/Pickup,51530.0
2020.0,Ute/Pickup,47888.0
2020.0,Ute/Pickup,34990.0
2020.0,Ute/Pickup,51990.0
2020.0,Ute/Pickup,37990.0
2020.0,Ute/Pickup,50460.0
2020.0,Ute/Pickup,35990.0
2020.0,Ute/Pickup,44220.0
2020.0,Ute/Pickup,36475.0
2020.0,Ute/Pickup,32837.0
2020.0,Ute/Pickup,49490.0
2020.0,Ute/Pickup,44280.0
2020.0,Ute/Pickup,71750.0
2020.0,Ute/Pickup,37975.0
2020.0,Ute/Pickup,59990.0
2020.0,Ute/Pickup,39775.0
2020.0,Ute/Pickup,36455.0
2020.0,Ute/Pickup,37690.0
2020.0,Ute/Pickup,34727.0
2020.0,Ute/Pickup,35990.0
2020.0,Ute/Pickup,52561.0
2020.0,Ute/Pickup,27990.0
2020.0,Ute/Pickup,49910.0
2020.0,Ute/Pickup,35990.0
2020.0,Ute/Pickup,27990.0
2020.0,Ute/Pickup,35990.0
2020.0,Ute/Pickup,46116.0
2020.0,Ute/Pickup,33990.0
2020.0,Ute/Pickup,30890.0
2020.0,Ute/Pickup,31900.0
2020.0,Ute/Pickup,30272.0
2020.0,Ute/Pickup,30777.0
2020.0,Ute/Pickup,42990.0
2020.0,Ute/Pickup,39070.0
2020.0,Ute/Pickup,31990.0
2020.0,Ute/Pickup,47990.0
2020.0,Ute/Pickup,39774.0
2020.0,Ute/Pickup,44990.0
2020.0,Ute/Pickup,43950.0
2020.0,Ute/Pickup,43900.0
2020.0,Ute/Pickup,49153.0
2020.0,Ute/Pickup,43990.0
2020.0,Ute/Pickup,47595.0
2020.0,Ute/Pickup,43190.0
2020.0,Ute/Pickup,46342.0
2020.0,Ute/Pickup,22650.0
2020.0,Ute/Pickup,29990.0
2020.0,Ute/Pickup,31390.0
2020.0,Ute/Pickup,33638.0
2020.0,Ute/Pickup,56840.0
2020.0,Ute/Pickup,29860.0
2020.0,Ute/Pickup,56840.0
2020.0,Ute/Pickup,42888.0
2020.0,Ute/Pickup,42005.0
2020.0,Ute/Pickup,41221.0
2020.0,Ute/Pickup,46990.0
2020.0,Ute/Pickup,62090.0
2020.0,Ute/Pickup,21999.0
2020.0,Ute/Pickup,35927.0
2020.0,Ute/Pickup,45980.0
2020.0,Ute/Pickup,63850.0
2020.0,Ute/Pickup,47595.0
2020.0,Ute/Pickup,52990.0
2020.0,Ute/Pickup,51590.0
2020.0,Ute/Pickup,46990.0
2020.0,Ute/Pickup,55888.0
2020.0,Ute/Pickup,45980.0
2020.0,Ute/Pickup,49490.0
2020.0,Ute/Pickup,40160.0
2020.0,Ute/Pickup,24999.0
2020.0,Ute/Pickup,24999.0
2020.0,Ute/Pickup,36330.0
2020.0,Ute/Pickup,34727.0
2020.0,Ute/Pickup,24999.0
2020.0,Ute/Pickup,52990.0
2020.0,Ute/Pickup,47990.0
2020.0,Ute/Pickup,47190.0
2020.0,Ute/Pickup,49990.0
2020.0,Ute/Pickup,49990.0
2020.0,Ute/Pickup,39990.0
2020.0,Ute/Pickup,38100.0
2020.0,Ute/Pickup,42990.0
2020.0,Ute/Pickup,48345.0
2020.0,Ute/Pickup,37999.0
2020.0,Ute/Pickup,40787.0
2020.0,Ute/Pickup,26990.0
2020.0,Ute/Pickup,56840.0
2020.0,Ute/Pickup,53581.0
2020.0,Ute/Pickup,39130.0
2020.0,Ute/Pickup,39130.0
2020.0,Ute/Pickup,21999.0
2020.0,Ute/Pickup,31980.0
2020.0,Ute/Pickup,54990.0
2020.0,Ute/Pickup,43990.0
2020.0,Ute/Pickup,49736.0
2020.0,Ute/Pickup,66290.0
2020.0,Ute/Pickup,49736.0
2020.0,Ute/Pickup,28835.0
2020.0,Ute/Pickup,43281.0
2020.0,Ute/Pickup,43990.0
2020.0,Ute/Pickup,52990.0
2020.0,Ute/Pickup,31980.0
2020.0,Ute/Pickup,78818.0
2020.0,Ute/Pickup,29999.0
2020.0,Ute/Pickup,27245.0
2020.0,Ute/Pickup,42705.0
2020.0,Ute/Pickup,46990.0
2020.0,Ute/Pickup,46990.0
2020.0,Ute/Pickup,33973.0
2020.0,Van,36990.0
2020.0,Van,39999.0
2020.0,Van,29950.0
2020.0,Van,31988.0
2020.0,Van,64990.0
2020.0,Van,49383.0
2020.0,Van,44280.0
2020.0,Van,44280.0
2020.0,Van,55980.0
2020.0,Van,34990.0
2020.0,Van,32990.0
2020.0,Van,33990.0
2020.0,Van,52480.0
2020.0,Van,52480.0
2020.0,Van,24888.0
2020.0,Van,24888.0
2020.0,Van,55980.0
2020.0,Van,58980.0
2020.0,Van,43480.0
2020.0,Van,43480.0
2020.0,Van,43480.0
2020.0,Van,41980.0
2020.0,Van,30890.0
2020.0,Van,41980.0
2020.0,Van,32970.0
2020.0,Van,32970.0
2020.0,Van,48457.0
2020.0,Van,29990.0
2020.0,Van,58980.0
2020.0,Van,45999.0
2020.0,Van,30890.0
2020.0,Van,32970.0
2020.0,Van,29990.0
2020.0,Van,31920.0
2020.0,Van,41990.0
2020.0,Van,56940.0
2020.0,Van,43250.0
2020.0,Van,41190.0
2020.0,Van,28990.0
2020.0,Van,30990.0
2020.0,Van,30990.0
2020.0,Van,29480.0
2020.0,Van,34293.0
2020.0,Van,51599.0
2020.0,Van,45950.0
2020.0,Van,39990.0
2020.0,Van,32995.0
2020.0,Van,32288.0
2020.0,Van,43765.0
2020.0,Van,37990.0
2020.0,Van,29850.0
2020.0,Van,33618.0
2020.0,Van,34885.0
2020.0,Van,43281.0
2020.0,Van,59883.0
2020.0,Van,28663.0
2020.0,Van,36040.0
2020.0,Van,28750.0
2020.0,Wagon,39645.0
2020.0,Wagon,99000.0
2020.0,Wagon,23680.0
2020.0,Wagon,22650.0
2020.0,Wagon,39950.0
2020.0,Wagon,23950.0
2020.0,Wagon,46865.0
2020.0,Wagon,37490.0
2020.0,Wagon,20568.0
2020.0,Wagon,26632.0
2020.0,Wagon,26632.0
2020.0,Wagon,42480.0
2020.0,Wagon,17476.0
2020.0,Wagon,67621.0
2020.0,Wagon,24990.0
2020.0,Wagon,38990.0
2021.0,Convertible,84990.0
2021.0,Convertible,84990.0
2021.0,Convertible,58940.0
2021.0,Convertible,135590.0
2021.0,Coupe,50670.0
2021.0,Coupe,87990.0
2021.0,Coupe,130994.0
2021.0,Coupe,81990.0
2021.0,Coupe,110888.0
2021.0,Coupe,58504.0
2021.0,Coupe,82880.0
2021.0,Coupe,103480.0
2021.0,Coupe,79775.0
2021.0,Coupe,102794.0
2021.0,Coupe,89990.0
2021.0,Coupe,59950.0
2021.0,Hatchback,27990.0
2021.0,Hatchback,20999.0
2021.0,Hatchback,17857.0
2021.0,Hatchback,25677.0
2021.0,Hatchback,45310.0
2021.0,Hatchback,15390.0
2021.0,Hatchback,25720.0
2021.0,Hatchback,34880.0
2021.0,Hatchback,25970.0
2021.0,Hatchback,20075.0
2021.0,Hatchback,17999.0
2021.0,Hatchback,41990.0
2021.0,Hatchback,20999.0
2021.0,Hatchback,34905.0
2021.0,Hatchback,42990.0
2021.0,Hatchback,42990.0
2021.0,Hatchback,41990.0
2021.0,Hatchback,25740.0
2021.0,Hatchback,17500.0
2021.0,Hatchback,72990.0
2021.0,Hatchback,30890.0
2021.0,Hatchback,43590.0
2021.0,Hatchback,15915.0
2021.0,Hatchback,62800.0
2021.0,Hatchback,19990.0
2021.0,Hatchback,27990.0
2021.0,Hatchback,28830.0
2021.0,Hatchback,26480.0
2021.0,Hatchback,31139.0
2021.0,Hatchback,36990.0
2021.0,Hatchback,20989.0
2021.0,Hatchback,13985.0
2021.0,Hatchback,28010.0
2021.0,Hatchback,22650.0
2021.0,Hatchback,32950.0
2021.0,Hatchback,48440.0
2021.0,Hatchback,24690.0
2021.0,Hatchback,17991.0
2021.0,Hatchback,28888.0
2021.0,Hatchback,30970.0
2021.0,Hatchback,23458.0
2021.0,Hatchback,19488.0
2021.0,Hatchback,33990.0
2021.0,Hatchback,45333.0
2021.0,Hatchback,16845.0
2021.0,Hatchback,16470.0
2021.0,Hatchback,20890.0
2021.0,Hatchback,32490.0
2021.0,Hatchback,21362.0
2021.0,Hatchback,19990.0
2021.0,Hatchback,42990.0
2021.0,Hatchback,28990.0
2021.0,Hatchback,42990.0
2021.0,Hatchback,14487.0
2021.0,Hatchback,18990.0
2021.0,Hatchback,41990.0
2021.0,Hatchback,30930.0
2021.0,Hatchback,19990.0
2021.0,Hatchback,13990.0
2021.0,Hatchback,22190.0
2021.0,Hatchback,41980.0
2021.0,Hatchback,13990.0
2021.0,Hatchback,16950.0
2021.0,Hatchback,33784.0
2021.0,Hatchback,19490.0
2021.0,Hatchback,31130.0
2021.0,Hatchback,13990.0
2021.0,Hatchback,14490.0
2021.0,Hatchback,27800.0
2021.0,Hatchback,18990.0
2021.0,Hatchback,32490.0
2021.0,Hatchback,29536.0
2021.0,Hatchback,26770.0
2021.0,Hatchback,16470.0
2021.0,Hatchback,21990.0
2021.0,Hatchback,14101.0
2021.0,Hatchback,32990.0
2021.0,Hatchback,21557.0
2021.0,Hatchback,49888.0
2021.0,Hatchback,67245.0
2021.0,Hatchback,67245.0
2021.0,Hatchback,36000.0
2021.0,Hatchback,18485.0
2021.0,Hatchback,17990.0
2021.0,Hatchback,17436.0
2021.0,Hatchback,23990.0
2021.0,Hatchback,39990.0
2021.0,Hatchback,19800.0
2021.0,Hatchback,29860.0
2021.0,Hatchback,30890.0
2021.0,Hatchback,14995.0
2021.0,Hatchback,31990.0
2021.0,Hatchback,33990.0
2021.0,Hatchback,44100.0
2021.0,Hatchback,39663.0
2021.0,Hatchback,28886.0
2021.0,Hatchback,24970.0
2021.0,Hatchback,35990.0
2021.0,Hatchback,23990.0
2021.0,Hatchback,20735.0
2021.0,Hatchback,33980.0
2021.0,Hatchback,30990.0
2021.0,Hatchback,39990.0
2021.0,Hatchback,41990.0
2021.0,Hatchback,15990.0
2021.0,Hatchback,29345.0
2021.0,Hatchback,34990.0
2021.0,Hatchback,42980.0
2021.0,Hatchback,14990.0
2021.0,Hatchback,28990.0
2021.0,Hatchback,14990.0
2021.0,Hatchback,33449.0
2021.0,Hatchback,40868.0
2021.0,Hatchback,40868.0
2021.0,Hatchback,28990.0
2021.0,Hatchback,24906.0
2021.0,Hatchback,37990.0
2021.0,Hatchback,36880.0
2021.0,Hatchback,38990.0
2021.0,Hatchback,33784.0
2021.0,Hatchback,18990.0
2021.0,Hatchback,21990.0
2021.0,Hatchback,13989.0
2021.0,Hatchback,25597.0
2021.0,Hatchback,29990.0
2021.0,Hatchback,41990.0
2021.0,Hatchback,26627.0
2021.0,Hatchback,30371.0
2021.0,Hatchback,16990.0
2021.0,Hatchback,49910.0
2021.0,Hatchback,26880.0
2021.0,Hatchback,29137.0
2021.0,Hatchback,22990.0
2021.0,Hatchback,17460.0
2021.0,Hatchback,34888.0
2021.0,Hatchback,24999.0
2021.0,Hatchback,23711.0
2021.0,Hatchback,72990.0
2021.0,Hatchback,22545.0
2021.0,Hatchback,43990.0
2021.0,Hatchback,21880.0
2021.0,Hatchback,26490.0
2021.0,Hatchback,24031.0
2021.0,Hatchback,25740.0
2021.0,Hatchback,23622.0
2021.0,Hatchback,22490.0
2021.0,Hatchback,42690.0
2021.0,Hatchback,29850.0
2021.0,Hatchback,36490.0
2021.0,Hatchback,27990.0
2021.0,Hatchback,15347.0
2021.0,Hatchback,22990.0
2021.0,Hatchback,28830.0
2021.0,Hatchback,27793.0
2021.0,Hatchback,28300.0
2021.0,Hatchback,15888.0
2021.0,Hatchback,27990.0
2021.0,SUV,52888.0
2021.0,SUV,99619.0
2021.0,SUV,25499.0
2021.0,SUV,38990.0
2021.0,SUV,69800.0
2021.0,SUV,82895.0
2021.0,SUV,57990.0
2021.0,SUV,84990.0
2021.0,SUV,42107.0
2021.0,SUV,22650.0
2021.0,SUV,35010.0
2021.0,SUV,51990.0
2021.0,SUV,20073.0
2021.0,SUV,21999.0
2021.0,SUV,74940.0
2021.0,SUV,25740.0
2021.0,SUV,20540.0
2021.0,SUV,81800.0
2021.0,SUV,57800.0
2021.0,SUV,86240.0
2021.0,SUV,32121.0
2021.0,SUV,31450.0
2021.0,SUV,49999.0
2021.0,SUV,23995.0
2021.0,SUV,28830.0
2021.0,SUV,31920.0
2021.0,SUV,45990.0
2021.0,SUV,66990.0
2021.0,SUV,44990.0
2021.0,SUV,32999.0
2021.0,SUV,27999.0
2021.0,SUV,34999.0
2021.0,SUV,37999.0
2021.0,SUV,37150.0
2021.0,SUV,40480.0
2021.0,SUV,37070.0
2021.0,SUV,35291.0
2021.0,SUV,62279.0
2021.0,SUV,102990.0
2021.0,SUV,42950.0
2021.0,SUV,69800.0
2021.0,SUV,44280.0
2021.0,SUV,31920.0
2021.0,SUV,26999.0
2021.0,SUV,63980.0
2021.0,SUV,31990.0
2021.0,SUV,56495.0
2021.0,SUV,74540.0
2021.0,SUV,36450.0
2021.0,SUV,69990.0
2021.0,SUV,69990.0
2021.0,SUV,25990.0
2021.0,SUV,29990.0
2021.0,SUV,37070.0
2021.0,SUV,39370.0
2021.0,SUV,84888.0
2021.0,SUV,97588.0
2021.0,SUV,103932.0
2021.0,SUV,97588.0
2021.0,SUV,65800.0
2021.0,SUV,27491.0
2021.0,SUV,67070.0
2021.0,SUV,40675.0
2021.0,SUV,61999.0
2021.0,SUV,40248.0
2021.0,SUV,33488.0
2021.0,SUV,48440.0
2021.0,SUV,39243.0
2021.0,SUV,40558.0
2021.0,SUV,69990.0
2021.0,SUV,36026.0
2021.0,SUV,57988.0
2021.0,SUV,26400.0
2021.0,SUV,74990.0
2021.0,SUV,104099.0
2021.0,SUV,60990.0
2021.0,SUV,60990.0
2021.0,SUV,32985.0
2021.0,SUV,105895.0
2021.0,SUV,58477.0
2021.0,SUV,48704.0
2021.0,SUV,61888.0
2021.0,SUV,58750.0
2021.0,SUV,38100.0
2021.0,SUV,67140.0
2021.0,SUV,37904.0
2021.0,SUV,63980.0
2021.0,SUV,34577.0
2021.0,SUV,64888.0
2021.0,SUV,36713.0
2021.0,SUV,56990.0
2021.0,SUV,40257.0
2021.0,SUV,67083.0
2021.0,SUV,41989.0
2021.0,SUV,82000.0
2021.0,SUV,45990.0
2021.0,SUV,43990.0
2021.0,SUV,69800.0
2021.0,SUV,34450.0
2021.0,SUV,39990.0
2021.0,SUV,54990.0
2021.0,SUV,66020.0
2021.0,SUV,25790.0
2021.0,SUV,31990.0
2021.0,SUV,46190.0
2021.0,SUV,38990.0
2021.0,SUV,30890.0
2021.0,SUV,80070.0
2021.0,SUV,48980.0
2021.0,SUV,48980.0
2021.0,SUV,66019.0
2021.0,SUV,35990.0
2021.0,SUV,41590.0
2021.0,SUV,74690.0
2021.0,SUV,36040.0
2021.0,SUV,30890.0
2021.0,SUV,59630.0
2021.0,SUV,37150.0
2021.0,SUV,63868.0
2021.0,SUV,53056.0
2021.0,SUV,58990.0
2021.0,SUV,28830.0
2021.0,SUV,44800.0
2021.0,SUV,72090.0
2021.0,SUV,76679.0
2021.0,SUV,31590.0
2021.0,SUV,85189.0
2021.0,SUV,21990.0
2021.0,SUV,31040.0
2021.0,SUV,45980.0
2021.0,SUV,45980.0
2021.0,SUV,111291.0
2021.0,SUV,43587.0
2021.0,SUV,43880.0
2021.0,SUV,37990.0
2021.0,SUV,25740.0
2021.0,SUV,24990.0
2021.0,SUV,48440.0
2021.0,SUV,81994.0
2021.0,SUV,38951.0
2021.0,SUV,109690.0
2021.0,SUV,52990.0
2021.0,SUV,34990.0
2021.0,SUV,36668.0
2021.0,SUV,51950.0
2021.0,SUV,112888.0
2021.0,SUV,43363.0
2021.0,SUV,23331.0
2021.0,SUV,43363.0
2021.0,SUV,47990.0
2021.0,SUV,74539.0
2021.0,SUV,48990.0
2021.0,SUV,21990.0
2021.0,SUV,40488.0
2021.0,SUV,91999.0
2021.0,SUV,60840.0
2021.0,SUV,60991.0
2021.0,SUV,76719.0
2021.0,SUV,78289.0
2021.0,SUV,27990.0
2021.0,SUV,34708.0
2021.0,SUV,25225.0
2021.0,SUV,24990.0
2021.0,SUV,64190.0
2021.0,SUV,45888.0
2021.0,SUV,30335.0
2021.0,SUV,66995.0
2021.0,SUV,59980.0
2021.0,SUV,34293.0
2021.0,SUV,77868.0
2021.0,SUV,21593.0
2021.0,SUV,33970.0
2021.0,SUV,23999.0
2021.0,SUV,34495.0
2021.0,SUV,70990.0
2021.0,SUV,21580.0
2021.0,SUV,47830.0
2021.0,SUV,104990.0
2021.0,SUV,57890.0
2021.0,SUV,34577.0
2021.0,SUV,56840.0
2021.0,SUV,45900.0
2021.0,SUV,25888.0
2021.0,SUV,76030.0
2021.0,SUV,45900.0
2021.0,SUV,108800.0
2021.0,SUV,20590.0
2021.0,SUV,56840.0
2021.0,SUV,20590.0
2021.0,SUV,30785.0
2021.0,SUV,39555.0
2021.0,SUV,38100.0
2021.0,SUV,42990.0
2021.0,SUV,132240.0
2021.0,SUV,39990.0
2021.0,SUV,72408.0
2021.0,SUV,43544.0
2021.0,SUV,41388.0
2021.0,SUV,41388.0
2021.0,SUV,48240.0
2021.0,SUV,28830.0
2021.0,SUV,25225.0
2021.0,SUV,19883.0
2021.0,SUV,93708.0
2021.0,SUV,68450.0
2021.0,SUV,19995.0
2021.0,SUV,43866.0
2021.0,SUV,31990.0
2021.0,SUV,74545.0
2021.0,SUV,25153.0
2021.0,SUV,105990.0
2021.0,SUV,20590.0
2021.0,SUV,36490.0
2021.0,SUV,62800.0
2021.0,SUV,72415.0
2021.0,SUV,44388.0
2021.0,SUV,85800.0
2021.0,SUV,31049.0
2021.0,SUV,44388.0
2021.0,SUV,21888.0
2021.0,SUV,68388.0
2021.0,SUV,49990.0
2021.0,SUV,55990.0
2021.0,SUV,47395.0
2021.0,SUV,36990.0
2021.0,SUV,92540.0
2021.0,SUV,47555.0
2021.0,SUV,26954.0
2021.0,SUV,71340.0
2021.0,SUV,59980.0
2021.0,SUV,25494.0
2021.0,SUV,113186.0
2021.0,SUV,43990.0
2021.0,SUV,23990.0
2021.0,SUV,77714.0
2021.0,SUV,71333.0
2021.0,SUV,69990.0
2021.0,SUV,106277.0
2021.0,SUV,106277.0
2021.0,SUV,33990.0
2021.0,SUV,66250.0
2021.0,SUV,52995.0
2021.0,SUV,29990.0
2021.0,SUV,123456.0
2021.0,SUV,125659.0
2021.0,SUV,87990.0
2021.0,SUV,84777.0
2021.0,SUV,47480.0
2021.0,SUV,25987.0
2021.0,SUV,40090.0
2021.0,SUV,72990.0
2021.0,SUV,28690.0
2021.0,SUV,56422.0
2021.0,SUV,25490.0
2021.0,SUV,20990.0
2021.0,SUV,31850.0
2021.0,SUV,54070.0
2021.0,SUV,47390.0
2021.0,SUV,39990.0
2021.0,SUV,30830.0
2021.0,SUV,116075.0
2021.0,SUV,35947.0
2021.0,SUV,32990.0
2021.0,SUV,124594.0
2021.0,SUV,34888.0
2021.0,SUV,25990.0
2021.0,SUV,21490.0
2021.0,SUV,57331.0
2021.0,SUV,44490.0
2021.0,SUV,34991.0
2021.0,SUV,72990.0
2021.0,SUV,24664.0
2021.0,SUV,53490.0
2021.0,SUV,25633.0
2021.0,SUV,24490.0
2021.0,SUV,27990.0
2021.0,SUV,46490.0
2021.0,SUV,76674.0
2021.0,SUV,75895.0
2021.0,SUV,76674.0
2021.0,SUV,41990.0
2021.0,SUV,28990.0
2021.0,SUV,32990.0
2021.0,SUV,29990.0
2021.0,SUV,33980.0
2021.0,SUV,50965.0
2021.0,SUV,25990.0
2021.0,SUV,31019.0
2021.0,SUV,22545.0
2021.0,SUV,31985.0
2021.0,SUV,69990.0
2021.0,SUV,31985.0
2021.0,SUV,28222.0
2021.0,SUV,49490.0
2021.0,SUV,31038.0
2021.0,SUV,41190.0
2021.0,SUV,110888.0
2021.0,SUV,74488.0
2021.0,SUV,33888.0
2021.0,SUV,81895.0
2021.0,SUV,43990.0
2021.0,SUV,74990.0
2021.0,SUV,30690.0
2021.0,SUV,26990.0
2021.0,SUV,46888.0
2021.0,SUV,26990.0
2021.0,SUV,66210.0
2021.0,SUV,37880.0
2021.0,SUV,28886.0
2021.0,SUV,36750.0
2021.0,SUV,26350.0
2021.0,SUV,28990.0
2021.0,SUV,29990.0
2021.0,SUV,82040.0
2021.0,SUV,41677.0
2021.0,SUV,50015.0
2021.0,SUV,23990.0
2021.0,SUV,78888.0
2021.0,SUV,102888.0
2021.0,SUV,29990.0
2021.0,SUV,28830.0
2021.0,SUV,36000.0
2021.0,SUV,88888.0
2021.0,SUV,34995.0
2021.0,SUV,101165.0
2021.0,SUV,23888.0
2021.0,SUV,66722.0
2021.0,SUV,25980.0
2021.0,SUV,43990.0
2021.0,SUV,26990.0
2021.0,SUV,71064.0
2021.0,SUV,78710.0
2021.0,SUV,21990.0
2021.0,SUV,66722.0
2021.0,SUV,41704.0
2021.0,SUV,38990.0
2021.0,SUV,39123.0
2021.0,SUV,32990.0
2021.0,SUV,49820.0
2021.0,SUV,31039.0
2021.0,SUV,24990.0
2021.0,SUV,118897.0
2021.0,SUV,36990.0
2021.0,SUV,35834.0
2021.0,SUV,32950.0
2021.0,SUV,59990.0
2021.0,SUV,34990.0
2021.0,SUV,22990.0
2021.0,SUV,68137.0
2021.0,SUV,103868.0
2021.0,SUV,25740.0
2021.0,SUV,64953.0
2021.0,SUV,48694.0
2021.0,SUV,29990.0
2021.0,SUV,33488.0
2021.0,SUV,38673.0
2021.0,SUV,32395.0
2021.0,SUV,69202.0
2021.0,SUV,44888.0
2021.0,SUV,46428.0
2021.0,SUV,46880.0
2021.0,SUV,31690.0
2021.0,SUV,35690.0
2021.0,SUV,108990.0
2021.0,SUV,27490.0
2021.0,SUV,36990.0
2021.0,SUV,31038.0
2021.0,SUV,117130.0
2021.0,SUV,26770.0
2021.0,SUV,25633.0
2021.0,SUV,48460.0
2021.0,SUV,30890.0
2021.0,SUV,58565.0
2021.0,SUV,39776.0
2021.0,SUV,79637.0
2021.0,SUV,20950.0
2021.0,SUV,79990.0
2021.0,SUV,76840.0
2021.0,SUV,50965.0
2021.0,SUV,40878.0
2021.0,SUV,40881.0
2021.0,SUV,30600.0
2021.0,SUV,64450.0
2021.0,SUV,29989.0
2021.0,SUV,31990.0
2021.0,SUV,79637.0
2021.0,SUV,84817.0
2021.0,SUV,22603.0
2021.0,SUV,61450.0
2021.0,SUV,34283.0
2021.0,SUV,39776.0
2021.0,SUV,38681.0
2021.0,SUV,96800.0
2021.0,SUV,33458.0
2021.0,SUV,33458.0
2021.0,SUV,42990.0
2021.0,SUV,39222.0
2021.0,SUV,33940.0
2021.0,SUV,43990.0
2021.0,SUV,79800.0
2021.0,SUV,40490.0
2021.0,SUV,38230.0
2021.0,SUV,30990.0
2021.0,SUV,44215.0
2021.0,SUV,47963.0
2021.0,SUV,37995.0
2021.0,SUV,81396.0
2021.0,SUV,35690.0
2021.0,SUV,75990.0
2021.0,SUV,32495.0
2021.0,SUV,31067.0
2021.0,SUV,35490.0
2021.0,SUV,28357.0
2021.0,SUV,79825.0
2021.0,SUV,28357.0
2021.0,SUV,35990.0
2021.0,SUV,42443.0
2021.0,SUV,33990.0
2021.0,SUV,77990.0
2021.0,SUV,73473.0
2021.0,SUV,30890.0
2021.0,SUV,80888.0
2021.0,SUV,73990.0
2021.0,SUV,24270.0
2021.0,SUV,65990.0
2021.0,SUV,23484.0
2021.0,SUV,67450.0
2021.0,SUV,25490.0
2021.0,SUV,29490.0
2021.0,SUV,37990.0
2021.0,SUV,51590.0
2021.0,SUV,29690.0
2021.0,SUV,40880.0
2021.0,SUV,33990.0
2021.0,SUV,56467.0
2021.0,SUV,49870.0
2021.0,SUV,88212.0
2021.0,SUV,31990.0
2021.0,SUV,68800.0
2021.0,SUV,60990.0
2021.0,SUV,45835.0
2021.0,SUV,45835.0
2021.0,SUV,32170.0
2021.0,SUV,43690.0
2021.0,SUV,26190.0
2021.0,SUV,28990.0
2021.0,SUV,32990.0
2021.0,SUV,26427.0
2021.0,SUV,33990.0
2021.0,SUV,36256.0
2021.0,SUV,19499.0
2021.0,SUV,81498.0
2021.0,SUV,26970.0
2021.0,SUV,32845.0
2021.0,SUV,75603.0
2021.0,SUV,30797.0
2021.0,SUV,28990.0
2021.0,SUV,32744.0
2021.0,SUV,35990.0
2021.0,SUV,81396.0
2021.0,SUV,73462.0
2021.0,SUV,74818.0
2021.0,SUV,56745.0
2021.0,SUV,47340.0
2021.0,SUV,58990.0
2021.0,SUV,54800.0
2021.0,SUV,20142.0
2021.0,SUV,48400.0
2021.0,SUV,34376.0
2021.0,SUV,39990.0
2021.0,SUV,48323.0
2021.0,SUV,28661.0
2021.0,SUV,37585.0
2021.0,SUV,54990.0
2021.0,SUV,22990.0
2021.0,SUV,25664.0
2021.0,SUV,28661.0
2021.0,SUV,28661.0
2021.0,SUV,23500.0
2021.0,SUV,34990.0
2021.0,SUV,43210.0
2021.0,SUV,34990.0
2021.0,SUV,49880.0
2021.0,SUV,33888.0
2021.0,SUV,30990.0
2021.0,SUV,66064.0
2021.0,SUV,39990.0
2021.0,SUV,28830.0
2021.0,SUV,95690.0
2021.0,SUV,36040.0
2021.0,SUV,119990.0
2021.0,SUV,51590.0
2021.0,SUV,99980.0
2021.0,SUV,24887.0
2021.0,SUV,85195.0
2021.0,SUV,20888.0
2021.0,SUV,31040.0
2021.0,SUV,27800.0
2021.0,SUV,32990.0
2021.0,SUV,31040.0
2021.0,SUV,39990.0
2021.0,SUV,24990.0
2021.0,SUV,53990.0
2021.0,SUV,46893.0
2021.0,SUV,29961.0
2021.0,SUV,26490.0
2021.0,SUV,51990.0
2021.0,SUV,38450.0
2021.0,SUV,38950.0
2021.0,SUV,51990.0
2021.0,SUV,29961.0
2021.0,SUV,36756.0
2021.0,SUV,24011.0
2021.0,SUV,34312.0
2021.0,SUV,39990.0
2021.0,SUV,29880.0
2021.0,SUV,40138.0
2021.0,SUV,29842.0
2021.0,SUV,108880.0
2021.0,SUV,55375.0
2021.0,SUV,43250.0
2021.0,SUV,116851.0
2021.0,SUV,82025.0
2021.0,SUV,55157.0
2021.0,SUV,80990.0
2021.0,SUV,24990.0
2021.0,SUV,51550.0
2021.0,SUV,23622.0
2021.0,SUV,34874.0
2021.0,SUV,75605.0
2021.0,SUV,20590.0
2021.0,SUV,70173.0
2021.0,SUV,44280.0
2021.0,SUV,38888.0
2021.0,SUV,33649.0
2021.0,SUV,33990.0
2021.0,SUV,26550.0
2021.0,SUV,25490.0
2021.0,SUV,37150.0
2021.0,SUV,21957.0
2021.0,SUV,21957.0
2021.0,SUV,38453.0
2021.0,SUV,28886.0
2021.0,SUV,106190.0
2021.0,SUV,109990.0
2021.0,SUV,41990.0
2021.0,SUV,23680.0
2021.0,SUV,40881.0
2021.0,SUV,27990.0
2021.0,SUV,79990.0
2021.0,SUV,86990.0
2021.0,SUV,23970.0
2021.0,SUV,40788.0
2021.0,SUV,41990.0
2021.0,SUV,38999.0
2021.0,SUV,26888.0
2021.0,SUV,25990.0
2021.0,SUV,35383.0
2021.0,SUV,61758.0
2021.0,SUV,27800.0
2021.0,SUV,32845.0
2021.0,SUV,42990.0
2021.0,SUV,19995.0
2021.0,SUV,21990.0
2021.0,SUV,42990.0
2021.0,SUV,19690.0
2021.0,SUV,56433.0
2021.0,SUV,36040.0
2021.0,SUV,111345.0
2021.0,SUV,46995.0
2021.0,SUV,29055.0
2021.0,SUV,46895.0
2021.0,SUV,63888.0
2021.0,SUV,42490.0
2021.0,SUV,35990.0
2021.0,SUV,34990.0
2021.0,SUV,37602.0
2021.0,SUV,55888.0
2021.0,SUV,28725.0
2021.0,SUV,18990.0
2021.0,SUV,33888.0
2021.0,SUV,28725.0
2021.0,SUV,71895.0
2021.0,SUV,53239.0
2021.0,SUV,44206.0
2021.0,SUV,87899.0
2021.0,SUV,44788.0
2021.0,SUV,53850.0
2021.0,SUV,90524.0
2021.0,SUV,47990.0
2021.0,SUV,47990.0
2021.0,SUV,54284.0
2021.0,SUV,24990.0
2021.0,SUV,42390.0
2021.0,SUV,25225.0
2021.0,SUV,29860.0
2021.0,SUV,55990.0
2021.0,SUV,28460.0
2021.0,SUV,28990.0
2021.0,SUV,46340.0
2021.0,SUV,27192.0
2021.0,SUV,28830.0
2021.0,SUV,45990.0
2021.0,SUV,24412.0
2021.0,SUV,28775.0
2021.0,SUV,25990.0
2021.0,SUV,112868.0
2021.0,SUV,26990.0
2021.0,SUV,41988.0
2021.0,SUV,50611.0
2021.0,SUV,57850.0
2021.0,SUV,22990.0
2021.0,SUV,29860.0
2021.0,SUV,57990.0
2021.0,SUV,32950.0
2021.0,SUV,45990.0
2021.0,SUV,123888.0
2021.0,SUV,22650.0
2021.0,SUV,22690.0
2021.0,SUV,61747.0
2021.0,SUV,20332.0
2021.0,SUV,53240.0
2021.0,SUV,24012.0
2021.0,SUV,33980.0
2021.0,SUV,39139.0
2021.0,SUV,20990.0
2021.0,SUV,31049.0
2021.0,SUV,37990.0
2021.0,SUV,28220.0
2021.0,SUV,34312.0
2021.0,SUV,49990.0
2021.0,SUV,38495.0
2021.0,SUV,35383.0
2021.0,SUV,87184.0
2021.0,SUV,43701.0
2021.0,SUV,23680.0
2021.0,SUV,25740.0
2021.0,SUV,60695.0
2021.0,SUV,63888.0
2021.0,SUV,36040.0
2021.0,SUV,38100.0
2021.0,SUV,25740.0
2021.0,SUV,27800.0
2021.0,SUV,36706.0
2021.0,SUV,44888.0
2021.0,SUV,40909.0
2021.0,SUV,39645.0
2021.0,SUV,26940.0
2021.0,SUV,36990.0
2021.0,SUV,36477.0
2021.0,SUV,25225.0
2021.0,SUV,26770.0
2021.0,SUV,22604.0
2021.0,SUV,46357.0
2021.0,SUV,101182.0
2021.0,SUV,24440.0
2021.0,SUV,58480.0
2021.0,SUV,24440.0
2021.0,SUV,29870.0
2021.0,SUV,46990.0
2021.0,SUV,31999.0
2021.0,SUV,24195.0
2021.0,SUV,39995.0
2021.0,SUV,41190.0
2021.0,SUV,45320.0
2021.0,SUV,27490.0
2021.0,SUV,37990.0
2021.0,SUV,120340.0
2021.0,SUV,33224.0
2021.0,SUV,45250.0
2021.0,SUV,29990.0
2021.0,SUV,23670.0
2021.0,SUV,36040.0
2021.0,SUV,26770.0
2021.0,SUV,30677.0
2021.0,SUV,54990.0
2021.0,SUV,119990.0
2021.0,SUV,53688.0
2021.0,SUV,28427.0
2021.0,SUV,62716.0
2021.0,SUV,24710.0
2021.0,SUV,20332.0
2021.0,SUV,117472.0
2021.0,SUV,31912.0
2021.0,SUV,57895.0
2021.0,SUV,30990.0
2021.0,SUV,29870.0
2021.0,SUV,52800.0
2021.0,SUV,31040.0
2021.0,SUV,19995.0
2021.0,SUV,70900.0
2021.0,SUV,34490.0
2021.0,SUV,44280.0
2021.0,SUV,30890.0
2021.0,SUV,29990.0
2021.0,SUV,24890.0
2021.0,SUV,54837.0
2021.0,SUV,59990.0
2021.0,SUV,51990.0
2021.0,SUV,46454.0
2021.0,SUV,44280.0
2021.0,SUV,112990.0
2021.0,SUV,29995.0
2021.0,SUV,27490.0
2021.0,SUV,23680.0
2021.0,SUV,32029.0
2021.0,SUV,35402.0
2021.0,SUV,19995.0
2021.0,SUV,26888.0
2021.0,SUV,56800.0
2021.0,SUV,42220.0
2021.0,SUV,33221.0
2021.0,SUV,69215.0
2021.0,SUV,23995.0
2021.0,SUV,51990.0
2021.0,SUV,51990.0
2021.0,SUV,32990.0
2021.0,SUV,27476.0
2021.0,SUV,32990.0
2021.0,SUV,23557.0
2021.0,SUV,59888.0
2021.0,SUV,45300.0
2021.0,SUV,64190.0
2021.0,SUV,59888.0
2021.0,SUV,28775.0
2021.0,SUV,45310.0
2021.0,SUV,31827.0
2021.0,SUV,42940.0
2021.0,SUV,62990.0
2021.0,SUV,78760.0
2021.0,SUV,21490.0
2021.0,SUV,125988.0
2021.0,SUV,45880.0
2021.0,SUV,50319.0
2021.0,SUV,28830.0
2021.0,SUV,32495.0
2021.0,SUV,26990.0
2021.0,SUV,29888.0
2021.0,SUV,49848.0
2021.0,SUV,53990.0
2021.0,SUV,41895.0
2021.0,SUV,61990.0
2021.0,SUV,54990.0
2021.0,SUV,72220.0
2021.0,SUV,42900.0
2021.0,SUV,45990.0
2021.0,SUV,42900.0
2021.0,SUV,27832.0
2021.0,SUV,49970.0
2021.0,SUV,28888.0
2021.0,SUV,35991.0
2021.0,SUV,32990.0
2021.0,SUV,24333.0
2021.0,SUV,26490.0
2021.0,SUV,28795.0
2021.0,SUV,30900.0
2021.0,SUV,23999.0
2021.0,SUV,29880.0
2021.0,SUV,45781.0
2021.0,SUV,45696.0
2021.0,SUV,23990.0
2021.0,SUV,31495.0
2021.0,SUV,38884.0
2021.0,SUV,29860.0
2021.0,SUV,40134.0
2021.0,SUV,29860.0
2021.0,SUV,37030.0
2021.0,SUV,40990.0
2021.0,SUV,77735.0
2021.0,SUV,77735.0
2021.0,SUV,79940.0
2021.0,SUV,64501.0
2021.0,SUV,64501.0
2021.0,SUV,47481.0
2021.0,SUV,44741.0
2021.0,SUV,27997.0
2021.0,SUV,33210.0
2021.0,SUV,33990.0
2021.0,SUV,64777.0
2021.0,SUV,27831.0
2021.0,SUV,18334.0
2021.0,SUV,52990.0
2021.0,SUV,129990.0
2021.0,SUV,52990.0
2021.0,SUV,65123.0
2021.0,SUV,45970.0
2021.0,SUV,41620.0
2021.0,SUV,63781.0
2021.0,SUV,29990.0
2021.0,SUV,53990.0
2021.0,SUV,46821.0
2021.0,SUV,22300.0
2021.0,SUV,46821.0
2021.0,SUV,40160.0
2021.0,SUV,47595.0
2021.0,SUV,50981.0
2021.0,SUV,26763.0
2021.0,SUV,43990.0
2021.0,SUV,49788.0
2021.0,SUV,35880.0
2021.0,SUV,32998.0
2021.0,SUV,25740.0
2021.0,SUV,26990.0
2021.0,SUV,95690.0
2021.0,SUV,39400.0
2021.0,SUV,28880.0
2021.0,SUV,40880.0
2021.0,SUV,36071.0
2021.0,SUV,32990.0
2021.0,SUV,31990.0
2021.0,SUV,32950.0
2021.0,SUV,57130.0
2021.0,SUV,46821.0
2021.0,SUV,68990.0
2021.0,SUV,35003.0
2021.0,SUV,63800.0
2021.0,SUV,37180.0
2021.0,SUV,52003.0
2021.0,SUV,40510.0
2021.0,SUV,49941.0
2021.0,SUV,50981.0
2021.0,SUV,54990.0
2021.0,SUV,45880.0
2021.0,SUV,26989.0
2021.0,Sedan,87490.0
2021.0,Sedan,23999.0
2021.0,Sedan,44999.0
2021.0,Sedan,52640.0
2021.0,Sedan,38950.0
2021.0,Sedan,38800.0
2021.0,Sedan,25667.0
2021.0,Sedan,25667.0
2021.0,Sedan,55695.0
2021.0,Sedan,36668.0
2021.0,Sedan,35990.0
2021.0,Sedan,41190.0
2021.0,Sedan,40900.0
2021.0,Sedan,58415.0
2021.0,Sedan,19558.0
2021.0,Sedan,21527.0
2021.0,Sedan,23612.0
2021.0,Sedan,19490.0
2021.0,Sedan,28338.0
2021.0,Sedan,27690.0
2021.0,Sedan,20075.0
2021.0,Sedan,43990.0
2021.0,Sedan,19490.0
2021.0,Sedan,28950.0
2021.0,Sedan,40490.0
2021.0,Sedan,20990.0
2021.0,Sedan,82285.0
2021.0,Sedan,49832.0
2021.0,Sedan,36450.0
2021.0,Sedan,26990.0
2021.0,Sedan,59800.0
2021.0,Sedan,43170.0
2021.0,Sedan,26770.0
2021.0,Sedan,107800.0
2021.0,Sedan,37450.0
2021.0,Sedan,40787.0
2021.0,Sedan,33340.0
2021.0,Sedan,18991.0
2021.0,Sedan,44880.0
2021.0,Sedan,19990.0
2021.0,Sedan,30450.0
2021.0,Sedan,22071.0
2021.0,Sedan,28109.0
2021.0,Sedan,64800.0
2021.0,Sedan,26990.0
2021.0,Sedan,35273.0
2021.0,Sedan,24710.0
2021.0,Sedan,29860.0
2021.0,Sedan,21352.0
2021.0,Sedan,66800.0
2021.0,Sedan,60888.0
2021.0,Sedan,22650.0
2021.0,Sedan,36990.0
2021.0,Sedan,40787.0
2021.0,Sedan,32987.0
2021.0,Sedan,32987.0
2021.0,Sedan,33980.0
2021.0,Sedan,34450.0
2021.0,Sedan,27800.0
2021.0,Sedan,34990.0
2021.0,Sedan,19490.0
2021.0,Sedan,26690.0
2021.0,Sedan,40886.0
2021.0,Sedan,33205.0
2021.0,Sedan,33980.0
2021.0,Sedan,33980.0
2021.0,Sedan,39681.0
2021.0,Sedan,18990.0
2021.0,Sedan,20888.0
2021.0,Sedan,25667.0
2021.0,Sedan,37490.0
2021.0,Sedan,18491.0
2021.0,Sedan,29990.0
2021.0,Sedan,38150.0
2021.0,Sedan,63980.0
2021.0,Sedan,50994.0
2021.0,Sedan,30990.0
2021.0,Sedan,31040.0
2021.0,Sedan,60990.0
2021.0,Sedan,61040.0
2021.0,Sedan,37480.0
2021.0,Sedan,28197.0
2021.0,Sedan,38888.0
2021.0,Sedan,27800.0
2021.0,Sedan,40990.0
2021.0,Sedan,59800.0
2021.0,Sedan,28990.0
2021.0,Sedan,32950.0
2021.0,Sedan,24990.0
2021.0,Sedan,59150.0
2021.0,Sedan,49490.0
2021.0,Sedan,55136.0
2021.0,Sedan,19970.0
2021.0,Sedan,38260.0
2021.0,Sedan,32888.0
2021.0,Sedan,38579.0
2021.0,Sedan,37574.0
2021.0,Sedan,54990.0
2021.0,Sedan,32987.0
2021.0,Sedan,47990.0
2021.0,Sedan,27800.0
2021.0,Sedan,43990.0
2021.0,Sedan,26990.0
2021.0,Sedan,42990.0
2021.0,Sedan,22650.0
2021.0,Sedan,26900.0
2021.0,Sedan,26990.0
2021.0,Sedan,39400.0
2021.0,Sedan,23641.0
2021.0,Sedan,24640.0
2021.0,Sedan,38579.0
2021.0,Sedan,38290.0
2021.0,Sedan,45690.0
2021.0,Sedan,38579.0
2021.0,Sedan,30990.0
2021.0,Sedan,29990.0
2021.0,Sedan,54990.0
2021.0,Sedan,54990.0
2021.0,Sedan,58565.0
2021.0,Ute/Pickup,40940.0
2021.0,Ute/Pickup,43490.0
2021.0,Ute/Pickup,64450.0
2021.0,Ute/Pickup,43980.0
2021.0,Ute/Pickup,43980.0
2021.0,Ute/Pickup,40990.0
2021.0,Ute/Pickup,31068.0
2021.0,Ute/Pickup,42490.0
2021.0,Ute/Pickup,42999.0
2021.0,Ute/Pickup,34999.0
2021.0,Ute/Pickup,36999.0
2021.0,Ute/Pickup,40999.0
2021.0,Ute/Pickup,34999.0
2021.0,Ute/Pickup,46980.0
2021.0,Ute/Pickup,61991.0
2021.0,Ute/Pickup,45999.0
2021.0,Ute/Pickup,50340.0
2021.0,Ute/Pickup,62990.0
2021.0,Ute/Pickup,36418.0
2021.0,Ute/Pickup,65590.0
2021.0,Ute/Pickup,71877.0
2021.0,Ute/Pickup,46980.0
2021.0,Ute/Pickup,105900.0
2021.0,Ute/Pickup,34492.0
2021.0,Ute/Pickup,47921.0
2021.0,Ute/Pickup,34990.0
2021.0,Ute/Pickup,41980.0
2021.0,Ute/Pickup,30652.0
2021.0,Ute/Pickup,47980.0
2021.0,Ute/Pickup,47980.0
2021.0,Ute/Pickup,42888.0
2021.0,Ute/Pickup,41980.0
2021.0,Ute/Pickup,93690.0
2021.0,Ute/Pickup,57990.0
2021.0,Ute/Pickup,34499.0
2021.0,Ute/Pickup,93690.0
2021.0,Ute/Pickup,28990.0
2021.0,Ute/Pickup,47505.0
2021.0,Ute/Pickup,44950.0
2021.0,Ute/Pickup,51065.0
2021.0,Ute/Pickup,52090.0
2021.0,Ute/Pickup,59488.0
2021.0,Ute/Pickup,50445.0
2021.0,Ute/Pickup,54070.0
2021.0,Ute/Pickup,56999.0
2021.0,Ute/Pickup,39990.0
2021.0,Ute/Pickup,33990.0
2021.0,Ute/Pickup,46963.0
2021.0,Ute/Pickup,33990.0
2021.0,Ute/Pickup,45890.0
2021.0,Ute/Pickup,47935.0
2021.0,Ute/Pickup,81826.0
2021.0,Ute/Pickup,26082.0
2021.0,Ute/Pickup,33990.0
2021.0,Ute/Pickup,43656.0
2021.0,Ute/Pickup,30660.0
2021.0,Ute/Pickup,38558.0
2021.0,Ute/Pickup,53690.0
2021.0,Ute/Pickup,40998.0
2021.0,Ute/Pickup,41990.0
2021.0,Ute/Pickup,49390.0
2021.0,Ute/Pickup,32905.0
2021.0,Ute/Pickup,51555.0
2021.0,Ute/Pickup,42990.0
2021.0,Ute/Pickup,43322.0
2021.0,Ute/Pickup,40887.0
2021.0,Ute/Pickup,61688.0
2021.0,Ute/Pickup,65698.0
2021.0,Ute/Pickup,61688.0
2021.0,Ute/Pickup,46975.0
2021.0,Ute/Pickup,40990.0
2021.0,Ute/Pickup,45059.0
2021.0,Ute/Pickup,37990.0
2021.0,Ute/Pickup,42744.0
2021.0,Ute/Pickup,42744.0
2021.0,Ute/Pickup,56990.0
2021.0,Ute/Pickup,48990.0
2021.0,Ute/Pickup,54990.0
2021.0,Ute/Pickup,56990.0
2021.0,Ute/Pickup,60695.0
2021.0,Ute/Pickup,49990.0
2021.0,Ute/Pickup,36888.0
2021.0,Ute/Pickup,68150.0
2021.0,Ute/Pickup,51590.0
2021.0,Ute/Pickup,45990.0
2021.0,Ute/Pickup,52367.0
2021.0,Ute/Pickup,49222.0
2021.0,Ute/Pickup,49222.0
2021.0,Ute/Pickup,38999.0
2021.0,Ute/Pickup,31618.0
2021.0,Ute/Pickup,42490.0
2021.0,Ute/Pickup,60310.0
2021.0,Ute/Pickup,65990.0
2021.0,Ute/Pickup,50670.0
2021.0,Ute/Pickup,43990.0
2021.0,Ute/Pickup,41590.0
2021.0,Ute/Pickup,44888.0
2021.0,Ute/Pickup,46340.0
2021.0,Ute/Pickup,53245.0
2021.0,Ute/Pickup,48990.0
2021.0,Ute/Pickup,50490.0
2021.0,Ute/Pickup,49990.0
2021.0,Ute/Pickup,67085.0
2021.0,Ute/Pickup,52088.0
2021.0,Ute/Pickup,83990.0
2021.0,Ute/Pickup,39130.0
2021.0,Ute/Pickup,33980.0
2021.0,Ute/Pickup,53330.0
2021.0,Ute/Pickup,34308.0
2021.0,Ute/Pickup,49999.0
2021.0,Ute/Pickup,38990.0
2021.0,Ute/Pickup,42990.0
2021.0,Ute/Pickup,44480.0
2021.0,Ute/Pickup,33980.0
2021.0,Ute/Pickup,41035.0
2021.0,Ute/Pickup,51990.0
2021.0,Ute/Pickup,48990.0
2021.0,Ute/Pickup,44795.0
2021.0,Ute/Pickup,45990.0
2021.0,Ute/Pickup,103935.0
2021.0,Ute/Pickup,103935.0
2021.0,Ute/Pickup,53240.0
2021.0,Ute/Pickup,51888.0
2021.0,Ute/Pickup,52950.0
2021.0,Ute/Pickup,49733.0
2021.0,Ute/Pickup,49733.0
2021.0,Ute/Pickup,42990.0
2021.0,Ute/Pickup,39450.0
2021.0,Ute/Pickup,38990.0
2021.0,Ute/Pickup,38990.0
2021.0,Ute/Pickup,59990.0
2021.0,Ute/Pickup,65885.0
2021.0,Ute/Pickup,39289.0
2021.0,Ute/Pickup,58490.0
2021.0,Ute/Pickup,43993.0
2021.0,Ute/Pickup,104990.0
2021.0,Ute/Pickup,56615.0
2021.0,Ute/Pickup,43490.0
2021.0,Ute/Pickup,43322.0
2021.0,Ute/Pickup,44400.0
2021.0,Ute/Pickup,44280.0
2021.0,Ute/Pickup,66018.0
2021.0,Ute/Pickup,38888.0
2021.0,Ute/Pickup,49833.0
2021.0,Ute/Pickup,49990.0
2021.0,Ute/Pickup,68148.0
2021.0,Ute/Pickup,46738.0
2021.0,Ute/Pickup,38888.0
2021.0,Ute/Pickup,61759.0
2021.0,Ute/Pickup,64990.0
2021.0,Ute/Pickup,41875.0
2021.0,Ute/Pickup,45177.0
2021.0,Ute/Pickup,39130.0
2021.0,Ute/Pickup,53240.0
2021.0,Ute/Pickup,55899.0
2021.0,Ute/Pickup,52115.0
2021.0,Ute/Pickup,61040.0
2021.0,Ute/Pickup,47789.0
2021.0,Ute/Pickup,45177.0
2021.0,Ute/Pickup,60161.0
2021.0,Ute/Pickup,41085.0
2021.0,Ute/Pickup,46229.0
2021.0,Ute/Pickup,61005.0
2021.0,Ute/Pickup,76669.0
2021.0,Ute/Pickup,37030.0
2021.0,Ute/Pickup,43525.0
2021.0,Ute/Pickup,61790.0
2021.0,Ute/Pickup,51580.0
2021.0,Ute/Pickup,41990.0
2021.0,Ute/Pickup,93599.0
2021.0,Ute/Pickup,95690.0
2021.0,Ute/Pickup,38660.0
2021.0,Ute/Pickup,41888.0
2021.0,Ute/Pickup,50966.0
2021.0,Ute/Pickup,40868.0
2021.0,Ute/Pickup,56113.0
2021.0,Ute/Pickup,52688.0
2021.0,Ute/Pickup,52688.0
2021.0,Ute/Pickup,52688.0
2021.0,Ute/Pickup,48702.0
2021.0,Ute/Pickup,46235.0
2021.0,Ute/Pickup,27677.0
2021.0,Ute/Pickup,49990.0
2021.0,Ute/Pickup,39763.0
2021.0,Ute/Pickup,39763.0
2021.0,Ute/Pickup,27695.0
2021.0,Ute/Pickup,45990.0
2021.0,Ute/Pickup,39763.0
2021.0,Ute/Pickup,49360.0
2021.0,Ute/Pickup,39344.0
2021.0,Ute/Pickup,39763.0
2021.0,Ute/Pickup,49990.0
2021.0,Ute/Pickup,49990.0
2021.0,Ute/Pickup,60700.0
2021.0,Ute/Pickup,50975.0
2021.0,Ute/Pickup,37880.0
2021.0,Ute/Pickup,43966.0
2021.0,Ute/Pickup,58940.0
2021.0,Ute/Pickup,52992.0
2021.0,Ute/Pickup,48440.0
2021.0,Ute/Pickup,54995.0
2021.0,Ute/Pickup,69213.0
2021.0,Ute/Pickup,51905.0
2021.0,Ute/Pickup,57689.0
2021.0,Ute/Pickup,49480.0
2021.0,Ute/Pickup,39763.0
2021.0,Ute/Pickup,50833.0
2021.0,Ute/Pickup,39763.0
2021.0,Ute/Pickup,39763.0
2021.0,Ute/Pickup,104090.0
2021.0,Ute/Pickup,62880.0
2021.0,Ute/Pickup,62723.0
2021.0,Ute/Pickup,41990.0
2021.0,Ute/Pickup,33990.0
2021.0,Ute/Pickup,47990.0
2021.0,Ute/Pickup,46371.0
2021.0,Ute/Pickup,63880.0
2021.0,Ute/Pickup,38660.0
2021.0,Ute/Pickup,49488.0
2021.0,Ute/Pickup,42990.0
2021.0,Ute/Pickup,43982.0
2021.0,Ute/Pickup,52533.0
2021.0,Ute/Pickup,63690.0
2021.0,Ute/Pickup,61765.0
2021.0,Ute/Pickup,45310.0
2021.0,Ute/Pickup,67880.0
2021.0,Ute/Pickup,55790.0
2021.0,Ute/Pickup,44280.0
2021.0,Ute/Pickup,43204.0
2021.0,Ute/Pickup,45310.0
2021.0,Ute/Pickup,44194.0
2021.0,Ute/Pickup,48990.0
2021.0,Ute/Pickup,29961.0
2021.0,Ute/Pickup,56905.0
2021.0,Ute/Pickup,45333.0
2021.0,Ute/Pickup,42490.0
2021.0,Ute/Pickup,33224.0
2021.0,Ute/Pickup,50970.0
2021.0,Ute/Pickup,55990.0
2021.0,Ute/Pickup,54990.0
2021.0,Ute/Pickup,40160.0
2021.0,Ute/Pickup,43990.0
2021.0,Ute/Pickup,36965.0
2021.0,Ute/Pickup,39990.0
2021.0,Ute/Pickup,55369.0
2021.0,Ute/Pickup,59990.0
2021.0,Ute/Pickup,45990.0
2021.0,Ute/Pickup,60940.0
2021.0,Ute/Pickup,46454.0
2021.0,Ute/Pickup,42490.0
2021.0,Ute/Pickup,42999.0
2021.0,Ute/Pickup,29880.0
2021.0,Ute/Pickup,51590.0
2021.0,Ute/Pickup,49990.0
2021.0,Ute/Pickup,28950.0
2021.0,Ute/Pickup,49848.0
2021.0,Ute/Pickup,38691.0
2021.0,Ute/Pickup,47990.0
2021.0,Ute/Pickup,47401.0
2021.0,Ute/Pickup,74530.0
2021.0,Ute/Pickup,45980.0
2021.0,Ute/Pickup,48990.0
2021.0,Ute/Pickup,53473.0
2021.0,Ute/Pickup,43995.0
2021.0,Ute/Pickup,45980.0
2021.0,Ute/Pickup,46990.0
2021.0,Ute/Pickup,48440.0
2021.0,Ute/Pickup,58990.0
2021.0,Ute/Pickup,47995.0
2021.0,Ute/Pickup,59990.0
2021.0,Ute/Pickup,40191.0
2021.0,Ute/Pickup,46980.0
2021.0,Ute/Pickup,41190.0
2021.0,Ute/Pickup,49490.0
2021.0,Ute/Pickup,33990.0
2021.0,Ute/Pickup,46980.0
2021.0,Ute/Pickup,48431.0
2021.0,Ute/Pickup,26999.0
2021.0,Ute/Pickup,49805.0
2021.0,Ute/Pickup,46990.0
2021.0,Ute/Pickup,40990.0
2021.0,Ute/Pickup,36990.0
2021.0,Ute/Pickup,58583.0
2021.0,Ute/Pickup,26990.0
2021.0,Ute/Pickup,51599.0
2021.0,Ute/Pickup,37365.0
2021.0,Ute/Pickup,59991.0
2021.0,Van,33990.0
2021.0,Van,31990.0
2021.0,Van,43990.0
2021.0,Van,50980.0
2021.0,Van,50980.0
2021.0,Van,41805.0
2021.0,Van,41805.0
2021.0,Van,43502.0
2021.0,Van,42980.0
2021.0,Van,56490.0
2021.0,Van,56980.0
2021.0,Van,56980.0
2021.0,Van,40160.0
2021.0,Van,49980.0
2021.0,Van,49980.0
2021.0,Van,42980.0
2021.0,Van,68149.0
2021.0,Van,41989.0
2021.0,Van,46990.0
2021.0,Van,46990.0
2021.0,Van,37490.0
2021.0,Van,33999.0
2021.0,Van,39998.0
2021.0,Van,32690.0
2021.0,Van,47470.0
2021.0,Van,40988.0
2021.0,Van,40880.0
2021.0,Van,65980.0
2021.0,Van,65980.0
2021.0,Van,35373.0
2021.0,Van,56980.0
2021.0,Van,41329.0
2021.0,Van,45332.0
2021.0,Van,40905.0
2021.0,Van,44216.0
2021.0,Van,31988.0
2021.0,Van,55990.0
2021.0,Van,34727.0
2021.0,Van,44990.0
2021.0,Van,49286.0
2021.0,Van,31880.0
2021.0,Van,41990.0
2021.0,Van,35010.0
2021.0,Van,68149.0
2021.0,Van,63980.0
2021.0,Van,63980.0
2021.0,Van,44440.0
2021.0,Van,58990.0
2021.0,Van,31903.0
2021.0,Van,38688.0
2021.0,Van,50980.0
2021.0,Van,29870.0
2021.0,Van,50980.0
2021.0,Van,28990.0
2021.0,Van,36040.0
2021.0,Van,35940.0
2021.0,Van,36790.0
2021.0,Van,55280.0
2021.0,Van,38888.0
2021.0,Van,39112.0
2021.0,Van,34990.0
2021.0,Van,35490.0
2021.0,Van,30542.0
2021.0,Van,41969.0
2021.0,Van,39990.0
2021.0,Van,61775.0
2021.0,Van,66990.0
2021.0,Van,66990.0
2021.0,Van,46800.0
2021.0,Van,46800.0
2021.0,Van,66990.0
2021.0,Van,49990.0
2021.0,Van,66990.0
2021.0,Van,39990.0
2021.0,Wagon,134990.0
2021.0,Wagon,48999.0
2021.0,Wagon,25675.0
2021.0,Wagon,112990.0
2021.0,Wagon,112350.0
2021.0,Wagon,29664.0
2021.0,Wagon,33223.0
2021.0,Wagon,35291.0
2021.0,Wagon,26770.0
2021.0,Wagon,26770.0
2022.0,Coupe,51990.0
2022.0,Coupe,41590.0
2022.0,Coupe,61868.0
2022.0,Coupe,61990.0
2022.0,Coupe,63990.0
2022.0,Coupe,72555.0
2022.0,Coupe,51800.0
2022.0,Coupe,41990.0
2022.0,Coupe,75740.0
2022.0,Coupe,37990.0
2022.0,Coupe,52510.0
2022.0,Coupe,52510.0
2022.0,Coupe,88900.0
2022.0,Coupe,88900.0
2022.0,Coupe,63895.0
2022.0,Coupe,63895.0
2022.0,Coupe,110275.0
2022.0,Coupe,65990.0
2022.0,Coupe,96895.0
2022.0,Coupe,42220.0
2022.0,Coupe,101888.0
2022.0,Coupe,201990.0
2022.0,Coupe,67995.0
2022.0,Hatchback,17990.0
2022.0,Hatchback,20888.0
2022.0,Hatchback,45888.0
2022.0,Hatchback,50950.0
2022.0,Hatchback,24990.0
2022.0,Hatchback,34800.0
2022.0,Hatchback,17750.0
2022.0,Hatchback,29900.0
2022.0,Hatchback,29900.0
2022.0,Hatchback,17990.0
2022.0,Hatchback,27998.0
2022.0,Hatchback,17500.0
2022.0,Hatchback,25990.0
2022.0,Hatchback,36450.0
2022.0,Hatchback,17500.0
2022.0,Hatchback,26951.0
2022.0,Hatchback,36880.0
2022.0,Hatchback,26744.0
2022.0,Hatchback,26990.0
2022.0,Hatchback,36450.0
2022.0,Hatchback,36450.0
2022.0,Hatchback,25490.0
2022.0,Hatchback,25490.0
2022.0,Hatchback,45695.0
2022.0,Hatchback,30890.0
2022.0,Hatchback,15926.0
2022.0,Hatchback,24514.0
2022.0,Hatchback,22490.0
2022.0,Hatchback,15440.0
2022.0,Hatchback,25225.0
2022.0,Hatchback,25225.0
2022.0,Hatchback,35990.0
2022.0,Hatchback,33218.0
2022.0,Hatchback,29050.0
2022.0,Hatchback,32990.0
2022.0,Hatchback,32950.0
2022.0,Hatchback,36990.0
2022.0,Hatchback,33990.0
2022.0,Hatchback,32980.0
2022.0,Hatchback,25676.0
2022.0,Hatchback,32980.0
2022.0,Hatchback,44800.0
2022.0,Hatchback,39990.0
2022.0,Hatchback,33215.0
2022.0,Hatchback,25676.0
2022.0,Hatchback,25676.0
2022.0,Hatchback,49800.0
2022.0,Hatchback,34990.0
2022.0,Hatchback,20539.0
2022.0,Hatchback,33690.0
2022.0,Hatchback,29660.0
2022.0,Hatchback,21464.0
2022.0,Hatchback,16980.0
2022.0,Hatchback,28990.0
2022.0,Hatchback,26990.0
2022.0,Hatchback,16990.0
2022.0,Hatchback,49800.0
2022.0,Hatchback,31990.0
2022.0,Hatchback,24998.0
2022.0,Hatchback,25676.0
2022.0,Hatchback,31490.0
2022.0,Hatchback,19490.0
2022.0,Hatchback,42490.0
2022.0,Hatchback,33888.0
2022.0,Hatchback,35173.0
2022.0,Hatchback,19490.0
2022.0,Hatchback,19490.0
2022.0,Hatchback,37987.0
2022.0,Hatchback,15141.0
2022.0,Hatchback,45576.0
2022.0,Hatchback,16470.0
2022.0,Hatchback,15553.0
2022.0,Hatchback,29421.0
2022.0,Hatchback,15553.0
2022.0,Hatchback,15553.0
2022.0,Hatchback,15553.0
2022.0,Hatchback,30990.0
2022.0,Hatchback,30551.0
2022.0,Hatchback,24888.0
2022.0,Hatchback,19426.0
2022.0,Hatchback,15553.0
2022.0,Hatchback,16990.0
2022.0,Hatchback,15553.0
2022.0,Hatchback,15553.0
2022.0,Hatchback,31490.0
2022.0,Hatchback,35927.0
2022.0,Hatchback,14487.0
2022.0,Hatchback,35927.0
2022.0,Hatchback,14487.0
2022.0,Hatchback,21586.0
2022.0,Hatchback,26490.0
2022.0,Hatchback,35440.0
2022.0,Hatchback,15553.0
2022.0,Hatchback,35010.0
2022.0,Hatchback,14487.0
2022.0,Hatchback,23690.0
2022.0,Hatchback,22878.0
2022.0,Hatchback,46990.0
2022.0,Hatchback,28888.0
2022.0,Hatchback,31990.0
2022.0,Hatchback,14487.0
2022.0,Hatchback,29490.0
2022.0,Hatchback,29490.0
2022.0,Hatchback,20539.0
2022.0,Hatchback,23970.0
2022.0,Hatchback,28990.0
2022.0,Hatchback,27813.0
2022.0,Hatchback,14487.0
2022.0,Hatchback,57690.0
2022.0,Hatchback,16725.0
2022.0,Hatchback,14487.0
2022.0,Hatchback,19990.0
2022.0,Hatchback,22690.0
2022.0,Hatchback,17490.0
2022.0,Hatchback,14487.0
2022.0,Hatchback,43880.0
2022.0,Hatchback,20075.0
2022.0,Hatchback,23527.0
2022.0,Hatchback,20075.0
2022.0,Hatchback,20490.0
2022.0,Hatchback,20490.0
2022.0,Hatchback,20490.0
2022.0,Hatchback,20490.0
2022.0,Hatchback,20490.0
2022.0,Hatchback,20490.0
2022.0,Hatchback,20490.0
2022.0,Hatchback,20490.0
2022.0,Hatchback,20490.0
2022.0,Hatchback,20490.0
2022.0,Hatchback,14487.0
2022.0,Hatchback,54490.0
2022.0,Hatchback,19490.0
2022.0,Hatchback,23631.0
2022.0,Hatchback,23600.0
2022.0,Hatchback,21490.0
2022.0,Hatchback,17888.0
2022.0,Hatchback,18490.0
2022.0,Hatchback,21490.0
2022.0,Hatchback,20735.0
2022.0,Hatchback,17990.0
2022.0,Hatchback,21500.0
2022.0,Hatchback,24470.0
2022.0,Hatchback,25061.0
2022.0,Hatchback,43009.0
2022.0,Hatchback,27699.0
2022.0,Hatchback,22595.0
2022.0,Hatchback,40868.0
2022.0,Hatchback,21010.0
2022.0,Hatchback,19990.0
2022.0,Hatchback,19990.0
2022.0,Hatchback,21010.0
2022.0,Hatchback,21010.0
2022.0,Hatchback,21010.0
2022.0,Hatchback,21010.0
2022.0,Hatchback,21010.0
2022.0,Hatchback,21010.0
2022.0,Hatchback,19990.0
2022.0,Hatchback,20550.0
2022.0,Hatchback,22945.0
2022.0,Hatchback,27499.0
2022.0,Hatchback,47995.0
2022.0,Hatchback,25418.0
2022.0,Hatchback,25990.0
2022.0,Hatchback,20990.0
2022.0,Hatchback,20990.0
2022.0,Hatchback,20990.0
2022.0,Hatchback,20990.0
2022.0,Hatchback,20990.0
2022.0,Hatchback,20990.0
2022.0,Hatchback,20990.0
2022.0,Hatchback,35953.0
2022.0,Hatchback,14487.0
2022.0,Hatchback,20010.0
2022.0,Hatchback,31058.0
2022.0,Hatchback,17357.0
2022.0,Hatchback,37990.0
2022.0,Hatchback,37990.0
2022.0,Hatchback,21010.0
2022.0,Hatchback,21010.0
2022.0,Hatchback,21010.0
2022.0,Hatchback,20990.0
2022.0,Hatchback,68990.0
2022.0,Hatchback,21557.0
2022.0,Hatchback,27990.0
2022.0,Hatchback,35888.0
2022.0,Hatchback,15995.0
2022.0,Hatchback,18490.0
2022.0,Hatchback,44280.0
2022.0,Hatchback,18990.0
2022.0,Hatchback,37070.0
2022.0,Hatchback,17990.0
2022.0,Hatchback,19990.0
2022.0,Hatchback,23990.0
2022.0,Hatchback,19990.0
2022.0,Hatchback,19990.0
2022.0,Hatchback,19990.0
2022.0,Hatchback,19990.0
2022.0,Hatchback,21990.0
2022.0,Hatchback,19990.0
2022.0,Hatchback,19990.0
2022.0,Hatchback,56859.0
2022.0,Hatchback,19990.0
2022.0,Hatchback,19990.0
2022.0,Hatchback,19990.0
2022.0,Hatchback,19990.0
2022.0,Hatchback,19990.0
2022.0,Hatchback,19990.0
2022.0,Hatchback,19990.0
2022.0,Hatchback,19990.0
2022.0,Hatchback,21620.0
2022.0,Hatchback,23990.0
2022.0,Hatchback,56840.0
2022.0,Hatchback,20490.0
2022.0,Hatchback,18561.0
2022.0,Hatchback,31250.0
2022.0,Hatchback,19591.0
2022.0,Hatchback,21990.0
2022.0,Hatchback,16888.0
2022.0,Hatchback,20990.0
2022.0,Hatchback,19591.0
2022.0,Hatchback,25597.0
2022.0,Hatchback,26770.0
2022.0,Hatchback,21990.0
2022.0,Hatchback,25771.0
2022.0,Hatchback,35041.0
2022.0,Hatchback,31890.0
2022.0,Hatchback,23680.0
2022.0,Hatchback,22990.0
2022.0,Hatchback,19591.0
2022.0,Hatchback,19591.0
2022.0,Hatchback,18561.0
2022.0,Hatchback,18990.0
2022.0,Hatchback,21651.0
2022.0,Hatchback,19591.0
2022.0,Hatchback,25771.0
2022.0,Hatchback,19591.0
2022.0,Hatchback,19591.0
2022.0,Hatchback,19591.0
2022.0,Hatchback,19591.0
2022.0,Hatchback,19591.0
2022.0,Hatchback,19591.0
2022.0,Hatchback,18561.0
2022.0,Hatchback,19591.0
2022.0,Hatchback,19591.0
2022.0,Hatchback,25771.0
2022.0,Hatchback,18561.0
2022.0,Hatchback,18561.0
2022.0,Hatchback,54740.0
2022.0,Hatchback,24741.0
2022.0,Hatchback,17990.0
2022.0,Hatchback,18561.0
2022.0,Hatchback,18561.0
2022.0,SUV,29880.0
2022.0,SUV,41190.0
2022.0,SUV,25740.0
2022.0,SUV,26730.0
2022.0,SUV,44700.0
2022.0,SUV,43137.0
2022.0,SUV,23850.0
2022.0,SUV,79999.0
2022.0,SUV,107240.0
2022.0,SUV,29990.0
2022.0,SUV,38988.0
2022.0,SUV,41190.0
2022.0,SUV,39999.0
2022.0,SUV,112888.0
2022.0,SUV,59990.0
2022.0,SUV,48450.0
2022.0,SUV,52450.0
2022.0,SUV,76673.0
2022.0,SUV,27990.0
2022.0,SUV,47990.0
2022.0,SUV,51920.0
2022.0,SUV,35990.0
2022.0,SUV,39190.0
2022.0,SUV,40990.0
2022.0,SUV,89400.0
2022.0,SUV,36990.0
2022.0,SUV,56830.0
2022.0,SUV,34990.0
2022.0,SUV,38775.0
2022.0,SUV,29860.0
2022.0,SUV,52990.0
2022.0,SUV,52800.0
2022.0,SUV,26995.0
2022.0,SUV,45990.0
2022.0,SUV,32435.0
2022.0,SUV,29490.0
2022.0,SUV,39659.0
2022.0,SUV,35010.0
2022.0,SUV,93485.0
2022.0,SUV,41988.0
2022.0,SUV,28861.0
2022.0,SUV,32950.0
2022.0,SUV,61594.0
2022.0,SUV,39400.0
2022.0,SUV,24970.0
2022.0,SUV,36995.0
2022.0,SUV,34950.0
2022.0,SUV,24990.0
2022.0,SUV,28830.0
2022.0,SUV,27990.0
2022.0,SUV,34302.0
2022.0,SUV,95280.0
2022.0,SUV,33999.0
2022.0,SUV,29999.0
2022.0,SUV,35010.0
2022.0,SUV,63990.0
2022.0,SUV,75910.0
2022.0,SUV,28888.0
2022.0,SUV,78999.0
2022.0,SUV,25677.0
2022.0,SUV,53888.0
2022.0,SUV,59800.0
2022.0,SUV,31999.0
2022.0,SUV,38990.0
2022.0,SUV,27813.0
2022.0,SUV,22992.0
2022.0,SUV,73475.0
2022.0,SUV,30558.0
2022.0,SUV,99033.0
2022.0,SUV,69440.0
2022.0,SUV,71343.0
2022.0,SUV,61040.0
2022.0,SUV,79999.0
2022.0,SUV,32890.0
2022.0,SUV,29860.0
2022.0,SUV,61895.0
2022.0,SUV,26207.0
2022.0,SUV,33450.0
2022.0,SUV,55265.0
2022.0,SUV,58940.0
2022.0,SUV,51590.0
2022.0,SUV,41950.0
2022.0,SUV,29991.0
2022.0,SUV,38100.0
2022.0,SUV,39990.0
2022.0,SUV,33450.0
2022.0,SUV,74538.0
2022.0,SUV,33450.0
2022.0,SUV,44990.0
2022.0,SUV,74777.0
2022.0,SUV,42220.0
2022.0,SUV,77800.0
2022.0,SUV,49833.0
2022.0,SUV,79415.0
2022.0,SUV,74566.0
2022.0,SUV,21370.0
2022.0,SUV,20590.0
2022.0,SUV,59534.0
2022.0,SUV,28888.0
2022.0,SUV,32450.0
2022.0,SUV,49811.0
2022.0,SUV,95690.0
2022.0,SUV,69888.0
2022.0,SUV,36990.0
2022.0,SUV,105947.0
2022.0,SUV,119999.0
2022.0,SUV,32450.0
2022.0,SUV,40480.0
2022.0,SUV,30890.0
2022.0,SUV,32090.0
2022.0,SUV,41990.0
2022.0,SUV,44488.0
2022.0,SUV,36750.0
2022.0,SUV,56800.0
2022.0,SUV,66290.0
2022.0,SUV,34190.0
2022.0,SUV,25488.0
2022.0,SUV,26376.0
2022.0,SUV,34990.0
2022.0,SUV,39130.0
2022.0,SUV,83090.0
2022.0,SUV,78488.0
2022.0,SUV,78488.0
2022.0,SUV,64490.0
2022.0,SUV,33990.0
2022.0,SUV,49990.0
2022.0,SUV,39490.0
2022.0,SUV,26770.0
2022.0,SUV,27890.0
2022.0,SUV,53999.0
2022.0,SUV,48810.0
2022.0,SUV,47490.0
2022.0,SUV,84990.0
2022.0,SUV,49990.0
2022.0,SUV,22990.0
2022.0,SUV,27800.0
2022.0,SUV,59800.0
2022.0,SUV,59800.0
2022.0,SUV,34990.0
2022.0,SUV,30990.0
2022.0,SUV,84888.0
2022.0,SUV,85190.0
2022.0,SUV,29664.0
2022.0,SUV,38846.0
2022.0,SUV,28190.0
2022.0,SUV,39990.0
2022.0,SUV,38990.0
2022.0,SUV,25644.0
2022.0,SUV,38990.0
2022.0,SUV,116377.0
2022.0,SUV,116377.0
2022.0,SUV,123943.0
2022.0,SUV,69800.0
2022.0,SUV,38990.0
2022.0,SUV,47990.0
2022.0,SUV,31990.0
2022.0,SUV,103759.0
2022.0,SUV,97422.0
2022.0,SUV,97422.0
2022.0,SUV,97422.0
2022.0,SUV,30888.0
2022.0,SUV,53595.0
2022.0,SUV,105425.0
2022.0,SUV,51390.0
2022.0,SUV,38950.0
2022.0,SUV,99890.0
2022.0,SUV,40273.0
2022.0,SUV,74990.0
2022.0,SUV,41705.0
2022.0,SUV,40273.0
2022.0,SUV,36040.0
2022.0,SUV,56999.0
2022.0,SUV,21491.0
2022.0,SUV,33980.0
2022.0,SUV,80990.0
2022.0,SUV,49800.0
2022.0,SUV,41290.0
2022.0,SUV,58940.0
2022.0,SUV,33999.0
2022.0,SUV,43985.0
2022.0,SUV,33990.0
2022.0,SUV,48478.0
2022.0,SUV,43990.0
2022.0,SUV,109999.0
2022.0,SUV,37450.0
2022.0,SUV,43450.0
2022.0,SUV,45750.0
2022.0,SUV,34888.0
2022.0,SUV,119850.0
2022.0,SUV,30890.0
2022.0,SUV,46490.0
2022.0,SUV,94990.0
2022.0,SUV,63990.0
2022.0,SUV,37990.0
2022.0,SUV,26990.0
2022.0,SUV,55990.0
2022.0,SUV,129990.0
2022.0,SUV,32435.0
2022.0,SUV,41990.0
2022.0,SUV,44900.0
2022.0,SUV,38990.0
2022.0,SUV,33465.0
2022.0,SUV,62330.0
2022.0,SUV,33888.0
2022.0,SUV,38990.0
2022.0,SUV,53800.0
2022.0,SUV,79990.0
2022.0,SUV,85195.0
2022.0,SUV,88800.0
2022.0,SUV,45332.0
2022.0,SUV,48970.0
2022.0,SUV,52800.0
2022.0,SUV,31590.0
2022.0,SUV,53585.0
2022.0,SUV,30888.0
2022.0,SUV,34990.0
2022.0,SUV,39990.0
2022.0,SUV,37900.0
2022.0,SUV,33990.0
2022.0,SUV,92329.0
2022.0,SUV,34690.0
2022.0,SUV,20390.0
2022.0,SUV,72409.0
2022.0,SUV,56840.0
2022.0,SUV,29490.0
2022.0,SUV,31999.0
2022.0,SUV,33490.0
2022.0,SUV,32990.0
2022.0,SUV,41990.0
2022.0,SUV,52990.0
2022.0,SUV,50990.0
2022.0,SUV,79622.0
2022.0,SUV,71343.0
2022.0,SUV,38990.0
2022.0,SUV,32754.0
2022.0,SUV,44490.0
2022.0,SUV,71343.0
2022.0,SUV,44490.0
2022.0,SUV,35690.0
2022.0,SUV,18990.0
2022.0,SUV,28990.0
2022.0,SUV,61790.0
2022.0,SUV,84802.0
2022.0,SUV,41690.0
2022.0,SUV,78990.0
2022.0,SUV,27770.0
2022.0,SUV,34032.0
2022.0,SUV,55905.0
2022.0,SUV,18990.0
2022.0,SUV,25740.0
2022.0,SUV,34301.0
2022.0,SUV,29990.0
2022.0,SUV,35886.0
2022.0,SUV,28760.0
2022.0,SUV,82888.0
2022.0,SUV,67990.0
2022.0,SUV,29590.0
2022.0,SUV,34455.0
2022.0,SUV,28830.0
2022.0,SUV,38990.0
2022.0,SUV,119999.0
2022.0,SUV,38990.0
2022.0,SUV,25490.0
2022.0,SUV,25488.0
2022.0,SUV,37564.0
2022.0,SUV,34292.0
2022.0,SUV,119888.0
2022.0,SUV,52657.0
2022.0,SUV,33990.0
2022.0,SUV,25644.0
2022.0,SUV,29961.0
2022.0,SUV,30797.0
2022.0,SUV,79696.0
2022.0,SUV,47950.0
2022.0,SUV,85150.0
2022.0,SUV,97265.0
2022.0,SUV,25522.0
2022.0,SUV,25522.0
2022.0,SUV,26246.0
2022.0,SUV,91459.0
2022.0,SUV,21890.0
2022.0,SUV,20539.0
2022.0,SUV,44200.0
2022.0,SUV,31048.0
2022.0,SUV,38789.0
2022.0,SUV,36990.0
2022.0,SUV,43990.0
2022.0,SUV,32100.0
2022.0,SUV,39990.0
2022.0,SUV,37490.0
2022.0,SUV,37990.0
2022.0,SUV,43990.0
2022.0,SUV,48990.0
2022.0,SUV,38488.0
2022.0,SUV,126840.0
2022.0,SUV,119640.0
2022.0,SUV,32990.0
2022.0,SUV,98800.0
2022.0,SUV,50990.0
2022.0,SUV,74566.0
2022.0,SUV,71343.0
2022.0,SUV,74538.0
2022.0,SUV,41200.0
2022.0,SUV,35990.0
2022.0,SUV,27353.0
2022.0,SUV,30990.0
2022.0,SUV,60700.0
2022.0,SUV,67509.0
2022.0,SUV,54800.0
2022.0,SUV,71850.0
2022.0,SUV,41989.0
2022.0,SUV,20590.0
2022.0,SUV,20590.0
2022.0,SUV,58989.0
2022.0,SUV,52992.0
2022.0,SUV,34990.0
2022.0,SUV,33204.0
2022.0,SUV,88888.0
2022.0,SUV,66888.0
2022.0,SUV,41990.0
2022.0,SUV,44850.0
2022.0,SUV,44850.0
2022.0,SUV,74538.0
2022.0,SUV,76668.0
2022.0,SUV,31990.0
2022.0,SUV,29490.0
2022.0,SUV,38990.0
2022.0,SUV,24990.0
2022.0,SUV,29860.0
2022.0,SUV,76880.0
2022.0,SUV,43941.0
2022.0,SUV,36049.0
2022.0,SUV,41180.0
2022.0,SUV,38800.0
2022.0,SUV,33450.0
2022.0,SUV,38990.0
2022.0,SUV,31988.0
2022.0,SUV,35805.0
2022.0,SUV,40490.0
2022.0,SUV,72800.0
2022.0,SUV,32990.0
2022.0,SUV,24650.0
2022.0,SUV,31690.0
2022.0,SUV,25572.0
2022.0,SUV,46990.0
2022.0,SUV,46990.0
2022.0,SUV,36965.0
2022.0,SUV,45970.0
2022.0,SUV,29990.0
2022.0,SUV,78710.0
2022.0,SUV,30890.0
2022.0,SUV,66025.0
2022.0,SUV,34990.0
2022.0,SUV,28886.0
2022.0,SUV,65990.0
2022.0,SUV,35382.0
2022.0,SUV,32800.0
2022.0,SUV,54868.0
2022.0,SUV,63880.0
2022.0,SUV,40071.0
2022.0,SUV,42598.0
2022.0,SUV,41990.0
2022.0,SUV,73473.0
2022.0,SUV,18880.0
2022.0,SUV,40990.0
2022.0,SUV,27458.0
2022.0,SUV,82800.0
2022.0,SUV,36970.0
2022.0,SUV,72408.0
2022.0,SUV,43150.0
2022.0,SUV,36476.0
2022.0,SUV,23990.0
2022.0,SUV,22480.0
2022.0,SUV,20990.0
2022.0,SUV,36970.0
2022.0,SUV,32850.0
2022.0,SUV,74538.0
2022.0,SUV,40596.0
2022.0,SUV,90990.0
2022.0,SUV,39130.0
2022.0,SUV,36030.0
2022.0,SUV,39130.0
2022.0,SUV,58990.0
2022.0,SUV,29990.0
2022.0,SUV,46880.0
2022.0,SUV,32950.0
2022.0,SUV,30990.0
2022.0,SUV,83990.0
2022.0,SUV,61594.0
2022.0,SUV,48990.0
2022.0,SUV,41895.0
2022.0,SUV,21105.0
2022.0,SUV,54999.0
2022.0,SUV,35010.0
2022.0,SUV,34990.0
2022.0,SUV,43990.0
2022.0,SUV,51990.0
2022.0,SUV,79622.0
2022.0,SUV,36990.0
2022.0,SUV,44480.0
2022.0,SUV,35970.0
2022.0,SUV,57490.0
2022.0,SUV,69221.0
2022.0,SUV,31888.0
2022.0,SUV,34690.0
2022.0,SUV,43690.0
2022.0,SUV,42990.0
2022.0,SUV,28990.0
2022.0,SUV,33465.0
2022.0,SUV,55037.0
2022.0,SUV,51677.0
2022.0,SUV,84990.0
2022.0,SUV,51677.0
2022.0,SUV,51677.0
2022.0,SUV,36490.0
2022.0,SUV,86998.0
2022.0,SUV,81688.0
2022.0,SUV,41190.0
2022.0,SUV,91990.0
2022.0,SUV,25990.0
2022.0,SUV,52880.0
2022.0,SUV,73899.0
2022.0,SUV,32220.0
2022.0,SUV,81688.0
2022.0,SUV,31985.0
2022.0,SUV,33093.0
2022.0,SUV,27813.0
2022.0,SUV,48440.0
2022.0,SUV,19194.0
2022.0,SUV,88888.0
2022.0,SUV,82800.0
2022.0,SUV,39130.0
2022.0,SUV,28010.0
2022.0,SUV,48810.0
2022.0,SUV,107888.0
2022.0,SUV,34690.0
2022.0,SUV,30990.0
2022.0,SUV,65990.0
2022.0,SUV,38990.0
2022.0,SUV,31880.0
2022.0,SUV,31990.0
2022.0,SUV,74538.0
2022.0,SUV,37995.0
2022.0,SUV,50990.0
2022.0,SUV,22650.0
2022.0,SUV,37070.0
2022.0,SUV,53990.0
2022.0,SUV,32387.0
2022.0,SUV,43990.0
2022.0,SUV,81994.0
2022.0,SUV,43999.0
2022.0,SUV,41990.0
2022.0,SUV,31920.0
2022.0,SUV,36990.0
2022.0,SUV,35990.0
2022.0,SUV,24789.0
2022.0,SUV,33990.0
2022.0,SUV,46990.0
2022.0,SUV,63880.0
2022.0,SUV,31990.0
2022.0,SUV,43990.0
2022.0,SUV,51888.0
2022.0,SUV,65911.0
2022.0,SUV,31991.0
2022.0,SUV,36990.0
2022.0,SUV,38100.0
2022.0,SUV,87990.0
2022.0,SUV,35383.0
2022.0,SUV,44888.0
2022.0,SUV,62815.0
2022.0,SUV,28990.0
2022.0,SUV,31990.0
2022.0,SUV,114888.0
2022.0,SUV,31490.0
2022.0,SUV,38789.0
2022.0,SUV,34387.0
2022.0,SUV,57190.0
2022.0,SUV,41323.0
2022.0,SUV,130889.0
2022.0,SUV,54800.0
2022.0,SUV,23956.0
2022.0,SUV,59620.0
2022.0,SUV,24237.0
2022.0,SUV,47044.0
2022.0,SUV,52990.0
2022.0,SUV,73473.0
2022.0,SUV,52990.0
2022.0,SUV,59990.0
2022.0,SUV,70278.0
2022.0,SUV,42970.0
2022.0,SUV,22990.0
2022.0,SUV,44100.0
2022.0,SUV,37990.0
2022.0,SUV,32990.0
2022.0,SUV,30890.0
2022.0,SUV,25990.0
2022.0,SUV,30990.0
2022.0,SUV,32470.0
2022.0,SUV,92888.0
2022.0,SUV,55999.0
2022.0,SUV,29990.0
2022.0,SUV,42220.0
2022.0,SUV,22667.0
2022.0,SUV,23880.0
2022.0,SUV,46990.0
2022.0,SUV,32950.0
2022.0,SUV,37990.0
2022.0,SUV,32990.0
2022.0,SUV,41990.0
2022.0,SUV,41018.0
2022.0,SUV,35000.0
2022.0,SUV,73473.0
2022.0,SUV,44206.0
2022.0,SUV,63675.0
2022.0,SUV,71343.0
2022.0,SUV,58999.0
2022.0,SUV,39990.0
2022.0,SUV,62815.0
2022.0,SUV,87324.0
2022.0,SUV,34990.0
2022.0,SUV,36888.0
2022.0,SUV,21888.0
2022.0,SUV,39130.0
2022.0,SUV,19290.0
2022.0,SUV,28990.0
2022.0,SUV,24470.0
2022.0,SUV,66290.0
2022.0,SUV,37990.0
2022.0,SUV,66290.0
2022.0,SUV,53951.0
2022.0,SUV,39025.0
2022.0,SUV,36330.0
2022.0,SUV,31990.0
2022.0,SUV,31250.0
2022.0,SUV,68148.0
2022.0,SUV,48550.0
2022.0,SUV,51918.0
2022.0,SUV,91290.0
2022.0,SUV,64800.0
2022.0,SUV,41895.0
2022.0,SUV,121932.0
2022.0,SUV,51660.0
2022.0,SUV,85177.0
2022.0,SUV,41977.0
2022.0,SUV,64990.0
2022.0,SUV,87195.0
2022.0,SUV,85177.0
2022.0,SUV,27832.0
2022.0,SUV,28895.0
2022.0,SUV,35698.0
2022.0,SUV,32990.0
2022.0,SUV,39490.0
2022.0,SUV,28895.0
2022.0,SUV,35888.0
2022.0,SUV,39119.0
2022.0,SUV,29990.0
2022.0,SUV,26690.0
2022.0,SUV,35990.0
2022.0,SUV,36990.0
2022.0,SUV,74800.0
2022.0,SUV,24956.0
2022.0,SUV,73473.0
2022.0,SUV,30350.0
2022.0,SUV,27450.0
2022.0,SUV,36490.0
2022.0,SUV,77950.0
2022.0,SUV,26490.0
2022.0,SUV,31880.0
2022.0,SUV,34880.0
2022.0,SUV,35362.0
2022.0,SUV,35362.0
2022.0,SUV,102868.0
2022.0,SUV,31920.0
2022.0,SUV,102868.0
2022.0,SUV,22990.0
2022.0,SUV,51990.0
2022.0,SUV,38490.0
2022.0,SUV,45333.0
2022.0,SUV,82097.0
2022.0,SUV,54440.0
2022.0,SUV,43950.0
2022.0,SUV,76711.0
2022.0,SUV,29490.0
2022.0,SUV,24195.0
2022.0,SUV,69205.0
2022.0,SUV,24990.0
2022.0,SUV,37462.0
2022.0,SUV,92644.0
2022.0,SUV,50898.0
2022.0,SUV,81703.0
2022.0,SUV,76711.0
2022.0,SUV,29490.0
2022.0,SUV,27445.0
2022.0,SUV,83090.0
2022.0,SUV,83090.0
2022.0,SUV,25490.0
2022.0,SUV,38990.0
2022.0,SUV,25490.0
2022.0,SUV,34990.0
2022.0,SUV,21990.0
2022.0,SUV,28830.0
2022.0,SUV,40956.0
2022.0,SUV,36990.0
2022.0,SUV,36440.0
2022.0,SUV,37987.0
2022.0,SUV,53690.0
2022.0,SUV,26990.0
2022.0,SUV,31990.0
2022.0,SUV,73830.0
2022.0,SUV,29990.0
2022.0,SUV,34790.0
2022.0,SUV,35382.0
2022.0,SUV,51990.0
2022.0,SUV,26970.0
2022.0,SUV,22650.0
2022.0,SUV,57890.0
2022.0,SUV,44990.0
2022.0,SUV,23004.0
2022.0,SUV,31019.0
2022.0,SUV,24995.0
2022.0,SUV,52490.0
2022.0,SUV,31990.0
2022.0,SUV,84350.0
2022.0,SUV,69990.0
2022.0,SUV,24570.0
2022.0,SUV,57999.0
2022.0,SUV,37990.0
2022.0,SUV,32950.0
2022.0,SUV,18990.0
2022.0,SUV,36990.0
2022.0,SUV,31990.0
2022.0,SUV,31990.0
2022.0,SUV,61800.0
2022.0,SUV,18990.0
2022.0,SUV,20590.0
2022.0,SUV,39490.0
2022.0,SUV,36990.0
2022.0,SUV,54215.0
2022.0,SUV,32990.0
2022.0,SUV,37987.0
2022.0,SUV,33800.0
2022.0,SUV,33490.0
2022.0,SUV,32990.0
2022.0,SUV,28990.0
2022.0,SUV,32990.0
2022.0,SUV,64945.0
2022.0,SUV,37599.0
2022.0,SUV,71351.0
2022.0,SUV,37378.0
2022.0,SUV,24956.0
2022.0,SUV,34970.0
2022.0,SUV,37378.0
2022.0,SUV,31990.0
2022.0,SUV,18990.0
2022.0,SUV,33990.0
2022.0,SUV,37222.0
2022.0,SUV,57888.0
2022.0,SUV,47490.0
2022.0,SUV,21620.0
2022.0,SUV,41888.0
2022.0,SUV,26990.0
2022.0,SUV,35935.0
2022.0,SUV,35935.0
2022.0,SUV,44990.0
2022.0,SUV,29990.0
2022.0,SUV,36030.0
2022.0,SUV,79888.0
2022.0,SUV,33490.0
2022.0,SUV,23470.0
2022.0,SUV,44100.0
2022.0,SUV,88390.0
2022.0,SUV,29392.0
2022.0,SUV,35480.0
2022.0,SUV,43450.0
2022.0,SUV,24980.0
2022.0,SUV,35019.0
2022.0,SUV,40888.0
2022.0,SUV,45341.0
2022.0,SUV,44990.0
2022.0,SUV,27690.0
2022.0,SUV,53985.0
2022.0,SUV,49990.0
2022.0,SUV,37990.0
2022.0,SUV,66888.0
2022.0,SUV,18690.0
2022.0,SUV,56315.0
2022.0,SUV,58490.0
2022.0,SUV,51840.0
2022.0,SUV,25963.0
2022.0,SUV,96903.0
2022.0,SUV,36990.0
2022.0,SUV,44167.0
2022.0,SUV,69800.0
2022.0,SUV,117452.0
2022.0,SUV,59300.0
2022.0,SUV,39941.0
2022.0,SUV,31777.0
2022.0,SUV,36990.0
2022.0,SUV,32990.0
2022.0,SUV,36894.0
2022.0,SUV,57490.0
2022.0,SUV,38579.0
2022.0,SUV,53240.0
2022.0,SUV,24989.0
2022.0,SUV,39130.0
2022.0,SUV,68888.0
2022.0,SUV,63880.0
2022.0,SUV,85188.0
2022.0,SUV,41490.0
2022.0,SUV,29490.0
2022.0,SUV,52110.0
2022.0,SUV,44480.0
2022.0,SUV,94773.0
2022.0,SUV,69205.0
2022.0,SUV,25890.0
2022.0,SUV,37987.0
2022.0,SUV,97960.0
2022.0,SUV,25990.0
2022.0,SUV,67590.0
2022.0,SUV,37956.0
2022.0,SUV,27470.0
2022.0,SUV,89800.0
2022.0,SUV,19472.0
2022.0,SUV,21990.0
2022.0,SUV,51918.0
2022.0,SUV,22914.0
2022.0,SUV,29990.0
2022.0,SUV,68990.0
2022.0,SUV,29490.0
2022.0,SUV,23680.0
2022.0,SUV,23680.0
2022.0,SUV,42490.0
2022.0,SUV,33196.0
2022.0,SUV,28995.0
2022.0,SUV,41895.0
2022.0,SUV,36490.0
2022.0,SUV,34272.0
2022.0,SUV,24990.0
2022.0,SUV,36490.0
2022.0,SUV,34490.0
2022.0,SUV,24990.0
2022.0,SUV,46990.0
2022.0,SUV,34990.0
2022.0,SUV,20559.0
2022.0,SUV,74538.0
2022.0,SUV,36990.0
2022.0,SUV,30990.0
2022.0,SUV,43006.0
2022.0,SUV,34271.0
2022.0,SUV,95000.0
2022.0,SUV,32990.0
2022.0,SUV,21565.0
2022.0,SUV,65800.0
2022.0,SUV,25660.0
2022.0,SUV,20949.0
2022.0,SUV,35990.0
2022.0,SUV,40994.0
2022.0,SUV,50540.0
2022.0,SUV,35888.0
2022.0,SUV,35888.0
2022.0,SUV,33490.0
2022.0,SUV,67990.0
2022.0,SUV,35888.0
2022.0,SUV,20990.0
2022.0,SUV,28830.0
2022.0,SUV,45310.0
2022.0,SUV,41990.0
2022.0,SUV,53490.0
2022.0,SUV,59875.0
2022.0,SUV,24031.0
2022.0,SUV,25990.0
2022.0,SUV,71335.0
2022.0,SUV,23990.0
2022.0,SUV,53990.0
2022.0,SUV,60605.0
2022.0,SUV,95830.0
2022.0,SUV,87290.0
2022.0,SUV,25990.0
2022.0,SUV,25990.0
2022.0,SUV,19990.0
2022.0,SUV,45153.0
2022.0,SUV,94773.0
2022.0,SUV,95838.0
2022.0,SUV,29880.0
2022.0,SUV,52533.0
2022.0,SUV,67091.0
2022.0,SUV,85888.0
2022.0,SUV,31990.0
2022.0,SUV,32990.0
2022.0,SUV,75633.0
2022.0,SUV,27888.0
2022.0,SUV,68390.0
2022.0,SUV,28990.0
2022.0,SUV,28990.0
2022.0,SUV,49226.0
2022.0,SUV,31888.0
2022.0,SUV,69850.0
2022.0,SUV,50796.0
2022.0,SUV,36990.0
2022.0,SUV,34495.0
2022.0,SUV,36490.0
2022.0,SUV,66988.0
2022.0,SUV,62330.0
2022.0,SUV,30440.0
2022.0,SUV,30990.0
2022.0,SUV,38100.0
2022.0,SUV,68129.0
2022.0,SUV,43480.0
2022.0,SUV,23990.0
2022.0,SUV,53950.0
2022.0,SUV,28865.0
2022.0,SUV,40169.0
2022.0,SUV,29990.0
2022.0,SUV,60674.0
2022.0,SUV,21787.0
2022.0,SUV,91908.0
2022.0,SUV,96903.0
2022.0,SUV,60682.0
2022.0,SUV,65385.0
2022.0,SUV,23588.0
2022.0,SUV,91584.0
2022.0,SUV,65930.0
2022.0,SUV,53990.0
2022.0,SUV,19990.0
2022.0,SUV,73473.0
2022.0,SUV,27888.0
2022.0,SUV,39130.0
2022.0,SUV,83956.0
2022.0,SUV,29690.0
2022.0,SUV,38100.0
2022.0,SUV,47481.0
2022.0,SUV,70990.0
2022.0,SUV,38673.0
2022.0,SUV,35800.0
2022.0,SUV,26990.0
2022.0,SUV,29690.0
2022.0,SUV,28888.0
2022.0,SUV,21565.0
2022.0,SUV,18990.0
2022.0,SUV,68148.0
2022.0,SUV,72995.0
2022.0,SUV,58592.0
2022.0,SUV,56200.0
2022.0,SUV,62800.0
2022.0,SUV,49888.0
2022.0,SUV,41433.0
2022.0,SUV,39990.0
2022.0,SUV,42790.0
2022.0,SUV,44900.0
2022.0,SUV,36990.0
2022.0,SUV,29990.0
2022.0,SUV,18990.0
2022.0,SUV,33980.0
2022.0,SUV,96633.0
2022.0,SUV,28985.0
2022.0,SUV,28490.0
2022.0,SUV,37990.0
2022.0,SUV,39130.0
2022.0,SUV,29795.0
2022.0,SUV,18990.0
2022.0,SUV,55990.0
2022.0,SUV,62888.0
2022.0,SUV,41990.0
2022.0,SUV,31038.0
2022.0,SUV,20949.0
2022.0,SUV,23740.0
2022.0,SUV,59477.0
2022.0,SUV,33990.0
2022.0,SUV,34271.0
2022.0,SUV,51590.0
2022.0,SUV,38990.0
2022.0,SUV,33990.0
2022.0,SUV,75888.0
2022.0,SUV,97968.0
2022.0,SUV,84130.0
2022.0,SUV,97968.0
2022.0,SUV,28995.0
2022.0,SUV,39790.0
2022.0,SUV,65240.0
2022.0,SUV,36040.0
2022.0,SUV,34905.0
2022.0,SUV,115488.0
2022.0,SUV,25279.0
2022.0,SUV,33700.0
2022.0,SUV,87815.0
2022.0,SUV,33700.0
2022.0,SUV,37070.0
2022.0,SUV,26990.0
2022.0,SUV,38100.0
2022.0,SUV,19800.0
2022.0,SUV,33980.0
2022.0,SUV,33980.0
2022.0,SUV,49987.0
2022.0,SUV,40990.0
2022.0,SUV,35387.0
2022.0,SUV,71343.0
2022.0,SUV,40990.0
2022.0,SUV,29490.0
2022.0,SUV,59609.0
2022.0,SUV,35995.0
2022.0,SUV,64800.0
2022.0,SUV,40713.0
2022.0,SUV,24880.0
2022.0,SUV,33490.0
2022.0,SUV,62990.0
2022.0,SUV,62990.0
2022.0,SUV,67340.0
2022.0,SUV,62990.0
2022.0,SUV,59629.0
2022.0,SUV,30990.0
2022.0,SUV,64900.0
2022.0,SUV,26970.0
2022.0,SUV,34480.0
2022.0,SUV,54480.0
2022.0,SUV,23700.0
2022.0,SUV,28490.0
2022.0,SUV,23990.0
2022.0,SUV,70278.0
2022.0,SUV,32990.0
2022.0,SUV,23990.0
2022.0,SUV,69945.0
2022.0,SUV,27800.0
2022.0,SUV,44880.0
2022.0,SUV,36450.0
2022.0,SUV,35990.0
2022.0,SUV,74575.0
2022.0,SUV,73990.0
2022.0,SUV,27990.0
2022.0,SUV,34990.0
2022.0,SUV,58900.0
2022.0,SUV,52490.0
2022.0,SUV,34990.0
2022.0,SUV,31920.0
2022.0,SUV,27990.0
2022.0,SUV,41190.0
2022.0,SUV,35525.0
2022.0,SUV,24690.0
2022.0,SUV,59850.0
2022.0,SUV,39990.0
2022.0,SUV,24690.0
2022.0,SUV,24690.0
2022.0,SUV,24690.0
2022.0,SUV,47990.0
2022.0,SUV,38888.0
2022.0,SUV,126662.0
2022.0,SUV,91579.0
2022.0,SUV,38990.0
2022.0,SUV,71343.0
2022.0,SUV,31067.0
2022.0,SUV,69990.0
2022.0,SUV,37600.0
2022.0,SUV,36990.0
2022.0,SUV,37888.0
2022.0,SUV,33980.0
2022.0,SUV,39888.0
2022.0,SUV,33980.0
2022.0,SUV,83917.0
2022.0,SUV,48487.0
2022.0,SUV,28775.0
2022.0,SUV,54990.0
2022.0,SUV,29959.0
2022.0,SUV,24605.0
2022.0,SUV,46990.0
2022.0,SUV,26990.0
2022.0,SUV,51390.0
2022.0,SUV,28990.0
2022.0,SUV,59990.0
2022.0,SUV,63999.0
2022.0,SUV,28490.0
2022.0,SUV,81945.0
2022.0,SUV,33463.0
2022.0,SUV,30530.0
2022.0,SUV,56220.0
2022.0,SUV,59990.0
2022.0,SUV,36990.0
2022.0,SUV,50490.0
2022.0,SUV,59780.0
2022.0,SUV,31990.0
2022.0,SUV,52880.0
2022.0,SUV,29990.0
2022.0,SUV,19512.0
2022.0,SUV,29990.0
2022.0,SUV,28886.0
2022.0,SUV,65240.0
2022.0,SUV,42990.0
2022.0,SUV,45333.0
2022.0,SUV,86999.0
2022.0,SUV,42210.0
2022.0,SUV,39954.0
2022.0,SUV,49430.0
2022.0,SUV,43990.0
2022.0,SUV,49990.0
2022.0,SUV,39990.0
2022.0,SUV,25950.0
2022.0,SUV,19250.0
2022.0,SUV,39130.0
2022.0,SUV,52763.0
2022.0,SUV,27990.0
2022.0,SUV,52800.0
2022.0,SUV,48690.0
2022.0,SUV,43091.0
2022.0,SUV,50966.0
2022.0,SUV,41990.0
2022.0,SUV,39776.0
2022.0,SUV,54740.0
2022.0,SUV,23700.0
2022.0,SUV,23700.0
2022.0,SUV,23700.0
2022.0,SUV,23990.0
2022.0,SUV,53165.0
2022.0,SUV,40881.0
2022.0,SUV,23990.0
2022.0,SUV,23990.0
2022.0,SUV,84124.0
2022.0,SUV,33990.0
2022.0,SUV,45217.0
2022.0,SUV,23970.0
2022.0,SUV,72408.0
2022.0,SUV,20332.0
2022.0,SUV,43031.0
2022.0,SUV,45333.0
2022.0,SUV,33990.0
2022.0,SUV,23990.0
2022.0,SUV,32690.0
2022.0,SUV,41875.0
2022.0,SUV,123993.0
2022.0,SUV,37490.0
2022.0,SUV,33990.0
2022.0,SUV,37980.0
2022.0,SUV,34490.0
2022.0,SUV,35990.0
2022.0,SUV,25740.0
2022.0,SUV,27800.0
2022.0,SUV,76426.0
2022.0,SUV,48380.0
2022.0,SUV,36464.0
2022.0,SUV,29860.0
2022.0,SUV,43250.0
2022.0,SUV,23990.0
2022.0,SUV,62990.0
2022.0,SUV,22545.0
2022.0,SUV,74990.0
2022.0,SUV,36990.0
2022.0,SUV,34690.0
2022.0,SUV,34690.0
2022.0,SUV,36990.0
2022.0,SUV,80935.0
2022.0,SUV,42220.0
2022.0,SUV,28830.0
2022.0,SUV,44195.0
2022.0,SUV,37990.0
2022.0,SUV,34990.0
2022.0,SUV,39130.0
2022.0,SUV,49450.0
2022.0,SUV,29860.0
2022.0,SUV,39690.0
2022.0,SUV,34201.0
2022.0,SUV,33990.0
2022.0,SUV,67235.0
2022.0,SUV,37995.0
2022.0,SUV,35700.0
2022.0,SUV,38651.0
2022.0,SUV,35999.0
2022.0,SUV,37995.0
2022.0,SUV,49990.0
2022.0,SUV,34293.0
2022.0,SUV,28470.0
2022.0,SUV,32690.0
2022.0,SUV,32690.0
2022.0,SUV,32690.0
2022.0,SUV,37483.0
2022.0,SUV,32690.0
2022.0,SUV,32690.0
2022.0,SUV,45690.0
2022.0,SUV,77888.0
2022.0,SUV,33980.0
2022.0,SUV,27990.0
2022.0,SUV,67880.0
2022.0,SUV,45490.0
2022.0,SUV,37180.0
2022.0,SUV,46235.0
2022.0,SUV,95800.0
2022.0,SUV,31990.0
2022.0,SUV,83550.0
2022.0,SUV,47990.0
2022.0,SUV,48890.0
2022.0,SUV,34777.0
2022.0,SUV,21490.0
2022.0,SUV,21490.0
2022.0,SUV,74870.0
2022.0,SUV,60695.0
2022.0,SUV,35990.0
2022.0,SUV,134999.0
2022.0,SUV,27850.0
2022.0,SUV,49690.0
2022.0,SUV,39555.0
2022.0,SUV,33837.0
2022.0,SUV,29490.0
2022.0,SUV,30890.0
2022.0,SUV,71785.0
2022.0,SUV,85888.0
2022.0,SUV,43888.0
2022.0,SUV,67990.0
2022.0,SUV,40990.0
2022.0,SUV,39112.0
2022.0,SUV,34737.0
2022.0,SUV,64888.0
2022.0,SUV,52990.0
2022.0,SUV,31990.0
2022.0,SUV,30090.0
2022.0,SUV,28880.0
2022.0,SUV,49690.0
2022.0,SUV,135800.0
2022.0,SUV,49690.0
2022.0,SUV,135800.0
2022.0,SUV,37561.0
2022.0,SUV,37070.0
2022.0,SUV,23940.0
2022.0,SUV,84023.0
2022.0,SUV,35888.0
2022.0,SUV,38100.0
2022.0,SUV,26990.0
2022.0,SUV,39865.0
2022.0,SUV,29990.0
2022.0,SUV,42990.0
2022.0,SUV,52690.0
2022.0,SUV,52690.0
2022.0,SUV,52690.0
2022.0,SUV,52690.0
2022.0,SUV,57790.0
2022.0,SUV,60586.0
2022.0,SUV,36864.0
2022.0,SUV,58593.0
2022.0,SUV,39361.0
2022.0,SUV,49690.0
2022.0,SUV,35888.0
2022.0,SUV,49690.0
2022.0,SUV,22914.0
2022.0,SUV,38805.0
2022.0,SUV,30290.0
2022.0,SUV,53690.0
2022.0,SUV,57490.0
2022.0,SUV,53700.0
2022.0,SUV,53030.0
2022.0,SUV,65913.0
2022.0,SUV,21490.0
2022.0,SUV,27276.0
2022.0,SUV,28990.0
2022.0,SUV,23680.0
2022.0,SUV,32845.0
2022.0,SUV,40160.0
2022.0,SUV,46888.0
2022.0,SUV,37400.0
2022.0,SUV,31990.0
2022.0,SUV,29490.0
2022.0,SUV,25990.0
2022.0,SUV,31690.0
2022.0,SUV,31240.0
2022.0,SUV,104990.0
2022.0,SUV,47577.0
2022.0,SUV,51590.0
2022.0,SUV,38664.0
2022.0,SUV,29891.0
2022.0,SUV,76790.0
2022.0,SUV,21990.0
2022.0,SUV,29891.0
2022.0,SUV,32690.0
2022.0,SUV,29690.0
2022.0,SUV,31920.0
2022.0,SUV,32690.0
2022.0,SUV,26990.0
2022.0,SUV,35788.0
2022.0,SUV,35490.0
2022.0,SUV,34690.0
2022.0,SUV,43250.0
2022.0,SUV,30954.0
2022.0,SUV,31920.0
2022.0,SUV,54101.0
2022.0,SUV,28861.0
2022.0,SUV,29990.0
2022.0,SUV,69990.0
2022.0,SUV,25888.0
2022.0,SUV,37180.0
2022.0,SUV,29652.0
2022.0,SUV,55790.0
2022.0,SUV,35470.0
2022.0,SUV,23680.0
2022.0,SUV,37990.0
2022.0,SUV,41590.0
2022.0,SUV,41990.0
2022.0,SUV,34526.0
2022.0,SUV,38880.0
2022.0,SUV,37950.0
2022.0,SUV,35041.0
2022.0,SUV,55490.0
2022.0,SUV,49690.0
2022.0,SUV,32980.0
2022.0,SUV,27785.0
2022.0,SUV,24990.0
2022.0,SUV,32980.0
2022.0,SUV,25740.0
2022.0,SUV,34990.0
2022.0,SUV,41989.0
2022.0,SUV,27813.0
2022.0,SUV,26990.0
2022.0,SUV,26990.0
2022.0,SUV,32981.0
2022.0,SUV,41620.0
2022.0,SUV,32981.0
2022.0,SUV,74690.0
2022.0,SUV,33205.0
2022.0,SUV,30375.0
2022.0,SUV,31130.0
2022.0,SUV,93990.0
2022.0,SUV,30883.0
2022.0,SUV,52021.0
2022.0,SUV,38093.0
2022.0,SUV,32981.0
2022.0,SUV,29888.0
2022.0,SUV,27285.0
2022.0,SUV,38020.0
2022.0,SUV,69990.0
2022.0,SUV,55000.0
2022.0,SUV,65980.0
2022.0,SUV,98723.0
2022.0,SUV,26770.0
2022.0,SUV,65980.0
2022.0,SUV,37990.0
2022.0,SUV,112990.0
2022.0,SUV,37990.0
2022.0,SUV,29490.0
2022.0,SUV,33973.0
2022.0,SUV,19591.0
2022.0,SUV,24980.0
2022.0,SUV,34888.0
2022.0,SUV,42880.0
2022.0,SUV,33360.0
2022.0,SUV,32981.0
2022.0,SUV,38290.0
2022.0,SUV,39400.0
2022.0,SUV,32990.0
2022.0,SUV,32981.0
2022.0,SUV,46990.0
2022.0,SUV,32990.0
2022.0,SUV,51080.0
2022.0,SUV,51080.0
2022.0,SUV,35010.0
2022.0,SUV,32981.0
2022.0,SUV,45237.0
2022.0,SUV,74989.0
2022.0,SUV,34201.0
2022.0,SUV,49941.0
2022.0,SUV,33974.0
2022.0,SUV,68888.0
2022.0,SUV,37180.0
2022.0,SUV,35041.0
2022.0,SUV,28888.0
2022.0,SUV,57499.0
2022.0,SUV,32224.0
2022.0,SUV,46821.0
2022.0,SUV,37180.0
2022.0,SUV,52021.0
2022.0,SUV,32981.0
2022.0,SUV,46260.0
2022.0,SUV,99990.0
2022.0,SUV,34011.0
2022.0,SUV,41962.0
2022.0,SUV,67990.0
2022.0,SUV,25990.0
2022.0,SUV,81050.0
2022.0,SUV,27888.0
2022.0,SUV,48990.0
2022.0,SUV,36033.0
2022.0,SUV,27888.0
2022.0,SUV,48990.0
2022.0,SUV,31990.0
2022.0,Sedan,45495.0
2022.0,Sedan,45990.0
2022.0,Sedan,24490.0
2022.0,Sedan,47900.0
2022.0,Sedan,48800.0
2022.0,Sedan,24490.0
2022.0,Sedan,47900.0
2022.0,Sedan,29747.0
2022.0,Sedan,26812.0
2022.0,Sedan,42999.0
2022.0,Sedan,23999.0
2022.0,Sedan,49990.0
2022.0,Sedan,33425.0
2022.0,Sedan,62090.0
2022.0,Sedan,58740.0
2022.0,Sedan,101990.0
2022.0,Sedan,33980.0
2022.0,Sedan,50299.0
2022.0,Sedan,62330.0
2022.0,Sedan,47646.0
2022.0,Sedan,43750.0
2022.0,Sedan,40490.0
2022.0,Sedan,54390.0
2022.0,Sedan,42794.0
2022.0,Sedan,45540.0
2022.0,Sedan,145050.0
2022.0,Sedan,33206.0
2022.0,Sedan,44888.0
2022.0,Sedan,43990.0
2022.0,Sedan,44280.0
2022.0,Sedan,49990.0
2022.0,Sedan,56990.0
2022.0,Sedan,43950.0
2022.0,Sedan,129990.0
2022.0,Sedan,62330.0
2022.0,Sedan,30990.0
2022.0,Sedan,41995.0
2022.0,Sedan,27760.0
2022.0,Sedan,28690.0
2022.0,Sedan,39990.0
2022.0,Sedan,103293.0
2022.0,Sedan,46250.0
2022.0,Sedan,45888.0
2022.0,Sedan,51490.0
2022.0,Sedan,32910.0
2022.0,Sedan,43880.0
2022.0,Sedan,27800.0
2022.0,Sedan,44488.0
2022.0,Sedan,70278.0
2022.0,Sedan,69800.0
2022.0,Sedan,45889.0
2022.0,Sedan,66990.0
2022.0,Sedan,44224.0
2022.0,Sedan,73868.0
2022.0,Sedan,45950.0
2022.0,Sedan,45950.0
2022.0,Sedan,46750.0
2022.0,Sedan,28990.0
2022.0,Sedan,44280.0
2022.0,Sedan,62824.0
2022.0,Sedan,44950.0
2022.0,Sedan,74800.0
2022.0,Sedan,44889.0
2022.0,Sedan,39703.0
2022.0,Sedan,28495.0
2022.0,Sedan,130203.0
2022.0,Sedan,25677.0
2022.0,Sedan,27911.0
2022.0,Sedan,74800.0
2022.0,Sedan,43440.0
2022.0,Sedan,34990.0
2022.0,Sedan,41499.0
2022.0,Sedan,36440.0
2022.0,Sedan,27695.0
2022.0,Sedan,27970.0
2022.0,Sedan,25740.0
2022.0,Sedan,41990.0
2022.0,Sedan,42788.0
2022.0,Sedan,24990.0
2022.0,Sedan,35319.0
2022.0,Sedan,46299.0
2022.0,Sedan,29480.0
2022.0,Sedan,69990.0
2022.0,Sedan,27760.0
2022.0,Sedan,38490.0
2022.0,Sedan,54990.0
2022.0,Sedan,40990.0
2022.0,Sedan,43091.0
2022.0,Sedan,49651.0
2022.0,Sedan,38100.0
2022.0,Sedan,54885.0
2022.0,Sedan,24990.0
2022.0,Sedan,234900.0
2022.0,Sedan,63890.0
2022.0,Ute/Pickup,46888.0
2022.0,Ute/Pickup,33990.0
2022.0,Ute/Pickup,31990.0
2022.0,Ute/Pickup,42999.0
2022.0,Ute/Pickup,41990.0
2022.0,Ute/Pickup,121900.0
2022.0,Ute/Pickup,57503.0
2022.0,Ute/Pickup,34990.0
2022.0,Ute/Pickup,111440.0
2022.0,Ute/Pickup,63991.0
2022.0,Ute/Pickup,47390.0
2022.0,Ute/Pickup,112490.0
2022.0,Ute/Pickup,78880.0
2022.0,Ute/Pickup,42990.0
2022.0,Ute/Pickup,62488.0
2022.0,Ute/Pickup,39990.0
2022.0,Ute/Pickup,57888.0
2022.0,Ute/Pickup,42990.0
2022.0,Ute/Pickup,51888.0
2022.0,Ute/Pickup,48990.0
2022.0,Ute/Pickup,65510.0
2022.0,Ute/Pickup,35888.0
2022.0,Ute/Pickup,55360.0
2022.0,Ute/Pickup,48790.0
2022.0,Ute/Pickup,51590.0
2022.0,Ute/Pickup,48999.0
2022.0,Ute/Pickup,115990.0
2022.0,Ute/Pickup,56690.0
2022.0,Ute/Pickup,38100.0
2022.0,Ute/Pickup,67509.0
2022.0,Ute/Pickup,63743.0
2022.0,Ute/Pickup,39130.0
2022.0,Ute/Pickup,50966.0
2022.0,Ute/Pickup,51805.0
2022.0,Ute/Pickup,64888.0
2022.0,Ute/Pickup,37990.0
2022.0,Ute/Pickup,48870.0
2022.0,Ute/Pickup,62980.0
2022.0,Ute/Pickup,52640.0
2022.0,Ute/Pickup,55991.0
2022.0,Ute/Pickup,64273.0
2022.0,Ute/Pickup,68452.0
2022.0,Ute/Pickup,67990.0
2022.0,Ute/Pickup,64273.0
2022.0,Ute/Pickup,70279.0
2022.0,Ute/Pickup,31990.0
2022.0,Ute/Pickup,58888.0
2022.0,Ute/Pickup,31990.0
2022.0,Ute/Pickup,55990.0
2022.0,Ute/Pickup,56413.0
2022.0,Ute/Pickup,60744.0
2022.0,Ute/Pickup,60744.0
2022.0,Ute/Pickup,64696.0
2022.0,Ute/Pickup,62999.0
2022.0,Ute/Pickup,31990.0
2022.0,Ute/Pickup,73465.0
2022.0,Ute/Pickup,64533.0
2022.0,Ute/Pickup,68732.0
2022.0,Ute/Pickup,64533.0
2022.0,Ute/Pickup,65490.0
2022.0,Ute/Pickup,32990.0
2022.0,Ute/Pickup,48888.0
2022.0,Ute/Pickup,69990.0
2022.0,Ute/Pickup,68625.0
2022.0,Ute/Pickup,64433.0
2022.0,Ute/Pickup,69990.0
2022.0,Ute/Pickup,36980.0
2022.0,Ute/Pickup,48990.0
2022.0,Ute/Pickup,69193.0
2022.0,Ute/Pickup,39990.0
2022.0,Ute/Pickup,56490.0
2022.0,Ute/Pickup,31990.0
2022.0,Ute/Pickup,56973.0
2022.0,Ute/Pickup,56888.0
2022.0,Ute/Pickup,61100.0
2022.0,Ute/Pickup,62888.0
2022.0,Ute/Pickup,58888.0
2022.0,Ute/Pickup,59218.0
2022.0,Ute/Pickup,58565.0
2022.0,Ute/Pickup,41267.0
2022.0,Ute/Pickup,42990.0
2022.0,Ute/Pickup,43137.0
2022.0,Ute/Pickup,54990.0
2022.0,Ute/Pickup,59630.0
2022.0,Ute/Pickup,55990.0
2022.0,Ute/Pickup,55990.0
2022.0,Ute/Pickup,47390.0
2022.0,Ute/Pickup,42990.0
2022.0,Ute/Pickup,61277.0
2022.0,Ute/Pickup,61277.0
2022.0,Ute/Pickup,65261.0
2022.0,Ute/Pickup,58938.0
2022.0,Ute/Pickup,36480.0
2022.0,Ute/Pickup,54480.0
2022.0,Ute/Pickup,62990.0
2022.0,Ute/Pickup,30890.0
2022.0,Ute/Pickup,35382.0
2022.0,Ute/Pickup,90514.0
2022.0,Ute/Pickup,35990.0
2022.0,Ute/Pickup,34998.0
2022.0,Ute/Pickup,47564.0
2022.0,Ute/Pickup,60310.0
2022.0,Ute/Pickup,52106.0
2022.0,Ute/Pickup,42900.0
2022.0,Ute/Pickup,67399.0
2022.0,Ute/Pickup,32126.0
2022.0,Ute/Pickup,64433.0
2022.0,Ute/Pickup,43480.0
2022.0,Ute/Pickup,69214.0
2022.0,Ute/Pickup,61040.0
2022.0,Ute/Pickup,73473.0
2022.0,Ute/Pickup,58440.0
2022.0,Ute/Pickup,69214.0
2022.0,Ute/Pickup,36040.0
2022.0,Ute/Pickup,34990.0
2022.0,Ute/Pickup,62825.0
2022.0,Ute/Pickup,57890.0
2022.0,Ute/Pickup,59990.0
2022.0,Ute/Pickup,33800.0
2022.0,Ute/Pickup,114990.0
2022.0,Ute/Pickup,56880.0
2022.0,Ute/Pickup,64990.0
2022.0,Ute/Pickup,85043.0
2022.0,Ute/Pickup,122470.0
2022.0,Ute/Pickup,59990.0
2022.0,Ute/Pickup,54196.0
2022.0,Ute/Pickup,53990.0
2022.0,Ute/Pickup,63721.0
2022.0,Ute/Pickup,42990.0
2022.0,Ute/Pickup,43990.0
2022.0,Ute/Pickup,47990.0
2022.0,Ute/Pickup,52990.0
2022.0,Ute/Pickup,57990.0
2022.0,Ute/Pickup,34990.0
2022.0,Ute/Pickup,57888.0
2022.0,Ute/Pickup,79990.0
2022.0,Ute/Pickup,51980.0
2022.0,Ute/Pickup,68888.0
2022.0,Ute/Pickup,66990.0
2022.0,Ute/Pickup,43888.0
2022.0,Ute/Pickup,37580.0
2022.0,Ute/Pickup,37888.0
2022.0,Ute/Pickup,61759.0
2022.0,Ute/Pickup,63895.0
2022.0,Ute/Pickup,59990.0
2022.0,Ute/Pickup,58989.0
2022.0,Ute/Pickup,59990.0
2022.0,Ute/Pickup,54945.0
2022.0,Ute/Pickup,49839.0
2022.0,Ute/Pickup,51980.0
2022.0,Ute/Pickup,51990.0
2022.0,Ute/Pickup,61040.0
2022.0,Ute/Pickup,58690.0
2022.0,Ute/Pickup,65990.0
2022.0,Ute/Pickup,64990.0
2022.0,Ute/Pickup,39130.0
2022.0,Ute/Pickup,72415.0
2022.0,Ute/Pickup,61790.0
2022.0,Ute/Pickup,53121.0
2022.0,Ute/Pickup,49888.0
2022.0,Ute/Pickup,44339.0
2022.0,Ute/Pickup,49888.0
2022.0,Ute/Pickup,59999.0
2022.0,Ute/Pickup,69125.0
2022.0,Ute/Pickup,61990.0
2022.0,Ute/Pickup,43250.0
2022.0,Ute/Pickup,43670.0
2022.0,Ute/Pickup,67244.0
2022.0,Ute/Pickup,67244.0
2022.0,Ute/Pickup,71618.0
2022.0,Ute/Pickup,67244.0
2022.0,Ute/Pickup,43990.0
2022.0,Ute/Pickup,49490.0
2022.0,Ute/Pickup,68399.0
2022.0,Ute/Pickup,56480.0
2022.0,Ute/Pickup,31985.0
2022.0,Ute/Pickup,80990.0
2022.0,Ute/Pickup,57890.0
2022.0,Ute/Pickup,46988.0
2022.0,Ute/Pickup,67705.0
2022.0,Ute/Pickup,67945.0
2022.0,Ute/Pickup,66916.0
2022.0,Ute/Pickup,32888.0
2022.0,Ute/Pickup,45990.0
2022.0,Ute/Pickup,32687.0
2022.0,Ute/Pickup,70990.0
2022.0,Ute/Pickup,70990.0
2022.0,Ute/Pickup,47990.0
2022.0,Ute/Pickup,52990.0
2022.0,Ute/Pickup,64290.0
2022.0,Ute/Pickup,56990.0
2022.0,Ute/Pickup,42990.0
2022.0,Ute/Pickup,30899.0
2022.0,Ute/Pickup,41490.0
2022.0,Ute/Pickup,83090.0
2022.0,Ute/Pickup,49788.0
2022.0,Ute/Pickup,38100.0
2022.0,Ute/Pickup,41850.0
2022.0,Ute/Pickup,33980.0
2022.0,Ute/Pickup,64990.0
2022.0,Ute/Pickup,31945.0
2022.0,Ute/Pickup,47490.0
2022.0,Ute/Pickup,51983.0
2022.0,Ute/Pickup,51983.0
2022.0,Ute/Pickup,80888.0
2022.0,Ute/Pickup,39548.0
2022.0,Ute/Pickup,31067.0
2022.0,Ute/Pickup,50433.0
2022.0,Ute/Pickup,59990.0
2022.0,Ute/Pickup,33990.0
2022.0,Ute/Pickup,43250.0
2022.0,Ute/Pickup,80883.0
2022.0,Ute/Pickup,44216.0
2022.0,Ute/Pickup,55990.0
2022.0,Ute/Pickup,71990.0
2022.0,Ute/Pickup,43490.0
2022.0,Ute/Pickup,78691.0
2022.0,Ute/Pickup,30890.0
2022.0,Ute/Pickup,135988.0
2022.0,Ute/Pickup,44990.0
2022.0,Ute/Pickup,27988.0
2022.0,Ute/Pickup,36990.0
2022.0,Ute/Pickup,53990.0
2022.0,Ute/Pickup,42008.0
2022.0,Ute/Pickup,42008.0
2022.0,Ute/Pickup,68041.0
2022.0,Ute/Pickup,64911.0
2022.0,Ute/Pickup,80465.0
2022.0,Ute/Pickup,40643.0
2022.0,Ute/Pickup,105424.0
2022.0,Ute/Pickup,57990.0
2022.0,Ute/Pickup,32981.0
2022.0,Ute/Pickup,54490.0
2022.0,Ute/Pickup,58805.0
2022.0,Ute/Pickup,36071.0
2022.0,Ute/Pickup,46371.0
2022.0,Ute/Pickup,45341.0
2022.0,Ute/Pickup,69440.0
2022.0,Ute/Pickup,65941.0
2022.0,Ute/Pickup,66456.0
2022.0,Ute/Pickup,101991.0
2022.0,Ute/Pickup,46163.0
2022.0,Ute/Pickup,66990.0
2022.0,Ute/Pickup,36071.0
2022.0,Van,46340.0
2022.0,Van,41990.0
2022.0,Van,43950.0
2022.0,Van,72377.0
2022.0,Van,77083.0
2022.0,Van,72377.0
2022.0,Van,49980.0
2022.0,Van,42450.0
2022.0,Van,49980.0
2022.0,Van,53306.0
2022.0,Van,74490.0
2022.0,Van,47481.0
2022.0,Van,49980.0
2022.0,Van,49980.0
2022.0,Van,47390.0
2022.0,Van,46247.0
2022.0,Van,49490.0
2022.0,Van,53990.0
2022.0,Van,41190.0
2022.0,Van,40498.0
2022.0,Van,31480.0
2022.0,Van,31480.0
2022.0,Van,47604.0
2022.0,Van,49990.0
2022.0,Van,34990.0
2022.0,Van,46990.0
2022.0,Van,46990.0
2022.0,Van,62735.0
2022.0,Van,76580.0
2022.0,Van,46468.0
2022.0,Van,105980.0
2022.0,Van,64465.0
2022.0,Van,37070.0
2022.0,Van,48888.0
2022.0,Van,56840.0
2022.0,Van,54800.0
2022.0,Van,105980.0
2022.0,Van,42989.0
2022.0,Van,44888.0
2022.0,Wagon,55490.0
2022.0,Wagon,44795.0
2022.0,Wagon,48990.0
2022.0,Wagon,48990.0
2022.0,Wagon,39800.0
2022.0,Wagon,31555.0
2022.0,Wagon,42888.0
2022.0,Wagon,50888.0
2022.0,Wagon,30890.0
2022.0,Wagon,44280.0
2022.0,Wagon,31816.0
2022.0,Wagon,49490.0
2022.0,Wagon,45205.0
2022.0,Wagon,43462.0
2023.0,Convertible,179990.0
2023.0,Coupe,165800.0
2023.0,Coupe,44280.0
2023.0,Coupe,104990.0
2023.0,Coupe,99990.0
2023.0,Coupe,43888.0
2023.0,Coupe,98299.0
2023.0,Coupe,67990.0
2023.0,Coupe,48704.0
2023.0,Coupe,40871.0
2023.0,Coupe,46453.0
2023.0,Coupe,91480.0
2023.0,Coupe,67990.0
2023.0,Coupe,76867.0
2023.0,Coupe,73868.0
2023.0,Coupe,74990.0
2023.0,Coupe,62905.0
2023.0,Coupe,41199.0
2023.0,Coupe,48937.0
2023.0,Coupe,39999.0
2023.0,Coupe,164990.0
2023.0,Coupe,84800.0
2023.0,Coupe,67233.0
2023.0,Coupe,64888.0
2023.0,Coupe,41990.0
2023.0,Coupe,42890.0
2023.0,Coupe,102933.0
2023.0,Coupe,87175.0
2023.0,Coupe,104080.0
2023.0,Coupe,80990.0
2023.0,Coupe,100949.0
2023.0,Coupe,50317.0
2023.0,Coupe,67990.0
2023.0,Coupe,99667.0
2023.0,Coupe,92023.0
2023.0,Coupe,82095.0
2023.0,Coupe,118800.0
2023.0,Coupe,47888.0
2023.0,Hatchback,35990.0
2023.0,Hatchback,35990.0
2023.0,Hatchback,23680.0
2023.0,Hatchback,18015.0
2023.0,Hatchback,19708.0
2023.0,Hatchback,23888.0
2023.0,Hatchback,25740.0
2023.0,Hatchback,34610.0
2023.0,Hatchback,23890.0
2023.0,Hatchback,22650.0
2023.0,Hatchback,24888.0
2023.0,Hatchback,24888.0
2023.0,Hatchback,24888.0
2023.0,Hatchback,71990.0
2023.0,Hatchback,31500.0
2023.0,Hatchback,27813.0
2023.0,Hatchback,29990.0
2023.0,Hatchback,40990.0
2023.0,Hatchback,36040.0
2023.0,Hatchback,56840.0
2023.0,Hatchback,35450.0
2023.0,Hatchback,32999.0
2023.0,Hatchback,23490.0
2023.0,Hatchback,33990.0
2023.0,Hatchback,37900.0
2023.0,Hatchback,37900.0
2023.0,Hatchback,35525.0
2023.0,Hatchback,34990.0
2023.0,Hatchback,34990.0
2023.0,Hatchback,34990.0
2023.0,Hatchback,32888.0
2023.0,Hatchback,31990.0
2023.0,Hatchback,27800.0
2023.0,Hatchback,34899.0
2023.0,Hatchback,34490.0
2023.0,Hatchback,19560.0
2023.0,Hatchback,34500.0
2023.0,Hatchback,34950.0
2023.0,Hatchback,21620.0
2023.0,Hatchback,36240.0
2023.0,Hatchback,36240.0
2023.0,Hatchback,36240.0
2023.0,Hatchback,36500.0
2023.0,Hatchback,39925.0
2023.0,Hatchback,25990.0
2023.0,Hatchback,31990.0
2023.0,Hatchback,17990.0
2023.0,Hatchback,37990.0
2023.0,Hatchback,60990.0
2023.0,Hatchback,18074.0
2023.0,Hatchback,17971.0
2023.0,Hatchback,38990.0
2023.0,Hatchback,38990.0
2023.0,Hatchback,32950.0
2023.0,Hatchback,23680.0
2023.0,Hatchback,34490.0
2023.0,Hatchback,62900.0
2023.0,Hatchback,62900.0
2023.0,Hatchback,48548.0
2023.0,Hatchback,39990.0
2023.0,Hatchback,39990.0
2023.0,Hatchback,39990.0
2023.0,Hatchback,23990.0
2023.0,Hatchback,40690.0
2023.0,Hatchback,40690.0
2023.0,Hatchback,28990.0
2023.0,Hatchback,40990.0
2023.0,Hatchback,40990.0
2023.0,Hatchback,35190.0
2023.0,Hatchback,74540.0
2023.0,Hatchback,47576.0
2023.0,Hatchback,33490.0
2023.0,Hatchback,19760.0
2023.0,Hatchback,32950.0
2023.0,Hatchback,21990.0
2023.0,Hatchback,25676.0
2023.0,Hatchback,21990.0
2023.0,Hatchback,35990.0
2023.0,Hatchback,43990.0
2023.0,Hatchback,25990.0
2023.0,Hatchback,21990.0
2023.0,Hatchback,29490.0
2023.0,Hatchback,20888.0
2023.0,Hatchback,21990.0
2023.0,Hatchback,27813.0
2023.0,Hatchback,42490.0
2023.0,Hatchback,61975.0
2023.0,Hatchback,42490.0
2023.0,Hatchback,19990.0
2023.0,Hatchback,23999.0
2023.0,Hatchback,29990.0
2023.0,Hatchback,34899.0
2023.0,Hatchback,43881.0
2023.0,Hatchback,39990.0
2023.0,Hatchback,21990.0
2023.0,Hatchback,25740.0
2023.0,Hatchback,23990.0
2023.0,Hatchback,21790.0
2023.0,Hatchback,21790.0
2023.0,Hatchback,21790.0
2023.0,Hatchback,21790.0
2023.0,Hatchback,21990.0
2023.0,Hatchback,20540.0
2023.0,Hatchback,48333.0
2023.0,Hatchback,21990.0
2023.0,Hatchback,43450.0
2023.0,Hatchback,37952.0
2023.0,Hatchback,20490.0
2023.0,Hatchback,20990.0
2023.0,Hatchback,24990.0
2023.0,Hatchback,18990.0
2023.0,Hatchback,40039.0
2023.0,Hatchback,19990.0
2023.0,Hatchback,25695.0
2023.0,Hatchback,32290.0
2023.0,Hatchback,15990.0
2023.0,Hatchback,45990.0
2023.0,Hatchback,19990.0
2023.0,Hatchback,36851.0
2023.0,Hatchback,30890.0
2023.0,Hatchback,15987.0
2023.0,Hatchback,21620.0
2023.0,Hatchback,31995.0
2023.0,Hatchback,20990.0
2023.0,Hatchback,21105.0
2023.0,Hatchback,22650.0
2023.0,Hatchback,20990.0
2023.0,Hatchback,30890.0
2023.0,Hatchback,46690.0
2023.0,Hatchback,33980.0
2023.0,Hatchback,27705.0
2023.0,Hatchback,32989.0
2023.0,Hatchback,41990.0
2023.0,Hatchback,28830.0
2023.0,Hatchback,21620.0
2023.0,Hatchback,22295.0
2023.0,Hatchback,45990.0
2023.0,Hatchback,23945.0
2023.0,Hatchback,30995.0
2023.0,Hatchback,15487.0
2023.0,Hatchback,48990.0
2023.0,Hatchback,22082.0
2023.0,Hatchback,48990.0
2023.0,Hatchback,15987.0
2023.0,Hatchback,22135.0
2023.0,Hatchback,15487.0
2023.0,Hatchback,49490.0
2023.0,Hatchback,38962.0
2023.0,Hatchback,34775.0
2023.0,Hatchback,20490.0
2023.0,Hatchback,38950.0
2023.0,Hatchback,38950.0
2023.0,Hatchback,32990.0
2023.0,Hatchback,57800.0
2023.0,Hatchback,35010.0
2023.0,Hatchback,15487.0
2023.0,Hatchback,23888.0
2023.0,Hatchback,15487.0
2023.0,Hatchback,35010.0
2023.0,Hatchback,21517.0
2023.0,Hatchback,59800.0
2023.0,Hatchback,35010.0
2023.0,Hatchback,15487.0
2023.0,Hatchback,35010.0
2023.0,Hatchback,30990.0
2023.0,Hatchback,15487.0
2023.0,Hatchback,23680.0
2023.0,Hatchback,38097.0
2023.0,Hatchback,28998.0
2023.0,Hatchback,28998.0
2023.0,Hatchback,50990.0
2023.0,Hatchback,35010.0
2023.0,Hatchback,15487.0
2023.0,Hatchback,35010.0
2023.0,Hatchback,50990.0
2023.0,Hatchback,50990.0
2023.0,Hatchback,33490.0
2023.0,Hatchback,50990.0
2023.0,Hatchback,50990.0
2023.0,Hatchback,50990.0
2023.0,Hatchback,35500.0
2023.0,Hatchback,50990.0
2023.0,Hatchback,50990.0
2023.0,Hatchback,56640.0
2023.0,Hatchback,15487.0
2023.0,Hatchback,15487.0
2023.0,Hatchback,58766.0
2023.0,Hatchback,15487.0
2023.0,Hatchback,26990.0
2023.0,Hatchback,33480.0
2023.0,Hatchback,34990.0
2023.0,Hatchback,48325.0
2023.0,Hatchback,36040.0
2023.0,Hatchback,34495.0
2023.0,Hatchback,15990.0
2023.0,Hatchback,55990.0
2023.0,Hatchback,30920.0
2023.0,Hatchback,33990.0
2023.0,Hatchback,16690.0
2023.0,Hatchback,16690.0
2023.0,Hatchback,36040.0
2023.0,Hatchback,50990.0
2023.0,Hatchback,21990.0
2023.0,Hatchback,23888.0
2023.0,Hatchback,55490.0
2023.0,Hatchback,42990.0
2023.0,Hatchback,35937.0
2023.0,Hatchback,26888.0
2023.0,Hatchback,15900.0
2023.0,Hatchback,26888.0
2023.0,Hatchback,39755.0
2023.0,Hatchback,15900.0
2023.0,Hatchback,34990.0
2023.0,Hatchback,20990.0
2023.0,Hatchback,33490.0
2023.0,Hatchback,28387.0
2023.0,Hatchback,70705.0
2023.0,Hatchback,32950.0
2023.0,Hatchback,26888.0
2023.0,Hatchback,20990.0
2023.0,Hatchback,20990.0
2023.0,Hatchback,37070.0
2023.0,Hatchback,20990.0
2023.0,Hatchback,43259.0
2023.0,Hatchback,39093.0
2023.0,Hatchback,35525.0
2023.0,Hatchback,46850.0
2023.0,Hatchback,39093.0
2023.0,Hatchback,15990.0
2023.0,Hatchback,75990.0
2023.0,Hatchback,21352.0
2023.0,Hatchback,50491.0
2023.0,Hatchback,59990.0
2023.0,Hatchback,52850.0
2023.0,Hatchback,59990.0
2023.0,Hatchback,19990.0
2023.0,Hatchback,42200.0
2023.0,Hatchback,19990.0
2023.0,Hatchback,54990.0
2023.0,Hatchback,74540.0
2023.0,Hatchback,20990.0
2023.0,Hatchback,19990.0
2023.0,Hatchback,19990.0
2023.0,Hatchback,79800.0
2023.0,Hatchback,19990.0
2023.0,Hatchback,47275.0
2023.0,Hatchback,36851.0
2023.0,Hatchback,19990.0
2023.0,Hatchback,33888.0
2023.0,Hatchback,77880.0
2023.0,Hatchback,66900.0
2023.0,Hatchback,37574.0
2023.0,Hatchback,23900.0
2023.0,Hatchback,33980.0
2023.0,Hatchback,74990.0
2023.0,Hatchback,29979.0
2023.0,Hatchback,25990.0
2023.0,Hatchback,45990.0
2023.0,Hatchback,43200.0
2023.0,Hatchback,43990.0
2023.0,Hatchback,23990.0
2023.0,Hatchback,54990.0
2023.0,Hatchback,70990.0
2023.0,Hatchback,22650.0
2023.0,Hatchback,59990.0
2023.0,Hatchback,37653.0
2023.0,Hatchback,26801.0
2023.0,Hatchback,82000.0
2023.0,Hatchback,33490.0
2023.0,Hatchback,67981.0
2023.0,Hatchback,28990.0
2023.0,Hatchback,45205.0
2023.0,Hatchback,80800.0
2023.0,Hatchback,54900.0
2023.0,Hatchback,53390.0
2023.0,Hatchback,33585.0
2023.0,Hatchback,55335.0
2023.0,Hatchback,30928.0
2023.0,Hatchback,43200.0
2023.0,Hatchback,21651.0
2023.0,Hatchback,38290.0
2023.0,Hatchback,25488.0
2023.0,Hatchback,27990.0
2023.0,Hatchback,39990.0
2023.0,Hatchback,44990.0
2023.0,Hatchback,30890.0
2023.0,Hatchback,21651.0
2023.0,Hatchback,21651.0
2023.0,Hatchback,21651.0
2023.0,Hatchback,26990.0
2023.0,Hatchback,21651.0
2023.0,Hatchback,19989.0
2023.0,Hatchback,21651.0
2023.0,Hatchback,19989.0
2023.0,Hatchback,27831.0
2023.0,Hatchback,21651.0
2023.0,Hatchback,27831.0
2023.0,SUV,58990.0
2023.0,SUV,38790.0
2023.0,SUV,79990.0
2023.0,SUV,19990.0
2023.0,SUV,33573.0
2023.0,SUV,19990.0
2023.0,SUV,30888.0
2023.0,SUV,25740.0
2023.0,SUV,42990.0
2023.0,SUV,33888.0
2023.0,SUV,25912.0
2023.0,SUV,53900.0
2023.0,SUV,59690.0
2023.0,SUV,25995.0
2023.0,SUV,27489.0
2023.0,SUV,23990.0
2023.0,SUV,99990.0
2023.0,SUV,79888.0
2023.0,SUV,60314.0
2023.0,SUV,68888.0
2023.0,SUV,39490.0
2023.0,SUV,27770.0
2023.0,SUV,35525.0
2023.0,SUV,27770.0
2023.0,SUV,35525.0
2023.0,SUV,57990.0
2023.0,SUV,42777.0
2023.0,SUV,44900.0
2023.0,SUV,69990.0
2023.0,SUV,86990.0
2023.0,SUV,23590.0
2023.0,SUV,21900.0
2023.0,SUV,34888.0
2023.0,SUV,49888.0
2023.0,SUV,31990.0
2023.0,SUV,36490.0
2023.0,SUV,25990.0
2023.0,SUV,56745.0
2023.0,SUV,32888.0
2023.0,SUV,36990.0
2023.0,SUV,35622.0
2023.0,SUV,38290.0
2023.0,SUV,34888.0
2023.0,SUV,27780.0
2023.0,SUV,28990.0
2023.0,SUV,38615.0
2023.0,SUV,45333.0
2023.0,SUV,33400.0
2023.0,SUV,23644.0
2023.0,SUV,33980.0
2023.0,SUV,40480.0
2023.0,SUV,45490.0
2023.0,SUV,50702.0
2023.0,SUV,25888.0
2023.0,SUV,27975.0
2023.0,SUV,27975.0
2023.0,SUV,36990.0
2023.0,SUV,40768.0
2023.0,SUV,27990.0
2023.0,SUV,24690.0
2023.0,SUV,35271.0
2023.0,SUV,27975.0
2023.0,SUV,46340.0
2023.0,SUV,49990.0
2023.0,SUV,45990.0
2023.0,SUV,41995.0
2023.0,SUV,41590.0
2023.0,SUV,42850.0
2023.0,SUV,131790.0
2023.0,SUV,55990.0
2023.0,SUV,63999.0
2023.0,SUV,22990.0
2023.0,SUV,47915.0
2023.0,SUV,137990.0
2023.0,SUV,22990.0
2023.0,SUV,69450.0
2023.0,SUV,94990.0
2023.0,SUV,55790.0
2023.0,SUV,30890.0
2023.0,SUV,35440.0
2023.0,SUV,131390.0
2023.0,SUV,83888.0
2023.0,SUV,41990.0
2023.0,SUV,63990.0
2023.0,SUV,36888.0
2023.0,SUV,64990.0
2023.0,SUV,40670.0
2023.0,SUV,54996.0
2023.0,SUV,26888.0
2023.0,SUV,35950.0
2023.0,SUV,43450.0
2023.0,SUV,98713.0
2023.0,SUV,92688.0
2023.0,SUV,39999.0
2023.0,SUV,43990.0
2023.0,SUV,26950.0
2023.0,SUV,117644.0
2023.0,SUV,81999.0
2023.0,SUV,32990.0
2023.0,SUV,54431.0
2023.0,SUV,45990.0
2023.0,SUV,91490.0
2023.0,SUV,25631.0
2023.0,SUV,59990.0
2023.0,SUV,56990.0
2023.0,SUV,34450.0
2023.0,SUV,43672.0
2023.0,SUV,73558.0
2023.0,SUV,44280.0
2023.0,SUV,24944.0
2023.0,SUV,31610.0
2023.0,SUV,27017.0
2023.0,SUV,65990.0
2023.0,SUV,33999.0
2023.0,SUV,21777.0
2023.0,SUV,22376.0
2023.0,SUV,33990.0
2023.0,SUV,27690.0
2023.0,SUV,27690.0
2023.0,SUV,108888.0
2023.0,SUV,36999.0
2023.0,SUV,65063.0
2023.0,SUV,21633.0
2023.0,SUV,65990.0
2023.0,SUV,49990.0
2023.0,SUV,78293.0
2023.0,SUV,79990.0
2023.0,SUV,28735.0
2023.0,SUV,67888.0
2023.0,SUV,34450.0
2023.0,SUV,26950.0
2023.0,SUV,22888.0
2023.0,SUV,91488.0
2023.0,SUV,26950.0
2023.0,SUV,38990.0
2023.0,SUV,67800.0
2023.0,SUV,48450.0
2023.0,SUV,26770.0
2023.0,SUV,38850.0
2023.0,SUV,43990.0
2023.0,SUV,32990.0
2023.0,SUV,28830.0
2023.0,SUV,38850.0
2023.0,SUV,44084.0
2023.0,SUV,22888.0
2023.0,SUV,111282.0
2023.0,SUV,33431.0
2023.0,SUV,44280.0
2023.0,SUV,33525.0
2023.0,SUV,37450.0
2023.0,SUV,20990.0
2023.0,SUV,36990.0
2023.0,SUV,25990.0
2023.0,SUV,25450.0
2023.0,SUV,28999.0
2023.0,SUV,42770.0
2023.0,SUV,57489.0
2023.0,SUV,34450.0
2023.0,SUV,111136.0
2023.0,SUV,69990.0
2023.0,SUV,33650.0
2023.0,SUV,39888.0
2023.0,SUV,33650.0
2023.0,SUV,46247.0
2023.0,SUV,29690.0
2023.0,SUV,29690.0
2023.0,SUV,71673.0
2023.0,SUV,75850.0
2023.0,SUV,59990.0
2023.0,SUV,61990.0
2023.0,SUV,47990.0
2023.0,SUV,74990.0
2023.0,SUV,27990.0
2023.0,SUV,68990.0
2023.0,SUV,35950.0
2023.0,SUV,29322.0
2023.0,SUV,91290.0
2023.0,SUV,41490.0
2023.0,SUV,39243.0
2023.0,SUV,40160.0
2023.0,SUV,69455.0
2023.0,SUV,46888.0
2023.0,SUV,30321.0
2023.0,SUV,26255.0
2023.0,SUV,25790.0
2023.0,SUV,48450.0
2023.0,SUV,26390.0
2023.0,SUV,69990.0
2023.0,SUV,49910.0
2023.0,SUV,53888.0
2023.0,SUV,45938.0
2023.0,SUV,46340.0
2023.0,SUV,30990.0
2023.0,SUV,48870.0
2023.0,SUV,48998.0
2023.0,SUV,23990.0
2023.0,SUV,25740.0
2023.0,SUV,35947.0
2023.0,SUV,47190.0
2023.0,SUV,48450.0
2023.0,SUV,46970.0
2023.0,SUV,29322.0
2023.0,SUV,99990.0
2023.0,SUV,27800.0
2023.0,SUV,46970.0
2023.0,SUV,45423.0
2023.0,SUV,51999.0
2023.0,SUV,30890.0
2023.0,SUV,63990.0
2023.0,SUV,45888.0
2023.0,SUV,79955.0
2023.0,SUV,48450.0
2023.0,SUV,33488.0
2023.0,SUV,33539.0
2023.0,SUV,39800.0
2023.0,SUV,105200.0
2023.0,SUV,25090.0
2023.0,SUV,44658.0
2023.0,SUV,39800.0
2023.0,SUV,44908.0
2023.0,SUV,26895.0
2023.0,SUV,45890.0
2023.0,SUV,41990.0
2023.0,SUV,29488.0
2023.0,SUV,26770.0
2023.0,SUV,79950.0
2023.0,SUV,35990.0
2023.0,SUV,31390.0
2023.0,SUV,33888.0
2023.0,SUV,69990.0
2023.0,SUV,75910.0
2023.0,SUV,25740.0
2023.0,SUV,33890.0
2023.0,SUV,33441.0
2023.0,SUV,54635.0
2023.0,SUV,90888.0
2023.0,SUV,30990.0
2023.0,SUV,42735.0
2023.0,SUV,89169.0
2023.0,SUV,83722.0
2023.0,SUV,30990.0
2023.0,SUV,24944.0
2023.0,SUV,31980.0
2023.0,SUV,35815.0
2023.0,SUV,28400.0
2023.0,SUV,50450.0
2023.0,SUV,83722.0
2023.0,SUV,48950.0
2023.0,SUV,93590.0
2023.0,SUV,23450.0
2023.0,SUV,23483.0
2023.0,SUV,56880.0
2023.0,SUV,34300.0
2023.0,SUV,28737.0
2023.0,SUV,24690.0
2023.0,SUV,33867.0
2023.0,SUV,52990.0
2023.0,SUV,72990.0
2023.0,SUV,37250.0
2023.0,SUV,72590.0
2023.0,SUV,23450.0
2023.0,SUV,56850.0
2023.0,SUV,107440.0
2023.0,SUV,25590.0
2023.0,SUV,42878.0
2023.0,SUV,81950.0
2023.0,SUV,39645.0
2023.0,SUV,54196.0
2023.0,SUV,31620.0
2023.0,SUV,64888.0
2023.0,SUV,34477.0
2023.0,SUV,24490.0
2023.0,SUV,85189.0
2023.0,SUV,104288.0
2023.0,SUV,30890.0
2023.0,SUV,29888.0
2023.0,SUV,35000.0
2023.0,SUV,35000.0
2023.0,SUV,56990.0
2023.0,SUV,28290.0
2023.0,SUV,44990.0
2023.0,SUV,61850.0
2023.0,SUV,25490.0
2023.0,SUV,61850.0
2023.0,SUV,57999.0
2023.0,SUV,38990.0
2023.0,SUV,54990.0
2023.0,SUV,36040.0
2023.0,SUV,26990.0
2023.0,SUV,29888.0
2023.0,SUV,47488.0
2023.0,SUV,54295.0
2023.0,SUV,79990.0
2023.0,SUV,27987.0
2023.0,SUV,29888.0
2023.0,SUV,54540.0
2023.0,SUV,37900.0
2023.0,SUV,62888.0
2023.0,SUV,35010.0
2023.0,SUV,54387.0
2023.0,SUV,79990.0
2023.0,SUV,36250.0
2023.0,SUV,54387.0
2023.0,SUV,68690.0
2023.0,SUV,69977.0
2023.0,SUV,99990.0
2023.0,SUV,25990.0
2023.0,SUV,43963.0
2023.0,SUV,29961.0
2023.0,SUV,62990.0
2023.0,SUV,24990.0
2023.0,SUV,21822.0
2023.0,SUV,35990.0
2023.0,SUV,37990.0
2023.0,SUV,85195.0
2023.0,SUV,32435.0
2023.0,SUV,137800.0
2023.0,SUV,32435.0
2023.0,SUV,28741.0
2023.0,SUV,41888.0
2023.0,SUV,33990.0
2023.0,SUV,21822.0
2023.0,SUV,91579.0
2023.0,SUV,35450.0
2023.0,SUV,27998.0
2023.0,SUV,55059.0
2023.0,SUV,79990.0
2023.0,SUV,25888.0
2023.0,SUV,43132.0
2023.0,SUV,59210.0
2023.0,SUV,44990.0
2023.0,SUV,92644.0
2023.0,SUV,108618.0
2023.0,SUV,40985.0
2023.0,SUV,99800.0
2023.0,SUV,22424.0
2023.0,SUV,69990.0
2023.0,SUV,21777.0
2023.0,SUV,37183.0
2023.0,SUV,69990.0
2023.0,SUV,24295.0
2023.0,SUV,23644.0
2023.0,SUV,44990.0
2023.0,SUV,36990.0
2023.0,SUV,36990.0
2023.0,SUV,91253.0
2023.0,SUV,21633.0
2023.0,SUV,41990.0
2023.0,SUV,75603.0
2023.0,SUV,104358.0
2023.0,SUV,36990.0
2023.0,SUV,71540.0
2023.0,SUV,84035.0
2023.0,SUV,25675.0
2023.0,SUV,39990.0
2023.0,SUV,64988.0
2023.0,SUV,59990.0
2023.0,SUV,37070.0
2023.0,SUV,127681.0
2023.0,SUV,45888.0
2023.0,SUV,111813.0
2023.0,SUV,31870.0
2023.0,SUV,33980.0
2023.0,SUV,51990.0
2023.0,SUV,70499.0
2023.0,SUV,67990.0
2023.0,SUV,54790.0
2023.0,SUV,30970.0
2023.0,SUV,36990.0
2023.0,SUV,29690.0
2023.0,SUV,89400.0
2023.0,SUV,89400.0
2023.0,SUV,34970.0
2023.0,SUV,39990.0
2023.0,SUV,30890.0
2023.0,SUV,36990.0
2023.0,SUV,83066.0
2023.0,SUV,28250.0
2023.0,SUV,54590.0
2023.0,SUV,62990.0
2023.0,SUV,49290.0
2023.0,SUV,37710.0
2023.0,SUV,23990.0
2023.0,SUV,36040.0
2023.0,SUV,55450.0
2023.0,SUV,30590.0
2023.0,SUV,66019.0
2023.0,SUV,36990.0
2023.0,SUV,47990.0
2023.0,SUV,33980.0
2023.0,SUV,33988.0
2023.0,SUV,35500.0
2023.0,SUV,35990.0
2023.0,SUV,79990.0
2023.0,SUV,67800.0
2023.0,SUV,85683.0
2023.0,SUV,112878.0
2023.0,SUV,24710.0
2023.0,SUV,28886.0
2023.0,SUV,67800.0
2023.0,SUV,67245.0
2023.0,SUV,81995.0
2023.0,SUV,66754.0
2023.0,SUV,81993.0
2023.0,SUV,19999.0
2023.0,SUV,35990.0
2023.0,SUV,36990.0
2023.0,SUV,37900.0
2023.0,SUV,81396.0
2023.0,SUV,74538.0
2023.0,SUV,78490.0
2023.0,SUV,115008.0
2023.0,SUV,36990.0
2023.0,SUV,31990.0
2023.0,SUV,125888.0
2023.0,SUV,25637.0
2023.0,SUV,31990.0
2023.0,SUV,116073.0
2023.0,SUV,32332.0
2023.0,SUV,27990.0
2023.0,SUV,23990.0
2023.0,SUV,44450.0
2023.0,SUV,23990.0
2023.0,SUV,39990.0
2023.0,SUV,28830.0
2023.0,SUV,24650.0
2023.0,SUV,23990.0
2023.0,SUV,155990.0
2023.0,SUV,69988.0
2023.0,SUV,71440.0
2023.0,SUV,30990.0
2023.0,SUV,26093.0
2023.0,SUV,45423.0
2023.0,SUV,38990.0
2023.0,SUV,65459.0
2023.0,SUV,85190.0
2023.0,SUV,69900.0
2023.0,SUV,74990.0
2023.0,SUV,78693.0
2023.0,SUV,44710.0
2023.0,SUV,24890.0
2023.0,SUV,31895.0
2023.0,SUV,43970.0
2023.0,SUV,24490.0
2023.0,SUV,35990.0
2023.0,SUV,41485.0
2023.0,SUV,76028.0
2023.0,SUV,73990.0
2023.0,SUV,44710.0
2023.0,SUV,52990.0
2023.0,SUV,37900.0
2023.0,SUV,35990.0
2023.0,SUV,65250.0
2023.0,SUV,67488.0
2023.0,SUV,38900.0
2023.0,SUV,38990.0
2023.0,SUV,27990.0
2023.0,SUV,111813.0
2023.0,SUV,39367.0
2023.0,SUV,30990.0
2023.0,SUV,27990.0
2023.0,SUV,36990.0
2023.0,SUV,28880.0
2023.0,SUV,27990.0
2023.0,SUV,49990.0
2023.0,SUV,36990.0
2023.0,SUV,129925.0
2023.0,SUV,33933.0
2023.0,SUV,35844.0
2023.0,SUV,28990.0
2023.0,SUV,49990.0
2023.0,SUV,74450.0
2023.0,SUV,28121.0
2023.0,SUV,36990.0
2023.0,SUV,36990.0
2023.0,SUV,30990.0
2023.0,SUV,29750.0
2023.0,SUV,32190.0
2023.0,SUV,29940.0
2023.0,SUV,27990.0
2023.0,SUV,37690.0
2023.0,SUV,34789.0
2023.0,SUV,26990.0
2023.0,SUV,26990.0
2023.0,SUV,25090.0
2023.0,SUV,66990.0
2023.0,SUV,44888.0
2023.0,SUV,58475.0
2023.0,SUV,22950.0
2023.0,SUV,46990.0
2023.0,SUV,27800.0
2023.0,SUV,34990.0
2023.0,SUV,79880.0
2023.0,SUV,29990.0
2023.0,SUV,83060.0
2023.0,SUV,39855.0
2023.0,SUV,35391.0
2023.0,SUV,36990.0
2023.0,SUV,27990.0
2023.0,SUV,35990.0
2023.0,SUV,30888.0
2023.0,SUV,57490.0
2023.0,SUV,57970.0
2023.0,SUV,35990.0
2023.0,SUV,38888.0
2023.0,SUV,39970.0
2023.0,SUV,58500.0
2023.0,SUV,30990.0
2023.0,SUV,39980.0
2023.0,SUV,37950.0
2023.0,SUV,59990.0
2023.0,SUV,46990.0
2023.0,SUV,34608.0
2023.0,SUV,26244.0
2023.0,SUV,22190.0
2023.0,SUV,79888.0
2023.0,SUV,30888.0
2023.0,SUV,29440.0
2023.0,SUV,35165.0
2023.0,SUV,39970.0
2023.0,SUV,82500.0
2023.0,SUV,90440.0
2023.0,SUV,79888.0
2023.0,SUV,26742.0
2023.0,SUV,68516.0
2023.0,SUV,59905.0
2023.0,SUV,96990.0
2023.0,SUV,57600.0
2023.0,SUV,28815.0
2023.0,SUV,29440.0
2023.0,SUV,31990.0
2023.0,SUV,57600.0
2023.0,SUV,33888.0
2023.0,SUV,43054.0
2023.0,SUV,69990.0
2023.0,SUV,81750.0
2023.0,SUV,34888.0
2023.0,SUV,31990.0
2023.0,SUV,39951.0
2023.0,SUV,64888.0
2023.0,SUV,23990.0
2023.0,SUV,36990.0
2023.0,SUV,27990.0
2023.0,SUV,115014.0
2023.0,SUV,38990.0
2023.0,SUV,41190.0
2023.0,SUV,30440.0
2023.0,SUV,36990.0
2023.0,SUV,38990.0
2023.0,SUV,27990.0
2023.0,SUV,48703.0
2023.0,SUV,36990.0
2023.0,SUV,27990.0
2023.0,SUV,48703.0
2023.0,SUV,35880.0
2023.0,SUV,34990.0
2023.0,SUV,35690.0
2023.0,SUV,75990.0
2023.0,SUV,51930.0
2023.0,SUV,120340.0
2023.0,SUV,37490.0
2023.0,SUV,26588.0
2023.0,SUV,106450.0
2023.0,SUV,33990.0
2023.0,SUV,27990.0
2023.0,SUV,36990.0
2023.0,SUV,27990.0
2023.0,SUV,49990.0
2023.0,SUV,32950.0
2023.0,SUV,43750.0
2023.0,SUV,27990.0
2023.0,SUV,89990.0
2023.0,SUV,47888.0
2023.0,SUV,36990.0
2023.0,SUV,37110.0
2023.0,SUV,69800.0
2023.0,SUV,37249.0
2023.0,SUV,60990.0
2023.0,SUV,93495.0
2023.0,SUV,22498.0
2023.0,SUV,64627.0
2023.0,SUV,36040.0
2023.0,SUV,22992.0
2023.0,SUV,74990.0
2023.0,SUV,38190.0
2023.0,SUV,28990.0
2023.0,SUV,69205.0
2023.0,SUV,36040.0
2023.0,SUV,45890.0
2023.0,SUV,79990.0
2023.0,SUV,82000.0
2023.0,SUV,95989.0
2023.0,SUV,51990.0
2023.0,SUV,38490.0
2023.0,SUV,58990.0
2023.0,SUV,58990.0
2023.0,SUV,73250.0
2023.0,SUV,106888.0
2023.0,SUV,68800.0
2023.0,SUV,56745.0
2023.0,SUV,46888.0
2023.0,SUV,89455.0
2023.0,SUV,27998.0
2023.0,SUV,74431.0
2023.0,SUV,43990.0
2023.0,SUV,82340.0
2023.0,SUV,48990.0
2023.0,SUV,28990.0
2023.0,SUV,39148.0
2023.0,SUV,39990.0
2023.0,SUV,79990.0
2023.0,SUV,104090.0
2023.0,SUV,29973.0
2023.0,SUV,36990.0
2023.0,SUV,28830.0
2023.0,SUV,56990.0
2023.0,SUV,57970.0
2023.0,SUV,32990.0
2023.0,SUV,25388.0
2023.0,SUV,27990.0
2023.0,SUV,31888.0
2023.0,SUV,39995.0
2023.0,SUV,38490.0
2023.0,SUV,23990.0
2023.0,SUV,51930.0
2023.0,SUV,48333.0
2023.0,SUV,47888.0
2023.0,SUV,65240.0
2023.0,SUV,46990.0
2023.0,SUV,43110.0
2023.0,SUV,23888.0
2023.0,SUV,69800.0
2023.0,SUV,46490.0
2023.0,SUV,27990.0
2023.0,SUV,53880.0
2023.0,SUV,35271.0
2023.0,SUV,39025.0
2023.0,SUV,41669.0
2023.0,SUV,31390.0
2023.0,SUV,78159.0
2023.0,SUV,41710.0
2023.0,SUV,30990.0
2023.0,SUV,41190.0
2023.0,SUV,33899.0
2023.0,SUV,43990.0
2023.0,SUV,35990.0
2023.0,SUV,29850.0
2023.0,SUV,26690.0
2023.0,SUV,33990.0
2023.0,SUV,50989.0
2023.0,SUV,106990.0
2023.0,SUV,27990.0
2023.0,SUV,33488.0
2023.0,SUV,35690.0
2023.0,SUV,56950.0
2023.0,SUV,119890.0
2023.0,SUV,106990.0
2023.0,SUV,35990.0
2023.0,SUV,37250.0
2023.0,SUV,27990.0
2023.0,SUV,40990.0
2023.0,SUV,79863.0
2023.0,SUV,34477.0
2023.0,SUV,59990.0
2023.0,SUV,50990.0
2023.0,SUV,85683.0
2023.0,SUV,40881.0
2023.0,SUV,48490.0
2023.0,SUV,34486.0
2023.0,SUV,33193.0
2023.0,SUV,85683.0
2023.0,SUV,36970.0
2023.0,SUV,65459.0
2023.0,SUV,66800.0
2023.0,SUV,36040.0
2023.0,SUV,36990.0
2023.0,SUV,22950.0
2023.0,SUV,37553.0
2023.0,SUV,25445.0
2023.0,SUV,35370.0
2023.0,SUV,84115.0
2023.0,SUV,47390.0
2023.0,SUV,35999.0
2023.0,SUV,45970.0
2023.0,SUV,53888.0
2023.0,SUV,24558.0
2023.0,SUV,41990.0
2023.0,SUV,33193.0
2023.0,SUV,36990.0
2023.0,SUV,93700.0
2023.0,SUV,30990.0
2023.0,SUV,35987.0
2023.0,SUV,64410.0
2023.0,SUV,42867.0
2023.0,SUV,35888.0
2023.0,SUV,25675.0
2023.0,SUV,49605.0
2023.0,SUV,33989.0
2023.0,SUV,25488.0
2023.0,SUV,37990.0
2023.0,SUV,120990.0
2023.0,SUV,41999.0
2023.0,SUV,101164.0
2023.0,SUV,31990.0
2023.0,SUV,124502.0
2023.0,SUV,95307.0
2023.0,SUV,124504.0
2023.0,SUV,47564.0
2023.0,SUV,64990.0
2023.0,SUV,45870.0
2023.0,SUV,46462.0
2023.0,SUV,26990.0
2023.0,SUV,44888.0
2023.0,SUV,29960.0
2023.0,SUV,61651.0
2023.0,SUV,20590.0
2023.0,SUV,36990.0
2023.0,SUV,25440.0
2023.0,SUV,42990.0
2023.0,SUV,33193.0
2023.0,SUV,42990.0
2023.0,SUV,42990.0
2023.0,SUV,49990.0
2023.0,SUV,69800.0
2023.0,SUV,35990.0
2023.0,SUV,87888.0
2023.0,SUV,82888.0
2023.0,SUV,86440.0
2023.0,SUV,42990.0
2023.0,SUV,28990.0
2023.0,SUV,29999.0
2023.0,SUV,36990.0
2023.0,SUV,27990.0
2023.0,SUV,74538.0
2023.0,SUV,25888.0
2023.0,SUV,38111.0
2023.0,SUV,23990.0
2023.0,SUV,47888.0
2023.0,SUV,31990.0
2023.0,SUV,23517.0
2023.0,SUV,33193.0
2023.0,SUV,44167.0
2023.0,SUV,54990.0
2023.0,SUV,24800.0
2023.0,SUV,47905.0
2023.0,SUV,79990.0
2023.0,SUV,45218.0
2023.0,SUV,37450.0
2023.0,SUV,50905.0
2023.0,SUV,67990.0
2023.0,SUV,47950.0
2023.0,SUV,41991.0
2023.0,SUV,60888.0
2023.0,SUV,46888.0
2023.0,SUV,97990.0
2023.0,SUV,50990.0
2023.0,SUV,36486.0
2023.0,SUV,34884.0
2023.0,SUV,38690.0
2023.0,SUV,57990.0
2023.0,SUV,29990.0
2023.0,SUV,117187.0
2023.0,SUV,37574.0
2023.0,SUV,47275.0
2023.0,SUV,56990.0
2023.0,SUV,41788.0
2023.0,SUV,43107.0
2023.0,SUV,27990.0
2023.0,SUV,37574.0
2023.0,SUV,34988.0
2023.0,SUV,43107.0
2023.0,SUV,51690.0
2023.0,SUV,55990.0
2023.0,SUV,25264.0
2023.0,SUV,50990.0
2023.0,SUV,92688.0
2023.0,SUV,47275.0
2023.0,SUV,39990.0
2023.0,SUV,58990.0
2023.0,SUV,36450.0
2023.0,SUV,33193.0
2023.0,SUV,55912.0
2023.0,SUV,33193.0
2023.0,SUV,33490.0
2023.0,SUV,36130.0
2023.0,SUV,78890.0
2023.0,SUV,19990.0
2023.0,SUV,45799.0
2023.0,SUV,31018.0
2023.0,SUV,57888.0
2023.0,SUV,28850.0
2023.0,SUV,39990.0
2023.0,SUV,35418.0
2023.0,SUV,82500.0
2023.0,SUV,32435.0
2023.0,SUV,36990.0
2023.0,SUV,35990.0
2023.0,SUV,23990.0
2023.0,SUV,82500.0
2023.0,SUV,37070.0
2023.0,SUV,66800.0
2023.0,SUV,33193.0
2023.0,SUV,39990.0
2023.0,SUV,78890.0
2023.0,SUV,67800.0
2023.0,SUV,38690.0
2023.0,SUV,36990.0
2023.0,SUV,46880.0
2023.0,SUV,39130.0
2023.0,SUV,43134.0
2023.0,SUV,64939.0
2023.0,SUV,147878.0
2023.0,SUV,44480.0
2023.0,SUV,90690.0
2023.0,SUV,97695.0
2023.0,SUV,47275.0
2023.0,SUV,47275.0
2023.0,SUV,34490.0
2023.0,SUV,22950.0
2023.0,SUV,40990.0
2023.0,SUV,37450.0
2023.0,SUV,46227.0
2023.0,SUV,25637.0
2023.0,SUV,88216.0
2023.0,SUV,37990.0
2023.0,SUV,47275.0
2023.0,SUV,132440.0
2023.0,SUV,41998.0
2023.0,SUV,99890.0
2023.0,SUV,28990.0
2023.0,SUV,26990.0
2023.0,SUV,30990.0
2023.0,SUV,33980.0
2023.0,SUV,26990.0
2023.0,SUV,33990.0
2023.0,SUV,79888.0
2023.0,SUV,78888.0
2023.0,SUV,46240.0
2023.0,SUV,47275.0
2023.0,SUV,73990.0
2023.0,SUV,95990.0
2023.0,SUV,71450.0
2023.0,SUV,38100.0
2023.0,SUV,40498.0
2023.0,SUV,79863.0
2023.0,SUV,56990.0
2023.0,SUV,79990.0
2023.0,SUV,40813.0
2023.0,SUV,38990.0
2023.0,SUV,29888.0
2023.0,SUV,40990.0
2023.0,SUV,32990.0
2023.0,SUV,49990.0
2023.0,SUV,28775.0
2023.0,SUV,47450.0
2023.0,SUV,29970.0
2023.0,SUV,22950.0
2023.0,SUV,78990.0
2023.0,SUV,140556.0
2023.0,SUV,85083.0
2023.0,SUV,25990.0
2023.0,SUV,33990.0
2023.0,SUV,38747.0
2023.0,SUV,38990.0
2023.0,SUV,47275.0
2023.0,SUV,45990.0
2023.0,SUV,47275.0
2023.0,SUV,27690.0
2023.0,SUV,29990.0
2023.0,SUV,36885.0
2023.0,SUV,25675.0
2023.0,SUV,134868.0
2023.0,SUV,91586.0
2023.0,SUV,27950.0
2023.0,SUV,46462.0
2023.0,SUV,55492.0
2023.0,SUV,30990.0
2023.0,SUV,60586.0
2023.0,SUV,71990.0
2023.0,SUV,33465.0
2023.0,SUV,64075.0
2023.0,SUV,129241.0
2023.0,SUV,83880.0
2023.0,SUV,45990.0
2023.0,SUV,47275.0
2023.0,SUV,30890.0
2023.0,SUV,29787.0
2023.0,SUV,72522.0
2023.0,SUV,45990.0
2023.0,SUV,30445.0
2023.0,SUV,44990.0
2023.0,SUV,49990.0
2023.0,SUV,47275.0
2023.0,SUV,65956.0
2023.0,SUV,48325.0
2023.0,SUV,47888.0
2023.0,SUV,46340.0
2023.0,SUV,43990.0
2023.0,SUV,94898.0
2023.0,SUV,51990.0
2023.0,SUV,38990.0
2023.0,SUV,37880.0
2023.0,SUV,58888.0
2023.0,SUV,40160.0
2023.0,SUV,97310.0
2023.0,SUV,37880.0
2023.0,SUV,44888.0
2023.0,SUV,114746.0
2023.0,SUV,54990.0
2023.0,SUV,28990.0
2023.0,SUV,43860.0
2023.0,SUV,32099.0
2023.0,SUV,74950.0
2023.0,SUV,48990.0
2023.0,SUV,38990.0
2023.0,SUV,26990.0
2023.0,SUV,87320.0
2023.0,SUV,38990.0
2023.0,SUV,43800.0
2023.0,SUV,28990.0
2023.0,SUV,36000.0
2023.0,SUV,46850.0
2023.0,SUV,30890.0
2023.0,SUV,74990.0
2023.0,SUV,32435.0
2023.0,SUV,28799.0
2023.0,SUV,28252.0
2023.0,SUV,33880.0
2023.0,SUV,46888.0
2023.0,SUV,28886.0
2023.0,SUV,39988.0
2023.0,SUV,44990.0
2023.0,SUV,88394.0
2023.0,SUV,44587.0
2023.0,SUV,56750.0
2023.0,SUV,40990.0
2023.0,SUV,27990.0
2023.0,SUV,26990.0
2023.0,SUV,58350.0
2023.0,SUV,35010.0
2023.0,SUV,72800.0
2023.0,SUV,48325.0
2023.0,SUV,25059.0
2023.0,SUV,30832.0
2023.0,SUV,29990.0
2023.0,SUV,59990.0
2023.0,SUV,34990.0
2023.0,SUV,56990.0
2023.0,SUV,43670.0
2023.0,SUV,78880.0
2023.0,SUV,61739.0
2023.0,SUV,26770.0
2023.0,SUV,35271.0
2023.0,SUV,27990.0
2023.0,SUV,42967.0
2023.0,SUV,40990.0
2023.0,SUV,36990.0
2023.0,SUV,47450.0
2023.0,SUV,49490.0
2023.0,SUV,147878.0
2023.0,SUV,40990.0
2023.0,SUV,25059.0
2023.0,SUV,25675.0
2023.0,SUV,28888.0
2023.0,SUV,39950.0
2023.0,SUV,80928.0
2023.0,SUV,25900.0
2023.0,SUV,48990.0
2023.0,SUV,84450.0
2023.0,SUV,26990.0
2023.0,SUV,23990.0
2023.0,SUV,25900.0
2023.0,SUV,42990.0
2023.0,SUV,23990.0
2023.0,SUV,44167.0
2023.0,SUV,35990.0
2023.0,SUV,27990.0
2023.0,SUV,39450.0
2023.0,SUV,67678.0
2023.0,SUV,45999.0
2023.0,SUV,30490.0
2023.0,SUV,38990.0
2023.0,SUV,82800.0
2023.0,SUV,27990.0
2023.0,SUV,82800.0
2023.0,SUV,33888.0
2023.0,SUV,25675.0
2023.0,SUV,36995.0
2023.0,SUV,72790.0
2023.0,SUV,33880.0
2023.0,SUV,43990.0
2023.0,SUV,26990.0
2023.0,SUV,25788.0
2023.0,SUV,27990.0
2023.0,SUV,55450.0
2023.0,SUV,26990.0
2023.0,SUV,26564.0
2023.0,SUV,25675.0
2023.0,SUV,25225.0
2023.0,SUV,135243.0
2023.0,SUV,28490.0
2023.0,SUV,36995.0
2023.0,SUV,49988.0
2023.0,SUV,30490.0
2023.0,SUV,55370.0
2023.0,SUV,75888.0
2023.0,SUV,34990.0
2023.0,SUV,18900.0
2023.0,SUV,53880.0
2023.0,SUV,43551.0
2023.0,SUV,29488.0
2023.0,SUV,29488.0
2023.0,SUV,85500.0
2023.0,SUV,37460.0
2023.0,SUV,25675.0
2023.0,SUV,26888.0
2023.0,SUV,23990.0
2023.0,SUV,46990.0
2023.0,SUV,46990.0
2023.0,SUV,36222.0
2023.0,SUV,39990.0
2023.0,SUV,32488.0
2023.0,SUV,71988.0
2023.0,SUV,21950.0
2023.0,SUV,46800.0
2023.0,SUV,37585.0
2023.0,SUV,29488.0
2023.0,SUV,36990.0
2023.0,SUV,84500.0
2023.0,SUV,90888.0
2023.0,SUV,34990.0
2023.0,SUV,26093.0
2023.0,SUV,34888.0
2023.0,SUV,64990.0
2023.0,SUV,52940.0
2023.0,SUV,126730.0
2023.0,SUV,25675.0
2023.0,SUV,24888.0
2023.0,SUV,26888.0
2023.0,SUV,25675.0
2023.0,SUV,26888.0
2023.0,SUV,27990.0
2023.0,SUV,26888.0
2023.0,SUV,31920.0
2023.0,SUV,48000.0
2023.0,SUV,90513.0
2023.0,SUV,58490.0
2023.0,SUV,39645.0
2023.0,SUV,30890.0
2023.0,SUV,25490.0
2023.0,SUV,35490.0
2023.0,SUV,76800.0
2023.0,SUV,38990.0
2023.0,SUV,41990.0
2023.0,SUV,39645.0
2023.0,SUV,35888.0
2023.0,SUV,25059.0
2023.0,SUV,29990.0
2023.0,SUV,39661.0
2023.0,SUV,23950.0
2023.0,SUV,25462.0
2023.0,SUV,26888.0
2023.0,SUV,23617.0
2023.0,SUV,26790.0
2023.0,SUV,135249.0
2023.0,SUV,26888.0
2023.0,SUV,26888.0
2023.0,SUV,26888.0
2023.0,SUV,26888.0
2023.0,SUV,26888.0
2023.0,SUV,37990.0
2023.0,SUV,51918.0
2023.0,SUV,37990.0
2023.0,SUV,25850.0
2023.0,SUV,31990.0
2023.0,SUV,105990.0
2023.0,SUV,105990.0
2023.0,SUV,66940.0
2023.0,SUV,57515.0
2023.0,SUV,47990.0
2023.0,SUV,44120.0
2023.0,SUV,151219.0
2023.0,SUV,47867.0
2023.0,SUV,44990.0
2023.0,SUV,26749.0
2023.0,SUV,35990.0
2023.0,SUV,41332.0
2023.0,SUV,85188.0
2023.0,SUV,25675.0
2023.0,SUV,32950.0
2023.0,SUV,87067.0
2023.0,SUV,38990.0
2023.0,SUV,22547.0
2023.0,SUV,64990.0
2023.0,SUV,28990.0
2023.0,SUV,70190.0
2023.0,SUV,135475.0
2023.0,SUV,93483.0
2023.0,SUV,27800.0
2023.0,SUV,38888.0
2023.0,SUV,71995.0
2023.0,SUV,29488.0
2023.0,SUV,29488.0
2023.0,SUV,29488.0
2023.0,SUV,29488.0
2023.0,SUV,29488.0
2023.0,SUV,29488.0
2023.0,SUV,29488.0
2023.0,SUV,29488.0
2023.0,SUV,29488.0
2023.0,SUV,84125.0
2023.0,SUV,68980.0
2023.0,SUV,41990.0
2023.0,SUV,43051.0
2023.0,SUV,42867.0
2023.0,SUV,26888.0
2023.0,SUV,37460.0
2023.0,SUV,37990.0
2023.0,SUV,38995.0
2023.0,SUV,31990.0
2023.0,SUV,19695.0
2023.0,SUV,31800.0
2023.0,SUV,43610.0
2023.0,SUV,40889.0
2023.0,SUV,29490.0
2023.0,SUV,48428.0
2023.0,SUV,43670.0
2023.0,SUV,53488.0
2023.0,SUV,26888.0
2023.0,SUV,29888.0
2023.0,SUV,34950.0
2023.0,SUV,29888.0
2023.0,SUV,26888.0
2023.0,SUV,84450.0
2023.0,SUV,48440.0
2023.0,SUV,28390.0
2023.0,SUV,57990.0
2023.0,SUV,29888.0
2023.0,SUV,43610.0
2023.0,SUV,34897.0
2023.0,SUV,25636.0
2023.0,SUV,105990.0
2023.0,SUV,31999.0
2023.0,SUV,85450.0
2023.0,SUV,25636.0
2023.0,SUV,34990.0
2023.0,SUV,53990.0
2023.0,SUV,47888.0
2023.0,SUV,86253.0
2023.0,SUV,41990.0
2023.0,SUV,73990.0
2023.0,SUV,44970.0
2023.0,SUV,43530.0
2023.0,SUV,148781.0
2023.0,SUV,28990.0
2023.0,SUV,48990.0
2023.0,SUV,46990.0
2023.0,SUV,87300.0
2023.0,SUV,48990.0
2023.0,SUV,30890.0
2023.0,SUV,53900.0
2023.0,SUV,28990.0
2023.0,SUV,87852.0
2023.0,SUV,29945.0
2023.0,SUV,31990.0
2023.0,SUV,58456.0
2023.0,SUV,32450.0
2023.0,SUV,48990.0
2023.0,SUV,32888.0
2023.0,SUV,71540.0
2023.0,SUV,33990.0
2023.0,SUV,28990.0
2023.0,SUV,27690.0
2023.0,SUV,27990.0
2023.0,SUV,27690.0
2023.0,SUV,27690.0
2023.0,SUV,29690.0
2023.0,SUV,29888.0
2023.0,SUV,31990.0
2023.0,SUV,78710.0
2023.0,SUV,27990.0
2023.0,SUV,29690.0
2023.0,SUV,145800.0
2023.0,SUV,49888.0
2023.0,SUV,59990.0
2023.0,SUV,115009.0
2023.0,SUV,38100.0
2023.0,SUV,49495.0
2023.0,SUV,39990.0
2023.0,SUV,38990.0
2023.0,SUV,44240.0
2023.0,SUV,28990.0
2023.0,SUV,28990.0
2023.0,SUV,28990.0
2023.0,SUV,28990.0
2023.0,SUV,29888.0
2023.0,SUV,81990.0
2023.0,SUV,60490.0
2023.0,SUV,72800.0
2023.0,SUV,38990.0
2023.0,SUV,64990.0
2023.0,SUV,90475.0
2023.0,SUV,60490.0
2023.0,SUV,121990.0
2023.0,SUV,38100.0
2023.0,SUV,28888.0
2023.0,SUV,33990.0
2023.0,SUV,37990.0
2023.0,SUV,46453.0
2023.0,SUV,48450.0
2023.0,SUV,30990.0
2023.0,SUV,49990.0
2023.0,SUV,27990.0
2023.0,SUV,31250.0
2023.0,SUV,44670.0
2023.0,SUV,29990.0
2023.0,SUV,49990.0
2023.0,SUV,55370.0
2023.0,SUV,33980.0
2023.0,SUV,33980.0
2023.0,SUV,30990.0
2023.0,SUV,37460.0
2023.0,SUV,37460.0
2023.0,SUV,28888.0
2023.0,SUV,45720.0
2023.0,SUV,119553.0
2023.0,SUV,28990.0
2023.0,SUV,38990.0
2023.0,SUV,62400.0
2023.0,SUV,30375.0
2023.0,SUV,79650.0
2023.0,SUV,80800.0
2023.0,SUV,38888.0
2023.0,SUV,50888.0
2023.0,SUV,44570.0
2023.0,SUV,37990.0
2023.0,SUV,80800.0
2023.0,SUV,33980.0
2023.0,SUV,40273.0
2023.0,SUV,21850.0
2023.0,SUV,32888.0
2023.0,SUV,51450.0
2023.0,SUV,103975.0
2023.0,SUV,25990.0
2023.0,SUV,37995.0
2023.0,SUV,22490.0
2023.0,SUV,61651.0
2023.0,SUV,82888.0
2023.0,SUV,33990.0
2023.0,SUV,50990.0
2023.0,SUV,54990.0
2023.0,SUV,78710.0
2023.0,SUV,33980.0
2023.0,SUV,31450.0
2023.0,SUV,23990.0
2023.0,SUV,23990.0
2023.0,SUV,30990.0
2023.0,SUV,42990.0
2023.0,SUV,45990.0
2023.0,SUV,52780.0
2023.0,SUV,34490.0
2023.0,SUV,37070.0
2023.0,SUV,37589.0
2023.0,SUV,51585.0
2023.0,SUV,60990.0
2023.0,SUV,46990.0
2023.0,SUV,25490.0
2023.0,SUV,30208.0
2023.0,SUV,55990.0
2023.0,SUV,68990.0
2023.0,SUV,59950.0
2023.0,SUV,79845.0
2023.0,SUV,99800.0
2023.0,SUV,32480.0
2023.0,SUV,70450.0
2023.0,SUV,45491.0
2023.0,SUV,59270.0
2023.0,SUV,129990.0
2023.0,SUV,26900.0
2023.0,SUV,35990.0
2023.0,SUV,45310.0
2023.0,SUV,69888.0
2023.0,SUV,40990.0
2023.0,SUV,47275.0
2023.0,SUV,78800.0
2023.0,SUV,67995.0
2023.0,SUV,26990.0
2023.0,SUV,43990.0
2023.0,SUV,84123.0
2023.0,SUV,60490.0
2023.0,SUV,37990.0
2023.0,SUV,39130.0
2023.0,SUV,52988.0
2023.0,SUV,79990.0
2023.0,SUV,52988.0
2023.0,SUV,52988.0
2023.0,SUV,59990.0
2023.0,SUV,51824.0
2023.0,SUV,82888.0
2023.0,SUV,29490.0
2023.0,SUV,68060.0
2023.0,SUV,59990.0
2023.0,SUV,36867.0
2023.0,SUV,40787.0
2023.0,SUV,39025.0
2023.0,SUV,46990.0
2023.0,SUV,33980.0
2023.0,SUV,74431.0
2023.0,SUV,37990.0
2023.0,SUV,42115.0
2023.0,SUV,52990.0
2023.0,SUV,71650.0
2023.0,SUV,34011.0
2023.0,SUV,43990.0
2023.0,SUV,112888.0
2023.0,SUV,41990.0
2023.0,SUV,45990.0
2023.0,SUV,25490.0
2023.0,SUV,60990.0
2023.0,SUV,57999.0
2023.0,SUV,25521.0
2023.0,SUV,35391.0
2023.0,SUV,26970.0
2023.0,SUV,35391.0
2023.0,SUV,23990.0
2023.0,SUV,35271.0
2023.0,SUV,53920.0
2023.0,SUV,53490.0
2023.0,SUV,117619.0
2023.0,SUV,87888.0
2023.0,SUV,30990.0
2023.0,SUV,59990.0
2023.0,SUV,54300.0
2023.0,SUV,29196.0
2023.0,SUV,44221.0
2023.0,SUV,23990.0
2023.0,SUV,111888.0
2023.0,SUV,113880.0
2023.0,SUV,34995.0
2023.0,SUV,40690.0
2023.0,SUV,54690.0
2023.0,SUV,46810.0
2023.0,SUV,35990.0
2023.0,SUV,24690.0
2023.0,SUV,24690.0
2023.0,SUV,24690.0
2023.0,SUV,24690.0
2023.0,SUV,31920.0
2023.0,SUV,139503.0
2023.0,SUV,49736.0
2023.0,SUV,64800.0
2023.0,SUV,24690.0
2023.0,SUV,43990.0
2023.0,SUV,37070.0
2023.0,SUV,47577.0
2023.0,SUV,54990.0
2023.0,SUV,21888.0
2023.0,SUV,34950.0
2023.0,SUV,58990.0
2023.0,SUV,54990.0
2023.0,SUV,36440.0
2023.0,SUV,46888.0
2023.0,SUV,60990.0
2023.0,SUV,119990.0
2023.0,SUV,54990.0
2023.0,SUV,27390.0
2023.0,SUV,89990.0
2023.0,SUV,55290.0
2023.0,SUV,74990.0
2023.0,SUV,37469.0
2023.0,SUV,45226.0
2023.0,SUV,30990.0
2023.0,SUV,73800.0
2023.0,SUV,55585.0
2023.0,SUV,41990.0
2023.0,SUV,43971.0
2023.0,SUV,41990.0
2023.0,SUV,58990.0
2023.0,SUV,89990.0
2023.0,SUV,64684.0
2023.0,SUV,134990.0
2023.0,SUV,36990.0
2023.0,SUV,34990.0
2023.0,SUV,34490.0
2023.0,SUV,57990.0
2023.0,SUV,38250.0
2023.0,SUV,29242.0
2023.0,SUV,46861.0
2023.0,SUV,138446.0
2023.0,SUV,30895.0
2023.0,SUV,56190.0
2023.0,SUV,35867.0
2023.0,SUV,37945.0
2023.0,SUV,44490.0
2023.0,SUV,22350.0
2023.0,SUV,22350.0
2023.0,SUV,64888.0
2023.0,SUV,31577.0
2023.0,SUV,34990.0
2023.0,SUV,78990.0
2023.0,SUV,29690.0
2023.0,SUV,26690.0
2023.0,SUV,31990.0
2023.0,SUV,74431.0
2023.0,SUV,29690.0
2023.0,SUV,56888.0
2023.0,SUV,41880.0
2023.0,SUV,29690.0
2023.0,SUV,37490.0
2023.0,SUV,56980.0
2023.0,SUV,29690.0
2023.0,SUV,59990.0
2023.0,SUV,94000.0
2023.0,SUV,56990.0
2023.0,SUV,135777.0
2023.0,SUV,20850.0
2023.0,SUV,59800.0
2023.0,SUV,33990.0
2023.0,SUV,90990.0
2023.0,SUV,144604.0
2023.0,SUV,33990.0
2023.0,SUV,135777.0
2023.0,SUV,52990.0
2023.0,SUV,73990.0
2023.0,SUV,18900.0
2023.0,SUV,53690.0
2023.0,SUV,25888.0
2023.0,SUV,72867.0
2023.0,SUV,21990.0
2023.0,SUV,32888.0
2023.0,SUV,21888.0
2023.0,SUV,83650.0
2023.0,SUV,32990.0
2023.0,SUV,59883.0
2023.0,SUV,79888.0
2023.0,SUV,66870.0
2023.0,SUV,69388.0
2023.0,SUV,37298.0
2023.0,SUV,105555.0
2023.0,SUV,58990.0
2023.0,SUV,30888.0
2023.0,SUV,67340.0
2023.0,SUV,70267.0
2023.0,SUV,38100.0
2023.0,SUV,35998.0
2023.0,SUV,36888.0
2023.0,SUV,64199.0
2023.0,SUV,23990.0
2023.0,SUV,44888.0
2023.0,SUV,34995.0
2023.0,SUV,32435.0
2023.0,SUV,59980.0
2023.0,SUV,64684.0
2023.0,SUV,90440.0
2023.0,SUV,23990.0
2023.0,SUV,23990.0
2023.0,SUV,67990.0
2023.0,SUV,23990.0
2023.0,SUV,23990.0
2023.0,SUV,23990.0
2023.0,SUV,55888.0
2023.0,SUV,44090.0
2023.0,SUV,23990.0
2023.0,SUV,67990.0
2023.0,SUV,44090.0
2023.0,SUV,37777.0
2023.0,SUV,49890.0
2023.0,SUV,125069.0
2023.0,SUV,35990.0
2023.0,SUV,69990.0
2023.0,SUV,37777.0
2023.0,SUV,24690.0
2023.0,SUV,24690.0
2023.0,SUV,24690.0
2023.0,SUV,69990.0
2023.0,SUV,24690.0
2023.0,SUV,44280.0
2023.0,SUV,24690.0
2023.0,SUV,24690.0
2023.0,SUV,24690.0
2023.0,SUV,24690.0
2023.0,SUV,24690.0
2023.0,SUV,24690.0
2023.0,SUV,24690.0
2023.0,SUV,23990.0
2023.0,SUV,23990.0
2023.0,SUV,23990.0
2023.0,SUV,23990.0
2023.0,SUV,24690.0
2023.0,SUV,44280.0
2023.0,SUV,24690.0
2023.0,SUV,124179.0
2023.0,SUV,23990.0
2023.0,SUV,35010.0
2023.0,SUV,45945.0
2023.0,SUV,23990.0
2023.0,SUV,27990.0
2023.0,SUV,37990.0
2023.0,SUV,38100.0
2023.0,SUV,24690.0
2023.0,SUV,32641.0
2023.0,SUV,24690.0
2023.0,SUV,48080.0
2023.0,SUV,34950.0
2023.0,SUV,48880.0
2023.0,SUV,23990.0
2023.0,SUV,135940.0
2023.0,SUV,23990.0
2023.0,SUV,46888.0
2023.0,SUV,31040.0
2023.0,SUV,23990.0
2023.0,SUV,23990.0
2023.0,SUV,76888.0
2023.0,SUV,23990.0
2023.0,SUV,37440.0
2023.0,SUV,38880.0
2023.0,SUV,35990.0
2023.0,SUV,27990.0
2023.0,SUV,70490.0
2023.0,SUV,28990.0
2023.0,SUV,72990.0
2023.0,SUV,61595.0
2023.0,SUV,42115.0
2023.0,SUV,25911.0
2023.0,SUV,28990.0
2023.0,SUV,34690.0
2023.0,SUV,45440.0
2023.0,SUV,48880.0
2023.0,SUV,20539.0
2023.0,SUV,47990.0
2023.0,SUV,49990.0
2023.0,SUV,86730.0
2023.0,SUV,54990.0
2023.0,SUV,69490.0
2023.0,SUV,46970.0
2023.0,SUV,47990.0
2023.0,SUV,46970.0
2023.0,SUV,79888.0
2023.0,SUV,39250.0
2023.0,SUV,35990.0
2023.0,SUV,41990.0
2023.0,SUV,25490.0
2023.0,SUV,46340.0
2023.0,SUV,53690.0
2023.0,SUV,30990.0
2023.0,SUV,32029.0
2023.0,SUV,40888.0
2023.0,SUV,39490.0
2023.0,SUV,67245.0
2023.0,SUV,53490.0
2023.0,SUV,23850.0
2023.0,SUV,31990.0
2023.0,SUV,49800.0
2023.0,SUV,31990.0
2023.0,SUV,27690.0
2023.0,SUV,53490.0
2023.0,SUV,74990.0
2023.0,SUV,137900.0
2023.0,SUV,31990.0
2023.0,SUV,60933.0
2023.0,SUV,48995.0
2023.0,SUV,58990.0
2023.0,SUV,31990.0
2023.0,SUV,49888.0
2023.0,SUV,25995.0
2023.0,SUV,33990.0
2023.0,SUV,37950.0
2023.0,SUV,59990.0
2023.0,SUV,31990.0
2023.0,SUV,51170.0
2023.0,SUV,31990.0
2023.0,SUV,49990.0
2023.0,SUV,31990.0
2023.0,SUV,31990.0
2023.0,SUV,35888.0
2023.0,SUV,31990.0
2023.0,SUV,49990.0
2023.0,SUV,64450.0
2023.0,SUV,71750.0
2023.0,SUV,47990.0
2023.0,SUV,51990.0
2023.0,SUV,37888.0
2023.0,SUV,51990.0
2023.0,SUV,33990.0
2023.0,SUV,52990.0
2023.0,SUV,33980.0
2023.0,SUV,50990.0
2023.0,SUV,60990.0
2023.0,SUV,58888.0
2023.0,SUV,53890.0
2023.0,SUV,76480.0
2023.0,SUV,81950.0
2023.0,SUV,93495.0
2023.0,SUV,48888.0
2023.0,SUV,69990.0
2023.0,SUV,54292.0
2023.0,SUV,74399.0
2023.0,SUV,31888.0
2023.0,SUV,32950.0
2023.0,SUV,86705.0
2023.0,SUV,34292.0
2023.0,SUV,129610.0
2023.0,SUV,49880.0
2023.0,SUV,72900.0
2023.0,SUV,35888.0
2023.0,SUV,89386.0
2023.0,SUV,46990.0
2023.0,SUV,38388.0
2023.0,SUV,48960.0
2023.0,SUV,93990.0
2023.0,SUV,125665.0
2023.0,SUV,34011.0
2023.0,SUV,26990.0
2023.0,SUV,60990.0
2023.0,SUV,26990.0
2023.0,SUV,26990.0
2023.0,SUV,35880.0
2023.0,SUV,46490.0
2023.0,SUV,44995.0
2023.0,SUV,34990.0
2023.0,SUV,36250.0
2023.0,SUV,85400.0
2023.0,SUV,34995.0
2023.0,SUV,58475.0
2023.0,SUV,57990.0
2023.0,SUV,64995.0
2023.0,SUV,130140.0
2023.0,SUV,69990.0
2023.0,SUV,39888.0
2023.0,SUV,33990.0
2023.0,SUV,34011.0
2023.0,SUV,46390.0
2023.0,SUV,31010.0
2023.0,SUV,68390.0
2023.0,SUV,72130.0
2023.0,SUV,74540.0
2023.0,SUV,41888.0
2023.0,SUV,37110.0
2023.0,SUV,31990.0
2023.0,SUV,39888.0
2023.0,SUV,67990.0
2023.0,SUV,46799.0
2023.0,SUV,48380.0
2023.0,SUV,59950.0
2023.0,SUV,31990.0
2023.0,SUV,39888.0
2023.0,SUV,28490.0
2023.0,SUV,38995.0
2023.0,SUV,27822.0
2023.0,SUV,31990.0
2023.0,SUV,42790.0
2023.0,SUV,59521.0
2023.0,SUV,38105.0
2023.0,SUV,40990.0
2023.0,SUV,78773.0
2023.0,SUV,31490.0
2023.0,SUV,54990.0
2023.0,SUV,34995.0
2023.0,SUV,31990.0
2023.0,SUV,40995.0
2023.0,SUV,56490.0
2023.0,SUV,80800.0
2023.0,SUV,85218.0
2023.0,SUV,76800.0
2023.0,SUV,48780.0
2023.0,SUV,51990.0
2023.0,SUV,67720.0
2023.0,SUV,27135.0
2023.0,SUV,47990.0
2023.0,SUV,31990.0
2023.0,SUV,71867.0
2023.0,SUV,39998.0
2023.0,SUV,38888.0
2023.0,SUV,47888.0
2023.0,SUV,27990.0
2023.0,SUV,32990.0
2023.0,SUV,41899.0
2023.0,SUV,53240.0
2023.0,SUV,73990.0
2023.0,SUV,37070.0
2023.0,SUV,37370.0
2023.0,SUV,37070.0
2023.0,SUV,70880.0
2023.0,SUV,40995.0
2023.0,SUV,49990.0
2023.0,SUV,40995.0
2023.0,SUV,108888.0
2023.0,SUV,72993.0
2023.0,SUV,72993.0
2023.0,SUV,37888.0
2023.0,SUV,49990.0
2023.0,SUV,47460.0
2023.0,SUV,27010.0
2023.0,SUV,47995.0
2023.0,SUV,81600.0
2023.0,SUV,53239.0
2023.0,SUV,47490.0
2023.0,SUV,41818.0
2023.0,SUV,33990.0
2023.0,SUV,50990.0
2023.0,SUV,39990.0
2023.0,SUV,46777.0
2023.0,SUV,107990.0
2023.0,SUV,73876.0
2023.0,SUV,71990.0
2023.0,SUV,35622.0
2023.0,SUV,54990.0
2023.0,SUV,49999.0
2023.0,SUV,33206.0
2023.0,SUV,34495.0
2023.0,SUV,41888.0
2023.0,SUV,37480.0
2023.0,SUV,135244.0
2023.0,SUV,49890.0
2023.0,SUV,44888.0
2023.0,SUV,52867.0
2023.0,SUV,99888.0
2023.0,SUV,74888.0
2023.0,SUV,74888.0
2023.0,SUV,74888.0
2023.0,SUV,75490.0
2023.0,SUV,75490.0
2023.0,SUV,30888.0
2023.0,SUV,48490.0
2023.0,SUV,75990.0
2023.0,SUV,75990.0
2023.0,SUV,75990.0
2023.0,SUV,35990.0
2023.0,SUV,32690.0
2023.0,SUV,71720.0
2023.0,SUV,25990.0
2023.0,SUV,42995.0
2023.0,SUV,31990.0
2023.0,SUV,60480.0
2023.0,SUV,86900.0
2023.0,SUV,24710.0
2023.0,SUV,32690.0
2023.0,SUV,33490.0
2023.0,SUV,47777.0
2023.0,SUV,72990.0
2023.0,SUV,22850.0
2023.0,SUV,71990.0
2023.0,SUV,87626.0
2023.0,SUV,34880.0
2023.0,SUV,34777.0
2023.0,SUV,29990.0
2023.0,SUV,85000.0
2023.0,SUV,35990.0
2023.0,SUV,25888.0
2023.0,SUV,49990.0
2023.0,SUV,50848.0
2023.0,SUV,29990.0
2023.0,SUV,48799.0
2023.0,SUV,104895.0
2023.0,SUV,28830.0
2023.0,SUV,33980.0
2023.0,SUV,47777.0
2023.0,SUV,79800.0
2023.0,SUV,46300.0
2023.0,SUV,46300.0
2023.0,SUV,46300.0
2023.0,SUV,46777.0
2023.0,SUV,46300.0
2023.0,SUV,46300.0
2023.0,SUV,92990.0
2023.0,SUV,47777.0
2023.0,SUV,38888.0
2023.0,SUV,38888.0
2023.0,SUV,51080.0
2023.0,SUV,51080.0
2023.0,SUV,51080.0
2023.0,SUV,39888.0
2023.0,SUV,30888.0
2023.0,SUV,24990.0
2023.0,SUV,24990.0
2023.0,SUV,39490.0
2023.0,SUV,37280.0
2023.0,SUV,119530.0
2023.0,SUV,81990.0
2023.0,SUV,92473.0
2023.0,SUV,82897.0
2023.0,SUV,46799.0
2023.0,SUV,98888.0
2023.0,SUV,69990.0
2023.0,SUV,49890.0
2023.0,SUV,46300.0
2023.0,SUV,128999.0
2023.0,SUV,46888.0
2023.0,SUV,37995.0
2023.0,SUV,36868.0
2023.0,SUV,46888.0
2023.0,SUV,63999.0
2023.0,SUV,39990.0
2023.0,SUV,35990.0
2023.0,SUV,38888.0
2023.0,SUV,29495.0
2023.0,SUV,42990.0
2023.0,SUV,40995.0
2023.0,SUV,47888.0
2023.0,SUV,46990.0
2023.0,SUV,34690.0
2023.0,SUV,38990.0
2023.0,SUV,34690.0
2023.0,SUV,78990.0
2023.0,SUV,48399.0
2023.0,SUV,86990.0
2023.0,SUV,86990.0
2023.0,SUV,138868.0
2023.0,SUV,30921.0
2023.0,SUV,87990.0
2023.0,SUV,87990.0
2023.0,SUV,87990.0
2023.0,SUV,45310.0
2023.0,SUV,51930.0
2023.0,SUV,87990.0
2023.0,SUV,88990.0
2023.0,SUV,88990.0
2023.0,SUV,88990.0
2023.0,SUV,88990.0
2023.0,SUV,69890.0
2023.0,SUV,36980.0
2023.0,SUV,89990.0
2023.0,SUV,58990.0
2023.0,SUV,89990.0
2023.0,SUV,89990.0
2023.0,SUV,102990.0
2023.0,SUV,39888.0
2023.0,SUV,52990.0
2023.0,SUV,67980.0
2023.0,SUV,50888.0
2023.0,SUV,44280.0
2023.0,SUV,28888.0
2023.0,SUV,40510.0
2023.0,SUV,50888.0
2023.0,SUV,40990.0
2023.0,SUV,56990.0
2023.0,SUV,33980.0
2023.0,SUV,32950.0
2023.0,SUV,58379.0
2023.0,SUV,51990.0
2023.0,SUV,34990.0
2023.0,SUV,29990.0
2023.0,SUV,28888.0
2023.0,SUV,80850.0
2023.0,SUV,38105.0
2023.0,SUV,55990.0
2023.0,SUV,77880.0
2023.0,SUV,31990.0
2023.0,SUV,51888.0
2023.0,SUV,85300.0
2023.0,SUV,56990.0
2023.0,SUV,56995.0
2023.0,SUV,51583.0
2023.0,SUV,63888.0
2023.0,SUV,39888.0
2023.0,SUV,63888.0
2023.0,SUV,98990.0
2023.0,SUV,98990.0
2023.0,SUV,98990.0
2023.0,SUV,78890.0
2023.0,SUV,87990.0
2023.0,SUV,99490.0
2023.0,SUV,57890.0
2023.0,SUV,38888.0
2023.0,SUV,99990.0
2023.0,SUV,99990.0
2023.0,SUV,44741.0
2023.0,SUV,44888.0
2023.0,SUV,34990.0
2023.0,SUV,77990.0
2023.0,SUV,29995.0
2023.0,SUV,102933.0
2023.0,SUV,69990.0
2023.0,SUV,31950.0
2023.0,SUV,23990.0
2023.0,SUV,77888.0
2023.0,SUV,64501.0
2023.0,SUV,33888.0
2023.0,SUV,41890.0
2023.0,SUV,41314.0
2023.0,SUV,41890.0
2023.0,SUV,28995.0
2023.0,SUV,73366.0
2023.0,SUV,94900.0
2023.0,SUV,34011.0
2023.0,SUV,73385.0
2023.0,SUV,34011.0
2023.0,SUV,39990.0
2023.0,SUV,39990.0
2023.0,SUV,85888.0
2023.0,SUV,29750.0
2023.0,SUV,58936.0
2023.0,SUV,43990.0
2023.0,SUV,49990.0
2023.0,SUV,54888.0
2023.0,SUV,53061.0
2023.0,SUV,71059.0
2023.0,SUV,55990.0
2023.0,SUV,39990.0
2023.0,SUV,34011.0
2023.0,SUV,29990.0
2023.0,SUV,41895.0
2023.0,SUV,79990.0
2023.0,SUV,43888.0
2023.0,SUV,65990.0
2023.0,SUV,85301.0
2023.0,SUV,102990.0
2023.0,SUV,61990.0
2023.0,SUV,103040.0
2023.0,SUV,32950.0
2023.0,SUV,48901.0
2023.0,SUV,49888.0
2023.0,SUV,39990.0
2023.0,SUV,70490.0
2023.0,SUV,85900.0
2023.0,SUV,32950.0
2023.0,SUV,73990.0
2023.0,SUV,25810.0
2023.0,SUV,74480.0
2023.0,SUV,46333.0
2023.0,SUV,98888.0
2023.0,SUV,89950.0
2023.0,SUV,38845.0
2023.0,SUV,29990.0
2023.0,SUV,118990.0
2023.0,SUV,79800.0
2023.0,SUV,33990.0
2023.0,SUV,59700.0
2023.0,SUV,35880.0
2023.0,SUV,62990.0
2023.0,SUV,32990.0
2023.0,SUV,78440.0
2023.0,SUV,68990.0
2023.0,SUV,78440.0
2023.0,SUV,68990.0
2023.0,SUV,42990.0
2023.0,SUV,58950.0
2023.0,SUV,92990.0
2023.0,SUV,46821.0
2023.0,SUV,57650.0
2023.0,SUV,61890.0
2023.0,SUV,71700.0
2023.0,SUV,41888.0
2023.0,SUV,131788.0
2023.0,SUV,47770.0
2023.0,SUV,81990.0
2023.0,SUV,75990.0
2023.0,SUV,75990.0
2023.0,SUV,28990.0
2023.0,SUV,112790.0
2023.0,SUV,92900.0
2023.0,SUV,63739.0
2023.0,SUV,38290.0
2023.0,SUV,36490.0
2023.0,SUV,84990.0
2023.0,SUV,31990.0
2023.0,SUV,122990.0
2023.0,SUV,57950.0
2023.0,SUV,38290.0
2023.0,SUV,45988.0
2023.0,SUV,36040.0
2023.0,SUV,57880.0
2023.0,SUV,122990.0
2023.0,SUV,59990.0
2023.0,SUV,27831.0
2023.0,SUV,69900.0
2023.0,SUV,42990.0
2023.0,SUV,55900.0
2023.0,SUV,27831.0
2023.0,SUV,51990.0
2023.0,SUV,35947.0
2023.0,SUV,49490.0
2023.0,SUV,20990.0
2023.0,SUV,40990.0
2023.0,SUV,140840.0
2023.0,SUV,53888.0
2023.0,SUV,38290.0
2023.0,SUV,63990.0
2023.0,SUV,44741.0
2023.0,SUV,42140.0
2023.0,SUV,59888.0
2023.0,SUV,32981.0
2023.0,SUV,139990.0
2023.0,SUV,119621.0
2023.0,SUV,70021.0
2023.0,SUV,29891.0
2023.0,SUV,48990.0
2023.0,SUV,51983.0
2023.0,SUV,147967.0
2023.0,SUV,91880.0
2023.0,SUV,147967.0
2023.0,SUV,46880.0
2023.0,SUV,93900.0
2023.0,SUV,57995.0
2023.0,SUV,62330.0
2023.0,Sedan,69990.0
2023.0,Sedan,69990.0
2023.0,Sedan,76220.0
2023.0,Sedan,69990.0
2023.0,Sedan,66868.0
2023.0,Sedan,29860.0
2023.0,Sedan,32970.0
2023.0,Sedan,48703.0
2023.0,Sedan,32999.0
2023.0,Sedan,102990.0
2023.0,Sedan,103985.0
2023.0,Sedan,38100.0
2023.0,Sedan,32500.0
2023.0,Sedan,27999.0
2023.0,Sedan,47390.0
2023.0,Sedan,78990.0
2023.0,Sedan,79950.0
2023.0,Sedan,93888.0
2023.0,Sedan,75888.0
2023.0,Sedan,75888.0
2023.0,Sedan,25990.0
2023.0,Sedan,25990.0
2023.0,Sedan,35010.0
2023.0,Sedan,166995.0
2023.0,Sedan,44216.0
2023.0,Sedan,35525.0
2023.0,Sedan,37070.0
2023.0,Sedan,79887.0
2023.0,Sedan,66986.0
2023.0,Sedan,58500.0
2023.0,Sedan,29950.0
2023.0,Sedan,79124.0
2023.0,Sedan,43963.0
2023.0,Sedan,37585.0
2023.0,Sedan,189990.0
2023.0,Sedan,57785.0
2023.0,Sedan,20900.0
2023.0,Sedan,73098.0
2023.0,Sedan,51025.0
2023.0,Sedan,68633.0
2023.0,Sedan,68633.0
2023.0,Sedan,21900.0
2023.0,Sedan,68633.0
2023.0,Sedan,139888.0
2023.0,Sedan,34995.0
2023.0,Sedan,20900.0
2023.0,Sedan,20900.0
2023.0,Sedan,66700.0
2023.0,Sedan,67990.0
2023.0,Sedan,74888.0
2023.0,Sedan,39130.0
2023.0,Sedan,39130.0
2023.0,Sedan,20900.0
2023.0,Sedan,21900.0
2023.0,Sedan,20900.0
2023.0,Sedan,20900.0
2023.0,Sedan,89668.0
2023.0,Sedan,37070.0
2023.0,Sedan,80895.0
2023.0,Sedan,38100.0
2023.0,Sedan,37070.0
2023.0,Sedan,72888.0
2023.0,Sedan,33980.0
2023.0,Sedan,38100.0
2023.0,Sedan,30990.0
2023.0,Sedan,38100.0
2023.0,Sedan,38100.0
2023.0,Sedan,38100.0
2023.0,Sedan,62400.0
2023.0,Sedan,91605.0
2023.0,Sedan,75800.0
2023.0,Sedan,99000.0
2023.0,Sedan,25444.0
2023.0,Sedan,94178.0
2023.0,Sedan,25990.0
2023.0,Sedan,46340.0
2023.0,Sedan,37574.0
2023.0,Sedan,40330.0
2023.0,Sedan,63985.0
2023.0,Sedan,66200.0
2023.0,Sedan,43950.0
2023.0,Sedan,48490.0
2023.0,Sedan,42990.0
2023.0,Sedan,65800.0
2023.0,Sedan,46990.0
2023.0,Sedan,59449.0
2023.0,Sedan,63894.0
2023.0,Sedan,20990.0
2023.0,Sedan,25591.0
2023.0,Sedan,25591.0
2023.0,Sedan,104900.0
2023.0,Sedan,79900.0
2023.0,Sedan,47990.0
2023.0,Sedan,43990.0
2023.0,Sedan,71445.0
2023.0,Sedan,73990.0
2023.0,Sedan,70990.0
2023.0,Sedan,50990.0
2023.0,Sedan,67990.0
2023.0,Sedan,53888.0
2023.0,Sedan,46462.0
2023.0,Sedan,53888.0
2023.0,Sedan,57795.0
2023.0,Sedan,32488.0
2023.0,Sedan,174999.0
2023.0,Sedan,131800.0
2023.0,Sedan,59990.0
2023.0,Sedan,48888.0
2023.0,Sedan,30990.0
2023.0,Sedan,75990.0
2023.0,Sedan,78990.0
2023.0,Sedan,45490.0
2023.0,Sedan,41895.0
2023.0,Sedan,39950.0
2023.0,Sedan,25591.0
2023.0,Sedan,77990.0
2023.0,Sedan,21999.0
2023.0,Sedan,26551.0
2023.0,Sedan,128868.0
2023.0,Sedan,34990.0
2023.0,Sedan,164900.0
2023.0,Sedan,33000.0
2023.0,Sedan,52417.0
2023.0,Sedan,74888.0
2023.0,Sedan,93880.0
2023.0,Sedan,128186.0
2023.0,Sedan,41990.0
2023.0,Sedan,58458.0
2023.0,Sedan,61480.0
2023.0,Sedan,42990.0
2023.0,Sedan,126862.0
2023.0,Sedan,50900.0
2023.0,Sedan,127423.0
2023.0,Sedan,40787.0
2023.0,Sedan,35990.0
2023.0,Sedan,75234.0
2023.0,Sedan,128092.0
2023.0,Sedan,33765.0
2023.0,Sedan,49500.0
2023.0,Sedan,199911.0
2023.0,Sedan,67900.0
2023.0,Sedan,54888.0
2023.0,Sedan,130005.0
2023.0,Sedan,33970.0
2023.0,Sedan,54990.0
2023.0,Sedan,50400.0
2023.0,Sedan,32890.0
2023.0,Sedan,42990.0
2023.0,Sedan,69990.0
2023.0,Sedan,69990.0
2023.0,Sedan,75800.0
2023.0,Sedan,130868.0
2023.0,Sedan,50900.0
2023.0,Sedan,138900.0
2023.0,Sedan,83990.0
2023.0,Sedan,61990.0
2023.0,Sedan,80807.0
2023.0,Sedan,47283.0
2023.0,Sedan,77990.0
2023.0,Sedan,77990.0
2023.0,Sedan,43204.0
2023.0,Sedan,79990.0
2023.0,Sedan,79990.0
2023.0,Sedan,79990.0
2023.0,Sedan,79990.0
2023.0,Sedan,79990.0
2023.0,Sedan,69161.0
2023.0,Sedan,82990.0
2023.0,Sedan,82990.0
2023.0,Sedan,83400.0
2023.0,Sedan,89990.0
2023.0,Sedan,34293.0
2023.0,Sedan,86888.0
2023.0,Sedan,41990.0
2023.0,Sedan,74888.0
2023.0,Sedan,43888.0
2023.0,Sedan,43888.0
2023.0,Sedan,205300.0
2023.0,Sedan,205500.0
2023.0,Sedan,214600.0
2023.0,Sedan,215800.0
2023.0,Sedan,225200.0
2023.0,Sedan,249500.0
2023.0,Sedan,251400.0
2023.0,Sedan,260800.0
2023.0,Sedan,297500.0
2023.0,Sedan,316400.0
2023.0,Ute/Pickup,114950.0
2023.0,Ute/Pickup,43990.0
2023.0,Ute/Pickup,38900.0
2023.0,Ute/Pickup,59895.0
2023.0,Ute/Pickup,45990.0
2023.0,Ute/Pickup,142890.0
2023.0,Ute/Pickup,56840.0
2023.0,Ute/Pickup,54070.0
2023.0,Ute/Pickup,96645.0
2023.0,Ute/Pickup,79999.0
2023.0,Ute/Pickup,42990.0
2023.0,Ute/Pickup,74990.0
2023.0,Ute/Pickup,49990.0
2023.0,Ute/Pickup,122708.0
2023.0,Ute/Pickup,66498.0
2023.0,Ute/Pickup,56558.0
2023.0,Ute/Pickup,122708.0
2023.0,Ute/Pickup,122708.0
2023.0,Ute/Pickup,122708.0
2023.0,Ute/Pickup,122708.0
2023.0,Ute/Pickup,122708.0
2023.0,Ute/Pickup,56490.0
2023.0,Ute/Pickup,58450.0
2023.0,Ute/Pickup,60450.0
2023.0,Ute/Pickup,96990.0
2023.0,Ute/Pickup,64450.0
2023.0,Ute/Pickup,44999.0
2023.0,Ute/Pickup,71044.0
2023.0,Ute/Pickup,71044.0
2023.0,Ute/Pickup,122708.0
2023.0,Ute/Pickup,67340.0
2023.0,Ute/Pickup,122708.0
2023.0,Ute/Pickup,69450.0
2023.0,Ute/Pickup,53690.0
2023.0,Ute/Pickup,54740.0
2023.0,Ute/Pickup,118394.0
2023.0,Ute/Pickup,61990.0
2023.0,Ute/Pickup,71678.0
2023.0,Ute/Pickup,63552.0
2023.0,Ute/Pickup,58999.0
2023.0,Ute/Pickup,59395.0
2023.0,Ute/Pickup,59888.0
2023.0,Ute/Pickup,66702.0
2023.0,Ute/Pickup,67450.0
2023.0,Ute/Pickup,69450.0
2023.0,Ute/Pickup,49990.0
2023.0,Ute/Pickup,59465.0
2023.0,Ute/Pickup,57402.0
2023.0,Ute/Pickup,43990.0
2023.0,Ute/Pickup,73999.0
2023.0,Ute/Pickup,49990.0
2023.0,Ute/Pickup,63173.0
2023.0,Ute/Pickup,125090.0
2023.0,Ute/Pickup,43442.0
2023.0,Ute/Pickup,47390.0
2023.0,Ute/Pickup,48350.0
2023.0,Ute/Pickup,62990.0
2023.0,Ute/Pickup,128771.0
2023.0,Ute/Pickup,44990.0
2023.0,Ute/Pickup,84140.0
2023.0,Ute/Pickup,59990.0
2023.0,Ute/Pickup,62090.0
2023.0,Ute/Pickup,59990.0
2023.0,Ute/Pickup,63990.0
2023.0,Ute/Pickup,57888.0
2023.0,Ute/Pickup,58950.0
2023.0,Ute/Pickup,58990.0
2023.0,Ute/Pickup,37990.0
2023.0,Ute/Pickup,62990.0
2023.0,Ute/Pickup,67085.0
2023.0,Ute/Pickup,43990.0
2023.0,Ute/Pickup,51990.0
2023.0,Ute/Pickup,54988.0
2023.0,Ute/Pickup,53990.0
2023.0,Ute/Pickup,51990.0
2023.0,Ute/Pickup,57999.0
2023.0,Ute/Pickup,49840.0
2023.0,Ute/Pickup,58456.0
2023.0,Ute/Pickup,77990.0
2023.0,Ute/Pickup,63896.0
2023.0,Ute/Pickup,75990.0
2023.0,Ute/Pickup,57990.0
2023.0,Ute/Pickup,116990.0
2023.0,Ute/Pickup,85270.0
2023.0,Ute/Pickup,35990.0
2023.0,Ute/Pickup,35990.0
2023.0,Ute/Pickup,85270.0
2023.0,Ute/Pickup,43990.0
2023.0,Ute/Pickup,69999.0
2023.0,Ute/Pickup,108990.0
2023.0,Ute/Pickup,52999.0
2023.0,Ute/Pickup,66000.0
2023.0,Ute/Pickup,66990.0
2023.0,Ute/Pickup,36890.0
2023.0,Ute/Pickup,67340.0
2023.0,Ute/Pickup,58490.0
2023.0,Ute/Pickup,36990.0
2023.0,Ute/Pickup,106990.0
2023.0,Ute/Pickup,76990.0
2023.0,Ute/Pickup,36990.0
2023.0,Ute/Pickup,56985.0
2023.0,Ute/Pickup,36990.0
2023.0,Ute/Pickup,36990.0
2023.0,Ute/Pickup,36990.0
2023.0,Ute/Pickup,73474.0
2023.0,Ute/Pickup,60987.0
2023.0,Ute/Pickup,60987.0
2023.0,Ute/Pickup,51888.0
2023.0,Ute/Pickup,60990.0
2023.0,Ute/Pickup,50990.0
2023.0,Ute/Pickup,44990.0
2023.0,Ute/Pickup,69990.0
2023.0,Ute/Pickup,35990.0
2023.0,Ute/Pickup,36990.0
2023.0,Ute/Pickup,67990.0
2023.0,Ute/Pickup,53219.0
2023.0,Ute/Pickup,75990.0
2023.0,Ute/Pickup,54635.0
2023.0,Ute/Pickup,59990.0
2023.0,Ute/Pickup,73770.0
2023.0,Ute/Pickup,59490.0
2023.0,Ute/Pickup,59490.0
2023.0,Ute/Pickup,68549.0
2023.0,Ute/Pickup,63990.0
2023.0,Ute/Pickup,59490.0
2023.0,Ute/Pickup,36555.0
2023.0,Ute/Pickup,57990.0
2023.0,Ute/Pickup,55990.0
2023.0,Ute/Pickup,69990.0
2023.0,Ute/Pickup,40480.0
2023.0,Ute/Pickup,35970.0
2023.0,Ute/Pickup,38990.0
2023.0,Ute/Pickup,38990.0
2023.0,Ute/Pickup,53899.0
2023.0,Ute/Pickup,38990.0
2023.0,Ute/Pickup,38990.0
2023.0,Ute/Pickup,56840.0
2023.0,Ute/Pickup,47995.0
2023.0,Ute/Pickup,59990.0
2023.0,Ute/Pickup,61490.0
2023.0,Ute/Pickup,76990.0
2023.0,Ute/Pickup,73722.0
2023.0,Ute/Pickup,53990.0
2023.0,Ute/Pickup,59490.0
2023.0,Ute/Pickup,45310.0
2023.0,Ute/Pickup,42990.0
2023.0,Ute/Pickup,67599.0
2023.0,Ute/Pickup,47460.0
2023.0,Ute/Pickup,66702.0
2023.0,Ute/Pickup,39990.0
2023.0,Ute/Pickup,87705.0
2023.0,Ute/Pickup,69980.0
2023.0,Ute/Pickup,56840.0
2023.0,Ute/Pickup,69980.0
2023.0,Ute/Pickup,35010.0
2023.0,Ute/Pickup,59490.0
2023.0,Ute/Pickup,78519.0
2023.0,Ute/Pickup,73722.0
2023.0,Ute/Pickup,58990.0
2023.0,Ute/Pickup,73778.0
2023.0,Ute/Pickup,55115.0
2023.0,Ute/Pickup,62999.0
2023.0,Ute/Pickup,66450.0
2023.0,Ute/Pickup,65510.0
2023.0,Ute/Pickup,43442.0
2023.0,Ute/Pickup,88999.0
2023.0,Ute/Pickup,48990.0
2023.0,Ute/Pickup,36888.0
2023.0,Ute/Pickup,52088.0
2023.0,Ute/Pickup,56990.0
2023.0,Ute/Pickup,60695.0
2023.0,Ute/Pickup,114950.0
2023.0,Ute/Pickup,61990.0
2023.0,Ute/Pickup,48683.0
2023.0,Ute/Pickup,36990.0
2023.0,Ute/Pickup,121990.0
2023.0,Ute/Pickup,42888.0
2023.0,Ute/Pickup,52990.0
2023.0,Ute/Pickup,57890.0
2023.0,Ute/Pickup,54888.0
2023.0,Ute/Pickup,70990.0
2023.0,Ute/Pickup,48350.0
2023.0,Ute/Pickup,60788.0
2023.0,Ute/Pickup,69990.0
2023.0,Ute/Pickup,42990.0
2023.0,Ute/Pickup,64990.0
2023.0,Ute/Pickup,63499.0
2023.0,Ute/Pickup,64990.0
2023.0,Ute/Pickup,68150.0
2023.0,Ute/Pickup,63990.0
2023.0,Ute/Pickup,56990.0
2023.0,Ute/Pickup,43600.0
2023.0,Ute/Pickup,55888.0
2023.0,Ute/Pickup,91999.0
2023.0,Ute/Pickup,47990.0
2023.0,Ute/Pickup,63990.0
2023.0,Ute/Pickup,53990.0
2023.0,Ute/Pickup,61990.0
2023.0,Ute/Pickup,71236.0
2023.0,Ute/Pickup,94765.0
2023.0,Ute/Pickup,109990.0
2023.0,Ute/Pickup,56990.0
2023.0,Ute/Pickup,61990.0
2023.0,Ute/Pickup,38990.0
2023.0,Ute/Pickup,47890.0
2023.0,Ute/Pickup,69990.0
2023.0,Ute/Pickup,74530.0
2023.0,Ute/Pickup,62888.0
2023.0,Ute/Pickup,68285.0
2023.0,Ute/Pickup,53990.0
2023.0,Ute/Pickup,63488.0
2023.0,Ute/Pickup,63488.0
2023.0,Ute/Pickup,70279.0
2023.0,Ute/Pickup,66722.0
2023.0,Ute/Pickup,36990.0
2023.0,Ute/Pickup,64990.0
2023.0,Ute/Pickup,51427.0
2023.0,Ute/Pickup,49990.0
2023.0,Ute/Pickup,49990.0
2023.0,Ute/Pickup,56840.0
2023.0,Ute/Pickup,57990.0
2023.0,Ute/Pickup,59590.0
2023.0,Ute/Pickup,69000.0
2023.0,Ute/Pickup,62340.0
2023.0,Ute/Pickup,45310.0
2023.0,Ute/Pickup,83450.0
2023.0,Ute/Pickup,51550.0
2023.0,Ute/Pickup,44990.0
2023.0,Ute/Pickup,57190.0
2023.0,Ute/Pickup,46730.0
2023.0,Ute/Pickup,47990.0
2023.0,Ute/Pickup,65240.0
2023.0,Ute/Pickup,39990.0
2023.0,Ute/Pickup,52990.0
2023.0,Ute/Pickup,63990.0
2023.0,Ute/Pickup,59881.0
2023.0,Ute/Pickup,54990.0
2023.0,Ute/Pickup,85999.0
2023.0,Ute/Pickup,63888.0
2023.0,Ute/Pickup,35990.0
2023.0,Ute/Pickup,56315.0
2023.0,Ute/Pickup,49888.0
2023.0,Ute/Pickup,56888.0
2023.0,Ute/Pickup,56888.0
2023.0,Ute/Pickup,37070.0
2023.0,Ute/Pickup,49000.0
2023.0,Ute/Pickup,79990.0
2023.0,Ute/Pickup,44588.0
2023.0,Ute/Pickup,128484.0
2023.0,Ute/Pickup,43990.0
2023.0,Ute/Pickup,52640.0
2023.0,Ute/Pickup,49990.0
2023.0,Ute/Pickup,61990.0
2023.0,Ute/Pickup,42990.0
2023.0,Ute/Pickup,70490.0
2023.0,Ute/Pickup,51867.0
2023.0,Ute/Pickup,51867.0
2023.0,Ute/Pickup,36990.0
2023.0,Ute/Pickup,40168.0
2023.0,Ute/Pickup,52000.0
2023.0,Ute/Pickup,89450.0
2023.0,Ute/Pickup,74690.0
2023.0,Ute/Pickup,52888.0
2023.0,Ute/Pickup,66490.0
2023.0,Ute/Pickup,61888.0
2023.0,Ute/Pickup,62450.0
2023.0,Ute/Pickup,54990.0
2023.0,Ute/Pickup,37070.0
2023.0,Ute/Pickup,81994.0
2023.0,Ute/Pickup,69618.0
2023.0,Ute/Pickup,53239.0
2023.0,Ute/Pickup,53239.0
2023.0,Ute/Pickup,88384.0
2023.0,Ute/Pickup,45990.0
2023.0,Ute/Pickup,88340.0
2023.0,Ute/Pickup,53995.0
2023.0,Ute/Pickup,83990.0
2023.0,Ute/Pickup,38888.0
2023.0,Ute/Pickup,69990.0
2023.0,Ute/Pickup,59399.0
2023.0,Ute/Pickup,65990.0
2023.0,Ute/Pickup,48440.0
2023.0,Ute/Pickup,71345.0
2023.0,Ute/Pickup,59990.0
2023.0,Ute/Pickup,47990.0
2023.0,Ute/Pickup,56990.0
2023.0,Ute/Pickup,53990.0
2023.0,Ute/Pickup,54990.0
2023.0,Ute/Pickup,60990.0
2023.0,Ute/Pickup,36990.0
2023.0,Ute/Pickup,78799.0
2023.0,Ute/Pickup,58990.0
2023.0,Ute/Pickup,59990.0
2023.0,Ute/Pickup,48990.0
2023.0,Ute/Pickup,64190.0
2023.0,Ute/Pickup,114950.0
2023.0,Ute/Pickup,72990.0
2023.0,Ute/Pickup,41436.0
2023.0,Ute/Pickup,114950.0
2023.0,Ute/Pickup,66000.0
2023.0,Ute/Pickup,66990.0
2023.0,Ute/Pickup,66990.0
2023.0,Ute/Pickup,67990.0
2023.0,Ute/Pickup,68990.0
2023.0,Ute/Pickup,58731.0
2023.0,Ute/Pickup,50888.0
2023.0,Ute/Pickup,76990.0
2023.0,Ute/Pickup,74540.0
2023.0,Ute/Pickup,78490.0
2023.0,Ute/Pickup,72590.0
2023.0,Ute/Pickup,59990.0
2023.0,Ute/Pickup,59990.0
2023.0,Ute/Pickup,38990.0
2023.0,Ute/Pickup,37990.0
2023.0,Ute/Pickup,72990.0
2023.0,Ute/Pickup,72990.0
2023.0,Ute/Pickup,72990.0
2023.0,Ute/Pickup,64000.0
2023.0,Ute/Pickup,48495.0
2023.0,Ute/Pickup,48000.0
2023.0,Ute/Pickup,60995.0
2023.0,Ute/Pickup,76000.0
2023.0,Ute/Pickup,43281.0
2023.0,Ute/Pickup,53995.0
2023.0,Ute/Pickup,45990.0
2023.0,Ute/Pickup,69990.0
2023.0,Ute/Pickup,139990.0
2023.0,Ute/Pickup,79000.0
2023.0,Ute/Pickup,80150.0
2023.0,Ute/Pickup,72738.0
2023.0,Ute/Pickup,34888.0
2023.0,Ute/Pickup,61490.0
2023.0,Ute/Pickup,41888.0
2023.0,Ute/Pickup,56995.0
2023.0,Ute/Pickup,46320.0
2023.0,Ute/Pickup,58990.0
2023.0,Ute/Pickup,36071.0
2023.0,Ute/Pickup,48440.0
2023.0,Ute/Pickup,53995.0
2023.0,Ute/Pickup,47500.0
2023.0,Ute/Pickup,61050.0
2023.0,Ute/Pickup,119912.0
2023.0,Ute/Pickup,61283.0
2023.0,Ute/Pickup,58888.0
2023.0,Ute/Pickup,54611.0
2023.0,Ute/Pickup,72705.0
2023.0,Ute/Pickup,58888.0
2023.0,Ute/Pickup,101165.0
2023.0,Ute/Pickup,69990.0
2023.0,Ute/Pickup,46790.0
2023.0,Ute/Pickup,44990.0
2023.0,Ute/Pickup,109990.0
2023.0,Ute/Pickup,112000.0
2023.0,Ute/Pickup,46790.0
2023.0,Ute/Pickup,112990.0
2023.0,Ute/Pickup,112990.0
2023.0,Ute/Pickup,112990.0
2023.0,Ute/Pickup,72990.0
2023.0,Ute/Pickup,79990.0
2023.0,Ute/Pickup,87990.0
2023.0,Ute/Pickup,44500.0
2023.0,Ute/Pickup,58731.0
2023.0,Ute/Pickup,44500.0
2023.0,Ute/Pickup,61490.0
2023.0,Ute/Pickup,62856.0
2023.0,Ute/Pickup,138900.0
2023.0,Ute/Pickup,64419.0
2023.0,Ute/Pickup,139990.0
2023.0,Ute/Pickup,139990.0
2023.0,Ute/Pickup,139990.0
2023.0,Ute/Pickup,56326.0
2023.0,Ute/Pickup,60995.0
2023.0,Ute/Pickup,68688.0
2023.0,Ute/Pickup,84990.0
2023.0,Ute/Pickup,48800.0
2023.0,Ute/Pickup,81900.0
2023.0,Ute/Pickup,72121.0
2023.0,Ute/Pickup,55990.0
2023.0,Ute/Pickup,130990.0
2023.0,Ute/Pickup,62995.0
2023.0,Ute/Pickup,55990.0
2023.0,Ute/Pickup,56990.0
2023.0,Ute/Pickup,56990.0
2023.0,Ute/Pickup,60791.0
2023.0,Ute/Pickup,53888.0
2023.0,Ute/Pickup,48999.0
2023.0,Ute/Pickup,50990.0
2023.0,Van,54740.0
2023.0,Van,98774.0
2023.0,Van,32990.0
2023.0,Van,33490.0
2023.0,Van,50888.0
2023.0,Van,35990.0
2023.0,Van,35990.0
2023.0,Van,54740.0
2023.0,Van,59210.0
2023.0,Van,38121.0
2023.0,Van,38488.0
2023.0,Van,38488.0
2023.0,Van,61990.0
2023.0,Van,58990.0
2023.0,Van,88980.0
2023.0,Van,88980.0
2023.0,Van,41590.0
2023.0,Van,47990.0
2023.0,Van,42390.0
2023.0,Van,42990.0
2023.0,Van,60690.0
2023.0,Van,51980.0
2023.0,Van,53945.0
2023.0,Van,61769.0
2023.0,Van,51980.0
2023.0,Van,44590.0
2023.0,Van,44988.0
2023.0,Van,44988.0
2023.0,Van,44988.0
2023.0,Van,44988.0
2023.0,Van,67150.0
2023.0,Van,44990.0
2023.0,Van,37150.0
2023.0,Van,45990.0
2023.0,Van,46490.0
2023.0,Van,46490.0
2023.0,Van,50540.0
2023.0,Van,46590.0
2023.0,Van,55200.0
2023.0,Van,44990.0
2023.0,Van,46490.0
2023.0,Van,46490.0
2023.0,Van,40668.0
2023.0,Van,50540.0
2023.0,Van,49867.0
2023.0,Van,33990.0
2023.0,Van,35990.0
2023.0,Van,44390.0
2023.0,Van,56098.0
2023.0,Van,51980.0
2023.0,Van,53038.0
2023.0,Van,44000.0
2023.0,Van,44990.0
2023.0,Van,31868.0
2023.0,Van,38316.0
2023.0,Van,54310.0
2023.0,Van,34990.0
2023.0,Van,32950.0
2023.0,Van,31067.0
2023.0,Van,60990.0
2023.0,Van,52990.0
2023.0,Van,33990.0
2023.0,Van,63490.0
2023.0,Van,31058.0
2023.0,Van,52705.0
2023.0,Van,52705.0
2023.0,Van,40990.0
2023.0,Van,54740.0
2023.0,Van,56090.0
2023.0,Van,71990.0
2023.0,Van,56990.0
2023.0,Van,52888.0
2023.0,Van,34990.0
2023.0,Van,33990.0
2023.0,Van,83560.0
2023.0,Van,53990.0
2023.0,Van,52990.0
2023.0,Van,49895.0
2023.0,Van,53052.0
2023.0,Van,46490.0
2023.0,Van,38131.0
2023.0,Van,43990.0
2023.0,Van,55990.0
2023.0,Van,57130.0
2023.0,Wagon,97990.0
2023.0,Wagon,63888.0
2023.0,Wagon,72390.0
2023.0,Wagon,68888.0
2023.0,Wagon,68888.0
2023.0,Wagon,38988.0
2023.0,Wagon,39988.0
2023.0,Wagon,39990.0
2023.0,Wagon,39990.0
2023.0,Wagon,41990.0
2023.0,Wagon,39480.0
2023.0,Wagon,43990.0
2023.0,Wagon,76888.0
2023.0,Wagon,49490.0
2023.0,Wagon,37990.0
2023.0,Wagon,68990.0
2023.0,Wagon,50006.0
2023.0,Wagon,64450.0
2023.0,Wagon,40160.0
2023.0,Wagon,38990.0
2023.0,Wagon,47052.0
2023.0,Wagon,195900.0
2023.0,Wagon,49990.0
2023.0,Wagon,223200.0
2023.0,Wagon,258700.0
