year,bodytype_std,state,price
2014.0,Hatchback,ACT,15347.0
2014.0,Hatchback,ACT,22570.0
2014.0,SUV,ACT,16068.0
2014.0,SUV,ACT,32503.0
2014.0,SUV,ACT,13380.0
2014.0,Sedan,ACT,41190.0
2014.0,Sedan,ACT,11320.0
2014.0,Ute/Pickup,ACT,24195.0
2014.0,Convertible,NSW,55790.0
2014.0,Coupe,NSW,79800.0
2014.0,Coupe,NSW,24800.0
2014.0,Coupe,NSW,27800.0
2014.0,Hatchback,NSW,17500.0
2014.0,Hatchback,NSW,17500.0
2014.0,Hatchback,NSW,15440.0
2014.0,Hatchback,NSW,16470.0
2014.0,Hatchback,NSW,26677.0
2014.0,Hatchback,NSW,23880.0
2014.0,Hatchback,NSW,22650.0
2014.0,Hatchback,NSW,22650.0
2014.0,Hatchback,NSW,15440.0
2014.0,SUV,NSW,34814.0
2014.0,SUV,NSW,20590.0
2014.0,SUV,NSW,29860.0
2014.0,SUV,NSW,18520.0
2014.0,SUV,NSW,21620.0
2014.0,SUV,NSW,24597.0
2014.0,SUV,NSW,36040.0
2014.0,SUV,NSW,39990.0
2014.0,SUV,NSW,14191.0
2014.0,SUV,NSW,16470.0
2014.0,SUV,NSW,18530.0
2014.0,SUV,NSW,18530.0
2014.0,SUV,NSW,17980.0
2014.0,Sedan,NSW,23575.0
2014.0,Sedan,NSW,28830.0
2014.0,Sedan,NSW,61995.0
2014.0,Sedan,NSW,10290.0
2014.0,Sedan,NSW,17500.0
2014.0,Sedan,NSW,23567.0
2014.0,Ute/Pickup,NT,30890.0
2014.0,Convertible,QLD,16475.0
2014.0,Coupe,QLD,28990.0
2014.0,Coupe,QLD,22655.0
2014.0,Coupe,QLD,20394.0
2014.0,Coupe,QLD,64990.0
2014.0,Coupe,QLD,19990.0
2014.0,Hatchback,QLD,19490.0
2014.0,Hatchback,QLD,19490.0
2014.0,Hatchback,QLD,14991.0
2014.0,Hatchback,QLD,14990.0
2014.0,Hatchback,QLD,12991.0
2014.0,Hatchback,QLD,16490.0
2014.0,Hatchback,QLD,30990.0
2014.0,Hatchback,QLD,12490.0
2014.0,Hatchback,QLD,22690.0
2014.0,Hatchback,QLD,14990.0
2014.0,Hatchback,QLD,17690.0
2014.0,Hatchback,QLD,22680.0
2014.0,Hatchback,QLD,14990.0
2014.0,Hatchback,QLD,14990.0
2014.0,Hatchback,QLD,26490.0
2014.0,Hatchback,QLD,14995.0
2014.0,Hatchback,QLD,15790.0
2014.0,Hatchback,QLD,16490.0
2014.0,Hatchback,QLD,11490.0
2014.0,Hatchback,QLD,13990.0
2014.0,Hatchback,QLD,24888.0
2014.0,SUV,QLD,15449.0
2014.0,SUV,QLD,13990.0
2014.0,SUV,QLD,14990.0
2014.0,SUV,QLD,34990.0
2014.0,SUV,QLD,30927.0
2014.0,SUV,QLD,30890.0
2014.0,SUV,QLD,14415.0
2014.0,SUV,QLD,21990.0
2014.0,SUV,QLD,15888.0
2014.0,SUV,QLD,18990.0
2014.0,SUV,QLD,23990.0
2014.0,SUV,QLD,27935.0
2014.0,SUV,QLD,21990.0
2014.0,SUV,QLD,17490.0
2014.0,SUV,QLD,27990.0
2014.0,SUV,QLD,15990.0
2014.0,SUV,QLD,15990.0
2014.0,SUV,QLD,38990.0
2014.0,SUV,QLD,39320.0
2014.0,SUV,QLD,18690.0
2014.0,SUV,QLD,16995.0
2014.0,SUV,QLD,33119.0
2014.0,SUV,QLD,27676.0
2014.0,SUV,QLD,19490.0
2014.0,SUV,QLD,12990.0
2014.0,SUV,QLD,14990.0
2014.0,SUV,QLD,28079.0
2014.0,SUV,QLD,28830.0
2014.0,SUV,QLD,13995.0
2014.0,SUV,QLD,13790.0
2014.0,SUV,QLD,16490.0
2014.0,SUV,QLD,15995.0
2014.0,SUV,QLD,21490.0
2014.0,SUV,QLD,24690.0
2014.0,SUV,QLD,24990.0
2014.0,SUV,QLD,39888.0
2014.0,SUV,QLD,39888.0
2014.0,SUV,QLD,15990.0
2014.0,SUV,QLD,19500.0
2014.0,SUV,QLD,19888.0
2014.0,SUV,QLD,12990.0
2014.0,SUV,QLD,13990.0
2014.0,SUV,QLD,14415.0
2014.0,SUV,QLD,18990.0
2014.0,SUV,QLD,41499.0
2014.0,SUV,QLD,41499.0
2014.0,SUV,QLD,14607.0
2014.0,SUV,QLD,22888.0
2014.0,SUV,QLD,14415.0
2014.0,SUV,QLD,49888.0
2014.0,SUV,QLD,28500.0
2014.0,Sedan,QLD,47990.0
2014.0,Sedan,QLD,15990.0
2014.0,Sedan,QLD,20990.0
2014.0,Sedan,QLD,15990.0
2014.0,Sedan,QLD,16690.0
2014.0,Sedan,QLD,17490.0
2014.0,Sedan,QLD,54990.0
2014.0,Sedan,QLD,12990.0
2014.0,Sedan,QLD,36990.0
2014.0,Sedan,QLD,45990.0
2014.0,Sedan,QLD,67392.0
2014.0,Sedan,QLD,67392.0
2014.0,Sedan,QLD,34999.0
2014.0,Sedan,QLD,17990.0
2014.0,Sedan,QLD,14490.0
2014.0,Sedan,QLD,31990.0
2014.0,Sedan,QLD,14995.0
2014.0,Sedan,QLD,13490.0
2014.0,Sedan,QLD,38790.0
2014.0,Sedan,QLD,18995.0
2014.0,Ute/Pickup,QLD,27990.0
2014.0,Ute/Pickup,QLD,28990.0
2014.0,Ute/Pickup,QLD,19990.0
2014.0,Ute/Pickup,QLD,31990.0
2014.0,Ute/Pickup,QLD,24990.0
2014.0,Ute/Pickup,QLD,24990.0
2014.0,Ute/Pickup,QLD,37888.0
2014.0,Ute/Pickup,QLD,37990.0
2014.0,Ute/Pickup,QLD,20790.0
2014.0,Ute/Pickup,QLD,28990.0
2014.0,Ute/Pickup,QLD,16470.0
2014.0,Ute/Pickup,QLD,28990.0
2014.0,Ute/Pickup,QLD,29499.0
2014.0,Ute/Pickup,QLD,19560.0
2014.0,Ute/Pickup,QLD,21790.0
2014.0,Ute/Pickup,QLD,31888.0
2014.0,Ute/Pickup,QLD,29990.0
2014.0,Ute/Pickup,QLD,19767.0
2014.0,Van,QLD,26990.0
2014.0,Van,QLD,25749.0
2014.0,Van,QLD,24888.0
2014.0,Wagon,QLD,17472.0
2014.0,Wagon,QLD,17472.0
2014.0,Wagon,QLD,18990.0
2014.0,Coupe,SA,22449.0
2014.0,Hatchback,SA,15789.0
2014.0,SUV,SA,20739.0
2014.0,SUV,SA,18140.0
2014.0,Sedan,SA,16990.0
2014.0,Sedan,SA,21770.0
2014.0,Ute/Pickup,SA,18440.0
2014.0,Hatchback,TAS,12350.0
2014.0,SUV,TAS,23165.0
2014.0,SUV,TAS,18561.0
2014.0,SUV,TAS,16501.0
2014.0,SUV,TAS,22681.0
2014.0,SUV,TAS,17531.0
2014.0,SUV,TAS,13411.0
2014.0,Sedan,TAS,10290.0
2014.0,Sedan,TAS,14410.0
2014.0,Sedan,TAS,25740.0
2014.0,Ute/Pickup,TAS,28861.0
2014.0,Convertible,VIC,21888.0
2014.0,Coupe,VIC,19990.0
2014.0,Coupe,VIC,31990.0
2014.0,Hatchback,VIC,13990.0
2014.0,Hatchback,VIC,9553.0
2014.0,Hatchback,VIC,16988.0
2014.0,Hatchback,VIC,14352.0
2014.0,Hatchback,VIC,17450.0
2014.0,Hatchback,VIC,30990.0
2014.0,Hatchback,VIC,46980.0
2014.0,Hatchback,VIC,16990.0
2014.0,Hatchback,VIC,13655.0
2014.0,Hatchback,VIC,14880.0
2014.0,Hatchback,VIC,10556.0
2014.0,SUV,VIC,18558.0
2014.0,SUV,VIC,39990.0
2014.0,SUV,VIC,16888.0
2014.0,SUV,VIC,31990.0
2014.0,SUV,VIC,14990.0
2014.0,SUV,VIC,16990.0
2014.0,SUV,VIC,17597.0
2014.0,SUV,VIC,18788.0
2014.0,SUV,VIC,19888.0
2014.0,SUV,VIC,16788.0
2014.0,SUV,VIC,27900.0
2014.0,SUV,VIC,19888.0
2014.0,SUV,VIC,15963.0
2014.0,SUV,VIC,13847.0
2014.0,SUV,VIC,16990.0
2014.0,Sedan,VIC,13999.0
2014.0,Sedan,VIC,29988.0
2014.0,Sedan,VIC,15763.0
2014.0,Sedan,VIC,14352.0
2014.0,Ute/Pickup,VIC,19990.0
2014.0,Ute/Pickup,VIC,15999.0
2014.0,Ute/Pickup,VIC,18990.0
2014.0,Van,VIC,24888.0
2014.0,Van,VIC,23990.0
2014.0,Wagon,VIC,14990.0
2014.0,Coupe,WA,25696.0
2014.0,Coupe,WA,25696.0
2014.0,Coupe,WA,29421.0
2014.0,Coupe,WA,35825.0
2014.0,Coupe,WA,37992.0
2014.0,Coupe,WA,21399.0
2014.0,Coupe,WA,23536.0
2014.0,Coupe,WA,21987.0
2014.0,Hatchback,WA,14289.0
2014.0,Hatchback,WA,22490.0
2014.0,Hatchback,WA,10990.0
2014.0,Hatchback,WA,18988.0
2014.0,Hatchback,WA,23612.0
2014.0,Hatchback,WA,15421.0
2014.0,Hatchback,WA,19512.0
2014.0,Hatchback,WA,13366.0
2014.0,Hatchback,WA,10795.0
2014.0,Hatchback,WA,12339.0
2014.0,Hatchback,WA,15421.0
2014.0,Hatchback,WA,13366.0
2014.0,Hatchback,WA,13346.0
2014.0,Hatchback,WA,13356.0
2014.0,SUV,WA,36364.0
2014.0,SUV,WA,16999.0
2014.0,SUV,WA,19888.0
2014.0,SUV,WA,25676.0
2014.0,SUV,WA,31040.0
2014.0,SUV,WA,18399.0
2014.0,SUV,WA,15421.0
2014.0,SUV,WA,18504.0
2014.0,SUV,WA,28904.0
2014.0,SUV,WA,39070.0
2014.0,SUV,WA,29870.0
2014.0,SUV,WA,25696.0
2014.0,SUV,WA,48703.0
2014.0,SUV,WA,32121.0
2014.0,SUV,WA,14365.0
2014.0,SUV,WA,14375.0
2014.0,SUV,WA,17476.0
2014.0,SUV,WA,38999.0
2014.0,SUV,WA,16430.0
2014.0,SUV,WA,14795.0
2014.0,SUV,WA,12234.0
2014.0,SUV,WA,13346.0
2014.0,SUV,WA,46357.0
2014.0,SUV,WA,30928.0
2014.0,SUV,WA,15421.0
2014.0,Sedan,WA,72184.0
2014.0,Sedan,WA,67777.0
2014.0,Sedan,WA,67777.0
2014.0,Sedan,WA,22999.0
2014.0,Sedan,WA,23106.0
2014.0,Sedan,WA,20539.0
2014.0,Sedan,WA,18504.0
2014.0,Sedan,WA,58475.0
2014.0,Sedan,WA,11292.0
2014.0,Sedan,WA,74558.0
2014.0,Sedan,WA,27822.0
2014.0,Sedan,WA,12833.0
2014.0,Sedan,WA,12833.0
2014.0,Sedan,WA,16943.0
2014.0,Sedan,WA,60605.0
2014.0,Sedan,WA,19512.0
2014.0,Sedan,WA,14878.0
2014.0,Sedan,WA,24564.0
2014.0,Sedan,WA,19426.0
2014.0,Ute/Pickup,WA,40899.0
2014.0,Ute/Pickup,WA,24888.0
2014.0,Ute/Pickup,WA,31058.0
2014.0,Ute/Pickup,WA,32130.0
2014.0,Ute/Pickup,WA,18504.0
2014.0,Ute/Pickup,WA,20559.0
2014.0,Ute/Pickup,WA,24650.0
2014.0,Ute/Pickup,WA,24650.0
2014.0,Ute/Pickup,WA,20559.0
2014.0,Van,WA,15316.0
2014.0,Van,WA,23622.0
2014.0,Wagon,WA,17990.0
2014.0,Wagon,WA,17371.0
2015.0,Hatchback,ACT,20590.0
2015.0,Hatchback,ACT,20590.0
2015.0,Hatchback,ACT,20590.0
2015.0,Hatchback,ACT,13287.0
2015.0,Hatchback,ACT,18334.0
2015.0,SUV,ACT,18437.0
2015.0,SUV,ACT,18450.0
2015.0,SUV,ACT,17304.0
2015.0,SUV,ACT,18450.0
2015.0,SUV,ACT,11240.0
2015.0,SUV,ACT,23587.0
2015.0,Sedan,ACT,25740.0
2015.0,Sedan,ACT,20394.0
2015.0,Sedan,ACT,22650.0
2015.0,Convertible,NSW,57800.0
2015.0,Coupe,NSW,19046.0
2015.0,Coupe,NSW,28990.0
2015.0,Hatchback,NSW,14410.0
2015.0,Hatchback,NSW,19560.0
2015.0,Hatchback,NSW,19457.0
2015.0,Hatchback,NSW,20590.0
2015.0,Hatchback,NSW,17500.0
2015.0,Hatchback,NSW,35010.0
2015.0,Hatchback,NSW,12340.0
2015.0,Hatchback,NSW,14410.0
2015.0,Hatchback,NSW,9260.0
2015.0,SUV,NSW,17294.0
2015.0,SUV,NSW,79800.0
2015.0,SUV,NSW,17500.0
2015.0,SUV,NSW,49267.0
2015.0,SUV,NSW,24800.0
2015.0,SUV,NSW,34800.0
2015.0,SUV,NSW,29990.0
2015.0,SUV,NSW,19390.0
2015.0,SUV,NSW,22650.0
2015.0,SUV,NSW,19447.0
2015.0,SUV,NSW,30777.0
2015.0,SUV,NSW,38007.0
2015.0,SUV,NSW,22650.0
2015.0,SUV,NSW,20590.0
2015.0,SUV,NSW,20590.0
2015.0,SUV,NSW,15420.0
2015.0,SUV,NSW,18520.0
2015.0,SUV,NSW,20590.0
2015.0,SUV,NSW,32990.0
2015.0,SUV,NSW,26760.0
2015.0,SUV,NSW,41087.0
2015.0,SUV,NSW,22650.0
2015.0,SUV,NSW,22640.0
2015.0,SUV,NSW,15433.0
2015.0,SUV,NSW,15433.0
2015.0,SUV,NSW,33980.0
2015.0,SUV,NSW,20590.0
2015.0,Sedan,NSW,31910.0
2015.0,Sedan,NSW,29800.0
2015.0,Sedan,NSW,29800.0
2015.0,Sedan,NSW,30694.0
2015.0,Sedan,NSW,25647.0
2015.0,Sedan,NSW,16470.0
2015.0,Sedan,NSW,13373.0
2015.0,Ute/Pickup,NSW,27990.0
2015.0,Ute/Pickup,NSW,20590.0
2015.0,Ute/Pickup,NSW,20583.0
2015.0,Wagon,NSW,18530.0
2015.0,Wagon,NSW,53165.0
2015.0,Wagon,NSW,48333.0
2015.0,SUV,NT,53550.0
2015.0,Coupe,QLD,29860.0
2015.0,Coupe,QLD,28990.0
2015.0,Coupe,QLD,37490.0
2015.0,Coupe,QLD,32950.0
2015.0,Hatchback,QLD,14490.0
2015.0,Hatchback,QLD,13895.0
2015.0,Hatchback,QLD,18990.0
2015.0,Hatchback,QLD,18886.0
2015.0,Hatchback,QLD,15990.0
2015.0,Hatchback,QLD,16990.0
2015.0,Hatchback,QLD,21990.0
2015.0,Hatchback,QLD,12991.0
2015.0,Hatchback,QLD,17990.0
2015.0,Hatchback,QLD,16490.0
2015.0,Hatchback,QLD,19990.0
2015.0,Hatchback,QLD,14490.0
2015.0,Hatchback,QLD,17990.0
2015.0,Hatchback,QLD,19490.0
2015.0,Hatchback,QLD,9999.0
2015.0,Hatchback,QLD,19990.0
2015.0,Hatchback,QLD,15656.0
2015.0,Hatchback,QLD,19888.0
2015.0,Hatchback,QLD,14350.0
2015.0,Hatchback,QLD,17490.0
2015.0,Hatchback,QLD,19880.0
2015.0,Hatchback,QLD,16880.0
2015.0,Hatchback,QLD,15445.0
2015.0,Hatchback,QLD,17490.0
2015.0,Hatchback,QLD,12990.0
2015.0,Hatchback,QLD,11490.0
2015.0,Hatchback,QLD,11990.0
2015.0,Hatchback,QLD,29888.0
2015.0,Hatchback,QLD,14995.0
2015.0,Hatchback,QLD,17490.0
2015.0,Hatchback,QLD,16888.0
2015.0,Hatchback,QLD,13995.0
2015.0,Hatchback,QLD,19990.0
2015.0,SUV,QLD,25628.0
2015.0,SUV,QLD,29690.0
2015.0,SUV,QLD,18535.0
2015.0,SUV,QLD,27990.0
2015.0,SUV,QLD,23990.0
2015.0,SUV,QLD,20990.0
2015.0,SUV,QLD,18991.0
2015.0,SUV,QLD,23990.0
2015.0,SUV,QLD,22880.0
2015.0,SUV,QLD,37990.0
2015.0,SUV,QLD,21990.0
2015.0,SUV,QLD,25490.0
2015.0,SUV,QLD,44990.0
2015.0,SUV,QLD,23990.0
2015.0,SUV,QLD,17690.0
2015.0,SUV,QLD,29990.0
2015.0,SUV,QLD,33990.0
2015.0,SUV,QLD,21990.0
2015.0,SUV,QLD,18888.0
2015.0,SUV,QLD,17395.0
2015.0,SUV,QLD,20990.0
2015.0,SUV,QLD,17990.0
2015.0,SUV,QLD,20888.0
2015.0,SUV,QLD,32990.0
2015.0,SUV,QLD,20590.0
2015.0,SUV,QLD,29990.0
2015.0,SUV,QLD,18539.0
2015.0,SUV,QLD,16690.0
2015.0,SUV,QLD,22990.0
2015.0,SUV,QLD,34990.0
2015.0,SUV,QLD,19888.0
2015.0,SUV,QLD,28990.0
2015.0,SUV,QLD,18480.0
2015.0,SUV,QLD,17190.0
2015.0,SUV,QLD,16888.0
2015.0,SUV,QLD,82399.0
2015.0,SUV,QLD,21990.0
2015.0,SUV,QLD,21990.0
2015.0,SUV,QLD,18490.0
2015.0,SUV,QLD,13720.0
2015.0,SUV,QLD,18490.0
2015.0,SUV,QLD,18880.0
2015.0,SUV,QLD,25749.0
2015.0,SUV,QLD,20990.0
2015.0,SUV,QLD,14419.0
2015.0,SUV,QLD,38490.0
2015.0,SUV,QLD,16990.0
2015.0,SUV,QLD,27990.0
2015.0,SUV,QLD,16990.0
2015.0,SUV,QLD,35995.0
2015.0,SUV,QLD,30005.0
2015.0,SUV,QLD,22990.0
2015.0,SUV,QLD,12355.0
2015.0,SUV,QLD,11990.0
2015.0,SUV,QLD,14990.0
2015.0,SUV,QLD,32075.0
2015.0,SUV,QLD,14415.0
2015.0,SUV,QLD,16390.0
2015.0,SUV,QLD,28990.0
2015.0,SUV,QLD,31990.0
2015.0,SUV,QLD,25597.0
2015.0,SUV,QLD,16475.0
2015.0,SUV,QLD,44888.0
2015.0,SUV,QLD,12990.0
2015.0,SUV,QLD,18530.0
2015.0,SUV,QLD,23601.0
2015.0,SUV,QLD,14410.0
2015.0,SUV,QLD,15445.0
2015.0,SUV,QLD,15490.0
2015.0,SUV,QLD,21990.0
2015.0,SUV,QLD,19990.0
2015.0,SUV,QLD,23490.0
2015.0,Sedan,QLD,17990.0
2015.0,Sedan,QLD,15445.0
2015.0,Sedan,QLD,19991.0
2015.0,Sedan,QLD,25990.0
2015.0,Sedan,QLD,24990.0
2015.0,Sedan,QLD,9269.0
2015.0,Sedan,QLD,25668.0
2015.0,Sedan,QLD,15490.0
2015.0,Sedan,QLD,16990.0
2015.0,Sedan,QLD,32490.0
2015.0,Sedan,QLD,64998.0
2015.0,Sedan,QLD,95990.0
2015.0,Sedan,QLD,18990.0
2015.0,Sedan,QLD,21490.0
2015.0,Sedan,QLD,11995.0
2015.0,Sedan,QLD,27657.0
2015.0,Sedan,QLD,17990.0
2015.0,Sedan,QLD,65000.0
2015.0,Sedan,QLD,65000.0
2015.0,Ute/Pickup,QLD,27888.0
2015.0,Ute/Pickup,QLD,29490.0
2015.0,Ute/Pickup,QLD,29490.0
2015.0,Ute/Pickup,QLD,34990.0
2015.0,Ute/Pickup,QLD,27805.0
2015.0,Ute/Pickup,QLD,39990.0
2015.0,Ute/Pickup,QLD,23990.0
2015.0,Ute/Pickup,QLD,32990.0
2015.0,Ute/Pickup,QLD,27990.0
2015.0,Ute/Pickup,QLD,19990.0
2015.0,Ute/Pickup,QLD,32990.0
2015.0,Ute/Pickup,QLD,35990.0
2015.0,Ute/Pickup,QLD,35990.0
2015.0,Ute/Pickup,QLD,29990.0
2015.0,Ute/Pickup,QLD,23990.0
2015.0,Ute/Pickup,QLD,32990.0
2015.0,Ute/Pickup,QLD,50990.0
2015.0,Ute/Pickup,QLD,44790.0
2015.0,Ute/Pickup,QLD,33990.0
2015.0,Ute/Pickup,QLD,29888.0
2015.0,Ute/Pickup,QLD,20595.0
2015.0,Ute/Pickup,QLD,20798.0
2015.0,Ute/Pickup,QLD,21888.0
2015.0,Van,QLD,37980.0
2015.0,Van,QLD,37980.0
2015.0,Wagon,QLD,24990.0
2015.0,Wagon,QLD,36990.0
2015.0,Wagon,QLD,36990.0
2015.0,Hatchback,SA,13330.0
2015.0,Hatchback,SA,11963.0
2015.0,Hatchback,SA,15880.0
2015.0,Hatchback,SA,17610.0
2015.0,SUV,SA,15963.0
2015.0,SUV,SA,19956.0
2015.0,SUV,SA,21880.0
2015.0,SUV,SA,16570.0
2015.0,Sedan,SA,20989.0
2015.0,Sedan,SA,12880.0
2015.0,Ute/Pickup,SA,29372.0
2015.0,Hatchback,TAS,13895.0
2015.0,Hatchback,TAS,18530.0
2015.0,SUV,TAS,75870.0
2015.0,SUV,TAS,20590.0
2015.0,SUV,TAS,15440.0
2015.0,SUV,TAS,20590.0
2015.0,SUV,TAS,18530.0
2015.0,SUV,TAS,27800.0
2015.0,Ute/Pickup,TAS,27800.0
2015.0,Ute/Pickup,TAS,18530.0
2015.0,Ute/Pickup,TAS,34011.0
2015.0,Ute/Pickup,TAS,34011.0
2015.0,Ute/Pickup,TAS,27800.0
2015.0,Ute/Pickup,TAS,27831.0
2015.0,Ute/Pickup,TAS,22681.0
2015.0,Ute/Pickup,TAS,41590.0
2015.0,Ute/Pickup,TAS,32981.0
2015.0,Ute/Pickup,TAS,29891.0
2015.0,Van,TAS,21620.0
2015.0,Van,TAS,21620.0
2015.0,Convertible,VIC,59990.0
2015.0,Convertible,VIC,31990.0
2015.0,Coupe,VIC,28178.0
2015.0,Coupe,VIC,26990.0
2015.0,Hatchback,VIC,9999.0
2015.0,Hatchback,VIC,24990.0
2015.0,Hatchback,VIC,19150.0
2015.0,Hatchback,VIC,15963.0
2015.0,Hatchback,VIC,17999.0
2015.0,Hatchback,VIC,12990.0
2015.0,Hatchback,VIC,18990.0
2015.0,Hatchback,VIC,18990.0
2015.0,Hatchback,VIC,16921.0
2015.0,Hatchback,VIC,19868.0
2015.0,Hatchback,VIC,17990.0
2015.0,Hatchback,VIC,17990.0
2015.0,Hatchback,VIC,28545.0
2015.0,Hatchback,VIC,18470.0
2015.0,SUV,VIC,14490.0
2015.0,SUV,VIC,23970.0
2015.0,SUV,VIC,19150.0
2015.0,SUV,VIC,16999.0
2015.0,SUV,VIC,29990.0
2015.0,SUV,VIC,57888.0
2015.0,SUV,VIC,19999.0
2015.0,SUV,VIC,20648.0
2015.0,SUV,VIC,20990.0
2015.0,SUV,VIC,18758.0
2015.0,SUV,VIC,25950.0
2015.0,SUV,VIC,16995.0
2015.0,SUV,VIC,16995.0
2015.0,SUV,VIC,16990.0
2015.0,SUV,VIC,28990.0
2015.0,SUV,VIC,22496.0
2015.0,SUV,VIC,20990.0
2015.0,SUV,VIC,17850.0
2015.0,SUV,VIC,19990.0
2015.0,SUV,VIC,19990.0
2015.0,SUV,VIC,23990.0
2015.0,SUV,VIC,18888.0
2015.0,SUV,VIC,16905.0
2015.0,SUV,VIC,16990.0
2015.0,SUV,VIC,16988.0
2015.0,SUV,VIC,42870.0
2015.0,SUV,VIC,17997.0
2015.0,SUV,VIC,41990.0
2015.0,SUV,VIC,18477.0
2015.0,SUV,VIC,18477.0
2015.0,SUV,VIC,22990.0
2015.0,SUV,VIC,22990.0
2015.0,SUV,VIC,17990.0
2015.0,SUV,VIC,22880.0
2015.0,SUV,VIC,19990.0
2015.0,SUV,VIC,30000.0
2015.0,SUV,VIC,16990.0
2015.0,SUV,VIC,18990.0
2015.0,Sedan,VIC,38990.0
2015.0,Sedan,VIC,26980.0
2015.0,Sedan,VIC,27950.0
2015.0,Sedan,VIC,18888.0
2015.0,Sedan,VIC,18888.0
2015.0,Sedan,VIC,16888.0
2015.0,Sedan,VIC,20830.0
2015.0,Sedan,VIC,43950.0
2015.0,Sedan,VIC,17950.0
2015.0,Ute/Pickup,VIC,41114.0
2015.0,Ute/Pickup,VIC,27990.0
2015.0,Ute/Pickup,VIC,27990.0
2015.0,Ute/Pickup,VIC,19970.0
2015.0,Wagon,VIC,72888.0
2015.0,Wagon,VIC,26805.0
2015.0,Wagon,VIC,24868.0
2015.0,Coupe,WA,18999.0
2015.0,Coupe,WA,25572.0
2015.0,Coupe,WA,23004.0
2015.0,Hatchback,WA,17371.0
2015.0,Hatchback,WA,17433.0
2015.0,Hatchback,WA,17914.0
2015.0,Hatchback,WA,17433.0
2015.0,Hatchback,WA,16409.0
2015.0,Hatchback,WA,17457.0
2015.0,Hatchback,WA,18445.0
2015.0,Hatchback,WA,12990.0
2015.0,Hatchback,WA,15357.0
2015.0,Hatchback,WA,13347.0
2015.0,Hatchback,WA,14169.0
2015.0,Hatchback,WA,17476.0
2015.0,SUV,WA,29599.0
2015.0,SUV,WA,29599.0
2015.0,SUV,WA,39776.0
2015.0,SUV,WA,41989.0
2015.0,SUV,WA,20435.0
2015.0,SUV,WA,35212.0
2015.0,SUV,WA,39776.0
2015.0,SUV,WA,33833.0
2015.0,SUV,WA,18633.0
2015.0,SUV,WA,19147.0
2015.0,SUV,WA,18633.0
2015.0,SUV,WA,46452.0
2015.0,SUV,WA,14270.0
2015.0,SUV,WA,18176.0
2015.0,SUV,WA,23622.0
2015.0,SUV,WA,28865.0
2015.0,SUV,WA,23638.0
2015.0,SUV,WA,17828.0
2015.0,SUV,WA,12999.0
2015.0,SUV,WA,16430.0
2015.0,SUV,WA,17436.0
2015.0,SUV,WA,39794.0
2015.0,SUV,WA,15411.0
2015.0,SUV,WA,15411.0
2015.0,SUV,WA,18988.0
2015.0,SUV,WA,36486.0
2015.0,SUV,WA,49851.0
2015.0,SUV,WA,18501.0
2015.0,SUV,WA,18494.0
2015.0,SUV,WA,34312.0
2015.0,SUV,WA,20540.0
2015.0,SUV,WA,21069.0
2015.0,SUV,WA,25686.0
2015.0,SUV,WA,13366.0
2015.0,SUV,WA,33171.0
2015.0,SUV,WA,17457.0
2015.0,Sedan,WA,39794.0
2015.0,Sedan,WA,55967.0
2015.0,Sedan,WA,52548.0
2015.0,Sedan,WA,52548.0
2015.0,Sedan,WA,108888.0
2015.0,Sedan,WA,18504.0
2015.0,Sedan,WA,18504.0
2015.0,Sedan,WA,8229.0
2015.0,Sedan,WA,25591.0
2015.0,Sedan,WA,26209.0
2015.0,Sedan,WA,38111.0
2015.0,Sedan,WA,15402.0
2015.0,Sedan,WA,10284.0
2015.0,Sedan,WA,10284.0
2015.0,Sedan,WA,9256.0
2015.0,Sedan,WA,39794.0
2015.0,Sedan,WA,28795.0
2015.0,Sedan,WA,18874.0
2015.0,Sedan,WA,14375.0
2015.0,Sedan,WA,11990.0
2015.0,Sedan,WA,14375.0
2015.0,Sedan,WA,52119.0
2015.0,Sedan,WA,14375.0
2015.0,Sedan,WA,15316.0
2015.0,Ute/Pickup,WA,19512.0
2015.0,Ute/Pickup,WA,34990.0
2015.0,Ute/Pickup,WA,37396.0
2015.0,Ute/Pickup,WA,30928.0
2015.0,Ute/Pickup,WA,35383.0
2015.0,Ute/Pickup,WA,31040.0
2015.0,Ute/Pickup,WA,33224.0
2015.0,Ute/Pickup,WA,18494.0
2015.0,Ute/Pickup,WA,38008.0
2015.0,Ute/Pickup,WA,25591.0
2015.0,Ute/Pickup,WA,31038.0
2015.0,Ute/Pickup,WA,28710.0
2015.0,Ute/Pickup,WA,24605.0
2015.0,Ute/Pickup,WA,32029.0
2015.0,Van,WA,34312.0
2015.0,Van,WA,38691.0
2015.0,Van,WA,39785.0
2015.0,Van,WA,27832.0
2015.0,Van,WA,29980.0
2016.0,Coupe,ACT,32857.0
2016.0,Coupe,ACT,27800.0
2016.0,Hatchback,ACT,12257.0
2016.0,Hatchback,ACT,25740.0
2016.0,Hatchback,ACT,33465.0
2016.0,Hatchback,ACT,30890.0
2016.0,Hatchback,ACT,30890.0
2016.0,Hatchback,ACT,15440.0
2016.0,Hatchback,ACT,26770.0
2016.0,Hatchback,ACT,19982.0
2016.0,Hatchback,ACT,15194.0
2016.0,Hatchback,ACT,18128.0
2016.0,SUV,ACT,29973.0
2016.0,SUV,ACT,39037.0
2016.0,SUV,ACT,31611.0
2016.0,SUV,ACT,17500.0
2016.0,SUV,ACT,14317.0
2016.0,SUV,ACT,27604.0
2016.0,SUV,ACT,25544.0
2016.0,SUV,ACT,17500.0
2016.0,SUV,ACT,17407.0
2016.0,SUV,ACT,13380.0
2016.0,SUV,ACT,15360.0
2016.0,SUV,ACT,14885.0
2016.0,SUV,ACT,22557.0
2016.0,SUV,ACT,16390.0
2016.0,Sedan,ACT,16470.0
2016.0,Sedan,ACT,20590.0
2016.0,Ute/Pickup,ACT,29252.0
2016.0,Ute/Pickup,ACT,34814.0
2016.0,Wagon,ACT,22557.0
2016.0,Convertible,NSW,29860.0
2016.0,Convertible,NSW,45800.0
2016.0,Convertible,NSW,59800.0
2016.0,Coupe,NSW,35010.0
2016.0,Coupe,NSW,41888.0
2016.0,Coupe,NSW,51495.0
2016.0,Hatchback,NSW,22125.0
2016.0,Hatchback,NSW,17500.0
2016.0,Hatchback,NSW,14880.0
2016.0,Hatchback,NSW,21515.0
2016.0,Hatchback,NSW,18900.0
2016.0,Hatchback,NSW,15440.0
2016.0,Hatchback,NSW,15440.0
2016.0,Hatchback,NSW,15440.0
2016.0,Hatchback,NSW,16357.0
2016.0,Hatchback,NSW,18990.0
2016.0,Hatchback,NSW,19560.0
2016.0,Hatchback,NSW,16470.0
2016.0,Hatchback,NSW,14410.0
2016.0,Hatchback,NSW,13380.0
2016.0,Hatchback,NSW,17500.0
2016.0,Hatchback,NSW,19560.0
2016.0,Hatchback,NSW,15440.0
2016.0,Hatchback,NSW,15440.0
2016.0,Hatchback,NSW,19553.0
2016.0,Hatchback,NSW,17500.0
2016.0,SUV,NSW,29757.0
2016.0,SUV,NSW,38100.0
2016.0,SUV,NSW,16470.0
2016.0,SUV,NSW,16880.0
2016.0,SUV,NSW,18530.0
2016.0,SUV,NSW,29800.0
2016.0,SUV,NSW,25225.0
2016.0,SUV,NSW,25740.0
2016.0,SUV,NSW,16470.0
2016.0,SUV,NSW,18990.0
2016.0,SUV,NSW,19990.0
2016.0,SUV,NSW,41097.0
2016.0,SUV,NSW,43054.0
2016.0,SUV,NSW,19560.0
2016.0,SUV,NSW,87815.0
2016.0,SUV,NSW,20485.0
2016.0,SUV,NSW,25534.0
2016.0,SUV,NSW,21629.0
2016.0,SUV,NSW,22650.0
2016.0,SUV,NSW,42900.0
2016.0,SUV,NSW,43645.0
2016.0,SUV,NSW,18015.0
2016.0,SUV,NSW,20477.0
2016.0,SUV,NSW,16990.0
2016.0,SUV,NSW,21613.0
2016.0,SUV,NSW,28725.0
2016.0,SUV,NSW,31920.0
2016.0,SUV,NSW,33761.0
2016.0,SUV,NSW,29860.0
2016.0,SUV,NSW,19990.0
2016.0,SUV,NSW,23680.0
2016.0,SUV,NSW,22650.0
2016.0,SUV,NSW,40732.0
2016.0,SUV,NSW,13373.0
2016.0,SUV,NSW,26770.0
2016.0,SUV,NSW,24710.0
2016.0,SUV,NSW,34990.0
2016.0,SUV,NSW,19553.0
2016.0,SUV,NSW,22650.0
2016.0,SUV,NSW,16470.0
2016.0,SUV,NSW,28990.0
2016.0,SUV,NSW,52990.0
2016.0,SUV,NSW,16470.0
2016.0,SUV,NSW,33465.0
2016.0,SUV,NSW,19455.0
2016.0,SUV,NSW,19553.0
2016.0,SUV,NSW,15440.0
2016.0,SUV,NSW,29853.0
2016.0,Sedan,NSW,18530.0
2016.0,Sedan,NSW,18530.0
2016.0,Sedan,NSW,18530.0
2016.0,Sedan,NSW,20477.0
2016.0,Sedan,NSW,21620.0
2016.0,Sedan,NSW,41800.0
2016.0,Sedan,NSW,22650.0
2016.0,Sedan,NSW,24800.0
2016.0,Sedan,NSW,22650.0
2016.0,Sedan,NSW,13380.0
2016.0,Sedan,NSW,20075.0
2016.0,Sedan,NSW,21620.0
2016.0,Sedan,NSW,14410.0
2016.0,Sedan,NSW,30785.0
2016.0,Sedan,NSW,20590.0
2016.0,Sedan,NSW,18417.0
2016.0,Sedan,NSW,16470.0
2016.0,Ute/Pickup,NSW,42220.0
2016.0,Ute/Pickup,NSW,32444.0
2016.0,Ute/Pickup,NSW,30830.0
2016.0,Ute/Pickup,NSW,30830.0
2016.0,Ute/Pickup,NSW,30890.0
2016.0,Ute/Pickup,NSW,41077.0
2016.0,Ute/Pickup,NSW,36040.0
2016.0,Ute/Pickup,NSW,30883.0
2016.0,Ute/Pickup,NSW,102950.0
2016.0,Wagon,NSW,41190.0
2016.0,Wagon,NSW,17500.0
2016.0,SUV,NT,32845.0
2016.0,SUV,NT,46031.0
2016.0,Convertible,QLD,36990.0
2016.0,Convertible,QLD,97644.0
2016.0,Coupe,QLD,27880.0
2016.0,Coupe,QLD,36855.0
2016.0,Coupe,QLD,43460.0
2016.0,Coupe,QLD,28880.0
2016.0,Hatchback,QLD,12990.0
2016.0,Hatchback,QLD,21990.0
2016.0,Hatchback,QLD,16990.0
2016.0,Hatchback,QLD,16990.0
2016.0,Hatchback,QLD,13990.0
2016.0,Hatchback,QLD,12990.0
2016.0,Hatchback,QLD,22990.0
2016.0,Hatchback,QLD,18334.0
2016.0,Hatchback,QLD,18990.0
2016.0,Hatchback,QLD,16990.0
2016.0,Hatchback,QLD,29990.0
2016.0,Hatchback,QLD,18880.0
2016.0,Hatchback,QLD,26990.0
2016.0,Hatchback,QLD,15965.0
2016.0,Hatchback,QLD,21690.0
2016.0,Hatchback,QLD,16690.0
2016.0,Hatchback,QLD,14750.0
2016.0,Hatchback,QLD,17990.0
2016.0,Hatchback,QLD,20990.0
2016.0,Hatchback,QLD,23690.0
2016.0,Hatchback,QLD,24990.0
2016.0,Hatchback,QLD,21990.0
2016.0,Hatchback,QLD,20394.0
2016.0,Hatchback,QLD,13860.0
2016.0,Hatchback,QLD,22990.0
2016.0,Hatchback,QLD,14990.0
2016.0,Hatchback,QLD,26990.0
2016.0,Hatchback,QLD,24950.0
2016.0,Hatchback,QLD,16950.0
2016.0,Hatchback,QLD,16990.0
2016.0,Hatchback,QLD,15990.0
2016.0,Hatchback,QLD,26490.0
2016.0,Hatchback,QLD,14790.0
2016.0,SUV,QLD,37500.0
2016.0,SUV,QLD,17555.0
2016.0,SUV,QLD,35990.0
2016.0,SUV,QLD,25990.0
2016.0,SUV,QLD,19990.0
2016.0,SUV,QLD,27990.0
2016.0,SUV,QLD,28990.0
2016.0,SUV,QLD,17991.0
2016.0,SUV,QLD,19690.0
2016.0,SUV,QLD,38690.0
2016.0,SUV,QLD,24690.0
2016.0,SUV,QLD,24990.0
2016.0,SUV,QLD,21990.0
2016.0,SUV,QLD,19990.0
2016.0,SUV,QLD,14985.0
2016.0,SUV,QLD,17490.0
2016.0,SUV,QLD,20990.0
2016.0,SUV,QLD,21458.0
2016.0,SUV,QLD,24690.0
2016.0,SUV,QLD,22990.0
2016.0,SUV,QLD,23690.0
2016.0,SUV,QLD,18490.0
2016.0,SUV,QLD,13880.0
2016.0,SUV,QLD,21990.0
2016.0,SUV,QLD,26990.0
2016.0,SUV,QLD,28990.0
2016.0,SUV,QLD,33490.0
2016.0,SUV,QLD,23990.0
2016.0,SUV,QLD,26995.0
2016.0,SUV,QLD,23990.0
2016.0,SUV,QLD,31690.0
2016.0,SUV,QLD,42425.0
2016.0,SUV,QLD,21990.0
2016.0,SUV,QLD,19888.0
2016.0,SUV,QLD,21990.0
2016.0,SUV,QLD,23850.0
2016.0,SUV,QLD,27990.0
2016.0,SUV,QLD,21500.0
2016.0,SUV,QLD,22990.0
2016.0,SUV,QLD,24490.0
2016.0,SUV,QLD,23990.0
2016.0,SUV,QLD,23990.0
2016.0,SUV,QLD,23990.0
2016.0,SUV,QLD,18990.0
2016.0,SUV,QLD,21995.0
2016.0,SUV,QLD,18990.0
2016.0,SUV,QLD,19990.0
2016.0,SUV,QLD,18490.0
2016.0,SUV,QLD,53990.0
2016.0,SUV,QLD,47995.0
2016.0,SUV,QLD,33990.0
2016.0,SUV,QLD,21990.0
2016.0,SUV,QLD,31990.0
2016.0,SUV,QLD,27790.0
2016.0,SUV,QLD,38285.0
2016.0,SUV,QLD,21990.0
2016.0,SUV,QLD,22990.0
2016.0,SUV,QLD,17990.0
2016.0,SUV,QLD,39990.0
2016.0,SUV,QLD,17990.0
2016.0,SUV,QLD,19995.0
2016.0,SUV,QLD,19990.0
2016.0,SUV,QLD,23850.0
2016.0,SUV,QLD,15990.0
2016.0,SUV,QLD,14990.0
2016.0,SUV,QLD,31990.0
2016.0,SUV,QLD,14990.0
2016.0,SUV,QLD,26995.0
2016.0,SUV,QLD,14995.0
2016.0,SUV,QLD,15995.0
2016.0,SUV,QLD,27760.0
2016.0,SUV,QLD,16990.0
2016.0,SUV,QLD,15990.0
2016.0,SUV,QLD,13990.0
2016.0,SUV,QLD,28850.0
2016.0,SUV,QLD,12558.0
2016.0,SUV,QLD,14990.0
2016.0,SUV,QLD,29888.0
2016.0,SUV,QLD,20790.0
2016.0,SUV,QLD,22990.0
2016.0,SUV,QLD,28888.0
2016.0,SUV,QLD,24990.0
2016.0,SUV,QLD,29850.0
2016.0,SUV,QLD,18990.0
2016.0,SUV,QLD,28888.0
2016.0,SUV,QLD,19850.0
2016.0,SUV,QLD,55000.0
2016.0,Sedan,QLD,31990.0
2016.0,Sedan,QLD,27990.0
2016.0,Sedan,QLD,33990.0
2016.0,Sedan,QLD,26990.0
2016.0,Sedan,QLD,32480.0
2016.0,Sedan,QLD,22990.0
2016.0,Sedan,QLD,17990.0
2016.0,Sedan,QLD,26990.0
2016.0,Sedan,QLD,17490.0
2016.0,Sedan,QLD,19490.0
2016.0,Sedan,QLD,13990.0
2016.0,Sedan,QLD,19990.0
2016.0,Sedan,QLD,21490.0
2016.0,Sedan,QLD,17990.0
2016.0,Sedan,QLD,18990.0
2016.0,Sedan,QLD,18690.0
2016.0,Sedan,QLD,34888.0
2016.0,Sedan,QLD,22990.0
2016.0,Sedan,QLD,78880.0
2016.0,Sedan,QLD,83046.0
2016.0,Sedan,QLD,29990.0
2016.0,Sedan,QLD,13888.0
2016.0,Sedan,QLD,88888.0
2016.0,Ute/Pickup,QLD,31920.0
2016.0,Ute/Pickup,QLD,19990.0
2016.0,Ute/Pickup,QLD,36990.0
2016.0,Ute/Pickup,QLD,29990.0
2016.0,Ute/Pickup,QLD,49990.0
2016.0,Ute/Pickup,QLD,26990.0
2016.0,Ute/Pickup,QLD,33990.0
2016.0,Ute/Pickup,QLD,30999.0
2016.0,Ute/Pickup,QLD,26990.0
2016.0,Ute/Pickup,QLD,23990.0
2016.0,Ute/Pickup,QLD,34490.0
2016.0,Ute/Pickup,QLD,40990.0
2016.0,Ute/Pickup,QLD,54990.0
2016.0,Ute/Pickup,QLD,34145.0
2016.0,Ute/Pickup,QLD,35990.0
2016.0,Ute/Pickup,QLD,33990.0
2016.0,Ute/Pickup,QLD,29490.0
2016.0,Ute/Pickup,QLD,36490.0
2016.0,Ute/Pickup,QLD,26990.0
2016.0,Ute/Pickup,QLD,27990.0
2016.0,Ute/Pickup,QLD,28790.0
2016.0,Ute/Pickup,QLD,25990.0
2016.0,Ute/Pickup,QLD,32075.0
2016.0,Ute/Pickup,QLD,29345.0
2016.0,Ute/Pickup,QLD,28790.0
2016.0,Ute/Pickup,QLD,28990.0
2016.0,Ute/Pickup,QLD,50990.0
2016.0,Ute/Pickup,QLD,24490.0
2016.0,Ute/Pickup,QLD,33990.0
2016.0,Ute/Pickup,QLD,23990.0
2016.0,Ute/Pickup,QLD,28930.0
2016.0,Ute/Pickup,QLD,28990.0
2016.0,Ute/Pickup,QLD,46646.0
2016.0,Ute/Pickup,QLD,30690.0
2016.0,Ute/Pickup,QLD,25990.0
2016.0,Van,QLD,23991.0
2016.0,Van,QLD,28490.0
2016.0,Van,QLD,21888.0
2016.0,Wagon,QLD,28990.0
2016.0,Wagon,QLD,20990.0
2016.0,Wagon,QLD,24990.0
2016.0,Wagon,QLD,37490.0
2016.0,Wagon,QLD,21490.0
2016.0,Wagon,QLD,21490.0
2016.0,Wagon,QLD,22400.0
2016.0,Wagon,QLD,14415.0
2016.0,Wagon,QLD,19990.0
2016.0,Wagon,QLD,41990.0
2016.0,Wagon,QLD,41990.0
2016.0,Wagon,QLD,41599.0
2016.0,Wagon,QLD,15362.0
2016.0,Hatchback,SA,17963.0
2016.0,Hatchback,SA,15880.0
2016.0,SUV,SA,24951.0
2016.0,SUV,SA,18954.0
2016.0,SUV,SA,31556.0
2016.0,SUV,SA,21778.0
2016.0,SUV,SA,21778.0
2016.0,SUV,SA,18500.0
2016.0,SUV,SA,44956.0
2016.0,SUV,SA,20730.0
2016.0,SUV,SA,16996.0
2016.0,SUV,SA,18880.0
2016.0,SUV,SA,31130.0
2016.0,SUV,SA,19956.0
2016.0,SUV,SA,23963.0
2016.0,Sedan,SA,28851.0
2016.0,Van,SA,31138.0
2016.0,Hatchback,TAS,12350.0
2016.0,Hatchback,TAS,13380.0
2016.0,Hatchback,TAS,18561.0
2016.0,SUV,TAS,30890.0
2016.0,SUV,TAS,30890.0
2016.0,SUV,TAS,14410.0
2016.0,SUV,TAS,41590.0
2016.0,SUV,TAS,41590.0
2016.0,SUV,TAS,33980.0
2016.0,SUV,TAS,42942.0
2016.0,SUV,TAS,16779.0
2016.0,SUV,TAS,33465.0
2016.0,SUV,TAS,15440.0
2016.0,SUV,TAS,23711.0
2016.0,SUV,TAS,20621.0
2016.0,Sedan,TAS,28830.0
2016.0,Sedan,TAS,43150.0
2016.0,Ute/Pickup,TAS,30890.0
2016.0,Ute/Pickup,TAS,32950.0
2016.0,Ute/Pickup,TAS,29891.0
2016.0,Convertible,VIC,65863.0
2016.0,Convertible,VIC,42918.0
2016.0,Convertible,VIC,45990.0
2016.0,Coupe,VIC,89980.0
2016.0,Coupe,VIC,48990.0
2016.0,Hatchback,VIC,13970.0
2016.0,Hatchback,VIC,22914.0
2016.0,Hatchback,VIC,21788.0
2016.0,Hatchback,VIC,17888.0
2016.0,Hatchback,VIC,32900.0
2016.0,Hatchback,VIC,18071.0
2016.0,Hatchback,VIC,13990.0
2016.0,Hatchback,VIC,14900.0
2016.0,SUV,VIC,12558.0
2016.0,SUV,VIC,46888.0
2016.0,SUV,VIC,27888.0
2016.0,SUV,VIC,20990.0
2016.0,SUV,VIC,88990.0
2016.0,SUV,VIC,44980.0
2016.0,SUV,VIC,14558.0
2016.0,SUV,VIC,18888.0
2016.0,SUV,VIC,23888.0
2016.0,SUV,VIC,22988.0
2016.0,SUV,VIC,25990.0
2016.0,SUV,VIC,22073.0
2016.0,SUV,VIC,23990.0
2016.0,SUV,VIC,22990.0
2016.0,SUV,VIC,49800.0
2016.0,SUV,VIC,17490.0
2016.0,SUV,VIC,16990.0
2016.0,SUV,VIC,54990.0
2016.0,SUV,VIC,19490.0
2016.0,SUV,VIC,19490.0
2016.0,SUV,VIC,29999.0
2016.0,SUV,VIC,23990.0
2016.0,SUV,VIC,22430.0
2016.0,SUV,VIC,93990.0
2016.0,SUV,VIC,18184.0
2016.0,SUV,VIC,16480.0
2016.0,SUV,VIC,19150.0
2016.0,SUV,VIC,18388.0
2016.0,SUV,VIC,38990.0
2016.0,SUV,VIC,17226.0
2016.0,SUV,VIC,15888.0
2016.0,SUV,VIC,29990.0
2016.0,SUV,VIC,18900.0
2016.0,SUV,VIC,43450.0
2016.0,SUV,VIC,25990.0
2016.0,SUV,VIC,21056.0
2016.0,SUV,VIC,23956.0
2016.0,SUV,VIC,14533.0
2016.0,SUV,VIC,17990.0
2016.0,SUV,VIC,15990.0
2016.0,Sedan,VIC,17122.0
2016.0,Sedan,VIC,31043.0
2016.0,Sedan,VIC,73705.0
2016.0,Sedan,VIC,17888.0
2016.0,Sedan,VIC,15990.0
2016.0,Sedan,VIC,23705.0
2016.0,Sedan,VIC,19990.0
2016.0,Sedan,VIC,16990.0
2016.0,Sedan,VIC,24998.0
2016.0,Sedan,VIC,19990.0
2016.0,Ute/Pickup,VIC,34990.0
2016.0,Ute/Pickup,VIC,36990.0
2016.0,Ute/Pickup,VIC,29990.0
2016.0,Ute/Pickup,VIC,29999.0
2016.0,Ute/Pickup,VIC,29480.0
2016.0,Ute/Pickup,VIC,38950.0
2016.0,Ute/Pickup,VIC,32990.0
2016.0,Van,VIC,32999.0
2016.0,Van,VIC,26990.0
2016.0,Wagon,VIC,37888.0
2016.0,Wagon,VIC,40990.0
2016.0,Wagon,VIC,29990.0
2016.0,Wagon,VIC,29990.0
2016.0,Wagon,VIC,24555.0
2016.0,Wagon,VIC,22888.0
2016.0,Wagon,VIC,58990.0
2016.0,Wagon,VIC,17999.0
2016.0,Wagon,VIC,26719.0
2016.0,Convertible,WA,76555.0
2016.0,Coupe,WA,36364.0
2016.0,Coupe,WA,30000.0
2016.0,Coupe,WA,33210.0
2016.0,Coupe,WA,34799.0
2016.0,Coupe,WA,34799.0
2016.0,Coupe,WA,34180.0
2016.0,Coupe,WA,29440.0
2016.0,Hatchback,WA,20518.0
2016.0,Hatchback,WA,20518.0
2016.0,Hatchback,WA,14990.0
2016.0,Hatchback,WA,16633.0
2016.0,Hatchback,WA,18490.0
2016.0,Hatchback,WA,20539.0
2016.0,Hatchback,WA,16633.0
2016.0,Hatchback,WA,19902.0
2016.0,Hatchback,WA,17025.0
2016.0,Hatchback,WA,20539.0
2016.0,Hatchback,WA,29870.0
2016.0,Hatchback,WA,20495.0
2016.0,Hatchback,WA,15998.0
2016.0,Hatchback,WA,22399.0
2016.0,Hatchback,WA,13355.0
2016.0,Hatchback,WA,14403.0
2016.0,Hatchback,WA,14375.0
2016.0,Hatchback,WA,23631.0
2016.0,Hatchback,WA,23631.0
2016.0,Hatchback,WA,21751.0
2016.0,Hatchback,WA,20930.0
2016.0,Hatchback,WA,12339.0
2016.0,Hatchback,WA,23888.0
2016.0,SUV,WA,29961.0
2016.0,SUV,WA,21888.0
2016.0,SUV,WA,84888.0
2016.0,SUV,WA,92645.0
2016.0,SUV,WA,50965.0
2016.0,SUV,WA,17866.0
2016.0,SUV,WA,85184.0
2016.0,SUV,WA,47556.0
2016.0,SUV,WA,28000.0
2016.0,SUV,WA,20548.0
2016.0,SUV,WA,20548.0
2016.0,SUV,WA,22490.0
2016.0,SUV,WA,22490.0
2016.0,SUV,WA,18380.0
2016.0,SUV,WA,17388.0
2016.0,SUV,WA,24640.0
2016.0,SUV,WA,19511.0
2016.0,SUV,WA,43088.0
2016.0,SUV,WA,56999.0
2016.0,SUV,WA,54997.0
2016.0,SUV,WA,37578.0
2016.0,SUV,WA,28885.0
2016.0,SUV,WA,36488.0
2016.0,SUV,WA,29588.0
2016.0,SUV,WA,25685.0
2016.0,SUV,WA,39597.0
2016.0,SUV,WA,36477.0
2016.0,SUV,WA,14746.0
2016.0,SUV,WA,36477.0
2016.0,SUV,WA,18342.0
2016.0,SUV,WA,15999.0
2016.0,SUV,WA,25677.0
2016.0,SUV,WA,46346.0
2016.0,SUV,WA,19531.0
2016.0,SUV,WA,20435.0
2016.0,SUV,WA,20435.0
2016.0,SUV,WA,18380.0
2016.0,SUV,WA,94990.0
2016.0,SUV,WA,13347.0
2016.0,SUV,WA,22614.0
2016.0,SUV,WA,16390.0
2016.0,SUV,WA,18408.0
2016.0,SUV,WA,33210.0
2016.0,SUV,WA,25677.0
2016.0,SUV,WA,19440.0
2016.0,SUV,WA,33224.0
2016.0,SUV,WA,21378.0
2016.0,SUV,WA,17740.0
2016.0,SUV,WA,27723.0
2016.0,SUV,WA,38579.0
2016.0,SUV,WA,37990.0
2016.0,SUV,WA,23517.0
2016.0,SUV,WA,22888.0
2016.0,SUV,WA,14391.0
2016.0,SUV,WA,13758.0
2016.0,SUV,WA,29990.0
2016.0,Sedan,WA,36486.0
2016.0,Sedan,WA,22594.0
2016.0,Sedan,WA,23620.0
2016.0,Sedan,WA,9256.0
2016.0,Sedan,WA,19490.0
2016.0,Sedan,WA,24990.0
2016.0,Sedan,WA,8229.0
2016.0,Sedan,WA,10284.0
2016.0,Sedan,WA,8229.0
2016.0,Sedan,WA,8229.0
2016.0,Sedan,WA,27709.0
2016.0,Sedan,WA,25677.0
2016.0,Sedan,WA,20559.0
2016.0,Sedan,WA,20559.0
2016.0,Sedan,WA,22614.0
2016.0,Sedan,WA,20559.0
2016.0,Sedan,WA,17866.0
2016.0,Sedan,WA,25655.0
2016.0,Sedan,WA,97999.0
2016.0,Sedan,WA,20559.0
2016.0,Sedan,WA,27792.0
2016.0,Sedan,WA,17435.0
2016.0,Sedan,WA,85208.0
2016.0,Sedan,WA,17476.0
2016.0,Sedan,WA,65999.0
2016.0,Sedan,WA,8229.0
2016.0,Sedan,WA,19512.0
2016.0,Sedan,WA,18504.0
2016.0,Sedan,WA,15402.0
2016.0,Sedan,WA,42017.0
2016.0,Sedan,WA,17476.0
2016.0,Sedan,WA,17476.0
2016.0,Sedan,WA,20567.0
2016.0,Sedan,WA,21576.0
2016.0,Sedan,WA,39794.0
2016.0,Sedan,WA,15421.0
2016.0,Sedan,WA,23868.0
2016.0,Sedan,WA,38112.0
2016.0,Sedan,WA,6174.0
2016.0,Sedan,WA,6174.0
2016.0,Sedan,WA,18504.0
2016.0,Sedan,WA,20549.0
2016.0,Sedan,WA,8229.0
2016.0,Sedan,WA,6174.0
2016.0,Ute/Pickup,WA,26101.0
2016.0,Ute/Pickup,WA,33738.0
2016.0,Ute/Pickup,WA,29880.0
2016.0,Ute/Pickup,WA,34999.0
2016.0,Ute/Pickup,WA,47125.0
2016.0,Ute/Pickup,WA,44588.0
2016.0,Ute/Pickup,WA,44588.0
2016.0,Ute/Pickup,WA,34210.0
2016.0,Ute/Pickup,WA,24564.0
2016.0,Ute/Pickup,WA,53990.0
2016.0,Ute/Pickup,WA,34293.0
2016.0,Ute/Pickup,WA,29421.0
2016.0,Ute/Pickup,WA,57528.0
2016.0,Ute/Pickup,WA,24655.0
2016.0,Ute/Pickup,WA,19517.0
2016.0,Ute/Pickup,WA,36983.0
2016.0,Ute/Pickup,WA,34293.0
2016.0,Ute/Pickup,WA,38673.0
2016.0,Ute/Pickup,WA,33206.0
2016.0,Ute/Pickup,WA,28904.0
2016.0,Ute/Pickup,WA,32121.0
2016.0,Ute/Pickup,WA,27822.0
2016.0,Ute/Pickup,WA,33638.0
2016.0,Ute/Pickup,WA,28795.0
2016.0,Ute/Pickup,WA,20530.0
2016.0,Van,WA,33888.0
2016.0,Van,WA,41989.0
2016.0,Van,WA,20567.0
2016.0,Van,WA,23415.0
2016.0,Van,WA,37592.0
2016.0,Van,WA,23641.0
2016.0,Wagon,WA,24640.0
2016.0,Wagon,WA,24640.0
2016.0,Wagon,WA,25990.0
2016.0,Wagon,WA,58573.0
2016.0,Wagon,WA,48977.0
2016.0,Wagon,WA,52088.0
2016.0,Wagon,WA,48977.0
2016.0,Wagon,WA,28679.0
2016.0,Wagon,WA,14916.0
2016.0,Wagon,WA,83488.0
2017.0,Hatchback,ACT,15410.0
2017.0,Hatchback,ACT,20394.0
2017.0,Hatchback,ACT,15347.0
2017.0,Hatchback,ACT,38100.0
2017.0,Hatchback,ACT,18334.0
2017.0,SUV,ACT,24710.0
2017.0,SUV,ACT,37904.0
2017.0,SUV,ACT,33063.0
2017.0,SUV,ACT,22557.0
2017.0,SUV,ACT,20394.0
2017.0,SUV,ACT,29820.0
2017.0,SUV,ACT,37904.0
2017.0,SUV,ACT,16377.0
2017.0,SUV,ACT,29767.0
2017.0,SUV,ACT,29767.0
2017.0,SUV,ACT,18128.0
2017.0,SUV,ACT,16945.0
2017.0,SUV,ACT,17407.0
2017.0,SUV,ACT,29767.0
2017.0,SUV,ACT,51590.0
2017.0,SUV,ACT,15360.0
2017.0,SUV,ACT,28428.0
2017.0,Sedan,ACT,27800.0
2017.0,Sedan,ACT,23680.0
2017.0,Sedan,ACT,39990.0
2017.0,Sedan,ACT,18530.0
2017.0,Sedan,ACT,17500.0
2017.0,Ute/Pickup,ACT,34930.0
2017.0,Ute/Pickup,ACT,28790.0
2017.0,Wagon,ACT,32990.0
2017.0,Coupe,NSW,42800.0
2017.0,Coupe,NSW,59875.0
2017.0,Coupe,NSW,240495.0
2017.0,Coupe,NSW,40160.0
2017.0,Hatchback,NSW,39120.0
2017.0,Hatchback,NSW,39120.0
2017.0,Hatchback,NSW,15747.0
2017.0,Hatchback,NSW,16430.0
2017.0,Hatchback,NSW,18417.0
2017.0,Hatchback,NSW,19560.0
2017.0,Hatchback,NSW,26800.0
2017.0,Hatchback,NSW,25800.0
2017.0,Hatchback,NSW,19800.0
2017.0,Hatchback,NSW,19560.0
2017.0,Hatchback,NSW,30880.0
2017.0,Hatchback,NSW,33887.0
2017.0,Hatchback,NSW,34800.0
2017.0,Hatchback,NSW,23575.0
2017.0,Hatchback,NSW,18799.0
2017.0,Hatchback,NSW,37070.0
2017.0,Hatchback,NSW,15440.0
2017.0,Hatchback,NSW,18425.0
2017.0,Hatchback,NSW,30890.0
2017.0,Hatchback,NSW,19990.0
2017.0,Hatchback,NSW,13380.0
2017.0,Hatchback,NSW,18334.0
2017.0,SUV,NSW,51590.0
2017.0,SUV,NSW,47295.0
2017.0,SUV,NSW,29800.0
2017.0,SUV,NSW,23680.0
2017.0,SUV,NSW,19850.0
2017.0,SUV,NSW,42800.0
2017.0,SUV,NSW,36990.0
2017.0,SUV,NSW,27800.0
2017.0,SUV,NSW,20590.0
2017.0,SUV,NSW,22650.0
2017.0,SUV,NSW,39800.0
2017.0,SUV,NSW,28830.0
2017.0,SUV,NSW,55695.0
2017.0,SUV,NSW,34905.0
2017.0,SUV,NSW,28830.0
2017.0,SUV,NSW,77840.0
2017.0,SUV,NSW,77840.0
2017.0,SUV,NSW,27800.0
2017.0,SUV,NSW,32837.0
2017.0,SUV,NSW,27800.0
2017.0,SUV,NSW,29860.0
2017.0,SUV,NSW,18530.0
2017.0,SUV,NSW,25740.0
2017.0,SUV,NSW,21620.0
2017.0,SUV,NSW,40160.0
2017.0,SUV,NSW,32857.0
2017.0,SUV,NSW,28315.0
2017.0,SUV,NSW,26574.0
2017.0,SUV,NSW,26770.0
2017.0,SUV,NSW,43250.0
2017.0,SUV,NSW,21085.0
2017.0,SUV,NSW,22640.0
2017.0,SUV,NSW,64880.0
2017.0,SUV,NSW,18314.0
2017.0,SUV,NSW,16470.0
2017.0,SUV,NSW,17500.0
2017.0,SUV,NSW,25740.0
2017.0,SUV,NSW,71540.0
2017.0,SUV,NSW,27685.0
2017.0,SUV,NSW,27800.0
2017.0,SUV,NSW,30890.0
2017.0,SUV,NSW,22990.0
2017.0,SUV,NSW,52490.0
2017.0,SUV,NSW,43157.0
2017.0,SUV,NSW,46340.0
2017.0,SUV,NSW,18530.0
2017.0,SUV,NSW,18530.0
2017.0,SUV,NSW,24990.0
2017.0,SUV,NSW,22650.0
2017.0,SUV,NSW,19990.0
2017.0,SUV,NSW,18888.0
2017.0,SUV,NSW,43250.0
2017.0,SUV,NSW,67223.0
2017.0,SUV,NSW,49800.0
2017.0,SUV,NSW,26760.0
2017.0,SUV,NSW,22650.0
2017.0,SUV,NSW,23680.0
2017.0,SUV,NSW,19520.0
2017.0,SUV,NSW,50340.0
2017.0,SUV,NSW,44175.0
2017.0,SUV,NSW,27800.0
2017.0,SUV,NSW,22990.0
2017.0,SUV,NSW,27800.0
2017.0,SUV,NSW,16470.0
2017.0,SUV,NSW,36030.0
2017.0,SUV,NSW,25740.0
2017.0,SUV,NSW,24710.0
2017.0,SUV,NSW,25740.0
2017.0,SUV,NSW,18015.0
2017.0,SUV,NSW,20590.0
2017.0,SUV,NSW,60515.0
2017.0,SUV,NSW,23680.0
2017.0,SUV,NSW,28830.0
2017.0,SUV,NSW,27990.0
2017.0,Sedan,NSW,20590.0
2017.0,Sedan,NSW,42800.0
2017.0,Sedan,NSW,79800.0
2017.0,Sedan,NSW,20590.0
2017.0,Sedan,NSW,29850.0
2017.0,Sedan,NSW,48965.0
2017.0,Sedan,NSW,14888.0
2017.0,Sedan,NSW,31920.0
2017.0,Sedan,NSW,24605.0
2017.0,Sedan,NSW,24605.0
2017.0,Sedan,NSW,48440.0
2017.0,Sedan,NSW,54645.0
2017.0,Sedan,NSW,57365.0
2017.0,Sedan,NSW,21900.0
2017.0,Sedan,NSW,44800.0
2017.0,Sedan,NSW,28990.0
2017.0,Sedan,NSW,22990.0
2017.0,Sedan,NSW,23680.0
2017.0,Sedan,NSW,25740.0
2017.0,Sedan,NSW,30890.0
2017.0,Sedan,NSW,17395.0
2017.0,Sedan,NSW,95800.0
2017.0,Ute/Pickup,NSW,26770.0
2017.0,Ute/Pickup,NSW,26770.0
2017.0,Ute/Pickup,NSW,28830.0
2017.0,Ute/Pickup,NSW,41190.0
2017.0,Ute/Pickup,NSW,26627.0
2017.0,Ute/Pickup,NSW,43250.0
2017.0,Ute/Pickup,NSW,17980.0
2017.0,Ute/Pickup,NSW,29755.0
2017.0,Ute/Pickup,NSW,32950.0
2017.0,Van,NSW,37010.0
2017.0,Van,NSW,49490.0
2017.0,Wagon,NSW,55790.0
2017.0,Wagon,NSW,36800.0
2017.0,Wagon,NSW,24710.0
2017.0,Wagon,NSW,19560.0
2017.0,Wagon,NSW,28820.0
2017.0,Wagon,NSW,22650.0
2017.0,Wagon,NSW,25740.0
2017.0,Wagon,NSW,26880.0
2017.0,Hatchback,NT,19560.0
2017.0,Hatchback,NT,19560.0
2017.0,Sedan,NT,50355.0
2017.0,Convertible,QLD,99990.0
2017.0,Convertible,QLD,59990.0
2017.0,Coupe,QLD,34888.0
2017.0,Coupe,QLD,38990.0
2017.0,Coupe,QLD,32990.0
2017.0,Coupe,QLD,32990.0
2017.0,Coupe,QLD,53995.0
2017.0,Coupe,QLD,32480.0
2017.0,Coupe,QLD,71990.0
2017.0,Hatchback,QLD,18850.0
2017.0,Hatchback,QLD,14990.0
2017.0,Hatchback,QLD,19990.0
2017.0,Hatchback,QLD,22880.0
2017.0,Hatchback,QLD,16390.0
2017.0,Hatchback,QLD,31990.0
2017.0,Hatchback,QLD,19990.0
2017.0,Hatchback,QLD,21490.0
2017.0,Hatchback,QLD,35990.0
2017.0,Hatchback,QLD,41990.0
2017.0,Hatchback,QLD,26990.0
2017.0,Hatchback,QLD,19690.0
2017.0,Hatchback,QLD,19690.0
2017.0,Hatchback,QLD,23490.0
2017.0,Hatchback,QLD,17990.0
2017.0,Hatchback,QLD,16490.0
2017.0,Hatchback,QLD,26990.0
2017.0,Hatchback,QLD,15990.0
2017.0,Hatchback,QLD,15990.0
2017.0,Hatchback,QLD,28690.0
2017.0,Hatchback,QLD,13990.0
2017.0,Hatchback,QLD,27990.0
2017.0,Hatchback,QLD,19990.0
2017.0,Hatchback,QLD,20447.0
2017.0,Hatchback,QLD,14490.0
2017.0,Hatchback,QLD,16790.0
2017.0,Hatchback,QLD,14990.0
2017.0,Hatchback,QLD,17990.0
2017.0,Hatchback,QLD,17990.0
2017.0,Hatchback,QLD,15490.0
2017.0,Hatchback,QLD,14990.0
2017.0,SUV,QLD,19995.0
2017.0,SUV,QLD,16995.0
2017.0,SUV,QLD,49990.0
2017.0,SUV,QLD,25990.0
2017.0,SUV,QLD,51499.0
2017.0,SUV,QLD,14415.0
2017.0,SUV,QLD,21950.0
2017.0,SUV,QLD,17995.0
2017.0,SUV,QLD,74990.0
2017.0,SUV,QLD,19991.0
2017.0,SUV,QLD,23990.0
2017.0,SUV,QLD,26990.0
2017.0,SUV,QLD,23990.0
2017.0,SUV,QLD,47990.0
2017.0,SUV,QLD,24990.0
2017.0,SUV,QLD,42990.0
2017.0,SUV,QLD,28575.0
2017.0,SUV,QLD,25888.0
2017.0,SUV,QLD,19990.0
2017.0,SUV,QLD,24990.0
2017.0,SUV,QLD,24990.0
2017.0,SUV,QLD,23888.0
2017.0,SUV,QLD,24444.0
2017.0,SUV,QLD,20490.0
2017.0,SUV,QLD,25690.0
2017.0,SUV,QLD,25999.0
2017.0,SUV,QLD,24990.0
2017.0,SUV,QLD,26990.0
2017.0,SUV,QLD,22990.0
2017.0,SUV,QLD,23888.0
2017.0,SUV,QLD,49990.0
2017.0,SUV,QLD,25990.0
2017.0,SUV,QLD,28850.0
2017.0,SUV,QLD,41990.0
2017.0,SUV,QLD,19690.0
2017.0,SUV,QLD,32990.0
2017.0,SUV,QLD,20990.0
2017.0,SUV,QLD,22842.0
2017.0,SUV,QLD,23490.0
2017.0,SUV,QLD,27690.0
2017.0,SUV,QLD,23990.0
2017.0,SUV,QLD,32840.0
2017.0,SUV,QLD,17990.0
2017.0,SUV,QLD,29990.0
2017.0,SUV,QLD,21490.0
2017.0,SUV,QLD,29990.0
2017.0,SUV,QLD,29480.0
2017.0,SUV,QLD,21900.0
2017.0,SUV,QLD,20990.0
2017.0,SUV,QLD,37990.0
2017.0,SUV,QLD,19990.0
2017.0,SUV,QLD,24990.0
2017.0,SUV,QLD,21990.0
2017.0,SUV,QLD,28622.0
2017.0,SUV,QLD,43880.0
2017.0,SUV,QLD,18990.0
2017.0,SUV,QLD,30990.0
2017.0,SUV,QLD,23990.0
2017.0,SUV,QLD,18990.0
2017.0,SUV,QLD,21990.0
2017.0,SUV,QLD,39990.0
2017.0,SUV,QLD,17509.0
2017.0,SUV,QLD,18990.0
2017.0,SUV,QLD,18629.0
2017.0,SUV,QLD,14888.0
2017.0,SUV,QLD,29860.0
2017.0,SUV,QLD,19690.0
2017.0,SUV,QLD,19880.0
2017.0,SUV,QLD,29480.0
2017.0,SUV,QLD,21490.0
2017.0,SUV,QLD,24487.0
2017.0,SUV,QLD,55610.0
2017.0,SUV,QLD,18490.0
2017.0,SUV,QLD,36990.0
2017.0,SUV,QLD,28690.0
2017.0,SUV,QLD,26990.0
2017.0,SUV,QLD,27990.0
2017.0,SUV,QLD,62990.0
2017.0,SUV,QLD,24990.0
2017.0,SUV,QLD,25995.0
2017.0,SUV,QLD,27990.0
2017.0,SUV,QLD,33390.0
2017.0,SUV,QLD,32990.0
2017.0,SUV,QLD,46888.0
2017.0,SUV,QLD,19990.0
2017.0,SUV,QLD,28490.0
2017.0,SUV,QLD,28490.0
2017.0,SUV,QLD,21980.0
2017.0,SUV,QLD,25597.0
2017.0,SUV,QLD,34500.0
2017.0,SUV,QLD,19990.0
2017.0,SUV,QLD,15990.0
2017.0,SUV,QLD,14990.0
2017.0,SUV,QLD,30694.0
2017.0,SUV,QLD,32990.0
2017.0,SUV,QLD,25880.0
2017.0,SUV,QLD,48490.0
2017.0,SUV,QLD,22990.0
2017.0,SUV,QLD,42490.0
2017.0,SUV,QLD,19888.0
2017.0,SUV,QLD,36018.0
2017.0,SUV,QLD,15990.0
2017.0,SUV,QLD,37990.0
2017.0,SUV,QLD,42990.0
2017.0,SUV,QLD,36990.0
2017.0,SUV,QLD,15990.0
2017.0,SUV,QLD,28990.0
2017.0,SUV,QLD,23990.0
2017.0,SUV,QLD,17990.0
2017.0,SUV,QLD,16980.0
2017.0,SUV,QLD,19678.0
2017.0,SUV,QLD,42990.0
2017.0,SUV,QLD,25597.0
2017.0,SUV,QLD,17505.0
2017.0,SUV,QLD,24888.0
2017.0,SUV,QLD,18990.0
2017.0,SUV,QLD,17990.0
2017.0,SUV,QLD,16888.0
2017.0,SUV,QLD,17990.0
2017.0,SUV,QLD,17990.0
2017.0,SUV,QLD,27990.0
2017.0,SUV,QLD,18995.0
2017.0,SUV,QLD,26760.0
2017.0,SUV,QLD,19888.0
2017.0,SUV,QLD,16995.0
2017.0,SUV,QLD,24990.0
2017.0,SUV,QLD,28990.0
2017.0,SUV,QLD,17990.0
2017.0,SUV,QLD,17505.0
2017.0,SUV,QLD,22454.0
2017.0,Sedan,QLD,17491.0
2017.0,Sedan,QLD,28990.0
2017.0,Sedan,QLD,29990.0
2017.0,Sedan,QLD,26990.0
2017.0,Sedan,QLD,35990.0
2017.0,Sedan,QLD,16990.0
2017.0,Sedan,QLD,21990.0
2017.0,Sedan,QLD,16990.0
2017.0,Sedan,QLD,31490.0
2017.0,Sedan,QLD,26990.0
2017.0,Sedan,QLD,21990.0
2017.0,Sedan,QLD,21990.0
2017.0,Sedan,QLD,29990.0
2017.0,Sedan,QLD,16990.0
2017.0,Sedan,QLD,15990.0
2017.0,Sedan,QLD,17990.0
2017.0,Sedan,QLD,21690.0
2017.0,Sedan,QLD,64990.0
2017.0,Sedan,QLD,16888.0
2017.0,Sedan,QLD,27990.0
2017.0,Sedan,QLD,76990.0
2017.0,Sedan,QLD,50990.0
2017.0,Sedan,QLD,24995.0
2017.0,Sedan,QLD,30880.0
2017.0,Sedan,QLD,52490.0
2017.0,Sedan,QLD,14990.0
2017.0,Sedan,QLD,23690.0
2017.0,Sedan,QLD,24888.0
2017.0,Sedan,QLD,29990.0
2017.0,Sedan,QLD,24990.0
2017.0,Sedan,QLD,14990.0
2017.0,Sedan,QLD,14950.0
2017.0,Ute/Pickup,QLD,32490.0
2017.0,Ute/Pickup,QLD,38990.0
2017.0,Ute/Pickup,QLD,38990.0
2017.0,Ute/Pickup,QLD,39990.0
2017.0,Ute/Pickup,QLD,36224.0
2017.0,Ute/Pickup,QLD,35490.0
2017.0,Ute/Pickup,QLD,25745.0
2017.0,Ute/Pickup,QLD,39690.0
2017.0,Ute/Pickup,QLD,29990.0
2017.0,Ute/Pickup,QLD,28990.0
2017.0,Ute/Pickup,QLD,28990.0
2017.0,Ute/Pickup,QLD,37490.0
2017.0,Ute/Pickup,QLD,34990.0
2017.0,Ute/Pickup,QLD,26909.0
2017.0,Ute/Pickup,QLD,26990.0
2017.0,Ute/Pickup,QLD,28990.0
2017.0,Ute/Pickup,QLD,29990.0
2017.0,Ute/Pickup,QLD,32490.0
2017.0,Ute/Pickup,QLD,28990.0
2017.0,Ute/Pickup,QLD,34990.0
2017.0,Ute/Pickup,QLD,25874.0
2017.0,Ute/Pickup,QLD,112000.0
2017.0,Ute/Pickup,QLD,67990.0
2017.0,Ute/Pickup,QLD,45990.0
2017.0,Ute/Pickup,QLD,28830.0
2017.0,Ute/Pickup,QLD,26990.0
2017.0,Ute/Pickup,QLD,87880.0
2017.0,Ute/Pickup,QLD,27790.0
2017.0,Ute/Pickup,QLD,34990.0
2017.0,Ute/Pickup,QLD,28990.0
2017.0,Ute/Pickup,QLD,43888.0
2017.0,Ute/Pickup,QLD,33110.0
2017.0,Van,QLD,32980.0
2017.0,Van,QLD,32980.0
2017.0,Van,QLD,22888.0
2017.0,Van,QLD,28990.0
2017.0,Van,QLD,17980.0
2017.0,Van,QLD,17980.0
2017.0,Van,QLD,27809.0
2017.0,Van,QLD,33980.0
2017.0,Van,QLD,33980.0
2017.0,Wagon,QLD,17690.0
2017.0,Coupe,SA,37370.0
2017.0,Coupe,SA,37370.0
2017.0,Hatchback,SA,18551.0
2017.0,Hatchback,SA,13880.0
2017.0,SUV,SA,15499.0
2017.0,SUV,SA,32170.0
2017.0,SUV,SA,20499.0
2017.0,SUV,SA,23961.0
2017.0,SUV,SA,24185.0
2017.0,SUV,SA,23951.0
2017.0,SUV,SA,15538.0
2017.0,SUV,SA,20330.0
2017.0,SUV,SA,41880.0
2017.0,SUV,SA,23499.0
2017.0,SUV,SA,19880.0
2017.0,SUV,SA,28914.0
2017.0,SUV,SA,18880.0
2017.0,SUV,SA,19699.0
2017.0,SUV,SA,17100.0
2017.0,Sedan,SA,39499.0
2017.0,Sedan,SA,23958.0
2017.0,Sedan,SA,68449.0
2017.0,Sedan,SA,17308.0
2017.0,Sedan,SA,15424.0
2017.0,Sedan,SA,16880.0
2017.0,Ute/Pickup,SA,29963.0
2017.0,Ute/Pickup,SA,18989.0
2017.0,Ute/Pickup,SA,34156.0
2017.0,Ute/Pickup,SA,34259.0
2017.0,Ute/Pickup,SA,29994.0
2017.0,Wagon,SA,29050.0
2017.0,Wagon,SA,36330.0
2017.0,Hatchback,TAS,15440.0
2017.0,Hatchback,TAS,14410.0
2017.0,Hatchback,TAS,13948.0
2017.0,Hatchback,TAS,18561.0
2017.0,Hatchback,TAS,19591.0
2017.0,Hatchback,TAS,16470.0
2017.0,SUV,TAS,30890.0
2017.0,SUV,TAS,75910.0
2017.0,SUV,TAS,27800.0
2017.0,SUV,TAS,28830.0
2017.0,SUV,TAS,27800.0
2017.0,SUV,TAS,20590.0
2017.0,SUV,TAS,18530.0
2017.0,SUV,TAS,19560.0
2017.0,SUV,TAS,22681.0
2017.0,SUV,TAS,24741.0
2017.0,SUV,TAS,24741.0
2017.0,SUV,TAS,20621.0
2017.0,Sedan,TAS,15440.0
2017.0,Sedan,TAS,14410.0
2017.0,Ute/Pickup,TAS,28830.0
2017.0,Ute/Pickup,TAS,32950.0
2017.0,Ute/Pickup,TAS,28830.0
2017.0,Ute/Pickup,TAS,34011.0
2017.0,Ute/Pickup,TAS,42251.0
2017.0,Ute/Pickup,TAS,43796.0
2017.0,Ute/Pickup,TAS,39161.0
2017.0,Ute/Pickup,TAS,41221.0
2017.0,Convertible,VIC,42990.0
2017.0,Convertible,VIC,52868.0
2017.0,Coupe,VIC,209800.0
2017.0,Coupe,VIC,45800.0
2017.0,Coupe,VIC,35340.0
2017.0,Hatchback,VIC,17226.0
2017.0,Hatchback,VIC,19990.0
2017.0,Hatchback,VIC,17989.0
2017.0,Hatchback,VIC,19990.0
2017.0,Hatchback,VIC,43990.0
2017.0,Hatchback,VIC,22014.0
2017.0,Hatchback,VIC,18990.0
2017.0,Hatchback,VIC,19490.0
2017.0,Hatchback,VIC,17990.0
2017.0,Hatchback,VIC,22990.0
2017.0,Hatchback,VIC,16268.0
2017.0,Hatchback,VIC,17990.0
2017.0,Hatchback,VIC,21990.0
2017.0,Hatchback,VIC,16888.0
2017.0,Hatchback,VIC,15355.0
2017.0,Hatchback,VIC,33868.0
2017.0,Hatchback,VIC,12888.0
2017.0,Hatchback,VIC,30475.0
2017.0,Hatchback,VIC,29990.0
2017.0,Hatchback,VIC,25990.0
2017.0,SUV,VIC,14990.0
2017.0,SUV,VIC,23880.0
2017.0,SUV,VIC,14558.0
2017.0,SUV,VIC,49990.0
2017.0,SUV,VIC,27999.0
2017.0,SUV,VIC,22558.0
2017.0,SUV,VIC,27999.0
2017.0,SUV,VIC,34893.0
2017.0,SUV,VIC,29990.0
2017.0,SUV,VIC,25990.0
2017.0,SUV,VIC,18990.0
2017.0,SUV,VIC,69990.0
2017.0,SUV,VIC,69990.0
2017.0,SUV,VIC,23990.0
2017.0,SUV,VIC,26990.0
2017.0,SUV,VIC,19999.0
2017.0,SUV,VIC,16868.0
2017.0,SUV,VIC,23990.0
2017.0,SUV,VIC,72950.0
2017.0,SUV,VIC,17121.0
2017.0,SUV,VIC,36800.0
2017.0,SUV,VIC,21990.0
2017.0,SUV,VIC,21850.0
2017.0,SUV,VIC,29990.0
2017.0,SUV,VIC,63888.0
2017.0,SUV,VIC,26990.0
2017.0,SUV,VIC,26990.0
2017.0,SUV,VIC,51980.0
2017.0,SUV,VIC,77940.0
2017.0,SUV,VIC,25888.0
2017.0,SUV,VIC,37455.0
2017.0,SUV,VIC,17127.0
2017.0,SUV,VIC,30550.0
2017.0,SUV,VIC,21990.0
2017.0,SUV,VIC,32975.0
2017.0,SUV,VIC,14970.0
2017.0,SUV,VIC,29990.0
2017.0,SUV,VIC,21888.0
2017.0,SUV,VIC,51582.0
2017.0,SUV,VIC,29990.0
2017.0,SUV,VIC,27677.0
2017.0,SUV,VIC,26719.0
2017.0,SUV,VIC,45722.0
2017.0,SUV,VIC,18888.0
2017.0,SUV,VIC,18990.0
2017.0,SUV,VIC,18990.0
2017.0,SUV,VIC,25864.0
2017.0,SUV,VIC,16990.0
2017.0,SUV,VIC,26950.0
2017.0,SUV,VIC,19788.0
2017.0,SUV,VIC,49990.0
2017.0,SUV,VIC,18805.0
2017.0,SUV,VIC,22073.0
2017.0,SUV,VIC,49788.0
2017.0,SUV,VIC,59990.0
2017.0,SUV,VIC,33424.0
2017.0,SUV,VIC,26822.0
2017.0,SUV,VIC,18990.0
2017.0,SUV,VIC,22990.0
2017.0,SUV,VIC,27999.0
2017.0,SUV,VIC,18990.0
2017.0,SUV,VIC,24880.0
2017.0,SUV,VIC,24868.0
2017.0,SUV,VIC,26988.0
2017.0,Sedan,VIC,20990.0
2017.0,Sedan,VIC,59980.0
2017.0,Sedan,VIC,69800.0
2017.0,Sedan,VIC,69800.0
2017.0,Sedan,VIC,42800.0
2017.0,Sedan,VIC,66888.0
2017.0,Sedan,VIC,69800.0
2017.0,Sedan,VIC,25888.0
2017.0,Sedan,VIC,88888.0
2017.0,Sedan,VIC,21990.0
2017.0,Sedan,VIC,42990.0
2017.0,Sedan,VIC,21056.0
2017.0,Sedan,VIC,21805.0
2017.0,Sedan,VIC,28635.0
2017.0,Sedan,VIC,17490.0
2017.0,Sedan,VIC,52990.0
2017.0,Ute/Pickup,VIC,21999.0
2017.0,Ute/Pickup,VIC,16999.0
2017.0,Ute/Pickup,VIC,27900.0
2017.0,Ute/Pickup,VIC,24999.0
2017.0,Ute/Pickup,VIC,33990.0
2017.0,Ute/Pickup,VIC,15999.0
2017.0,Ute/Pickup,VIC,19999.0
2017.0,Ute/Pickup,VIC,31990.0
2017.0,Van,VIC,44688.0
2017.0,Convertible,WA,35999.0
2017.0,Coupe,WA,41998.0
2017.0,Coupe,WA,105429.0
2017.0,Hatchback,WA,30477.0
2017.0,Hatchback,WA,24599.0
2017.0,Hatchback,WA,21557.0
2017.0,Hatchback,WA,22393.0
2017.0,Hatchback,WA,19902.0
2017.0,Hatchback,WA,18484.0
2017.0,Hatchback,WA,21488.0
2017.0,Hatchback,WA,22594.0
2017.0,Hatchback,WA,17457.0
2017.0,Hatchback,WA,22614.0
2017.0,Hatchback,WA,23631.0
2017.0,Hatchback,WA,22614.0
2017.0,Hatchback,WA,18504.0
2017.0,Hatchback,WA,18380.0
2017.0,Hatchback,WA,19426.0
2017.0,Hatchback,WA,20454.0
2017.0,Hatchback,WA,20454.0
2017.0,Hatchback,WA,15888.0
2017.0,Hatchback,WA,14990.0
2017.0,SUV,WA,35392.0
2017.0,SUV,WA,54888.0
2017.0,SUV,WA,22594.0
2017.0,SUV,WA,15990.0
2017.0,SUV,WA,16430.0
2017.0,SUV,WA,23612.0
2017.0,SUV,WA,15990.0
2017.0,SUV,WA,29990.0
2017.0,SUV,WA,17476.0
2017.0,SUV,WA,27703.0
2017.0,SUV,WA,23999.0
2017.0,SUV,WA,18485.0
2017.0,SUV,WA,34885.0
2017.0,SUV,WA,18499.0
2017.0,SUV,WA,44214.0
2017.0,SUV,WA,19950.0
2017.0,SUV,WA,49832.0
2017.0,SUV,WA,22399.0
2017.0,SUV,WA,52100.0
2017.0,SUV,WA,26743.0
2017.0,SUV,WA,27832.0
2017.0,SUV,WA,46898.0
2017.0,SUV,WA,36477.0
2017.0,SUV,WA,35383.0
2017.0,SUV,WA,23555.0
2017.0,SUV,WA,44206.0
2017.0,SUV,WA,20548.0
2017.0,SUV,WA,49990.0
2017.0,SUV,WA,19999.0
2017.0,SUV,WA,32009.0
2017.0,SUV,WA,21546.0
2017.0,SUV,WA,41989.0
2017.0,SUV,WA,62888.0
2017.0,SUV,WA,62888.0
2017.0,SUV,WA,51469.0
2017.0,SUV,WA,48433.0
2017.0,SUV,WA,48433.0
2017.0,SUV,WA,55990.0
2017.0,SUV,WA,26753.0
2017.0,SUV,WA,42543.0
2017.0,SUV,WA,19341.0
2017.0,SUV,WA,18822.0
2017.0,SUV,WA,18822.0
2017.0,SUV,WA,26744.0
2017.0,SUV,WA,20568.0
2017.0,SUV,WA,45320.0
2017.0,SUV,WA,36364.0
2017.0,SUV,WA,29870.0
2017.0,SUV,WA,47880.0
2017.0,SUV,WA,21576.0
2017.0,SUV,WA,28999.0
2017.0,SUV,WA,32560.0
2017.0,SUV,WA,22490.0
2017.0,SUV,WA,20445.0
2017.0,SUV,WA,27813.0
2017.0,SUV,WA,18485.0
2017.0,SUV,WA,17457.0
2017.0,SUV,WA,19512.0
2017.0,SUV,WA,22081.0
2017.0,SUV,WA,27813.0
2017.0,SUV,WA,21567.0
2017.0,SUV,WA,22614.0
2017.0,SUV,WA,52110.0
2017.0,SUV,WA,22509.0
2017.0,SUV,WA,21371.0
2017.0,SUV,WA,20540.0
2017.0,SUV,WA,14394.0
2017.0,SUV,WA,20559.0
2017.0,SUV,WA,25686.0
2017.0,SUV,WA,33204.0
2017.0,SUV,WA,39782.0
2017.0,SUV,WA,18695.0
2017.0,SUV,WA,22595.0
2017.0,SUV,WA,61750.0
2017.0,SUV,WA,34312.0
2017.0,SUV,WA,19521.0
2017.0,SUV,WA,15945.0
2017.0,SUV,WA,17476.0
2017.0,SUV,WA,18998.0
2017.0,SUV,WA,26744.0
2017.0,SUV,WA,18905.0
2017.0,SUV,WA,32029.0
2017.0,SUV,WA,23517.0
2017.0,SUV,WA,18504.0
2017.0,SUV,WA,24564.0
2017.0,SUV,WA,23641.0
2017.0,SUV,WA,44234.0
2017.0,Sedan,WA,114990.0
2017.0,Sedan,WA,47401.0
2017.0,Sedan,WA,44833.0
2017.0,Sedan,WA,44833.0
2017.0,Sedan,WA,44833.0
2017.0,Sedan,WA,42988.0
2017.0,Sedan,WA,33093.0
2017.0,Sedan,WA,30000.0
2017.0,Sedan,WA,26748.0
2017.0,Sedan,WA,17961.0
2017.0,Sedan,WA,15316.0
2017.0,Sedan,WA,57488.0
2017.0,Sedan,WA,23015.0
2017.0,Sedan,WA,15990.0
2017.0,Sedan,WA,20990.0
2017.0,Sedan,WA,48156.0
2017.0,Sedan,WA,22614.0
2017.0,Sedan,WA,58565.0
2017.0,Sedan,WA,54990.0
2017.0,Sedan,WA,54990.0
2017.0,Sedan,WA,20540.0
2017.0,Sedan,WA,14403.0
2017.0,Sedan,WA,127990.0
2017.0,Ute/Pickup,WA,39990.0
2017.0,Ute/Pickup,WA,26451.0
2017.0,Ute/Pickup,WA,41990.0
2017.0,Ute/Pickup,WA,33999.0
2017.0,Ute/Pickup,WA,29967.0
2017.0,Ute/Pickup,WA,55089.0
2017.0,Ute/Pickup,WA,36434.0
2017.0,Ute/Pickup,WA,33205.0
2017.0,Ute/Pickup,WA,28708.0
2017.0,Ute/Pickup,WA,33093.0
2017.0,Ute/Pickup,WA,36475.0
2017.0,Ute/Pickup,WA,40787.0
2017.0,Ute/Pickup,WA,35143.0
2017.0,Ute/Pickup,WA,26759.0
2017.0,Ute/Pickup,WA,26771.0
2017.0,Ute/Pickup,WA,45147.0
2017.0,Ute/Pickup,WA,24669.0
2017.0,Ute/Pickup,WA,28795.0
2017.0,Ute/Pickup,WA,35392.0
2017.0,Ute/Pickup,WA,51722.0
2017.0,Ute/Pickup,WA,62842.0
2017.0,Ute/Pickup,WA,31030.0
2017.0,Ute/Pickup,WA,34312.0
2017.0,Ute/Pickup,WA,41999.0
2017.0,Ute/Pickup,WA,41999.0
2017.0,Ute/Pickup,WA,33205.0
2017.0,Ute/Pickup,WA,33747.0
2017.0,Ute/Pickup,WA,32121.0
2017.0,Ute/Pickup,WA,38688.0
2017.0,Ute/Pickup,WA,24564.0
2017.0,Ute/Pickup,WA,37574.0
2017.0,Ute/Pickup,WA,39775.0
2017.0,Van,WA,29488.0
2017.0,Van,WA,39990.0
2017.0,Van,WA,25245.0
2017.0,Van,WA,37564.0
2017.0,Wagon,WA,51744.0
2017.0,Wagon,WA,55111.0
2017.0,Wagon,WA,51744.0
2017.0,Wagon,WA,16430.0
2017.0,Wagon,WA,34522.0
2017.0,Wagon,WA,35968.0
2017.0,Wagon,WA,34522.0
2017.0,Wagon,WA,22614.0
2017.0,Wagon,WA,24990.0
2017.0,Wagon,WA,56435.0
2017.0,Wagon,WA,16990.0
2018.0,Convertible,ACT,61995.0
2018.0,Hatchback,ACT,23228.0
2018.0,Hatchback,ACT,14523.0
2018.0,Hatchback,ACT,14410.0
2018.0,Hatchback,ACT,14410.0
2018.0,Hatchback,ACT,16583.0
2018.0,SUV,ACT,38007.0
2018.0,SUV,ACT,25740.0
2018.0,SUV,ACT,39990.0
2018.0,SUV,ACT,21218.0
2018.0,SUV,ACT,18437.0
2018.0,SUV,ACT,29860.0
2018.0,SUV,ACT,22650.0
2018.0,SUV,ACT,38100.0
2018.0,SUV,ACT,24155.0
2018.0,SUV,ACT,28531.0
2018.0,SUV,ACT,19673.0
2018.0,SUV,ACT,20035.0
2018.0,SUV,ACT,30890.0
2018.0,SUV,ACT,30282.0
2018.0,SUV,ACT,30282.0
2018.0,SUV,ACT,24514.0
2018.0,SUV,ACT,24514.0
2018.0,SUV,ACT,100845.0
2018.0,SUV,ACT,20291.0
2018.0,SUV,ACT,15244.0
2018.0,SUV,ACT,24823.0
2018.0,SUV,ACT,29860.0
2018.0,SUV,ACT,29860.0
2018.0,SUV,ACT,16274.0
2018.0,SUV,ACT,25660.0
2018.0,SUV,ACT,26770.0
2018.0,SUV,ACT,38020.0
2018.0,SUV,ACT,26755.0
2018.0,SUV,ACT,15553.0
2018.0,SUV,ACT,38020.0
2018.0,SUV,ACT,28737.0
2018.0,SUV,ACT,20497.0
2018.0,Sedan,ACT,50235.0
2018.0,Sedan,ACT,27707.0
2018.0,Sedan,ACT,18078.0
2018.0,Ute/Pickup,ACT,20590.0
2018.0,Ute/Pickup,ACT,38100.0
2018.0,Ute/Pickup,ACT,36040.0
2018.0,Ute/Pickup,ACT,29717.0
2018.0,Wagon,ACT,25647.0
2018.0,Wagon,ACT,20510.0
2018.0,Convertible,NSW,76800.0
2018.0,Coupe,NSW,41800.0
2018.0,Coupe,NSW,48800.0
2018.0,Coupe,NSW,31920.0
2018.0,Coupe,NSW,30890.0
2018.0,Coupe,NSW,35990.0
2018.0,Coupe,NSW,35990.0
2018.0,Hatchback,NSW,16470.0
2018.0,Hatchback,NSW,21620.0
2018.0,Hatchback,NSW,31950.0
2018.0,Hatchback,NSW,39800.0
2018.0,Hatchback,NSW,33980.0
2018.0,Hatchback,NSW,22610.0
2018.0,Hatchback,NSW,27687.0
2018.0,Hatchback,NSW,17420.0
2018.0,Hatchback,NSW,27800.0
2018.0,Hatchback,NSW,24800.0
2018.0,Hatchback,NSW,20590.0
2018.0,Hatchback,NSW,19560.0
2018.0,Hatchback,NSW,21515.0
2018.0,Hatchback,NSW,23680.0
2018.0,Hatchback,NSW,19560.0
2018.0,Hatchback,NSW,25735.0
2018.0,Hatchback,NSW,24710.0
2018.0,Hatchback,NSW,15327.0
2018.0,Hatchback,NSW,18530.0
2018.0,Hatchback,NSW,24710.0
2018.0,Hatchback,NSW,19990.0
2018.0,SUV,NSW,21620.0
2018.0,SUV,NSW,34917.0
2018.0,SUV,NSW,20590.0
2018.0,SUV,NSW,26980.0
2018.0,SUV,NSW,27800.0
2018.0,SUV,NSW,49800.0
2018.0,SUV,NSW,23680.0
2018.0,SUV,NSW,66800.0
2018.0,SUV,NSW,39800.0
2018.0,SUV,NSW,51990.0
2018.0,SUV,NSW,28830.0
2018.0,SUV,NSW,41800.0
2018.0,SUV,NSW,41190.0
2018.0,SUV,NSW,30800.0
2018.0,SUV,NSW,32950.0
2018.0,SUV,NSW,32950.0
2018.0,SUV,NSW,17500.0
2018.0,SUV,NSW,24710.0
2018.0,SUV,NSW,79800.0
2018.0,SUV,NSW,33800.0
2018.0,SUV,NSW,48800.0
2018.0,SUV,NSW,49800.0
2018.0,SUV,NSW,32950.0
2018.0,SUV,NSW,23680.0
2018.0,SUV,NSW,54800.0
2018.0,SUV,NSW,25740.0
2018.0,SUV,NSW,27800.0
2018.0,SUV,NSW,79740.0
2018.0,SUV,NSW,54800.0
2018.0,SUV,NSW,34800.0
2018.0,SUV,NSW,24670.0
2018.0,SUV,NSW,25700.0
2018.0,SUV,NSW,75645.0
2018.0,SUV,NSW,51590.0
2018.0,SUV,NSW,30777.0
2018.0,SUV,NSW,48800.0
2018.0,SUV,NSW,39130.0
2018.0,SUV,NSW,28830.0
2018.0,SUV,NSW,18530.0
2018.0,SUV,NSW,26715.0
2018.0,SUV,NSW,30375.0
2018.0,SUV,NSW,30890.0
2018.0,SUV,NSW,23990.0
2018.0,SUV,NSW,48240.0
2018.0,SUV,NSW,22888.0
2018.0,SUV,NSW,31815.0
2018.0,SUV,NSW,79800.0
2018.0,SUV,NSW,21990.0
2018.0,SUV,NSW,23575.0
2018.0,SUV,NSW,20590.0
2018.0,SUV,NSW,70373.0
2018.0,SUV,NSW,32950.0
2018.0,SUV,NSW,24710.0
2018.0,SUV,NSW,19560.0
2018.0,SUV,NSW,39120.0
2018.0,SUV,NSW,36957.0
2018.0,SUV,NSW,20590.0
2018.0,SUV,NSW,25880.0
2018.0,SUV,NSW,33800.0
2018.0,SUV,NSW,20590.0
2018.0,SUV,NSW,24710.0
2018.0,SUV,NSW,89800.0
2018.0,SUV,NSW,79800.0
2018.0,SUV,NSW,22178.0
2018.0,SUV,NSW,15888.0
2018.0,SUV,NSW,26990.0
2018.0,SUV,NSW,27760.0
2018.0,SUV,NSW,39017.0
2018.0,SUV,NSW,26710.0
2018.0,SUV,NSW,25740.0
2018.0,SUV,NSW,36040.0
2018.0,SUV,NSW,36874.0
2018.0,SUV,NSW,23371.0
2018.0,SUV,NSW,22990.0
2018.0,SUV,NSW,98723.0
2018.0,SUV,NSW,22650.0
2018.0,SUV,NSW,20590.0
2018.0,SUV,NSW,51580.0
2018.0,SUV,NSW,27800.0
2018.0,SUV,NSW,18530.0
2018.0,SUV,NSW,31920.0
2018.0,SUV,NSW,36040.0
2018.0,SUV,NSW,25740.0
2018.0,SUV,NSW,20590.0
2018.0,SUV,NSW,29990.0
2018.0,SUV,NSW,18900.0
2018.0,SUV,NSW,28830.0
2018.0,SUV,NSW,23567.0
2018.0,SUV,NSW,25740.0
2018.0,SUV,NSW,17500.0
2018.0,SUV,NSW,22135.0
2018.0,SUV,NSW,65777.0
2018.0,SUV,NSW,17990.0
2018.0,SUV,NSW,23680.0
2018.0,SUV,NSW,16430.0
2018.0,SUV,NSW,23680.0
2018.0,SUV,NSW,23689.0
2018.0,SUV,NSW,22650.0
2018.0,SUV,NSW,29990.0
2018.0,SUV,NSW,27800.0
2018.0,SUV,NSW,17493.0
2018.0,SUV,NSW,22980.0
2018.0,Sedan,NSW,67880.0
2018.0,Sedan,NSW,41190.0
2018.0,Sedan,NSW,26770.0
2018.0,Sedan,NSW,53595.0
2018.0,Sedan,NSW,25225.0
2018.0,Sedan,NSW,22545.0
2018.0,Sedan,NSW,25635.0
2018.0,Sedan,NSW,24605.0
2018.0,Sedan,NSW,18490.0
2018.0,Sedan,NSW,50540.0
2018.0,Sedan,NSW,35010.0
2018.0,Sedan,NSW,22550.0
2018.0,Sedan,NSW,24597.0
2018.0,Sedan,NSW,42220.0
2018.0,Sedan,NSW,20485.0
2018.0,Sedan,NSW,21620.0
2018.0,Sedan,NSW,18530.0
2018.0,Sedan,NSW,22990.0
2018.0,Sedan,NSW,36900.0
2018.0,Sedan,NSW,17362.0
2018.0,Sedan,NSW,21620.0
2018.0,Sedan,NSW,47915.0
2018.0,Sedan,NSW,29860.0
2018.0,Ute/Pickup,NSW,37070.0
2018.0,Ute/Pickup,NSW,28521.0
2018.0,Ute/Pickup,NSW,46340.0
2018.0,Ute/Pickup,NSW,37030.0
2018.0,Ute/Pickup,NSW,55790.0
2018.0,Ute/Pickup,NSW,51590.0
2018.0,Ute/Pickup,NSW,25740.0
2018.0,Ute/Pickup,NSW,41190.0
2018.0,Ute/Pickup,NSW,56840.0
2018.0,Ute/Pickup,NSW,42180.0
2018.0,Ute/Pickup,NSW,37070.0
2018.0,Ute/Pickup,NSW,37888.0
2018.0,Ute/Pickup,NSW,53583.0
2018.0,Ute/Pickup,NSW,36040.0
2018.0,Ute/Pickup,NSW,50433.0
2018.0,Ute/Pickup,NSW,47390.0
2018.0,Ute/Pickup,NSW,36040.0
2018.0,Ute/Pickup,NSW,20590.0
2018.0,Ute/Pickup,NSW,47390.0
2018.0,Ute/Pickup,NSW,32950.0
2018.0,Ute/Pickup,NSW,38040.0
2018.0,Ute/Pickup,NSW,35960.0
2018.0,Van,NSW,32950.0
2018.0,Wagon,NSW,22650.0
2018.0,Hatchback,NT,17500.0
2018.0,Ute/Pickup,NT,36040.0
2018.0,Convertible,QLD,62888.0
2018.0,Coupe,QLD,40990.0
2018.0,Coupe,QLD,29767.0
2018.0,Hatchback,QLD,14990.0
2018.0,Hatchback,QLD,21990.0
2018.0,Hatchback,QLD,22990.0
2018.0,Hatchback,QLD,22990.0
2018.0,Hatchback,QLD,13490.0
2018.0,Hatchback,QLD,13490.0
2018.0,Hatchback,QLD,29990.0
2018.0,Hatchback,QLD,16990.0
2018.0,Hatchback,QLD,19990.0
2018.0,Hatchback,QLD,24995.0
2018.0,Hatchback,QLD,16990.0
2018.0,Hatchback,QLD,35990.0
2018.0,Hatchback,QLD,23990.0
2018.0,Hatchback,QLD,23990.0
2018.0,Hatchback,QLD,28690.0
2018.0,Hatchback,QLD,20758.0
2018.0,Hatchback,QLD,25235.0
2018.0,Hatchback,QLD,29490.0
2018.0,Hatchback,QLD,19990.0
2018.0,Hatchback,QLD,20990.0
2018.0,Hatchback,QLD,33490.0
2018.0,Hatchback,QLD,22990.0
2018.0,Hatchback,QLD,17990.0
2018.0,Hatchback,QLD,32990.0
2018.0,Hatchback,QLD,22990.0
2018.0,Hatchback,QLD,19490.0
2018.0,Hatchback,QLD,15990.0
2018.0,Hatchback,QLD,15990.0
2018.0,Hatchback,QLD,19990.0
2018.0,Hatchback,QLD,34990.0
2018.0,Hatchback,QLD,22850.0
2018.0,SUV,QLD,34490.0
2018.0,SUV,QLD,34490.0
2018.0,SUV,QLD,20990.0
2018.0,SUV,QLD,18539.0
2018.0,SUV,QLD,31724.0
2018.0,SUV,QLD,25890.0
2018.0,SUV,QLD,27990.0
2018.0,SUV,QLD,24990.0
2018.0,SUV,QLD,46980.0
2018.0,SUV,QLD,34990.0
2018.0,SUV,QLD,46980.0
2018.0,SUV,QLD,28888.0
2018.0,SUV,QLD,21857.0
2018.0,SUV,QLD,31985.0
2018.0,SUV,QLD,24990.0
2018.0,SUV,QLD,47990.0
2018.0,SUV,QLD,26990.0
2018.0,SUV,QLD,31990.0
2018.0,SUV,QLD,27990.0
2018.0,SUV,QLD,26990.0
2018.0,SUV,QLD,83990.0
2018.0,SUV,QLD,25990.0
2018.0,SUV,QLD,38990.0
2018.0,SUV,QLD,25749.0
2018.0,SUV,QLD,27990.0
2018.0,SUV,QLD,24990.0
2018.0,SUV,QLD,64990.0
2018.0,SUV,QLD,37990.0
2018.0,SUV,QLD,22490.0
2018.0,SUV,QLD,22490.0
2018.0,SUV,QLD,21990.0
2018.0,SUV,QLD,49990.0
2018.0,SUV,QLD,31990.0
2018.0,SUV,QLD,17990.0
2018.0,SUV,QLD,41880.0
2018.0,SUV,QLD,19990.0
2018.0,SUV,QLD,25690.0
2018.0,SUV,QLD,36990.0
2018.0,SUV,QLD,20990.0
2018.0,SUV,QLD,27995.0
2018.0,SUV,QLD,39990.0
2018.0,SUV,QLD,26990.0
2018.0,SUV,QLD,31480.0
2018.0,SUV,QLD,16888.0
2018.0,SUV,QLD,16888.0
2018.0,SUV,QLD,24590.0
2018.0,SUV,QLD,35490.0
2018.0,SUV,QLD,28990.0
2018.0,SUV,QLD,76980.0
2018.0,SUV,QLD,76980.0
2018.0,SUV,QLD,27880.0
2018.0,SUV,QLD,22990.0
2018.0,SUV,QLD,27850.0
2018.0,SUV,QLD,24990.0
2018.0,SUV,QLD,43990.0
2018.0,SUV,QLD,48990.0
2018.0,SUV,QLD,18990.0
2018.0,SUV,QLD,18900.0
2018.0,SUV,QLD,38880.0
2018.0,SUV,QLD,30490.0
2018.0,SUV,QLD,35690.0
2018.0,SUV,QLD,24490.0
2018.0,SUV,QLD,77418.0
2018.0,SUV,QLD,45990.0
2018.0,SUV,QLD,25490.0
2018.0,SUV,QLD,24990.0
2018.0,SUV,QLD,26490.0
2018.0,SUV,QLD,25990.0
2018.0,SUV,QLD,19690.0
2018.0,SUV,QLD,28490.0
2018.0,SUV,QLD,18990.0
2018.0,SUV,QLD,21990.0
2018.0,SUV,QLD,27990.0
2018.0,SUV,QLD,72880.0
2018.0,SUV,QLD,25690.0
2018.0,SUV,QLD,20690.0
2018.0,SUV,QLD,36990.0
2018.0,SUV,QLD,18950.0
2018.0,SUV,QLD,22480.0
2018.0,SUV,QLD,42895.0
2018.0,SUV,QLD,17990.0
2018.0,SUV,QLD,21990.0
2018.0,SUV,QLD,28830.0
2018.0,SUV,QLD,56718.0
2018.0,SUV,QLD,29490.0
2018.0,SUV,QLD,58690.0
2018.0,SUV,QLD,46368.0
2018.0,SUV,QLD,18990.0
2018.0,SUV,QLD,39990.0
2018.0,SUV,QLD,25987.0
2018.0,SUV,QLD,19990.0
2018.0,SUV,QLD,23990.0
2018.0,SUV,QLD,19990.0
2018.0,SUV,QLD,26490.0
2018.0,SUV,QLD,17990.0
2018.0,SUV,QLD,25990.0
2018.0,SUV,QLD,20990.0
2018.0,SUV,QLD,44987.0
2018.0,SUV,QLD,22990.0
2018.0,SUV,QLD,17395.0
2018.0,SUV,QLD,17990.0
2018.0,SUV,QLD,17990.0
2018.0,SUV,QLD,15449.0
2018.0,SUV,QLD,42990.0
2018.0,SUV,QLD,53990.0
2018.0,SUV,QLD,30747.0
2018.0,SUV,QLD,72990.0
2018.0,SUV,QLD,16490.0
2018.0,SUV,QLD,22990.0
2018.0,SUV,QLD,20790.0
2018.0,SUV,QLD,25990.0
2018.0,SUV,QLD,78808.0
2018.0,SUV,QLD,26888.0
2018.0,SUV,QLD,18790.0
2018.0,SUV,QLD,22490.0
2018.0,SUV,QLD,23990.0
2018.0,SUV,QLD,18490.0
2018.0,SUV,QLD,21990.0
2018.0,SUV,QLD,34895.0
2018.0,SUV,QLD,37888.0
2018.0,SUV,QLD,29999.0
2018.0,SUV,QLD,18990.0
2018.0,SUV,QLD,24990.0
2018.0,SUV,QLD,33990.0
2018.0,SUV,QLD,23537.0
2018.0,SUV,QLD,18990.0
2018.0,SUV,QLD,22990.0
2018.0,SUV,QLD,15990.0
2018.0,Sedan,QLD,19990.0
2018.0,Sedan,QLD,31490.0
2018.0,Sedan,QLD,26215.0
2018.0,Sedan,QLD,22800.0
2018.0,Sedan,QLD,27990.0
2018.0,Sedan,QLD,30490.0
2018.0,Sedan,QLD,24991.0
2018.0,Sedan,QLD,19990.0
2018.0,Sedan,QLD,29990.0
2018.0,Sedan,QLD,49990.0
2018.0,Sedan,QLD,19990.0
2018.0,Sedan,QLD,24990.0
2018.0,Sedan,QLD,61893.0
2018.0,Sedan,QLD,26574.0
2018.0,Sedan,QLD,29990.0
2018.0,Sedan,QLD,21990.0
2018.0,Sedan,QLD,22990.0
2018.0,Sedan,QLD,22990.0
2018.0,Sedan,QLD,62090.0
2018.0,Sedan,QLD,25544.0
2018.0,Sedan,QLD,21990.0
2018.0,Sedan,QLD,21990.0
2018.0,Sedan,QLD,27990.0
2018.0,Sedan,QLD,17990.0
2018.0,Sedan,QLD,33990.0
2018.0,Sedan,QLD,19990.0
2018.0,Sedan,QLD,25888.0
2018.0,Ute/Pickup,QLD,29990.0
2018.0,Ute/Pickup,QLD,35895.0
2018.0,Ute/Pickup,QLD,29990.0
2018.0,Ute/Pickup,QLD,34990.0
2018.0,Ute/Pickup,QLD,36980.0
2018.0,Ute/Pickup,QLD,36980.0
2018.0,Ute/Pickup,QLD,37990.0
2018.0,Ute/Pickup,QLD,37480.0
2018.0,Ute/Pickup,QLD,37480.0
2018.0,Ute/Pickup,QLD,32980.0
2018.0,Ute/Pickup,QLD,41990.0
2018.0,Ute/Pickup,QLD,32980.0
2018.0,Ute/Pickup,QLD,29775.0
2018.0,Ute/Pickup,QLD,38888.0
2018.0,Ute/Pickup,QLD,35990.0
2018.0,Ute/Pickup,QLD,38995.0
2018.0,Ute/Pickup,QLD,36990.0
2018.0,Ute/Pickup,QLD,36490.0
2018.0,Ute/Pickup,QLD,49990.0
2018.0,Ute/Pickup,QLD,47990.0
2018.0,Ute/Pickup,QLD,37995.0
2018.0,Ute/Pickup,QLD,33990.0
2018.0,Ute/Pickup,QLD,49990.0
2018.0,Ute/Pickup,QLD,24990.0
2018.0,Ute/Pickup,QLD,46490.0
2018.0,Ute/Pickup,QLD,53990.0
2018.0,Ute/Pickup,QLD,34000.0
2018.0,Ute/Pickup,QLD,37990.0
2018.0,Ute/Pickup,QLD,32990.0
2018.0,Ute/Pickup,QLD,41990.0
2018.0,Ute/Pickup,QLD,34990.0
2018.0,Ute/Pickup,QLD,24990.0
2018.0,Ute/Pickup,QLD,34990.0
2018.0,Ute/Pickup,QLD,33990.0
2018.0,Ute/Pickup,QLD,28790.0
2018.0,Ute/Pickup,QLD,35490.0
2018.0,Ute/Pickup,QLD,22659.0
2018.0,Ute/Pickup,QLD,28790.0
2018.0,Ute/Pickup,QLD,23680.0
2018.0,Ute/Pickup,QLD,26990.0
2018.0,Ute/Pickup,QLD,41990.0
2018.0,Ute/Pickup,QLD,37990.0
2018.0,Ute/Pickup,QLD,27688.0
2018.0,Ute/Pickup,QLD,49990.0
2018.0,Ute/Pickup,QLD,20695.0
2018.0,Ute/Pickup,QLD,34867.0
2018.0,Ute/Pickup,QLD,37850.0
2018.0,Ute/Pickup,QLD,37490.0
2018.0,Van,QLD,35980.0
2018.0,Van,QLD,43690.0
2018.0,Van,QLD,35480.0
2018.0,Van,QLD,29990.0
2018.0,Van,QLD,39990.0
2018.0,Van,QLD,43990.0
2018.0,Van,QLD,30990.0
2018.0,Van,QLD,27809.0
2018.0,Van,QLD,44690.0
2018.0,Van,QLD,30990.0
2018.0,Van,QLD,43690.0
2018.0,Van,QLD,43880.0
2018.0,Van,QLD,21163.0
2018.0,Van,QLD,27690.0
2018.0,Van,QLD,27990.0
2018.0,Van,QLD,33990.0
2018.0,Van,QLD,26790.0
2018.0,Van,QLD,18535.0
2018.0,Van,QLD,41990.0
2018.0,Wagon,QLD,25990.0
2018.0,Wagon,QLD,35990.0
2018.0,Wagon,QLD,27680.0
2018.0,Hatchback,SA,16789.0
2018.0,Hatchback,SA,19690.0
2018.0,Hatchback,SA,20730.0
2018.0,Hatchback,SA,18659.0
2018.0,SUV,SA,23956.0
2018.0,SUV,SA,24956.0
2018.0,SUV,SA,31138.0
2018.0,SUV,SA,31130.0
2018.0,SUV,SA,31138.0
2018.0,SUV,SA,25963.0
2018.0,SUV,SA,19989.0
2018.0,SUV,SA,20739.0
2018.0,SUV,SA,32908.0
2018.0,SUV,SA,21963.0
2018.0,SUV,SA,21963.0
2018.0,SUV,SA,18956.0
2018.0,SUV,SA,20730.0
2018.0,SUV,SA,21880.0
2018.0,SUV,SA,80017.0
2018.0,SUV,SA,24989.0
2018.0,SUV,SA,16060.0
2018.0,SUV,SA,16060.0
2018.0,Sedan,SA,22449.0
2018.0,Sedan,SA,19596.0
2018.0,Sedan,SA,44650.0
2018.0,Ute/Pickup,SA,24409.0
2018.0,Ute/Pickup,SA,41539.0
2018.0,Van,SA,28989.0
2018.0,Van,SA,19449.0
2018.0,Hatchback,TAS,14410.0
2018.0,Hatchback,TAS,14410.0
2018.0,Hatchback,TAS,27831.0
2018.0,SUV,TAS,23680.0
2018.0,SUV,TAS,20590.0
2018.0,SUV,TAS,28315.0
2018.0,SUV,TAS,23165.0
2018.0,SUV,TAS,24195.0
2018.0,SUV,TAS,23680.0
2018.0,SUV,TAS,21620.0
2018.0,SUV,TAS,29345.0
2018.0,SUV,TAS,24710.0
2018.0,SUV,TAS,39370.0
2018.0,SUV,TAS,28830.0
2018.0,SUV,TAS,24710.0
2018.0,SUV,TAS,71750.0
2018.0,SUV,TAS,40510.0
2018.0,SUV,TAS,24741.0
2018.0,SUV,TAS,25771.0
2018.0,SUV,TAS,30921.0
2018.0,SUV,TAS,27831.0
2018.0,SUV,TAS,24741.0
2018.0,SUV,TAS,29891.0
2018.0,SUV,TAS,25771.0
2018.0,SUV,TAS,29891.0
2018.0,SUV,TAS,69701.0
2018.0,Sedan,TAS,18530.0
2018.0,Sedan,TAS,19560.0
2018.0,Sedan,TAS,21620.0
2018.0,Sedan,TAS,22650.0
2018.0,Sedan,TAS,24741.0
2018.0,Ute/Pickup,TAS,31920.0
2018.0,Ute/Pickup,TAS,38260.0
2018.0,Ute/Pickup,TAS,51574.0
2018.0,Ute/Pickup,TAS,19560.0
2018.0,Ute/Pickup,TAS,23537.0
2018.0,Ute/Pickup,TAS,34011.0
2018.0,Ute/Pickup,TAS,44311.0
2018.0,Ute/Pickup,TAS,38131.0
2018.0,Convertible,VIC,56558.0
2018.0,Convertible,VIC,59990.0
2018.0,Hatchback,VIC,43990.0
2018.0,Hatchback,VIC,26888.0
2018.0,Hatchback,VIC,21990.0
2018.0,Hatchback,VIC,23880.0
2018.0,Hatchback,VIC,27900.0
2018.0,Hatchback,VIC,24888.0
2018.0,Hatchback,VIC,21990.0
2018.0,Hatchback,VIC,22990.0
2018.0,Hatchback,VIC,17990.0
2018.0,Hatchback,VIC,34888.0
2018.0,Hatchback,VIC,24990.0
2018.0,Hatchback,VIC,25990.0
2018.0,Hatchback,VIC,45888.0
2018.0,Hatchback,VIC,32466.0
2018.0,Hatchback,VIC,17758.0
2018.0,Hatchback,VIC,16888.0
2018.0,SUV,VIC,21888.0
2018.0,SUV,VIC,17868.0
2018.0,SUV,VIC,19805.0
2018.0,SUV,VIC,30450.0
2018.0,SUV,VIC,34999.0
2018.0,SUV,VIC,20753.0
2018.0,SUV,VIC,24990.0
2018.0,SUV,VIC,17999.0
2018.0,SUV,VIC,20999.0
2018.0,SUV,VIC,37990.0
2018.0,SUV,VIC,34492.0
2018.0,SUV,VIC,26888.0
2018.0,SUV,VIC,38990.0
2018.0,SUV,VIC,39480.0
2018.0,SUV,VIC,38888.0
2018.0,SUV,VIC,25990.0
2018.0,SUV,VIC,25990.0
2018.0,SUV,VIC,31900.0
2018.0,SUV,VIC,34499.0
2018.0,SUV,VIC,22558.0
2018.0,SUV,VIC,46800.0
2018.0,SUV,VIC,39990.0
2018.0,SUV,VIC,32990.0
2018.0,SUV,VIC,32555.0
2018.0,SUV,VIC,22073.0
2018.0,SUV,VIC,25490.0
2018.0,SUV,VIC,26990.0
2018.0,SUV,VIC,26990.0
2018.0,SUV,VIC,26990.0
2018.0,SUV,VIC,26990.0
2018.0,SUV,VIC,31516.0
2018.0,SUV,VIC,20990.0
2018.0,SUV,VIC,20990.0
2018.0,SUV,VIC,43390.0
2018.0,SUV,VIC,33990.0
2018.0,SUV,VIC,69800.0
2018.0,SUV,VIC,23992.0
2018.0,SUV,VIC,31990.0
2018.0,SUV,VIC,23888.0
2018.0,SUV,VIC,25864.0
2018.0,SUV,VIC,36868.0
2018.0,SUV,VIC,21888.0
2018.0,SUV,VIC,38605.0
2018.0,SUV,VIC,19490.0
2018.0,SUV,VIC,37990.0
2018.0,SUV,VIC,21450.0
2018.0,SUV,VIC,34990.0
2018.0,SUV,VIC,31888.0
2018.0,SUV,VIC,33705.0
2018.0,SUV,VIC,42950.0
2018.0,SUV,VIC,31990.0
2018.0,SUV,VIC,24480.0
2018.0,SUV,VIC,20990.0
2018.0,SUV,VIC,20868.0
2018.0,SUV,VIC,24990.0
2018.0,SUV,VIC,27490.0
2018.0,SUV,VIC,44800.0
2018.0,SUV,VIC,23990.0
2018.0,SUV,VIC,19990.0
2018.0,SUV,VIC,25990.0
2018.0,SUV,VIC,41792.0
2018.0,SUV,VIC,36990.0
2018.0,SUV,VIC,51450.0
2018.0,SUV,VIC,45990.0
2018.0,SUV,VIC,23990.0
2018.0,SUV,VIC,35340.0
2018.0,SUV,VIC,34990.0
2018.0,SUV,VIC,75888.0
2018.0,SUV,VIC,23990.0
2018.0,SUV,VIC,26450.0
2018.0,SUV,VIC,22888.0
2018.0,SUV,VIC,39990.0
2018.0,SUV,VIC,32466.0
2018.0,SUV,VIC,37990.0
2018.0,SUV,VIC,24990.0
2018.0,SUV,VIC,41990.0
2018.0,SUV,VIC,31999.0
2018.0,SUV,VIC,25888.0
2018.0,SUV,VIC,38990.0
2018.0,SUV,VIC,20104.0
2018.0,SUV,VIC,22890.0
2018.0,SUV,VIC,26990.0
2018.0,SUV,VIC,38705.0
2018.0,SUV,VIC,99900.0
2018.0,SUV,VIC,25990.0
2018.0,SUV,VIC,28970.0
2018.0,SUV,VIC,19888.0
2018.0,SUV,VIC,27990.0
2018.0,SUV,VIC,26990.0
2018.0,SUV,VIC,26990.0
2018.0,SUV,VIC,23990.0
2018.0,SUV,VIC,34800.0
2018.0,SUV,VIC,23990.0
2018.0,Sedan,VIC,21999.0
2018.0,Sedan,VIC,34990.0
2018.0,Sedan,VIC,27990.0
2018.0,Sedan,VIC,36990.0
2018.0,Sedan,VIC,53868.0
2018.0,Sedan,VIC,17888.0
2018.0,Sedan,VIC,114668.0
2018.0,Sedan,VIC,75466.0
2018.0,Sedan,VIC,21940.0
2018.0,Sedan,VIC,16990.0
2018.0,Sedan,VIC,21888.0
2018.0,Sedan,VIC,21888.0
2018.0,Sedan,VIC,16868.0
2018.0,Sedan,VIC,33537.0
2018.0,Sedan,VIC,27990.0
2018.0,Sedan,VIC,31517.0
2018.0,Sedan,VIC,33490.0
2018.0,Sedan,VIC,15975.0
2018.0,Sedan,VIC,41990.0
2018.0,Ute/Pickup,VIC,42990.0
2018.0,Ute/Pickup,VIC,37990.0
2018.0,Ute/Pickup,VIC,36407.0
2018.0,Ute/Pickup,VIC,36407.0
2018.0,Ute/Pickup,VIC,36418.0
2018.0,Ute/Pickup,VIC,32990.0
2018.0,Ute/Pickup,VIC,31490.0
2018.0,Ute/Pickup,VIC,44990.0
2018.0,Ute/Pickup,VIC,30558.0
2018.0,Ute/Pickup,VIC,39298.0
2018.0,Ute/Pickup,VIC,28950.0
2018.0,Ute/Pickup,VIC,41450.0
2018.0,Ute/Pickup,VIC,38603.0
2018.0,Ute/Pickup,VIC,43850.0
2018.0,Ute/Pickup,VIC,51990.0
2018.0,Ute/Pickup,VIC,28999.0
2018.0,Ute/Pickup,VIC,33990.0
2018.0,Ute/Pickup,VIC,39990.0
2018.0,Ute/Pickup,VIC,35888.0
2018.0,Ute/Pickup,VIC,27550.0
2018.0,Ute/Pickup,VIC,36950.0
2018.0,Ute/Pickup,VIC,31990.0
2018.0,Ute/Pickup,VIC,28888.0
2018.0,Ute/Pickup,VIC,39990.0
2018.0,Ute/Pickup,VIC,27999.0
2018.0,Ute/Pickup,VIC,33905.0
2018.0,Van,VIC,42164.0
2018.0,Van,VIC,42177.0
2018.0,Van,VIC,25999.0
2018.0,Van,VIC,29558.0
2018.0,Van,VIC,26990.0
2018.0,Van,VIC,34990.0
2018.0,Wagon,VIC,32690.0
2018.0,Wagon,VIC,41888.0
2018.0,Wagon,VIC,24300.0
2018.0,Wagon,VIC,38544.0
2018.0,Coupe,WA,89888.0
2018.0,Coupe,WA,88276.0
2018.0,Coupe,WA,83888.0
2018.0,Coupe,WA,37396.0
2018.0,Coupe,WA,87950.0
2018.0,Hatchback,WA,22940.0
2018.0,Hatchback,WA,20519.0
2018.0,Hatchback,WA,19426.0
2018.0,Hatchback,WA,17822.0
2018.0,Hatchback,WA,18314.0
2018.0,Hatchback,WA,19440.0
2018.0,Hatchback,WA,20539.0
2018.0,Hatchback,WA,17822.0
2018.0,Hatchback,WA,21567.0
2018.0,Hatchback,WA,18485.0
2018.0,Hatchback,WA,16259.0
2018.0,Hatchback,WA,16259.0
2018.0,Hatchback,WA,15822.0
2018.0,Hatchback,WA,19080.0
2018.0,Hatchback,WA,28886.0
2018.0,Hatchback,WA,17025.0
2018.0,Hatchback,WA,41995.0
2018.0,Hatchback,WA,15822.0
2018.0,Hatchback,WA,18485.0
2018.0,Hatchback,WA,16232.0
2018.0,Hatchback,WA,25572.0
2018.0,Hatchback,WA,21462.0
2018.0,Hatchback,WA,23641.0
2018.0,Hatchback,WA,43998.0
2018.0,Hatchback,WA,18513.0
2018.0,Hatchback,WA,14970.0
2018.0,Hatchback,WA,17447.0
2018.0,Hatchback,WA,25572.0
2018.0,Hatchback,WA,17457.0
2018.0,Hatchback,WA,17332.0
2018.0,Hatchback,WA,18484.0
2018.0,Hatchback,WA,22509.0
2018.0,Hatchback,WA,24155.0
2018.0,Hatchback,WA,22614.0
2018.0,Hatchback,WA,20026.0
2018.0,Hatchback,WA,15916.0
2018.0,SUV,WA,18998.0
2018.0,SUV,WA,39877.0
2018.0,SUV,WA,49833.0
2018.0,SUV,WA,21462.0
2018.0,SUV,WA,24640.0
2018.0,SUV,WA,28885.0
2018.0,SUV,WA,71990.0
2018.0,SUV,WA,21464.0
2018.0,SUV,WA,21464.0
2018.0,SUV,WA,29939.0
2018.0,SUV,WA,41864.0
2018.0,SUV,WA,31990.0
2018.0,SUV,WA,19994.0
2018.0,SUV,WA,39877.0
2018.0,SUV,WA,24649.0
2018.0,SUV,WA,30349.0
2018.0,SUV,WA,102888.0
2018.0,SUV,WA,43377.0
2018.0,SUV,WA,45768.0
2018.0,SUV,WA,43377.0
2018.0,SUV,WA,19407.0
2018.0,SUV,WA,32121.0
2018.0,SUV,WA,25677.0
2018.0,SUV,WA,24990.0
2018.0,SUV,WA,19828.0
2018.0,SUV,WA,34728.0
2018.0,SUV,WA,34250.0
2018.0,SUV,WA,20888.0
2018.0,SUV,WA,26744.0
2018.0,SUV,WA,21888.0
2018.0,SUV,WA,38111.0
2018.0,SUV,WA,72397.0
2018.0,SUV,WA,38111.0
2018.0,SUV,WA,22163.0
2018.0,SUV,WA,24990.0
2018.0,SUV,WA,33645.0
2018.0,SUV,WA,21576.0
2018.0,SUV,WA,26753.0
2018.0,SUV,WA,34888.0
2018.0,SUV,WA,24990.0
2018.0,SUV,WA,20288.0
2018.0,SUV,WA,19744.0
2018.0,SUV,WA,53422.0
2018.0,SUV,WA,81982.0
2018.0,SUV,WA,81982.0
2018.0,SUV,WA,43656.0
2018.0,SUV,WA,30498.0
2018.0,SUV,WA,26743.0
2018.0,SUV,WA,19744.0
2018.0,SUV,WA,32121.0
2018.0,SUV,WA,20544.0
2018.0,SUV,WA,19994.0
2018.0,SUV,WA,31499.0
2018.0,SUV,WA,32690.0
2018.0,SUV,WA,32690.0
2018.0,SUV,WA,46452.0
2018.0,SUV,WA,29969.0
2018.0,SUV,WA,28865.0
2018.0,SUV,WA,23998.0
2018.0,SUV,WA,22595.0
2018.0,SUV,WA,17981.0
2018.0,SUV,WA,18998.0
2018.0,SUV,WA,30999.0
2018.0,SUV,WA,45237.0
2018.0,SUV,WA,18484.0
2018.0,SUV,WA,39763.0
2018.0,SUV,WA,28999.0
2018.0,SUV,WA,17436.0
2018.0,SUV,WA,27792.0
2018.0,SUV,WA,72416.0
2018.0,SUV,WA,22288.0
2018.0,SUV,WA,22288.0
2018.0,SUV,WA,30948.0
2018.0,SUV,WA,38988.0
2018.0,SUV,WA,31040.0
2018.0,SUV,WA,22595.0
2018.0,SUV,WA,41989.0
2018.0,SUV,WA,25655.0
2018.0,SUV,WA,70280.0
2018.0,SUV,WA,37999.0
2018.0,SUV,WA,23641.0
2018.0,SUV,WA,15297.0
2018.0,SUV,WA,46357.0
2018.0,SUV,WA,31040.0
2018.0,SUV,WA,19502.0
2018.0,SUV,WA,25677.0
2018.0,SUV,WA,59461.0
2018.0,SUV,WA,26112.0
2018.0,SUV,WA,23999.0
2018.0,SUV,WA,25677.0
2018.0,SUV,WA,22490.0
2018.0,SUV,WA,36486.0
2018.0,SUV,WA,36486.0
2018.0,SUV,WA,22604.0
2018.0,SUV,WA,40881.0
2018.0,SUV,WA,32690.0
2018.0,SUV,WA,63908.0
2018.0,SUV,WA,20540.0
2018.0,SUV,WA,98529.0
2018.0,SUV,WA,98529.0
2018.0,SUV,WA,22611.0
2018.0,SUV,WA,75515.0
2018.0,SUV,WA,27813.0
2018.0,SUV,WA,24126.0
2018.0,SUV,WA,79883.0
2018.0,SUV,WA,35399.0
2018.0,SUV,WA,85195.0
2018.0,SUV,WA,18494.0
2018.0,SUV,WA,29870.0
2018.0,SUV,WA,44215.0
2018.0,SUV,WA,38888.0
2018.0,SUV,WA,33206.0
2018.0,SUV,WA,34312.0
2018.0,SUV,WA,21586.0
2018.0,SUV,WA,79990.0
2018.0,SUV,WA,85190.0
2018.0,SUV,WA,79990.0
2018.0,Sedan,WA,40316.0
2018.0,Sedan,WA,46216.0
2018.0,Sedan,WA,43777.0
2018.0,Sedan,WA,43777.0
2018.0,Sedan,WA,19990.0
2018.0,Sedan,WA,32009.0
2018.0,Sedan,WA,22614.0
2018.0,Sedan,WA,31250.0
2018.0,Sedan,WA,37999.0
2018.0,Sedan,WA,22036.0
2018.0,Sedan,WA,21053.0
2018.0,Sedan,WA,21053.0
2018.0,Sedan,WA,18288.0
2018.0,Sedan,WA,18485.0
2018.0,Sedan,WA,29870.0
2018.0,Sedan,WA,28904.0
2018.0,Sedan,WA,25591.0
2018.0,Ute/Pickup,WA,37573.0
2018.0,Ute/Pickup,WA,39661.0
2018.0,Ute/Pickup,WA,39661.0
2018.0,Ute/Pickup,WA,36496.0
2018.0,Ute/Pickup,WA,37622.0
2018.0,Ute/Pickup,WA,39371.0
2018.0,Ute/Pickup,WA,37622.0
2018.0,Ute/Pickup,WA,33747.0
2018.0,Ute/Pickup,WA,30859.0
2018.0,Ute/Pickup,WA,36476.0
2018.0,Ute/Pickup,WA,35800.0
2018.0,Ute/Pickup,WA,29822.0
2018.0,Ute/Pickup,WA,28944.0
2018.0,Ute/Pickup,WA,38672.0
2018.0,Ute/Pickup,WA,52106.0
2018.0,Ute/Pickup,WA,32967.0
2018.0,Ute/Pickup,WA,41423.0
2018.0,Ute/Pickup,WA,37589.0
2018.0,Ute/Pickup,WA,57479.0
2018.0,Ute/Pickup,WA,46339.0
2018.0,Ute/Pickup,WA,38999.0
2018.0,Ute/Pickup,WA,26750.0
2018.0,Ute/Pickup,WA,46460.0
2018.0,Ute/Pickup,WA,35250.0
2018.0,Ute/Pickup,WA,31450.0
2018.0,Ute/Pickup,WA,37583.0
2018.0,Ute/Pickup,WA,29951.0
2018.0,Ute/Pickup,WA,30948.0
2018.0,Ute/Pickup,WA,44216.0
2018.0,Ute/Pickup,WA,36486.0
2018.0,Ute/Pickup,WA,31058.0
2018.0,Ute/Pickup,WA,29822.0
2018.0,Ute/Pickup,WA,38999.0
2018.0,Ute/Pickup,WA,33206.0
2018.0,Ute/Pickup,WA,35271.0
2018.0,Ute/Pickup,WA,33224.0
2018.0,Ute/Pickup,WA,37601.0
2018.0,Ute/Pickup,WA,48704.0
2018.0,Ute/Pickup,WA,41447.0
2018.0,Ute/Pickup,WA,32999.0
2018.0,Ute/Pickup,WA,31058.0
2018.0,Ute/Pickup,WA,37574.0
2018.0,Ute/Pickup,WA,56413.0
2018.0,Ute/Pickup,WA,26762.0
2018.0,Ute/Pickup,WA,39776.0
2018.0,Ute/Pickup,WA,27703.0
2018.0,Ute/Pickup,WA,37574.0
2018.0,Ute/Pickup,WA,44216.0
2018.0,Ute/Pickup,WA,44216.0
2018.0,Ute/Pickup,WA,30948.0
2018.0,Ute/Pickup,WA,27832.0
2018.0,Ute/Pickup,WA,34990.0
2018.0,Ute/Pickup,WA,24658.0
2018.0,Ute/Pickup,WA,24658.0
2018.0,Ute/Pickup,WA,41989.0
2018.0,Ute/Pickup,WA,25693.0
2018.0,Ute/Pickup,WA,30990.0
2018.0,Ute/Pickup,WA,27832.0
2018.0,Ute/Pickup,WA,45998.0
2018.0,Ute/Pickup,WA,36492.0
2018.0,Ute/Pickup,WA,28895.0
2018.0,Ute/Pickup,WA,26762.0
2018.0,Van,WA,40766.0
2018.0,Van,WA,37990.0
2018.0,Van,WA,35381.0
2018.0,Van,WA,35381.0
2018.0,Van,WA,39766.0
2018.0,Van,WA,45338.0
2018.0,Van,WA,38667.0
2018.0,Van,WA,43687.0
2018.0,Van,WA,55357.0
2018.0,Van,WA,55357.0
2018.0,Van,WA,47583.0
2018.0,Van,WA,32992.0
2018.0,Van,WA,41895.0
2018.0,Van,WA,45323.0
2018.0,Van,WA,45331.0
2018.0,Van,WA,40871.0
2018.0,Van,WA,37580.0
2018.0,Van,WA,45787.0
2018.0,Van,WA,22614.0
2018.0,Van,WA,33644.0
2018.0,Van,WA,30170.0
2018.0,Van,WA,37990.0
2018.0,Van,WA,33224.0
2018.0,Wagon,WA,17999.0
2018.0,Wagon,WA,18990.0
2018.0,Wagon,WA,19512.0
2018.0,Wagon,WA,18990.0
2019.0,Hatchback,ACT,27604.0
2019.0,Hatchback,ACT,27800.0
2019.0,Hatchback,ACT,24514.0
2019.0,Hatchback,ACT,25288.0
2019.0,Hatchback,ACT,20394.0
2019.0,Hatchback,ACT,22570.0
2019.0,Hatchback,ACT,24308.0
2019.0,Hatchback,ACT,31518.0
2019.0,Hatchback,ACT,31518.0
2019.0,Hatchback,ACT,22650.0
2019.0,Hatchback,ACT,21620.0
2019.0,Hatchback,ACT,16274.0
2019.0,Hatchback,ACT,35010.0
2019.0,Hatchback,ACT,21580.0
2019.0,SUV,ACT,33980.0
2019.0,SUV,ACT,37070.0
2019.0,SUV,ACT,28830.0
2019.0,SUV,ACT,67340.0
2019.0,SUV,ACT,28943.0
2019.0,SUV,ACT,25544.0
2019.0,SUV,ACT,29767.0
2019.0,SUV,ACT,40788.0
2019.0,SUV,ACT,41190.0
2019.0,SUV,ACT,38100.0
2019.0,SUV,ACT,23484.0
2019.0,SUV,ACT,90440.0
2019.0,SUV,ACT,36040.0
2019.0,SUV,ACT,35123.0
2019.0,SUV,ACT,35947.0
2019.0,SUV,ACT,37698.0
2019.0,SUV,ACT,39552.0
2019.0,SUV,ACT,29860.0
2019.0,SUV,ACT,20590.0
2019.0,SUV,ACT,39552.0
2019.0,SUV,ACT,21527.0
2019.0,SUV,ACT,23680.0
2019.0,SUV,ACT,26368.0
2019.0,SUV,ACT,32136.0
2019.0,SUV,ACT,28428.0
2019.0,SUV,ACT,27707.0
2019.0,SUV,ACT,27707.0
2019.0,SUV,ACT,22454.0
2019.0,SUV,ACT,27398.0
2019.0,SUV,ACT,25660.0
2019.0,SUV,ACT,23600.0
2019.0,SUV,ACT,24464.0
2019.0,SUV,ACT,39037.0
2019.0,SUV,ACT,25660.0
2019.0,SUV,ACT,23600.0
2019.0,Sedan,ACT,36040.0
2019.0,Sedan,ACT,47715.0
2019.0,Sedan,ACT,40067.0
2019.0,Sedan,ACT,53165.0
2019.0,Sedan,ACT,31827.0
2019.0,Sedan,ACT,23640.0
2019.0,Sedan,ACT,23640.0
2019.0,Ute/Pickup,ACT,40080.0
2019.0,Ute/Pickup,ACT,36040.0
2019.0,Ute/Pickup,ACT,24102.0
2019.0,Ute/Pickup,ACT,36000.0
2019.0,Ute/Pickup,ACT,39050.0
2019.0,Ute/Pickup,ACT,34814.0
2019.0,Ute/Pickup,ACT,43157.0
2019.0,Van,ACT,32910.0
2019.0,Van,ACT,43112.0
2019.0,Wagon,ACT,33578.0
2019.0,Wagon,ACT,44084.0
2019.0,Wagon,ACT,25740.0
2019.0,Wagon,ACT,20485.0
2019.0,Convertible,NSW,68390.0
2019.0,Coupe,NSW,69880.0
2019.0,Coupe,NSW,36040.0
2019.0,Hatchback,NSW,17500.0
2019.0,Hatchback,NSW,17500.0
2019.0,Hatchback,NSW,23575.0
2019.0,Hatchback,NSW,29860.0
2019.0,Hatchback,NSW,39800.0
2019.0,Hatchback,NSW,31800.0
2019.0,Hatchback,NSW,20485.0
2019.0,Hatchback,NSW,25740.0
2019.0,Hatchback,NSW,39025.0
2019.0,Hatchback,NSW,24710.0
2019.0,Hatchback,NSW,23680.0
2019.0,Hatchback,NSW,19560.0
2019.0,Hatchback,NSW,24710.0
2019.0,Hatchback,NSW,23390.0
2019.0,Hatchback,NSW,22650.0
2019.0,Hatchback,NSW,30899.0
2019.0,Hatchback,NSW,29860.0
2019.0,Hatchback,NSW,24710.0
2019.0,Hatchback,NSW,22650.0
2019.0,Hatchback,NSW,19560.0
2019.0,Hatchback,NSW,25740.0
2019.0,Hatchback,NSW,18350.0
2019.0,Hatchback,NSW,30785.0
2019.0,Hatchback,NSW,34990.0
2019.0,Hatchback,NSW,25740.0
2019.0,Hatchback,NSW,17490.0
2019.0,Hatchback,NSW,42800.0
2019.0,Hatchback,NSW,19990.0
2019.0,Hatchback,NSW,24710.0
2019.0,Hatchback,NSW,14450.0
2019.0,SUV,NSW,21620.0
2019.0,SUV,NSW,42800.0
2019.0,SUV,NSW,45800.0
2019.0,SUV,NSW,54980.0
2019.0,SUV,NSW,26770.0
2019.0,SUV,NSW,49990.0
2019.0,SUV,NSW,27800.0
2019.0,SUV,NSW,37070.0
2019.0,SUV,NSW,27800.0
2019.0,SUV,NSW,62800.0
2019.0,SUV,NSW,28830.0
2019.0,SUV,NSW,41800.0
2019.0,SUV,NSW,41990.0
2019.0,SUV,NSW,28800.0
2019.0,SUV,NSW,42800.0
2019.0,SUV,NSW,69800.0
2019.0,SUV,NSW,56850.0
2019.0,SUV,NSW,83034.0
2019.0,SUV,NSW,28800.0
2019.0,SUV,NSW,34800.0
2019.0,SUV,NSW,33800.0
2019.0,SUV,NSW,34800.0
2019.0,SUV,NSW,28800.0
2019.0,SUV,NSW,45800.0
2019.0,SUV,NSW,30777.0
2019.0,SUV,NSW,89390.0
2019.0,SUV,NSW,33800.0
2019.0,SUV,NSW,28830.0
2019.0,SUV,NSW,28830.0
2019.0,SUV,NSW,29860.0
2019.0,SUV,NSW,25740.0
2019.0,SUV,NSW,69800.0
2019.0,SUV,NSW,44187.0
2019.0,SUV,NSW,46800.0
2019.0,SUV,NSW,46800.0
2019.0,SUV,NSW,69800.0
2019.0,SUV,NSW,33875.0
2019.0,SUV,NSW,76800.0
2019.0,SUV,NSW,66045.0
2019.0,SUV,NSW,25740.0
2019.0,SUV,NSW,25740.0
2019.0,SUV,NSW,34800.0
2019.0,SUV,NSW,39850.0
2019.0,SUV,NSW,36040.0
2019.0,SUV,NSW,33980.0
2019.0,SUV,NSW,25740.0
2019.0,SUV,NSW,20590.0
2019.0,SUV,NSW,27760.0
2019.0,SUV,NSW,61995.0
2019.0,SUV,NSW,30890.0
2019.0,SUV,NSW,45114.0
2019.0,SUV,NSW,38100.0
2019.0,SUV,NSW,21620.0
2019.0,SUV,NSW,62800.0
2019.0,SUV,NSW,41190.0
2019.0,SUV,NSW,69965.0
2019.0,SUV,NSW,79800.0
2019.0,SUV,NSW,25637.0
2019.0,SUV,NSW,33800.0
2019.0,SUV,NSW,48880.0
2019.0,SUV,NSW,27760.0
2019.0,SUV,NSW,23537.0
2019.0,SUV,NSW,55790.0
2019.0,SUV,NSW,41097.0
2019.0,SUV,NSW,35010.0
2019.0,SUV,NSW,33980.0
2019.0,SUV,NSW,58415.0
2019.0,SUV,NSW,30890.0
2019.0,SUV,NSW,81515.0
2019.0,SUV,NSW,20590.0
2019.0,SUV,NSW,29664.0
2019.0,SUV,NSW,33784.0
2019.0,SUV,NSW,38934.0
2019.0,SUV,NSW,43240.0
2019.0,SUV,NSW,24710.0
2019.0,SUV,NSW,19560.0
2019.0,SUV,NSW,40160.0
2019.0,SUV,NSW,58845.0
2019.0,SUV,NSW,67340.0
2019.0,SUV,NSW,44270.0
2019.0,SUV,NSW,36040.0
2019.0,SUV,NSW,33990.0
2019.0,SUV,NSW,33990.0
2019.0,SUV,NSW,23680.0
2019.0,SUV,NSW,30898.0
2019.0,SUV,NSW,23680.0
2019.0,SUV,NSW,29860.0
2019.0,SUV,NSW,29757.0
2019.0,SUV,NSW,23990.0
2019.0,SUV,NSW,53900.0
2019.0,SUV,NSW,24710.0
2019.0,SUV,NSW,25700.0
2019.0,SUV,NSW,22650.0
2019.0,SUV,NSW,23680.0
2019.0,SUV,NSW,36965.0
2019.0,SUV,NSW,44615.0
2019.0,SUV,NSW,37880.0
2019.0,SUV,NSW,20590.0
2019.0,SUV,NSW,25740.0
2019.0,SUV,NSW,89888.0
2019.0,SUV,NSW,27800.0
2019.0,SUV,NSW,32847.0
2019.0,SUV,NSW,24710.0
2019.0,SUV,NSW,43250.0
2019.0,SUV,NSW,25730.0
2019.0,SUV,NSW,25740.0
2019.0,SUV,NSW,89800.0
2019.0,SUV,NSW,89800.0
2019.0,SUV,NSW,24605.0
2019.0,SUV,NSW,26665.0
2019.0,SUV,NSW,35880.0
2019.0,SUV,NSW,23673.0
2019.0,SUV,NSW,18530.0
2019.0,SUV,NSW,23155.0
2019.0,SUV,NSW,70373.0
2019.0,SUV,NSW,19560.0
2019.0,SUV,NSW,93900.0
2019.0,SUV,NSW,45310.0
2019.0,SUV,NSW,20590.0
2019.0,SUV,NSW,27677.0
2019.0,SUV,NSW,19560.0
2019.0,SUV,NSW,26763.0
2019.0,SUV,NSW,28315.0
2019.0,SUV,NSW,39990.0
2019.0,SUV,NSW,27800.0
2019.0,SUV,NSW,28830.0
2019.0,SUV,NSW,23567.0
2019.0,Sedan,NSW,19520.0
2019.0,Sedan,NSW,44084.0
2019.0,Sedan,NSW,31815.0
2019.0,Sedan,NSW,20590.0
2019.0,Sedan,NSW,37070.0
2019.0,Sedan,NSW,47800.0
2019.0,Sedan,NSW,30890.0
2019.0,Sedan,NSW,64800.0
2019.0,Sedan,NSW,25740.0
2019.0,Sedan,NSW,42800.0
2019.0,Sedan,NSW,19447.0
2019.0,Sedan,NSW,23680.0
2019.0,Sedan,NSW,23680.0
2019.0,Sedan,NSW,25700.0
2019.0,Sedan,NSW,31815.0
2019.0,Sedan,NSW,19560.0
2019.0,Sedan,NSW,44800.0
2019.0,Sedan,NSW,36967.0
2019.0,Sedan,NSW,25740.0
2019.0,Sedan,NSW,94888.0
2019.0,Sedan,NSW,18520.0
2019.0,Sedan,NSW,25019.0
2019.0,Sedan,NSW,48800.0
2019.0,Ute/Pickup,NSW,29811.0
2019.0,Ute/Pickup,NSW,42735.0
2019.0,Ute/Pickup,NSW,44795.0
2019.0,Ute/Pickup,NSW,39130.0
2019.0,Ute/Pickup,NSW,40160.0
2019.0,Ute/Pickup,NSW,38100.0
2019.0,Ute/Pickup,NSW,48240.0
2019.0,Ute/Pickup,NSW,48440.0
2019.0,Ute/Pickup,NSW,39645.0
2019.0,Ute/Pickup,NSW,39995.0
2019.0,Ute/Pickup,NSW,48335.0
2019.0,Ute/Pickup,NSW,29820.0
2019.0,Ute/Pickup,NSW,41990.0
2019.0,Ute/Pickup,NSW,33940.0
2019.0,Ute/Pickup,NSW,26990.0
2019.0,Ute/Pickup,NSW,41190.0
2019.0,Ute/Pickup,NSW,35010.0
2019.0,Ute/Pickup,NSW,54888.0
2019.0,Ute/Pickup,NSW,25627.0
2019.0,Ute/Pickup,NSW,36040.0
2019.0,Ute/Pickup,NSW,24990.0
2019.0,Ute/Pickup,NSW,30890.0
2019.0,Ute/Pickup,NSW,35010.0
2019.0,Ute/Pickup,NSW,32837.0
2019.0,Ute/Pickup,NSW,38100.0
2019.0,Ute/Pickup,NSW,35010.0
2019.0,Ute/Pickup,NSW,55790.0
2019.0,Ute/Pickup,NSW,51590.0
2019.0,Ute/Pickup,NSW,40160.0
2019.0,Ute/Pickup,NSW,39130.0
2019.0,Ute/Pickup,NSW,33973.0
2019.0,Van,NSW,43250.0
2019.0,Van,NSW,72599.0
2019.0,Van,NSW,44280.0
2019.0,Van,NSW,27800.0
2019.0,Van,NSW,27800.0
2019.0,Van,NSW,33867.0
2019.0,Wagon,NSW,67340.0
2019.0,Wagon,NSW,22610.0
2019.0,Wagon,NSW,20590.0
2019.0,Hatchback,NT,30890.0
2019.0,SUV,NT,61790.0
2019.0,SUV,NT,22650.0
2019.0,Sedan,NT,27800.0
2019.0,Coupe,QLD,94880.0
2019.0,Coupe,QLD,69990.0
2019.0,Coupe,QLD,53990.0
2019.0,Coupe,QLD,87871.0
2019.0,Hatchback,QLD,32490.0
2019.0,Hatchback,QLD,32490.0
2019.0,Hatchback,QLD,26990.0
2019.0,Hatchback,QLD,19998.0
2019.0,Hatchback,QLD,16990.0
2019.0,Hatchback,QLD,22990.0
2019.0,Hatchback,QLD,23490.0
2019.0,Hatchback,QLD,39490.0
2019.0,Hatchback,QLD,17850.0
2019.0,Hatchback,QLD,22990.0
2019.0,Hatchback,QLD,27490.0
2019.0,Hatchback,QLD,22990.0
2019.0,Hatchback,QLD,15490.0
2019.0,Hatchback,QLD,21290.0
2019.0,Hatchback,QLD,38990.0
2019.0,Hatchback,QLD,20990.0
2019.0,Hatchback,QLD,36990.0
2019.0,Hatchback,QLD,24990.0
2019.0,Hatchback,QLD,15490.0
2019.0,Hatchback,QLD,23990.0
2019.0,Hatchback,QLD,16895.0
2019.0,Hatchback,QLD,20888.0
2019.0,Hatchback,QLD,29490.0
2019.0,Hatchback,QLD,22490.0
2019.0,Hatchback,QLD,17990.0
2019.0,Hatchback,QLD,19888.0
2019.0,Hatchback,QLD,29990.0
2019.0,Hatchback,QLD,16990.0
2019.0,Hatchback,QLD,24955.0
2019.0,Hatchback,QLD,14888.0
2019.0,Hatchback,QLD,23990.0
2019.0,Hatchback,QLD,19490.0
2019.0,Hatchback,QLD,24995.0
2019.0,Hatchback,QLD,36888.0
2019.0,Hatchback,QLD,25740.0
2019.0,Hatchback,QLD,26990.0
2019.0,SUV,QLD,47990.0
2019.0,SUV,QLD,23490.0
2019.0,SUV,QLD,20990.0
2019.0,SUV,QLD,30694.0
2019.0,SUV,QLD,51490.0
2019.0,SUV,QLD,46990.0
2019.0,SUV,QLD,46480.0
2019.0,SUV,QLD,41990.0
2019.0,SUV,QLD,29991.0
2019.0,SUV,QLD,52980.0
2019.0,SUV,QLD,36990.0
2019.0,SUV,QLD,37990.0
2019.0,SUV,QLD,37990.0
2019.0,SUV,QLD,49480.0
2019.0,SUV,QLD,74990.0
2019.0,SUV,QLD,30990.0
2019.0,SUV,QLD,39980.0
2019.0,SUV,QLD,37990.0
2019.0,SUV,QLD,28895.0
2019.0,SUV,QLD,41980.0
2019.0,SUV,QLD,33990.0
2019.0,SUV,QLD,41980.0
2019.0,SUV,QLD,64990.0
2019.0,SUV,QLD,27991.0
2019.0,SUV,QLD,32680.0
2019.0,SUV,QLD,53990.0
2019.0,SUV,QLD,32990.0
2019.0,SUV,QLD,32990.0
2019.0,SUV,QLD,24995.0
2019.0,SUV,QLD,26985.0
2019.0,SUV,QLD,26991.0
2019.0,SUV,QLD,35880.0
2019.0,SUV,QLD,31490.0
2019.0,SUV,QLD,31490.0
2019.0,SUV,QLD,33680.0
2019.0,SUV,QLD,30490.0
2019.0,SUV,QLD,26490.0
2019.0,SUV,QLD,27690.0
2019.0,SUV,QLD,28888.0
2019.0,SUV,QLD,26990.0
2019.0,SUV,QLD,29950.0
2019.0,SUV,QLD,17555.0
2019.0,SUV,QLD,85990.0
2019.0,SUV,QLD,58990.0
2019.0,SUV,QLD,57980.0
2019.0,SUV,QLD,23490.0
2019.0,SUV,QLD,31990.0
2019.0,SUV,QLD,57990.0
2019.0,SUV,QLD,31990.0
2019.0,SUV,QLD,32990.0
2019.0,SUV,QLD,23990.0
2019.0,SUV,QLD,58990.0
2019.0,SUV,QLD,38880.0
2019.0,SUV,QLD,29990.0
2019.0,SUV,QLD,32990.0
2019.0,SUV,QLD,54990.0
2019.0,SUV,QLD,27990.0
2019.0,SUV,QLD,24990.0
2019.0,SUV,QLD,92990.0
2019.0,SUV,QLD,24888.0
2019.0,SUV,QLD,70490.0
2019.0,SUV,QLD,28990.0
2019.0,SUV,QLD,24990.0
2019.0,SUV,QLD,27990.0
2019.0,SUV,QLD,27444.0
2019.0,SUV,QLD,40994.0
2019.0,SUV,QLD,28995.0
2019.0,SUV,QLD,29490.0
2019.0,SUV,QLD,57990.0
2019.0,SUV,QLD,57980.0
2019.0,SUV,QLD,30990.0
2019.0,SUV,QLD,30990.0
2019.0,SUV,QLD,31990.0
2019.0,SUV,QLD,43990.0
2019.0,SUV,QLD,31850.0
2019.0,SUV,QLD,76990.0
2019.0,SUV,QLD,18990.0
2019.0,SUV,QLD,35387.0
2019.0,SUV,QLD,27490.0
2019.0,SUV,QLD,26490.0
2019.0,SUV,QLD,23458.0
2019.0,SUV,QLD,32990.0
2019.0,SUV,QLD,31990.0
2019.0,SUV,QLD,21490.0
2019.0,SUV,QLD,25490.0
2019.0,SUV,QLD,36690.0
2019.0,SUV,QLD,22490.0
2019.0,SUV,QLD,22490.0
2019.0,SUV,QLD,41990.0
2019.0,SUV,QLD,22775.0
2019.0,SUV,QLD,42990.0
2019.0,SUV,QLD,38100.0
2019.0,SUV,QLD,35490.0
2019.0,SUV,QLD,40990.0
2019.0,SUV,QLD,24990.0
2019.0,SUV,QLD,41990.0
2019.0,SUV,QLD,36858.0
2019.0,SUV,QLD,32990.0
2019.0,SUV,QLD,24990.0
2019.0,SUV,QLD,39990.0
2019.0,SUV,QLD,28548.0
2019.0,SUV,QLD,24990.0
2019.0,SUV,QLD,26990.0
2019.0,SUV,QLD,30690.0
2019.0,SUV,QLD,39990.0
2019.0,SUV,QLD,19840.0
2019.0,SUV,QLD,42895.0
2019.0,SUV,QLD,30694.0
2019.0,SUV,QLD,30694.0
2019.0,SUV,QLD,25999.0
2019.0,SUV,QLD,20857.0
2019.0,SUV,QLD,35844.0
2019.0,SUV,QLD,22880.0
2019.0,SUV,QLD,33990.0
2019.0,SUV,QLD,26990.0
2019.0,SUV,QLD,49480.0
2019.0,SUV,QLD,34990.0
2019.0,SUV,QLD,36990.0
2019.0,SUV,QLD,29990.0
2019.0,SUV,QLD,40994.0
2019.0,SUV,QLD,61990.0
2019.0,SUV,QLD,43990.0
2019.0,SUV,QLD,24990.0
2019.0,SUV,QLD,41990.0
2019.0,SUV,QLD,31990.0
2019.0,SUV,QLD,64888.0
2019.0,SUV,QLD,23990.0
2019.0,SUV,QLD,28990.0
2019.0,SUV,QLD,51490.0
2019.0,SUV,QLD,19950.0
2019.0,SUV,QLD,22990.0
2019.0,SUV,QLD,39990.0
2019.0,SUV,QLD,54648.0
2019.0,SUV,QLD,41990.0
2019.0,SUV,QLD,25990.0
2019.0,SUV,QLD,54384.0
2019.0,SUV,QLD,25995.0
2019.0,SUV,QLD,19888.0
2019.0,SUV,QLD,42480.0
2019.0,SUV,QLD,52980.0
2019.0,SUV,QLD,21880.0
2019.0,SUV,QLD,31980.0
2019.0,SUV,QLD,22990.0
2019.0,SUV,QLD,74895.0
2019.0,SUV,QLD,24690.0
2019.0,SUV,QLD,32495.0
2019.0,SUV,QLD,35980.0
2019.0,SUV,QLD,41490.0
2019.0,SUV,QLD,32987.0
2019.0,SUV,QLD,22990.0
2019.0,SUV,QLD,53550.0
2019.0,SUV,QLD,24990.0
2019.0,SUV,QLD,78880.0
2019.0,SUV,QLD,24490.0
2019.0,SUV,QLD,37995.0
2019.0,SUV,QLD,25990.0
2019.0,SUV,QLD,18995.0
2019.0,SUV,QLD,24990.0
2019.0,SUV,QLD,30990.0
2019.0,SUV,QLD,26990.0
2019.0,SUV,QLD,25490.0
2019.0,SUV,QLD,57990.0
2019.0,SUV,QLD,22990.0
2019.0,SUV,QLD,24490.0
2019.0,SUV,QLD,67990.0
2019.0,SUV,QLD,29990.0
2019.0,SUV,QLD,21990.0
2019.0,SUV,QLD,24990.0
2019.0,SUV,QLD,34990.0
2019.0,SUV,QLD,24990.0
2019.0,SUV,QLD,24990.0
2019.0,SUV,QLD,32990.0
2019.0,SUV,QLD,27490.0
2019.0,SUV,QLD,39990.0
2019.0,SUV,QLD,30490.0
2019.0,SUV,QLD,34990.0
2019.0,SUV,QLD,27990.0
2019.0,SUV,QLD,25490.0
2019.0,SUV,QLD,16990.0
2019.0,SUV,QLD,38499.0
2019.0,SUV,QLD,77990.0
2019.0,SUV,QLD,39980.0
2019.0,SUV,QLD,64950.0
2019.0,SUV,QLD,65990.0
2019.0,SUV,QLD,21990.0
2019.0,SUV,QLD,35990.0
2019.0,SUV,QLD,36049.0
2019.0,SUV,QLD,36490.0
2019.0,SUV,QLD,28490.0
2019.0,SUV,QLD,25990.0
2019.0,SUV,QLD,27490.0
2019.0,SUV,QLD,18990.0
2019.0,SUV,QLD,22490.0
2019.0,SUV,QLD,41990.0
2019.0,SUV,QLD,20699.0
2019.0,SUV,QLD,25990.0
2019.0,SUV,QLD,27490.0
2019.0,SUV,QLD,20409.0
2019.0,SUV,QLD,32990.0
2019.0,SUV,QLD,58990.0
2019.0,SUV,QLD,22990.0
2019.0,SUV,QLD,25597.0
2019.0,SUV,QLD,25990.0
2019.0,SUV,QLD,22990.0
2019.0,SUV,QLD,22990.0
2019.0,SUV,QLD,32990.0
2019.0,SUV,QLD,87990.0
2019.0,SUV,QLD,76990.0
2019.0,SUV,QLD,17431.0
2019.0,SUV,QLD,41990.0
2019.0,SUV,QLD,27990.0
2019.0,SUV,QLD,39980.0
2019.0,SUV,QLD,23990.0
2019.0,Sedan,QLD,26950.0
2019.0,Sedan,QLD,26990.0
2019.0,Sedan,QLD,32990.0
2019.0,Sedan,QLD,19990.0
2019.0,Sedan,QLD,18990.0
2019.0,Sedan,QLD,25990.0
2019.0,Sedan,QLD,27990.0
2019.0,Sedan,QLD,39130.0
2019.0,Sedan,QLD,21990.0
2019.0,Sedan,QLD,44690.0
2019.0,Sedan,QLD,31690.0
2019.0,Sedan,QLD,32490.0
2019.0,Sedan,QLD,36490.0
2019.0,Sedan,QLD,24990.0
2019.0,Sedan,QLD,29990.0
2019.0,Sedan,QLD,20990.0
2019.0,Sedan,QLD,38934.0
2019.0,Sedan,QLD,26950.0
2019.0,Sedan,QLD,64775.0
2019.0,Sedan,QLD,41990.0
2019.0,Sedan,QLD,47990.0
2019.0,Sedan,QLD,51877.0
2019.0,Sedan,QLD,26990.0
2019.0,Sedan,QLD,20990.0
2019.0,Sedan,QLD,25990.0
2019.0,Sedan,QLD,50990.0
2019.0,Sedan,QLD,38490.0
2019.0,Sedan,QLD,46490.0
2019.0,Sedan,QLD,46490.0
2019.0,Ute/Pickup,QLD,27980.0
2019.0,Ute/Pickup,QLD,39980.0
2019.0,Ute/Pickup,QLD,39980.0
2019.0,Ute/Pickup,QLD,39980.0
2019.0,Ute/Pickup,QLD,38980.0
2019.0,Ute/Pickup,QLD,38980.0
2019.0,Ute/Pickup,QLD,39990.0
2019.0,Ute/Pickup,QLD,32980.0
2019.0,Ute/Pickup,QLD,32980.0
2019.0,Ute/Pickup,QLD,36990.0
2019.0,Ute/Pickup,QLD,59990.0
2019.0,Ute/Pickup,QLD,61990.0
2019.0,Ute/Pickup,QLD,39980.0
2019.0,Ute/Pickup,QLD,51888.0
2019.0,Ute/Pickup,QLD,44990.0
2019.0,Ute/Pickup,QLD,38574.0
2019.0,Ute/Pickup,QLD,35888.0
2019.0,Ute/Pickup,QLD,44690.0
2019.0,Ute/Pickup,QLD,44490.0
2019.0,Ute/Pickup,QLD,47990.0
2019.0,Ute/Pickup,QLD,44990.0
2019.0,Ute/Pickup,QLD,35990.0
2019.0,Ute/Pickup,QLD,40990.0
2019.0,Ute/Pickup,QLD,39950.0
2019.0,Ute/Pickup,QLD,41970.0
2019.0,Ute/Pickup,QLD,41970.0
2019.0,Ute/Pickup,QLD,41990.0
2019.0,Ute/Pickup,QLD,39690.0
2019.0,Ute/Pickup,QLD,41880.0
2019.0,Ute/Pickup,QLD,39990.0
2019.0,Ute/Pickup,QLD,37995.0
2019.0,Ute/Pickup,QLD,54990.0
2019.0,Ute/Pickup,QLD,35990.0
2019.0,Ute/Pickup,QLD,35990.0
2019.0,Ute/Pickup,QLD,35990.0
2019.0,Ute/Pickup,QLD,41690.0
2019.0,Ute/Pickup,QLD,39990.0
2019.0,Ute/Pickup,QLD,38990.0
2019.0,Ute/Pickup,QLD,43990.0
2019.0,Ute/Pickup,QLD,43990.0
2019.0,Ute/Pickup,QLD,39999.0
2019.0,Ute/Pickup,QLD,26991.0
2019.0,Ute/Pickup,QLD,36224.0
2019.0,Ute/Pickup,QLD,46990.0
2019.0,Ute/Pickup,QLD,42888.0
2019.0,Ute/Pickup,QLD,29490.0
2019.0,Ute/Pickup,QLD,26850.0
2019.0,Ute/Pickup,QLD,36880.0
2019.0,Ute/Pickup,QLD,35490.0
2019.0,Ute/Pickup,QLD,39990.0
2019.0,Ute/Pickup,QLD,31990.0
2019.0,Ute/Pickup,QLD,29490.0
2019.0,Ute/Pickup,QLD,39980.0
2019.0,Ute/Pickup,QLD,42900.0
2019.0,Ute/Pickup,QLD,35995.0
2019.0,Ute/Pickup,QLD,32790.0
2019.0,Ute/Pickup,QLD,44990.0
2019.0,Ute/Pickup,QLD,35995.0
2019.0,Ute/Pickup,QLD,39990.0
2019.0,Ute/Pickup,QLD,29990.0
2019.0,Ute/Pickup,QLD,53880.0
2019.0,Ute/Pickup,QLD,27790.0
2019.0,Ute/Pickup,QLD,36990.0
2019.0,Ute/Pickup,QLD,18539.0
2019.0,Ute/Pickup,QLD,52500.0
2019.0,Ute/Pickup,QLD,52500.0
2019.0,Ute/Pickup,QLD,29790.0
2019.0,Ute/Pickup,QLD,41980.0
2019.0,Ute/Pickup,QLD,39329.0
2019.0,Ute/Pickup,QLD,41980.0
2019.0,Ute/Pickup,QLD,44991.0
2019.0,Ute/Pickup,QLD,25749.0
2019.0,Ute/Pickup,QLD,35990.0
2019.0,Ute/Pickup,QLD,43850.0
2019.0,Ute/Pickup,QLD,31888.0
2019.0,Ute/Pickup,QLD,31980.0
2019.0,Ute/Pickup,QLD,24990.0
2019.0,Ute/Pickup,QLD,31980.0
2019.0,Ute/Pickup,QLD,22995.0
2019.0,Ute/Pickup,QLD,27990.0
2019.0,Ute/Pickup,QLD,38980.0
2019.0,Ute/Pickup,QLD,31990.0
2019.0,Ute/Pickup,QLD,38980.0
2019.0,Van,QLD,38980.0
2019.0,Van,QLD,38980.0
2019.0,Van,QLD,38890.0
2019.0,Van,QLD,54690.0
2019.0,Van,QLD,53980.0
2019.0,Van,QLD,53980.0
2019.0,Van,QLD,45480.0
2019.0,Van,QLD,54980.0
2019.0,Van,QLD,54980.0
2019.0,Van,QLD,33980.0
2019.0,Van,QLD,69980.0
2019.0,Van,QLD,69980.0
2019.0,Van,QLD,54980.0
2019.0,Van,QLD,33980.0
2019.0,Van,QLD,47480.0
2019.0,Van,QLD,45980.0
2019.0,Van,QLD,40980.0
2019.0,Van,QLD,45980.0
2019.0,Van,QLD,46980.0
2019.0,Van,QLD,46980.0
2019.0,Van,QLD,47480.0
2019.0,Van,QLD,48980.0
2019.0,Van,QLD,48980.0
2019.0,Van,QLD,48980.0
2019.0,Van,QLD,64990.0
2019.0,Van,QLD,54980.0
2019.0,Van,QLD,21690.0
2019.0,Van,QLD,40980.0
2019.0,Van,QLD,45480.0
2019.0,Van,QLD,38890.0
2019.0,Van,QLD,27809.0
2019.0,Van,QLD,43980.0
2019.0,Van,QLD,21379.0
2019.0,Van,QLD,19690.0
2019.0,Van,QLD,43980.0
2019.0,Van,QLD,99980.0
2019.0,Van,QLD,99980.0
2019.0,Van,QLD,46980.0
2019.0,Van,QLD,28990.0
2019.0,Van,QLD,24990.0
2019.0,Wagon,QLD,27990.0
2019.0,Hatchback,SA,22295.0
2019.0,Hatchback,SA,21449.0
2019.0,SUV,SA,25930.0
2019.0,SUV,SA,58170.0
2019.0,SUV,SA,33012.0
2019.0,SUV,SA,29499.0
2019.0,SUV,SA,24789.0
2019.0,SUV,SA,26996.0
2019.0,SUV,SA,17444.0
2019.0,SUV,SA,22789.0
2019.0,SUV,SA,26979.0
2019.0,SUV,SA,17619.0
2019.0,SUV,SA,33739.0
2019.0,SUV,SA,33739.0
2019.0,SUV,SA,19499.0
2019.0,SUV,SA,32908.0
2019.0,SUV,SA,54010.0
2019.0,SUV,SA,41530.0
2019.0,SUV,SA,30099.0
2019.0,SUV,SA,31956.0
2019.0,Sedan,SA,24880.0
2019.0,Sedan,SA,24660.0
2019.0,Sedan,SA,25499.0
2019.0,Ute/Pickup,SA,41538.0
2019.0,Ute/Pickup,SA,37378.0
2019.0,Ute/Pickup,SA,39978.0
2019.0,Ute/Pickup,SA,46996.0
2019.0,Van,SA,25108.0
2019.0,Hatchback,TAS,26255.0
2019.0,Hatchback,TAS,22341.0
2019.0,Hatchback,TAS,21620.0
2019.0,Hatchback,TAS,27800.0
2019.0,Hatchback,TAS,18530.0
2019.0,Hatchback,TAS,30921.0
2019.0,SUV,TAS,61310.0
2019.0,SUV,TAS,28830.0
2019.0,SUV,TAS,43670.0
2019.0,SUV,TAS,54030.0
2019.0,SUV,TAS,33980.0
2019.0,SUV,TAS,37150.0
2019.0,SUV,TAS,31405.0
2019.0,SUV,TAS,31405.0
2019.0,SUV,TAS,72270.0
2019.0,SUV,TAS,25700.0
2019.0,SUV,TAS,25740.0
2019.0,SUV,TAS,25740.0
2019.0,SUV,TAS,27800.0
2019.0,SUV,TAS,22650.0
2019.0,SUV,TAS,26770.0
2019.0,SUV,TAS,31920.0
2019.0,SUV,TAS,31920.0
2019.0,SUV,TAS,30890.0
2019.0,SUV,TAS,22753.0
2019.0,SUV,TAS,76326.0
2019.0,SUV,TAS,37594.0
2019.0,SUV,TAS,23680.0
2019.0,SUV,TAS,46821.0
2019.0,SUV,TAS,26286.0
2019.0,SUV,TAS,37150.0
2019.0,SUV,TAS,25771.0
2019.0,SUV,TAS,34011.0
2019.0,SUV,TAS,31951.0
2019.0,SUV,TAS,25771.0
2019.0,SUV,TAS,34011.0
2019.0,SUV,TAS,39400.0
2019.0,SUV,TAS,39400.0
2019.0,SUV,TAS,41620.0
2019.0,SUV,TAS,22681.0
2019.0,Sedan,TAS,23680.0
2019.0,Sedan,TAS,28830.0
2019.0,Sedan,TAS,18530.0
2019.0,Ute/Pickup,TAS,25740.0
2019.0,Ute/Pickup,TAS,30890.0
2019.0,Ute/Pickup,TAS,32950.0
2019.0,Ute/Pickup,TAS,26770.0
2019.0,Ute/Pickup,TAS,38260.0
2019.0,Ute/Pickup,TAS,45750.0
2019.0,Ute/Pickup,TAS,37705.0
2019.0,Ute/Pickup,TAS,49910.0
2019.0,Ute/Pickup,TAS,44311.0
2019.0,Ute/Pickup,TAS,44311.0
2019.0,Van,TAS,70710.0
2019.0,Van,TAS,23165.0
2019.0,Van,TAS,30921.0
2019.0,Van,TAS,32981.0
2019.0,Convertible,VIC,35990.0
2019.0,Coupe,VIC,50948.0
2019.0,Coupe,VIC,249800.0
2019.0,Coupe,VIC,47929.0
2019.0,Coupe,VIC,36888.0
2019.0,Coupe,VIC,249800.0
2019.0,Coupe,VIC,46990.0
2019.0,Coupe,VIC,37990.0
2019.0,Coupe,VIC,35950.0
2019.0,Hatchback,VIC,22990.0
2019.0,Hatchback,VIC,29999.0
2019.0,Hatchback,VIC,28990.0
2019.0,Hatchback,VIC,21888.0
2019.0,Hatchback,VIC,17445.0
2019.0,Hatchback,VIC,25688.0
2019.0,Hatchback,VIC,30480.0
2019.0,Hatchback,VIC,24888.0
2019.0,Hatchback,VIC,21990.0
2019.0,Hatchback,VIC,24990.0
2019.0,Hatchback,VIC,17990.0
2019.0,Hatchback,VIC,32990.0
2019.0,Hatchback,VIC,14997.0
2019.0,Hatchback,VIC,35868.0
2019.0,Hatchback,VIC,21933.0
2019.0,Hatchback,VIC,22990.0
2019.0,Hatchback,VIC,41670.0
2019.0,Hatchback,VIC,19038.0
2019.0,Hatchback,VIC,28788.0
2019.0,Hatchback,VIC,40940.0
2019.0,Hatchback,VIC,35990.0
2019.0,Hatchback,VIC,24340.0
2019.0,Hatchback,VIC,14040.0
2019.0,Hatchback,VIC,18990.0
2019.0,SUV,VIC,26871.0
2019.0,SUV,VIC,20753.0
2019.0,SUV,VIC,23990.0
2019.0,SUV,VIC,28999.0
2019.0,SUV,VIC,33999.0
2019.0,SUV,VIC,22999.0
2019.0,SUV,VIC,27999.0
2019.0,SUV,VIC,38999.0
2019.0,SUV,VIC,22999.0
2019.0,SUV,VIC,21999.0
2019.0,SUV,VIC,27990.0
2019.0,SUV,VIC,28558.0
2019.0,SUV,VIC,23956.0
2019.0,SUV,VIC,21990.0
2019.0,SUV,VIC,30490.0
2019.0,SUV,VIC,43990.0
2019.0,SUV,VIC,42905.0
2019.0,SUV,VIC,54800.0
2019.0,SUV,VIC,33990.0
2019.0,SUV,VIC,26900.0
2019.0,SUV,VIC,47888.0
2019.0,SUV,VIC,39990.0
2019.0,SUV,VIC,33970.0
2019.0,SUV,VIC,31990.0
2019.0,SUV,VIC,39800.0
2019.0,SUV,VIC,24999.0
2019.0,SUV,VIC,23905.0
2019.0,SUV,VIC,27888.0
2019.0,SUV,VIC,22990.0
2019.0,SUV,VIC,25661.0
2019.0,SUV,VIC,52885.0
2019.0,SUV,VIC,78896.0
2019.0,SUV,VIC,41990.0
2019.0,SUV,VIC,29500.0
2019.0,SUV,VIC,22990.0
2019.0,SUV,VIC,27990.0
2019.0,SUV,VIC,51800.0
2019.0,SUV,VIC,94990.0
2019.0,SUV,VIC,39548.0
2019.0,SUV,VIC,27990.0
2019.0,SUV,VIC,26888.0
2019.0,SUV,VIC,26888.0
2019.0,SUV,VIC,54587.0
2019.0,SUV,VIC,51800.0
2019.0,SUV,VIC,29990.0
2019.0,SUV,VIC,22888.0
2019.0,SUV,VIC,30950.0
2019.0,SUV,VIC,30990.0
2019.0,SUV,VIC,34990.0
2019.0,SUV,VIC,25888.0
2019.0,SUV,VIC,86900.0
2019.0,SUV,VIC,48800.0
2019.0,SUV,VIC,20888.0
2019.0,SUV,VIC,33490.0
2019.0,SUV,VIC,57990.0
2019.0,SUV,VIC,24990.0
2019.0,SUV,VIC,52800.0
2019.0,SUV,VIC,29990.0
2019.0,SUV,VIC,27940.0
2019.0,SUV,VIC,43990.0
2019.0,SUV,VIC,28242.0
2019.0,SUV,VIC,24990.0
2019.0,SUV,VIC,79980.0
2019.0,SUV,VIC,40990.0
2019.0,SUV,VIC,63450.0
2019.0,SUV,VIC,25990.0
2019.0,SUV,VIC,54800.0
2019.0,SUV,VIC,28990.0
2019.0,SUV,VIC,20500.0
2019.0,SUV,VIC,47990.0
2019.0,SUV,VIC,22990.0
2019.0,SUV,VIC,32990.0
2019.0,SUV,VIC,32990.0
2019.0,SUV,VIC,36888.0
2019.0,SUV,VIC,39450.0
2019.0,SUV,VIC,55470.0
2019.0,SUV,VIC,33990.0
2019.0,SUV,VIC,36990.0
2019.0,SUV,VIC,39800.0
2019.0,SUV,VIC,56490.0
2019.0,SUV,VIC,56490.0
2019.0,SUV,VIC,40999.0
2019.0,SUV,VIC,42990.0
2019.0,SUV,VIC,34950.0
2019.0,SUV,VIC,98990.0
2019.0,SUV,VIC,37999.0
2019.0,SUV,VIC,44990.0
2019.0,SUV,VIC,21990.0
2019.0,SUV,VIC,39948.0
2019.0,SUV,VIC,29990.0
2019.0,SUV,VIC,28990.0
2019.0,SUV,VIC,32990.0
2019.0,SUV,VIC,82900.0
2019.0,SUV,VIC,77490.0
2019.0,SUV,VIC,53990.0
2019.0,SUV,VIC,43990.0
2019.0,SUV,VIC,28888.0
2019.0,SUV,VIC,28888.0
2019.0,SUV,VIC,49990.0
2019.0,SUV,VIC,32440.0
2019.0,SUV,VIC,61430.0
2019.0,SUV,VIC,44888.0
2019.0,SUV,VIC,47990.0
2019.0,SUV,VIC,27990.0
2019.0,SUV,VIC,82388.0
2019.0,SUV,VIC,88490.0
2019.0,SUV,VIC,33062.0
2019.0,SUV,VIC,30480.0
2019.0,SUV,VIC,22990.0
2019.0,SUV,VIC,51868.0
2019.0,SUV,VIC,29990.0
2019.0,SUV,VIC,19450.0
2019.0,SUV,VIC,23990.0
2019.0,SUV,VIC,26990.0
2019.0,SUV,VIC,24880.0
2019.0,SUV,VIC,21450.0
2019.0,SUV,VIC,36788.0
2019.0,SUV,VIC,29990.0
2019.0,SUV,VIC,31788.0
2019.0,SUV,VIC,94880.0
2019.0,SUV,VIC,24990.0
2019.0,SUV,VIC,25999.0
2019.0,Sedan,VIC,24990.0
2019.0,Sedan,VIC,39888.0
2019.0,Sedan,VIC,53868.0
2019.0,Sedan,VIC,43970.0
2019.0,Sedan,VIC,41488.0
2019.0,Sedan,VIC,44990.0
2019.0,Sedan,VIC,49990.0
2019.0,Sedan,VIC,24952.0
2019.0,Sedan,VIC,17990.0
2019.0,Sedan,VIC,28124.0
2019.0,Sedan,VIC,29250.0
2019.0,Sedan,VIC,42940.0
2019.0,Sedan,VIC,31888.0
2019.0,Ute/Pickup,VIC,48998.0
2019.0,Ute/Pickup,VIC,24558.0
2019.0,Ute/Pickup,VIC,26999.0
2019.0,Ute/Pickup,VIC,47888.0
2019.0,Ute/Pickup,VIC,35888.0
2019.0,Ute/Pickup,VIC,23999.0
2019.0,Ute/Pickup,VIC,23999.0
2019.0,Ute/Pickup,VIC,39888.0
2019.0,Ute/Pickup,VIC,53888.0
2019.0,Ute/Pickup,VIC,34835.0
2019.0,Ute/Pickup,VIC,36990.0
2019.0,Ute/Pickup,VIC,35990.0
2019.0,Ute/Pickup,VIC,43888.0
2019.0,Ute/Pickup,VIC,34990.0
2019.0,Ute/Pickup,VIC,34490.0
2019.0,Ute/Pickup,VIC,41585.0
2019.0,Ute/Pickup,VIC,35850.0
2019.0,Ute/Pickup,VIC,37999.0
2019.0,Ute/Pickup,VIC,21888.0
2019.0,Ute/Pickup,VIC,19999.0
2019.0,Ute/Pickup,VIC,42705.0
2019.0,Ute/Pickup,VIC,36990.0
2019.0,Ute/Pickup,VIC,49990.0
2019.0,Ute/Pickup,VIC,33705.0
2019.0,Ute/Pickup,VIC,46850.0
2019.0,Ute/Pickup,VIC,34990.0
2019.0,Ute/Pickup,VIC,44888.0
2019.0,Ute/Pickup,VIC,53990.0
2019.0,Ute/Pickup,VIC,36990.0
2019.0,Ute/Pickup,VIC,30705.0
2019.0,Ute/Pickup,VIC,33990.0
2019.0,Ute/Pickup,VIC,32990.0
2019.0,Ute/Pickup,VIC,49990.0
2019.0,Ute/Pickup,VIC,37990.0
2019.0,Ute/Pickup,VIC,28999.0
2019.0,Ute/Pickup,VIC,26999.0
2019.0,Ute/Pickup,VIC,26900.0
2019.0,Ute/Pickup,VIC,33999.0
2019.0,Ute/Pickup,VIC,29999.0
2019.0,Van,VIC,33537.0
2019.0,Van,VIC,29701.0
2019.0,Van,VIC,29694.0
2019.0,Van,VIC,24250.0
2019.0,Van,VIC,44990.0
2019.0,Van,VIC,24990.0
2019.0,Van,VIC,23598.0
2019.0,Van,VIC,31430.0
2019.0,Van,VIC,67300.0
2019.0,Wagon,VIC,34495.0
2019.0,Convertible,WA,49851.0
2019.0,Coupe,WA,97930.0
2019.0,Coupe,WA,98488.0
2019.0,Coupe,WA,78888.0
2019.0,Coupe,WA,37578.0
2019.0,Coupe,WA,143888.0
2019.0,Hatchback,WA,17485.0
2019.0,Hatchback,WA,21567.0
2019.0,Hatchback,WA,42999.0
2019.0,Hatchback,WA,39990.0
2019.0,Hatchback,WA,24629.0
2019.0,Hatchback,WA,20016.0
2019.0,Hatchback,WA,23609.0
2019.0,Hatchback,WA,19488.0
2019.0,Hatchback,WA,22509.0
2019.0,Hatchback,WA,26744.0
2019.0,Hatchback,WA,19502.0
2019.0,Hatchback,WA,25677.0
2019.0,Hatchback,WA,21402.0
2019.0,Hatchback,WA,26653.0
2019.0,Hatchback,WA,17352.0
2019.0,Hatchback,WA,18998.0
2019.0,Hatchback,WA,25655.0
2019.0,Hatchback,WA,19512.0
2019.0,SUV,WA,24990.0
2019.0,SUV,WA,19722.0
2019.0,SUV,WA,22688.0
2019.0,SUV,WA,71354.0
2019.0,SUV,WA,71354.0
2019.0,SUV,WA,23312.0
2019.0,SUV,WA,25667.0
2019.0,SUV,WA,90505.0
2019.0,SUV,WA,37574.0
2019.0,SUV,WA,39120.0
2019.0,SUV,WA,39120.0
2019.0,SUV,WA,41990.0
2019.0,SUV,WA,30990.0
2019.0,SUV,WA,80387.0
2019.0,SUV,WA,47999.0
2019.0,SUV,WA,22887.0
2019.0,SUV,WA,44215.0
2019.0,SUV,WA,31577.0
2019.0,SUV,WA,68888.0
2019.0,SUV,WA,38663.0
2019.0,SUV,WA,31027.0
2019.0,SUV,WA,21822.0
2019.0,SUV,WA,29977.0
2019.0,SUV,WA,21822.0
2019.0,SUV,WA,22424.0
2019.0,SUV,WA,46453.0
2019.0,SUV,WA,74538.0
2019.0,SUV,WA,63889.0
2019.0,SUV,WA,24649.0
2019.0,SUV,WA,85180.0
2019.0,SUV,WA,62815.0
2019.0,SUV,WA,20266.0
2019.0,SUV,WA,85999.0
2019.0,SUV,WA,37564.0
2019.0,SUV,WA,30498.0
2019.0,SUV,WA,21822.0
2019.0,SUV,WA,66445.0
2019.0,SUV,WA,45323.0
2019.0,SUV,WA,90346.0
2019.0,SUV,WA,31577.0
2019.0,SUV,WA,72410.0
2019.0,SUV,WA,23488.0
2019.0,SUV,WA,69214.0
2019.0,SUV,WA,50965.0
2019.0,SUV,WA,69214.0
2019.0,SUV,WA,44216.0
2019.0,SUV,WA,83999.0
2019.0,SUV,WA,18484.0
2019.0,SUV,WA,48702.0
2019.0,SUV,WA,29977.0
2019.0,SUV,WA,29977.0
2019.0,SUV,WA,75999.0
2019.0,SUV,WA,38673.0
2019.0,SUV,WA,22888.0
2019.0,SUV,WA,26209.0
2019.0,SUV,WA,36990.0
2019.0,SUV,WA,36990.0
2019.0,SUV,WA,29509.0
2019.0,SUV,WA,41990.0
2019.0,SUV,WA,46453.0
2019.0,SUV,WA,24649.0
2019.0,SUV,WA,26743.0
2019.0,SUV,WA,48704.0
2019.0,SUV,WA,55368.0
2019.0,SUV,WA,22688.0
2019.0,SUV,WA,25153.0
2019.0,SUV,WA,27149.0
2019.0,SUV,WA,28777.0
2019.0,SUV,WA,64440.0
2019.0,SUV,WA,48659.0
2019.0,SUV,WA,36486.0
2019.0,SUV,WA,19722.0
2019.0,SUV,WA,55357.0
2019.0,SUV,WA,40886.0
2019.0,SUV,WA,18988.0
2019.0,SUV,WA,22163.0
2019.0,SUV,WA,28488.0
2019.0,SUV,WA,31039.0
2019.0,SUV,WA,23641.0
2019.0,SUV,WA,30497.0
2019.0,SUV,WA,28895.0
2019.0,SUV,WA,21288.0
2019.0,SUV,WA,48691.0
2019.0,SUV,WA,54305.0
2019.0,SUV,WA,34836.0
2019.0,SUV,WA,29961.0
2019.0,SUV,WA,29951.0
2019.0,SUV,WA,38673.0
2019.0,SUV,WA,27812.0
2019.0,SUV,WA,25677.0
2019.0,SUV,WA,51990.0
2019.0,SUV,WA,34708.0
2019.0,SUV,WA,77753.0
2019.0,SUV,WA,77753.0
2019.0,SUV,WA,40316.0
2019.0,SUV,WA,37772.0
2019.0,SUV,WA,45999.0
2019.0,SUV,WA,65488.0
2019.0,SUV,WA,39785.0
2019.0,SUV,WA,36456.0
2019.0,SUV,WA,27792.0
2019.0,SUV,WA,31019.0
2019.0,SUV,WA,33206.0
2019.0,SUV,WA,31888.0
2019.0,SUV,WA,25059.0
2019.0,SUV,WA,25059.0
2019.0,SUV,WA,56859.0
2019.0,SUV,WA,37114.0
2019.0,SUV,WA,40899.0
2019.0,SUV,WA,25676.0
2019.0,SUV,WA,47576.0
2019.0,SUV,WA,35825.0
2019.0,SUV,WA,52099.0
2019.0,SUV,WA,35144.0
2019.0,SUV,WA,28886.0
2019.0,SUV,WA,36588.0
2019.0,SUV,WA,20035.0
2019.0,SUV,WA,67090.0
2019.0,SUV,WA,27813.0
2019.0,SUV,WA,33250.0
2019.0,SUV,WA,27813.0
2019.0,SUV,WA,31861.0
2019.0,SUV,WA,30750.0
2019.0,SUV,WA,33205.0
2019.0,SUV,WA,21983.0
2019.0,SUV,WA,38477.0
2019.0,SUV,WA,27170.0
2019.0,SUV,WA,22888.0
2019.0,SUV,WA,31040.0
2019.0,SUV,WA,40796.0
2019.0,SUV,WA,23641.0
2019.0,SUV,WA,23641.0
2019.0,SUV,WA,79883.0
2019.0,SUV,WA,20454.0
2019.0,SUV,WA,49998.0
2019.0,SUV,WA,45333.0
2019.0,SUV,WA,55388.0
2019.0,SUV,WA,43888.0
2019.0,SUV,WA,68145.0
2019.0,SUV,WA,19512.0
2019.0,SUV,WA,25572.0
2019.0,SUV,WA,57508.0
2019.0,SUV,WA,32690.0
2019.0,SUV,WA,20540.0
2019.0,SUV,WA,28805.0
2019.0,SUV,WA,54837.0
2019.0,SUV,WA,74007.0
2019.0,SUV,WA,42008.0
2019.0,SUV,WA,26744.0
2019.0,SUV,WA,71198.0
2019.0,SUV,WA,71362.0
2019.0,SUV,WA,25591.0
2019.0,SUV,WA,38495.0
2019.0,SUV,WA,57904.0
2019.0,SUV,WA,31040.0
2019.0,SUV,WA,79990.0
2019.0,SUV,WA,19531.0
2019.0,SUV,WA,56435.0
2019.0,SUV,WA,25637.0
2019.0,SUV,WA,17476.0
2019.0,SUV,WA,71345.0
2019.0,SUV,WA,34293.0
2019.0,SUV,WA,25664.0
2019.0,SUV,WA,18475.0
2019.0,SUV,WA,19990.0
2019.0,SUV,WA,45333.0
2019.0,SUV,WA,71990.0
2019.0,SUV,WA,90505.0
2019.0,SUV,WA,42990.0
2019.0,SUV,WA,42990.0
2019.0,SUV,WA,34312.0
2019.0,SUV,WA,44998.0
2019.0,SUV,WA,55388.0
2019.0,Sedan,WA,22595.0
2019.0,Sedan,WA,42191.0
2019.0,Sedan,WA,25655.0
2019.0,Sedan,WA,46433.0
2019.0,Sedan,WA,45776.0
2019.0,Sedan,WA,47556.0
2019.0,Sedan,WA,128277.0
2019.0,Sedan,WA,128277.0
2019.0,Sedan,WA,24659.0
2019.0,Sedan,WA,17488.0
2019.0,Sedan,WA,38691.0
2019.0,Sedan,WA,38691.0
2019.0,Sedan,WA,22110.0
2019.0,Sedan,WA,36384.0
2019.0,Sedan,WA,50945.0
2019.0,Sedan,WA,26633.0
2019.0,Sedan,WA,23004.0
2019.0,Sedan,WA,49842.0
2019.0,Sedan,WA,20530.0
2019.0,Sedan,WA,30516.0
2019.0,Sedan,WA,40766.0
2019.0,Sedan,WA,18905.0
2019.0,Sedan,WA,21567.0
2019.0,Sedan,WA,25677.0
2019.0,Sedan,WA,36913.0
2019.0,Ute/Pickup,WA,33206.0
2019.0,Ute/Pickup,WA,28171.0
2019.0,Ute/Pickup,WA,31046.0
2019.0,Ute/Pickup,WA,27322.0
2019.0,Ute/Pickup,WA,48444.0
2019.0,Ute/Pickup,WA,40990.0
2019.0,Ute/Pickup,WA,49823.0
2019.0,Ute/Pickup,WA,50848.0
2019.0,Ute/Pickup,WA,41875.0
2019.0,Ute/Pickup,WA,45333.0
2019.0,Ute/Pickup,WA,45333.0
2019.0,Ute/Pickup,WA,41546.0
2019.0,Ute/Pickup,WA,34489.0
2019.0,Ute/Pickup,WA,41989.0
2019.0,Ute/Pickup,WA,42412.0
2019.0,Ute/Pickup,WA,43879.0
2019.0,Ute/Pickup,WA,40888.0
2019.0,Ute/Pickup,WA,38660.0
2019.0,Ute/Pickup,WA,40728.0
2019.0,Ute/Pickup,WA,36384.0
2019.0,Ute/Pickup,WA,24659.0
2019.0,Ute/Pickup,WA,45320.0
2019.0,Ute/Pickup,WA,39990.0
2019.0,Ute/Pickup,WA,31040.0
2019.0,Ute/Pickup,WA,36384.0
2019.0,Ute/Pickup,WA,27322.0
2019.0,Ute/Pickup,WA,44216.0
2019.0,Ute/Pickup,WA,49838.0
2019.0,Ute/Pickup,WA,34272.0
2019.0,Ute/Pickup,WA,43673.0
2019.0,Ute/Pickup,WA,46463.0
2019.0,Ute/Pickup,WA,36477.0
2019.0,Ute/Pickup,WA,34280.0
2019.0,Ute/Pickup,WA,27811.0
2019.0,Ute/Pickup,WA,36440.0
2019.0,Ute/Pickup,WA,41999.0
2019.0,Ute/Pickup,WA,34308.0
2019.0,Ute/Pickup,WA,26742.0
2019.0,Ute/Pickup,WA,33950.0
2019.0,Ute/Pickup,WA,25888.0
2019.0,Ute/Pickup,WA,31884.0
2019.0,Ute/Pickup,WA,37499.0
2019.0,Ute/Pickup,WA,26653.0
2019.0,Ute/Pickup,WA,53195.0
2019.0,Ute/Pickup,WA,34201.0
2019.0,Ute/Pickup,WA,34201.0
2019.0,Ute/Pickup,WA,36492.0
2019.0,Ute/Pickup,WA,49998.0
2019.0,Ute/Pickup,WA,23641.0
2019.0,Ute/Pickup,WA,25693.0
2019.0,Ute/Pickup,WA,42008.0
2019.0,Ute/Pickup,WA,33990.0
2019.0,Ute/Pickup,WA,35383.0
2019.0,Ute/Pickup,WA,31058.0
2019.0,Van,WA,52100.0
2019.0,Van,WA,41322.0
2019.0,Van,WA,32108.0
2019.0,Van,WA,34280.0
2019.0,Van,WA,38672.0
2019.0,Van,WA,34280.0
2019.0,Van,WA,56433.0
2019.0,Van,WA,48702.0
2019.0,Van,WA,24322.0
2019.0,Van,WA,47575.0
2019.0,Van,WA,24993.0
2019.0,Van,WA,24322.0
2019.0,Van,WA,48702.0
2019.0,Van,WA,45320.0
2019.0,Van,WA,37574.0
2019.0,Van,WA,69125.0
2019.0,Van,WA,48586.0
2019.0,Van,WA,47460.0
2019.0,Wagon,WA,18988.0
2019.0,Wagon,WA,53219.0
2019.0,Wagon,WA,39794.0
2019.0,Wagon,WA,22985.0
2019.0,Wagon,WA,17371.0
2020.0,Coupe,ACT,80910.0
2020.0,Hatchback,ACT,28737.0
2020.0,Hatchback,ACT,29860.0
2020.0,Hatchback,ACT,27800.0
2020.0,Hatchback,ACT,33980.0
2020.0,Hatchback,ACT,33980.0
2020.0,Hatchback,ACT,14523.0
2020.0,Hatchback,ACT,19480.0
2020.0,Hatchback,ACT,21218.0
2020.0,Hatchback,ACT,25647.0
2020.0,SUV,ACT,47310.0
2020.0,SUV,ACT,104090.0
2020.0,SUV,ACT,96540.0
2020.0,SUV,ACT,33980.0
2020.0,SUV,ACT,79990.0
2020.0,SUV,ACT,40788.0
2020.0,SUV,ACT,33980.0
2020.0,SUV,ACT,103890.0
2020.0,SUV,ACT,44280.0
2020.0,SUV,ACT,35844.0
2020.0,SUV,ACT,34917.0
2020.0,SUV,ACT,35947.0
2020.0,SUV,ACT,27245.0
2020.0,SUV,ACT,27604.0
2020.0,SUV,ACT,71655.0
2020.0,SUV,ACT,25338.0
2020.0,SUV,ACT,27800.0
2020.0,SUV,ACT,27785.0
2020.0,SUV,ACT,25338.0
2020.0,SUV,ACT,23278.0
2020.0,SUV,ACT,23278.0
2020.0,SUV,ACT,46260.0
2020.0,SUV,ACT,40788.0
2020.0,SUV,ACT,27800.0
2020.0,SUV,ACT,25338.0
2020.0,SUV,ACT,22042.0
2020.0,SUV,ACT,21620.0
2020.0,SUV,ACT,79395.0
2020.0,SUV,ACT,26730.0
2020.0,SUV,ACT,25660.0
2020.0,SUV,ACT,38934.0
2020.0,Sedan,ACT,30890.0
2020.0,Sedan,ACT,48345.0
2020.0,Sedan,ACT,26368.0
2020.0,Ute/Pickup,ACT,37030.0
2020.0,Ute/Pickup,ACT,39050.0
2020.0,Ute/Pickup,ACT,48240.0
2020.0,Ute/Pickup,ACT,40160.0
2020.0,Ute/Pickup,ACT,47190.0
2020.0,Ute/Pickup,ACT,48345.0
2020.0,Ute/Pickup,ACT,27245.0
2020.0,Van,ACT,28750.0
2020.0,Wagon,ACT,46865.0
2020.0,Wagon,ACT,26632.0
2020.0,Wagon,ACT,26632.0
2020.0,Coupe,NSW,39748.0
2020.0,Hatchback,NSW,20880.0
2020.0,Hatchback,NSW,30890.0
2020.0,Hatchback,NSW,49800.0
2020.0,Hatchback,NSW,68800.0
2020.0,Hatchback,NSW,33980.0
2020.0,Hatchback,NSW,35947.0
2020.0,Hatchback,NSW,50540.0
2020.0,Hatchback,NSW,16470.0
2020.0,Hatchback,NSW,30890.0
2020.0,Hatchback,NSW,17500.0
2020.0,Hatchback,NSW,22537.0
2020.0,Hatchback,NSW,22537.0
2020.0,Hatchback,NSW,22650.0
2020.0,Hatchback,NSW,45310.0
2020.0,Hatchback,NSW,29995.0
2020.0,Hatchback,NSW,53880.0
2020.0,Hatchback,NSW,24195.0
2020.0,Hatchback,NSW,14980.0
2020.0,Hatchback,NSW,21620.0
2020.0,Hatchback,NSW,29850.0
2020.0,Hatchback,NSW,28830.0
2020.0,Hatchback,NSW,67900.0
2020.0,Hatchback,NSW,15440.0
2020.0,Hatchback,NSW,32950.0
2020.0,Hatchback,NSW,25740.0
2020.0,SUV,NSW,75900.0
2020.0,SUV,NSW,29767.0
2020.0,SUV,NSW,26990.0
2020.0,SUV,NSW,23990.0
2020.0,SUV,NSW,24710.0
2020.0,SUV,NSW,36040.0
2020.0,SUV,NSW,24710.0
2020.0,SUV,NSW,25225.0
2020.0,SUV,NSW,28990.0
2020.0,SUV,NSW,41190.0
2020.0,SUV,NSW,26990.0
2020.0,SUV,NSW,32950.0
2020.0,SUV,NSW,37070.0
2020.0,SUV,NSW,29990.0
2020.0,SUV,NSW,69800.0
2020.0,SUV,NSW,57800.0
2020.0,SUV,NSW,67800.0
2020.0,SUV,NSW,67800.0
2020.0,SUV,NSW,44800.0
2020.0,SUV,NSW,79800.0
2020.0,SUV,NSW,84800.0
2020.0,SUV,NSW,68800.0
2020.0,SUV,NSW,48800.0
2020.0,SUV,NSW,46340.0
2020.0,SUV,NSW,98800.0
2020.0,SUV,NSW,65990.0
2020.0,SUV,NSW,45800.0
2020.0,SUV,NSW,62090.0
2020.0,SUV,NSW,29800.0
2020.0,SUV,NSW,28830.0
2020.0,SUV,NSW,25740.0
2020.0,SUV,NSW,28830.0
2020.0,SUV,NSW,26677.0
2020.0,SUV,NSW,36990.0
2020.0,SUV,NSW,47800.0
2020.0,SUV,NSW,41190.0
2020.0,SUV,NSW,41190.0
2020.0,SUV,NSW,44280.0
2020.0,SUV,NSW,44280.0
2020.0,SUV,NSW,50366.0
2020.0,SUV,NSW,41150.0
2020.0,SUV,NSW,35935.0
2020.0,SUV,NSW,99800.0
2020.0,SUV,NSW,74800.0
2020.0,SUV,NSW,25990.0
2020.0,SUV,NSW,58940.0
2020.0,SUV,NSW,99800.0
2020.0,SUV,NSW,45800.0
2020.0,SUV,NSW,32950.0
2020.0,SUV,NSW,41190.0
2020.0,SUV,NSW,37070.0
2020.0,SUV,NSW,28830.0
2020.0,SUV,NSW,45270.0
2020.0,SUV,NSW,49383.0
2020.0,SUV,NSW,39130.0
2020.0,SUV,NSW,57890.0
2020.0,SUV,NSW,94990.0
2020.0,SUV,NSW,54644.0
2020.0,SUV,NSW,26657.0
2020.0,SUV,NSW,65990.0
2020.0,SUV,NSW,24710.0
2020.0,SUV,NSW,74690.0
2020.0,SUV,NSW,33465.0
2020.0,SUV,NSW,49995.0
2020.0,SUV,NSW,27800.0
2020.0,SUV,NSW,26770.0
2020.0,SUV,NSW,38007.0
2020.0,SUV,NSW,35010.0
2020.0,SUV,NSW,86800.0
2020.0,SUV,NSW,86800.0
2020.0,SUV,NSW,27293.0
2020.0,SUV,NSW,30785.0
2020.0,SUV,NSW,28830.0
2020.0,SUV,NSW,49395.0
2020.0,SUV,NSW,25740.0
2020.0,SUV,NSW,28838.0
2020.0,SUV,NSW,57690.0
2020.0,SUV,NSW,27790.0
2020.0,SUV,NSW,20995.0
2020.0,SUV,NSW,24710.0
2020.0,SUV,NSW,32880.0
2020.0,SUV,NSW,33734.0
2020.0,SUV,NSW,28830.0
2020.0,SUV,NSW,28717.0
2020.0,SUV,NSW,32950.0
2020.0,SUV,NSW,27687.0
2020.0,SUV,NSW,76790.0
2020.0,SUV,NSW,59990.0
2020.0,SUV,NSW,35947.0
2020.0,SUV,NSW,69800.0
2020.0,SUV,NSW,29990.0
2020.0,SUV,NSW,39990.0
2020.0,SUV,NSW,37904.0
2020.0,SUV,NSW,35010.0
2020.0,SUV,NSW,82990.0
2020.0,SUV,NSW,30890.0
2020.0,SUV,NSW,21507.0
2020.0,SUV,NSW,39952.0
2020.0,SUV,NSW,38800.0
2020.0,SUV,NSW,22650.0
2020.0,SUV,NSW,99800.0
2020.0,SUV,NSW,33990.0
2020.0,SUV,NSW,62090.0
2020.0,SUV,NSW,59990.0
2020.0,SUV,NSW,23680.0
2020.0,SUV,NSW,23680.0
2020.0,SUV,NSW,22537.0
2020.0,SUV,NSW,33990.0
2020.0,SUV,NSW,29755.0
2020.0,SUV,NSW,84880.0
2020.0,SUV,NSW,68390.0
2020.0,SUV,NSW,27800.0
2020.0,SUV,NSW,38990.0
2020.0,SUV,NSW,28830.0
2020.0,SUV,NSW,34804.0
2020.0,SUV,NSW,28830.0
2020.0,SUV,NSW,93590.0
2020.0,SUV,NSW,42390.0
2020.0,SUV,NSW,97800.0
2020.0,SUV,NSW,97800.0
2020.0,SUV,NSW,38990.0
2020.0,SUV,NSW,27800.0
2020.0,SUV,NSW,25740.0
2020.0,SUV,NSW,30850.0
2020.0,SUV,NSW,57880.0
2020.0,SUV,NSW,32910.0
2020.0,SUV,NSW,36034.0
2020.0,SUV,NSW,86990.0
2020.0,SUV,NSW,28727.0
2020.0,SUV,NSW,35525.0
2020.0,SUV,NSW,22409.0
2020.0,SUV,NSW,87890.0
2020.0,SUV,NSW,30890.0
2020.0,SUV,NSW,29860.0
2020.0,SUV,NSW,30890.0
2020.0,SUV,NSW,40120.0
2020.0,SUV,NSW,28830.0
2020.0,SUV,NSW,23990.0
2020.0,SUV,NSW,19560.0
2020.0,SUV,NSW,19560.0
2020.0,SUV,NSW,73880.0
2020.0,SUV,NSW,44265.0
2020.0,SUV,NSW,29860.0
2020.0,SUV,NSW,53990.0
2020.0,SUV,NSW,43190.0
2020.0,SUV,NSW,48240.0
2020.0,SUV,NSW,19560.0
2020.0,SUV,NSW,32950.0
2020.0,SUV,NSW,43145.0
2020.0,SUV,NSW,25740.0
2020.0,SUV,NSW,27800.0
2020.0,SUV,NSW,70373.0
2020.0,SUV,NSW,59950.0
2020.0,Sedan,NSW,27750.0
2020.0,Sedan,NSW,22545.0
2020.0,Sedan,NSW,28725.0
2020.0,Sedan,NSW,49800.0
2020.0,Sedan,NSW,29652.0
2020.0,Sedan,NSW,32950.0
2020.0,Sedan,NSW,35010.0
2020.0,Sedan,NSW,49800.0
2020.0,Sedan,NSW,38100.0
2020.0,Sedan,NSW,38100.0
2020.0,Sedan,NSW,24710.0
2020.0,Sedan,NSW,40675.0
2020.0,Sedan,NSW,19990.0
2020.0,Sedan,NSW,32950.0
2020.0,Sedan,NSW,25995.0
2020.0,Sedan,NSW,32845.0
2020.0,Sedan,NSW,32744.0
2020.0,Sedan,NSW,24710.0
2020.0,Sedan,NSW,55790.0
2020.0,Sedan,NSW,74900.0
2020.0,Sedan,NSW,57890.0
2020.0,Ute/Pickup,NSW,47380.0
2020.0,Ute/Pickup,NSW,46340.0
2020.0,Ute/Pickup,NSW,46340.0
2020.0,Ute/Pickup,NSW,47390.0
2020.0,Ute/Pickup,NSW,39130.0
2020.0,Ute/Pickup,NSW,47390.0
2020.0,Ute/Pickup,NSW,39990.0
2020.0,Ute/Pickup,NSW,53690.0
2020.0,Ute/Pickup,NSW,38060.0
2020.0,Ute/Pickup,NSW,32990.0
2020.0,Ute/Pickup,NSW,41190.0
2020.0,Ute/Pickup,NSW,46340.0
2020.0,Ute/Pickup,NSW,51590.0
2020.0,Ute/Pickup,NSW,45114.0
2020.0,Ute/Pickup,NSW,47390.0
2020.0,Ute/Pickup,NSW,41190.0
2020.0,Ute/Pickup,NSW,46340.0
2020.0,Ute/Pickup,NSW,77990.0
2020.0,Ute/Pickup,NSW,47888.0
2020.0,Ute/Pickup,NSW,32837.0
2020.0,Ute/Pickup,NSW,49490.0
2020.0,Ute/Pickup,NSW,44280.0
2020.0,Ute/Pickup,NSW,30890.0
2020.0,Ute/Pickup,NSW,30777.0
2020.0,Ute/Pickup,NSW,39070.0
2020.0,Ute/Pickup,NSW,43900.0
2020.0,Ute/Pickup,NSW,43190.0
2020.0,Ute/Pickup,NSW,31390.0
2020.0,Ute/Pickup,NSW,56840.0
2020.0,Ute/Pickup,NSW,29860.0
2020.0,Ute/Pickup,NSW,56840.0
2020.0,Ute/Pickup,NSW,42888.0
2020.0,Ute/Pickup,NSW,62090.0
2020.0,Ute/Pickup,NSW,51590.0
2020.0,Ute/Pickup,NSW,38100.0
2020.0,Ute/Pickup,NSW,56840.0
2020.0,Ute/Pickup,NSW,39130.0
2020.0,Ute/Pickup,NSW,39130.0
2020.0,Ute/Pickup,NSW,66290.0
2020.0,Ute/Pickup,NSW,33973.0
2020.0,Van,NSW,49383.0
2020.0,Van,NSW,43250.0
2020.0,Van,NSW,41190.0
2020.0,Van,NSW,51599.0
2020.0,Van,NSW,43765.0
2020.0,Van,NSW,59883.0
2020.0,Van,NSW,36040.0
2020.0,Wagon,NSW,99000.0
2020.0,Wagon,NSW,23680.0
2020.0,Wagon,NSW,22650.0
2020.0,Wagon,NSW,38990.0
2020.0,Hatchback,NT,20590.0
2020.0,Hatchback,NT,25740.0
2020.0,SUV,NT,46340.0
2020.0,SUV,NT,40160.0
2020.0,Ute/Pickup,NT,50460.0
2020.0,Convertible,QLD,58990.0
2020.0,Convertible,QLD,37990.0
2020.0,Convertible,QLD,37990.0
2020.0,Coupe,QLD,51294.0
2020.0,Coupe,QLD,83880.0
2020.0,Hatchback,QLD,13985.0
2020.0,Hatchback,QLD,24990.0
2020.0,Hatchback,QLD,15770.0
2020.0,Hatchback,QLD,26690.0
2020.0,Hatchback,QLD,16400.0
2020.0,Hatchback,QLD,16990.0
2020.0,Hatchback,QLD,36990.0
2020.0,Hatchback,QLD,29880.0
2020.0,Hatchback,QLD,30990.0
2020.0,Hatchback,QLD,34490.0
2020.0,Hatchback,QLD,21990.0
2020.0,Hatchback,QLD,21990.0
2020.0,Hatchback,QLD,26490.0
2020.0,Hatchback,QLD,31490.0
2020.0,Hatchback,QLD,20990.0
2020.0,Hatchback,QLD,35995.0
2020.0,Hatchback,QLD,18990.0
2020.0,Hatchback,QLD,39880.0
2020.0,Hatchback,QLD,16999.0
2020.0,Hatchback,QLD,40690.0
2020.0,Hatchback,QLD,22490.0
2020.0,Hatchback,QLD,31490.0
2020.0,Hatchback,QLD,25490.0
2020.0,Hatchback,QLD,43990.0
2020.0,Hatchback,QLD,22850.0
2020.0,Hatchback,QLD,16990.0
2020.0,Hatchback,QLD,14990.0
2020.0,Hatchback,QLD,29888.0
2020.0,Hatchback,QLD,31990.0
2020.0,SUV,QLD,27990.0
2020.0,SUV,QLD,67990.0
2020.0,SUV,QLD,67990.0
2020.0,SUV,QLD,67990.0
2020.0,SUV,QLD,32490.0
2020.0,SUV,QLD,29880.0
2020.0,SUV,QLD,22990.0
2020.0,SUV,QLD,69490.0
2020.0,SUV,QLD,23990.0
2020.0,SUV,QLD,20990.0
2020.0,SUV,QLD,24990.0
2020.0,SUV,QLD,36491.0
2020.0,SUV,QLD,84480.0
2020.0,SUV,QLD,84480.0
2020.0,SUV,QLD,87980.0
2020.0,SUV,QLD,26677.0
2020.0,SUV,QLD,48490.0
2020.0,SUV,QLD,48490.0
2020.0,SUV,QLD,27990.0
2020.0,SUV,QLD,92980.0
2020.0,SUV,QLD,34990.0
2020.0,SUV,QLD,92980.0
2020.0,SUV,QLD,36990.0
2020.0,SUV,QLD,47874.0
2020.0,SUV,QLD,46990.0
2020.0,SUV,QLD,27990.0
2020.0,SUV,QLD,65980.0
2020.0,SUV,QLD,49874.0
2020.0,SUV,QLD,38990.0
2020.0,SUV,QLD,26888.0
2020.0,SUV,QLD,65980.0
2020.0,SUV,QLD,24990.0
2020.0,SUV,QLD,26990.0
2020.0,SUV,QLD,64990.0
2020.0,SUV,QLD,39991.0
2020.0,SUV,QLD,30990.0
2020.0,SUV,QLD,39990.0
2020.0,SUV,QLD,37690.0
2020.0,SUV,QLD,24990.0
2020.0,SUV,QLD,26990.0
2020.0,SUV,QLD,64990.0
2020.0,SUV,QLD,42690.0
2020.0,SUV,QLD,64990.0
2020.0,SUV,QLD,66990.0
2020.0,SUV,QLD,37880.0
2020.0,SUV,QLD,48490.0
2020.0,SUV,QLD,41990.0
2020.0,SUV,QLD,29990.0
2020.0,SUV,QLD,24950.0
2020.0,SUV,QLD,25950.0
2020.0,SUV,QLD,25990.0
2020.0,SUV,QLD,25990.0
2020.0,SUV,QLD,65990.0
2020.0,SUV,QLD,22555.0
2020.0,SUV,QLD,71894.0
2020.0,SUV,QLD,35990.0
2020.0,SUV,QLD,42500.0
2020.0,SUV,QLD,50990.0
2020.0,SUV,QLD,27990.0
2020.0,SUV,QLD,27990.0
2020.0,SUV,QLD,24775.0
2020.0,SUV,QLD,56990.0
2020.0,SUV,QLD,43990.0
2020.0,SUV,QLD,34490.0
2020.0,SUV,QLD,22895.0
2020.0,SUV,QLD,25990.0
2020.0,SUV,QLD,45888.0
2020.0,SUV,QLD,76990.0
2020.0,SUV,QLD,38880.0
2020.0,SUV,QLD,36490.0
2020.0,SUV,QLD,32991.0
2020.0,SUV,QLD,29990.0
2020.0,SUV,QLD,44990.0
2020.0,SUV,QLD,48400.0
2020.0,SUV,QLD,20690.0
2020.0,SUV,QLD,31490.0
2020.0,SUV,QLD,42990.0
2020.0,SUV,QLD,26990.0
2020.0,SUV,QLD,29995.0
2020.0,SUV,QLD,41000.0
2020.0,SUV,QLD,33784.0
2020.0,SUV,QLD,35990.0
2020.0,SUV,QLD,87980.0
2020.0,SUV,QLD,26990.0
2020.0,SUV,QLD,25990.0
2020.0,SUV,QLD,71895.0
2020.0,SUV,QLD,26990.0
2020.0,SUV,QLD,19990.0
2020.0,SUV,QLD,33690.0
2020.0,SUV,QLD,30490.0
2020.0,SUV,QLD,63990.0
2020.0,SUV,QLD,32990.0
2020.0,SUV,QLD,19880.0
2020.0,SUV,QLD,41990.0
2020.0,SUV,QLD,31990.0
2020.0,SUV,QLD,41990.0
2020.0,SUV,QLD,25990.0
2020.0,SUV,QLD,44990.0
2020.0,SUV,QLD,31990.0
2020.0,SUV,QLD,37550.0
2020.0,SUV,QLD,21990.0
2020.0,SUV,QLD,24433.0
2020.0,SUV,QLD,28490.0
2020.0,SUV,QLD,24433.0
2020.0,SUV,QLD,28490.0
2020.0,SUV,QLD,29990.0
2020.0,SUV,QLD,21990.0
2020.0,SUV,QLD,72499.0
2020.0,SUV,QLD,75990.0
2020.0,SUV,QLD,69995.0
2020.0,SUV,QLD,54990.0
2020.0,SUV,QLD,40990.0
2020.0,SUV,QLD,29990.0
2020.0,SUV,QLD,25490.0
2020.0,SUV,QLD,53990.0
2020.0,SUV,QLD,50990.0
2020.0,SUV,QLD,37990.0
2020.0,SUV,QLD,52895.0
2020.0,SUV,QLD,28340.0
2020.0,SUV,QLD,26690.0
2020.0,SUV,QLD,29990.0
2020.0,SUV,QLD,45990.0
2020.0,SUV,QLD,84480.0
2020.0,SUV,QLD,67880.0
2020.0,SUV,QLD,26574.0
2020.0,SUV,QLD,52990.0
2020.0,SUV,QLD,32990.0
2020.0,SUV,QLD,48480.0
2020.0,SUV,QLD,25990.0
2020.0,SUV,QLD,25990.0
2020.0,SUV,QLD,23490.0
2020.0,SUV,QLD,30990.0
2020.0,SUV,QLD,59990.0
2020.0,SUV,QLD,21690.0
2020.0,SUV,QLD,47895.0
2020.0,SUV,QLD,19990.0
2020.0,SUV,QLD,40994.0
2020.0,SUV,QLD,23775.0
2020.0,SUV,QLD,23990.0
2020.0,SUV,QLD,38490.0
2020.0,SUV,QLD,37990.0
2020.0,SUV,QLD,39990.0
2020.0,SUV,QLD,45490.0
2020.0,SUV,QLD,34720.0
2020.0,SUV,QLD,26690.0
2020.0,SUV,QLD,69156.0
2020.0,SUV,QLD,43990.0
2020.0,SUV,QLD,29990.0
2020.0,SUV,QLD,81558.0
2020.0,SUV,QLD,33990.0
2020.0,SUV,QLD,27690.0
2020.0,SUV,QLD,34990.0
2020.0,SUV,QLD,36980.0
2020.0,SUV,QLD,36980.0
2020.0,SUV,QLD,36980.0
2020.0,SUV,QLD,44084.0
2020.0,SUV,QLD,23990.0
2020.0,SUV,QLD,39490.0
2020.0,SUV,QLD,37990.0
2020.0,SUV,QLD,23490.0
2020.0,SUV,QLD,35990.0
2020.0,SUV,QLD,35490.0
2020.0,SUV,QLD,23990.0
2020.0,SUV,QLD,82593.0
2020.0,SUV,QLD,67990.0
2020.0,SUV,QLD,31999.0
2020.0,SUV,QLD,22850.0
2020.0,SUV,QLD,32490.0
2020.0,SUV,QLD,33990.0
2020.0,SUV,QLD,28990.0
2020.0,SUV,QLD,39490.0
2020.0,SUV,QLD,32990.0
2020.0,SUV,QLD,24990.0
2020.0,SUV,QLD,51490.0
2020.0,SUV,QLD,29390.0
2020.0,SUV,QLD,23490.0
2020.0,SUV,QLD,92943.0
2020.0,SUV,QLD,50990.0
2020.0,SUV,QLD,23990.0
2020.0,SUV,QLD,22990.0
2020.0,SUV,QLD,50990.0
2020.0,SUV,QLD,35990.0
2020.0,SUV,QLD,24490.0
2020.0,SUV,QLD,26990.0
2020.0,SUV,QLD,38490.0
2020.0,SUV,QLD,24990.0
2020.0,SUV,QLD,29990.0
2020.0,SUV,QLD,32990.0
2020.0,SUV,QLD,27990.0
2020.0,SUV,QLD,19995.0
2020.0,SUV,QLD,48500.0
2020.0,SUV,QLD,25990.0
2020.0,SUV,QLD,79990.0
2020.0,SUV,QLD,22990.0
2020.0,SUV,QLD,19990.0
2020.0,SUV,QLD,35990.0
2020.0,SUV,QLD,24990.0
2020.0,SUV,QLD,37600.0
2020.0,Sedan,QLD,21490.0
2020.0,Sedan,QLD,21490.0
2020.0,Sedan,QLD,23990.0
2020.0,Sedan,QLD,40990.0
2020.0,Sedan,QLD,55990.0
2020.0,Sedan,QLD,29990.0
2020.0,Sedan,QLD,26900.0
2020.0,Sedan,QLD,27690.0
2020.0,Sedan,QLD,21990.0
2020.0,Sedan,QLD,39990.0
2020.0,Sedan,QLD,25990.0
2020.0,Sedan,QLD,31990.0
2020.0,Sedan,QLD,43700.0
2020.0,Sedan,QLD,24990.0
2020.0,Sedan,QLD,35390.0
2020.0,Sedan,QLD,72243.0
2020.0,Sedan,QLD,27888.0
2020.0,Sedan,QLD,35995.0
2020.0,Sedan,QLD,47990.0
2020.0,Sedan,QLD,22990.0
2020.0,Sedan,QLD,43990.0
2020.0,Sedan,QLD,56480.0
2020.0,Sedan,QLD,23990.0
2020.0,Sedan,QLD,38995.0
2020.0,Sedan,QLD,21990.0
2020.0,Ute/Pickup,QLD,23990.0
2020.0,Ute/Pickup,QLD,42990.0
2020.0,Ute/Pickup,QLD,36990.0
2020.0,Ute/Pickup,QLD,35888.0
2020.0,Ute/Pickup,QLD,34980.0
2020.0,Ute/Pickup,QLD,34980.0
2020.0,Ute/Pickup,QLD,49990.0
2020.0,Ute/Pickup,QLD,38980.0
2020.0,Ute/Pickup,QLD,47545.0
2020.0,Ute/Pickup,QLD,38980.0
2020.0,Ute/Pickup,QLD,37990.0
2020.0,Ute/Pickup,QLD,41990.0
2020.0,Ute/Pickup,QLD,42990.0
2020.0,Ute/Pickup,QLD,53990.0
2020.0,Ute/Pickup,QLD,46880.0
2020.0,Ute/Pickup,QLD,49690.0
2020.0,Ute/Pickup,QLD,38990.0
2020.0,Ute/Pickup,QLD,42990.0
2020.0,Ute/Pickup,QLD,35991.0
2020.0,Ute/Pickup,QLD,65990.0
2020.0,Ute/Pickup,QLD,47990.0
2020.0,Ute/Pickup,QLD,36990.0
2020.0,Ute/Pickup,QLD,54990.0
2020.0,Ute/Pickup,QLD,49990.0
2020.0,Ute/Pickup,QLD,42990.0
2020.0,Ute/Pickup,QLD,34990.0
2020.0,Ute/Pickup,QLD,43490.0
2020.0,Ute/Pickup,QLD,59990.0
2020.0,Ute/Pickup,QLD,41690.0
2020.0,Ute/Pickup,QLD,25690.0
2020.0,Ute/Pickup,QLD,46990.0
2020.0,Ute/Pickup,QLD,39998.0
2020.0,Ute/Pickup,QLD,41990.0
2020.0,Ute/Pickup,QLD,46990.0
2020.0,Ute/Pickup,QLD,66990.0
2020.0,Ute/Pickup,QLD,47990.0
2020.0,Ute/Pickup,QLD,28990.0
2020.0,Ute/Pickup,QLD,51990.0
2020.0,Ute/Pickup,QLD,37990.0
2020.0,Ute/Pickup,QLD,59990.0
2020.0,Ute/Pickup,QLD,37690.0
2020.0,Ute/Pickup,QLD,27990.0
2020.0,Ute/Pickup,QLD,27990.0
2020.0,Ute/Pickup,QLD,35990.0
2020.0,Ute/Pickup,QLD,33990.0
2020.0,Ute/Pickup,QLD,42990.0
2020.0,Ute/Pickup,QLD,31990.0
2020.0,Ute/Pickup,QLD,47990.0
2020.0,Ute/Pickup,QLD,44990.0
2020.0,Ute/Pickup,QLD,43950.0
2020.0,Ute/Pickup,QLD,43990.0
2020.0,Ute/Pickup,QLD,22650.0
2020.0,Ute/Pickup,QLD,29990.0
2020.0,Ute/Pickup,QLD,46990.0
2020.0,Ute/Pickup,QLD,45980.0
2020.0,Ute/Pickup,QLD,52990.0
2020.0,Ute/Pickup,QLD,46990.0
2020.0,Ute/Pickup,QLD,45980.0
2020.0,Ute/Pickup,QLD,49490.0
2020.0,Ute/Pickup,QLD,47990.0
2020.0,Ute/Pickup,QLD,39990.0
2020.0,Ute/Pickup,QLD,42990.0
2020.0,Ute/Pickup,QLD,31980.0
2020.0,Ute/Pickup,QLD,43990.0
2020.0,Ute/Pickup,QLD,28835.0
2020.0,Ute/Pickup,QLD,43990.0
2020.0,Ute/Pickup,QLD,52990.0
2020.0,Ute/Pickup,QLD,31980.0
2020.0,Ute/Pickup,QLD,46990.0
2020.0,Ute/Pickup,QLD,46990.0
2020.0,Van,QLD,36990.0
2020.0,Van,QLD,64990.0
2020.0,Van,QLD,55980.0
2020.0,Van,QLD,34990.0
2020.0,Van,QLD,32990.0
2020.0,Van,QLD,33990.0
2020.0,Van,QLD,52480.0
2020.0,Van,QLD,52480.0
2020.0,Van,QLD,24888.0
2020.0,Van,QLD,24888.0
2020.0,Van,QLD,55980.0
2020.0,Van,QLD,58980.0
2020.0,Van,QLD,43480.0
2020.0,Van,QLD,43480.0
2020.0,Van,QLD,43480.0
2020.0,Van,QLD,41980.0
2020.0,Van,QLD,41980.0
2020.0,Van,QLD,58980.0
2020.0,Van,QLD,29990.0
2020.0,Van,QLD,28990.0
2020.0,Van,QLD,30990.0
2020.0,Van,QLD,30990.0
2020.0,Van,QLD,39990.0
2020.0,Van,QLD,32995.0
2020.0,Van,QLD,37990.0
2020.0,Van,QLD,28663.0
2020.0,Hatchback,SA,22819.0
2020.0,Hatchback,SA,17610.0
2020.0,Hatchback,SA,17610.0
2020.0,Hatchback,SA,21779.0
2020.0,Hatchback,SA,25963.0
2020.0,Hatchback,SA,22151.0
2020.0,Hatchback,SA,17615.0
2020.0,SUV,SA,22990.0
2020.0,SUV,SA,36756.0
2020.0,SUV,SA,88330.0
2020.0,SUV,SA,41539.0
2020.0,SUV,SA,101859.0
2020.0,SUV,SA,62330.0
2020.0,SUV,SA,26956.0
2020.0,SUV,SA,68488.0
2020.0,SUV,SA,68488.0
2020.0,SUV,SA,23413.0
2020.0,SUV,SA,36858.0
2020.0,SUV,SA,64938.0
2020.0,SUV,SA,29476.0
2020.0,SUV,SA,29050.0
2020.0,SUV,SA,36756.0
2020.0,SUV,SA,33333.0
2020.0,SUV,SA,44330.0
2020.0,SUV,SA,26970.0
2020.0,SUV,SA,36956.0
2020.0,SUV,SA,59210.0
2020.0,SUV,SA,33219.0
2020.0,SUV,SA,42164.0
2020.0,SUV,SA,44650.0
2020.0,Sedan,SA,28989.0
2020.0,Sedan,SA,34255.0
2020.0,Sedan,SA,25939.0
2020.0,Ute/Pickup,SA,49850.0
2020.0,Ute/Pickup,SA,49338.0
2020.0,Ute/Pickup,SA,48704.0
2020.0,Ute/Pickup,SA,46116.0
2020.0,Ute/Pickup,SA,36330.0
2020.0,Hatchback,TAS,20590.0
2020.0,Hatchback,TAS,32950.0
2020.0,SUV,TAS,55630.0
2020.0,SUV,TAS,88390.0
2020.0,SUV,TAS,59270.0
2020.0,SUV,TAS,21620.0
2020.0,SUV,TAS,86310.0
2020.0,SUV,TAS,44710.0
2020.0,SUV,TAS,19560.0
2020.0,SUV,TAS,50950.0
2020.0,SUV,TAS,28830.0
2020.0,SUV,TAS,39925.0
2020.0,SUV,TAS,21409.0
2020.0,SUV,TAS,25740.0
2020.0,SUV,TAS,29860.0
2020.0,SUV,TAS,73622.0
2020.0,SUV,TAS,27746.0
2020.0,SUV,TAS,45022.0
2020.0,SUV,TAS,25740.0
2020.0,SUV,TAS,33980.0
2020.0,SUV,TAS,34598.0
2020.0,SUV,TAS,24813.0
2020.0,SUV,TAS,31920.0
2020.0,SUV,TAS,36071.0
2020.0,SUV,TAS,20590.0
2020.0,SUV,TAS,20590.0
2020.0,SUV,TAS,27831.0
2020.0,SUV,TAS,26801.0
2020.0,Sedan,TAS,26255.0
2020.0,Ute/Pickup,TAS,36040.0
2020.0,Ute/Pickup,TAS,31920.0
2020.0,Ute/Pickup,TAS,41590.0
2020.0,Ute/Pickup,TAS,33980.0
2020.0,Ute/Pickup,TAS,41550.0
2020.0,Ute/Pickup,TAS,51990.0
2020.0,Ute/Pickup,TAS,71750.0
2020.0,Ute/Pickup,TAS,49910.0
2020.0,Ute/Pickup,TAS,30272.0
2020.0,Ute/Pickup,TAS,41221.0
2020.0,Ute/Pickup,TAS,53581.0
2020.0,Ute/Pickup,TAS,43281.0
2020.0,Van,TAS,31920.0
2020.0,Van,TAS,43281.0
2020.0,Wagon,TAS,67621.0
2020.0,Coupe,VIC,60450.0
2020.0,Coupe,VIC,38990.0
2020.0,Coupe,VIC,39990.0
2020.0,Coupe,VIC,55990.0
2020.0,Coupe,VIC,75868.0
2020.0,Coupe,VIC,75868.0
2020.0,Hatchback,VIC,19990.0
2020.0,Hatchback,VIC,19990.0
2020.0,Hatchback,VIC,18234.0
2020.0,Hatchback,VIC,15000.0
2020.0,Hatchback,VIC,19999.0
2020.0,Hatchback,VIC,18940.0
2020.0,Hatchback,VIC,18940.0
2020.0,Hatchback,VIC,16999.0
2020.0,Hatchback,VIC,29250.0
2020.0,Hatchback,VIC,61800.0
2020.0,Hatchback,VIC,24888.0
2020.0,Hatchback,VIC,20400.0
2020.0,Hatchback,VIC,49555.0
2020.0,Hatchback,VIC,16990.0
2020.0,Hatchback,VIC,35340.0
2020.0,Hatchback,VIC,15868.0
2020.0,Hatchback,VIC,30990.0
2020.0,Hatchback,VIC,49988.0
2020.0,Hatchback,VIC,25990.0
2020.0,Hatchback,VIC,17990.0
2020.0,Hatchback,VIC,25990.0
2020.0,Hatchback,VIC,18970.0
2020.0,Hatchback,VIC,19452.0
2020.0,Hatchback,VIC,31500.0
2020.0,Hatchback,VIC,20990.0
2020.0,SUV,VIC,28490.0
2020.0,SUV,VIC,26999.0
2020.0,SUV,VIC,40999.0
2020.0,SUV,VIC,33950.0
2020.0,SUV,VIC,31999.0
2020.0,SUV,VIC,31999.0
2020.0,SUV,VIC,58868.0
2020.0,SUV,VIC,26950.0
2020.0,SUV,VIC,22999.0
2020.0,SUV,VIC,22999.0
2020.0,SUV,VIC,69980.0
2020.0,SUV,VIC,27990.0
2020.0,SUV,VIC,57990.0
2020.0,SUV,VIC,68800.0
2020.0,SUV,VIC,45970.0
2020.0,SUV,VIC,28990.0
2020.0,SUV,VIC,39990.0
2020.0,SUV,VIC,37990.0
2020.0,SUV,VIC,21888.0
2020.0,SUV,VIC,25888.0
2020.0,SUV,VIC,88800.0
2020.0,SUV,VIC,31990.0
2020.0,SUV,VIC,32990.0
2020.0,SUV,VIC,37990.0
2020.0,SUV,VIC,37990.0
2020.0,SUV,VIC,88800.0
2020.0,SUV,VIC,32990.0
2020.0,SUV,VIC,85800.0
2020.0,SUV,VIC,27990.0
2020.0,SUV,VIC,36306.0
2020.0,SUV,VIC,69888.0
2020.0,SUV,VIC,21990.0
2020.0,SUV,VIC,39888.0
2020.0,SUV,VIC,43888.0
2020.0,SUV,VIC,37900.0
2020.0,SUV,VIC,81888.0
2020.0,SUV,VIC,44990.0
2020.0,SUV,VIC,40888.0
2020.0,SUV,VIC,29900.0
2020.0,SUV,VIC,78930.0
2020.0,SUV,VIC,36480.0
2020.0,SUV,VIC,38990.0
2020.0,SUV,VIC,32480.0
2020.0,SUV,VIC,36450.0
2020.0,SUV,VIC,99800.0
2020.0,SUV,VIC,28490.0
2020.0,SUV,VIC,76800.0
2020.0,SUV,VIC,22990.0
2020.0,SUV,VIC,25500.0
2020.0,SUV,VIC,24490.0
2020.0,SUV,VIC,31990.0
2020.0,SUV,VIC,24990.0
2020.0,SUV,VIC,22940.0
2020.0,SUV,VIC,45985.0
2020.0,SUV,VIC,28990.0
2020.0,SUV,VIC,23990.0
2020.0,SUV,VIC,65990.0
2020.0,SUV,VIC,24990.0
2020.0,SUV,VIC,30551.0
2020.0,SUV,VIC,36990.0
2020.0,SUV,VIC,49800.0
2020.0,SUV,VIC,31750.0
2020.0,SUV,VIC,24888.0
2020.0,SUV,VIC,23490.0
2020.0,SUV,VIC,38440.0
2020.0,SUV,VIC,24990.0
2020.0,SUV,VIC,30490.0
2020.0,SUV,VIC,32785.0
2020.0,SUV,VIC,71887.0
2020.0,SUV,VIC,66754.0
2020.0,SUV,VIC,26940.0
2020.0,SUV,VIC,49888.0
2020.0,SUV,VIC,59990.0
2020.0,SUV,VIC,26490.0
2020.0,SUV,VIC,40940.0
2020.0,SUV,VIC,31490.0
2020.0,SUV,VIC,104990.0
2020.0,SUV,VIC,55888.0
2020.0,SUV,VIC,39888.0
2020.0,SUV,VIC,43888.0
2020.0,SUV,VIC,46550.0
2020.0,SUV,VIC,21900.0
2020.0,SUV,VIC,33968.0
2020.0,SUV,VIC,39990.0
2020.0,SUV,VIC,35885.0
2020.0,SUV,VIC,25990.0
2020.0,SUV,VIC,25990.0
2020.0,SUV,VIC,35990.0
2020.0,SUV,VIC,83868.0
2020.0,SUV,VIC,29850.0
2020.0,SUV,VIC,29990.0
2020.0,SUV,VIC,37990.0
2020.0,SUV,VIC,41990.0
2020.0,SUV,VIC,31450.0
2020.0,SUV,VIC,33940.0
2020.0,SUV,VIC,88888.0
2020.0,SUV,VIC,53456.0
2020.0,SUV,VIC,21490.0
2020.0,SUV,VIC,36990.0
2020.0,SUV,VIC,103888.0
2020.0,SUV,VIC,31880.0
2020.0,SUV,VIC,32905.0
2020.0,SUV,VIC,114490.0
2020.0,SUV,VIC,36880.0
2020.0,SUV,VIC,47665.0
2020.0,SUV,VIC,46880.0
2020.0,SUV,VIC,103990.0
2020.0,Sedan,VIC,46163.0
2020.0,Sedan,VIC,32999.0
2020.0,Sedan,VIC,61800.0
2020.0,Sedan,VIC,54800.0
2020.0,Sedan,VIC,29888.0
2020.0,Sedan,VIC,25888.0
2020.0,Sedan,VIC,42798.0
2020.0,Sedan,VIC,52868.0
2020.0,Sedan,VIC,24990.0
2020.0,Sedan,VIC,23990.0
2020.0,Sedan,VIC,37482.0
2020.0,Sedan,VIC,49900.0
2020.0,Sedan,VIC,31888.0
2020.0,Sedan,VIC,24990.0
2020.0,Sedan,VIC,30990.0
2020.0,Sedan,VIC,34990.0
2020.0,Sedan,VIC,34990.0
2020.0,Sedan,VIC,49990.0
2020.0,Sedan,VIC,27990.0
2020.0,Sedan,VIC,55470.0
2020.0,Ute/Pickup,VIC,22999.0
2020.0,Ute/Pickup,VIC,34999.0
2020.0,Ute/Pickup,VIC,27999.0
2020.0,Ute/Pickup,VIC,42990.0
2020.0,Ute/Pickup,VIC,45218.0
2020.0,Ute/Pickup,VIC,26821.0
2020.0,Ute/Pickup,VIC,44990.0
2020.0,Ute/Pickup,VIC,33878.0
2020.0,Ute/Pickup,VIC,47990.0
2020.0,Ute/Pickup,VIC,48705.0
2020.0,Ute/Pickup,VIC,48053.0
2020.0,Ute/Pickup,VIC,40970.0
2020.0,Ute/Pickup,VIC,36713.0
2020.0,Ute/Pickup,VIC,74788.0
2020.0,Ute/Pickup,VIC,31900.0
2020.0,Ute/Pickup,VIC,86990.0
2020.0,Ute/Pickup,VIC,29153.0
2020.0,Ute/Pickup,VIC,37450.0
2020.0,Ute/Pickup,VIC,40880.0
2020.0,Ute/Pickup,VIC,34990.0
2020.0,Ute/Pickup,VIC,35990.0
2020.0,Ute/Pickup,VIC,37975.0
2020.0,Ute/Pickup,VIC,35990.0
2020.0,Ute/Pickup,VIC,35990.0
2020.0,Ute/Pickup,VIC,31900.0
2020.0,Ute/Pickup,VIC,21999.0
2020.0,Ute/Pickup,VIC,55888.0
2020.0,Ute/Pickup,VIC,24999.0
2020.0,Ute/Pickup,VIC,24999.0
2020.0,Ute/Pickup,VIC,24999.0
2020.0,Ute/Pickup,VIC,49990.0
2020.0,Ute/Pickup,VIC,49990.0
2020.0,Ute/Pickup,VIC,37999.0
2020.0,Ute/Pickup,VIC,26990.0
2020.0,Ute/Pickup,VIC,21999.0
2020.0,Ute/Pickup,VIC,29999.0
2020.0,Ute/Pickup,VIC,42705.0
2020.0,Van,VIC,39999.0
2020.0,Van,VIC,29950.0
2020.0,Van,VIC,31988.0
2020.0,Van,VIC,32970.0
2020.0,Van,VIC,32970.0
2020.0,Van,VIC,29990.0
2020.0,Van,VIC,45999.0
2020.0,Van,VIC,30890.0
2020.0,Van,VIC,32970.0
2020.0,Van,VIC,56940.0
2020.0,Van,VIC,29480.0
2020.0,Van,VIC,45950.0
2020.0,Van,VIC,32288.0
2020.0,Van,VIC,29850.0
2020.0,Van,VIC,34885.0
2020.0,Wagon,VIC,39950.0
2020.0,Wagon,VIC,23950.0
2020.0,Wagon,VIC,37490.0
2020.0,Wagon,VIC,42480.0
2020.0,Coupe,WA,135999.0
2020.0,Hatchback,WA,34999.0
2020.0,Hatchback,WA,31030.0
2020.0,Hatchback,WA,18590.0
2020.0,Hatchback,WA,21220.0
2020.0,Hatchback,WA,43992.0
2020.0,Hatchback,WA,33196.0
2020.0,Hatchback,WA,18290.0
2020.0,Hatchback,WA,20036.0
2020.0,Hatchback,WA,29990.0
2020.0,Hatchback,WA,31040.0
2020.0,Hatchback,WA,14795.0
2020.0,Hatchback,WA,34301.0
2020.0,Hatchback,WA,21557.0
2020.0,Hatchback,WA,22071.0
2020.0,Hatchback,WA,20838.0
2020.0,Hatchback,WA,21454.0
2020.0,Hatchback,WA,20838.0
2020.0,Hatchback,WA,15997.0
2020.0,Hatchback,WA,20530.0
2020.0,Hatchback,WA,40766.0
2020.0,Hatchback,WA,46237.0
2020.0,Hatchback,WA,35392.0
2020.0,Hatchback,WA,18372.0
2020.0,Hatchback,WA,18475.0
2020.0,Hatchback,WA,45333.0
2020.0,Hatchback,WA,22100.0
2020.0,Hatchback,WA,22490.0
2020.0,SUV,WA,23990.0
2020.0,SUV,WA,71888.0
2020.0,SUV,WA,72409.0
2020.0,SUV,WA,73990.0
2020.0,SUV,WA,47999.0
2020.0,SUV,WA,38561.0
2020.0,SUV,WA,66250.0
2020.0,SUV,WA,39990.0
2020.0,SUV,WA,66020.0
2020.0,SUV,WA,44488.0
2020.0,SUV,WA,39999.0
2020.0,SUV,WA,47011.0
2020.0,SUV,WA,34990.0
2020.0,SUV,WA,57499.0
2020.0,SUV,WA,111832.0
2020.0,SUV,WA,53239.0
2020.0,SUV,WA,44488.0
2020.0,SUV,WA,47460.0
2020.0,SUV,WA,25499.0
2020.0,SUV,WA,66552.0
2020.0,SUV,WA,74539.0
2020.0,SUV,WA,76676.0
2020.0,SUV,WA,66019.0
2020.0,SUV,WA,47396.0
2020.0,SUV,WA,75990.0
2020.0,SUV,WA,37460.0
2020.0,SUV,WA,39990.0
2020.0,SUV,WA,111136.0
2020.0,SUV,WA,36464.0
2020.0,SUV,WA,80553.0
2020.0,SUV,WA,75633.0
2020.0,SUV,WA,75633.0
2020.0,SUV,WA,70712.0
2020.0,SUV,WA,63896.0
2020.0,SUV,WA,48722.0
2020.0,SUV,WA,28886.0
2020.0,SUV,WA,25153.0
2020.0,SUV,WA,28876.0
2020.0,SUV,WA,57498.0
2020.0,SUV,WA,27391.0
2020.0,SUV,WA,26199.0
2020.0,SUV,WA,23888.0
2020.0,SUV,WA,28886.0
2020.0,SUV,WA,58563.0
2020.0,SUV,WA,49833.0
2020.0,SUV,WA,32888.0
2020.0,SUV,WA,40871.0
2020.0,SUV,WA,30488.0
2020.0,SUV,WA,73480.0
2020.0,SUV,WA,28777.0
2020.0,SUV,WA,47556.0
2020.0,SUV,WA,57499.0
2020.0,SUV,WA,79990.0
2020.0,SUV,WA,33837.0
2020.0,SUV,WA,89990.0
2020.0,SUV,WA,33990.0
2020.0,SUV,WA,25591.0
2020.0,SUV,WA,28886.0
2020.0,SUV,WA,36998.0
2020.0,SUV,WA,36990.0
2020.0,SUV,WA,31040.0
2020.0,SUV,WA,73475.0
2020.0,SUV,WA,20990.0
2020.0,SUV,WA,26082.0
2020.0,SUV,WA,27765.0
2020.0,SUV,WA,105415.0
2020.0,SUV,WA,77735.0
2020.0,SUV,WA,25677.0
2020.0,SUV,WA,74545.0
2020.0,SUV,WA,22399.0
2020.0,SUV,WA,49811.0
2020.0,SUV,WA,44662.0
2020.0,SUV,WA,47481.0
2020.0,SUV,WA,32558.0
2020.0,SUV,WA,69999.0
2020.0,SUV,WA,44215.0
2020.0,SUV,WA,67085.0
2020.0,SUV,WA,27792.0
2020.0,SUV,WA,23509.0
2020.0,SUV,WA,39775.0
2020.0,SUV,WA,33113.0
2020.0,SUV,WA,29969.0
2020.0,SUV,WA,28876.0
2020.0,SUV,WA,25990.0
2020.0,SUV,WA,23612.0
2020.0,SUV,WA,27577.0
2020.0,SUV,WA,27589.0
2020.0,SUV,WA,22482.0
2020.0,SUV,WA,31038.0
2020.0,SUV,WA,39681.0
2020.0,SUV,WA,25534.0
2020.0,SUV,WA,23407.0
2020.0,SUV,WA,39755.0
2020.0,SUV,WA,22174.0
2020.0,SUV,WA,28232.0
2020.0,SUV,WA,98866.0
2020.0,SUV,WA,34201.0
2020.0,SUV,WA,23517.0
2020.0,SUV,WA,35391.0
2020.0,SUV,WA,35391.0
2020.0,SUV,WA,73462.0
2020.0,SUV,WA,32119.0
2020.0,SUV,WA,53258.0
2020.0,SUV,WA,40868.0
2020.0,SUV,WA,24331.0
2020.0,SUV,WA,38950.0
2020.0,SUV,WA,33224.0
2020.0,SUV,WA,55348.0
2020.0,SUV,WA,23098.0
2020.0,SUV,WA,24659.0
2020.0,SUV,WA,37460.0
2020.0,SUV,WA,32880.0
2020.0,SUV,WA,20956.0
2020.0,SUV,WA,66020.0
2020.0,SUV,WA,37399.0
2020.0,SUV,WA,38777.0
2020.0,SUV,WA,38777.0
2020.0,SUV,WA,36482.0
2020.0,SUV,WA,33221.0
2020.0,SUV,WA,80958.0
2020.0,SUV,WA,33093.0
2020.0,SUV,WA,20519.0
2020.0,SUV,WA,19512.0
2020.0,SUV,WA,30928.0
2020.0,SUV,WA,100099.0
2020.0,SUV,WA,43080.0
2020.0,SUV,WA,27703.0
2020.0,SUV,WA,36919.0
2020.0,SUV,WA,28886.0
2020.0,SUV,WA,57499.0
2020.0,SUV,WA,32100.0
2020.0,SUV,WA,37589.0
2020.0,SUV,WA,56899.0
2020.0,SUV,WA,23631.0
2020.0,SUV,WA,41303.0
2020.0,SUV,WA,33184.0
2020.0,SUV,WA,31040.0
2020.0,SUV,WA,35990.0
2020.0,SUV,WA,19510.0
2020.0,SUV,WA,46367.0
2020.0,SUV,WA,66019.0
2020.0,SUV,WA,35370.0
2020.0,SUV,WA,35370.0
2020.0,SUV,WA,25676.0
2020.0,SUV,WA,22595.0
2020.0,SUV,WA,110641.0
2020.0,SUV,WA,24650.0
2020.0,SUV,WA,29850.0
2020.0,SUV,WA,20540.0
2020.0,SUV,WA,89459.0
2020.0,SUV,WA,59608.0
2020.0,SUV,WA,33093.0
2020.0,SUV,WA,43888.0
2020.0,SUV,WA,106400.0
2020.0,SUV,WA,93670.0
2020.0,SUV,WA,57990.0
2020.0,SUV,WA,57990.0
2020.0,SUV,WA,20053.0
2020.0,SUV,WA,39681.0
2020.0,SUV,WA,34180.0
2020.0,SUV,WA,27812.0
2020.0,SUV,WA,33224.0
2020.0,SUV,WA,47990.0
2020.0,SUV,WA,68150.0
2020.0,Sedan,WA,24669.0
2020.0,Sedan,WA,31490.0
2020.0,Sedan,WA,41811.0
2020.0,Sedan,WA,39000.0
2020.0,Sedan,WA,48887.0
2020.0,Sedan,WA,47990.0
2020.0,Sedan,WA,45153.0
2020.0,Sedan,WA,33990.0
2020.0,Sedan,WA,33777.0
2020.0,Sedan,WA,33777.0
2020.0,Sedan,WA,48251.0
2020.0,Sedan,WA,44195.0
2020.0,Sedan,WA,25686.0
2020.0,Sedan,WA,19921.0
2020.0,Sedan,WA,35402.0
2020.0,Sedan,WA,29488.0
2020.0,Sedan,WA,21968.0
2020.0,Sedan,WA,38691.0
2020.0,Sedan,WA,23600.0
2020.0,Sedan,WA,35271.0
2020.0,Sedan,WA,35271.0
2020.0,Sedan,WA,31058.0
2020.0,Sedan,WA,29980.0
2020.0,Sedan,WA,36384.0
2020.0,Sedan,WA,36384.0
2020.0,Ute/Pickup,WA,35383.0
2020.0,Ute/Pickup,WA,44888.0
2020.0,Ute/Pickup,WA,56326.0
2020.0,Ute/Pickup,WA,58544.0
2020.0,Ute/Pickup,WA,37999.0
2020.0,Ute/Pickup,WA,41990.0
2020.0,Ute/Pickup,WA,61217.0
2020.0,Ute/Pickup,WA,34836.0
2020.0,Ute/Pickup,WA,60695.0
2020.0,Ute/Pickup,WA,44216.0
2020.0,Ute/Pickup,WA,46433.0
2020.0,Ute/Pickup,WA,56990.0
2020.0,Ute/Pickup,WA,51918.0
2020.0,Ute/Pickup,WA,45760.0
2020.0,Ute/Pickup,WA,47922.0
2020.0,Ute/Pickup,WA,47922.0
2020.0,Ute/Pickup,WA,50893.0
2020.0,Ute/Pickup,WA,47922.0
2020.0,Ute/Pickup,WA,41989.0
2020.0,Ute/Pickup,WA,41990.0
2020.0,Ute/Pickup,WA,36475.0
2020.0,Ute/Pickup,WA,36483.0
2020.0,Ute/Pickup,WA,43688.0
2020.0,Ute/Pickup,WA,43688.0
2020.0,Ute/Pickup,WA,46113.0
2020.0,Ute/Pickup,WA,50964.0
2020.0,Ute/Pickup,WA,38660.0
2020.0,Ute/Pickup,WA,32029.0
2020.0,Ute/Pickup,WA,42888.0
2020.0,Ute/Pickup,WA,41968.0
2020.0,Ute/Pickup,WA,68150.0
2020.0,Ute/Pickup,WA,46441.0
2020.0,Ute/Pickup,WA,36486.0
2020.0,Ute/Pickup,WA,55370.0
2020.0,Ute/Pickup,WA,54999.0
2020.0,Ute/Pickup,WA,36475.0
2020.0,Ute/Pickup,WA,46441.0
2020.0,Ute/Pickup,WA,59095.0
2020.0,Ute/Pickup,WA,55488.0
2020.0,Ute/Pickup,WA,55488.0
2020.0,Ute/Pickup,WA,57932.0
2020.0,Ute/Pickup,WA,41990.0
2020.0,Ute/Pickup,WA,44216.0
2020.0,Ute/Pickup,WA,41990.0
2020.0,Ute/Pickup,WA,33193.0
2020.0,Ute/Pickup,WA,36496.0
2020.0,Ute/Pickup,WA,28232.0
2020.0,Ute/Pickup,WA,53218.0
2020.0,Ute/Pickup,WA,38652.0
2020.0,Ute/Pickup,WA,38121.0
2020.0,Ute/Pickup,WA,50980.0
2020.0,Ute/Pickup,WA,63868.0
2020.0,Ute/Pickup,WA,40881.0
2020.0,Ute/Pickup,WA,51530.0
2020.0,Ute/Pickup,WA,44220.0
2020.0,Ute/Pickup,WA,36475.0
2020.0,Ute/Pickup,WA,39775.0
2020.0,Ute/Pickup,WA,36455.0
2020.0,Ute/Pickup,WA,34727.0
2020.0,Ute/Pickup,WA,52561.0
2020.0,Ute/Pickup,WA,39774.0
2020.0,Ute/Pickup,WA,49153.0
2020.0,Ute/Pickup,WA,47595.0
2020.0,Ute/Pickup,WA,46342.0
2020.0,Ute/Pickup,WA,33638.0
2020.0,Ute/Pickup,WA,42005.0
2020.0,Ute/Pickup,WA,35927.0
2020.0,Ute/Pickup,WA,63850.0
2020.0,Ute/Pickup,WA,47595.0
2020.0,Ute/Pickup,WA,34727.0
2020.0,Ute/Pickup,WA,52990.0
2020.0,Ute/Pickup,WA,40787.0
2020.0,Ute/Pickup,WA,54990.0
2020.0,Ute/Pickup,WA,49736.0
2020.0,Ute/Pickup,WA,49736.0
2020.0,Ute/Pickup,WA,78818.0
2020.0,Van,WA,48457.0
2020.0,Van,WA,41990.0
2020.0,Van,WA,34293.0
2020.0,Van,WA,33618.0
2020.0,Wagon,WA,20568.0
2020.0,Wagon,WA,17476.0
2020.0,Wagon,WA,24990.0
2021.0,Hatchback,ACT,25740.0
2021.0,Hatchback,ACT,30890.0
2021.0,Hatchback,ACT,15915.0
2021.0,Hatchback,ACT,48440.0
2021.0,Hatchback,ACT,15347.0
2021.0,SUV,ACT,25740.0
2021.0,SUV,ACT,66990.0
2021.0,SUV,ACT,102990.0
2021.0,SUV,ACT,56495.0
2021.0,SUV,ACT,39243.0
2021.0,SUV,ACT,67140.0
2021.0,SUV,ACT,37904.0
2021.0,SUV,ACT,36668.0
2021.0,SUV,ACT,43363.0
2021.0,SUV,ACT,23331.0
2021.0,SUV,ACT,43363.0
2021.0,SUV,ACT,60840.0
2021.0,SUV,ACT,64190.0
2021.0,SUV,ACT,30335.0
2021.0,SUV,ACT,56840.0
2021.0,SUV,ACT,30785.0
2021.0,SUV,ACT,132240.0
2021.0,SUV,ACT,48240.0
2021.0,SUV,ACT,20590.0
2021.0,SUV,ACT,66250.0
2021.0,SUV,ACT,35947.0
2021.0,SUV,ACT,66210.0
2021.0,SUV,ACT,82040.0
2021.0,SUV,ACT,32395.0
2021.0,SUV,ACT,30890.0
2021.0,SUV,ACT,30797.0
2021.0,SUV,ACT,51550.0
2021.0,SUV,ACT,44280.0
2021.0,SUV,ACT,111345.0
2021.0,SUV,ACT,56800.0
2021.0,SUV,ACT,38884.0
2021.0,SUV,ACT,37030.0
2021.0,SUV,ACT,18334.0
2021.0,Sedan,ACT,87490.0
2021.0,Sedan,ACT,55695.0
2021.0,Sedan,ACT,36668.0
2021.0,Sedan,ACT,41190.0
2021.0,Sedan,ACT,58415.0
2021.0,Sedan,ACT,21527.0
2021.0,Sedan,ACT,43170.0
2021.0,Ute/Pickup,ACT,50340.0
2021.0,Ute/Pickup,ACT,47505.0
2021.0,Ute/Pickup,ACT,50445.0
2021.0,Ute/Pickup,ACT,53690.0
2021.0,Ute/Pickup,ACT,61005.0
2021.0,Ute/Pickup,ACT,27695.0
2021.0,Van,ACT,31880.0
2021.0,Convertible,NSW,58940.0
2021.0,Convertible,NSW,135590.0
2021.0,Coupe,NSW,87990.0
2021.0,Coupe,NSW,81990.0
2021.0,Hatchback,NSW,20075.0
2021.0,Hatchback,NSW,34905.0
2021.0,Hatchback,NSW,22650.0
2021.0,Hatchback,NSW,32950.0
2021.0,Hatchback,NSW,16470.0
2021.0,Hatchback,NSW,42990.0
2021.0,Hatchback,NSW,26770.0
2021.0,Hatchback,NSW,67245.0
2021.0,Hatchback,NSW,67245.0
2021.0,Hatchback,NSW,17990.0
2021.0,Hatchback,NSW,29860.0
2021.0,Hatchback,NSW,29345.0
2021.0,Hatchback,NSW,42980.0
2021.0,Hatchback,NSW,36880.0
2021.0,Hatchback,NSW,18990.0
2021.0,Hatchback,NSW,16990.0
2021.0,Hatchback,NSW,29137.0
2021.0,Hatchback,NSW,17460.0
2021.0,Hatchback,NSW,22545.0
2021.0,Hatchback,NSW,21880.0
2021.0,Hatchback,NSW,27990.0
2021.0,Hatchback,NSW,28830.0
2021.0,Hatchback,NSW,27793.0
2021.0,SUV,NSW,69800.0
2021.0,SUV,NSW,42107.0
2021.0,SUV,NSW,22650.0
2021.0,SUV,NSW,35010.0
2021.0,SUV,NSW,20073.0
2021.0,SUV,NSW,81800.0
2021.0,SUV,NSW,57800.0
2021.0,SUV,NSW,86240.0
2021.0,SUV,NSW,28830.0
2021.0,SUV,NSW,37070.0
2021.0,SUV,NSW,37070.0
2021.0,SUV,NSW,104099.0
2021.0,SUV,NSW,45990.0
2021.0,SUV,NSW,69800.0
2021.0,SUV,NSW,30890.0
2021.0,SUV,NSW,28830.0
2021.0,SUV,NSW,44800.0
2021.0,SUV,NSW,111291.0
2021.0,SUV,NSW,43880.0
2021.0,SUV,NSW,48440.0
2021.0,SUV,NSW,21580.0
2021.0,SUV,NSW,56840.0
2021.0,SUV,NSW,28830.0
2021.0,SUV,NSW,19995.0
2021.0,SUV,NSW,62800.0
2021.0,SUV,NSW,68388.0
2021.0,SUV,NSW,92540.0
2021.0,SUV,NSW,71340.0
2021.0,SUV,NSW,47390.0
2021.0,SUV,NSW,30830.0
2021.0,SUV,NSW,24664.0
2021.0,SUV,NSW,22545.0
2021.0,SUV,NSW,28222.0
2021.0,SUV,NSW,41190.0
2021.0,SUV,NSW,26990.0
2021.0,SUV,NSW,26990.0
2021.0,SUV,NSW,50015.0
2021.0,SUV,NSW,25740.0
2021.0,SUV,NSW,36990.0
2021.0,SUV,NSW,26770.0
2021.0,SUV,NSW,96800.0
2021.0,SUV,NSW,33940.0
2021.0,SUV,NSW,79800.0
2021.0,SUV,NSW,37995.0
2021.0,SUV,NSW,79825.0
2021.0,SUV,NSW,30890.0
2021.0,SUV,NSW,51590.0
2021.0,SUV,NSW,68800.0
2021.0,SUV,NSW,45835.0
2021.0,SUV,NSW,45835.0
2021.0,SUV,NSW,32845.0
2021.0,SUV,NSW,56745.0
2021.0,SUV,NSW,54800.0
2021.0,SUV,NSW,48323.0
2021.0,SUV,NSW,37585.0
2021.0,SUV,NSW,43210.0
2021.0,SUV,NSW,49880.0
2021.0,SUV,NSW,28830.0
2021.0,SUV,NSW,95690.0
2021.0,SUV,NSW,36040.0
2021.0,SUV,NSW,51590.0
2021.0,SUV,NSW,27800.0
2021.0,SUV,NSW,43250.0
2021.0,SUV,NSW,82025.0
2021.0,SUV,NSW,106190.0
2021.0,SUV,NSW,41990.0
2021.0,SUV,NSW,23680.0
2021.0,SUV,NSW,27990.0
2021.0,SUV,NSW,26888.0
2021.0,SUV,NSW,27800.0
2021.0,SUV,NSW,32845.0
2021.0,SUV,NSW,36040.0
2021.0,SUV,NSW,28725.0
2021.0,SUV,NSW,28725.0
2021.0,SUV,NSW,29860.0
2021.0,SUV,NSW,46340.0
2021.0,SUV,NSW,27192.0
2021.0,SUV,NSW,28830.0
2021.0,SUV,NSW,29860.0
2021.0,SUV,NSW,32950.0
2021.0,SUV,NSW,22650.0
2021.0,SUV,NSW,33980.0
2021.0,SUV,NSW,39139.0
2021.0,SUV,NSW,87184.0
2021.0,SUV,NSW,23680.0
2021.0,SUV,NSW,25740.0
2021.0,SUV,NSW,36040.0
2021.0,SUV,NSW,25740.0
2021.0,SUV,NSW,27800.0
2021.0,SUV,NSW,39645.0
2021.0,SUV,NSW,25225.0
2021.0,SUV,NSW,26770.0
2021.0,SUV,NSW,24195.0
2021.0,SUV,NSW,41190.0
2021.0,SUV,NSW,37990.0
2021.0,SUV,NSW,45250.0
2021.0,SUV,NSW,23670.0
2021.0,SUV,NSW,36040.0
2021.0,SUV,NSW,30677.0
2021.0,SUV,NSW,28427.0
2021.0,SUV,NSW,30990.0
2021.0,SUV,NSW,52800.0
2021.0,SUV,NSW,70900.0
2021.0,SUV,NSW,44280.0
2021.0,SUV,NSW,30890.0
2021.0,SUV,NSW,44280.0
2021.0,SUV,NSW,23680.0
2021.0,SUV,NSW,42220.0
2021.0,SUV,NSW,23995.0
2021.0,SUV,NSW,45300.0
2021.0,SUV,NSW,64190.0
2021.0,SUV,NSW,45310.0
2021.0,SUV,NSW,31827.0
2021.0,SUV,NSW,45880.0
2021.0,SUV,NSW,28830.0
2021.0,SUV,NSW,42900.0
2021.0,SUV,NSW,42900.0
2021.0,SUV,NSW,30900.0
2021.0,SUV,NSW,29860.0
2021.0,SUV,NSW,29860.0
2021.0,SUV,NSW,79940.0
2021.0,SUV,NSW,129990.0
2021.0,SUV,NSW,65123.0
2021.0,SUV,NSW,40160.0
2021.0,SUV,NSW,26763.0
2021.0,SUV,NSW,25740.0
2021.0,SUV,NSW,26990.0
2021.0,SUV,NSW,95690.0
2021.0,SUV,NSW,32950.0
2021.0,SUV,NSW,35003.0
2021.0,SUV,NSW,45880.0
2021.0,Sedan,NSW,29860.0
2021.0,Sedan,NSW,22650.0
2021.0,Sedan,NSW,33980.0
2021.0,Sedan,NSW,61040.0
2021.0,Sedan,NSW,28197.0
2021.0,Sedan,NSW,27800.0
2021.0,Sedan,NSW,59800.0
2021.0,Sedan,NSW,32950.0
2021.0,Sedan,NSW,49490.0
2021.0,Sedan,NSW,19970.0
2021.0,Sedan,NSW,22650.0
2021.0,Ute/Pickup,NSW,40990.0
2021.0,Ute/Pickup,NSW,51590.0
2021.0,Ute/Pickup,NSW,46340.0
2021.0,Ute/Pickup,NSW,39130.0
2021.0,Ute/Pickup,NSW,44795.0
2021.0,Ute/Pickup,NSW,42990.0
2021.0,Ute/Pickup,NSW,44280.0
2021.0,Ute/Pickup,NSW,39130.0
2021.0,Ute/Pickup,NSW,52115.0
2021.0,Ute/Pickup,NSW,61040.0
2021.0,Ute/Pickup,NSW,41085.0
2021.0,Ute/Pickup,NSW,37030.0
2021.0,Ute/Pickup,NSW,51580.0
2021.0,Ute/Pickup,NSW,95690.0
2021.0,Ute/Pickup,NSW,46235.0
2021.0,Ute/Pickup,NSW,58940.0
2021.0,Ute/Pickup,NSW,48440.0
2021.0,Ute/Pickup,NSW,54995.0
2021.0,Ute/Pickup,NSW,49480.0
2021.0,Ute/Pickup,NSW,104090.0
2021.0,Ute/Pickup,NSW,52533.0
2021.0,Ute/Pickup,NSW,45310.0
2021.0,Ute/Pickup,NSW,55790.0
2021.0,Ute/Pickup,NSW,44280.0
2021.0,Ute/Pickup,NSW,45310.0
2021.0,Ute/Pickup,NSW,40160.0
2021.0,Ute/Pickup,NSW,36965.0
2021.0,Ute/Pickup,NSW,51590.0
2021.0,Ute/Pickup,NSW,53473.0
2021.0,Ute/Pickup,NSW,48440.0
2021.0,Ute/Pickup,NSW,41190.0
2021.0,Ute/Pickup,NSW,49490.0
2021.0,Ute/Pickup,NSW,51599.0
2021.0,Van,NSW,35010.0
2021.0,Van,NSW,36040.0
2021.0,Hatchback,NT,27800.0
2021.0,Hatchback,NT,16470.0
2021.0,Hatchback,NT,30890.0
2021.0,Hatchback,NT,33980.0
2021.0,Hatchback,NT,25740.0
2021.0,SUV,NT,72090.0
2021.0,SUV,NT,76679.0
2021.0,SUV,NT,38100.0
2021.0,Sedan,NT,33980.0
2021.0,Sedan,NT,33980.0
2021.0,Sedan,NT,27800.0
2021.0,Ute/Pickup,NT,61790.0
2021.0,Coupe,QLD,58504.0
2021.0,Coupe,QLD,82880.0
2021.0,Coupe,QLD,103480.0
2021.0,Coupe,QLD,102794.0
2021.0,Coupe,QLD,59950.0
2021.0,Hatchback,QLD,17857.0
2021.0,Hatchback,QLD,25720.0
2021.0,Hatchback,QLD,41990.0
2021.0,Hatchback,QLD,41990.0
2021.0,Hatchback,QLD,72990.0
2021.0,Hatchback,QLD,19990.0
2021.0,Hatchback,QLD,13985.0
2021.0,Hatchback,QLD,24690.0
2021.0,Hatchback,QLD,17991.0
2021.0,Hatchback,QLD,23458.0
2021.0,Hatchback,QLD,33990.0
2021.0,Hatchback,QLD,28990.0
2021.0,Hatchback,QLD,42990.0
2021.0,Hatchback,QLD,14487.0
2021.0,Hatchback,QLD,19990.0
2021.0,Hatchback,QLD,13990.0
2021.0,Hatchback,QLD,41980.0
2021.0,Hatchback,QLD,13990.0
2021.0,Hatchback,QLD,16950.0
2021.0,Hatchback,QLD,33784.0
2021.0,Hatchback,QLD,13990.0
2021.0,Hatchback,QLD,14490.0
2021.0,Hatchback,QLD,32490.0
2021.0,Hatchback,QLD,21990.0
2021.0,Hatchback,QLD,32990.0
2021.0,Hatchback,QLD,36000.0
2021.0,Hatchback,QLD,23990.0
2021.0,Hatchback,QLD,39990.0
2021.0,Hatchback,QLD,14995.0
2021.0,Hatchback,QLD,31990.0
2021.0,Hatchback,QLD,23990.0
2021.0,Hatchback,QLD,30990.0
2021.0,Hatchback,QLD,39990.0
2021.0,Hatchback,QLD,34990.0
2021.0,Hatchback,QLD,14990.0
2021.0,Hatchback,QLD,28990.0
2021.0,Hatchback,QLD,14990.0
2021.0,Hatchback,QLD,28990.0
2021.0,Hatchback,QLD,37990.0
2021.0,Hatchback,QLD,38990.0
2021.0,Hatchback,QLD,33784.0
2021.0,Hatchback,QLD,21990.0
2021.0,Hatchback,QLD,25597.0
2021.0,Hatchback,QLD,41990.0
2021.0,Hatchback,QLD,26627.0
2021.0,Hatchback,QLD,22990.0
2021.0,Hatchback,QLD,24999.0
2021.0,Hatchback,QLD,72990.0
2021.0,Hatchback,QLD,43990.0
2021.0,Hatchback,QLD,26490.0
2021.0,Hatchback,QLD,42690.0
2021.0,Hatchback,QLD,36490.0
2021.0,Hatchback,QLD,22990.0
2021.0,Hatchback,QLD,27990.0
2021.0,SUV,QLD,82895.0
2021.0,SUV,QLD,57990.0
2021.0,SUV,QLD,84990.0
2021.0,SUV,QLD,51990.0
2021.0,SUV,QLD,21999.0
2021.0,SUV,QLD,23995.0
2021.0,SUV,QLD,63980.0
2021.0,SUV,QLD,29990.0
2021.0,SUV,QLD,27491.0
2021.0,SUV,QLD,74990.0
2021.0,SUV,QLD,60990.0
2021.0,SUV,QLD,60990.0
2021.0,SUV,QLD,32985.0
2021.0,SUV,QLD,105895.0
2021.0,SUV,QLD,63980.0
2021.0,SUV,QLD,56990.0
2021.0,SUV,QLD,43990.0
2021.0,SUV,QLD,39990.0
2021.0,SUV,QLD,31990.0
2021.0,SUV,QLD,48980.0
2021.0,SUV,QLD,48980.0
2021.0,SUV,QLD,35990.0
2021.0,SUV,QLD,74690.0
2021.0,SUV,QLD,58990.0
2021.0,SUV,QLD,45980.0
2021.0,SUV,QLD,45980.0
2021.0,SUV,QLD,43587.0
2021.0,SUV,QLD,37990.0
2021.0,SUV,QLD,24990.0
2021.0,SUV,QLD,52990.0
2021.0,SUV,QLD,34990.0
2021.0,SUV,QLD,60991.0
2021.0,SUV,QLD,27990.0
2021.0,SUV,QLD,24990.0
2021.0,SUV,QLD,45888.0
2021.0,SUV,QLD,59980.0
2021.0,SUV,QLD,104990.0
2021.0,SUV,QLD,39990.0
2021.0,SUV,QLD,31990.0
2021.0,SUV,QLD,36490.0
2021.0,SUV,QLD,55990.0
2021.0,SUV,QLD,59980.0
2021.0,SUV,QLD,23990.0
2021.0,SUV,QLD,69990.0
2021.0,SUV,QLD,33990.0
2021.0,SUV,QLD,52995.0
2021.0,SUV,QLD,29990.0
2021.0,SUV,QLD,123456.0
2021.0,SUV,QLD,87990.0
2021.0,SUV,QLD,25987.0
2021.0,SUV,QLD,72990.0
2021.0,SUV,QLD,28690.0
2021.0,SUV,QLD,25490.0
2021.0,SUV,QLD,31850.0
2021.0,SUV,QLD,34888.0
2021.0,SUV,QLD,25990.0
2021.0,SUV,QLD,44490.0
2021.0,SUV,QLD,34991.0
2021.0,SUV,QLD,72990.0
2021.0,SUV,QLD,53490.0
2021.0,SUV,QLD,46490.0
2021.0,SUV,QLD,75895.0
2021.0,SUV,QLD,41990.0
2021.0,SUV,QLD,28990.0
2021.0,SUV,QLD,25990.0
2021.0,SUV,QLD,31985.0
2021.0,SUV,QLD,69990.0
2021.0,SUV,QLD,31985.0
2021.0,SUV,QLD,49490.0
2021.0,SUV,QLD,81895.0
2021.0,SUV,QLD,43990.0
2021.0,SUV,QLD,30690.0
2021.0,SUV,QLD,37880.0
2021.0,SUV,QLD,26350.0
2021.0,SUV,QLD,29990.0
2021.0,SUV,QLD,78888.0
2021.0,SUV,QLD,29990.0
2021.0,SUV,QLD,36000.0
2021.0,SUV,QLD,25980.0
2021.0,SUV,QLD,43990.0
2021.0,SUV,QLD,26990.0
2021.0,SUV,QLD,38990.0
2021.0,SUV,QLD,32990.0
2021.0,SUV,QLD,24990.0
2021.0,SUV,QLD,34990.0
2021.0,SUV,QLD,46880.0
2021.0,SUV,QLD,31690.0
2021.0,SUV,QLD,35690.0
2021.0,SUV,QLD,27490.0
2021.0,SUV,QLD,79990.0
2021.0,SUV,QLD,31990.0
2021.0,SUV,QLD,33458.0
2021.0,SUV,QLD,33458.0
2021.0,SUV,QLD,42990.0
2021.0,SUV,QLD,43990.0
2021.0,SUV,QLD,30990.0
2021.0,SUV,QLD,81396.0
2021.0,SUV,QLD,35690.0
2021.0,SUV,QLD,32495.0
2021.0,SUV,QLD,35990.0
2021.0,SUV,QLD,73990.0
2021.0,SUV,QLD,65990.0
2021.0,SUV,QLD,23484.0
2021.0,SUV,QLD,25490.0
2021.0,SUV,QLD,29490.0
2021.0,SUV,QLD,29690.0
2021.0,SUV,QLD,33990.0
2021.0,SUV,QLD,31990.0
2021.0,SUV,QLD,43690.0
2021.0,SUV,QLD,26190.0
2021.0,SUV,QLD,28990.0
2021.0,SUV,QLD,32990.0
2021.0,SUV,QLD,33990.0
2021.0,SUV,QLD,81498.0
2021.0,SUV,QLD,28990.0
2021.0,SUV,QLD,35990.0
2021.0,SUV,QLD,81396.0
2021.0,SUV,QLD,58990.0
2021.0,SUV,QLD,20142.0
2021.0,SUV,QLD,48400.0
2021.0,SUV,QLD,39990.0
2021.0,SUV,QLD,22990.0
2021.0,SUV,QLD,34990.0
2021.0,SUV,QLD,34990.0
2021.0,SUV,QLD,30990.0
2021.0,SUV,QLD,119990.0
2021.0,SUV,QLD,24887.0
2021.0,SUV,QLD,20888.0
2021.0,SUV,QLD,53990.0
2021.0,SUV,QLD,29880.0
2021.0,SUV,QLD,108880.0
2021.0,SUV,QLD,116851.0
2021.0,SUV,QLD,80990.0
2021.0,SUV,QLD,70173.0
2021.0,SUV,QLD,33990.0
2021.0,SUV,QLD,25490.0
2021.0,SUV,QLD,86990.0
2021.0,SUV,QLD,25990.0
2021.0,SUV,QLD,42990.0
2021.0,SUV,QLD,19995.0
2021.0,SUV,QLD,21990.0
2021.0,SUV,QLD,42990.0
2021.0,SUV,QLD,19690.0
2021.0,SUV,QLD,46995.0
2021.0,SUV,QLD,46895.0
2021.0,SUV,QLD,42490.0
2021.0,SUV,QLD,35990.0
2021.0,SUV,QLD,34990.0
2021.0,SUV,QLD,18990.0
2021.0,SUV,QLD,71895.0
2021.0,SUV,QLD,53850.0
2021.0,SUV,QLD,24990.0
2021.0,SUV,QLD,28990.0
2021.0,SUV,QLD,24412.0
2021.0,SUV,QLD,57990.0
2021.0,SUV,QLD,22690.0
2021.0,SUV,QLD,20990.0
2021.0,SUV,QLD,46990.0
2021.0,SUV,QLD,31999.0
2021.0,SUV,QLD,39995.0
2021.0,SUV,QLD,27490.0
2021.0,SUV,QLD,29990.0
2021.0,SUV,QLD,54990.0
2021.0,SUV,QLD,119990.0
2021.0,SUV,QLD,117472.0
2021.0,SUV,QLD,57895.0
2021.0,SUV,QLD,19995.0
2021.0,SUV,QLD,34490.0
2021.0,SUV,QLD,29990.0
2021.0,SUV,QLD,51990.0
2021.0,SUV,QLD,29995.0
2021.0,SUV,QLD,27490.0
2021.0,SUV,QLD,19995.0
2021.0,SUV,QLD,26888.0
2021.0,SUV,QLD,51990.0
2021.0,SUV,QLD,51990.0
2021.0,SUV,QLD,27476.0
2021.0,SUV,QLD,62990.0
2021.0,SUV,QLD,21490.0
2021.0,SUV,QLD,32495.0
2021.0,SUV,QLD,26990.0
2021.0,SUV,QLD,53990.0
2021.0,SUV,QLD,54990.0
2021.0,SUV,QLD,35991.0
2021.0,SUV,QLD,24333.0
2021.0,SUV,QLD,26490.0
2021.0,SUV,QLD,45696.0
2021.0,SUV,QLD,31495.0
2021.0,SUV,QLD,40990.0
2021.0,SUV,QLD,33990.0
2021.0,SUV,QLD,52990.0
2021.0,SUV,QLD,52990.0
2021.0,SUV,QLD,53990.0
2021.0,SUV,QLD,32990.0
2021.0,SUV,QLD,54990.0
2021.0,Sedan,QLD,38800.0
2021.0,Sedan,QLD,27690.0
2021.0,Sedan,QLD,43990.0
2021.0,Sedan,QLD,28950.0
2021.0,Sedan,QLD,82285.0
2021.0,Sedan,QLD,26990.0
2021.0,Sedan,QLD,18991.0
2021.0,Sedan,QLD,44880.0
2021.0,Sedan,QLD,36990.0
2021.0,Sedan,QLD,32987.0
2021.0,Sedan,QLD,32987.0
2021.0,Sedan,QLD,26690.0
2021.0,Sedan,QLD,18491.0
2021.0,Sedan,QLD,60990.0
2021.0,Sedan,QLD,40990.0
2021.0,Sedan,QLD,28990.0
2021.0,Sedan,QLD,24990.0
2021.0,Sedan,QLD,59150.0
2021.0,Sedan,QLD,32987.0
2021.0,Sedan,QLD,43990.0
2021.0,Sedan,QLD,42990.0
2021.0,Sedan,QLD,26990.0
2021.0,Sedan,QLD,30990.0
2021.0,Sedan,QLD,29990.0
2021.0,Ute/Pickup,QLD,43490.0
2021.0,Ute/Pickup,QLD,43980.0
2021.0,Ute/Pickup,QLD,43980.0
2021.0,Ute/Pickup,QLD,42490.0
2021.0,Ute/Pickup,QLD,46980.0
2021.0,Ute/Pickup,QLD,61991.0
2021.0,Ute/Pickup,QLD,46980.0
2021.0,Ute/Pickup,QLD,41980.0
2021.0,Ute/Pickup,QLD,47980.0
2021.0,Ute/Pickup,QLD,47980.0
2021.0,Ute/Pickup,QLD,41980.0
2021.0,Ute/Pickup,QLD,93690.0
2021.0,Ute/Pickup,QLD,57990.0
2021.0,Ute/Pickup,QLD,93690.0
2021.0,Ute/Pickup,QLD,33990.0
2021.0,Ute/Pickup,QLD,33990.0
2021.0,Ute/Pickup,QLD,33990.0
2021.0,Ute/Pickup,QLD,40998.0
2021.0,Ute/Pickup,QLD,41990.0
2021.0,Ute/Pickup,QLD,42990.0
2021.0,Ute/Pickup,QLD,48990.0
2021.0,Ute/Pickup,QLD,54990.0
2021.0,Ute/Pickup,QLD,49990.0
2021.0,Ute/Pickup,QLD,45990.0
2021.0,Ute/Pickup,QLD,42490.0
2021.0,Ute/Pickup,QLD,43990.0
2021.0,Ute/Pickup,QLD,48990.0
2021.0,Ute/Pickup,QLD,50490.0
2021.0,Ute/Pickup,QLD,49990.0
2021.0,Ute/Pickup,QLD,33980.0
2021.0,Ute/Pickup,QLD,42990.0
2021.0,Ute/Pickup,QLD,33980.0
2021.0,Ute/Pickup,QLD,48990.0
2021.0,Ute/Pickup,QLD,45990.0
2021.0,Ute/Pickup,QLD,38990.0
2021.0,Ute/Pickup,QLD,38990.0
2021.0,Ute/Pickup,QLD,59990.0
2021.0,Ute/Pickup,QLD,58490.0
2021.0,Ute/Pickup,QLD,43490.0
2021.0,Ute/Pickup,QLD,49990.0
2021.0,Ute/Pickup,QLD,38888.0
2021.0,Ute/Pickup,QLD,64990.0
2021.0,Ute/Pickup,QLD,41990.0
2021.0,Ute/Pickup,QLD,93599.0
2021.0,Ute/Pickup,QLD,45990.0
2021.0,Ute/Pickup,QLD,62880.0
2021.0,Ute/Pickup,QLD,41990.0
2021.0,Ute/Pickup,QLD,42990.0
2021.0,Ute/Pickup,QLD,63690.0
2021.0,Ute/Pickup,QLD,67880.0
2021.0,Ute/Pickup,QLD,48990.0
2021.0,Ute/Pickup,QLD,42490.0
2021.0,Ute/Pickup,QLD,55990.0
2021.0,Ute/Pickup,QLD,54990.0
2021.0,Ute/Pickup,QLD,43990.0
2021.0,Ute/Pickup,QLD,39990.0
2021.0,Ute/Pickup,QLD,59990.0
2021.0,Ute/Pickup,QLD,45990.0
2021.0,Ute/Pickup,QLD,42490.0
2021.0,Ute/Pickup,QLD,49990.0
2021.0,Ute/Pickup,QLD,47990.0
2021.0,Ute/Pickup,QLD,45980.0
2021.0,Ute/Pickup,QLD,43995.0
2021.0,Ute/Pickup,QLD,45980.0
2021.0,Ute/Pickup,QLD,46990.0
2021.0,Ute/Pickup,QLD,58990.0
2021.0,Ute/Pickup,QLD,47995.0
2021.0,Ute/Pickup,QLD,59990.0
2021.0,Ute/Pickup,QLD,46980.0
2021.0,Ute/Pickup,QLD,46980.0
2021.0,Ute/Pickup,QLD,46990.0
2021.0,Ute/Pickup,QLD,40990.0
2021.0,Ute/Pickup,QLD,36990.0
2021.0,Ute/Pickup,QLD,26990.0
2021.0,Ute/Pickup,QLD,59991.0
2021.0,Van,QLD,33990.0
2021.0,Van,QLD,43990.0
2021.0,Van,QLD,50980.0
2021.0,Van,QLD,50980.0
2021.0,Van,QLD,42980.0
2021.0,Van,QLD,56980.0
2021.0,Van,QLD,56980.0
2021.0,Van,QLD,49980.0
2021.0,Van,QLD,49980.0
2021.0,Van,QLD,42980.0
2021.0,Van,QLD,46990.0
2021.0,Van,QLD,46990.0
2021.0,Van,QLD,37490.0
2021.0,Van,QLD,32690.0
2021.0,Van,QLD,65980.0
2021.0,Van,QLD,65980.0
2021.0,Van,QLD,56980.0
2021.0,Van,QLD,55990.0
2021.0,Van,QLD,44990.0
2021.0,Van,QLD,63980.0
2021.0,Van,QLD,63980.0
2021.0,Van,QLD,58990.0
2021.0,Van,QLD,50980.0
2021.0,Van,QLD,50980.0
2021.0,Van,QLD,38888.0
2021.0,Van,QLD,34990.0
2021.0,Van,QLD,35490.0
2021.0,Van,QLD,66990.0
2021.0,Van,QLD,66990.0
2021.0,Van,QLD,66990.0
2021.0,Van,QLD,66990.0
2021.0,Wagon,QLD,112990.0
2021.0,Wagon,QLD,29664.0
2021.0,Coupe,SA,50670.0
2021.0,Hatchback,SA,31139.0
2021.0,Hatchback,SA,20989.0
2021.0,Hatchback,SA,28010.0
2021.0,Hatchback,SA,31130.0
2021.0,Hatchback,SA,18990.0
2021.0,Hatchback,SA,33449.0
2021.0,SUV,SA,38951.0
2021.0,SUV,SA,21888.0
2021.0,SUV,SA,26954.0
2021.0,SUV,SA,27990.0
2021.0,SUV,SA,46428.0
2021.0,SUV,SA,30600.0
2021.0,SUV,SA,29989.0
2021.0,SUV,SA,40490.0
2021.0,SUV,SA,47963.0
2021.0,SUV,SA,35490.0
2021.0,SUV,SA,32170.0
2021.0,SUV,SA,19499.0
2021.0,SUV,SA,26970.0
2021.0,SUV,SA,74818.0
2021.0,SUV,SA,36756.0
2021.0,SUV,SA,24990.0
2021.0,SUV,SA,34874.0
2021.0,SUV,SA,21957.0
2021.0,SUV,SA,29055.0
2021.0,SUV,SA,53688.0
2021.0,SUV,SA,24890.0
2021.0,SUV,SA,27997.0
2021.0,SUV,SA,33210.0
2021.0,SUV,SA,57130.0
2021.0,Sedan,SA,45690.0
2021.0,Ute/Pickup,SA,50670.0
2021.0,Ute/Pickup,SA,53330.0
2021.0,Ute/Pickup,SA,103935.0
2021.0,Ute/Pickup,SA,103935.0
2021.0,Ute/Pickup,SA,39289.0
2021.0,Ute/Pickup,SA,43993.0
2021.0,Ute/Pickup,SA,56615.0
2021.0,Ute/Pickup,SA,46738.0
2021.0,Ute/Pickup,SA,39344.0
2021.0,Ute/Pickup,SA,37880.0
2021.0,Ute/Pickup,SA,52992.0
2021.0,Ute/Pickup,SA,43204.0
2021.0,Ute/Pickup,SA,37365.0
2021.0,Hatchback,TAS,17500.0
2021.0,Hatchback,TAS,28830.0
2021.0,Hatchback,TAS,14101.0
2021.0,Hatchback,TAS,49910.0
2021.0,Hatchback,TAS,23711.0
2021.0,SUV,TAS,31920.0
2021.0,SUV,TAS,37150.0
2021.0,SUV,TAS,40480.0
2021.0,SUV,TAS,39370.0
2021.0,SUV,TAS,67070.0
2021.0,SUV,TAS,58750.0
2021.0,SUV,TAS,30890.0
2021.0,SUV,TAS,80070.0
2021.0,SUV,TAS,41590.0
2021.0,SUV,TAS,36040.0
2021.0,SUV,TAS,37150.0
2021.0,SUV,TAS,25740.0
2021.0,SUV,TAS,25225.0
2021.0,SUV,TAS,34495.0
2021.0,SUV,TAS,47830.0
2021.0,SUV,TAS,20590.0
2021.0,SUV,TAS,20590.0
2021.0,SUV,TAS,25494.0
2021.0,SUV,TAS,54070.0
2021.0,SUV,TAS,33980.0
2021.0,SUV,TAS,28830.0
2021.0,SUV,TAS,41704.0
2021.0,SUV,TAS,35834.0
2021.0,SUV,TAS,32950.0
2021.0,SUV,TAS,49870.0
2021.0,SUV,TAS,32744.0
2021.0,SUV,TAS,20590.0
2021.0,SUV,TAS,37150.0
2021.0,SUV,TAS,43701.0
2021.0,SUV,TAS,36706.0
2021.0,SUV,TAS,26770.0
2021.0,SUV,TAS,24710.0
2021.0,SUV,TAS,45781.0
2021.0,SUV,TAS,64501.0
2021.0,SUV,TAS,64501.0
2021.0,SUV,TAS,44741.0
2021.0,SUV,TAS,27831.0
2021.0,SUV,TAS,41620.0
2021.0,SUV,TAS,46821.0
2021.0,SUV,TAS,46821.0
2021.0,SUV,TAS,50981.0
2021.0,SUV,TAS,39400.0
2021.0,SUV,TAS,36071.0
2021.0,SUV,TAS,46821.0
2021.0,SUV,TAS,37180.0
2021.0,SUV,TAS,40510.0
2021.0,SUV,TAS,49941.0
2021.0,SUV,TAS,50981.0
2021.0,Sedan,TAS,20075.0
2021.0,Sedan,TAS,26770.0
2021.0,Sedan,TAS,28109.0
2021.0,Sedan,TAS,24710.0
2021.0,Sedan,TAS,27800.0
2021.0,Sedan,TAS,38260.0
2021.0,Sedan,TAS,39400.0
2021.0,Sedan,TAS,38290.0
2021.0,Ute/Pickup,TAS,54070.0
2021.0,Ute/Pickup,TAS,49390.0
2021.0,Ute/Pickup,TAS,60310.0
2021.0,Ute/Pickup,TAS,41590.0
2021.0,Ute/Pickup,TAS,41035.0
2021.0,Ute/Pickup,TAS,51990.0
2021.0,Ute/Pickup,TAS,46371.0
2021.0,Ute/Pickup,TAS,43982.0
2021.0,Ute/Pickup,TAS,47401.0
2021.0,Ute/Pickup,TAS,40191.0
2021.0,Ute/Pickup,TAS,48431.0
2021.0,Van,TAS,49286.0
2021.0,Wagon,TAS,26770.0
2021.0,Wagon,TAS,26770.0
2021.0,Convertible,VIC,84990.0
2021.0,Convertible,VIC,84990.0
2021.0,Coupe,VIC,110888.0
2021.0,Coupe,VIC,89990.0
2021.0,Hatchback,VIC,27990.0
2021.0,Hatchback,VIC,20999.0
2021.0,Hatchback,VIC,34880.0
2021.0,Hatchback,VIC,25970.0
2021.0,Hatchback,VIC,17999.0
2021.0,Hatchback,VIC,20999.0
2021.0,Hatchback,VIC,42990.0
2021.0,Hatchback,VIC,42990.0
2021.0,Hatchback,VIC,62800.0
2021.0,Hatchback,VIC,27990.0
2021.0,Hatchback,VIC,26480.0
2021.0,Hatchback,VIC,36990.0
2021.0,Hatchback,VIC,28888.0
2021.0,Hatchback,VIC,30970.0
2021.0,Hatchback,VIC,49888.0
2021.0,Hatchback,VIC,33990.0
2021.0,Hatchback,VIC,24970.0
2021.0,Hatchback,VIC,35990.0
2021.0,Hatchback,VIC,41990.0
2021.0,Hatchback,VIC,15990.0
2021.0,Hatchback,VIC,40868.0
2021.0,Hatchback,VIC,40868.0
2021.0,Hatchback,VIC,24906.0
2021.0,Hatchback,VIC,13989.0
2021.0,Hatchback,VIC,29990.0
2021.0,Hatchback,VIC,26880.0
2021.0,Hatchback,VIC,34888.0
2021.0,Hatchback,VIC,22490.0
2021.0,Hatchback,VIC,28300.0
2021.0,Hatchback,VIC,15888.0
2021.0,SUV,VIC,52888.0
2021.0,SUV,VIC,99619.0
2021.0,SUV,VIC,38990.0
2021.0,SUV,VIC,31450.0
2021.0,SUV,VIC,49999.0
2021.0,SUV,VIC,44990.0
2021.0,SUV,VIC,32999.0
2021.0,SUV,VIC,27999.0
2021.0,SUV,VIC,34999.0
2021.0,SUV,VIC,37999.0
2021.0,SUV,VIC,42950.0
2021.0,SUV,VIC,69800.0
2021.0,SUV,VIC,26999.0
2021.0,SUV,VIC,31990.0
2021.0,SUV,VIC,36450.0
2021.0,SUV,VIC,25990.0
2021.0,SUV,VIC,84888.0
2021.0,SUV,VIC,65800.0
2021.0,SUV,VIC,40248.0
2021.0,SUV,VIC,40558.0
2021.0,SUV,VIC,69990.0
2021.0,SUV,VIC,57988.0
2021.0,SUV,VIC,26400.0
2021.0,SUV,VIC,61888.0
2021.0,SUV,VIC,36713.0
2021.0,SUV,VIC,40257.0
2021.0,SUV,VIC,34450.0
2021.0,SUV,VIC,54990.0
2021.0,SUV,VIC,63868.0
2021.0,SUV,VIC,31590.0
2021.0,SUV,VIC,21990.0
2021.0,SUV,VIC,47990.0
2021.0,SUV,VIC,48990.0
2021.0,SUV,VIC,21990.0
2021.0,SUV,VIC,76719.0
2021.0,SUV,VIC,77868.0
2021.0,SUV,VIC,21593.0
2021.0,SUV,VIC,33970.0
2021.0,SUV,VIC,70990.0
2021.0,SUV,VIC,45900.0
2021.0,SUV,VIC,25888.0
2021.0,SUV,VIC,45900.0
2021.0,SUV,VIC,108800.0
2021.0,SUV,VIC,42990.0
2021.0,SUV,VIC,85800.0
2021.0,SUV,VIC,36990.0
2021.0,SUV,VIC,47555.0
2021.0,SUV,VIC,43990.0
2021.0,SUV,VIC,47480.0
2021.0,SUV,VIC,39990.0
2021.0,SUV,VIC,32990.0
2021.0,SUV,VIC,21490.0
2021.0,SUV,VIC,24490.0
2021.0,SUV,VIC,32990.0
2021.0,SUV,VIC,29990.0
2021.0,SUV,VIC,33888.0
2021.0,SUV,VIC,46888.0
2021.0,SUV,VIC,36750.0
2021.0,SUV,VIC,28990.0
2021.0,SUV,VIC,23990.0
2021.0,SUV,VIC,88888.0
2021.0,SUV,VIC,23888.0
2021.0,SUV,VIC,21990.0
2021.0,SUV,VIC,36990.0
2021.0,SUV,VIC,59990.0
2021.0,SUV,VIC,22990.0
2021.0,SUV,VIC,103868.0
2021.0,SUV,VIC,29990.0
2021.0,SUV,VIC,33488.0
2021.0,SUV,VIC,48460.0
2021.0,SUV,VIC,76840.0
2021.0,SUV,VIC,64450.0
2021.0,SUV,VIC,61450.0
2021.0,SUV,VIC,38230.0
2021.0,SUV,VIC,75990.0
2021.0,SUV,VIC,77990.0
2021.0,SUV,VIC,24270.0
2021.0,SUV,VIC,37990.0
2021.0,SUV,VIC,56467.0
2021.0,SUV,VIC,88212.0
2021.0,SUV,VIC,60990.0
2021.0,SUV,VIC,47340.0
2021.0,SUV,VIC,34376.0
2021.0,SUV,VIC,54990.0
2021.0,SUV,VIC,23500.0
2021.0,SUV,VIC,33888.0
2021.0,SUV,VIC,66064.0
2021.0,SUV,VIC,39990.0
2021.0,SUV,VIC,99980.0
2021.0,SUV,VIC,32990.0
2021.0,SUV,VIC,39990.0
2021.0,SUV,VIC,24990.0
2021.0,SUV,VIC,26490.0
2021.0,SUV,VIC,40138.0
2021.0,SUV,VIC,26550.0
2021.0,SUV,VIC,109990.0
2021.0,SUV,VIC,79990.0
2021.0,SUV,VIC,23970.0
2021.0,SUV,VIC,40788.0
2021.0,SUV,VIC,33888.0
2021.0,SUV,VIC,44788.0
2021.0,SUV,VIC,55990.0
2021.0,SUV,VIC,28460.0
2021.0,SUV,VIC,45990.0
2021.0,SUV,VIC,25990.0
2021.0,SUV,VIC,112868.0
2021.0,SUV,VIC,26990.0
2021.0,SUV,VIC,50611.0
2021.0,SUV,VIC,57850.0
2021.0,SUV,VIC,37990.0
2021.0,SUV,VIC,49990.0
2021.0,SUV,VIC,44888.0
2021.0,SUV,VIC,26940.0
2021.0,SUV,VIC,36990.0
2021.0,SUV,VIC,58480.0
2021.0,SUV,VIC,59990.0
2021.0,SUV,VIC,112990.0
2021.0,SUV,VIC,32990.0
2021.0,SUV,VIC,32990.0
2021.0,SUV,VIC,42940.0
2021.0,SUV,VIC,125988.0
2021.0,SUV,VIC,50319.0
2021.0,SUV,VIC,29888.0
2021.0,SUV,VIC,61990.0
2021.0,SUV,VIC,45990.0
2021.0,SUV,VIC,49970.0
2021.0,SUV,VIC,28888.0
2021.0,SUV,VIC,32990.0
2021.0,SUV,VIC,23999.0
2021.0,SUV,VIC,29880.0
2021.0,SUV,VIC,23990.0
2021.0,SUV,VIC,45970.0
2021.0,SUV,VIC,22300.0
2021.0,SUV,VIC,49788.0
2021.0,SUV,VIC,35880.0
2021.0,SUV,VIC,28880.0
2021.0,SUV,VIC,40880.0
2021.0,SUV,VIC,26989.0
2021.0,Sedan,VIC,23999.0
2021.0,Sedan,VIC,44999.0
2021.0,Sedan,VIC,38950.0
2021.0,Sedan,VIC,40900.0
2021.0,Sedan,VIC,19558.0
2021.0,Sedan,VIC,40490.0
2021.0,Sedan,VIC,36450.0
2021.0,Sedan,VIC,59800.0
2021.0,Sedan,VIC,107800.0
2021.0,Sedan,VIC,37450.0
2021.0,Sedan,VIC,33340.0
2021.0,Sedan,VIC,30450.0
2021.0,Sedan,VIC,64800.0
2021.0,Sedan,VIC,26990.0
2021.0,Sedan,VIC,66800.0
2021.0,Sedan,VIC,60888.0
2021.0,Sedan,VIC,34450.0
2021.0,Sedan,VIC,29990.0
2021.0,Sedan,VIC,63980.0
2021.0,Sedan,VIC,30990.0
2021.0,Sedan,VIC,38888.0
2021.0,Sedan,VIC,54990.0
2021.0,Sedan,VIC,47990.0
2021.0,Sedan,VIC,26990.0
2021.0,Sedan,VIC,26900.0
2021.0,Ute/Pickup,VIC,40940.0
2021.0,Ute/Pickup,VIC,64450.0
2021.0,Ute/Pickup,VIC,40990.0
2021.0,Ute/Pickup,VIC,42999.0
2021.0,Ute/Pickup,VIC,34999.0
2021.0,Ute/Pickup,VIC,36999.0
2021.0,Ute/Pickup,VIC,40999.0
2021.0,Ute/Pickup,VIC,34999.0
2021.0,Ute/Pickup,VIC,45999.0
2021.0,Ute/Pickup,VIC,62990.0
2021.0,Ute/Pickup,VIC,36418.0
2021.0,Ute/Pickup,VIC,65590.0
2021.0,Ute/Pickup,VIC,105900.0
2021.0,Ute/Pickup,VIC,34492.0
2021.0,Ute/Pickup,VIC,47921.0
2021.0,Ute/Pickup,VIC,34990.0
2021.0,Ute/Pickup,VIC,30652.0
2021.0,Ute/Pickup,VIC,42888.0
2021.0,Ute/Pickup,VIC,34499.0
2021.0,Ute/Pickup,VIC,44950.0
2021.0,Ute/Pickup,VIC,52090.0
2021.0,Ute/Pickup,VIC,39990.0
2021.0,Ute/Pickup,VIC,46963.0
2021.0,Ute/Pickup,VIC,45890.0
2021.0,Ute/Pickup,VIC,47935.0
2021.0,Ute/Pickup,VIC,30660.0
2021.0,Ute/Pickup,VIC,38558.0
2021.0,Ute/Pickup,VIC,32905.0
2021.0,Ute/Pickup,VIC,51555.0
2021.0,Ute/Pickup,VIC,46975.0
2021.0,Ute/Pickup,VIC,37990.0
2021.0,Ute/Pickup,VIC,36888.0
2021.0,Ute/Pickup,VIC,38999.0
2021.0,Ute/Pickup,VIC,31618.0
2021.0,Ute/Pickup,VIC,65990.0
2021.0,Ute/Pickup,VIC,44888.0
2021.0,Ute/Pickup,VIC,83990.0
2021.0,Ute/Pickup,VIC,38990.0
2021.0,Ute/Pickup,VIC,44480.0
2021.0,Ute/Pickup,VIC,39450.0
2021.0,Ute/Pickup,VIC,65885.0
2021.0,Ute/Pickup,VIC,104990.0
2021.0,Ute/Pickup,VIC,44400.0
2021.0,Ute/Pickup,VIC,38888.0
2021.0,Ute/Pickup,VIC,41888.0
2021.0,Ute/Pickup,VIC,27677.0
2021.0,Ute/Pickup,VIC,49990.0
2021.0,Ute/Pickup,VIC,49990.0
2021.0,Ute/Pickup,VIC,49990.0
2021.0,Ute/Pickup,VIC,43966.0
2021.0,Ute/Pickup,VIC,51905.0
2021.0,Ute/Pickup,VIC,33990.0
2021.0,Ute/Pickup,VIC,47990.0
2021.0,Ute/Pickup,VIC,56905.0
2021.0,Ute/Pickup,VIC,50970.0
2021.0,Ute/Pickup,VIC,60940.0
2021.0,Ute/Pickup,VIC,42999.0
2021.0,Ute/Pickup,VIC,29880.0
2021.0,Ute/Pickup,VIC,28950.0
2021.0,Ute/Pickup,VIC,48990.0
2021.0,Ute/Pickup,VIC,33990.0
2021.0,Ute/Pickup,VIC,26999.0
2021.0,Ute/Pickup,VIC,49805.0
2021.0,Van,VIC,31990.0
2021.0,Van,VIC,41805.0
2021.0,Van,VIC,41805.0
2021.0,Van,VIC,56490.0
2021.0,Van,VIC,33999.0
2021.0,Van,VIC,39998.0
2021.0,Van,VIC,40988.0
2021.0,Van,VIC,40905.0
2021.0,Van,VIC,31988.0
2021.0,Van,VIC,28990.0
2021.0,Van,VIC,35940.0
2021.0,Van,VIC,36790.0
2021.0,Van,VIC,30542.0
2021.0,Van,VIC,39990.0
2021.0,Van,VIC,46800.0
2021.0,Van,VIC,46800.0
2021.0,Wagon,VIC,134990.0
2021.0,Wagon,VIC,112350.0
2021.0,Coupe,WA,130994.0
2021.0,Coupe,WA,79775.0
2021.0,Hatchback,WA,25677.0
2021.0,Hatchback,WA,19488.0
2021.0,Hatchback,WA,45333.0
2021.0,Hatchback,WA,16845.0
2021.0,Hatchback,WA,32490.0
2021.0,Hatchback,WA,21362.0
2021.0,Hatchback,WA,19990.0
2021.0,Hatchback,WA,18990.0
2021.0,Hatchback,WA,41990.0
2021.0,Hatchback,WA,30930.0
2021.0,Hatchback,WA,19490.0
2021.0,Hatchback,WA,29536.0
2021.0,Hatchback,WA,21557.0
2021.0,Hatchback,WA,18485.0
2021.0,Hatchback,WA,17436.0
2021.0,Hatchback,WA,19800.0
2021.0,Hatchback,WA,44100.0
2021.0,Hatchback,WA,39663.0
2021.0,Hatchback,WA,28886.0
2021.0,Hatchback,WA,20735.0
2021.0,Hatchback,WA,30371.0
2021.0,Hatchback,WA,24031.0
2021.0,Hatchback,WA,23622.0
2021.0,Hatchback,WA,29850.0
2021.0,SUV,WA,25499.0
2021.0,SUV,WA,74940.0
2021.0,SUV,WA,20540.0
2021.0,SUV,WA,32121.0
2021.0,SUV,WA,45990.0
2021.0,SUV,WA,35291.0
2021.0,SUV,WA,62279.0
2021.0,SUV,WA,74540.0
2021.0,SUV,WA,69990.0
2021.0,SUV,WA,69990.0
2021.0,SUV,WA,97588.0
2021.0,SUV,WA,103932.0
2021.0,SUV,WA,97588.0
2021.0,SUV,WA,61999.0
2021.0,SUV,WA,33488.0
2021.0,SUV,WA,36026.0
2021.0,SUV,WA,58477.0
2021.0,SUV,WA,48704.0
2021.0,SUV,WA,34577.0
2021.0,SUV,WA,67083.0
2021.0,SUV,WA,41989.0
2021.0,SUV,WA,82000.0
2021.0,SUV,WA,66020.0
2021.0,SUV,WA,38990.0
2021.0,SUV,WA,66019.0
2021.0,SUV,WA,59630.0
2021.0,SUV,WA,53056.0
2021.0,SUV,WA,85189.0
2021.0,SUV,WA,31040.0
2021.0,SUV,WA,81994.0
2021.0,SUV,WA,109690.0
2021.0,SUV,WA,51950.0
2021.0,SUV,WA,112888.0
2021.0,SUV,WA,74539.0
2021.0,SUV,WA,40488.0
2021.0,SUV,WA,91999.0
2021.0,SUV,WA,78289.0
2021.0,SUV,WA,34708.0
2021.0,SUV,WA,66995.0
2021.0,SUV,WA,34293.0
2021.0,SUV,WA,23999.0
2021.0,SUV,WA,34577.0
2021.0,SUV,WA,76030.0
2021.0,SUV,WA,39555.0
2021.0,SUV,WA,72408.0
2021.0,SUV,WA,43544.0
2021.0,SUV,WA,41388.0
2021.0,SUV,WA,41388.0
2021.0,SUV,WA,19883.0
2021.0,SUV,WA,93708.0
2021.0,SUV,WA,68450.0
2021.0,SUV,WA,43866.0
2021.0,SUV,WA,74545.0
2021.0,SUV,WA,25153.0
2021.0,SUV,WA,105990.0
2021.0,SUV,WA,72415.0
2021.0,SUV,WA,44388.0
2021.0,SUV,WA,31049.0
2021.0,SUV,WA,44388.0
2021.0,SUV,WA,49990.0
2021.0,SUV,WA,113186.0
2021.0,SUV,WA,77714.0
2021.0,SUV,WA,71333.0
2021.0,SUV,WA,106277.0
2021.0,SUV,WA,106277.0
2021.0,SUV,WA,125659.0
2021.0,SUV,WA,84777.0
2021.0,SUV,WA,56422.0
2021.0,SUV,WA,20990.0
2021.0,SUV,WA,116075.0
2021.0,SUV,WA,124594.0
2021.0,SUV,WA,57331.0
2021.0,SUV,WA,25633.0
2021.0,SUV,WA,76674.0
2021.0,SUV,WA,76674.0
2021.0,SUV,WA,50965.0
2021.0,SUV,WA,31019.0
2021.0,SUV,WA,31038.0
2021.0,SUV,WA,110888.0
2021.0,SUV,WA,74488.0
2021.0,SUV,WA,74990.0
2021.0,SUV,WA,28886.0
2021.0,SUV,WA,41677.0
2021.0,SUV,WA,102888.0
2021.0,SUV,WA,34995.0
2021.0,SUV,WA,101165.0
2021.0,SUV,WA,66722.0
2021.0,SUV,WA,71064.0
2021.0,SUV,WA,78710.0
2021.0,SUV,WA,66722.0
2021.0,SUV,WA,39123.0
2021.0,SUV,WA,49820.0
2021.0,SUV,WA,31039.0
2021.0,SUV,WA,118897.0
2021.0,SUV,WA,68137.0
2021.0,SUV,WA,64953.0
2021.0,SUV,WA,48694.0
2021.0,SUV,WA,38673.0
2021.0,SUV,WA,69202.0
2021.0,SUV,WA,44888.0
2021.0,SUV,WA,108990.0
2021.0,SUV,WA,31038.0
2021.0,SUV,WA,117130.0
2021.0,SUV,WA,25633.0
2021.0,SUV,WA,58565.0
2021.0,SUV,WA,39776.0
2021.0,SUV,WA,79637.0
2021.0,SUV,WA,20950.0
2021.0,SUV,WA,50965.0
2021.0,SUV,WA,40878.0
2021.0,SUV,WA,40881.0
2021.0,SUV,WA,79637.0
2021.0,SUV,WA,84817.0
2021.0,SUV,WA,22603.0
2021.0,SUV,WA,34283.0
2021.0,SUV,WA,39776.0
2021.0,SUV,WA,38681.0
2021.0,SUV,WA,39222.0
2021.0,SUV,WA,44215.0
2021.0,SUV,WA,31067.0
2021.0,SUV,WA,28357.0
2021.0,SUV,WA,28357.0
2021.0,SUV,WA,42443.0
2021.0,SUV,WA,33990.0
2021.0,SUV,WA,73473.0
2021.0,SUV,WA,80888.0
2021.0,SUV,WA,67450.0
2021.0,SUV,WA,40880.0
2021.0,SUV,WA,26427.0
2021.0,SUV,WA,36256.0
2021.0,SUV,WA,75603.0
2021.0,SUV,WA,73462.0
2021.0,SUV,WA,28661.0
2021.0,SUV,WA,25664.0
2021.0,SUV,WA,28661.0
2021.0,SUV,WA,28661.0
2021.0,SUV,WA,85195.0
2021.0,SUV,WA,31040.0
2021.0,SUV,WA,31040.0
2021.0,SUV,WA,46893.0
2021.0,SUV,WA,29961.0
2021.0,SUV,WA,51990.0
2021.0,SUV,WA,38450.0
2021.0,SUV,WA,38950.0
2021.0,SUV,WA,51990.0
2021.0,SUV,WA,29961.0
2021.0,SUV,WA,24011.0
2021.0,SUV,WA,34312.0
2021.0,SUV,WA,39990.0
2021.0,SUV,WA,29842.0
2021.0,SUV,WA,55375.0
2021.0,SUV,WA,55157.0
2021.0,SUV,WA,23622.0
2021.0,SUV,WA,75605.0
2021.0,SUV,WA,38888.0
2021.0,SUV,WA,33649.0
2021.0,SUV,WA,21957.0
2021.0,SUV,WA,38453.0
2021.0,SUV,WA,28886.0
2021.0,SUV,WA,40881.0
2021.0,SUV,WA,41990.0
2021.0,SUV,WA,38999.0
2021.0,SUV,WA,35383.0
2021.0,SUV,WA,61758.0
2021.0,SUV,WA,56433.0
2021.0,SUV,WA,63888.0
2021.0,SUV,WA,37602.0
2021.0,SUV,WA,55888.0
2021.0,SUV,WA,53239.0
2021.0,SUV,WA,44206.0
2021.0,SUV,WA,87899.0
2021.0,SUV,WA,90524.0
2021.0,SUV,WA,47990.0
2021.0,SUV,WA,47990.0
2021.0,SUV,WA,54284.0
2021.0,SUV,WA,42390.0
2021.0,SUV,WA,28775.0
2021.0,SUV,WA,41988.0
2021.0,SUV,WA,45990.0
2021.0,SUV,WA,123888.0
2021.0,SUV,WA,61747.0
2021.0,SUV,WA,20332.0
2021.0,SUV,WA,53240.0
2021.0,SUV,WA,24012.0
2021.0,SUV,WA,31049.0
2021.0,SUV,WA,28220.0
2021.0,SUV,WA,34312.0
2021.0,SUV,WA,38495.0
2021.0,SUV,WA,35383.0
2021.0,SUV,WA,60695.0
2021.0,SUV,WA,63888.0
2021.0,SUV,WA,40909.0
2021.0,SUV,WA,36477.0
2021.0,SUV,WA,22604.0
2021.0,SUV,WA,46357.0
2021.0,SUV,WA,101182.0
2021.0,SUV,WA,24440.0
2021.0,SUV,WA,24440.0
2021.0,SUV,WA,29870.0
2021.0,SUV,WA,45320.0
2021.0,SUV,WA,120340.0
2021.0,SUV,WA,33224.0
2021.0,SUV,WA,62716.0
2021.0,SUV,WA,20332.0
2021.0,SUV,WA,31912.0
2021.0,SUV,WA,29870.0
2021.0,SUV,WA,31040.0
2021.0,SUV,WA,54837.0
2021.0,SUV,WA,46454.0
2021.0,SUV,WA,32029.0
2021.0,SUV,WA,35402.0
2021.0,SUV,WA,33221.0
2021.0,SUV,WA,69215.0
2021.0,SUV,WA,23557.0
2021.0,SUV,WA,59888.0
2021.0,SUV,WA,59888.0
2021.0,SUV,WA,28775.0
2021.0,SUV,WA,78760.0
2021.0,SUV,WA,49848.0
2021.0,SUV,WA,41895.0
2021.0,SUV,WA,72220.0
2021.0,SUV,WA,27832.0
2021.0,SUV,WA,28795.0
2021.0,SUV,WA,40134.0
2021.0,SUV,WA,77735.0
2021.0,SUV,WA,77735.0
2021.0,SUV,WA,47481.0
2021.0,SUV,WA,64777.0
2021.0,SUV,WA,63781.0
2021.0,SUV,WA,29990.0
2021.0,SUV,WA,47595.0
2021.0,SUV,WA,43990.0
2021.0,SUV,WA,32998.0
2021.0,SUV,WA,31990.0
2021.0,SUV,WA,68990.0
2021.0,SUV,WA,63800.0
2021.0,SUV,WA,52003.0
2021.0,Sedan,WA,25667.0
2021.0,Sedan,WA,25667.0
2021.0,Sedan,WA,35990.0
2021.0,Sedan,WA,23612.0
2021.0,Sedan,WA,19490.0
2021.0,Sedan,WA,28338.0
2021.0,Sedan,WA,19490.0
2021.0,Sedan,WA,20990.0
2021.0,Sedan,WA,49832.0
2021.0,Sedan,WA,40787.0
2021.0,Sedan,WA,19990.0
2021.0,Sedan,WA,22071.0
2021.0,Sedan,WA,35273.0
2021.0,Sedan,WA,21352.0
2021.0,Sedan,WA,40787.0
2021.0,Sedan,WA,34990.0
2021.0,Sedan,WA,19490.0
2021.0,Sedan,WA,40886.0
2021.0,Sedan,WA,33205.0
2021.0,Sedan,WA,39681.0
2021.0,Sedan,WA,18990.0
2021.0,Sedan,WA,20888.0
2021.0,Sedan,WA,25667.0
2021.0,Sedan,WA,37490.0
2021.0,Sedan,WA,38150.0
2021.0,Sedan,WA,50994.0
2021.0,Sedan,WA,31040.0
2021.0,Sedan,WA,37480.0
2021.0,Sedan,WA,55136.0
2021.0,Sedan,WA,32888.0
2021.0,Sedan,WA,38579.0
2021.0,Sedan,WA,37574.0
2021.0,Sedan,WA,23641.0
2021.0,Sedan,WA,24640.0
2021.0,Sedan,WA,38579.0
2021.0,Sedan,WA,38579.0
2021.0,Sedan,WA,54990.0
2021.0,Sedan,WA,54990.0
2021.0,Sedan,WA,58565.0
2021.0,Ute/Pickup,WA,31068.0
2021.0,Ute/Pickup,WA,71877.0
2021.0,Ute/Pickup,WA,59488.0
2021.0,Ute/Pickup,WA,56999.0
2021.0,Ute/Pickup,WA,81826.0
2021.0,Ute/Pickup,WA,26082.0
2021.0,Ute/Pickup,WA,43656.0
2021.0,Ute/Pickup,WA,43322.0
2021.0,Ute/Pickup,WA,40887.0
2021.0,Ute/Pickup,WA,61688.0
2021.0,Ute/Pickup,WA,65698.0
2021.0,Ute/Pickup,WA,61688.0
2021.0,Ute/Pickup,WA,45059.0
2021.0,Ute/Pickup,WA,42744.0
2021.0,Ute/Pickup,WA,42744.0
2021.0,Ute/Pickup,WA,56990.0
2021.0,Ute/Pickup,WA,56990.0
2021.0,Ute/Pickup,WA,60695.0
2021.0,Ute/Pickup,WA,68150.0
2021.0,Ute/Pickup,WA,52367.0
2021.0,Ute/Pickup,WA,49222.0
2021.0,Ute/Pickup,WA,49222.0
2021.0,Ute/Pickup,WA,53245.0
2021.0,Ute/Pickup,WA,67085.0
2021.0,Ute/Pickup,WA,52088.0
2021.0,Ute/Pickup,WA,34308.0
2021.0,Ute/Pickup,WA,49999.0
2021.0,Ute/Pickup,WA,53240.0
2021.0,Ute/Pickup,WA,51888.0
2021.0,Ute/Pickup,WA,52950.0
2021.0,Ute/Pickup,WA,49733.0
2021.0,Ute/Pickup,WA,49733.0
2021.0,Ute/Pickup,WA,43322.0
2021.0,Ute/Pickup,WA,66018.0
2021.0,Ute/Pickup,WA,49833.0
2021.0,Ute/Pickup,WA,68148.0
2021.0,Ute/Pickup,WA,61759.0
2021.0,Ute/Pickup,WA,41875.0
2021.0,Ute/Pickup,WA,45177.0
2021.0,Ute/Pickup,WA,53240.0
2021.0,Ute/Pickup,WA,55899.0
2021.0,Ute/Pickup,WA,47789.0
2021.0,Ute/Pickup,WA,45177.0
2021.0,Ute/Pickup,WA,60161.0
2021.0,Ute/Pickup,WA,46229.0
2021.0,Ute/Pickup,WA,76669.0
2021.0,Ute/Pickup,WA,43525.0
2021.0,Ute/Pickup,WA,38660.0
2021.0,Ute/Pickup,WA,50966.0
2021.0,Ute/Pickup,WA,40868.0
2021.0,Ute/Pickup,WA,56113.0
2021.0,Ute/Pickup,WA,52688.0
2021.0,Ute/Pickup,WA,52688.0
2021.0,Ute/Pickup,WA,52688.0
2021.0,Ute/Pickup,WA,48702.0
2021.0,Ute/Pickup,WA,39763.0
2021.0,Ute/Pickup,WA,39763.0
2021.0,Ute/Pickup,WA,39763.0
2021.0,Ute/Pickup,WA,49360.0
2021.0,Ute/Pickup,WA,39763.0
2021.0,Ute/Pickup,WA,60700.0
2021.0,Ute/Pickup,WA,50975.0
2021.0,Ute/Pickup,WA,69213.0
2021.0,Ute/Pickup,WA,57689.0
2021.0,Ute/Pickup,WA,39763.0
2021.0,Ute/Pickup,WA,50833.0
2021.0,Ute/Pickup,WA,39763.0
2021.0,Ute/Pickup,WA,39763.0
2021.0,Ute/Pickup,WA,62723.0
2021.0,Ute/Pickup,WA,63880.0
2021.0,Ute/Pickup,WA,38660.0
2021.0,Ute/Pickup,WA,49488.0
2021.0,Ute/Pickup,WA,61765.0
2021.0,Ute/Pickup,WA,44194.0
2021.0,Ute/Pickup,WA,29961.0
2021.0,Ute/Pickup,WA,45333.0
2021.0,Ute/Pickup,WA,33224.0
2021.0,Ute/Pickup,WA,55369.0
2021.0,Ute/Pickup,WA,46454.0
2021.0,Ute/Pickup,WA,49848.0
2021.0,Ute/Pickup,WA,38691.0
2021.0,Ute/Pickup,WA,74530.0
2021.0,Ute/Pickup,WA,58583.0
2021.0,Van,WA,43502.0
2021.0,Van,WA,68149.0
2021.0,Van,WA,41989.0
2021.0,Van,WA,47470.0
2021.0,Van,WA,40880.0
2021.0,Van,WA,35373.0
2021.0,Van,WA,41329.0
2021.0,Van,WA,45332.0
2021.0,Van,WA,44216.0
2021.0,Van,WA,34727.0
2021.0,Van,WA,41990.0
2021.0,Van,WA,68149.0
2021.0,Van,WA,44440.0
2021.0,Van,WA,31903.0
2021.0,Van,WA,38688.0
2021.0,Van,WA,29870.0
2021.0,Van,WA,55280.0
2021.0,Van,WA,39112.0
2021.0,Van,WA,41969.0
2021.0,Van,WA,61775.0
2021.0,Van,WA,49990.0
2021.0,Van,WA,39990.0
2021.0,Wagon,WA,48999.0
2021.0,Wagon,WA,25675.0
2021.0,Wagon,WA,33223.0
2021.0,Wagon,WA,35291.0
2022.0,Coupe,ACT,75740.0
2022.0,Hatchback,ACT,24514.0
2022.0,Hatchback,ACT,15141.0
2022.0,Hatchback,ACT,15553.0
2022.0,Hatchback,ACT,15553.0
2022.0,Hatchback,ACT,15553.0
2022.0,Hatchback,ACT,15553.0
2022.0,Hatchback,ACT,15553.0
2022.0,Hatchback,ACT,15553.0
2022.0,Hatchback,ACT,15553.0
2022.0,Hatchback,ACT,15553.0
2022.0,Hatchback,ACT,23600.0
2022.0,Hatchback,ACT,43009.0
2022.0,SUV,ACT,95280.0
2022.0,SUV,ACT,29860.0
2022.0,SUV,ACT,51590.0
2022.0,SUV,ACT,85190.0
2022.0,SUV,ACT,29664.0
2022.0,SUV,ACT,53595.0
2022.0,SUV,ACT,51390.0
2022.0,SUV,ACT,40273.0
2022.0,SUV,ACT,40273.0
2022.0,SUV,ACT,33980.0
2022.0,SUV,ACT,63990.0
2022.0,SUV,ACT,32754.0
2022.0,SUV,ACT,55905.0
2022.0,SUV,ACT,34455.0
2022.0,SUV,ACT,28830.0
2022.0,SUV,ACT,30797.0
2022.0,SUV,ACT,27353.0
2022.0,SUV,ACT,25660.0
2022.0,SUV,ACT,38020.0
2022.0,SUV,ACT,46260.0
2022.0,Sedan,ACT,33425.0
2022.0,Sedan,ACT,62090.0
2022.0,Sedan,ACT,58740.0
2022.0,Sedan,ACT,33980.0
2022.0,Sedan,ACT,145050.0
2022.0,Sedan,ACT,27760.0
2022.0,Van,ACT,46247.0
2022.0,Van,ACT,37070.0
2022.0,Coupe,NSW,41990.0
2022.0,Coupe,NSW,88900.0
2022.0,Coupe,NSW,88900.0
2022.0,Coupe,NSW,110275.0
2022.0,Hatchback,NSW,45888.0
2022.0,Hatchback,NSW,17500.0
2022.0,Hatchback,NSW,32950.0
2022.0,Hatchback,NSW,44800.0
2022.0,Hatchback,NSW,49800.0
2022.0,Hatchback,NSW,16980.0
2022.0,Hatchback,NSW,37987.0
2022.0,Hatchback,NSW,45576.0
2022.0,Hatchback,NSW,35927.0
2022.0,Hatchback,NSW,35927.0
2022.0,Hatchback,NSW,35010.0
2022.0,Hatchback,NSW,20075.0
2022.0,Hatchback,NSW,20075.0
2022.0,Hatchback,NSW,17990.0
2022.0,Hatchback,NSW,20550.0
2022.0,Hatchback,NSW,22945.0
2022.0,Hatchback,NSW,17357.0
2022.0,Hatchback,NSW,37990.0
2022.0,Hatchback,NSW,37990.0
2022.0,Hatchback,NSW,44280.0
2022.0,Hatchback,NSW,37070.0
2022.0,Hatchback,NSW,21620.0
2022.0,Hatchback,NSW,56840.0
2022.0,Hatchback,NSW,26770.0
2022.0,Hatchback,NSW,23680.0
2022.0,Hatchback,NSW,54740.0
2022.0,SUV,NSW,41190.0
2022.0,SUV,NSW,25740.0
2022.0,SUV,NSW,26730.0
2022.0,SUV,NSW,43137.0
2022.0,SUV,NSW,41190.0
2022.0,SUV,NSW,76673.0
2022.0,SUV,NSW,89400.0
2022.0,SUV,NSW,56830.0
2022.0,SUV,NSW,29860.0
2022.0,SUV,NSW,52800.0
2022.0,SUV,NSW,32435.0
2022.0,SUV,NSW,39659.0
2022.0,SUV,NSW,35010.0
2022.0,SUV,NSW,93485.0
2022.0,SUV,NSW,32950.0
2022.0,SUV,NSW,28830.0
2022.0,SUV,NSW,59800.0
2022.0,SUV,NSW,69440.0
2022.0,SUV,NSW,38100.0
2022.0,SUV,NSW,77800.0
2022.0,SUV,NSW,95690.0
2022.0,SUV,NSW,56800.0
2022.0,SUV,NSW,66290.0
2022.0,SUV,NSW,39130.0
2022.0,SUV,NSW,83090.0
2022.0,SUV,NSW,59800.0
2022.0,SUV,NSW,59800.0
2022.0,SUV,NSW,69800.0
2022.0,SUV,NSW,49800.0
2022.0,SUV,NSW,34888.0
2022.0,SUV,NSW,119850.0
2022.0,SUV,NSW,129990.0
2022.0,SUV,NSW,88800.0
2022.0,SUV,NSW,52800.0
2022.0,SUV,NSW,53585.0
2022.0,SUV,NSW,92329.0
2022.0,SUV,NSW,56840.0
2022.0,SUV,NSW,119888.0
2022.0,SUV,NSW,97265.0
2022.0,SUV,NSW,48990.0
2022.0,SUV,NSW,119640.0
2022.0,SUV,NSW,41200.0
2022.0,SUV,NSW,54800.0
2022.0,SUV,NSW,71850.0
2022.0,SUV,NSW,20590.0
2022.0,SUV,NSW,20590.0
2022.0,SUV,NSW,43941.0
2022.0,SUV,NSW,41180.0
2022.0,SUV,NSW,38800.0
2022.0,SUV,NSW,36965.0
2022.0,SUV,NSW,30890.0
2022.0,SUV,NSW,40071.0
2022.0,SUV,NSW,82800.0
2022.0,SUV,NSW,39130.0
2022.0,SUV,NSW,36030.0
2022.0,SUV,NSW,39130.0
2022.0,SUV,NSW,32950.0
2022.0,SUV,NSW,30990.0
2022.0,SUV,NSW,33465.0
2022.0,SUV,NSW,41190.0
2022.0,SUV,NSW,52880.0
2022.0,SUV,NSW,48440.0
2022.0,SUV,NSW,82800.0
2022.0,SUV,NSW,39130.0
2022.0,SUV,NSW,37995.0
2022.0,SUV,NSW,37070.0
2022.0,SUV,NSW,31920.0
2022.0,SUV,NSW,51888.0
2022.0,SUV,NSW,38100.0
2022.0,SUV,NSW,87990.0
2022.0,SUV,NSW,37990.0
2022.0,SUV,NSW,30890.0
2022.0,SUV,NSW,42220.0
2022.0,SUV,NSW,66290.0
2022.0,SUV,NSW,66290.0
2022.0,SUV,NSW,39025.0
2022.0,SUV,NSW,91290.0
2022.0,SUV,NSW,87195.0
2022.0,SUV,NSW,31880.0
2022.0,SUV,NSW,31920.0
2022.0,SUV,NSW,24195.0
2022.0,SUV,NSW,27445.0
2022.0,SUV,NSW,83090.0
2022.0,SUV,NSW,83090.0
2022.0,SUV,NSW,28830.0
2022.0,SUV,NSW,37987.0
2022.0,SUV,NSW,53690.0
2022.0,SUV,NSW,22650.0
2022.0,SUV,NSW,57890.0
2022.0,SUV,NSW,32950.0
2022.0,SUV,NSW,61800.0
2022.0,SUV,NSW,20590.0
2022.0,SUV,NSW,21620.0
2022.0,SUV,NSW,35935.0
2022.0,SUV,NSW,35935.0
2022.0,SUV,NSW,36030.0
2022.0,SUV,NSW,35019.0
2022.0,SUV,NSW,56315.0
2022.0,SUV,NSW,44167.0
2022.0,SUV,NSW,39941.0
2022.0,SUV,NSW,39130.0
2022.0,SUV,NSW,37987.0
2022.0,SUV,NSW,89800.0
2022.0,SUV,NSW,68990.0
2022.0,SUV,NSW,23680.0
2022.0,SUV,NSW,23680.0
2022.0,SUV,NSW,30990.0
2022.0,SUV,NSW,65800.0
2022.0,SUV,NSW,40994.0
2022.0,SUV,NSW,50540.0
2022.0,SUV,NSW,28830.0
2022.0,SUV,NSW,45310.0
2022.0,SUV,NSW,59875.0
2022.0,SUV,NSW,87290.0
2022.0,SUV,NSW,29880.0
2022.0,SUV,NSW,52533.0
2022.0,SUV,NSW,75633.0
2022.0,SUV,NSW,68390.0
2022.0,SUV,NSW,69850.0
2022.0,SUV,NSW,34495.0
2022.0,SUV,NSW,38100.0
2022.0,SUV,NSW,40169.0
2022.0,SUV,NSW,53990.0
2022.0,SUV,NSW,39130.0
2022.0,SUV,NSW,38100.0
2022.0,SUV,NSW,72995.0
2022.0,SUV,NSW,62800.0
2022.0,SUV,NSW,44900.0
2022.0,SUV,NSW,33980.0
2022.0,SUV,NSW,96633.0
2022.0,SUV,NSW,39130.0
2022.0,SUV,NSW,51590.0
2022.0,SUV,NSW,65240.0
2022.0,SUV,NSW,36040.0
2022.0,SUV,NSW,34905.0
2022.0,SUV,NSW,87815.0
2022.0,SUV,NSW,37070.0
2022.0,SUV,NSW,38100.0
2022.0,SUV,NSW,19800.0
2022.0,SUV,NSW,33980.0
2022.0,SUV,NSW,33980.0
2022.0,SUV,NSW,35995.0
2022.0,SUV,NSW,33490.0
2022.0,SUV,NSW,67340.0
2022.0,SUV,NSW,69945.0
2022.0,SUV,NSW,27800.0
2022.0,SUV,NSW,36450.0
2022.0,SUV,NSW,74575.0
2022.0,SUV,NSW,58900.0
2022.0,SUV,NSW,31920.0
2022.0,SUV,NSW,41190.0
2022.0,SUV,NSW,35525.0
2022.0,SUV,NSW,59850.0
2022.0,SUV,NSW,47990.0
2022.0,SUV,NSW,37600.0
2022.0,SUV,NSW,33980.0
2022.0,SUV,NSW,33980.0
2022.0,SUV,NSW,83917.0
2022.0,SUV,NSW,24605.0
2022.0,SUV,NSW,51390.0
2022.0,SUV,NSW,81945.0
2022.0,SUV,NSW,33463.0
2022.0,SUV,NSW,36990.0
2022.0,SUV,NSW,59780.0
2022.0,SUV,NSW,29990.0
2022.0,SUV,NSW,29990.0
2022.0,SUV,NSW,65240.0
2022.0,SUV,NSW,39954.0
2022.0,SUV,NSW,49430.0
2022.0,SUV,NSW,39130.0
2022.0,SUV,NSW,52800.0
2022.0,SUV,NSW,54740.0
2022.0,SUV,NSW,53165.0
2022.0,SUV,NSW,45217.0
2022.0,SUV,NSW,43031.0
2022.0,SUV,NSW,33990.0
2022.0,SUV,NSW,37980.0
2022.0,SUV,NSW,25740.0
2022.0,SUV,NSW,27800.0
2022.0,SUV,NSW,29860.0
2022.0,SUV,NSW,43250.0
2022.0,SUV,NSW,22545.0
2022.0,SUV,NSW,74990.0
2022.0,SUV,NSW,42220.0
2022.0,SUV,NSW,28830.0
2022.0,SUV,NSW,39130.0
2022.0,SUV,NSW,49450.0
2022.0,SUV,NSW,29860.0
2022.0,SUV,NSW,67235.0
2022.0,SUV,NSW,37995.0
2022.0,SUV,NSW,37995.0
2022.0,SUV,NSW,77888.0
2022.0,SUV,NSW,33980.0
2022.0,SUV,NSW,67880.0
2022.0,SUV,NSW,46235.0
2022.0,SUV,NSW,34777.0
2022.0,SUV,NSW,30890.0
2022.0,SUV,NSW,37070.0
2022.0,SUV,NSW,84023.0
2022.0,SUV,NSW,38100.0
2022.0,SUV,NSW,39865.0
2022.0,SUV,NSW,36864.0
2022.0,SUV,NSW,39361.0
2022.0,SUV,NSW,30290.0
2022.0,SUV,NSW,23680.0
2022.0,SUV,NSW,32845.0
2022.0,SUV,NSW,40160.0
2022.0,SUV,NSW,51590.0
2022.0,SUV,NSW,76790.0
2022.0,SUV,NSW,31920.0
2022.0,SUV,NSW,43250.0
2022.0,SUV,NSW,31920.0
2022.0,SUV,NSW,29652.0
2022.0,SUV,NSW,55790.0
2022.0,SUV,NSW,23680.0
2022.0,SUV,NSW,38880.0
2022.0,SUV,NSW,32980.0
2022.0,SUV,NSW,32980.0
2022.0,SUV,NSW,25740.0
2022.0,SUV,NSW,74690.0
2022.0,SUV,NSW,30375.0
2022.0,SUV,NSW,30883.0
2022.0,SUV,NSW,38093.0
2022.0,SUV,NSW,27285.0
2022.0,SUV,NSW,65980.0
2022.0,SUV,NSW,98723.0
2022.0,SUV,NSW,65980.0
2022.0,SUV,NSW,33973.0
2022.0,SUV,NSW,24980.0
2022.0,SUV,NSW,33360.0
2022.0,SUV,NSW,35010.0
2022.0,SUV,NSW,33974.0
2022.0,SUV,NSW,36033.0
2022.0,Sedan,NSW,48800.0
2022.0,Sedan,NSW,29747.0
2022.0,Sedan,NSW,44280.0
2022.0,Sedan,NSW,49990.0
2022.0,Sedan,NSW,32910.0
2022.0,Sedan,NSW,69800.0
2022.0,Sedan,NSW,44280.0
2022.0,Sedan,NSW,28495.0
2022.0,Sedan,NSW,34990.0
2022.0,Sedan,NSW,27695.0
2022.0,Sedan,NSW,25740.0
2022.0,Sedan,NSW,38100.0
2022.0,Sedan,NSW,234900.0
2022.0,Ute/Pickup,NSW,111440.0
2022.0,Ute/Pickup,NSW,112490.0
2022.0,Ute/Pickup,NSW,38100.0
2022.0,Ute/Pickup,NSW,39130.0
2022.0,Ute/Pickup,NSW,52640.0
2022.0,Ute/Pickup,NSW,43137.0
2022.0,Ute/Pickup,NSW,47390.0
2022.0,Ute/Pickup,NSW,58938.0
2022.0,Ute/Pickup,NSW,30890.0
2022.0,Ute/Pickup,NSW,61040.0
2022.0,Ute/Pickup,NSW,57890.0
2022.0,Ute/Pickup,NSW,43888.0
2022.0,Ute/Pickup,NSW,54945.0
2022.0,Ute/Pickup,NSW,61040.0
2022.0,Ute/Pickup,NSW,58690.0
2022.0,Ute/Pickup,NSW,39130.0
2022.0,Ute/Pickup,NSW,43250.0
2022.0,Ute/Pickup,NSW,49490.0
2022.0,Ute/Pickup,NSW,68399.0
2022.0,Ute/Pickup,NSW,80990.0
2022.0,Ute/Pickup,NSW,57890.0
2022.0,Ute/Pickup,NSW,67945.0
2022.0,Ute/Pickup,NSW,64290.0
2022.0,Ute/Pickup,NSW,30899.0
2022.0,Ute/Pickup,NSW,83090.0
2022.0,Ute/Pickup,NSW,38100.0
2022.0,Ute/Pickup,NSW,31945.0
2022.0,Ute/Pickup,NSW,50433.0
2022.0,Ute/Pickup,NSW,43250.0
2022.0,Ute/Pickup,NSW,80883.0
2022.0,Ute/Pickup,NSW,30890.0
2022.0,Ute/Pickup,NSW,80465.0
2022.0,Ute/Pickup,NSW,69440.0
2022.0,Van,NSW,46340.0
2022.0,Van,NSW,47390.0
2022.0,Van,NSW,49490.0
2022.0,Van,NSW,41190.0
2022.0,Van,NSW,64465.0
2022.0,Van,NSW,56840.0
2022.0,Wagon,NSW,39800.0
2022.0,Wagon,NSW,30890.0
2022.0,Wagon,NSW,44280.0
2022.0,Wagon,NSW,31816.0
2022.0,Wagon,NSW,45205.0
2022.0,SUV,NT,61790.0
2022.0,Ute/Pickup,NT,61790.0
2022.0,Coupe,QLD,61990.0
2022.0,Coupe,QLD,52510.0
2022.0,Coupe,QLD,52510.0
2022.0,Coupe,QLD,63895.0
2022.0,Coupe,QLD,63895.0
2022.0,Coupe,QLD,96895.0
2022.0,Coupe,QLD,201990.0
2022.0,Coupe,QLD,67995.0
2022.0,Hatchback,QLD,24990.0
2022.0,Hatchback,QLD,34800.0
2022.0,Hatchback,QLD,29900.0
2022.0,Hatchback,QLD,29900.0
2022.0,Hatchback,QLD,17990.0
2022.0,Hatchback,QLD,36880.0
2022.0,Hatchback,QLD,26990.0
2022.0,Hatchback,QLD,25490.0
2022.0,Hatchback,QLD,25490.0
2022.0,Hatchback,QLD,35990.0
2022.0,Hatchback,QLD,32990.0
2022.0,Hatchback,QLD,36990.0
2022.0,Hatchback,QLD,33990.0
2022.0,Hatchback,QLD,32980.0
2022.0,Hatchback,QLD,32980.0
2022.0,Hatchback,QLD,34990.0
2022.0,Hatchback,QLD,33690.0
2022.0,Hatchback,QLD,28990.0
2022.0,Hatchback,QLD,16990.0
2022.0,Hatchback,QLD,31490.0
2022.0,Hatchback,QLD,19490.0
2022.0,Hatchback,QLD,42490.0
2022.0,Hatchback,QLD,30990.0
2022.0,Hatchback,QLD,16990.0
2022.0,Hatchback,QLD,31490.0
2022.0,Hatchback,QLD,14487.0
2022.0,Hatchback,QLD,14487.0
2022.0,Hatchback,QLD,26490.0
2022.0,Hatchback,QLD,14487.0
2022.0,Hatchback,QLD,23690.0
2022.0,Hatchback,QLD,46990.0
2022.0,Hatchback,QLD,31990.0
2022.0,Hatchback,QLD,14487.0
2022.0,Hatchback,QLD,29490.0
2022.0,Hatchback,QLD,29490.0
2022.0,Hatchback,QLD,14487.0
2022.0,Hatchback,QLD,57690.0
2022.0,Hatchback,QLD,14487.0
2022.0,Hatchback,QLD,22690.0
2022.0,Hatchback,QLD,17490.0
2022.0,Hatchback,QLD,14487.0
2022.0,Hatchback,QLD,43880.0
2022.0,Hatchback,QLD,20490.0
2022.0,Hatchback,QLD,20490.0
2022.0,Hatchback,QLD,20490.0
2022.0,Hatchback,QLD,20490.0
2022.0,Hatchback,QLD,20490.0
2022.0,Hatchback,QLD,20490.0
2022.0,Hatchback,QLD,20490.0
2022.0,Hatchback,QLD,20490.0
2022.0,Hatchback,QLD,20490.0
2022.0,Hatchback,QLD,20490.0
2022.0,Hatchback,QLD,14487.0
2022.0,Hatchback,QLD,54490.0
2022.0,Hatchback,QLD,19490.0
2022.0,Hatchback,QLD,21490.0
2022.0,Hatchback,QLD,17888.0
2022.0,Hatchback,QLD,18490.0
2022.0,Hatchback,QLD,21490.0
2022.0,Hatchback,QLD,21500.0
2022.0,Hatchback,QLD,21010.0
2022.0,Hatchback,QLD,19990.0
2022.0,Hatchback,QLD,19990.0
2022.0,Hatchback,QLD,21010.0
2022.0,Hatchback,QLD,21010.0
2022.0,Hatchback,QLD,21010.0
2022.0,Hatchback,QLD,21010.0
2022.0,Hatchback,QLD,21010.0
2022.0,Hatchback,QLD,21010.0
2022.0,Hatchback,QLD,19990.0
2022.0,Hatchback,QLD,47995.0
2022.0,Hatchback,QLD,20990.0
2022.0,Hatchback,QLD,20990.0
2022.0,Hatchback,QLD,20990.0
2022.0,Hatchback,QLD,20990.0
2022.0,Hatchback,QLD,20990.0
2022.0,Hatchback,QLD,20990.0
2022.0,Hatchback,QLD,20990.0
2022.0,Hatchback,QLD,14487.0
2022.0,Hatchback,QLD,20010.0
2022.0,Hatchback,QLD,21010.0
2022.0,Hatchback,QLD,21010.0
2022.0,Hatchback,QLD,21010.0
2022.0,Hatchback,QLD,20990.0
2022.0,Hatchback,QLD,27990.0
2022.0,Hatchback,QLD,15995.0
2022.0,Hatchback,QLD,18490.0
2022.0,Hatchback,QLD,18990.0
2022.0,Hatchback,QLD,17990.0
2022.0,Hatchback,QLD,19990.0
2022.0,Hatchback,QLD,23990.0
2022.0,Hatchback,QLD,19990.0
2022.0,Hatchback,QLD,19990.0
2022.0,Hatchback,QLD,19990.0
2022.0,Hatchback,QLD,19990.0
2022.0,Hatchback,QLD,21990.0
2022.0,Hatchback,QLD,19990.0
2022.0,Hatchback,QLD,19990.0
2022.0,Hatchback,QLD,19990.0
2022.0,Hatchback,QLD,19990.0
2022.0,Hatchback,QLD,19990.0
2022.0,Hatchback,QLD,19990.0
2022.0,Hatchback,QLD,19990.0
2022.0,Hatchback,QLD,19990.0
2022.0,Hatchback,QLD,19990.0
2022.0,Hatchback,QLD,19990.0
2022.0,Hatchback,QLD,20490.0
2022.0,Hatchback,QLD,20990.0
2022.0,Hatchback,QLD,25597.0
2022.0,Hatchback,QLD,21990.0
2022.0,Hatchback,QLD,31890.0
2022.0,Hatchback,QLD,18990.0
2022.0,Hatchback,QLD,17990.0
2022.0,SUV,QLD,44700.0
2022.0,SUV,QLD,23850.0
2022.0,SUV,QLD,29990.0
2022.0,SUV,QLD,47990.0
2022.0,SUV,QLD,35990.0
2022.0,SUV,QLD,39190.0
2022.0,SUV,QLD,40990.0
2022.0,SUV,QLD,36990.0
2022.0,SUV,QLD,34990.0
2022.0,SUV,QLD,38775.0
2022.0,SUV,QLD,26995.0
2022.0,SUV,QLD,29490.0
2022.0,SUV,QLD,61594.0
2022.0,SUV,QLD,36995.0
2022.0,SUV,QLD,27990.0
2022.0,SUV,QLD,28888.0
2022.0,SUV,QLD,61895.0
2022.0,SUV,QLD,29991.0
2022.0,SUV,QLD,59534.0
2022.0,SUV,QLD,49990.0
2022.0,SUV,QLD,39490.0
2022.0,SUV,QLD,47490.0
2022.0,SUV,QLD,84990.0
2022.0,SUV,QLD,49990.0
2022.0,SUV,QLD,34990.0
2022.0,SUV,QLD,30990.0
2022.0,SUV,QLD,39990.0
2022.0,SUV,QLD,38990.0
2022.0,SUV,QLD,38990.0
2022.0,SUV,QLD,38990.0
2022.0,SUV,QLD,31990.0
2022.0,SUV,QLD,30888.0
2022.0,SUV,QLD,21491.0
2022.0,SUV,QLD,80990.0
2022.0,SUV,QLD,43985.0
2022.0,SUV,QLD,46490.0
2022.0,SUV,QLD,94990.0
2022.0,SUV,QLD,38990.0
2022.0,SUV,QLD,34990.0
2022.0,SUV,QLD,33990.0
2022.0,SUV,QLD,34690.0
2022.0,SUV,QLD,29490.0
2022.0,SUV,QLD,50990.0
2022.0,SUV,QLD,38990.0
2022.0,SUV,QLD,41690.0
2022.0,SUV,QLD,34032.0
2022.0,SUV,QLD,67990.0
2022.0,SUV,QLD,38990.0
2022.0,SUV,QLD,38990.0
2022.0,SUV,QLD,43990.0
2022.0,SUV,QLD,37490.0
2022.0,SUV,QLD,126840.0
2022.0,SUV,QLD,32990.0
2022.0,SUV,QLD,50990.0
2022.0,SUV,QLD,30990.0
2022.0,SUV,QLD,34990.0
2022.0,SUV,QLD,88888.0
2022.0,SUV,QLD,66888.0
2022.0,SUV,QLD,29490.0
2022.0,SUV,QLD,38990.0
2022.0,SUV,QLD,24990.0
2022.0,SUV,QLD,76880.0
2022.0,SUV,QLD,36049.0
2022.0,SUV,QLD,33450.0
2022.0,SUV,QLD,38990.0
2022.0,SUV,QLD,31988.0
2022.0,SUV,QLD,40490.0
2022.0,SUV,QLD,32990.0
2022.0,SUV,QLD,46990.0
2022.0,SUV,QLD,34990.0
2022.0,SUV,QLD,65990.0
2022.0,SUV,QLD,32800.0
2022.0,SUV,QLD,41990.0
2022.0,SUV,QLD,18880.0
2022.0,SUV,QLD,40990.0
2022.0,SUV,QLD,27458.0
2022.0,SUV,QLD,22480.0
2022.0,SUV,QLD,32850.0
2022.0,SUV,QLD,40596.0
2022.0,SUV,QLD,58990.0
2022.0,SUV,QLD,29990.0
2022.0,SUV,QLD,83990.0
2022.0,SUV,QLD,61594.0
2022.0,SUV,QLD,48990.0
2022.0,SUV,QLD,36990.0
2022.0,SUV,QLD,57490.0
2022.0,SUV,QLD,34690.0
2022.0,SUV,QLD,43690.0
2022.0,SUV,QLD,42990.0
2022.0,SUV,QLD,36490.0
2022.0,SUV,QLD,91990.0
2022.0,SUV,QLD,25990.0
2022.0,SUV,QLD,34690.0
2022.0,SUV,QLD,30990.0
2022.0,SUV,QLD,65990.0
2022.0,SUV,QLD,38990.0
2022.0,SUV,QLD,31990.0
2022.0,SUV,QLD,50990.0
2022.0,SUV,QLD,53990.0
2022.0,SUV,QLD,32387.0
2022.0,SUV,QLD,41990.0
2022.0,SUV,QLD,36990.0
2022.0,SUV,QLD,35990.0
2022.0,SUV,QLD,33990.0
2022.0,SUV,QLD,46990.0
2022.0,SUV,QLD,31990.0
2022.0,SUV,QLD,43990.0
2022.0,SUV,QLD,28990.0
2022.0,SUV,QLD,31990.0
2022.0,SUV,QLD,31490.0
2022.0,SUV,QLD,34387.0
2022.0,SUV,QLD,52990.0
2022.0,SUV,QLD,52990.0
2022.0,SUV,QLD,59990.0
2022.0,SUV,QLD,32990.0
2022.0,SUV,QLD,25990.0
2022.0,SUV,QLD,30990.0
2022.0,SUV,QLD,29990.0
2022.0,SUV,QLD,46990.0
2022.0,SUV,QLD,37990.0
2022.0,SUV,QLD,32990.0
2022.0,SUV,QLD,41990.0
2022.0,SUV,QLD,35000.0
2022.0,SUV,QLD,39990.0
2022.0,SUV,QLD,34990.0
2022.0,SUV,QLD,19290.0
2022.0,SUV,QLD,28990.0
2022.0,SUV,QLD,37990.0
2022.0,SUV,QLD,31990.0
2022.0,SUV,QLD,41895.0
2022.0,SUV,QLD,64990.0
2022.0,SUV,QLD,28895.0
2022.0,SUV,QLD,32990.0
2022.0,SUV,QLD,39490.0
2022.0,SUV,QLD,28895.0
2022.0,SUV,QLD,35888.0
2022.0,SUV,QLD,29990.0
2022.0,SUV,QLD,26690.0
2022.0,SUV,QLD,35990.0
2022.0,SUV,QLD,36990.0
2022.0,SUV,QLD,30350.0
2022.0,SUV,QLD,27450.0
2022.0,SUV,QLD,36490.0
2022.0,SUV,QLD,26490.0
2022.0,SUV,QLD,34880.0
2022.0,SUV,QLD,22990.0
2022.0,SUV,QLD,38490.0
2022.0,SUV,QLD,29490.0
2022.0,SUV,QLD,24990.0
2022.0,SUV,QLD,29490.0
2022.0,SUV,QLD,25490.0
2022.0,SUV,QLD,25490.0
2022.0,SUV,QLD,34990.0
2022.0,SUV,QLD,36990.0
2022.0,SUV,QLD,26990.0
2022.0,SUV,QLD,31990.0
2022.0,SUV,QLD,29990.0
2022.0,SUV,QLD,34790.0
2022.0,SUV,QLD,24995.0
2022.0,SUV,QLD,31990.0
2022.0,SUV,QLD,37990.0
2022.0,SUV,QLD,18990.0
2022.0,SUV,QLD,36990.0
2022.0,SUV,QLD,31990.0
2022.0,SUV,QLD,31990.0
2022.0,SUV,QLD,18990.0
2022.0,SUV,QLD,39490.0
2022.0,SUV,QLD,36990.0
2022.0,SUV,QLD,37987.0
2022.0,SUV,QLD,33490.0
2022.0,SUV,QLD,32990.0
2022.0,SUV,QLD,28990.0
2022.0,SUV,QLD,32990.0
2022.0,SUV,QLD,47490.0
2022.0,SUV,QLD,26990.0
2022.0,SUV,QLD,44990.0
2022.0,SUV,QLD,24980.0
2022.0,SUV,QLD,53985.0
2022.0,SUV,QLD,49990.0
2022.0,SUV,QLD,37990.0
2022.0,SUV,QLD,58490.0
2022.0,SUV,QLD,36990.0
2022.0,SUV,QLD,69800.0
2022.0,SUV,QLD,117452.0
2022.0,SUV,QLD,59300.0
2022.0,SUV,QLD,32990.0
2022.0,SUV,QLD,41490.0
2022.0,SUV,QLD,29490.0
2022.0,SUV,QLD,44480.0
2022.0,SUV,QLD,25990.0
2022.0,SUV,QLD,29990.0
2022.0,SUV,QLD,29490.0
2022.0,SUV,QLD,42490.0
2022.0,SUV,QLD,28995.0
2022.0,SUV,QLD,36490.0
2022.0,SUV,QLD,36490.0
2022.0,SUV,QLD,34490.0
2022.0,SUV,QLD,46990.0
2022.0,SUV,QLD,34990.0
2022.0,SUV,QLD,36990.0
2022.0,SUV,QLD,32990.0
2022.0,SUV,QLD,35990.0
2022.0,SUV,QLD,35888.0
2022.0,SUV,QLD,35888.0
2022.0,SUV,QLD,33490.0
2022.0,SUV,QLD,35888.0
2022.0,SUV,QLD,20990.0
2022.0,SUV,QLD,41990.0
2022.0,SUV,QLD,53490.0
2022.0,SUV,QLD,25990.0
2022.0,SUV,QLD,23990.0
2022.0,SUV,QLD,53990.0
2022.0,SUV,QLD,25990.0
2022.0,SUV,QLD,25990.0
2022.0,SUV,QLD,31990.0
2022.0,SUV,QLD,32990.0
2022.0,SUV,QLD,27888.0
2022.0,SUV,QLD,28990.0
2022.0,SUV,QLD,50796.0
2022.0,SUV,QLD,36990.0
2022.0,SUV,QLD,36490.0
2022.0,SUV,QLD,30990.0
2022.0,SUV,QLD,43480.0
2022.0,SUV,QLD,23990.0
2022.0,SUV,QLD,21787.0
2022.0,SUV,QLD,91908.0
2022.0,SUV,QLD,19990.0
2022.0,SUV,QLD,27888.0
2022.0,SUV,QLD,29690.0
2022.0,SUV,QLD,29690.0
2022.0,SUV,QLD,28888.0
2022.0,SUV,QLD,56200.0
2022.0,SUV,QLD,39990.0
2022.0,SUV,QLD,42790.0
2022.0,SUV,QLD,36990.0
2022.0,SUV,QLD,29990.0
2022.0,SUV,QLD,28985.0
2022.0,SUV,QLD,28490.0
2022.0,SUV,QLD,37990.0
2022.0,SUV,QLD,55990.0
2022.0,SUV,QLD,41990.0
2022.0,SUV,QLD,33990.0
2022.0,SUV,QLD,38990.0
2022.0,SUV,QLD,28995.0
2022.0,SUV,QLD,39790.0
2022.0,SUV,QLD,33700.0
2022.0,SUV,QLD,33700.0
2022.0,SUV,QLD,49987.0
2022.0,SUV,QLD,40990.0
2022.0,SUV,QLD,35387.0
2022.0,SUV,QLD,40990.0
2022.0,SUV,QLD,24880.0
2022.0,SUV,QLD,62990.0
2022.0,SUV,QLD,62990.0
2022.0,SUV,QLD,30990.0
2022.0,SUV,QLD,34480.0
2022.0,SUV,QLD,23700.0
2022.0,SUV,QLD,28490.0
2022.0,SUV,QLD,23990.0
2022.0,SUV,QLD,32990.0
2022.0,SUV,QLD,23990.0
2022.0,SUV,QLD,44880.0
2022.0,SUV,QLD,34990.0
2022.0,SUV,QLD,52490.0
2022.0,SUV,QLD,34990.0
2022.0,SUV,QLD,27990.0
2022.0,SUV,QLD,24690.0
2022.0,SUV,QLD,39990.0
2022.0,SUV,QLD,24690.0
2022.0,SUV,QLD,24690.0
2022.0,SUV,QLD,24690.0
2022.0,SUV,QLD,38888.0
2022.0,SUV,QLD,38990.0
2022.0,SUV,QLD,69990.0
2022.0,SUV,QLD,36990.0
2022.0,SUV,QLD,39888.0
2022.0,SUV,QLD,48487.0
2022.0,SUV,QLD,54990.0
2022.0,SUV,QLD,46990.0
2022.0,SUV,QLD,26990.0
2022.0,SUV,QLD,28990.0
2022.0,SUV,QLD,59990.0
2022.0,SUV,QLD,28490.0
2022.0,SUV,QLD,30530.0
2022.0,SUV,QLD,50490.0
2022.0,SUV,QLD,31990.0
2022.0,SUV,QLD,52880.0
2022.0,SUV,QLD,43990.0
2022.0,SUV,QLD,39990.0
2022.0,SUV,QLD,27990.0
2022.0,SUV,QLD,48690.0
2022.0,SUV,QLD,41990.0
2022.0,SUV,QLD,23700.0
2022.0,SUV,QLD,23700.0
2022.0,SUV,QLD,23700.0
2022.0,SUV,QLD,23990.0
2022.0,SUV,QLD,23990.0
2022.0,SUV,QLD,23990.0
2022.0,SUV,QLD,33990.0
2022.0,SUV,QLD,33990.0
2022.0,SUV,QLD,23990.0
2022.0,SUV,QLD,123993.0
2022.0,SUV,QLD,37490.0
2022.0,SUV,QLD,34490.0
2022.0,SUV,QLD,35990.0
2022.0,SUV,QLD,76426.0
2022.0,SUV,QLD,48380.0
2022.0,SUV,QLD,23990.0
2022.0,SUV,QLD,62990.0
2022.0,SUV,QLD,34690.0
2022.0,SUV,QLD,34690.0
2022.0,SUV,QLD,37990.0
2022.0,SUV,QLD,34990.0
2022.0,SUV,QLD,39690.0
2022.0,SUV,QLD,33990.0
2022.0,SUV,QLD,35700.0
2022.0,SUV,QLD,49990.0
2022.0,SUV,QLD,32690.0
2022.0,SUV,QLD,32690.0
2022.0,SUV,QLD,32690.0
2022.0,SUV,QLD,32690.0
2022.0,SUV,QLD,32690.0
2022.0,SUV,QLD,27990.0
2022.0,SUV,QLD,45490.0
2022.0,SUV,QLD,31990.0
2022.0,SUV,QLD,83550.0
2022.0,SUV,QLD,21490.0
2022.0,SUV,QLD,21490.0
2022.0,SUV,QLD,35990.0
2022.0,SUV,QLD,27850.0
2022.0,SUV,QLD,49690.0
2022.0,SUV,QLD,29490.0
2022.0,SUV,QLD,43888.0
2022.0,SUV,QLD,67990.0
2022.0,SUV,QLD,52990.0
2022.0,SUV,QLD,49690.0
2022.0,SUV,QLD,49690.0
2022.0,SUV,QLD,35888.0
2022.0,SUV,QLD,42990.0
2022.0,SUV,QLD,52690.0
2022.0,SUV,QLD,52690.0
2022.0,SUV,QLD,52690.0
2022.0,SUV,QLD,52690.0
2022.0,SUV,QLD,57790.0
2022.0,SUV,QLD,49690.0
2022.0,SUV,QLD,35888.0
2022.0,SUV,QLD,49690.0
2022.0,SUV,QLD,53690.0
2022.0,SUV,QLD,57490.0
2022.0,SUV,QLD,53700.0
2022.0,SUV,QLD,21490.0
2022.0,SUV,QLD,28990.0
2022.0,SUV,QLD,37400.0
2022.0,SUV,QLD,29490.0
2022.0,SUV,QLD,25990.0
2022.0,SUV,QLD,21990.0
2022.0,SUV,QLD,32690.0
2022.0,SUV,QLD,32690.0
2022.0,SUV,QLD,26990.0
2022.0,SUV,QLD,35490.0
2022.0,SUV,QLD,34690.0
2022.0,SUV,QLD,30954.0
2022.0,SUV,QLD,29990.0
2022.0,SUV,QLD,25888.0
2022.0,SUV,QLD,37990.0
2022.0,SUV,QLD,55490.0
2022.0,SUV,QLD,49690.0
2022.0,SUV,QLD,27785.0
2022.0,SUV,QLD,93990.0
2022.0,SUV,QLD,29888.0
2022.0,SUV,QLD,69990.0
2022.0,SUV,QLD,55000.0
2022.0,SUV,QLD,112990.0
2022.0,SUV,QLD,29490.0
2022.0,SUV,QLD,32990.0
2022.0,SUV,QLD,46990.0
2022.0,SUV,QLD,32990.0
2022.0,SUV,QLD,51080.0
2022.0,SUV,QLD,51080.0
2022.0,SUV,QLD,68888.0
2022.0,SUV,QLD,99990.0
2022.0,SUV,QLD,41962.0
2022.0,SUV,QLD,67990.0
2022.0,SUV,QLD,25990.0
2022.0,SUV,QLD,31990.0
2022.0,Sedan,QLD,24490.0
2022.0,Sedan,QLD,24490.0
2022.0,Sedan,QLD,43990.0
2022.0,Sedan,QLD,30990.0
2022.0,Sedan,QLD,28690.0
2022.0,Sedan,QLD,103293.0
2022.0,Sedan,QLD,51490.0
2022.0,Sedan,QLD,43880.0
2022.0,Sedan,QLD,28990.0
2022.0,Sedan,QLD,130203.0
2022.0,Sedan,QLD,41990.0
2022.0,Sedan,QLD,24990.0
2022.0,Sedan,QLD,46299.0
2022.0,Sedan,QLD,69990.0
2022.0,Sedan,QLD,38490.0
2022.0,Sedan,QLD,40990.0
2022.0,Sedan,QLD,54885.0
2022.0,Sedan,QLD,24990.0
2022.0,Ute/Pickup,QLD,34990.0
2022.0,Ute/Pickup,QLD,63991.0
2022.0,Ute/Pickup,QLD,78880.0
2022.0,Ute/Pickup,QLD,42990.0
2022.0,Ute/Pickup,QLD,39990.0
2022.0,Ute/Pickup,QLD,57888.0
2022.0,Ute/Pickup,QLD,51888.0
2022.0,Ute/Pickup,QLD,48990.0
2022.0,Ute/Pickup,QLD,35888.0
2022.0,Ute/Pickup,QLD,115990.0
2022.0,Ute/Pickup,QLD,56690.0
2022.0,Ute/Pickup,QLD,55991.0
2022.0,Ute/Pickup,QLD,31990.0
2022.0,Ute/Pickup,QLD,58888.0
2022.0,Ute/Pickup,QLD,31990.0
2022.0,Ute/Pickup,QLD,55990.0
2022.0,Ute/Pickup,QLD,31990.0
2022.0,Ute/Pickup,QLD,65490.0
2022.0,Ute/Pickup,QLD,36980.0
2022.0,Ute/Pickup,QLD,48990.0
2022.0,Ute/Pickup,QLD,39990.0
2022.0,Ute/Pickup,QLD,31990.0
2022.0,Ute/Pickup,QLD,42990.0
2022.0,Ute/Pickup,QLD,54990.0
2022.0,Ute/Pickup,QLD,54480.0
2022.0,Ute/Pickup,QLD,62990.0
2022.0,Ute/Pickup,QLD,35990.0
2022.0,Ute/Pickup,QLD,34998.0
2022.0,Ute/Pickup,QLD,34990.0
2022.0,Ute/Pickup,QLD,59990.0
2022.0,Ute/Pickup,QLD,64990.0
2022.0,Ute/Pickup,QLD,59990.0
2022.0,Ute/Pickup,QLD,53990.0
2022.0,Ute/Pickup,QLD,42990.0
2022.0,Ute/Pickup,QLD,43990.0
2022.0,Ute/Pickup,QLD,47990.0
2022.0,Ute/Pickup,QLD,57990.0
2022.0,Ute/Pickup,QLD,34990.0
2022.0,Ute/Pickup,QLD,51980.0
2022.0,Ute/Pickup,QLD,66990.0
2022.0,Ute/Pickup,QLD,59990.0
2022.0,Ute/Pickup,QLD,59990.0
2022.0,Ute/Pickup,QLD,51980.0
2022.0,Ute/Pickup,QLD,51990.0
2022.0,Ute/Pickup,QLD,65990.0
2022.0,Ute/Pickup,QLD,64990.0
2022.0,Ute/Pickup,QLD,61990.0
2022.0,Ute/Pickup,QLD,43990.0
2022.0,Ute/Pickup,QLD,31985.0
2022.0,Ute/Pickup,QLD,32888.0
2022.0,Ute/Pickup,QLD,32687.0
2022.0,Ute/Pickup,QLD,70990.0
2022.0,Ute/Pickup,QLD,70990.0
2022.0,Ute/Pickup,QLD,52990.0
2022.0,Ute/Pickup,QLD,41490.0
2022.0,Ute/Pickup,QLD,47490.0
2022.0,Ute/Pickup,QLD,59990.0
2022.0,Ute/Pickup,QLD,33990.0
2022.0,Ute/Pickup,QLD,55990.0
2022.0,Ute/Pickup,QLD,43490.0
2022.0,Ute/Pickup,QLD,135988.0
2022.0,Ute/Pickup,QLD,44990.0
2022.0,Ute/Pickup,QLD,36990.0
2022.0,Ute/Pickup,QLD,53990.0
2022.0,Ute/Pickup,QLD,57990.0
2022.0,Van,QLD,49980.0
2022.0,Van,QLD,49980.0
2022.0,Van,QLD,74490.0
2022.0,Van,QLD,49980.0
2022.0,Van,QLD,49980.0
2022.0,Van,QLD,31480.0
2022.0,Van,QLD,31480.0
2022.0,Van,QLD,34990.0
2022.0,Van,QLD,46990.0
2022.0,Van,QLD,46990.0
2022.0,Van,QLD,105980.0
2022.0,Van,QLD,105980.0
2022.0,Van,QLD,42989.0
2022.0,Wagon,QLD,55490.0
2022.0,Wagon,QLD,49490.0
2022.0,Hatchback,SA,17990.0
2022.0,Hatchback,SA,26951.0
2022.0,Hatchback,SA,33218.0
2022.0,Hatchback,SA,29050.0
2022.0,Hatchback,SA,29660.0
2022.0,Hatchback,SA,25418.0
2022.0,SUV,SA,51920.0
2022.0,SUV,SA,22992.0
2022.0,SUV,SA,33990.0
2022.0,SUV,SA,48810.0
2022.0,SUV,SA,62330.0
2022.0,SUV,SA,28760.0
2022.0,SUV,SA,91459.0
2022.0,SUV,SA,38789.0
2022.0,SUV,SA,58989.0
2022.0,SUV,SA,52992.0
2022.0,SUV,SA,28010.0
2022.0,SUV,SA,48810.0
2022.0,SUV,SA,24789.0
2022.0,SUV,SA,31991.0
2022.0,SUV,SA,23956.0
2022.0,SUV,SA,22667.0
2022.0,SUV,SA,41018.0
2022.0,SUV,SA,53951.0
2022.0,SUV,SA,36330.0
2022.0,SUV,SA,48550.0
2022.0,SUV,SA,24956.0
2022.0,SUV,SA,82097.0
2022.0,SUV,SA,50898.0
2022.0,SUV,SA,40956.0
2022.0,SUV,SA,37378.0
2022.0,SUV,SA,24956.0
2022.0,SUV,SA,37378.0
2022.0,SUV,SA,37222.0
2022.0,SUV,SA,25963.0
2022.0,SUV,SA,24989.0
2022.0,SUV,SA,37956.0
2022.0,SUV,SA,19990.0
2022.0,SUV,SA,62330.0
2022.0,SUV,SA,29795.0
2022.0,SUV,SA,25279.0
2022.0,SUV,SA,45690.0
2022.0,SUV,SA,30090.0
2022.0,SUV,SA,69990.0
2022.0,SUV,SA,31130.0
2022.0,SUV,SA,74989.0
2022.0,SUV,SA,81050.0
2022.0,Sedan,SA,26812.0
2022.0,Sedan,SA,62330.0
2022.0,Sedan,SA,62330.0
2022.0,Sedan,SA,27911.0
2022.0,Sedan,SA,41499.0
2022.0,Ute/Pickup,SA,67509.0
2022.0,Ute/Pickup,SA,59218.0
2022.0,Ute/Pickup,SA,58440.0
2022.0,Ute/Pickup,SA,44339.0
2022.0,Van,SA,40498.0
2022.0,Coupe,TAS,51990.0
2022.0,Coupe,TAS,41590.0
2022.0,Hatchback,TAS,50950.0
2022.0,Hatchback,TAS,30890.0
2022.0,Hatchback,TAS,25225.0
2022.0,Hatchback,TAS,25225.0
2022.0,Hatchback,TAS,18561.0
2022.0,Hatchback,TAS,19591.0
2022.0,Hatchback,TAS,19591.0
2022.0,Hatchback,TAS,25771.0
2022.0,Hatchback,TAS,35041.0
2022.0,Hatchback,TAS,19591.0
2022.0,Hatchback,TAS,19591.0
2022.0,Hatchback,TAS,18561.0
2022.0,Hatchback,TAS,21651.0
2022.0,Hatchback,TAS,19591.0
2022.0,Hatchback,TAS,25771.0
2022.0,Hatchback,TAS,19591.0
2022.0,Hatchback,TAS,19591.0
2022.0,Hatchback,TAS,19591.0
2022.0,Hatchback,TAS,19591.0
2022.0,Hatchback,TAS,19591.0
2022.0,Hatchback,TAS,19591.0
2022.0,Hatchback,TAS,18561.0
2022.0,Hatchback,TAS,19591.0
2022.0,Hatchback,TAS,19591.0
2022.0,Hatchback,TAS,25771.0
2022.0,Hatchback,TAS,18561.0
2022.0,Hatchback,TAS,18561.0
2022.0,Hatchback,TAS,24741.0
2022.0,Hatchback,TAS,18561.0
2022.0,Hatchback,TAS,18561.0
2022.0,SUV,TAS,28861.0
2022.0,SUV,TAS,39400.0
2022.0,SUV,TAS,75910.0
2022.0,SUV,TAS,20590.0
2022.0,SUV,TAS,40480.0
2022.0,SUV,TAS,26770.0
2022.0,SUV,TAS,36040.0
2022.0,SUV,TAS,32435.0
2022.0,SUV,TAS,43150.0
2022.0,SUV,TAS,35010.0
2022.0,SUV,TAS,51990.0
2022.0,SUV,TAS,22650.0
2022.0,SUV,TAS,57190.0
2022.0,SUV,TAS,32950.0
2022.0,SUV,TAS,73830.0
2022.0,SUV,TAS,67590.0
2022.0,SUV,TAS,126662.0
2022.0,SUV,TAS,37483.0
2022.0,SUV,TAS,37180.0
2022.0,SUV,TAS,74870.0
2022.0,SUV,TAS,53030.0
2022.0,SUV,TAS,29891.0
2022.0,SUV,TAS,29891.0
2022.0,SUV,TAS,54101.0
2022.0,SUV,TAS,28861.0
2022.0,SUV,TAS,37180.0
2022.0,SUV,TAS,41590.0
2022.0,SUV,TAS,34526.0
2022.0,SUV,TAS,35041.0
2022.0,SUV,TAS,32981.0
2022.0,SUV,TAS,41620.0
2022.0,SUV,TAS,32981.0
2022.0,SUV,TAS,52021.0
2022.0,SUV,TAS,32981.0
2022.0,SUV,TAS,26770.0
2022.0,SUV,TAS,19591.0
2022.0,SUV,TAS,32981.0
2022.0,SUV,TAS,38290.0
2022.0,SUV,TAS,39400.0
2022.0,SUV,TAS,32981.0
2022.0,SUV,TAS,32981.0
2022.0,SUV,TAS,49941.0
2022.0,SUV,TAS,37180.0
2022.0,SUV,TAS,35041.0
2022.0,SUV,TAS,46821.0
2022.0,SUV,TAS,37180.0
2022.0,SUV,TAS,52021.0
2022.0,SUV,TAS,32981.0
2022.0,SUV,TAS,34011.0
2022.0,Sedan,TAS,27800.0
2022.0,Sedan,TAS,39703.0
2022.0,Sedan,TAS,42788.0
2022.0,Sedan,TAS,35319.0
2022.0,Sedan,TAS,27760.0
2022.0,Ute/Pickup,TAS,65510.0
2022.0,Ute/Pickup,TAS,48870.0
2022.0,Ute/Pickup,TAS,60310.0
2022.0,Ute/Pickup,TAS,36040.0
2022.0,Ute/Pickup,TAS,43670.0
2022.0,Ute/Pickup,TAS,33980.0
2022.0,Ute/Pickup,TAS,64911.0
2022.0,Ute/Pickup,TAS,32981.0
2022.0,Ute/Pickup,TAS,36071.0
2022.0,Ute/Pickup,TAS,46371.0
2022.0,Ute/Pickup,TAS,45341.0
2022.0,Ute/Pickup,TAS,65941.0
2022.0,Ute/Pickup,TAS,66456.0
2022.0,Ute/Pickup,TAS,101991.0
2022.0,Ute/Pickup,TAS,36071.0
2022.0,Van,TAS,53306.0
2022.0,Wagon,TAS,43462.0
2022.0,Coupe,VIC,61868.0
2022.0,Coupe,VIC,63990.0
2022.0,Coupe,VIC,72555.0
2022.0,Coupe,VIC,51800.0
2022.0,Coupe,VIC,37990.0
2022.0,Coupe,VIC,65990.0
2022.0,Hatchback,VIC,20888.0
2022.0,Hatchback,VIC,17750.0
2022.0,Hatchback,VIC,25990.0
2022.0,Hatchback,VIC,36450.0
2022.0,Hatchback,VIC,36450.0
2022.0,Hatchback,VIC,36450.0
2022.0,Hatchback,VIC,39990.0
2022.0,Hatchback,VIC,26990.0
2022.0,Hatchback,VIC,49800.0
2022.0,Hatchback,VIC,31990.0
2022.0,Hatchback,VIC,33888.0
2022.0,Hatchback,VIC,16470.0
2022.0,Hatchback,VIC,30551.0
2022.0,Hatchback,VIC,24888.0
2022.0,Hatchback,VIC,22878.0
2022.0,Hatchback,VIC,23970.0
2022.0,Hatchback,VIC,28990.0
2022.0,Hatchback,VIC,19990.0
2022.0,Hatchback,VIC,24470.0
2022.0,Hatchback,VIC,35953.0
2022.0,Hatchback,VIC,68990.0
2022.0,Hatchback,VIC,35888.0
2022.0,Hatchback,VIC,23990.0
2022.0,Hatchback,VIC,31250.0
2022.0,Hatchback,VIC,21990.0
2022.0,SUV,VIC,29880.0
2022.0,SUV,VIC,38988.0
2022.0,SUV,VIC,39999.0
2022.0,SUV,VIC,59990.0
2022.0,SUV,VIC,48450.0
2022.0,SUV,VIC,52450.0
2022.0,SUV,VIC,27990.0
2022.0,SUV,VIC,52990.0
2022.0,SUV,VIC,45990.0
2022.0,SUV,VIC,24970.0
2022.0,SUV,VIC,34950.0
2022.0,SUV,VIC,24990.0
2022.0,SUV,VIC,33999.0
2022.0,SUV,VIC,29999.0
2022.0,SUV,VIC,63990.0
2022.0,SUV,VIC,78999.0
2022.0,SUV,VIC,31999.0
2022.0,SUV,VIC,38990.0
2022.0,SUV,VIC,30558.0
2022.0,SUV,VIC,33450.0
2022.0,SUV,VIC,41950.0
2022.0,SUV,VIC,39990.0
2022.0,SUV,VIC,33450.0
2022.0,SUV,VIC,33450.0
2022.0,SUV,VIC,44990.0
2022.0,SUV,VIC,32450.0
2022.0,SUV,VIC,69888.0
2022.0,SUV,VIC,32450.0
2022.0,SUV,VIC,34990.0
2022.0,SUV,VIC,38846.0
2022.0,SUV,VIC,38950.0
2022.0,SUV,VIC,74990.0
2022.0,SUV,VIC,33999.0
2022.0,SUV,VIC,33990.0
2022.0,SUV,VIC,43990.0
2022.0,SUV,VIC,37450.0
2022.0,SUV,VIC,43450.0
2022.0,SUV,VIC,45750.0
2022.0,SUV,VIC,55990.0
2022.0,SUV,VIC,41990.0
2022.0,SUV,VIC,44900.0
2022.0,SUV,VIC,33888.0
2022.0,SUV,VIC,53800.0
2022.0,SUV,VIC,79990.0
2022.0,SUV,VIC,48970.0
2022.0,SUV,VIC,37900.0
2022.0,SUV,VIC,33490.0
2022.0,SUV,VIC,52990.0
2022.0,SUV,VIC,44490.0
2022.0,SUV,VIC,44490.0
2022.0,SUV,VIC,35690.0
2022.0,SUV,VIC,28990.0
2022.0,SUV,VIC,78990.0
2022.0,SUV,VIC,35886.0
2022.0,SUV,VIC,25490.0
2022.0,SUV,VIC,33990.0
2022.0,SUV,VIC,47950.0
2022.0,SUV,VIC,21890.0
2022.0,SUV,VIC,44200.0
2022.0,SUV,VIC,37990.0
2022.0,SUV,VIC,43990.0
2022.0,SUV,VIC,38488.0
2022.0,SUV,VIC,98800.0
2022.0,SUV,VIC,35990.0
2022.0,SUV,VIC,41990.0
2022.0,SUV,VIC,44850.0
2022.0,SUV,VIC,44850.0
2022.0,SUV,VIC,31990.0
2022.0,SUV,VIC,35805.0
2022.0,SUV,VIC,72800.0
2022.0,SUV,VIC,31690.0
2022.0,SUV,VIC,45970.0
2022.0,SUV,VIC,29990.0
2022.0,SUV,VIC,54868.0
2022.0,SUV,VIC,42598.0
2022.0,SUV,VIC,36970.0
2022.0,SUV,VIC,23990.0
2022.0,SUV,VIC,20990.0
2022.0,SUV,VIC,36970.0
2022.0,SUV,VIC,90990.0
2022.0,SUV,VIC,46880.0
2022.0,SUV,VIC,34990.0
2022.0,SUV,VIC,43990.0
2022.0,SUV,VIC,44480.0
2022.0,SUV,VIC,35970.0
2022.0,SUV,VIC,28990.0
2022.0,SUV,VIC,84990.0
2022.0,SUV,VIC,31985.0
2022.0,SUV,VIC,19194.0
2022.0,SUV,VIC,88888.0
2022.0,SUV,VIC,107888.0
2022.0,SUV,VIC,31880.0
2022.0,SUV,VIC,43999.0
2022.0,SUV,VIC,36990.0
2022.0,SUV,VIC,44888.0
2022.0,SUV,VIC,54800.0
2022.0,SUV,VIC,42970.0
2022.0,SUV,VIC,22990.0
2022.0,SUV,VIC,32470.0
2022.0,SUV,VIC,92888.0
2022.0,SUV,VIC,23880.0
2022.0,SUV,VIC,21888.0
2022.0,SUV,VIC,24470.0
2022.0,SUV,VIC,31250.0
2022.0,SUV,VIC,64800.0
2022.0,SUV,VIC,51660.0
2022.0,SUV,VIC,35698.0
2022.0,SUV,VIC,74800.0
2022.0,SUV,VIC,102868.0
2022.0,SUV,VIC,102868.0
2022.0,SUV,VIC,51990.0
2022.0,SUV,VIC,38990.0
2022.0,SUV,VIC,21990.0
2022.0,SUV,VIC,51990.0
2022.0,SUV,VIC,26970.0
2022.0,SUV,VIC,44990.0
2022.0,SUV,VIC,52490.0
2022.0,SUV,VIC,84350.0
2022.0,SUV,VIC,24570.0
2022.0,SUV,VIC,32990.0
2022.0,SUV,VIC,34970.0
2022.0,SUV,VIC,31990.0
2022.0,SUV,VIC,18990.0
2022.0,SUV,VIC,33990.0
2022.0,SUV,VIC,57888.0
2022.0,SUV,VIC,41888.0
2022.0,SUV,VIC,29990.0
2022.0,SUV,VIC,79888.0
2022.0,SUV,VIC,33490.0
2022.0,SUV,VIC,23470.0
2022.0,SUV,VIC,29392.0
2022.0,SUV,VIC,35480.0
2022.0,SUV,VIC,43450.0
2022.0,SUV,VIC,40888.0
2022.0,SUV,VIC,27690.0
2022.0,SUV,VIC,51840.0
2022.0,SUV,VIC,36990.0
2022.0,SUV,VIC,25890.0
2022.0,SUV,VIC,27470.0
2022.0,SUV,VIC,21990.0
2022.0,SUV,VIC,22914.0
2022.0,SUV,VIC,24990.0
2022.0,SUV,VIC,24990.0
2022.0,SUV,VIC,67990.0
2022.0,SUV,VIC,85888.0
2022.0,SUV,VIC,28990.0
2022.0,SUV,VIC,66988.0
2022.0,SUV,VIC,30440.0
2022.0,SUV,VIC,29990.0
2022.0,SUV,VIC,65385.0
2022.0,SUV,VIC,26990.0
2022.0,SUV,VIC,18990.0
2022.0,SUV,VIC,49888.0
2022.0,SUV,VIC,18990.0
2022.0,SUV,VIC,18990.0
2022.0,SUV,VIC,62888.0
2022.0,SUV,VIC,75888.0
2022.0,SUV,VIC,26990.0
2022.0,SUV,VIC,29490.0
2022.0,SUV,VIC,64800.0
2022.0,SUV,VIC,40713.0
2022.0,SUV,VIC,62990.0
2022.0,SUV,VIC,64900.0
2022.0,SUV,VIC,26970.0
2022.0,SUV,VIC,54480.0
2022.0,SUV,VIC,35990.0
2022.0,SUV,VIC,73990.0
2022.0,SUV,VIC,27990.0
2022.0,SUV,VIC,63999.0
2022.0,SUV,VIC,59990.0
2022.0,SUV,VIC,49990.0
2022.0,SUV,VIC,25950.0
2022.0,SUV,VIC,23970.0
2022.0,SUV,VIC,32690.0
2022.0,SUV,VIC,36990.0
2022.0,SUV,VIC,35999.0
2022.0,SUV,VIC,28470.0
2022.0,SUV,VIC,47990.0
2022.0,SUV,VIC,48890.0
2022.0,SUV,VIC,39555.0
2022.0,SUV,VIC,71785.0
2022.0,SUV,VIC,85888.0
2022.0,SUV,VIC,40990.0
2022.0,SUV,VIC,64888.0
2022.0,SUV,VIC,31990.0
2022.0,SUV,VIC,28880.0
2022.0,SUV,VIC,135800.0
2022.0,SUV,VIC,135800.0
2022.0,SUV,VIC,26990.0
2022.0,SUV,VIC,29990.0
2022.0,SUV,VIC,22914.0
2022.0,SUV,VIC,38805.0
2022.0,SUV,VIC,46888.0
2022.0,SUV,VIC,31990.0
2022.0,SUV,VIC,31690.0
2022.0,SUV,VIC,29690.0
2022.0,SUV,VIC,35788.0
2022.0,SUV,VIC,35470.0
2022.0,SUV,VIC,41990.0
2022.0,SUV,VIC,37950.0
2022.0,SUV,VIC,34990.0
2022.0,SUV,VIC,37990.0
2022.0,SUV,VIC,37990.0
2022.0,SUV,VIC,34888.0
2022.0,SUV,VIC,42880.0
2022.0,SUV,VIC,32224.0
2022.0,Sedan,VIC,47900.0
2022.0,Sedan,VIC,47900.0
2022.0,Sedan,VIC,42999.0
2022.0,Sedan,VIC,23999.0
2022.0,Sedan,VIC,49990.0
2022.0,Sedan,VIC,47646.0
2022.0,Sedan,VIC,42794.0
2022.0,Sedan,VIC,66990.0
2022.0,Sedan,VIC,73868.0
2022.0,Sedan,VIC,74800.0
2022.0,Sedan,VIC,74800.0
2022.0,Sedan,VIC,36440.0
2022.0,Sedan,VIC,27970.0
2022.0,Sedan,VIC,29480.0
2022.0,Sedan,VIC,54990.0
2022.0,Ute/Pickup,VIC,46888.0
2022.0,Ute/Pickup,VIC,33990.0
2022.0,Ute/Pickup,VIC,31990.0
2022.0,Ute/Pickup,VIC,42999.0
2022.0,Ute/Pickup,VIC,41990.0
2022.0,Ute/Pickup,VIC,121900.0
2022.0,Ute/Pickup,VIC,57503.0
2022.0,Ute/Pickup,VIC,42990.0
2022.0,Ute/Pickup,VIC,51805.0
2022.0,Ute/Pickup,VIC,37990.0
2022.0,Ute/Pickup,VIC,62980.0
2022.0,Ute/Pickup,VIC,67990.0
2022.0,Ute/Pickup,VIC,32990.0
2022.0,Ute/Pickup,VIC,58888.0
2022.0,Ute/Pickup,VIC,41267.0
2022.0,Ute/Pickup,VIC,42990.0
2022.0,Ute/Pickup,VIC,36480.0
2022.0,Ute/Pickup,VIC,42900.0
2022.0,Ute/Pickup,VIC,43480.0
2022.0,Ute/Pickup,VIC,33800.0
2022.0,Ute/Pickup,VIC,114990.0
2022.0,Ute/Pickup,VIC,52990.0
2022.0,Ute/Pickup,VIC,57888.0
2022.0,Ute/Pickup,VIC,79990.0
2022.0,Ute/Pickup,VIC,37888.0
2022.0,Ute/Pickup,VIC,56480.0
2022.0,Ute/Pickup,VIC,46988.0
2022.0,Ute/Pickup,VIC,67705.0
2022.0,Ute/Pickup,VIC,45990.0
2022.0,Ute/Pickup,VIC,47990.0
2022.0,Ute/Pickup,VIC,56990.0
2022.0,Ute/Pickup,VIC,42990.0
2022.0,Ute/Pickup,VIC,49788.0
2022.0,Ute/Pickup,VIC,41850.0
2022.0,Ute/Pickup,VIC,64990.0
2022.0,Ute/Pickup,VIC,51983.0
2022.0,Ute/Pickup,VIC,51983.0
2022.0,Ute/Pickup,VIC,80888.0
2022.0,Ute/Pickup,VIC,39548.0
2022.0,Ute/Pickup,VIC,71990.0
2022.0,Ute/Pickup,VIC,27988.0
2022.0,Ute/Pickup,VIC,54490.0
2022.0,Ute/Pickup,VIC,58805.0
2022.0,Ute/Pickup,VIC,46163.0
2022.0,Van,VIC,43950.0
2022.0,Van,VIC,42450.0
2022.0,Van,VIC,53990.0
2022.0,Van,VIC,48888.0
2022.0,Van,VIC,54800.0
2022.0,Wagon,VIC,48990.0
2022.0,Wagon,VIC,48990.0
2022.0,Wagon,VIC,31555.0
2022.0,Wagon,VIC,50888.0
2022.0,Coupe,WA,42220.0
2022.0,Coupe,WA,101888.0
2022.0,Hatchback,WA,27998.0
2022.0,Hatchback,WA,26744.0
2022.0,Hatchback,WA,15926.0
2022.0,Hatchback,WA,22490.0
2022.0,Hatchback,WA,25676.0
2022.0,Hatchback,WA,33215.0
2022.0,Hatchback,WA,25676.0
2022.0,Hatchback,WA,25676.0
2022.0,Hatchback,WA,20539.0
2022.0,Hatchback,WA,21464.0
2022.0,Hatchback,WA,24998.0
2022.0,Hatchback,WA,25676.0
2022.0,Hatchback,WA,35173.0
2022.0,Hatchback,WA,19490.0
2022.0,Hatchback,WA,19490.0
2022.0,Hatchback,WA,29421.0
2022.0,Hatchback,WA,19426.0
2022.0,Hatchback,WA,21586.0
2022.0,Hatchback,WA,35440.0
2022.0,Hatchback,WA,28888.0
2022.0,Hatchback,WA,20539.0
2022.0,Hatchback,WA,27813.0
2022.0,Hatchback,WA,16725.0
2022.0,Hatchback,WA,23527.0
2022.0,Hatchback,WA,23631.0
2022.0,Hatchback,WA,20735.0
2022.0,Hatchback,WA,25061.0
2022.0,Hatchback,WA,27699.0
2022.0,Hatchback,WA,22595.0
2022.0,Hatchback,WA,40868.0
2022.0,Hatchback,WA,27499.0
2022.0,Hatchback,WA,25990.0
2022.0,Hatchback,WA,31058.0
2022.0,Hatchback,WA,21557.0
2022.0,Hatchback,WA,56859.0
2022.0,Hatchback,WA,16888.0
2022.0,Hatchback,WA,22990.0
2022.0,SUV,WA,79999.0
2022.0,SUV,WA,112888.0
2022.0,SUV,WA,41988.0
2022.0,SUV,WA,34302.0
2022.0,SUV,WA,25677.0
2022.0,SUV,WA,53888.0
2022.0,SUV,WA,27813.0
2022.0,SUV,WA,73475.0
2022.0,SUV,WA,99033.0
2022.0,SUV,WA,71343.0
2022.0,SUV,WA,79999.0
2022.0,SUV,WA,26207.0
2022.0,SUV,WA,74538.0
2022.0,SUV,WA,74777.0
2022.0,SUV,WA,49833.0
2022.0,SUV,WA,79415.0
2022.0,SUV,WA,74566.0
2022.0,SUV,WA,21370.0
2022.0,SUV,WA,28888.0
2022.0,SUV,WA,49811.0
2022.0,SUV,WA,36990.0
2022.0,SUV,WA,105947.0
2022.0,SUV,WA,119999.0
2022.0,SUV,WA,41990.0
2022.0,SUV,WA,44488.0
2022.0,SUV,WA,36750.0
2022.0,SUV,WA,25488.0
2022.0,SUV,WA,26376.0
2022.0,SUV,WA,78488.0
2022.0,SUV,WA,78488.0
2022.0,SUV,WA,53999.0
2022.0,SUV,WA,84888.0
2022.0,SUV,WA,25644.0
2022.0,SUV,WA,116377.0
2022.0,SUV,WA,116377.0
2022.0,SUV,WA,123943.0
2022.0,SUV,WA,47990.0
2022.0,SUV,WA,103759.0
2022.0,SUV,WA,97422.0
2022.0,SUV,WA,97422.0
2022.0,SUV,WA,97422.0
2022.0,SUV,WA,105425.0
2022.0,SUV,WA,56999.0
2022.0,SUV,WA,48478.0
2022.0,SUV,WA,109999.0
2022.0,SUV,WA,26990.0
2022.0,SUV,WA,38990.0
2022.0,SUV,WA,85195.0
2022.0,SUV,WA,45332.0
2022.0,SUV,WA,30888.0
2022.0,SUV,WA,39990.0
2022.0,SUV,WA,72409.0
2022.0,SUV,WA,31999.0
2022.0,SUV,WA,41990.0
2022.0,SUV,WA,79622.0
2022.0,SUV,WA,71343.0
2022.0,SUV,WA,71343.0
2022.0,SUV,WA,84802.0
2022.0,SUV,WA,27770.0
2022.0,SUV,WA,34301.0
2022.0,SUV,WA,29990.0
2022.0,SUV,WA,82888.0
2022.0,SUV,WA,119999.0
2022.0,SUV,WA,25488.0
2022.0,SUV,WA,37564.0
2022.0,SUV,WA,34292.0
2022.0,SUV,WA,52657.0
2022.0,SUV,WA,25644.0
2022.0,SUV,WA,29961.0
2022.0,SUV,WA,79696.0
2022.0,SUV,WA,85150.0
2022.0,SUV,WA,25522.0
2022.0,SUV,WA,25522.0
2022.0,SUV,WA,26246.0
2022.0,SUV,WA,20539.0
2022.0,SUV,WA,31048.0
2022.0,SUV,WA,36990.0
2022.0,SUV,WA,32100.0
2022.0,SUV,WA,39990.0
2022.0,SUV,WA,74566.0
2022.0,SUV,WA,71343.0
2022.0,SUV,WA,74538.0
2022.0,SUV,WA,60700.0
2022.0,SUV,WA,67509.0
2022.0,SUV,WA,41989.0
2022.0,SUV,WA,33204.0
2022.0,SUV,WA,74538.0
2022.0,SUV,WA,76668.0
2022.0,SUV,WA,24650.0
2022.0,SUV,WA,25572.0
2022.0,SUV,WA,78710.0
2022.0,SUV,WA,66025.0
2022.0,SUV,WA,28886.0
2022.0,SUV,WA,35382.0
2022.0,SUV,WA,63880.0
2022.0,SUV,WA,73473.0
2022.0,SUV,WA,72408.0
2022.0,SUV,WA,36476.0
2022.0,SUV,WA,74538.0
2022.0,SUV,WA,41895.0
2022.0,SUV,WA,54999.0
2022.0,SUV,WA,79622.0
2022.0,SUV,WA,69221.0
2022.0,SUV,WA,31888.0
2022.0,SUV,WA,55037.0
2022.0,SUV,WA,51677.0
2022.0,SUV,WA,51677.0
2022.0,SUV,WA,51677.0
2022.0,SUV,WA,86998.0
2022.0,SUV,WA,81688.0
2022.0,SUV,WA,73899.0
2022.0,SUV,WA,32220.0
2022.0,SUV,WA,81688.0
2022.0,SUV,WA,33093.0
2022.0,SUV,WA,27813.0
2022.0,SUV,WA,74538.0
2022.0,SUV,WA,43990.0
2022.0,SUV,WA,81994.0
2022.0,SUV,WA,63880.0
2022.0,SUV,WA,65911.0
2022.0,SUV,WA,35383.0
2022.0,SUV,WA,62815.0
2022.0,SUV,WA,114888.0
2022.0,SUV,WA,38789.0
2022.0,SUV,WA,41323.0
2022.0,SUV,WA,130889.0
2022.0,SUV,WA,59620.0
2022.0,SUV,WA,24237.0
2022.0,SUV,WA,47044.0
2022.0,SUV,WA,73473.0
2022.0,SUV,WA,70278.0
2022.0,SUV,WA,44100.0
2022.0,SUV,WA,55999.0
2022.0,SUV,WA,73473.0
2022.0,SUV,WA,44206.0
2022.0,SUV,WA,63675.0
2022.0,SUV,WA,71343.0
2022.0,SUV,WA,58999.0
2022.0,SUV,WA,62815.0
2022.0,SUV,WA,87324.0
2022.0,SUV,WA,36888.0
2022.0,SUV,WA,68148.0
2022.0,SUV,WA,51918.0
2022.0,SUV,WA,121932.0
2022.0,SUV,WA,85177.0
2022.0,SUV,WA,41977.0
2022.0,SUV,WA,85177.0
2022.0,SUV,WA,27832.0
2022.0,SUV,WA,39119.0
2022.0,SUV,WA,73473.0
2022.0,SUV,WA,77950.0
2022.0,SUV,WA,35362.0
2022.0,SUV,WA,35362.0
2022.0,SUV,WA,45333.0
2022.0,SUV,WA,54440.0
2022.0,SUV,WA,43950.0
2022.0,SUV,WA,76711.0
2022.0,SUV,WA,69205.0
2022.0,SUV,WA,37462.0
2022.0,SUV,WA,92644.0
2022.0,SUV,WA,81703.0
2022.0,SUV,WA,76711.0
2022.0,SUV,WA,36440.0
2022.0,SUV,WA,35382.0
2022.0,SUV,WA,23004.0
2022.0,SUV,WA,31019.0
2022.0,SUV,WA,57999.0
2022.0,SUV,WA,33800.0
2022.0,SUV,WA,64945.0
2022.0,SUV,WA,37599.0
2022.0,SUV,WA,71351.0
2022.0,SUV,WA,44100.0
2022.0,SUV,WA,88390.0
2022.0,SUV,WA,45341.0
2022.0,SUV,WA,44990.0
2022.0,SUV,WA,66888.0
2022.0,SUV,WA,96903.0
2022.0,SUV,WA,31777.0
2022.0,SUV,WA,36894.0
2022.0,SUV,WA,57490.0
2022.0,SUV,WA,38579.0
2022.0,SUV,WA,53240.0
2022.0,SUV,WA,68888.0
2022.0,SUV,WA,63880.0
2022.0,SUV,WA,85188.0
2022.0,SUV,WA,52110.0
2022.0,SUV,WA,94773.0
2022.0,SUV,WA,69205.0
2022.0,SUV,WA,97960.0
2022.0,SUV,WA,19472.0
2022.0,SUV,WA,51918.0
2022.0,SUV,WA,33196.0
2022.0,SUV,WA,41895.0
2022.0,SUV,WA,34272.0
2022.0,SUV,WA,20559.0
2022.0,SUV,WA,74538.0
2022.0,SUV,WA,43006.0
2022.0,SUV,WA,34271.0
2022.0,SUV,WA,95000.0
2022.0,SUV,WA,21565.0
2022.0,SUV,WA,20949.0
2022.0,SUV,WA,24031.0
2022.0,SUV,WA,71335.0
2022.0,SUV,WA,60605.0
2022.0,SUV,WA,95830.0
2022.0,SUV,WA,45153.0
2022.0,SUV,WA,94773.0
2022.0,SUV,WA,95838.0
2022.0,SUV,WA,67091.0
2022.0,SUV,WA,49226.0
2022.0,SUV,WA,31888.0
2022.0,SUV,WA,68129.0
2022.0,SUV,WA,53950.0
2022.0,SUV,WA,28865.0
2022.0,SUV,WA,60674.0
2022.0,SUV,WA,96903.0
2022.0,SUV,WA,60682.0
2022.0,SUV,WA,23588.0
2022.0,SUV,WA,91584.0
2022.0,SUV,WA,65930.0
2022.0,SUV,WA,73473.0
2022.0,SUV,WA,83956.0
2022.0,SUV,WA,47481.0
2022.0,SUV,WA,70990.0
2022.0,SUV,WA,38673.0
2022.0,SUV,WA,35800.0
2022.0,SUV,WA,21565.0
2022.0,SUV,WA,68148.0
2022.0,SUV,WA,58592.0
2022.0,SUV,WA,41433.0
2022.0,SUV,WA,31038.0
2022.0,SUV,WA,20949.0
2022.0,SUV,WA,23740.0
2022.0,SUV,WA,59477.0
2022.0,SUV,WA,34271.0
2022.0,SUV,WA,97968.0
2022.0,SUV,WA,84130.0
2022.0,SUV,WA,97968.0
2022.0,SUV,WA,115488.0
2022.0,SUV,WA,71343.0
2022.0,SUV,WA,59609.0
2022.0,SUV,WA,59629.0
2022.0,SUV,WA,70278.0
2022.0,SUV,WA,91579.0
2022.0,SUV,WA,71343.0
2022.0,SUV,WA,31067.0
2022.0,SUV,WA,37888.0
2022.0,SUV,WA,28775.0
2022.0,SUV,WA,29959.0
2022.0,SUV,WA,56220.0
2022.0,SUV,WA,19512.0
2022.0,SUV,WA,28886.0
2022.0,SUV,WA,42990.0
2022.0,SUV,WA,45333.0
2022.0,SUV,WA,86999.0
2022.0,SUV,WA,42210.0
2022.0,SUV,WA,19250.0
2022.0,SUV,WA,52763.0
2022.0,SUV,WA,43091.0
2022.0,SUV,WA,50966.0
2022.0,SUV,WA,39776.0
2022.0,SUV,WA,40881.0
2022.0,SUV,WA,84124.0
2022.0,SUV,WA,72408.0
2022.0,SUV,WA,20332.0
2022.0,SUV,WA,45333.0
2022.0,SUV,WA,41875.0
2022.0,SUV,WA,36464.0
2022.0,SUV,WA,36990.0
2022.0,SUV,WA,80935.0
2022.0,SUV,WA,44195.0
2022.0,SUV,WA,34201.0
2022.0,SUV,WA,38651.0
2022.0,SUV,WA,34293.0
2022.0,SUV,WA,95800.0
2022.0,SUV,WA,60695.0
2022.0,SUV,WA,134999.0
2022.0,SUV,WA,33837.0
2022.0,SUV,WA,39112.0
2022.0,SUV,WA,34737.0
2022.0,SUV,WA,37561.0
2022.0,SUV,WA,23940.0
2022.0,SUV,WA,60586.0
2022.0,SUV,WA,58593.0
2022.0,SUV,WA,65913.0
2022.0,SUV,WA,27276.0
2022.0,SUV,WA,31240.0
2022.0,SUV,WA,104990.0
2022.0,SUV,WA,47577.0
2022.0,SUV,WA,38664.0
2022.0,SUV,WA,24990.0
2022.0,SUV,WA,41989.0
2022.0,SUV,WA,27813.0
2022.0,SUV,WA,26990.0
2022.0,SUV,WA,26990.0
2022.0,SUV,WA,33205.0
2022.0,SUV,WA,45237.0
2022.0,SUV,WA,34201.0
2022.0,SUV,WA,28888.0
2022.0,SUV,WA,57499.0
2022.0,SUV,WA,27888.0
2022.0,SUV,WA,48990.0
2022.0,SUV,WA,27888.0
2022.0,SUV,WA,48990.0
2022.0,Sedan,WA,45990.0
2022.0,Sedan,WA,101990.0
2022.0,Sedan,WA,43750.0
2022.0,Sedan,WA,40490.0
2022.0,Sedan,WA,45540.0
2022.0,Sedan,WA,33206.0
2022.0,Sedan,WA,44888.0
2022.0,Sedan,WA,56990.0
2022.0,Sedan,WA,43950.0
2022.0,Sedan,WA,129990.0
2022.0,Sedan,WA,41995.0
2022.0,Sedan,WA,39990.0
2022.0,Sedan,WA,46250.0
2022.0,Sedan,WA,45888.0
2022.0,Sedan,WA,44488.0
2022.0,Sedan,WA,70278.0
2022.0,Sedan,WA,45889.0
2022.0,Sedan,WA,44224.0
2022.0,Sedan,WA,45950.0
2022.0,Sedan,WA,45950.0
2022.0,Sedan,WA,46750.0
2022.0,Sedan,WA,62824.0
2022.0,Sedan,WA,44950.0
2022.0,Sedan,WA,44889.0
2022.0,Sedan,WA,25677.0
2022.0,Sedan,WA,43440.0
2022.0,Sedan,WA,43091.0
2022.0,Sedan,WA,49651.0
2022.0,Sedan,WA,63890.0
2022.0,Ute/Pickup,WA,62488.0
2022.0,Ute/Pickup,WA,55360.0
2022.0,Ute/Pickup,WA,48999.0
2022.0,Ute/Pickup,WA,63743.0
2022.0,Ute/Pickup,WA,50966.0
2022.0,Ute/Pickup,WA,64888.0
2022.0,Ute/Pickup,WA,64273.0
2022.0,Ute/Pickup,WA,68452.0
2022.0,Ute/Pickup,WA,64273.0
2022.0,Ute/Pickup,WA,70279.0
2022.0,Ute/Pickup,WA,56413.0
2022.0,Ute/Pickup,WA,60744.0
2022.0,Ute/Pickup,WA,60744.0
2022.0,Ute/Pickup,WA,64696.0
2022.0,Ute/Pickup,WA,62999.0
2022.0,Ute/Pickup,WA,73465.0
2022.0,Ute/Pickup,WA,64533.0
2022.0,Ute/Pickup,WA,68732.0
2022.0,Ute/Pickup,WA,64533.0
2022.0,Ute/Pickup,WA,48888.0
2022.0,Ute/Pickup,WA,69990.0
2022.0,Ute/Pickup,WA,68625.0
2022.0,Ute/Pickup,WA,64433.0
2022.0,Ute/Pickup,WA,69990.0
2022.0,Ute/Pickup,WA,69193.0
2022.0,Ute/Pickup,WA,56490.0
2022.0,Ute/Pickup,WA,56973.0
2022.0,Ute/Pickup,WA,56888.0
2022.0,Ute/Pickup,WA,61100.0
2022.0,Ute/Pickup,WA,62888.0
2022.0,Ute/Pickup,WA,58565.0
2022.0,Ute/Pickup,WA,59630.0
2022.0,Ute/Pickup,WA,55990.0
2022.0,Ute/Pickup,WA,55990.0
2022.0,Ute/Pickup,WA,61277.0
2022.0,Ute/Pickup,WA,61277.0
2022.0,Ute/Pickup,WA,65261.0
2022.0,Ute/Pickup,WA,35382.0
2022.0,Ute/Pickup,WA,90514.0
2022.0,Ute/Pickup,WA,47564.0
2022.0,Ute/Pickup,WA,52106.0
2022.0,Ute/Pickup,WA,67399.0
2022.0,Ute/Pickup,WA,32126.0
2022.0,Ute/Pickup,WA,64433.0
2022.0,Ute/Pickup,WA,69214.0
2022.0,Ute/Pickup,WA,73473.0
2022.0,Ute/Pickup,WA,69214.0
2022.0,Ute/Pickup,WA,62825.0
2022.0,Ute/Pickup,WA,56880.0
2022.0,Ute/Pickup,WA,85043.0
2022.0,Ute/Pickup,WA,122470.0
2022.0,Ute/Pickup,WA,54196.0
2022.0,Ute/Pickup,WA,63721.0
2022.0,Ute/Pickup,WA,68888.0
2022.0,Ute/Pickup,WA,37580.0
2022.0,Ute/Pickup,WA,61759.0
2022.0,Ute/Pickup,WA,63895.0
2022.0,Ute/Pickup,WA,58989.0
2022.0,Ute/Pickup,WA,49839.0
2022.0,Ute/Pickup,WA,72415.0
2022.0,Ute/Pickup,WA,53121.0
2022.0,Ute/Pickup,WA,49888.0
2022.0,Ute/Pickup,WA,49888.0
2022.0,Ute/Pickup,WA,59999.0
2022.0,Ute/Pickup,WA,69125.0
2022.0,Ute/Pickup,WA,67244.0
2022.0,Ute/Pickup,WA,67244.0
2022.0,Ute/Pickup,WA,71618.0
2022.0,Ute/Pickup,WA,67244.0
2022.0,Ute/Pickup,WA,66916.0
2022.0,Ute/Pickup,WA,31067.0
2022.0,Ute/Pickup,WA,44216.0
2022.0,Ute/Pickup,WA,78691.0
2022.0,Ute/Pickup,WA,42008.0
2022.0,Ute/Pickup,WA,42008.0
2022.0,Ute/Pickup,WA,68041.0
2022.0,Ute/Pickup,WA,40643.0
2022.0,Ute/Pickup,WA,105424.0
2022.0,Ute/Pickup,WA,66990.0
2022.0,Van,WA,41990.0
2022.0,Van,WA,72377.0
2022.0,Van,WA,77083.0
2022.0,Van,WA,72377.0
2022.0,Van,WA,47481.0
2022.0,Van,WA,47604.0
2022.0,Van,WA,62735.0
2022.0,Van,WA,76580.0
2022.0,Van,WA,46468.0
2022.0,Van,WA,44888.0
2022.0,Wagon,WA,42888.0
2023.0,Hatchback,ACT,19560.0
2023.0,Hatchback,ACT,32950.0
2023.0,Hatchback,ACT,56640.0
2023.0,SUV,ACT,60314.0
2023.0,SUV,ACT,43672.0
2023.0,SUV,ACT,44280.0
2023.0,SUV,ACT,26770.0
2023.0,SUV,ACT,44084.0
2023.0,SUV,ACT,46247.0
2023.0,SUV,ACT,91290.0
2023.0,SUV,ACT,39243.0
2023.0,SUV,ACT,40160.0
2023.0,SUV,ACT,45938.0
2023.0,SUV,ACT,35947.0
2023.0,SUV,ACT,47190.0
2023.0,SUV,ACT,45423.0
2023.0,SUV,ACT,44908.0
2023.0,SUV,ACT,54635.0
2023.0,SUV,ACT,28737.0
2023.0,SUV,ACT,33867.0
2023.0,SUV,ACT,36040.0
2023.0,SUV,ACT,54540.0
2023.0,SUV,ACT,37183.0
2023.0,SUV,ACT,33980.0
2023.0,SUV,ACT,34970.0
2023.0,SUV,ACT,36040.0
2023.0,SUV,ACT,45423.0
2023.0,SUV,ACT,67488.0
2023.0,SUV,ACT,35844.0
2023.0,SUV,ACT,34608.0
2023.0,SUV,ACT,43054.0
2023.0,SUV,ACT,29973.0
2023.0,SUV,ACT,49605.0
2023.0,SUV,ACT,43107.0
2023.0,SUV,ACT,43107.0
2023.0,SUV,ACT,40160.0
2023.0,SUV,ACT,40990.0
2023.0,SUV,ACT,38100.0
2023.0,SUV,ACT,40273.0
2023.0,SUV,ACT,130140.0
2023.0,SUV,ACT,92990.0
2023.0,SUV,ACT,99490.0
2023.0,SUV,ACT,102990.0
2023.0,SUV,ACT,61890.0
2023.0,SUV,ACT,35947.0
2023.0,SUV,ACT,42140.0
2023.0,Sedan,ACT,51025.0
2023.0,Ute/Pickup,ACT,96645.0
2023.0,Ute/Pickup,ACT,54635.0
2023.0,Wagon,ACT,63888.0
2023.0,Wagon,ACT,72390.0
2023.0,Coupe,NSW,98299.0
2023.0,Coupe,NSW,41199.0
2023.0,Coupe,NSW,67233.0
2023.0,Coupe,NSW,42890.0
2023.0,Coupe,NSW,102933.0
2023.0,Coupe,NSW,87175.0
2023.0,Coupe,NSW,104080.0
2023.0,Coupe,NSW,80990.0
2023.0,Coupe,NSW,100949.0
2023.0,Coupe,NSW,50317.0
2023.0,Coupe,NSW,99667.0
2023.0,Coupe,NSW,92023.0
2023.0,Coupe,NSW,82095.0
2023.0,Coupe,NSW,118800.0
2023.0,Hatchback,NSW,23680.0
2023.0,Hatchback,NSW,18015.0
2023.0,Hatchback,NSW,25740.0
2023.0,Hatchback,NSW,56840.0
2023.0,Hatchback,NSW,23680.0
2023.0,Hatchback,NSW,61975.0
2023.0,Hatchback,NSW,25740.0
2023.0,Hatchback,NSW,48333.0
2023.0,Hatchback,NSW,36851.0
2023.0,Hatchback,NSW,21620.0
2023.0,Hatchback,NSW,31995.0
2023.0,Hatchback,NSW,21105.0
2023.0,Hatchback,NSW,22650.0
2023.0,Hatchback,NSW,33980.0
2023.0,Hatchback,NSW,28830.0
2023.0,Hatchback,NSW,21620.0
2023.0,Hatchback,NSW,45990.0
2023.0,Hatchback,NSW,48990.0
2023.0,Hatchback,NSW,48990.0
2023.0,Hatchback,NSW,22135.0
2023.0,Hatchback,NSW,57800.0
2023.0,Hatchback,NSW,35010.0
2023.0,Hatchback,NSW,35010.0
2023.0,Hatchback,NSW,21517.0
2023.0,Hatchback,NSW,35010.0
2023.0,Hatchback,NSW,35010.0
2023.0,Hatchback,NSW,38097.0
2023.0,Hatchback,NSW,35010.0
2023.0,Hatchback,NSW,35010.0
2023.0,Hatchback,NSW,48325.0
2023.0,Hatchback,NSW,36040.0
2023.0,Hatchback,NSW,34495.0
2023.0,Hatchback,NSW,55990.0
2023.0,Hatchback,NSW,36040.0
2023.0,Hatchback,NSW,34990.0
2023.0,Hatchback,NSW,37070.0
2023.0,Hatchback,NSW,43259.0
2023.0,Hatchback,NSW,35525.0
2023.0,Hatchback,NSW,75990.0
2023.0,Hatchback,NSW,52850.0
2023.0,Hatchback,NSW,54990.0
2023.0,Hatchback,NSW,47275.0
2023.0,Hatchback,NSW,36851.0
2023.0,Hatchback,NSW,77880.0
2023.0,Hatchback,NSW,33980.0
2023.0,Hatchback,NSW,74990.0
2023.0,Hatchback,NSW,22650.0
2023.0,Hatchback,NSW,37653.0
2023.0,Hatchback,NSW,45205.0
2023.0,Hatchback,NSW,54900.0
2023.0,Hatchback,NSW,53390.0
2023.0,Hatchback,NSW,55335.0
2023.0,Hatchback,NSW,30890.0
2023.0,SUV,NSW,25740.0
2023.0,SUV,NSW,79888.0
2023.0,SUV,NSW,68888.0
2023.0,SUV,NSW,86990.0
2023.0,SUV,NSW,21900.0
2023.0,SUV,NSW,25990.0
2023.0,SUV,NSW,56745.0
2023.0,SUV,NSW,33400.0
2023.0,SUV,NSW,33980.0
2023.0,SUV,NSW,24690.0
2023.0,SUV,NSW,46340.0
2023.0,SUV,NSW,41995.0
2023.0,SUV,NSW,55790.0
2023.0,SUV,NSW,131390.0
2023.0,SUV,NSW,83888.0
2023.0,SUV,NSW,36888.0
2023.0,SUV,NSW,26888.0
2023.0,SUV,NSW,117644.0
2023.0,SUV,NSW,25740.0
2023.0,SUV,NSW,39800.0
2023.0,SUV,NSW,39800.0
2023.0,SUV,NSW,45890.0
2023.0,SUV,NSW,29488.0
2023.0,SUV,NSW,26770.0
2023.0,SUV,NSW,25740.0
2023.0,SUV,NSW,93590.0
2023.0,SUV,NSW,72590.0
2023.0,SUV,NSW,61850.0
2023.0,SUV,NSW,61850.0
2023.0,SUV,NSW,37990.0
2023.0,SUV,NSW,99800.0
2023.0,SUV,NSW,71540.0
2023.0,SUV,NSW,37070.0
2023.0,SUV,NSW,54790.0
2023.0,SUV,NSW,35990.0
2023.0,SUV,NSW,24710.0
2023.0,SUV,NSW,67245.0
2023.0,SUV,NSW,66754.0
2023.0,SUV,NSW,36990.0
2023.0,SUV,NSW,39990.0
2023.0,SUV,NSW,28830.0
2023.0,SUV,NSW,155990.0
2023.0,SUV,NSW,49990.0
2023.0,SUV,NSW,49990.0
2023.0,SUV,NSW,66990.0
2023.0,SUV,NSW,27800.0
2023.0,SUV,NSW,39970.0
2023.0,SUV,NSW,58500.0
2023.0,SUV,NSW,39980.0
2023.0,SUV,NSW,59990.0
2023.0,SUV,NSW,90440.0
2023.0,SUV,NSW,28815.0
2023.0,SUV,NSW,41190.0
2023.0,SUV,NSW,49990.0
2023.0,SUV,NSW,36990.0
2023.0,SUV,NSW,93495.0
2023.0,SUV,NSW,36040.0
2023.0,SUV,NSW,56745.0
2023.0,SUV,NSW,104090.0
2023.0,SUV,NSW,28830.0
2023.0,SUV,NSW,56990.0
2023.0,SUV,NSW,48333.0
2023.0,SUV,NSW,47888.0
2023.0,SUV,NSW,65240.0
2023.0,SUV,NSW,39025.0
2023.0,SUV,NSW,41190.0
2023.0,SUV,NSW,59990.0
2023.0,SUV,NSW,36040.0
2023.0,SUV,NSW,36990.0
2023.0,SUV,NSW,47390.0
2023.0,SUV,NSW,36990.0
2023.0,SUV,NSW,36990.0
2023.0,SUV,NSW,35990.0
2023.0,SUV,NSW,44167.0
2023.0,SUV,NSW,47275.0
2023.0,SUV,NSW,55990.0
2023.0,SUV,NSW,47275.0
2023.0,SUV,NSW,39990.0
2023.0,SUV,NSW,36130.0
2023.0,SUV,NSW,78890.0
2023.0,SUV,NSW,45799.0
2023.0,SUV,NSW,32435.0
2023.0,SUV,NSW,36990.0
2023.0,SUV,NSW,37070.0
2023.0,SUV,NSW,78890.0
2023.0,SUV,NSW,39130.0
2023.0,SUV,NSW,47275.0
2023.0,SUV,NSW,47275.0
2023.0,SUV,NSW,46227.0
2023.0,SUV,NSW,47275.0
2023.0,SUV,NSW,132440.0
2023.0,SUV,NSW,99890.0
2023.0,SUV,NSW,33980.0
2023.0,SUV,NSW,47275.0
2023.0,SUV,NSW,38100.0
2023.0,SUV,NSW,49990.0
2023.0,SUV,NSW,78990.0
2023.0,SUV,NSW,85083.0
2023.0,SUV,NSW,47275.0
2023.0,SUV,NSW,47275.0
2023.0,SUV,NSW,64075.0
2023.0,SUV,NSW,47275.0
2023.0,SUV,NSW,30890.0
2023.0,SUV,NSW,47275.0
2023.0,SUV,NSW,48325.0
2023.0,SUV,NSW,46340.0
2023.0,SUV,NSW,114746.0
2023.0,SUV,NSW,74990.0
2023.0,SUV,NSW,32435.0
2023.0,SUV,NSW,44990.0
2023.0,SUV,NSW,44587.0
2023.0,SUV,NSW,35010.0
2023.0,SUV,NSW,48325.0
2023.0,SUV,NSW,26770.0
2023.0,SUV,NSW,49490.0
2023.0,SUV,NSW,25900.0
2023.0,SUV,NSW,25900.0
2023.0,SUV,NSW,44167.0
2023.0,SUV,NSW,38990.0
2023.0,SUV,NSW,25225.0
2023.0,SUV,NSW,34990.0
2023.0,SUV,NSW,29488.0
2023.0,SUV,NSW,29488.0
2023.0,SUV,NSW,26888.0
2023.0,SUV,NSW,37585.0
2023.0,SUV,NSW,29488.0
2023.0,SUV,NSW,34990.0
2023.0,SUV,NSW,64990.0
2023.0,SUV,NSW,24888.0
2023.0,SUV,NSW,26888.0
2023.0,SUV,NSW,26888.0
2023.0,SUV,NSW,26888.0
2023.0,SUV,NSW,31920.0
2023.0,SUV,NSW,39645.0
2023.0,SUV,NSW,30890.0
2023.0,SUV,NSW,25490.0
2023.0,SUV,NSW,35490.0
2023.0,SUV,NSW,26888.0
2023.0,SUV,NSW,26888.0
2023.0,SUV,NSW,26888.0
2023.0,SUV,NSW,26888.0
2023.0,SUV,NSW,26888.0
2023.0,SUV,NSW,26888.0
2023.0,SUV,NSW,32950.0
2023.0,SUV,NSW,87067.0
2023.0,SUV,NSW,22547.0
2023.0,SUV,NSW,135475.0
2023.0,SUV,NSW,93483.0
2023.0,SUV,NSW,27800.0
2023.0,SUV,NSW,38888.0
2023.0,SUV,NSW,71995.0
2023.0,SUV,NSW,29488.0
2023.0,SUV,NSW,29488.0
2023.0,SUV,NSW,29488.0
2023.0,SUV,NSW,29488.0
2023.0,SUV,NSW,29488.0
2023.0,SUV,NSW,29488.0
2023.0,SUV,NSW,29488.0
2023.0,SUV,NSW,29488.0
2023.0,SUV,NSW,29488.0
2023.0,SUV,NSW,68980.0
2023.0,SUV,NSW,26888.0
2023.0,SUV,NSW,38995.0
2023.0,SUV,NSW,26888.0
2023.0,SUV,NSW,29888.0
2023.0,SUV,NSW,34950.0
2023.0,SUV,NSW,29888.0
2023.0,SUV,NSW,26888.0
2023.0,SUV,NSW,48440.0
2023.0,SUV,NSW,29888.0
2023.0,SUV,NSW,34897.0
2023.0,SUV,NSW,29945.0
2023.0,SUV,NSW,71540.0
2023.0,SUV,NSW,29888.0
2023.0,SUV,NSW,38100.0
2023.0,SUV,NSW,44240.0
2023.0,SUV,NSW,29888.0
2023.0,SUV,NSW,72800.0
2023.0,SUV,NSW,121990.0
2023.0,SUV,NSW,28888.0
2023.0,SUV,NSW,49990.0
2023.0,SUV,NSW,33980.0
2023.0,SUV,NSW,33980.0
2023.0,SUV,NSW,28888.0
2023.0,SUV,NSW,45720.0
2023.0,SUV,NSW,119553.0
2023.0,SUV,NSW,50888.0
2023.0,SUV,NSW,37990.0
2023.0,SUV,NSW,33980.0
2023.0,SUV,NSW,103975.0
2023.0,SUV,NSW,37995.0
2023.0,SUV,NSW,82888.0
2023.0,SUV,NSW,33980.0
2023.0,SUV,NSW,37070.0
2023.0,SUV,NSW,68990.0
2023.0,SUV,NSW,79845.0
2023.0,SUV,NSW,32480.0
2023.0,SUV,NSW,45310.0
2023.0,SUV,NSW,47275.0
2023.0,SUV,NSW,39130.0
2023.0,SUV,NSW,82888.0
2023.0,SUV,NSW,40787.0
2023.0,SUV,NSW,39025.0
2023.0,SUV,NSW,33980.0
2023.0,SUV,NSW,42115.0
2023.0,SUV,NSW,25521.0
2023.0,SUV,NSW,53490.0
2023.0,SUV,NSW,87888.0
2023.0,SUV,NSW,59990.0
2023.0,SUV,NSW,35990.0
2023.0,SUV,NSW,31920.0
2023.0,SUV,NSW,37070.0
2023.0,SUV,NSW,46888.0
2023.0,SUV,NSW,27390.0
2023.0,SUV,NSW,34990.0
2023.0,SUV,NSW,29242.0
2023.0,SUV,NSW,37945.0
2023.0,SUV,NSW,64888.0
2023.0,SUV,NSW,41880.0
2023.0,SUV,NSW,56980.0
2023.0,SUV,NSW,59800.0
2023.0,SUV,NSW,53690.0
2023.0,SUV,NSW,59883.0
2023.0,SUV,NSW,105555.0
2023.0,SUV,NSW,30888.0
2023.0,SUV,NSW,67340.0
2023.0,SUV,NSW,70267.0
2023.0,SUV,NSW,38100.0
2023.0,SUV,NSW,64199.0
2023.0,SUV,NSW,32435.0
2023.0,SUV,NSW,59980.0
2023.0,SUV,NSW,90440.0
2023.0,SUV,NSW,125069.0
2023.0,SUV,NSW,69990.0
2023.0,SUV,NSW,69990.0
2023.0,SUV,NSW,44280.0
2023.0,SUV,NSW,44280.0
2023.0,SUV,NSW,124179.0
2023.0,SUV,NSW,35010.0
2023.0,SUV,NSW,45945.0
2023.0,SUV,NSW,38100.0
2023.0,SUV,NSW,32641.0
2023.0,SUV,NSW,34950.0
2023.0,SUV,NSW,48880.0
2023.0,SUV,NSW,46888.0
2023.0,SUV,NSW,70490.0
2023.0,SUV,NSW,42115.0
2023.0,SUV,NSW,48880.0
2023.0,SUV,NSW,46970.0
2023.0,SUV,NSW,47990.0
2023.0,SUV,NSW,46970.0
2023.0,SUV,NSW,46340.0
2023.0,SUV,NSW,53690.0
2023.0,SUV,NSW,30990.0
2023.0,SUV,NSW,67245.0
2023.0,SUV,NSW,31990.0
2023.0,SUV,NSW,60933.0
2023.0,SUV,NSW,59990.0
2023.0,SUV,NSW,33980.0
2023.0,SUV,NSW,93495.0
2023.0,SUV,NSW,69990.0
2023.0,SUV,NSW,31888.0
2023.0,SUV,NSW,32950.0
2023.0,SUV,NSW,86705.0
2023.0,SUV,NSW,89386.0
2023.0,SUV,NSW,46990.0
2023.0,SUV,NSW,93990.0
2023.0,SUV,NSW,39888.0
2023.0,SUV,NSW,68390.0
2023.0,SUV,NSW,39888.0
2023.0,SUV,NSW,48380.0
2023.0,SUV,NSW,39888.0
2023.0,SUV,NSW,78773.0
2023.0,SUV,NSW,76800.0
2023.0,SUV,NSW,38888.0
2023.0,SUV,NSW,37070.0
2023.0,SUV,NSW,37070.0
2023.0,SUV,NSW,70880.0
2023.0,SUV,NSW,49990.0
2023.0,SUV,NSW,34495.0
2023.0,SUV,NSW,44888.0
2023.0,SUV,NSW,99888.0
2023.0,SUV,NSW,31990.0
2023.0,SUV,NSW,24710.0
2023.0,SUV,NSW,34880.0
2023.0,SUV,NSW,28830.0
2023.0,SUV,NSW,33980.0
2023.0,SUV,NSW,38888.0
2023.0,SUV,NSW,38888.0
2023.0,SUV,NSW,39888.0
2023.0,SUV,NSW,81990.0
2023.0,SUV,NSW,69990.0
2023.0,SUV,NSW,128999.0
2023.0,SUV,NSW,36868.0
2023.0,SUV,NSW,38888.0
2023.0,SUV,NSW,46990.0
2023.0,SUV,NSW,45310.0
2023.0,SUV,NSW,36980.0
2023.0,SUV,NSW,39888.0
2023.0,SUV,NSW,67980.0
2023.0,SUV,NSW,50888.0
2023.0,SUV,NSW,44280.0
2023.0,SUV,NSW,50888.0
2023.0,SUV,NSW,33980.0
2023.0,SUV,NSW,32950.0
2023.0,SUV,NSW,51888.0
2023.0,SUV,NSW,51583.0
2023.0,SUV,NSW,63888.0
2023.0,SUV,NSW,63888.0
2023.0,SUV,NSW,78890.0
2023.0,SUV,NSW,57890.0
2023.0,SUV,NSW,34990.0
2023.0,SUV,NSW,102933.0
2023.0,SUV,NSW,58936.0
2023.0,SUV,NSW,103040.0
2023.0,SUV,NSW,32950.0
2023.0,SUV,NSW,70490.0
2023.0,SUV,NSW,85900.0
2023.0,SUV,NSW,32950.0
2023.0,SUV,NSW,74480.0
2023.0,SUV,NSW,46333.0
2023.0,SUV,NSW,118990.0
2023.0,SUV,NSW,79800.0
2023.0,SUV,NSW,62990.0
2023.0,SUV,NSW,92900.0
2023.0,SUV,NSW,63739.0
2023.0,SUV,NSW,36040.0
2023.0,SUV,NSW,57880.0
2023.0,SUV,NSW,49490.0
2023.0,SUV,NSW,140840.0
2023.0,SUV,NSW,63990.0
2023.0,SUV,NSW,139990.0
2023.0,SUV,NSW,147967.0
2023.0,SUV,NSW,91880.0
2023.0,SUV,NSW,147967.0
2023.0,SUV,NSW,93900.0
2023.0,Sedan,NSW,69990.0
2023.0,Sedan,NSW,69990.0
2023.0,Sedan,NSW,69990.0
2023.0,Sedan,NSW,29860.0
2023.0,Sedan,NSW,103985.0
2023.0,Sedan,NSW,38100.0
2023.0,Sedan,NSW,166995.0
2023.0,Sedan,NSW,79887.0
2023.0,Sedan,NSW,79124.0
2023.0,Sedan,NSW,189990.0
2023.0,Sedan,NSW,57785.0
2023.0,Sedan,NSW,34995.0
2023.0,Sedan,NSW,39130.0
2023.0,Sedan,NSW,39130.0
2023.0,Sedan,NSW,89668.0
2023.0,Sedan,NSW,37070.0
2023.0,Sedan,NSW,80895.0
2023.0,Sedan,NSW,38100.0
2023.0,Sedan,NSW,37070.0
2023.0,Sedan,NSW,38100.0
2023.0,Sedan,NSW,38100.0
2023.0,Sedan,NSW,38100.0
2023.0,Sedan,NSW,38100.0
2023.0,Sedan,NSW,91605.0
2023.0,Sedan,NSW,99000.0
2023.0,Sedan,NSW,94178.0
2023.0,Sedan,NSW,46340.0
2023.0,Sedan,NSW,65800.0
2023.0,Sedan,NSW,104900.0
2023.0,Sedan,NSW,71445.0
2023.0,Sedan,NSW,73990.0
2023.0,Sedan,NSW,57795.0
2023.0,Sedan,NSW,75990.0
2023.0,Sedan,NSW,78990.0
2023.0,Sedan,NSW,77990.0
2023.0,Sedan,NSW,26551.0
2023.0,Sedan,NSW,164900.0
2023.0,Sedan,NSW,52417.0
2023.0,Sedan,NSW,74888.0
2023.0,Sedan,NSW,93880.0
2023.0,Sedan,NSW,128186.0
2023.0,Sedan,NSW,126862.0
2023.0,Sedan,NSW,50900.0
2023.0,Sedan,NSW,127423.0
2023.0,Sedan,NSW,35990.0
2023.0,Sedan,NSW,75234.0
2023.0,Sedan,NSW,128092.0
2023.0,Sedan,NSW,130005.0
2023.0,Sedan,NSW,54990.0
2023.0,Sedan,NSW,50400.0
2023.0,Sedan,NSW,50900.0
2023.0,Sedan,NSW,138900.0
2023.0,Sedan,NSW,61990.0
2023.0,Sedan,NSW,80807.0
2023.0,Sedan,NSW,47283.0
2023.0,Sedan,NSW,69161.0
2023.0,Sedan,NSW,86888.0
2023.0,Sedan,NSW,74888.0
2023.0,Ute/Pickup,NSW,114950.0
2023.0,Ute/Pickup,NSW,142890.0
2023.0,Ute/Pickup,NSW,56840.0
2023.0,Ute/Pickup,NSW,67340.0
2023.0,Ute/Pickup,NSW,53690.0
2023.0,Ute/Pickup,NSW,54740.0
2023.0,Ute/Pickup,NSW,125090.0
2023.0,Ute/Pickup,NSW,47390.0
2023.0,Ute/Pickup,NSW,62090.0
2023.0,Ute/Pickup,NSW,49840.0
2023.0,Ute/Pickup,NSW,35990.0
2023.0,Ute/Pickup,NSW,35990.0
2023.0,Ute/Pickup,NSW,67340.0
2023.0,Ute/Pickup,NSW,36990.0
2023.0,Ute/Pickup,NSW,76990.0
2023.0,Ute/Pickup,NSW,36990.0
2023.0,Ute/Pickup,NSW,55990.0
2023.0,Ute/Pickup,NSW,35970.0
2023.0,Ute/Pickup,NSW,38990.0
2023.0,Ute/Pickup,NSW,56840.0
2023.0,Ute/Pickup,NSW,47995.0
2023.0,Ute/Pickup,NSW,53990.0
2023.0,Ute/Pickup,NSW,45310.0
2023.0,Ute/Pickup,NSW,56840.0
2023.0,Ute/Pickup,NSW,35010.0
2023.0,Ute/Pickup,NSW,57890.0
2023.0,Ute/Pickup,NSW,55888.0
2023.0,Ute/Pickup,NSW,61990.0
2023.0,Ute/Pickup,NSW,109990.0
2023.0,Ute/Pickup,NSW,61990.0
2023.0,Ute/Pickup,NSW,62888.0
2023.0,Ute/Pickup,NSW,68285.0
2023.0,Ute/Pickup,NSW,56840.0
2023.0,Ute/Pickup,NSW,45310.0
2023.0,Ute/Pickup,NSW,65240.0
2023.0,Ute/Pickup,NSW,35990.0
2023.0,Ute/Pickup,NSW,56315.0
2023.0,Ute/Pickup,NSW,37070.0
2023.0,Ute/Pickup,NSW,79990.0
2023.0,Ute/Pickup,NSW,52640.0
2023.0,Ute/Pickup,NSW,70490.0
2023.0,Ute/Pickup,NSW,74690.0
2023.0,Ute/Pickup,NSW,52888.0
2023.0,Ute/Pickup,NSW,37070.0
2023.0,Ute/Pickup,NSW,88340.0
2023.0,Ute/Pickup,NSW,65990.0
2023.0,Ute/Pickup,NSW,48440.0
2023.0,Ute/Pickup,NSW,64190.0
2023.0,Ute/Pickup,NSW,76990.0
2023.0,Ute/Pickup,NSW,72590.0
2023.0,Ute/Pickup,NSW,72990.0
2023.0,Ute/Pickup,NSW,72990.0
2023.0,Ute/Pickup,NSW,72990.0
2023.0,Ute/Pickup,NSW,76000.0
2023.0,Ute/Pickup,NSW,139990.0
2023.0,Ute/Pickup,NSW,46320.0
2023.0,Ute/Pickup,NSW,48440.0
2023.0,Ute/Pickup,NSW,61050.0
2023.0,Ute/Pickup,NSW,69990.0
2023.0,Ute/Pickup,NSW,112000.0
2023.0,Ute/Pickup,NSW,138900.0
2023.0,Ute/Pickup,NSW,139990.0
2023.0,Ute/Pickup,NSW,139990.0
2023.0,Ute/Pickup,NSW,68688.0
2023.0,Ute/Pickup,NSW,56990.0
2023.0,Ute/Pickup,NSW,56990.0
2023.0,Van,NSW,32990.0
2023.0,Van,NSW,33490.0
2023.0,Van,NSW,35990.0
2023.0,Van,NSW,38488.0
2023.0,Van,NSW,38488.0
2023.0,Van,NSW,53945.0
2023.0,Van,NSW,44988.0
2023.0,Van,NSW,44988.0
2023.0,Van,NSW,44988.0
2023.0,Van,NSW,44988.0
2023.0,Van,NSW,50540.0
2023.0,Van,NSW,55200.0
2023.0,Van,NSW,50540.0
2023.0,Van,NSW,51980.0
2023.0,Van,NSW,44000.0
2023.0,Van,NSW,34990.0
2023.0,Van,NSW,32950.0
2023.0,Van,NSW,60990.0
2023.0,Van,NSW,52990.0
2023.0,Van,NSW,63490.0
2023.0,Van,NSW,40990.0
2023.0,Van,NSW,54740.0
2023.0,Van,NSW,52888.0
2023.0,Wagon,NSW,39990.0
2023.0,Wagon,NSW,43990.0
2023.0,Wagon,NSW,40160.0
2023.0,Wagon,NSW,195900.0
2023.0,Hatchback,NT,32950.0
2023.0,Sedan,NT,35525.0
2023.0,Convertible,QLD,179990.0
2023.0,Coupe,QLD,67990.0
2023.0,Coupe,QLD,67990.0
2023.0,Coupe,QLD,76867.0
2023.0,Coupe,QLD,41990.0
2023.0,Hatchback,QLD,23888.0
2023.0,Hatchback,QLD,34610.0
2023.0,Hatchback,QLD,24888.0
2023.0,Hatchback,QLD,24888.0
2023.0,Hatchback,QLD,24888.0
2023.0,Hatchback,QLD,31990.0
2023.0,Hatchback,QLD,34490.0
2023.0,Hatchback,QLD,36240.0
2023.0,Hatchback,QLD,36240.0
2023.0,Hatchback,QLD,36240.0
2023.0,Hatchback,QLD,36500.0
2023.0,Hatchback,QLD,31990.0
2023.0,Hatchback,QLD,34490.0
2023.0,Hatchback,QLD,62900.0
2023.0,Hatchback,QLD,62900.0
2023.0,Hatchback,QLD,23990.0
2023.0,Hatchback,QLD,35190.0
2023.0,Hatchback,QLD,21990.0
2023.0,Hatchback,QLD,21990.0
2023.0,Hatchback,QLD,35990.0
2023.0,Hatchback,QLD,21990.0
2023.0,Hatchback,QLD,29490.0
2023.0,Hatchback,QLD,21990.0
2023.0,Hatchback,QLD,42490.0
2023.0,Hatchback,QLD,42490.0
2023.0,Hatchback,QLD,29990.0
2023.0,Hatchback,QLD,39990.0
2023.0,Hatchback,QLD,21990.0
2023.0,Hatchback,QLD,21790.0
2023.0,Hatchback,QLD,21790.0
2023.0,Hatchback,QLD,21790.0
2023.0,Hatchback,QLD,21790.0
2023.0,Hatchback,QLD,21990.0
2023.0,Hatchback,QLD,21990.0
2023.0,Hatchback,QLD,43450.0
2023.0,Hatchback,QLD,20490.0
2023.0,Hatchback,QLD,20990.0
2023.0,Hatchback,QLD,24990.0
2023.0,Hatchback,QLD,15990.0
2023.0,Hatchback,QLD,15987.0
2023.0,Hatchback,QLD,20990.0
2023.0,Hatchback,QLD,20990.0
2023.0,Hatchback,QLD,30995.0
2023.0,Hatchback,QLD,15487.0
2023.0,Hatchback,QLD,15987.0
2023.0,Hatchback,QLD,15487.0
2023.0,Hatchback,QLD,34775.0
2023.0,Hatchback,QLD,20490.0
2023.0,Hatchback,QLD,15487.0
2023.0,Hatchback,QLD,15487.0
2023.0,Hatchback,QLD,15487.0
2023.0,Hatchback,QLD,30990.0
2023.0,Hatchback,QLD,15487.0
2023.0,Hatchback,QLD,15487.0
2023.0,Hatchback,QLD,15487.0
2023.0,Hatchback,QLD,15487.0
2023.0,Hatchback,QLD,15487.0
2023.0,Hatchback,QLD,26990.0
2023.0,Hatchback,QLD,34990.0
2023.0,Hatchback,QLD,16690.0
2023.0,Hatchback,QLD,16690.0
2023.0,Hatchback,QLD,50990.0
2023.0,Hatchback,QLD,21990.0
2023.0,Hatchback,QLD,23888.0
2023.0,Hatchback,QLD,42990.0
2023.0,Hatchback,QLD,20990.0
2023.0,Hatchback,QLD,20990.0
2023.0,Hatchback,QLD,20990.0
2023.0,Hatchback,QLD,20990.0
2023.0,Hatchback,QLD,19990.0
2023.0,Hatchback,QLD,19990.0
2023.0,Hatchback,QLD,20990.0
2023.0,Hatchback,QLD,19990.0
2023.0,Hatchback,QLD,19990.0
2023.0,Hatchback,QLD,19990.0
2023.0,Hatchback,QLD,19990.0
2023.0,Hatchback,QLD,59990.0
2023.0,Hatchback,QLD,33490.0
2023.0,Hatchback,QLD,33585.0
2023.0,Hatchback,QLD,39990.0
2023.0,SUV,QLD,33573.0
2023.0,SUV,QLD,25995.0
2023.0,SUV,QLD,23990.0
2023.0,SUV,QLD,39490.0
2023.0,SUV,QLD,57990.0
2023.0,SUV,QLD,44900.0
2023.0,SUV,QLD,69990.0
2023.0,SUV,QLD,31990.0
2023.0,SUV,QLD,36490.0
2023.0,SUV,QLD,36990.0
2023.0,SUV,QLD,34888.0
2023.0,SUV,QLD,28990.0
2023.0,SUV,QLD,45490.0
2023.0,SUV,QLD,49990.0
2023.0,SUV,QLD,55990.0
2023.0,SUV,QLD,22990.0
2023.0,SUV,QLD,22990.0
2023.0,SUV,QLD,94990.0
2023.0,SUV,QLD,40670.0
2023.0,SUV,QLD,43990.0
2023.0,SUV,QLD,32990.0
2023.0,SUV,QLD,59990.0
2023.0,SUV,QLD,79990.0
2023.0,SUV,QLD,22888.0
2023.0,SUV,QLD,38850.0
2023.0,SUV,QLD,32990.0
2023.0,SUV,QLD,38850.0
2023.0,SUV,QLD,22888.0
2023.0,SUV,QLD,20990.0
2023.0,SUV,QLD,36990.0
2023.0,SUV,QLD,69990.0
2023.0,SUV,QLD,33650.0
2023.0,SUV,QLD,33650.0
2023.0,SUV,QLD,74990.0
2023.0,SUV,QLD,68990.0
2023.0,SUV,QLD,46888.0
2023.0,SUV,QLD,69990.0
2023.0,SUV,QLD,30990.0
2023.0,SUV,QLD,48998.0
2023.0,SUV,QLD,23990.0
2023.0,SUV,QLD,26895.0
2023.0,SUV,QLD,41990.0
2023.0,SUV,QLD,33890.0
2023.0,SUV,QLD,31980.0
2023.0,SUV,QLD,34300.0
2023.0,SUV,QLD,52990.0
2023.0,SUV,QLD,72990.0
2023.0,SUV,QLD,81950.0
2023.0,SUV,QLD,35000.0
2023.0,SUV,QLD,35000.0
2023.0,SUV,QLD,56990.0
2023.0,SUV,QLD,38990.0
2023.0,SUV,QLD,26990.0
2023.0,SUV,QLD,27987.0
2023.0,SUV,QLD,36250.0
2023.0,SUV,QLD,68690.0
2023.0,SUV,QLD,99990.0
2023.0,SUV,QLD,35990.0
2023.0,SUV,QLD,33990.0
2023.0,SUV,QLD,27998.0
2023.0,SUV,QLD,79990.0
2023.0,SUV,QLD,40985.0
2023.0,SUV,QLD,69990.0
2023.0,SUV,QLD,69990.0
2023.0,SUV,QLD,36990.0
2023.0,SUV,QLD,36990.0
2023.0,SUV,QLD,41990.0
2023.0,SUV,QLD,36990.0
2023.0,SUV,QLD,39990.0
2023.0,SUV,QLD,51990.0
2023.0,SUV,QLD,39990.0
2023.0,SUV,QLD,36990.0
2023.0,SUV,QLD,37710.0
2023.0,SUV,QLD,23990.0
2023.0,SUV,QLD,36990.0
2023.0,SUV,QLD,47990.0
2023.0,SUV,QLD,19999.0
2023.0,SUV,QLD,81396.0
2023.0,SUV,QLD,36990.0
2023.0,SUV,QLD,31990.0
2023.0,SUV,QLD,31990.0
2023.0,SUV,QLD,30990.0
2023.0,SUV,QLD,38990.0
2023.0,SUV,QLD,69900.0
2023.0,SUV,QLD,74990.0
2023.0,SUV,QLD,24890.0
2023.0,SUV,QLD,31895.0
2023.0,SUV,QLD,24490.0
2023.0,SUV,QLD,35990.0
2023.0,SUV,QLD,41485.0
2023.0,SUV,QLD,73990.0
2023.0,SUV,QLD,30990.0
2023.0,SUV,QLD,36990.0
2023.0,SUV,QLD,36990.0
2023.0,SUV,QLD,28121.0
2023.0,SUV,QLD,36990.0
2023.0,SUV,QLD,36990.0
2023.0,SUV,QLD,30990.0
2023.0,SUV,QLD,37690.0
2023.0,SUV,QLD,46990.0
2023.0,SUV,QLD,39855.0
2023.0,SUV,QLD,36990.0
2023.0,SUV,QLD,30888.0
2023.0,SUV,QLD,35990.0
2023.0,SUV,QLD,30990.0
2023.0,SUV,QLD,30888.0
2023.0,SUV,QLD,31990.0
2023.0,SUV,QLD,36990.0
2023.0,SUV,QLD,38990.0
2023.0,SUV,QLD,36990.0
2023.0,SUV,QLD,38990.0
2023.0,SUV,QLD,36990.0
2023.0,SUV,QLD,34990.0
2023.0,SUV,QLD,35690.0
2023.0,SUV,QLD,75990.0
2023.0,SUV,QLD,37490.0
2023.0,SUV,QLD,37249.0
2023.0,SUV,QLD,60990.0
2023.0,SUV,QLD,74990.0
2023.0,SUV,QLD,38490.0
2023.0,SUV,QLD,58990.0
2023.0,SUV,QLD,58990.0
2023.0,SUV,QLD,27998.0
2023.0,SUV,QLD,48990.0
2023.0,SUV,QLD,39990.0
2023.0,SUV,QLD,31888.0
2023.0,SUV,QLD,38490.0
2023.0,SUV,QLD,23990.0
2023.0,SUV,QLD,46990.0
2023.0,SUV,QLD,23888.0
2023.0,SUV,QLD,46490.0
2023.0,SUV,QLD,43990.0
2023.0,SUV,QLD,35990.0
2023.0,SUV,QLD,26690.0
2023.0,SUV,QLD,33990.0
2023.0,SUV,QLD,35690.0
2023.0,SUV,QLD,35990.0
2023.0,SUV,QLD,40990.0
2023.0,SUV,QLD,48490.0
2023.0,SUV,QLD,41990.0
2023.0,SUV,QLD,35987.0
2023.0,SUV,QLD,37990.0
2023.0,SUV,QLD,31990.0
2023.0,SUV,QLD,64990.0
2023.0,SUV,QLD,26990.0
2023.0,SUV,QLD,42990.0
2023.0,SUV,QLD,42990.0
2023.0,SUV,QLD,42990.0
2023.0,SUV,QLD,49990.0
2023.0,SUV,QLD,36990.0
2023.0,SUV,QLD,23990.0
2023.0,SUV,QLD,31990.0
2023.0,SUV,QLD,54990.0
2023.0,SUV,QLD,50990.0
2023.0,SUV,QLD,38690.0
2023.0,SUV,QLD,51690.0
2023.0,SUV,QLD,50990.0
2023.0,SUV,QLD,33490.0
2023.0,SUV,QLD,19990.0
2023.0,SUV,QLD,35990.0
2023.0,SUV,QLD,23990.0
2023.0,SUV,QLD,39990.0
2023.0,SUV,QLD,38690.0
2023.0,SUV,QLD,36990.0
2023.0,SUV,QLD,46880.0
2023.0,SUV,QLD,90690.0
2023.0,SUV,QLD,34490.0
2023.0,SUV,QLD,40990.0
2023.0,SUV,QLD,37990.0
2023.0,SUV,QLD,26990.0
2023.0,SUV,QLD,30990.0
2023.0,SUV,QLD,26990.0
2023.0,SUV,QLD,33990.0
2023.0,SUV,QLD,95990.0
2023.0,SUV,QLD,79990.0
2023.0,SUV,QLD,38990.0
2023.0,SUV,QLD,29888.0
2023.0,SUV,QLD,47450.0
2023.0,SUV,QLD,140556.0
2023.0,SUV,QLD,38747.0
2023.0,SUV,QLD,45990.0
2023.0,SUV,QLD,29990.0
2023.0,SUV,QLD,30990.0
2023.0,SUV,QLD,71990.0
2023.0,SUV,QLD,45990.0
2023.0,SUV,QLD,45990.0
2023.0,SUV,QLD,49990.0
2023.0,SUV,QLD,38990.0
2023.0,SUV,QLD,37880.0
2023.0,SUV,QLD,37880.0
2023.0,SUV,QLD,44888.0
2023.0,SUV,QLD,54990.0
2023.0,SUV,QLD,48990.0
2023.0,SUV,QLD,38990.0
2023.0,SUV,QLD,26990.0
2023.0,SUV,QLD,33880.0
2023.0,SUV,QLD,40990.0
2023.0,SUV,QLD,27990.0
2023.0,SUV,QLD,26990.0
2023.0,SUV,QLD,34990.0
2023.0,SUV,QLD,78880.0
2023.0,SUV,QLD,36990.0
2023.0,SUV,QLD,40990.0
2023.0,SUV,QLD,39950.0
2023.0,SUV,QLD,48990.0
2023.0,SUV,QLD,26990.0
2023.0,SUV,QLD,42990.0
2023.0,SUV,QLD,35990.0
2023.0,SUV,QLD,27990.0
2023.0,SUV,QLD,67678.0
2023.0,SUV,QLD,30490.0
2023.0,SUV,QLD,27990.0
2023.0,SUV,QLD,33888.0
2023.0,SUV,QLD,36995.0
2023.0,SUV,QLD,26990.0
2023.0,SUV,QLD,26990.0
2023.0,SUV,QLD,28490.0
2023.0,SUV,QLD,36995.0
2023.0,SUV,QLD,30490.0
2023.0,SUV,QLD,46990.0
2023.0,SUV,QLD,46990.0
2023.0,SUV,QLD,39990.0
2023.0,SUV,QLD,34888.0
2023.0,SUV,QLD,27990.0
2023.0,SUV,QLD,48000.0
2023.0,SUV,QLD,38990.0
2023.0,SUV,QLD,41990.0
2023.0,SUV,QLD,29990.0
2023.0,SUV,QLD,26790.0
2023.0,SUV,QLD,37990.0
2023.0,SUV,QLD,37990.0
2023.0,SUV,QLD,25850.0
2023.0,SUV,QLD,31990.0
2023.0,SUV,QLD,47990.0
2023.0,SUV,QLD,35990.0
2023.0,SUV,QLD,38990.0
2023.0,SUV,QLD,64990.0
2023.0,SUV,QLD,28990.0
2023.0,SUV,QLD,41990.0
2023.0,SUV,QLD,37990.0
2023.0,SUV,QLD,31990.0
2023.0,SUV,QLD,31800.0
2023.0,SUV,QLD,29490.0
2023.0,SUV,QLD,57990.0
2023.0,SUV,QLD,105990.0
2023.0,SUV,QLD,34990.0
2023.0,SUV,QLD,53990.0
2023.0,SUV,QLD,47888.0
2023.0,SUV,QLD,41990.0
2023.0,SUV,QLD,148781.0
2023.0,SUV,QLD,28990.0
2023.0,SUV,QLD,48990.0
2023.0,SUV,QLD,46990.0
2023.0,SUV,QLD,48990.0
2023.0,SUV,QLD,53900.0
2023.0,SUV,QLD,28990.0
2023.0,SUV,QLD,31990.0
2023.0,SUV,QLD,32888.0
2023.0,SUV,QLD,33990.0
2023.0,SUV,QLD,27690.0
2023.0,SUV,QLD,27690.0
2023.0,SUV,QLD,27690.0
2023.0,SUV,QLD,29690.0
2023.0,SUV,QLD,31990.0
2023.0,SUV,QLD,29690.0
2023.0,SUV,QLD,59990.0
2023.0,SUV,QLD,49495.0
2023.0,SUV,QLD,39990.0
2023.0,SUV,QLD,38990.0
2023.0,SUV,QLD,28990.0
2023.0,SUV,QLD,28990.0
2023.0,SUV,QLD,28990.0
2023.0,SUV,QLD,28990.0
2023.0,SUV,QLD,60490.0
2023.0,SUV,QLD,64990.0
2023.0,SUV,QLD,60490.0
2023.0,SUV,QLD,33990.0
2023.0,SUV,QLD,37990.0
2023.0,SUV,QLD,30990.0
2023.0,SUV,QLD,30990.0
2023.0,SUV,QLD,28990.0
2023.0,SUV,QLD,21850.0
2023.0,SUV,QLD,22490.0
2023.0,SUV,QLD,54990.0
2023.0,SUV,QLD,23990.0
2023.0,SUV,QLD,23990.0
2023.0,SUV,QLD,30990.0
2023.0,SUV,QLD,42990.0
2023.0,SUV,QLD,45990.0
2023.0,SUV,QLD,34490.0
2023.0,SUV,QLD,51585.0
2023.0,SUV,QLD,60990.0
2023.0,SUV,QLD,26900.0
2023.0,SUV,QLD,35990.0
2023.0,SUV,QLD,40990.0
2023.0,SUV,QLD,67995.0
2023.0,SUV,QLD,60490.0
2023.0,SUV,QLD,37990.0
2023.0,SUV,QLD,52988.0
2023.0,SUV,QLD,79990.0
2023.0,SUV,QLD,52988.0
2023.0,SUV,QLD,52988.0
2023.0,SUV,QLD,59990.0
2023.0,SUV,QLD,29490.0
2023.0,SUV,QLD,59990.0
2023.0,SUV,QLD,46990.0
2023.0,SUV,QLD,37990.0
2023.0,SUV,QLD,52990.0
2023.0,SUV,QLD,71650.0
2023.0,SUV,QLD,41990.0
2023.0,SUV,QLD,45990.0
2023.0,SUV,QLD,25490.0
2023.0,SUV,QLD,23990.0
2023.0,SUV,QLD,53920.0
2023.0,SUV,QLD,30990.0
2023.0,SUV,QLD,23990.0
2023.0,SUV,QLD,34995.0
2023.0,SUV,QLD,40690.0
2023.0,SUV,QLD,46810.0
2023.0,SUV,QLD,24690.0
2023.0,SUV,QLD,24690.0
2023.0,SUV,QLD,24690.0
2023.0,SUV,QLD,24690.0
2023.0,SUV,QLD,64800.0
2023.0,SUV,QLD,24690.0
2023.0,SUV,QLD,43990.0
2023.0,SUV,QLD,58990.0
2023.0,SUV,QLD,60990.0
2023.0,SUV,QLD,89990.0
2023.0,SUV,QLD,30990.0
2023.0,SUV,QLD,73800.0
2023.0,SUV,QLD,55585.0
2023.0,SUV,QLD,64684.0
2023.0,SUV,QLD,34490.0
2023.0,SUV,QLD,30895.0
2023.0,SUV,QLD,44490.0
2023.0,SUV,QLD,34990.0
2023.0,SUV,QLD,78990.0
2023.0,SUV,QLD,29690.0
2023.0,SUV,QLD,26690.0
2023.0,SUV,QLD,31990.0
2023.0,SUV,QLD,29690.0
2023.0,SUV,QLD,56888.0
2023.0,SUV,QLD,29690.0
2023.0,SUV,QLD,37490.0
2023.0,SUV,QLD,29690.0
2023.0,SUV,QLD,33990.0
2023.0,SUV,QLD,33990.0
2023.0,SUV,QLD,52990.0
2023.0,SUV,QLD,73990.0
2023.0,SUV,QLD,25888.0
2023.0,SUV,QLD,32888.0
2023.0,SUV,QLD,21888.0
2023.0,SUV,QLD,79888.0
2023.0,SUV,QLD,23990.0
2023.0,SUV,QLD,34995.0
2023.0,SUV,QLD,64684.0
2023.0,SUV,QLD,23990.0
2023.0,SUV,QLD,23990.0
2023.0,SUV,QLD,23990.0
2023.0,SUV,QLD,23990.0
2023.0,SUV,QLD,23990.0
2023.0,SUV,QLD,44090.0
2023.0,SUV,QLD,23990.0
2023.0,SUV,QLD,44090.0
2023.0,SUV,QLD,49890.0
2023.0,SUV,QLD,35990.0
2023.0,SUV,QLD,24690.0
2023.0,SUV,QLD,24690.0
2023.0,SUV,QLD,24690.0
2023.0,SUV,QLD,24690.0
2023.0,SUV,QLD,24690.0
2023.0,SUV,QLD,24690.0
2023.0,SUV,QLD,24690.0
2023.0,SUV,QLD,24690.0
2023.0,SUV,QLD,24690.0
2023.0,SUV,QLD,24690.0
2023.0,SUV,QLD,24690.0
2023.0,SUV,QLD,23990.0
2023.0,SUV,QLD,23990.0
2023.0,SUV,QLD,23990.0
2023.0,SUV,QLD,23990.0
2023.0,SUV,QLD,24690.0
2023.0,SUV,QLD,24690.0
2023.0,SUV,QLD,23990.0
2023.0,SUV,QLD,23990.0
2023.0,SUV,QLD,24690.0
2023.0,SUV,QLD,24690.0
2023.0,SUV,QLD,48080.0
2023.0,SUV,QLD,23990.0
2023.0,SUV,QLD,23990.0
2023.0,SUV,QLD,23990.0
2023.0,SUV,QLD,23990.0
2023.0,SUV,QLD,23990.0
2023.0,SUV,QLD,35990.0
2023.0,SUV,QLD,28990.0
2023.0,SUV,QLD,72990.0
2023.0,SUV,QLD,34690.0
2023.0,SUV,QLD,45440.0
2023.0,SUV,QLD,49990.0
2023.0,SUV,QLD,86730.0
2023.0,SUV,QLD,54990.0
2023.0,SUV,QLD,69490.0
2023.0,SUV,QLD,41990.0
2023.0,SUV,QLD,25490.0
2023.0,SUV,QLD,39490.0
2023.0,SUV,QLD,53490.0
2023.0,SUV,QLD,31990.0
2023.0,SUV,QLD,49800.0
2023.0,SUV,QLD,31990.0
2023.0,SUV,QLD,27690.0
2023.0,SUV,QLD,53490.0
2023.0,SUV,QLD,74990.0
2023.0,SUV,QLD,48995.0
2023.0,SUV,QLD,31990.0
2023.0,SUV,QLD,25995.0
2023.0,SUV,QLD,33990.0
2023.0,SUV,QLD,31990.0
2023.0,SUV,QLD,51170.0
2023.0,SUV,QLD,31990.0
2023.0,SUV,QLD,49990.0
2023.0,SUV,QLD,31990.0
2023.0,SUV,QLD,31990.0
2023.0,SUV,QLD,35888.0
2023.0,SUV,QLD,31990.0
2023.0,SUV,QLD,49990.0
2023.0,SUV,QLD,47990.0
2023.0,SUV,QLD,51990.0
2023.0,SUV,QLD,37888.0
2023.0,SUV,QLD,51990.0
2023.0,SUV,QLD,52990.0
2023.0,SUV,QLD,60990.0
2023.0,SUV,QLD,76480.0
2023.0,SUV,QLD,49880.0
2023.0,SUV,QLD,35888.0
2023.0,SUV,QLD,26990.0
2023.0,SUV,QLD,60990.0
2023.0,SUV,QLD,26990.0
2023.0,SUV,QLD,26990.0
2023.0,SUV,QLD,46490.0
2023.0,SUV,QLD,44995.0
2023.0,SUV,QLD,34990.0
2023.0,SUV,QLD,34995.0
2023.0,SUV,QLD,57990.0
2023.0,SUV,QLD,64995.0
2023.0,SUV,QLD,69990.0
2023.0,SUV,QLD,33990.0
2023.0,SUV,QLD,46390.0
2023.0,SUV,QLD,31010.0
2023.0,SUV,QLD,72130.0
2023.0,SUV,QLD,31990.0
2023.0,SUV,QLD,67990.0
2023.0,SUV,QLD,31990.0
2023.0,SUV,QLD,28490.0
2023.0,SUV,QLD,38995.0
2023.0,SUV,QLD,31990.0
2023.0,SUV,QLD,42790.0
2023.0,SUV,QLD,38105.0
2023.0,SUV,QLD,40990.0
2023.0,SUV,QLD,31490.0
2023.0,SUV,QLD,54990.0
2023.0,SUV,QLD,34995.0
2023.0,SUV,QLD,31990.0
2023.0,SUV,QLD,40995.0
2023.0,SUV,QLD,56490.0
2023.0,SUV,QLD,48780.0
2023.0,SUV,QLD,51990.0
2023.0,SUV,QLD,31990.0
2023.0,SUV,QLD,27990.0
2023.0,SUV,QLD,73990.0
2023.0,SUV,QLD,40995.0
2023.0,SUV,QLD,49990.0
2023.0,SUV,QLD,40995.0
2023.0,SUV,QLD,27010.0
2023.0,SUV,QLD,47995.0
2023.0,SUV,QLD,47490.0
2023.0,SUV,QLD,33990.0
2023.0,SUV,QLD,50990.0
2023.0,SUV,QLD,39990.0
2023.0,SUV,QLD,71990.0
2023.0,SUV,QLD,54990.0
2023.0,SUV,QLD,41888.0
2023.0,SUV,QLD,49890.0
2023.0,SUV,QLD,35990.0
2023.0,SUV,QLD,32690.0
2023.0,SUV,QLD,71720.0
2023.0,SUV,QLD,42995.0
2023.0,SUV,QLD,60480.0
2023.0,SUV,QLD,32690.0
2023.0,SUV,QLD,33490.0
2023.0,SUV,QLD,72990.0
2023.0,SUV,QLD,22850.0
2023.0,SUV,QLD,71990.0
2023.0,SUV,QLD,29990.0
2023.0,SUV,QLD,35990.0
2023.0,SUV,QLD,25888.0
2023.0,SUV,QLD,49990.0
2023.0,SUV,QLD,29990.0
2023.0,SUV,QLD,104895.0
2023.0,SUV,QLD,46300.0
2023.0,SUV,QLD,46300.0
2023.0,SUV,QLD,46300.0
2023.0,SUV,QLD,46300.0
2023.0,SUV,QLD,46300.0
2023.0,SUV,QLD,51080.0
2023.0,SUV,QLD,51080.0
2023.0,SUV,QLD,51080.0
2023.0,SUV,QLD,30888.0
2023.0,SUV,QLD,39490.0
2023.0,SUV,QLD,92473.0
2023.0,SUV,QLD,49890.0
2023.0,SUV,QLD,46300.0
2023.0,SUV,QLD,37995.0
2023.0,SUV,QLD,63999.0
2023.0,SUV,QLD,39990.0
2023.0,SUV,QLD,35990.0
2023.0,SUV,QLD,29495.0
2023.0,SUV,QLD,42990.0
2023.0,SUV,QLD,40995.0
2023.0,SUV,QLD,34690.0
2023.0,SUV,QLD,38990.0
2023.0,SUV,QLD,34690.0
2023.0,SUV,QLD,69890.0
2023.0,SUV,QLD,40990.0
2023.0,SUV,QLD,51990.0
2023.0,SUV,QLD,34990.0
2023.0,SUV,QLD,28888.0
2023.0,SUV,QLD,80850.0
2023.0,SUV,QLD,38105.0
2023.0,SUV,QLD,31990.0
2023.0,SUV,QLD,56995.0
2023.0,SUV,QLD,29995.0
2023.0,SUV,QLD,23990.0
2023.0,SUV,QLD,41890.0
2023.0,SUV,QLD,41890.0
2023.0,SUV,QLD,28995.0
2023.0,SUV,QLD,43990.0
2023.0,SUV,QLD,54888.0
2023.0,SUV,QLD,55990.0
2023.0,SUV,QLD,39990.0
2023.0,SUV,QLD,29990.0
2023.0,SUV,QLD,79990.0
2023.0,SUV,QLD,65990.0
2023.0,SUV,QLD,61990.0
2023.0,SUV,QLD,73990.0
2023.0,SUV,QLD,25810.0
2023.0,SUV,QLD,98888.0
2023.0,SUV,QLD,29990.0
2023.0,SUV,QLD,33990.0
2023.0,SUV,QLD,71700.0
2023.0,SUV,QLD,81990.0
2023.0,SUV,QLD,75990.0
2023.0,SUV,QLD,75990.0
2023.0,SUV,QLD,28990.0
2023.0,SUV,QLD,36490.0
2023.0,SUV,QLD,31990.0
2023.0,SUV,QLD,69900.0
2023.0,SUV,QLD,20990.0
2023.0,SUV,QLD,40990.0
2023.0,SUV,QLD,53888.0
2023.0,SUV,QLD,57995.0
2023.0,Sedan,QLD,76220.0
2023.0,Sedan,QLD,67990.0
2023.0,Sedan,QLD,30990.0
2023.0,Sedan,QLD,25444.0
2023.0,Sedan,QLD,63985.0
2023.0,Sedan,QLD,48490.0
2023.0,Sedan,QLD,42990.0
2023.0,Sedan,QLD,20990.0
2023.0,Sedan,QLD,79900.0
2023.0,Sedan,QLD,43990.0
2023.0,Sedan,QLD,59990.0
2023.0,Sedan,QLD,45490.0
2023.0,Sedan,QLD,34990.0
2023.0,Sedan,QLD,33000.0
2023.0,Sedan,QLD,41990.0
2023.0,Sedan,QLD,61480.0
2023.0,Sedan,QLD,42990.0
2023.0,Sedan,QLD,49500.0
2023.0,Sedan,QLD,54888.0
2023.0,Sedan,QLD,32890.0
2023.0,Sedan,QLD,42990.0
2023.0,Sedan,QLD,41990.0
2023.0,Ute/Pickup,QLD,43990.0
2023.0,Ute/Pickup,QLD,59895.0
2023.0,Ute/Pickup,QLD,42990.0
2023.0,Ute/Pickup,QLD,49990.0
2023.0,Ute/Pickup,QLD,59888.0
2023.0,Ute/Pickup,QLD,49990.0
2023.0,Ute/Pickup,QLD,43990.0
2023.0,Ute/Pickup,QLD,49990.0
2023.0,Ute/Pickup,QLD,59990.0
2023.0,Ute/Pickup,QLD,59990.0
2023.0,Ute/Pickup,QLD,57888.0
2023.0,Ute/Pickup,QLD,53990.0
2023.0,Ute/Pickup,QLD,51990.0
2023.0,Ute/Pickup,QLD,77990.0
2023.0,Ute/Pickup,QLD,75990.0
2023.0,Ute/Pickup,QLD,66000.0
2023.0,Ute/Pickup,QLD,36890.0
2023.0,Ute/Pickup,QLD,106990.0
2023.0,Ute/Pickup,QLD,56985.0
2023.0,Ute/Pickup,QLD,36990.0
2023.0,Ute/Pickup,QLD,60987.0
2023.0,Ute/Pickup,QLD,60987.0
2023.0,Ute/Pickup,QLD,60990.0
2023.0,Ute/Pickup,QLD,69990.0
2023.0,Ute/Pickup,QLD,35990.0
2023.0,Ute/Pickup,QLD,67990.0
2023.0,Ute/Pickup,QLD,59490.0
2023.0,Ute/Pickup,QLD,59490.0
2023.0,Ute/Pickup,QLD,63990.0
2023.0,Ute/Pickup,QLD,59490.0
2023.0,Ute/Pickup,QLD,36555.0
2023.0,Ute/Pickup,QLD,69990.0
2023.0,Ute/Pickup,QLD,38990.0
2023.0,Ute/Pickup,QLD,38990.0
2023.0,Ute/Pickup,QLD,38990.0
2023.0,Ute/Pickup,QLD,61490.0
2023.0,Ute/Pickup,QLD,76990.0
2023.0,Ute/Pickup,QLD,59490.0
2023.0,Ute/Pickup,QLD,42990.0
2023.0,Ute/Pickup,QLD,69980.0
2023.0,Ute/Pickup,QLD,69980.0
2023.0,Ute/Pickup,QLD,59490.0
2023.0,Ute/Pickup,QLD,48990.0
2023.0,Ute/Pickup,QLD,36888.0
2023.0,Ute/Pickup,QLD,56990.0
2023.0,Ute/Pickup,QLD,61990.0
2023.0,Ute/Pickup,QLD,69990.0
2023.0,Ute/Pickup,QLD,64990.0
2023.0,Ute/Pickup,QLD,56990.0
2023.0,Ute/Pickup,QLD,43600.0
2023.0,Ute/Pickup,QLD,47990.0
2023.0,Ute/Pickup,QLD,53990.0
2023.0,Ute/Pickup,QLD,56990.0
2023.0,Ute/Pickup,QLD,38990.0
2023.0,Ute/Pickup,QLD,69990.0
2023.0,Ute/Pickup,QLD,53990.0
2023.0,Ute/Pickup,QLD,57990.0
2023.0,Ute/Pickup,QLD,69000.0
2023.0,Ute/Pickup,QLD,62340.0
2023.0,Ute/Pickup,QLD,44990.0
2023.0,Ute/Pickup,QLD,47990.0
2023.0,Ute/Pickup,QLD,54990.0
2023.0,Ute/Pickup,QLD,49888.0
2023.0,Ute/Pickup,QLD,44588.0
2023.0,Ute/Pickup,QLD,49990.0
2023.0,Ute/Pickup,QLD,61990.0
2023.0,Ute/Pickup,QLD,42990.0
2023.0,Ute/Pickup,QLD,45990.0
2023.0,Ute/Pickup,QLD,53995.0
2023.0,Ute/Pickup,QLD,83990.0
2023.0,Ute/Pickup,QLD,38888.0
2023.0,Ute/Pickup,QLD,69990.0
2023.0,Ute/Pickup,QLD,47990.0
2023.0,Ute/Pickup,QLD,54990.0
2023.0,Ute/Pickup,QLD,36990.0
2023.0,Ute/Pickup,QLD,48990.0
2023.0,Ute/Pickup,QLD,72990.0
2023.0,Ute/Pickup,QLD,66000.0
2023.0,Ute/Pickup,QLD,59990.0
2023.0,Ute/Pickup,QLD,59990.0
2023.0,Ute/Pickup,QLD,38990.0
2023.0,Ute/Pickup,QLD,37990.0
2023.0,Ute/Pickup,QLD,64000.0
2023.0,Ute/Pickup,QLD,48495.0
2023.0,Ute/Pickup,QLD,60995.0
2023.0,Ute/Pickup,QLD,53995.0
2023.0,Ute/Pickup,QLD,45990.0
2023.0,Ute/Pickup,QLD,69990.0
2023.0,Ute/Pickup,QLD,79000.0
2023.0,Ute/Pickup,QLD,80150.0
2023.0,Ute/Pickup,QLD,56995.0
2023.0,Ute/Pickup,QLD,58990.0
2023.0,Ute/Pickup,QLD,53995.0
2023.0,Ute/Pickup,QLD,47500.0
2023.0,Ute/Pickup,QLD,72990.0
2023.0,Ute/Pickup,QLD,87990.0
2023.0,Ute/Pickup,QLD,61490.0
2023.0,Ute/Pickup,QLD,62856.0
2023.0,Ute/Pickup,QLD,60995.0
2023.0,Ute/Pickup,QLD,84990.0
2023.0,Ute/Pickup,QLD,81900.0
2023.0,Ute/Pickup,QLD,55990.0
2023.0,Ute/Pickup,QLD,62995.0
2023.0,Ute/Pickup,QLD,50990.0
2023.0,Van,QLD,98774.0
2023.0,Van,QLD,61990.0
2023.0,Van,QLD,88980.0
2023.0,Van,QLD,88980.0
2023.0,Van,QLD,42390.0
2023.0,Van,QLD,60690.0
2023.0,Van,QLD,51980.0
2023.0,Van,QLD,51980.0
2023.0,Van,QLD,44990.0
2023.0,Van,QLD,45990.0
2023.0,Van,QLD,46490.0
2023.0,Van,QLD,46490.0
2023.0,Van,QLD,44990.0
2023.0,Van,QLD,46490.0
2023.0,Van,QLD,46490.0
2023.0,Van,QLD,35990.0
2023.0,Van,QLD,44390.0
2023.0,Van,QLD,44990.0
2023.0,Van,QLD,33990.0
2023.0,Van,QLD,71990.0
2023.0,Van,QLD,56990.0
2023.0,Van,QLD,34990.0
2023.0,Van,QLD,33990.0
2023.0,Van,QLD,49895.0
2023.0,Van,QLD,53052.0
2023.0,Van,QLD,46490.0
2023.0,Van,QLD,43990.0
2023.0,Wagon,QLD,97990.0
2023.0,Wagon,QLD,68888.0
2023.0,Wagon,QLD,68888.0
2023.0,Wagon,QLD,38988.0
2023.0,Wagon,QLD,39988.0
2023.0,Wagon,QLD,39990.0
2023.0,Wagon,QLD,41990.0
2023.0,Wagon,QLD,49490.0
2023.0,Wagon,QLD,37990.0
2023.0,Wagon,QLD,68990.0
2023.0,Wagon,QLD,38990.0
2023.0,Wagon,QLD,49990.0
2023.0,Coupe,SA,165800.0
2023.0,Coupe,SA,47888.0
2023.0,Hatchback,SA,40990.0
2023.0,Hatchback,SA,37900.0
2023.0,Hatchback,SA,37900.0
2023.0,Hatchback,SA,19760.0
2023.0,Hatchback,SA,43990.0
2023.0,Hatchback,SA,37952.0
2023.0,Hatchback,SA,22295.0
2023.0,Hatchback,SA,22082.0
2023.0,Hatchback,SA,50990.0
2023.0,Hatchback,SA,50990.0
2023.0,Hatchback,SA,50990.0
2023.0,Hatchback,SA,59990.0
2023.0,Hatchback,SA,19989.0
2023.0,Hatchback,SA,19989.0
2023.0,SUV,SA,63990.0
2023.0,SUV,SA,56990.0
2023.0,SUV,SA,65990.0
2023.0,SUV,SA,65990.0
2023.0,SUV,SA,71673.0
2023.0,SUV,SA,75850.0
2023.0,SUV,SA,79955.0
2023.0,SUV,SA,44658.0
2023.0,SUV,SA,43963.0
2023.0,SUV,SA,55059.0
2023.0,SUV,SA,59210.0
2023.0,SUV,SA,70499.0
2023.0,SUV,SA,62990.0
2023.0,SUV,SA,32332.0
2023.0,SUV,SA,65459.0
2023.0,SUV,SA,82500.0
2023.0,SUV,SA,39951.0
2023.0,SUV,SA,51930.0
2023.0,SUV,SA,22498.0
2023.0,SUV,SA,22992.0
2023.0,SUV,SA,51930.0
2023.0,SUV,SA,119890.0
2023.0,SUV,SA,65459.0
2023.0,SUV,SA,64410.0
2023.0,SUV,SA,41991.0
2023.0,SUV,SA,34884.0
2023.0,SUV,SA,28850.0
2023.0,SUV,SA,64939.0
2023.0,SUV,SA,97695.0
2023.0,SUV,SA,40498.0
2023.0,SUV,SA,72522.0
2023.0,SUV,SA,65956.0
2023.0,SUV,SA,56990.0
2023.0,SUV,SA,53880.0
2023.0,SUV,SA,19695.0
2023.0,SUV,SA,43610.0
2023.0,SUV,SA,53488.0
2023.0,SUV,SA,43610.0
2023.0,SUV,SA,87300.0
2023.0,SUV,SA,45491.0
2023.0,SUV,SA,51824.0
2023.0,SUV,SA,26970.0
2023.0,SUV,SA,37370.0
2023.0,SUV,SA,79800.0
2023.0,SUV,SA,119530.0
2023.0,SUV,SA,78990.0
2023.0,SUV,SA,51930.0
2023.0,SUV,SA,88990.0
2023.0,SUV,SA,88990.0
2023.0,SUV,SA,88990.0
2023.0,SUV,SA,88990.0
2023.0,SUV,SA,52990.0
2023.0,SUV,SA,56990.0
2023.0,SUV,SA,68990.0
2023.0,SUV,SA,68990.0
2023.0,SUV,SA,57650.0
2023.0,SUV,SA,47770.0
2023.0,SUV,SA,62330.0
2023.0,Sedan,SA,43963.0
2023.0,Sedan,SA,139888.0
2023.0,Sedan,SA,40330.0
2023.0,Sedan,SA,59449.0
2023.0,Sedan,SA,43204.0
2023.0,Ute/Pickup,SA,66498.0
2023.0,Ute/Pickup,SA,118394.0
2023.0,Ute/Pickup,SA,73770.0
2023.0,Ute/Pickup,SA,68549.0
2023.0,Ute/Pickup,SA,58990.0
2023.0,Ute/Pickup,SA,73778.0
2023.0,Ute/Pickup,SA,52990.0
2023.0,Ute/Pickup,SA,54888.0
2023.0,Ute/Pickup,SA,47890.0
2023.0,Ute/Pickup,SA,66722.0
2023.0,Ute/Pickup,SA,59590.0
2023.0,Ute/Pickup,SA,51550.0
2023.0,Ute/Pickup,SA,46730.0
2023.0,Ute/Pickup,SA,49000.0
2023.0,Ute/Pickup,SA,128484.0
2023.0,Ute/Pickup,SA,40168.0
2023.0,Ute/Pickup,SA,52000.0
2023.0,Ute/Pickup,SA,66490.0
2023.0,Ute/Pickup,SA,69618.0
2023.0,Ute/Pickup,SA,56990.0
2023.0,Ute/Pickup,SA,41436.0
2023.0,Ute/Pickup,SA,78490.0
2023.0,Ute/Pickup,SA,48000.0
2023.0,Ute/Pickup,SA,72738.0
2023.0,Ute/Pickup,SA,64419.0
2023.0,Van,SA,59210.0
2023.0,Van,SA,56098.0
2023.0,Van,SA,31868.0
2023.0,Van,SA,38316.0
2023.0,Van,SA,56090.0
2023.0,Van,SA,83560.0
2023.0,Van,SA,57130.0
2023.0,Wagon,SA,47052.0
2023.0,Hatchback,TAS,35990.0
2023.0,Hatchback,TAS,35990.0
2023.0,Hatchback,TAS,22650.0
2023.0,Hatchback,TAS,34990.0
2023.0,Hatchback,TAS,39925.0
2023.0,Hatchback,TAS,32950.0
2023.0,Hatchback,TAS,28990.0
2023.0,Hatchback,TAS,30890.0
2023.0,Hatchback,TAS,30890.0
2023.0,Hatchback,TAS,23680.0
2023.0,Hatchback,TAS,26801.0
2023.0,Hatchback,TAS,21651.0
2023.0,Hatchback,TAS,38290.0
2023.0,Hatchback,TAS,21651.0
2023.0,Hatchback,TAS,21651.0
2023.0,Hatchback,TAS,21651.0
2023.0,Hatchback,TAS,26990.0
2023.0,Hatchback,TAS,21651.0
2023.0,Hatchback,TAS,21651.0
2023.0,Hatchback,TAS,27831.0
2023.0,Hatchback,TAS,21651.0
2023.0,Hatchback,TAS,27831.0
2023.0,SUV,TAS,38290.0
2023.0,SUV,TAS,40480.0
2023.0,SUV,TAS,41590.0
2023.0,SUV,TAS,28830.0
2023.0,SUV,TAS,49910.0
2023.0,SUV,TAS,48870.0
2023.0,SUV,TAS,27800.0
2023.0,SUV,TAS,30890.0
2023.0,SUV,TAS,75910.0
2023.0,SUV,TAS,30890.0
2023.0,SUV,TAS,54990.0
2023.0,SUV,TAS,35010.0
2023.0,SUV,TAS,30890.0
2023.0,SUV,TAS,54590.0
2023.0,SUV,TAS,49290.0
2023.0,SUV,TAS,33980.0
2023.0,SUV,TAS,44710.0
2023.0,SUV,TAS,44710.0
2023.0,SUV,TAS,37110.0
2023.0,SUV,TAS,36040.0
2023.0,SUV,TAS,51990.0
2023.0,SUV,TAS,39148.0
2023.0,SUV,TAS,43110.0
2023.0,SUV,TAS,20590.0
2023.0,SUV,TAS,40813.0
2023.0,SUV,TAS,36000.0
2023.0,SUV,TAS,30890.0
2023.0,SUV,TAS,43670.0
2023.0,SUV,TAS,72790.0
2023.0,SUV,TAS,26564.0
2023.0,SUV,TAS,43670.0
2023.0,SUV,TAS,30890.0
2023.0,SUV,TAS,44670.0
2023.0,SUV,TAS,30375.0
2023.0,SUV,TAS,59270.0
2023.0,SUV,TAS,34011.0
2023.0,SUV,TAS,34011.0
2023.0,SUV,TAS,34011.0
2023.0,SUV,TAS,37110.0
2023.0,SUV,TAS,30921.0
2023.0,SUV,TAS,40510.0
2023.0,SUV,TAS,44741.0
2023.0,SUV,TAS,64501.0
2023.0,SUV,TAS,34011.0
2023.0,SUV,TAS,34011.0
2023.0,SUV,TAS,53061.0
2023.0,SUV,TAS,34011.0
2023.0,SUV,TAS,85301.0
2023.0,SUV,TAS,48901.0
2023.0,SUV,TAS,39990.0
2023.0,SUV,TAS,38845.0
2023.0,SUV,TAS,46821.0
2023.0,SUV,TAS,38290.0
2023.0,SUV,TAS,38290.0
2023.0,SUV,TAS,27831.0
2023.0,SUV,TAS,27831.0
2023.0,SUV,TAS,51990.0
2023.0,SUV,TAS,38290.0
2023.0,SUV,TAS,44741.0
2023.0,SUV,TAS,32981.0
2023.0,SUV,TAS,119621.0
2023.0,SUV,TAS,70021.0
2023.0,SUV,TAS,29891.0
2023.0,Sedan,TAS,32488.0
2023.0,Ute/Pickup,TAS,54070.0
2023.0,Ute/Pickup,TAS,56490.0
2023.0,Ute/Pickup,TAS,48350.0
2023.0,Ute/Pickup,TAS,128771.0
2023.0,Ute/Pickup,TAS,51990.0
2023.0,Ute/Pickup,TAS,85270.0
2023.0,Ute/Pickup,TAS,85270.0
2023.0,Ute/Pickup,TAS,44990.0
2023.0,Ute/Pickup,TAS,36990.0
2023.0,Ute/Pickup,TAS,40480.0
2023.0,Ute/Pickup,TAS,55115.0
2023.0,Ute/Pickup,TAS,65510.0
2023.0,Ute/Pickup,TAS,48350.0
2023.0,Ute/Pickup,TAS,57190.0
2023.0,Ute/Pickup,TAS,58731.0
2023.0,Ute/Pickup,TAS,43281.0
2023.0,Ute/Pickup,TAS,36071.0
2023.0,Ute/Pickup,TAS,54611.0
2023.0,Ute/Pickup,TAS,46790.0
2023.0,Ute/Pickup,TAS,46790.0
2023.0,Ute/Pickup,TAS,58731.0
2023.0,Ute/Pickup,TAS,139990.0
2023.0,Ute/Pickup,TAS,72121.0
2023.0,Ute/Pickup,TAS,55990.0
2023.0,Ute/Pickup,TAS,60791.0
2023.0,Van,TAS,41590.0
2023.0,Van,TAS,67150.0
2023.0,Van,TAS,37150.0
2023.0,Van,TAS,33990.0
2023.0,Van,TAS,38131.0
2023.0,Coupe,VIC,104990.0
2023.0,Coupe,VIC,91480.0
2023.0,Coupe,VIC,73868.0
2023.0,Coupe,VIC,74990.0
2023.0,Coupe,VIC,62905.0
2023.0,Coupe,VIC,39999.0
2023.0,Coupe,VIC,164990.0
2023.0,Coupe,VIC,84800.0
2023.0,Coupe,VIC,64888.0
2023.0,Coupe,VIC,67990.0
2023.0,Hatchback,VIC,23890.0
2023.0,Hatchback,VIC,71990.0
2023.0,Hatchback,VIC,31500.0
2023.0,Hatchback,VIC,29990.0
2023.0,Hatchback,VIC,35450.0
2023.0,Hatchback,VIC,33990.0
2023.0,Hatchback,VIC,34500.0
2023.0,Hatchback,VIC,25990.0
2023.0,Hatchback,VIC,17990.0
2023.0,Hatchback,VIC,38990.0
2023.0,Hatchback,VIC,38990.0
2023.0,Hatchback,VIC,39990.0
2023.0,Hatchback,VIC,39990.0
2023.0,Hatchback,VIC,39990.0
2023.0,Hatchback,VIC,40990.0
2023.0,Hatchback,VIC,40990.0
2023.0,Hatchback,VIC,25990.0
2023.0,Hatchback,VIC,20888.0
2023.0,Hatchback,VIC,23990.0
2023.0,Hatchback,VIC,18990.0
2023.0,Hatchback,VIC,19990.0
2023.0,Hatchback,VIC,27705.0
2023.0,Hatchback,VIC,32989.0
2023.0,Hatchback,VIC,41990.0
2023.0,Hatchback,VIC,23945.0
2023.0,Hatchback,VIC,38950.0
2023.0,Hatchback,VIC,38950.0
2023.0,Hatchback,VIC,32990.0
2023.0,Hatchback,VIC,59800.0
2023.0,Hatchback,VIC,33490.0
2023.0,Hatchback,VIC,50990.0
2023.0,Hatchback,VIC,50990.0
2023.0,Hatchback,VIC,35500.0
2023.0,Hatchback,VIC,50990.0
2023.0,Hatchback,VIC,50990.0
2023.0,Hatchback,VIC,58766.0
2023.0,Hatchback,VIC,33480.0
2023.0,Hatchback,VIC,15990.0
2023.0,Hatchback,VIC,15900.0
2023.0,Hatchback,VIC,15900.0
2023.0,Hatchback,VIC,33490.0
2023.0,Hatchback,VIC,26888.0
2023.0,Hatchback,VIC,46850.0
2023.0,Hatchback,VIC,15990.0
2023.0,Hatchback,VIC,42200.0
2023.0,Hatchback,VIC,79800.0
2023.0,Hatchback,VIC,25990.0
2023.0,Hatchback,VIC,45990.0
2023.0,Hatchback,VIC,43200.0
2023.0,Hatchback,VIC,43990.0
2023.0,Hatchback,VIC,23990.0
2023.0,Hatchback,VIC,54990.0
2023.0,Hatchback,VIC,70990.0
2023.0,Hatchback,VIC,28990.0
2023.0,Hatchback,VIC,80800.0
2023.0,Hatchback,VIC,43200.0
2023.0,Hatchback,VIC,44990.0
2023.0,SUV,VIC,58990.0
2023.0,SUV,VIC,38790.0
2023.0,SUV,VIC,79990.0
2023.0,SUV,VIC,19990.0
2023.0,SUV,VIC,19990.0
2023.0,SUV,VIC,42990.0
2023.0,SUV,VIC,33888.0
2023.0,SUV,VIC,25912.0
2023.0,SUV,VIC,53900.0
2023.0,SUV,VIC,42777.0
2023.0,SUV,VIC,34888.0
2023.0,SUV,VIC,49888.0
2023.0,SUV,VIC,27780.0
2023.0,SUV,VIC,50702.0
2023.0,SUV,VIC,27975.0
2023.0,SUV,VIC,27975.0
2023.0,SUV,VIC,36990.0
2023.0,SUV,VIC,27990.0
2023.0,SUV,VIC,27975.0
2023.0,SUV,VIC,45990.0
2023.0,SUV,VIC,42850.0
2023.0,SUV,VIC,131790.0
2023.0,SUV,VIC,63999.0
2023.0,SUV,VIC,137990.0
2023.0,SUV,VIC,69450.0
2023.0,SUV,VIC,35440.0
2023.0,SUV,VIC,41990.0
2023.0,SUV,VIC,64990.0
2023.0,SUV,VIC,54996.0
2023.0,SUV,VIC,35950.0
2023.0,SUV,VIC,43450.0
2023.0,SUV,VIC,39999.0
2023.0,SUV,VIC,26950.0
2023.0,SUV,VIC,34450.0
2023.0,SUV,VIC,73558.0
2023.0,SUV,VIC,31610.0
2023.0,SUV,VIC,33999.0
2023.0,SUV,VIC,108888.0
2023.0,SUV,VIC,65063.0
2023.0,SUV,VIC,78293.0
2023.0,SUV,VIC,28735.0
2023.0,SUV,VIC,34450.0
2023.0,SUV,VIC,26950.0
2023.0,SUV,VIC,26950.0
2023.0,SUV,VIC,67800.0
2023.0,SUV,VIC,48450.0
2023.0,SUV,VIC,33431.0
2023.0,SUV,VIC,33525.0
2023.0,SUV,VIC,37450.0
2023.0,SUV,VIC,25990.0
2023.0,SUV,VIC,25450.0
2023.0,SUV,VIC,57489.0
2023.0,SUV,VIC,34450.0
2023.0,SUV,VIC,59990.0
2023.0,SUV,VIC,27990.0
2023.0,SUV,VIC,35950.0
2023.0,SUV,VIC,48450.0
2023.0,SUV,VIC,48450.0
2023.0,SUV,VIC,46970.0
2023.0,SUV,VIC,99990.0
2023.0,SUV,VIC,46970.0
2023.0,SUV,VIC,45888.0
2023.0,SUV,VIC,48450.0
2023.0,SUV,VIC,33539.0
2023.0,SUV,VIC,105200.0
2023.0,SUV,VIC,35990.0
2023.0,SUV,VIC,33888.0
2023.0,SUV,VIC,69990.0
2023.0,SUV,VIC,33441.0
2023.0,SUV,VIC,90888.0
2023.0,SUV,VIC,30990.0
2023.0,SUV,VIC,30990.0
2023.0,SUV,VIC,35815.0
2023.0,SUV,VIC,50450.0
2023.0,SUV,VIC,48950.0
2023.0,SUV,VIC,23450.0
2023.0,SUV,VIC,23483.0
2023.0,SUV,VIC,56880.0
2023.0,SUV,VIC,37250.0
2023.0,SUV,VIC,23450.0
2023.0,SUV,VIC,42878.0
2023.0,SUV,VIC,31620.0
2023.0,SUV,VIC,29888.0
2023.0,SUV,VIC,44990.0
2023.0,SUV,VIC,57999.0
2023.0,SUV,VIC,29888.0
2023.0,SUV,VIC,54295.0
2023.0,SUV,VIC,29888.0
2023.0,SUV,VIC,37900.0
2023.0,SUV,VIC,54387.0
2023.0,SUV,VIC,54387.0
2023.0,SUV,VIC,25990.0
2023.0,SUV,VIC,137800.0
2023.0,SUV,VIC,28741.0
2023.0,SUV,VIC,41888.0
2023.0,SUV,VIC,35450.0
2023.0,SUV,VIC,43132.0
2023.0,SUV,VIC,44990.0
2023.0,SUV,VIC,64988.0
2023.0,SUV,VIC,59990.0
2023.0,SUV,VIC,45888.0
2023.0,SUV,VIC,31870.0
2023.0,SUV,VIC,30970.0
2023.0,SUV,VIC,36990.0
2023.0,SUV,VIC,55450.0
2023.0,SUV,VIC,30590.0
2023.0,SUV,VIC,33988.0
2023.0,SUV,VIC,35500.0
2023.0,SUV,VIC,67800.0
2023.0,SUV,VIC,67800.0
2023.0,SUV,VIC,35990.0
2023.0,SUV,VIC,37900.0
2023.0,SUV,VIC,125888.0
2023.0,SUV,VIC,27990.0
2023.0,SUV,VIC,44450.0
2023.0,SUV,VIC,23990.0
2023.0,SUV,VIC,43970.0
2023.0,SUV,VIC,52990.0
2023.0,SUV,VIC,37900.0
2023.0,SUV,VIC,35990.0
2023.0,SUV,VIC,65250.0
2023.0,SUV,VIC,38900.0
2023.0,SUV,VIC,38990.0
2023.0,SUV,VIC,27990.0
2023.0,SUV,VIC,39367.0
2023.0,SUV,VIC,27990.0
2023.0,SUV,VIC,27990.0
2023.0,SUV,VIC,33933.0
2023.0,SUV,VIC,28990.0
2023.0,SUV,VIC,74450.0
2023.0,SUV,VIC,32190.0
2023.0,SUV,VIC,27990.0
2023.0,SUV,VIC,26990.0
2023.0,SUV,VIC,26990.0
2023.0,SUV,VIC,44888.0
2023.0,SUV,VIC,34990.0
2023.0,SUV,VIC,27990.0
2023.0,SUV,VIC,57490.0
2023.0,SUV,VIC,57970.0
2023.0,SUV,VIC,38888.0
2023.0,SUV,VIC,46990.0
2023.0,SUV,VIC,79888.0
2023.0,SUV,VIC,39970.0
2023.0,SUV,VIC,79888.0
2023.0,SUV,VIC,59905.0
2023.0,SUV,VIC,96990.0
2023.0,SUV,VIC,57600.0
2023.0,SUV,VIC,31990.0
2023.0,SUV,VIC,57600.0
2023.0,SUV,VIC,69990.0
2023.0,SUV,VIC,64888.0
2023.0,SUV,VIC,23990.0
2023.0,SUV,VIC,27990.0
2023.0,SUV,VIC,27990.0
2023.0,SUV,VIC,27990.0
2023.0,SUV,VIC,35880.0
2023.0,SUV,VIC,26588.0
2023.0,SUV,VIC,33990.0
2023.0,SUV,VIC,27990.0
2023.0,SUV,VIC,27990.0
2023.0,SUV,VIC,43750.0
2023.0,SUV,VIC,27990.0
2023.0,SUV,VIC,89990.0
2023.0,SUV,VIC,47888.0
2023.0,SUV,VIC,69800.0
2023.0,SUV,VIC,64627.0
2023.0,SUV,VIC,28990.0
2023.0,SUV,VIC,45890.0
2023.0,SUV,VIC,95989.0
2023.0,SUV,VIC,68800.0
2023.0,SUV,VIC,43990.0
2023.0,SUV,VIC,82340.0
2023.0,SUV,VIC,28990.0
2023.0,SUV,VIC,79990.0
2023.0,SUV,VIC,57970.0
2023.0,SUV,VIC,32990.0
2023.0,SUV,VIC,27990.0
2023.0,SUV,VIC,39995.0
2023.0,SUV,VIC,69800.0
2023.0,SUV,VIC,27990.0
2023.0,SUV,VIC,53880.0
2023.0,SUV,VIC,41669.0
2023.0,SUV,VIC,31390.0
2023.0,SUV,VIC,30990.0
2023.0,SUV,VIC,50989.0
2023.0,SUV,VIC,27990.0
2023.0,SUV,VIC,56950.0
2023.0,SUV,VIC,27990.0
2023.0,SUV,VIC,50990.0
2023.0,SUV,VIC,36970.0
2023.0,SUV,VIC,66800.0
2023.0,SUV,VIC,45970.0
2023.0,SUV,VIC,24558.0
2023.0,SUV,VIC,30990.0
2023.0,SUV,VIC,42867.0
2023.0,SUV,VIC,33989.0
2023.0,SUV,VIC,25488.0
2023.0,SUV,VIC,120990.0
2023.0,SUV,VIC,124502.0
2023.0,SUV,VIC,124504.0
2023.0,SUV,VIC,45870.0
2023.0,SUV,VIC,44888.0
2023.0,SUV,VIC,69800.0
2023.0,SUV,VIC,87888.0
2023.0,SUV,VIC,86440.0
2023.0,SUV,VIC,42990.0
2023.0,SUV,VIC,28990.0
2023.0,SUV,VIC,27990.0
2023.0,SUV,VIC,25888.0
2023.0,SUV,VIC,47888.0
2023.0,SUV,VIC,24800.0
2023.0,SUV,VIC,47905.0
2023.0,SUV,VIC,79990.0
2023.0,SUV,VIC,45218.0
2023.0,SUV,VIC,37450.0
2023.0,SUV,VIC,50905.0
2023.0,SUV,VIC,60888.0
2023.0,SUV,VIC,46888.0
2023.0,SUV,VIC,117187.0
2023.0,SUV,VIC,41788.0
2023.0,SUV,VIC,27990.0
2023.0,SUV,VIC,34988.0
2023.0,SUV,VIC,58990.0
2023.0,SUV,VIC,36450.0
2023.0,SUV,VIC,57888.0
2023.0,SUV,VIC,39990.0
2023.0,SUV,VIC,35418.0
2023.0,SUV,VIC,82500.0
2023.0,SUV,VIC,82500.0
2023.0,SUV,VIC,66800.0
2023.0,SUV,VIC,67800.0
2023.0,SUV,VIC,43134.0
2023.0,SUV,VIC,44480.0
2023.0,SUV,VIC,37450.0
2023.0,SUV,VIC,28990.0
2023.0,SUV,VIC,78888.0
2023.0,SUV,VIC,46240.0
2023.0,SUV,VIC,73990.0
2023.0,SUV,VIC,71450.0
2023.0,SUV,VIC,56990.0
2023.0,SUV,VIC,40990.0
2023.0,SUV,VIC,29970.0
2023.0,SUV,VIC,25990.0
2023.0,SUV,VIC,33990.0
2023.0,SUV,VIC,38990.0
2023.0,SUV,VIC,36885.0
2023.0,SUV,VIC,134868.0
2023.0,SUV,VIC,55492.0
2023.0,SUV,VIC,44990.0
2023.0,SUV,VIC,47888.0
2023.0,SUV,VIC,43990.0
2023.0,SUV,VIC,51990.0
2023.0,SUV,VIC,58888.0
2023.0,SUV,VIC,28990.0
2023.0,SUV,VIC,43860.0
2023.0,SUV,VIC,28990.0
2023.0,SUV,VIC,46850.0
2023.0,SUV,VIC,28799.0
2023.0,SUV,VIC,28252.0
2023.0,SUV,VIC,46888.0
2023.0,SUV,VIC,39988.0
2023.0,SUV,VIC,56750.0
2023.0,SUV,VIC,72800.0
2023.0,SUV,VIC,29990.0
2023.0,SUV,VIC,59990.0
2023.0,SUV,VIC,27990.0
2023.0,SUV,VIC,42967.0
2023.0,SUV,VIC,47450.0
2023.0,SUV,VIC,28888.0
2023.0,SUV,VIC,84450.0
2023.0,SUV,VIC,23990.0
2023.0,SUV,VIC,23990.0
2023.0,SUV,VIC,45999.0
2023.0,SUV,VIC,82800.0
2023.0,SUV,VIC,82800.0
2023.0,SUV,VIC,43990.0
2023.0,SUV,VIC,25788.0
2023.0,SUV,VIC,27990.0
2023.0,SUV,VIC,55450.0
2023.0,SUV,VIC,75888.0
2023.0,SUV,VIC,18900.0
2023.0,SUV,VIC,85500.0
2023.0,SUV,VIC,23990.0
2023.0,SUV,VIC,36222.0
2023.0,SUV,VIC,32488.0
2023.0,SUV,VIC,46800.0
2023.0,SUV,VIC,36990.0
2023.0,SUV,VIC,84500.0
2023.0,SUV,VIC,52940.0
2023.0,SUV,VIC,58490.0
2023.0,SUV,VIC,76800.0
2023.0,SUV,VIC,66940.0
2023.0,SUV,VIC,47867.0
2023.0,SUV,VIC,42867.0
2023.0,SUV,VIC,48428.0
2023.0,SUV,VIC,84450.0
2023.0,SUV,VIC,85450.0
2023.0,SUV,VIC,73990.0
2023.0,SUV,VIC,44970.0
2023.0,SUV,VIC,43530.0
2023.0,SUV,VIC,32450.0
2023.0,SUV,VIC,28990.0
2023.0,SUV,VIC,27990.0
2023.0,SUV,VIC,27990.0
2023.0,SUV,VIC,145800.0
2023.0,SUV,VIC,49888.0
2023.0,SUV,VIC,38990.0
2023.0,SUV,VIC,48450.0
2023.0,SUV,VIC,49990.0
2023.0,SUV,VIC,27990.0
2023.0,SUV,VIC,31250.0
2023.0,SUV,VIC,29990.0
2023.0,SUV,VIC,38990.0
2023.0,SUV,VIC,62400.0
2023.0,SUV,VIC,79650.0
2023.0,SUV,VIC,80800.0
2023.0,SUV,VIC,38888.0
2023.0,SUV,VIC,44570.0
2023.0,SUV,VIC,80800.0
2023.0,SUV,VIC,32888.0
2023.0,SUV,VIC,51450.0
2023.0,SUV,VIC,25990.0
2023.0,SUV,VIC,33990.0
2023.0,SUV,VIC,50990.0
2023.0,SUV,VIC,31450.0
2023.0,SUV,VIC,52780.0
2023.0,SUV,VIC,46990.0
2023.0,SUV,VIC,25490.0
2023.0,SUV,VIC,30208.0
2023.0,SUV,VIC,55990.0
2023.0,SUV,VIC,59950.0
2023.0,SUV,VIC,99800.0
2023.0,SUV,VIC,70450.0
2023.0,SUV,VIC,69888.0
2023.0,SUV,VIC,78800.0
2023.0,SUV,VIC,26990.0
2023.0,SUV,VIC,43990.0
2023.0,SUV,VIC,36867.0
2023.0,SUV,VIC,43990.0
2023.0,SUV,VIC,112888.0
2023.0,SUV,VIC,60990.0
2023.0,SUV,VIC,57999.0
2023.0,SUV,VIC,117619.0
2023.0,SUV,VIC,111888.0
2023.0,SUV,VIC,113880.0
2023.0,SUV,VIC,54690.0
2023.0,SUV,VIC,54990.0
2023.0,SUV,VIC,34950.0
2023.0,SUV,VIC,119990.0
2023.0,SUV,VIC,54990.0
2023.0,SUV,VIC,55290.0
2023.0,SUV,VIC,74990.0
2023.0,SUV,VIC,41990.0
2023.0,SUV,VIC,41990.0
2023.0,SUV,VIC,58990.0
2023.0,SUV,VIC,89990.0
2023.0,SUV,VIC,134990.0
2023.0,SUV,VIC,36990.0
2023.0,SUV,VIC,57990.0
2023.0,SUV,VIC,46861.0
2023.0,SUV,VIC,56190.0
2023.0,SUV,VIC,35867.0
2023.0,SUV,VIC,59990.0
2023.0,SUV,VIC,94000.0
2023.0,SUV,VIC,56990.0
2023.0,SUV,VIC,90990.0
2023.0,SUV,VIC,18900.0
2023.0,SUV,VIC,72867.0
2023.0,SUV,VIC,83650.0
2023.0,SUV,VIC,32990.0
2023.0,SUV,VIC,69388.0
2023.0,SUV,VIC,58990.0
2023.0,SUV,VIC,44888.0
2023.0,SUV,VIC,55888.0
2023.0,SUV,VIC,37777.0
2023.0,SUV,VIC,37777.0
2023.0,SUV,VIC,27990.0
2023.0,SUV,VIC,37990.0
2023.0,SUV,VIC,76888.0
2023.0,SUV,VIC,38880.0
2023.0,SUV,VIC,27990.0
2023.0,SUV,VIC,61595.0
2023.0,SUV,VIC,25911.0
2023.0,SUV,VIC,28990.0
2023.0,SUV,VIC,47990.0
2023.0,SUV,VIC,79888.0
2023.0,SUV,VIC,35990.0
2023.0,SUV,VIC,40888.0
2023.0,SUV,VIC,137900.0
2023.0,SUV,VIC,58990.0
2023.0,SUV,VIC,49888.0
2023.0,SUV,VIC,37950.0
2023.0,SUV,VIC,33990.0
2023.0,SUV,VIC,58888.0
2023.0,SUV,VIC,53890.0
2023.0,SUV,VIC,81950.0
2023.0,SUV,VIC,48888.0
2023.0,SUV,VIC,74399.0
2023.0,SUV,VIC,129610.0
2023.0,SUV,VIC,72900.0
2023.0,SUV,VIC,38388.0
2023.0,SUV,VIC,48960.0
2023.0,SUV,VIC,85400.0
2023.0,SUV,VIC,41888.0
2023.0,SUV,VIC,46799.0
2023.0,SUV,VIC,59950.0
2023.0,SUV,VIC,80800.0
2023.0,SUV,VIC,67720.0
2023.0,SUV,VIC,27135.0
2023.0,SUV,VIC,47990.0
2023.0,SUV,VIC,71867.0
2023.0,SUV,VIC,39998.0
2023.0,SUV,VIC,47888.0
2023.0,SUV,VIC,32990.0
2023.0,SUV,VIC,41899.0
2023.0,SUV,VIC,108888.0
2023.0,SUV,VIC,72993.0
2023.0,SUV,VIC,72993.0
2023.0,SUV,VIC,37888.0
2023.0,SUV,VIC,81600.0
2023.0,SUV,VIC,41818.0
2023.0,SUV,VIC,46777.0
2023.0,SUV,VIC,107990.0
2023.0,SUV,VIC,73876.0
2023.0,SUV,VIC,49999.0
2023.0,SUV,VIC,52867.0
2023.0,SUV,VIC,74888.0
2023.0,SUV,VIC,74888.0
2023.0,SUV,VIC,74888.0
2023.0,SUV,VIC,75490.0
2023.0,SUV,VIC,75490.0
2023.0,SUV,VIC,30888.0
2023.0,SUV,VIC,48490.0
2023.0,SUV,VIC,75990.0
2023.0,SUV,VIC,75990.0
2023.0,SUV,VIC,75990.0
2023.0,SUV,VIC,25990.0
2023.0,SUV,VIC,86900.0
2023.0,SUV,VIC,47777.0
2023.0,SUV,VIC,87626.0
2023.0,SUV,VIC,34777.0
2023.0,SUV,VIC,85000.0
2023.0,SUV,VIC,48799.0
2023.0,SUV,VIC,47777.0
2023.0,SUV,VIC,46777.0
2023.0,SUV,VIC,47777.0
2023.0,SUV,VIC,37280.0
2023.0,SUV,VIC,82897.0
2023.0,SUV,VIC,46799.0
2023.0,SUV,VIC,46888.0
2023.0,SUV,VIC,46888.0
2023.0,SUV,VIC,47888.0
2023.0,SUV,VIC,48399.0
2023.0,SUV,VIC,86990.0
2023.0,SUV,VIC,86990.0
2023.0,SUV,VIC,138868.0
2023.0,SUV,VIC,87990.0
2023.0,SUV,VIC,87990.0
2023.0,SUV,VIC,87990.0
2023.0,SUV,VIC,87990.0
2023.0,SUV,VIC,89990.0
2023.0,SUV,VIC,58990.0
2023.0,SUV,VIC,89990.0
2023.0,SUV,VIC,89990.0
2023.0,SUV,VIC,102990.0
2023.0,SUV,VIC,28888.0
2023.0,SUV,VIC,55990.0
2023.0,SUV,VIC,77880.0
2023.0,SUV,VIC,85300.0
2023.0,SUV,VIC,56990.0
2023.0,SUV,VIC,39888.0
2023.0,SUV,VIC,98990.0
2023.0,SUV,VIC,98990.0
2023.0,SUV,VIC,98990.0
2023.0,SUV,VIC,38888.0
2023.0,SUV,VIC,99990.0
2023.0,SUV,VIC,99990.0
2023.0,SUV,VIC,44888.0
2023.0,SUV,VIC,77990.0
2023.0,SUV,VIC,77888.0
2023.0,SUV,VIC,41314.0
2023.0,SUV,VIC,94900.0
2023.0,SUV,VIC,39990.0
2023.0,SUV,VIC,39990.0
2023.0,SUV,VIC,85888.0
2023.0,SUV,VIC,29750.0
2023.0,SUV,VIC,49990.0
2023.0,SUV,VIC,43888.0
2023.0,SUV,VIC,49888.0
2023.0,SUV,VIC,89950.0
2023.0,SUV,VIC,59700.0
2023.0,SUV,VIC,35880.0
2023.0,SUV,VIC,42990.0
2023.0,SUV,VIC,58950.0
2023.0,SUV,VIC,92990.0
2023.0,SUV,VIC,131788.0
2023.0,SUV,VIC,57950.0
2023.0,SUV,VIC,45988.0
2023.0,SUV,VIC,59990.0
2023.0,SUV,VIC,42990.0
2023.0,SUV,VIC,55900.0
2023.0,SUV,VIC,46880.0
2023.0,Sedan,VIC,66868.0
2023.0,Sedan,VIC,32970.0
2023.0,Sedan,VIC,32999.0
2023.0,Sedan,VIC,102990.0
2023.0,Sedan,VIC,93888.0
2023.0,Sedan,VIC,75888.0
2023.0,Sedan,VIC,75888.0
2023.0,Sedan,VIC,66986.0
2023.0,Sedan,VIC,20900.0
2023.0,Sedan,VIC,21900.0
2023.0,Sedan,VIC,20900.0
2023.0,Sedan,VIC,20900.0
2023.0,Sedan,VIC,66700.0
2023.0,Sedan,VIC,74888.0
2023.0,Sedan,VIC,20900.0
2023.0,Sedan,VIC,21900.0
2023.0,Sedan,VIC,20900.0
2023.0,Sedan,VIC,20900.0
2023.0,Sedan,VIC,62400.0
2023.0,Sedan,VIC,75800.0
2023.0,Sedan,VIC,25990.0
2023.0,Sedan,VIC,66200.0
2023.0,Sedan,VIC,46990.0
2023.0,Sedan,VIC,47990.0
2023.0,Sedan,VIC,70990.0
2023.0,Sedan,VIC,50990.0
2023.0,Sedan,VIC,67990.0
2023.0,Sedan,VIC,53888.0
2023.0,Sedan,VIC,53888.0
2023.0,Sedan,VIC,174999.0
2023.0,Sedan,VIC,131800.0
2023.0,Sedan,VIC,48888.0
2023.0,Sedan,VIC,30990.0
2023.0,Sedan,VIC,39950.0
2023.0,Sedan,VIC,128868.0
2023.0,Sedan,VIC,199911.0
2023.0,Sedan,VIC,33970.0
2023.0,Sedan,VIC,69990.0
2023.0,Sedan,VIC,69990.0
2023.0,Sedan,VIC,75800.0
2023.0,Sedan,VIC,130868.0
2023.0,Sedan,VIC,83990.0
2023.0,Sedan,VIC,77990.0
2023.0,Sedan,VIC,79990.0
2023.0,Sedan,VIC,79990.0
2023.0,Sedan,VIC,79990.0
2023.0,Sedan,VIC,79990.0
2023.0,Sedan,VIC,82990.0
2023.0,Sedan,VIC,82990.0
2023.0,Sedan,VIC,89990.0
2023.0,Ute/Pickup,VIC,38900.0
2023.0,Ute/Pickup,VIC,45990.0
2023.0,Ute/Pickup,VIC,74990.0
2023.0,Ute/Pickup,VIC,122708.0
2023.0,Ute/Pickup,VIC,56558.0
2023.0,Ute/Pickup,VIC,122708.0
2023.0,Ute/Pickup,VIC,122708.0
2023.0,Ute/Pickup,VIC,122708.0
2023.0,Ute/Pickup,VIC,122708.0
2023.0,Ute/Pickup,VIC,122708.0
2023.0,Ute/Pickup,VIC,58450.0
2023.0,Ute/Pickup,VIC,60450.0
2023.0,Ute/Pickup,VIC,96990.0
2023.0,Ute/Pickup,VIC,64450.0
2023.0,Ute/Pickup,VIC,122708.0
2023.0,Ute/Pickup,VIC,122708.0
2023.0,Ute/Pickup,VIC,69450.0
2023.0,Ute/Pickup,VIC,61990.0
2023.0,Ute/Pickup,VIC,71678.0
2023.0,Ute/Pickup,VIC,63552.0
2023.0,Ute/Pickup,VIC,58999.0
2023.0,Ute/Pickup,VIC,67450.0
2023.0,Ute/Pickup,VIC,69450.0
2023.0,Ute/Pickup,VIC,63173.0
2023.0,Ute/Pickup,VIC,44990.0
2023.0,Ute/Pickup,VIC,63990.0
2023.0,Ute/Pickup,VIC,58950.0
2023.0,Ute/Pickup,VIC,37990.0
2023.0,Ute/Pickup,VIC,43990.0
2023.0,Ute/Pickup,VIC,54988.0
2023.0,Ute/Pickup,VIC,57990.0
2023.0,Ute/Pickup,VIC,116990.0
2023.0,Ute/Pickup,VIC,43990.0
2023.0,Ute/Pickup,VIC,108990.0
2023.0,Ute/Pickup,VIC,66990.0
2023.0,Ute/Pickup,VIC,58490.0
2023.0,Ute/Pickup,VIC,36990.0
2023.0,Ute/Pickup,VIC,36990.0
2023.0,Ute/Pickup,VIC,51888.0
2023.0,Ute/Pickup,VIC,50990.0
2023.0,Ute/Pickup,VIC,75990.0
2023.0,Ute/Pickup,VIC,59990.0
2023.0,Ute/Pickup,VIC,57990.0
2023.0,Ute/Pickup,VIC,59990.0
2023.0,Ute/Pickup,VIC,39990.0
2023.0,Ute/Pickup,VIC,87705.0
2023.0,Ute/Pickup,VIC,66450.0
2023.0,Ute/Pickup,VIC,114950.0
2023.0,Ute/Pickup,VIC,36990.0
2023.0,Ute/Pickup,VIC,121990.0
2023.0,Ute/Pickup,VIC,42888.0
2023.0,Ute/Pickup,VIC,70990.0
2023.0,Ute/Pickup,VIC,60788.0
2023.0,Ute/Pickup,VIC,42990.0
2023.0,Ute/Pickup,VIC,64990.0
2023.0,Ute/Pickup,VIC,36990.0
2023.0,Ute/Pickup,VIC,64990.0
2023.0,Ute/Pickup,VIC,49990.0
2023.0,Ute/Pickup,VIC,49990.0
2023.0,Ute/Pickup,VIC,83450.0
2023.0,Ute/Pickup,VIC,39990.0
2023.0,Ute/Pickup,VIC,52990.0
2023.0,Ute/Pickup,VIC,63990.0
2023.0,Ute/Pickup,VIC,63888.0
2023.0,Ute/Pickup,VIC,56888.0
2023.0,Ute/Pickup,VIC,56888.0
2023.0,Ute/Pickup,VIC,43990.0
2023.0,Ute/Pickup,VIC,51867.0
2023.0,Ute/Pickup,VIC,51867.0
2023.0,Ute/Pickup,VIC,36990.0
2023.0,Ute/Pickup,VIC,61888.0
2023.0,Ute/Pickup,VIC,62450.0
2023.0,Ute/Pickup,VIC,54990.0
2023.0,Ute/Pickup,VIC,59399.0
2023.0,Ute/Pickup,VIC,53990.0
2023.0,Ute/Pickup,VIC,60990.0
2023.0,Ute/Pickup,VIC,58990.0
2023.0,Ute/Pickup,VIC,59990.0
2023.0,Ute/Pickup,VIC,114950.0
2023.0,Ute/Pickup,VIC,114950.0
2023.0,Ute/Pickup,VIC,66990.0
2023.0,Ute/Pickup,VIC,66990.0
2023.0,Ute/Pickup,VIC,67990.0
2023.0,Ute/Pickup,VIC,68990.0
2023.0,Ute/Pickup,VIC,50888.0
2023.0,Ute/Pickup,VIC,34888.0
2023.0,Ute/Pickup,VIC,61490.0
2023.0,Ute/Pickup,VIC,41888.0
2023.0,Ute/Pickup,VIC,119912.0
2023.0,Ute/Pickup,VIC,61283.0
2023.0,Ute/Pickup,VIC,58888.0
2023.0,Ute/Pickup,VIC,72705.0
2023.0,Ute/Pickup,VIC,58888.0
2023.0,Ute/Pickup,VIC,44990.0
2023.0,Ute/Pickup,VIC,109990.0
2023.0,Ute/Pickup,VIC,112990.0
2023.0,Ute/Pickup,VIC,112990.0
2023.0,Ute/Pickup,VIC,112990.0
2023.0,Ute/Pickup,VIC,79990.0
2023.0,Ute/Pickup,VIC,44500.0
2023.0,Ute/Pickup,VIC,44500.0
2023.0,Ute/Pickup,VIC,130990.0
2023.0,Ute/Pickup,VIC,53888.0
2023.0,Ute/Pickup,VIC,48999.0
2023.0,Van,VIC,50888.0
2023.0,Van,VIC,35990.0
2023.0,Van,VIC,58990.0
2023.0,Van,VIC,47990.0
2023.0,Van,VIC,42990.0
2023.0,Van,VIC,49867.0
2023.0,Van,VIC,53038.0
2023.0,Van,VIC,52705.0
2023.0,Van,VIC,52705.0
2023.0,Van,VIC,53990.0
2023.0,Van,VIC,52990.0
2023.0,Van,VIC,55990.0
2023.0,Wagon,VIC,39480.0
2023.0,Wagon,VIC,76888.0
2023.0,Wagon,VIC,50006.0
2023.0,Wagon,VIC,64450.0
2023.0,Coupe,WA,99990.0
2023.0,Coupe,WA,43888.0
2023.0,Coupe,WA,48704.0
2023.0,Coupe,WA,40871.0
2023.0,Coupe,WA,46453.0
2023.0,Coupe,WA,48937.0
2023.0,Hatchback,WA,19708.0
2023.0,Hatchback,WA,27813.0
2023.0,Hatchback,WA,32999.0
2023.0,Hatchback,WA,34990.0
2023.0,Hatchback,WA,34990.0
2023.0,Hatchback,WA,32888.0
2023.0,Hatchback,WA,34899.0
2023.0,Hatchback,WA,34950.0
2023.0,Hatchback,WA,37990.0
2023.0,Hatchback,WA,60990.0
2023.0,Hatchback,WA,18074.0
2023.0,Hatchback,WA,17971.0
2023.0,Hatchback,WA,48548.0
2023.0,Hatchback,WA,40690.0
2023.0,Hatchback,WA,40690.0
2023.0,Hatchback,WA,74540.0
2023.0,Hatchback,WA,47576.0
2023.0,Hatchback,WA,33490.0
2023.0,Hatchback,WA,25676.0
2023.0,Hatchback,WA,27813.0
2023.0,Hatchback,WA,19990.0
2023.0,Hatchback,WA,23999.0
2023.0,Hatchback,WA,34899.0
2023.0,Hatchback,WA,43881.0
2023.0,Hatchback,WA,20540.0
2023.0,Hatchback,WA,40039.0
2023.0,Hatchback,WA,19990.0
2023.0,Hatchback,WA,25695.0
2023.0,Hatchback,WA,45990.0
2023.0,Hatchback,WA,46690.0
2023.0,Hatchback,WA,49490.0
2023.0,Hatchback,WA,38962.0
2023.0,Hatchback,WA,23888.0
2023.0,Hatchback,WA,28998.0
2023.0,Hatchback,WA,28998.0
2023.0,Hatchback,WA,50990.0
2023.0,Hatchback,WA,30920.0
2023.0,Hatchback,WA,33990.0
2023.0,Hatchback,WA,55490.0
2023.0,Hatchback,WA,35937.0
2023.0,Hatchback,WA,26888.0
2023.0,Hatchback,WA,26888.0
2023.0,Hatchback,WA,39755.0
2023.0,Hatchback,WA,28387.0
2023.0,Hatchback,WA,70705.0
2023.0,Hatchback,WA,39093.0
2023.0,Hatchback,WA,39093.0
2023.0,Hatchback,WA,21352.0
2023.0,Hatchback,WA,50491.0
2023.0,Hatchback,WA,59990.0
2023.0,Hatchback,WA,74540.0
2023.0,Hatchback,WA,37574.0
2023.0,Hatchback,WA,23900.0
2023.0,Hatchback,WA,29979.0
2023.0,Hatchback,WA,67981.0
2023.0,Hatchback,WA,30928.0
2023.0,Hatchback,WA,25488.0
2023.0,Hatchback,WA,27990.0
2023.0,SUV,WA,30888.0
2023.0,SUV,WA,27489.0
2023.0,SUV,WA,99990.0
2023.0,SUV,WA,27770.0
2023.0,SUV,WA,27770.0
2023.0,SUV,WA,23590.0
2023.0,SUV,WA,32888.0
2023.0,SUV,WA,35622.0
2023.0,SUV,WA,45333.0
2023.0,SUV,WA,23644.0
2023.0,SUV,WA,25888.0
2023.0,SUV,WA,40768.0
2023.0,SUV,WA,35271.0
2023.0,SUV,WA,98713.0
2023.0,SUV,WA,92688.0
2023.0,SUV,WA,81999.0
2023.0,SUV,WA,54431.0
2023.0,SUV,WA,45990.0
2023.0,SUV,WA,25631.0
2023.0,SUV,WA,24944.0
2023.0,SUV,WA,27017.0
2023.0,SUV,WA,21777.0
2023.0,SUV,WA,22376.0
2023.0,SUV,WA,33990.0
2023.0,SUV,WA,27690.0
2023.0,SUV,WA,27690.0
2023.0,SUV,WA,36999.0
2023.0,SUV,WA,21633.0
2023.0,SUV,WA,49990.0
2023.0,SUV,WA,67888.0
2023.0,SUV,WA,91488.0
2023.0,SUV,WA,38990.0
2023.0,SUV,WA,43990.0
2023.0,SUV,WA,111282.0
2023.0,SUV,WA,28999.0
2023.0,SUV,WA,42770.0
2023.0,SUV,WA,111136.0
2023.0,SUV,WA,39888.0
2023.0,SUV,WA,29690.0
2023.0,SUV,WA,29690.0
2023.0,SUV,WA,61990.0
2023.0,SUV,WA,47990.0
2023.0,SUV,WA,29322.0
2023.0,SUV,WA,41490.0
2023.0,SUV,WA,69455.0
2023.0,SUV,WA,30321.0
2023.0,SUV,WA,25790.0
2023.0,SUV,WA,53888.0
2023.0,SUV,WA,29322.0
2023.0,SUV,WA,51999.0
2023.0,SUV,WA,63990.0
2023.0,SUV,WA,33488.0
2023.0,SUV,WA,79950.0
2023.0,SUV,WA,89169.0
2023.0,SUV,WA,83722.0
2023.0,SUV,WA,24944.0
2023.0,SUV,WA,28400.0
2023.0,SUV,WA,83722.0
2023.0,SUV,WA,56850.0
2023.0,SUV,WA,107440.0
2023.0,SUV,WA,54196.0
2023.0,SUV,WA,64888.0
2023.0,SUV,WA,34477.0
2023.0,SUV,WA,85189.0
2023.0,SUV,WA,104288.0
2023.0,SUV,WA,47488.0
2023.0,SUV,WA,79990.0
2023.0,SUV,WA,62888.0
2023.0,SUV,WA,79990.0
2023.0,SUV,WA,69977.0
2023.0,SUV,WA,29961.0
2023.0,SUV,WA,62990.0
2023.0,SUV,WA,21822.0
2023.0,SUV,WA,85195.0
2023.0,SUV,WA,21822.0
2023.0,SUV,WA,91579.0
2023.0,SUV,WA,25888.0
2023.0,SUV,WA,92644.0
2023.0,SUV,WA,108618.0
2023.0,SUV,WA,22424.0
2023.0,SUV,WA,21777.0
2023.0,SUV,WA,24295.0
2023.0,SUV,WA,23644.0
2023.0,SUV,WA,44990.0
2023.0,SUV,WA,91253.0
2023.0,SUV,WA,21633.0
2023.0,SUV,WA,75603.0
2023.0,SUV,WA,104358.0
2023.0,SUV,WA,84035.0
2023.0,SUV,WA,25675.0
2023.0,SUV,WA,127681.0
2023.0,SUV,WA,111813.0
2023.0,SUV,WA,67990.0
2023.0,SUV,WA,89400.0
2023.0,SUV,WA,89400.0
2023.0,SUV,WA,83066.0
2023.0,SUV,WA,28250.0
2023.0,SUV,WA,66019.0
2023.0,SUV,WA,79990.0
2023.0,SUV,WA,85683.0
2023.0,SUV,WA,112878.0
2023.0,SUV,WA,28886.0
2023.0,SUV,WA,81995.0
2023.0,SUV,WA,81993.0
2023.0,SUV,WA,74538.0
2023.0,SUV,WA,78490.0
2023.0,SUV,WA,115008.0
2023.0,SUV,WA,25637.0
2023.0,SUV,WA,116073.0
2023.0,SUV,WA,23990.0
2023.0,SUV,WA,24650.0
2023.0,SUV,WA,23990.0
2023.0,SUV,WA,69988.0
2023.0,SUV,WA,71440.0
2023.0,SUV,WA,26093.0
2023.0,SUV,WA,85190.0
2023.0,SUV,WA,78693.0
2023.0,SUV,WA,76028.0
2023.0,SUV,WA,111813.0
2023.0,SUV,WA,28880.0
2023.0,SUV,WA,129925.0
2023.0,SUV,WA,29750.0
2023.0,SUV,WA,29940.0
2023.0,SUV,WA,34789.0
2023.0,SUV,WA,58475.0
2023.0,SUV,WA,22950.0
2023.0,SUV,WA,79880.0
2023.0,SUV,WA,29990.0
2023.0,SUV,WA,83060.0
2023.0,SUV,WA,35391.0
2023.0,SUV,WA,37950.0
2023.0,SUV,WA,26244.0
2023.0,SUV,WA,29440.0
2023.0,SUV,WA,35165.0
2023.0,SUV,WA,26742.0
2023.0,SUV,WA,68516.0
2023.0,SUV,WA,29440.0
2023.0,SUV,WA,33888.0
2023.0,SUV,WA,81750.0
2023.0,SUV,WA,34888.0
2023.0,SUV,WA,115014.0
2023.0,SUV,WA,30440.0
2023.0,SUV,WA,48703.0
2023.0,SUV,WA,48703.0
2023.0,SUV,WA,120340.0
2023.0,SUV,WA,106450.0
2023.0,SUV,WA,32950.0
2023.0,SUV,WA,69205.0
2023.0,SUV,WA,79990.0
2023.0,SUV,WA,82000.0
2023.0,SUV,WA,73250.0
2023.0,SUV,WA,106888.0
2023.0,SUV,WA,46888.0
2023.0,SUV,WA,89455.0
2023.0,SUV,WA,74431.0
2023.0,SUV,WA,36990.0
2023.0,SUV,WA,25388.0
2023.0,SUV,WA,35271.0
2023.0,SUV,WA,78159.0
2023.0,SUV,WA,33899.0
2023.0,SUV,WA,29850.0
2023.0,SUV,WA,106990.0
2023.0,SUV,WA,33488.0
2023.0,SUV,WA,106990.0
2023.0,SUV,WA,37250.0
2023.0,SUV,WA,79863.0
2023.0,SUV,WA,34477.0
2023.0,SUV,WA,85683.0
2023.0,SUV,WA,40881.0
2023.0,SUV,WA,33193.0
2023.0,SUV,WA,85683.0
2023.0,SUV,WA,22950.0
2023.0,SUV,WA,37553.0
2023.0,SUV,WA,25445.0
2023.0,SUV,WA,35370.0
2023.0,SUV,WA,84115.0
2023.0,SUV,WA,35999.0
2023.0,SUV,WA,53888.0
2023.0,SUV,WA,33193.0
2023.0,SUV,WA,93700.0
2023.0,SUV,WA,35888.0
2023.0,SUV,WA,25675.0
2023.0,SUV,WA,41999.0
2023.0,SUV,WA,101164.0
2023.0,SUV,WA,95307.0
2023.0,SUV,WA,47564.0
2023.0,SUV,WA,46462.0
2023.0,SUV,WA,29960.0
2023.0,SUV,WA,61651.0
2023.0,SUV,WA,25440.0
2023.0,SUV,WA,33193.0
2023.0,SUV,WA,82888.0
2023.0,SUV,WA,29999.0
2023.0,SUV,WA,74538.0
2023.0,SUV,WA,38111.0
2023.0,SUV,WA,23517.0
2023.0,SUV,WA,33193.0
2023.0,SUV,WA,67990.0
2023.0,SUV,WA,47950.0
2023.0,SUV,WA,97990.0
2023.0,SUV,WA,36486.0
2023.0,SUV,WA,57990.0
2023.0,SUV,WA,37574.0
2023.0,SUV,WA,56990.0
2023.0,SUV,WA,37574.0
2023.0,SUV,WA,25264.0
2023.0,SUV,WA,92688.0
2023.0,SUV,WA,33193.0
2023.0,SUV,WA,55912.0
2023.0,SUV,WA,33193.0
2023.0,SUV,WA,31018.0
2023.0,SUV,WA,33193.0
2023.0,SUV,WA,147878.0
2023.0,SUV,WA,22950.0
2023.0,SUV,WA,25637.0
2023.0,SUV,WA,88216.0
2023.0,SUV,WA,41998.0
2023.0,SUV,WA,79888.0
2023.0,SUV,WA,79863.0
2023.0,SUV,WA,32990.0
2023.0,SUV,WA,28775.0
2023.0,SUV,WA,22950.0
2023.0,SUV,WA,27690.0
2023.0,SUV,WA,25675.0
2023.0,SUV,WA,91586.0
2023.0,SUV,WA,27950.0
2023.0,SUV,WA,46462.0
2023.0,SUV,WA,60586.0
2023.0,SUV,WA,129241.0
2023.0,SUV,WA,83880.0
2023.0,SUV,WA,29787.0
2023.0,SUV,WA,30445.0
2023.0,SUV,WA,94898.0
2023.0,SUV,WA,97310.0
2023.0,SUV,WA,32099.0
2023.0,SUV,WA,74950.0
2023.0,SUV,WA,87320.0
2023.0,SUV,WA,43800.0
2023.0,SUV,WA,28886.0
2023.0,SUV,WA,88394.0
2023.0,SUV,WA,58350.0
2023.0,SUV,WA,25059.0
2023.0,SUV,WA,30832.0
2023.0,SUV,WA,61739.0
2023.0,SUV,WA,35271.0
2023.0,SUV,WA,147878.0
2023.0,SUV,WA,25059.0
2023.0,SUV,WA,25675.0
2023.0,SUV,WA,80928.0
2023.0,SUV,WA,39450.0
2023.0,SUV,WA,25675.0
2023.0,SUV,WA,33880.0
2023.0,SUV,WA,25675.0
2023.0,SUV,WA,135243.0
2023.0,SUV,WA,49988.0
2023.0,SUV,WA,55370.0
2023.0,SUV,WA,43551.0
2023.0,SUV,WA,37460.0
2023.0,SUV,WA,25675.0
2023.0,SUV,WA,71988.0
2023.0,SUV,WA,21950.0
2023.0,SUV,WA,90888.0
2023.0,SUV,WA,26093.0
2023.0,SUV,WA,126730.0
2023.0,SUV,WA,25675.0
2023.0,SUV,WA,25675.0
2023.0,SUV,WA,90513.0
2023.0,SUV,WA,35888.0
2023.0,SUV,WA,25059.0
2023.0,SUV,WA,39661.0
2023.0,SUV,WA,23950.0
2023.0,SUV,WA,25462.0
2023.0,SUV,WA,23617.0
2023.0,SUV,WA,135249.0
2023.0,SUV,WA,51918.0
2023.0,SUV,WA,105990.0
2023.0,SUV,WA,105990.0
2023.0,SUV,WA,57515.0
2023.0,SUV,WA,44120.0
2023.0,SUV,WA,151219.0
2023.0,SUV,WA,26749.0
2023.0,SUV,WA,41332.0
2023.0,SUV,WA,85188.0
2023.0,SUV,WA,25675.0
2023.0,SUV,WA,70190.0
2023.0,SUV,WA,84125.0
2023.0,SUV,WA,43051.0
2023.0,SUV,WA,37460.0
2023.0,SUV,WA,40889.0
2023.0,SUV,WA,25636.0
2023.0,SUV,WA,31999.0
2023.0,SUV,WA,25636.0
2023.0,SUV,WA,86253.0
2023.0,SUV,WA,87852.0
2023.0,SUV,WA,58456.0
2023.0,SUV,WA,48990.0
2023.0,SUV,WA,78710.0
2023.0,SUV,WA,115009.0
2023.0,SUV,WA,81990.0
2023.0,SUV,WA,90475.0
2023.0,SUV,WA,46453.0
2023.0,SUV,WA,55370.0
2023.0,SUV,WA,37460.0
2023.0,SUV,WA,37460.0
2023.0,SUV,WA,61651.0
2023.0,SUV,WA,78710.0
2023.0,SUV,WA,37589.0
2023.0,SUV,WA,129990.0
2023.0,SUV,WA,84123.0
2023.0,SUV,WA,68060.0
2023.0,SUV,WA,74431.0
2023.0,SUV,WA,35391.0
2023.0,SUV,WA,35391.0
2023.0,SUV,WA,35271.0
2023.0,SUV,WA,29196.0
2023.0,SUV,WA,44221.0
2023.0,SUV,WA,139503.0
2023.0,SUV,WA,49736.0
2023.0,SUV,WA,47577.0
2023.0,SUV,WA,21888.0
2023.0,SUV,WA,54990.0
2023.0,SUV,WA,36440.0
2023.0,SUV,WA,37469.0
2023.0,SUV,WA,45226.0
2023.0,SUV,WA,43971.0
2023.0,SUV,WA,38250.0
2023.0,SUV,WA,138446.0
2023.0,SUV,WA,22350.0
2023.0,SUV,WA,22350.0
2023.0,SUV,WA,31577.0
2023.0,SUV,WA,74431.0
2023.0,SUV,WA,135777.0
2023.0,SUV,WA,20850.0
2023.0,SUV,WA,144604.0
2023.0,SUV,WA,135777.0
2023.0,SUV,WA,21990.0
2023.0,SUV,WA,66870.0
2023.0,SUV,WA,37298.0
2023.0,SUV,WA,35998.0
2023.0,SUV,WA,36888.0
2023.0,SUV,WA,67990.0
2023.0,SUV,WA,67990.0
2023.0,SUV,WA,135940.0
2023.0,SUV,WA,31040.0
2023.0,SUV,WA,37440.0
2023.0,SUV,WA,20539.0
2023.0,SUV,WA,39250.0
2023.0,SUV,WA,32029.0
2023.0,SUV,WA,23850.0
2023.0,SUV,WA,71750.0
2023.0,SUV,WA,50990.0
2023.0,SUV,WA,54292.0
2023.0,SUV,WA,34292.0
2023.0,SUV,WA,125665.0
2023.0,SUV,WA,35880.0
2023.0,SUV,WA,36250.0
2023.0,SUV,WA,58475.0
2023.0,SUV,WA,74540.0
2023.0,SUV,WA,27822.0
2023.0,SUV,WA,59521.0
2023.0,SUV,WA,85218.0
2023.0,SUV,WA,53240.0
2023.0,SUV,WA,47460.0
2023.0,SUV,WA,53239.0
2023.0,SUV,WA,35622.0
2023.0,SUV,WA,33206.0
2023.0,SUV,WA,37480.0
2023.0,SUV,WA,135244.0
2023.0,SUV,WA,50848.0
2023.0,SUV,WA,24990.0
2023.0,SUV,WA,24990.0
2023.0,SUV,WA,98888.0
2023.0,SUV,WA,58379.0
2023.0,SUV,WA,29990.0
2023.0,SUV,WA,87990.0
2023.0,SUV,WA,69990.0
2023.0,SUV,WA,31950.0
2023.0,SUV,WA,33888.0
2023.0,SUV,WA,73366.0
2023.0,SUV,WA,73385.0
2023.0,SUV,WA,71059.0
2023.0,SUV,WA,41895.0
2023.0,SUV,WA,32990.0
2023.0,SUV,WA,78440.0
2023.0,SUV,WA,78440.0
2023.0,SUV,WA,41888.0
2023.0,SUV,WA,112790.0
2023.0,SUV,WA,84990.0
2023.0,SUV,WA,122990.0
2023.0,SUV,WA,122990.0
2023.0,SUV,WA,59888.0
2023.0,SUV,WA,48990.0
2023.0,SUV,WA,51983.0
2023.0,Sedan,WA,48703.0
2023.0,Sedan,WA,32500.0
2023.0,Sedan,WA,27999.0
2023.0,Sedan,WA,78990.0
2023.0,Sedan,WA,79950.0
2023.0,Sedan,WA,25990.0
2023.0,Sedan,WA,25990.0
2023.0,Sedan,WA,44216.0
2023.0,Sedan,WA,58500.0
2023.0,Sedan,WA,29950.0
2023.0,Sedan,WA,73098.0
2023.0,Sedan,WA,68633.0
2023.0,Sedan,WA,68633.0
2023.0,Sedan,WA,68633.0
2023.0,Sedan,WA,72888.0
2023.0,Sedan,WA,37574.0
2023.0,Sedan,WA,43950.0
2023.0,Sedan,WA,63894.0
2023.0,Sedan,WA,25591.0
2023.0,Sedan,WA,25591.0
2023.0,Sedan,WA,46462.0
2023.0,Sedan,WA,41895.0
2023.0,Sedan,WA,25591.0
2023.0,Sedan,WA,21999.0
2023.0,Sedan,WA,58458.0
2023.0,Sedan,WA,40787.0
2023.0,Sedan,WA,33765.0
2023.0,Sedan,WA,77990.0
2023.0,Sedan,WA,79990.0
2023.0,Sedan,WA,34293.0
2023.0,Sedan,WA,43888.0
2023.0,Sedan,WA,43888.0
2023.0,Ute/Pickup,WA,79999.0
2023.0,Ute/Pickup,WA,44999.0
2023.0,Ute/Pickup,WA,71044.0
2023.0,Ute/Pickup,WA,71044.0
2023.0,Ute/Pickup,WA,66702.0
2023.0,Ute/Pickup,WA,57402.0
2023.0,Ute/Pickup,WA,73999.0
2023.0,Ute/Pickup,WA,43442.0
2023.0,Ute/Pickup,WA,62990.0
2023.0,Ute/Pickup,WA,58990.0
2023.0,Ute/Pickup,WA,62990.0
2023.0,Ute/Pickup,WA,67085.0
2023.0,Ute/Pickup,WA,57999.0
2023.0,Ute/Pickup,WA,58456.0
2023.0,Ute/Pickup,WA,63896.0
2023.0,Ute/Pickup,WA,69999.0
2023.0,Ute/Pickup,WA,52999.0
2023.0,Ute/Pickup,WA,73474.0
2023.0,Ute/Pickup,WA,53219.0
2023.0,Ute/Pickup,WA,53899.0
2023.0,Ute/Pickup,WA,73722.0
2023.0,Ute/Pickup,WA,67599.0
2023.0,Ute/Pickup,WA,47460.0
2023.0,Ute/Pickup,WA,66702.0
2023.0,Ute/Pickup,WA,78519.0
2023.0,Ute/Pickup,WA,73722.0
2023.0,Ute/Pickup,WA,62999.0
2023.0,Ute/Pickup,WA,43442.0
2023.0,Ute/Pickup,WA,88999.0
2023.0,Ute/Pickup,WA,52088.0
2023.0,Ute/Pickup,WA,60695.0
2023.0,Ute/Pickup,WA,48683.0
2023.0,Ute/Pickup,WA,63499.0
2023.0,Ute/Pickup,WA,68150.0
2023.0,Ute/Pickup,WA,63990.0
2023.0,Ute/Pickup,WA,91999.0
2023.0,Ute/Pickup,WA,63990.0
2023.0,Ute/Pickup,WA,71236.0
2023.0,Ute/Pickup,WA,94765.0
2023.0,Ute/Pickup,WA,74530.0
2023.0,Ute/Pickup,WA,63488.0
2023.0,Ute/Pickup,WA,63488.0
2023.0,Ute/Pickup,WA,70279.0
2023.0,Ute/Pickup,WA,51427.0
2023.0,Ute/Pickup,WA,59881.0
2023.0,Ute/Pickup,WA,85999.0
2023.0,Ute/Pickup,WA,89450.0
2023.0,Ute/Pickup,WA,81994.0
2023.0,Ute/Pickup,WA,53239.0
2023.0,Ute/Pickup,WA,53239.0
2023.0,Ute/Pickup,WA,88384.0
2023.0,Ute/Pickup,WA,71345.0
2023.0,Ute/Pickup,WA,59990.0
2023.0,Ute/Pickup,WA,78799.0
2023.0,Ute/Pickup,WA,74540.0
2023.0,Ute/Pickup,WA,101165.0
2023.0,Ute/Pickup,WA,56326.0
2023.0,Ute/Pickup,WA,48800.0
2023.0,Van,WA,38121.0
2023.0,Van,WA,61769.0
2023.0,Van,WA,40668.0
2023.0,Van,WA,54310.0
2023.0,Van,WA,31067.0
2023.0,Van,WA,31058.0
