year,state,sex,work_status,segment,annual_income,price,ai
2014,ACT,Females,Full-time,Hatchback,69306.0,27032.0,2.5638
2014,ACT,Females,Full-time,SUV,69306.0,41376.0,1.675
2014,ACT,Females,Full-time,Sedan,69306.0,58334.0,1.1881
2014,ACT,Females,Full-time,Ute,69306.0,47292.0,1.4655
2014,ACT,Females,Full-time,Wagon,69306.0,51816.0,1.3375
2014,ACT,Females,Part-time,Hatchback,31200.0,27032.0,1.1542
2014,ACT,Females,Part-time,SUV,31200.0,41376.0,0.7541
2014,ACT,Females,Part-time,Sedan,31200.0,58334.0,0.5349
2014,ACT,Females,Part-time,Ute,31200.0,47292.0,0.6597
2014,ACT,Females,Part-time,Wagon,31200.0,51816.0,0.6021
2014,ACT,Females,Total,Hatchback,57200.0,27032.0,2.116
2014,ACT,Females,Total,SUV,57200.0,41376.0,1.3825
2014,ACT,Females,Total,Sedan,57200.0,58334.0,0.9806
2014,ACT,Females,Total,Ute,57200.0,47292.0,1.2095
2014,ACT,Females,Total,Wagon,57200.0,51816.0,1.1039
2014,ACT,Males,Full-time,Hatchback,82685.0,27032.0,3.0588
2014,ACT,Males,Full-time,SUV,82685.0,41376.0,1.9984
2014,ACT,Males,Full-time,Sedan,82685.0,58334.0,1.4174
2014,ACT,Males,Full-time,Ute,82685.0,47292.0,1.7484
2014,ACT,Males,Full-time,Wagon,82685.0,51816.0,1.5958
2014,ACT,Males,Part-time,Hatchback,20587.0,27032.0,0.7616
2014,ACT,Males,Part-time,SUV,20587.0,41376.0,0.4976
2014,ACT,Males,Part-time,Sedan,20587.0,58334.0,0.3529
2014,ACT,Males,Part-time,Ute,20587.0,47292.0,0.4353
2014,ACT,Males,Part-time,Wagon,20587.0,51816.0,0.3973
2014,ACT,Males,Total,Hatchback,71947.0,27032.0,2.6615
2014,ACT,Males,Total,SUV,71947.0,41376.0,1.7389
2014,ACT,Males,Total,Sedan,71947.0,58334.0,1.2334
2014,ACT,Males,Total,Ute,71947.0,47292.0,1.5214
2014,ACT,Males,Total,Wagon,71947.0,51816.0,1.3885
2014,ACT,Persons,Full-time,Hatchback,75977.0,27032.0,2.8106
2014,ACT,Persons,Full-time,SUV,75977.0,41376.0,1.8363
2014,ACT,Persons,Full-time,Sedan,75977.0,58334.0,1.3025
2014,ACT,Persons,Full-time,Ute,75977.0,47292.0,1.6066
2014,ACT,Persons,Full-time,Wagon,75977.0,51816.0,1.4663
2014,ACT,Persons,Part-time,Hatchback,25974.0,27032.0,0.9609
2014,ACT,Persons,Part-time,SUV,25974.0,41376.0,0.6278
2014,ACT,Persons,Part-time,Sedan,25974.0,58334.0,0.4453
2014,ACT,Persons,Part-time,Ute,25974.0,47292.0,0.5492
2014,ACT,Persons,Part-time,Wagon,25974.0,51816.0,0.5013
2014,ACT,Persons,Total,Hatchback,62400.0,27032.0,2.3084
2014,ACT,Persons,Total,SUV,62400.0,41376.0,1.5081
2014,ACT,Persons,Total,Sedan,62400.0,58334.0,1.0697
2014,ACT,Persons,Total,Ute,62400.0,47292.0,1.3195
2014,ACT,Persons,Total,Wagon,62400.0,51816.0,1.2043
2014,AUS,Females,Full-time,Hatchback,57200.0,27810.0,2.0568
2014,AUS,Females,Full-time,SUV,57200.0,42567.0,1.3438
2014,AUS,Females,Full-time,Sedan,57200.0,60014.0,0.9531
2014,AUS,Females,Full-time,Ute,57200.0,48653.0,1.1757
2014,AUS,Females,Full-time,Wagon,57200.0,53308.0,1.073
2014,AUS,Females,Part-time,Hatchback,25896.0,27810.0,0.9312
2014,AUS,Females,Part-time,SUV,25896.0,42567.0,0.6084
2014,AUS,Females,Part-time,Sedan,25896.0,60014.0,0.4315
2014,AUS,Females,Part-time,Ute,25896.0,48653.0,0.5323
2014,AUS,Females,Part-time,Wagon,25896.0,53308.0,0.4858
2014,AUS,Females,Total,Hatchback,42900.0,27810.0,1.5426
2014,AUS,Females,Total,SUV,42900.0,42567.0,1.0078
2014,AUS,Females,Total,Sedan,42900.0,60014.0,0.7148
2014,AUS,Females,Total,Ute,42900.0,48653.0,0.8817
2014,AUS,Females,Total,Wagon,42900.0,53308.0,0.8048
2014,AUS,Males,Full-time,Hatchback,67704.0,27810.0,2.4345
2014,AUS,Males,Full-time,SUV,67704.0,42567.0,1.5905
2014,AUS,Males,Full-time,Sedan,67704.0,60014.0,1.1281
2014,AUS,Males,Full-time,Ute,67704.0,48653.0,1.3916
2014,AUS,Males,Full-time,Wagon,67704.0,53308.0,1.2701
2014,AUS,Males,Part-time,Hatchback,20800.0,27810.0,0.7479
2014,AUS,Males,Part-time,SUV,20800.0,42567.0,0.4886
2014,AUS,Males,Part-time,Sedan,20800.0,60014.0,0.3466
2014,AUS,Males,Part-time,Ute,20800.0,48653.0,0.4275
2014,AUS,Males,Part-time,Wagon,20800.0,53308.0,0.3902
2014,AUS,Males,Total,Hatchback,60996.0,27810.0,2.1933
2014,AUS,Males,Total,SUV,60996.0,42567.0,1.4329
2014,AUS,Males,Total,Sedan,60996.0,60014.0,1.0164
2014,AUS,Males,Total,Ute,60996.0,48653.0,1.2537
2014,AUS,Males,Total,Wagon,60996.0,53308.0,1.1442
2014,AUS,Persons,Full-time,Hatchback,62816.0,27810.0,2.2587
2014,AUS,Persons,Full-time,SUV,62816.0,42567.0,1.4757
2014,AUS,Persons,Full-time,Sedan,62816.0,60014.0,1.0467
2014,AUS,Persons,Full-time,Ute,62816.0,48653.0,1.2911
2014,AUS,Persons,Full-time,Wagon,62816.0,53308.0,1.1784
2014,AUS,Persons,Part-time,Hatchback,23920.0,27810.0,0.8601
2014,AUS,Persons,Part-time,SUV,23920.0,42567.0,0.5619
2014,AUS,Persons,Part-time,Sedan,23920.0,60014.0,0.3986
2014,AUS,Persons,Part-time,Ute,23920.0,48653.0,0.4916
2014,AUS,Persons,Part-time,Wagon,23920.0,53308.0,0.4487
2014,AUS,Persons,Total,Hatchback,52000.0,27810.0,1.8698
2014,AUS,Persons,Total,SUV,52000.0,42567.0,1.2216
2014,AUS,Persons,Total,Sedan,52000.0,60014.0,0.8665
2014,AUS,Persons,Total,Ute,52000.0,48653.0,1.0688
2014,AUS,Persons,Total,Wagon,52000.0,53308.0,0.9755
2014,NSW,Females,Full-time,Hatchback,59800.0,27810.0,2.1503
2014,NSW,Females,Full-time,SUV,59800.0,42567.0,1.4048
2014,NSW,Females,Full-time,Sedan,59800.0,60014.0,0.9964
2014,NSW,Females,Full-time,Ute,59800.0,48653.0,1.2291
2014,NSW,Females,Full-time,Wagon,59800.0,53308.0,1.1218
2014,NSW,Females,Part-time,Hatchback,26000.0,27810.0,0.9349
2014,NSW,Females,Part-time,SUV,26000.0,42567.0,0.6108
2014,NSW,Females,Part-time,Sedan,26000.0,60014.0,0.4332
2014,NSW,Females,Part-time,Ute,26000.0,48653.0,0.5344
2014,NSW,Females,Part-time,Wagon,26000.0,53308.0,0.4877
2014,NSW,Females,Total,Hatchback,44200.0,27810.0,1.5893
2014,NSW,Females,Total,SUV,44200.0,42567.0,1.0384
2014,NSW,Females,Total,Sedan,44200.0,60014.0,0.7365
2014,NSW,Females,Total,Ute,44200.0,48653.0,0.9085
2014,NSW,Females,Total,Wagon,44200.0,53308.0,0.8291
2014,NSW,Males,Full-time,Hatchback,67600.0,27810.0,2.4307
2014,NSW,Males,Full-time,SUV,67600.0,42567.0,1.5881
2014,NSW,Males,Full-time,Sedan,67600.0,60014.0,1.1264
2014,NSW,Males,Full-time,Ute,67600.0,48653.0,1.3894
2014,NSW,Males,Full-time,Wagon,67600.0,53308.0,1.2681
2014,NSW,Males,Part-time,Hatchback,20800.0,27810.0,0.7479
2014,NSW,Males,Part-time,SUV,20800.0,42567.0,0.4886
2014,NSW,Males,Part-time,Sedan,20800.0,60014.0,0.3466
2014,NSW,Males,Part-time,Ute,20800.0,48653.0,0.4275
2014,NSW,Males,Part-time,Wagon,20800.0,53308.0,0.3902
2014,NSW,Males,Total,Hatchback,61568.0,27810.0,2.2138
2014,NSW,Males,Total,SUV,61568.0,42567.0,1.4464
2014,NSW,Males,Total,Sedan,61568.0,60014.0,1.0259
2014,NSW,Males,Total,Ute,61568.0,48653.0,1.2654
2014,NSW,Males,Total,Wagon,61568.0,53308.0,1.155
2014,NSW,Persons,Full-time,Hatchback,65000.0,27810.0,2.3372
2014,NSW,Persons,Full-time,SUV,65000.0,42567.0,1.527
2014,NSW,Persons,Full-time,Sedan,65000.0,60014.0,1.0831
2014,NSW,Persons,Full-time,Ute,65000.0,48653.0,1.336
2014,NSW,Persons,Full-time,Wagon,65000.0,53308.0,1.2193
2014,NSW,Persons,Part-time,Hatchback,24908.0,27810.0,0.8956
2014,NSW,Persons,Part-time,SUV,24908.0,42567.0,0.5851
2014,NSW,Persons,Part-time,Sedan,24908.0,60014.0,0.415
2014,NSW,Persons,Part-time,Ute,24908.0,48653.0,0.5119
2014,NSW,Persons,Part-time,Wagon,24908.0,53308.0,0.4672
2014,NSW,Persons,Total,Hatchback,52000.0,27810.0,1.8698
2014,NSW,Persons,Total,SUV,52000.0,42567.0,1.2216
2014,NSW,Persons,Total,Sedan,52000.0,60014.0,0.8665
2014,NSW,Persons,Total,Ute,52000.0,48653.0,1.0688
2014,NSW,Persons,Total,Wagon,52000.0,53308.0,0.9755
2014,NT,Females,Full-time,Hatchback,62400.0,28909.0,2.1585
2014,NT,Females,Full-time,SUV,62400.0,44249.0,1.4102
2014,NT,Females,Full-time,Sedan,62400.0,62385.0,1.0002
2014,NT,Females,Full-time,Ute,62400.0,50576.0,1.2338
2014,NT,Females,Full-time,Wagon,62400.0,55414.0,1.1261
2014,NT,Females,Part-time,Hatchback,27342.0,28909.0,0.9458
2014,NT,Females,Part-time,SUV,27342.0,44249.0,0.6179
2014,NT,Females,Part-time,Sedan,27342.0,62385.0,0.4383
2014,NT,Females,Part-time,Ute,27342.0,50576.0,0.5406
2014,NT,Females,Part-time,Wagon,27342.0,55414.0,0.4934
2014,NT,Females,Total,Hatchback,55526.0,28909.0,1.9207
2014,NT,Females,Total,SUV,55526.0,44249.0,1.2548
2014,NT,Females,Total,Sedan,55526.0,62385.0,0.8901
2014,NT,Females,Total,Ute,55526.0,50576.0,1.0979
2014,NT,Females,Total,Wagon,55526.0,55414.0,1.002
2014,NT,Males,Full-time,Hatchback,80454.0,28909.0,2.783
2014,NT,Males,Full-time,SUV,80454.0,44249.0,1.8182
2014,NT,Males,Full-time,Sedan,80454.0,62385.0,1.2897
2014,NT,Males,Full-time,Ute,80454.0,50576.0,1.5908
2014,NT,Males,Full-time,Wagon,80454.0,55414.0,1.4519
2014,NT,Males,Part-time,Hatchback,25038.0,28909.0,0.8661
2014,NT,Males,Part-time,SUV,25038.0,44249.0,0.5658
2014,NT,Males,Part-time,Sedan,25038.0,62385.0,0.4013
2014,NT,Males,Part-time,Ute,25038.0,50576.0,0.4951
2014,NT,Males,Part-time,Wagon,25038.0,55414.0,0.4518
2014,NT,Males,Total,Hatchback,78000.0,28909.0,2.6981
2014,NT,Males,Total,SUV,78000.0,44249.0,1.7628
2014,NT,Males,Total,Sedan,78000.0,62385.0,1.2503
2014,NT,Males,Total,Ute,78000.0,50576.0,1.5422
2014,NT,Males,Total,Wagon,78000.0,55414.0,1.4076
2014,NT,Persons,Full-time,Hatchback,71760.0,28909.0,2.4823
2014,NT,Persons,Full-time,SUV,71760.0,44249.0,1.6217
2014,NT,Persons,Full-time,Sedan,71760.0,62385.0,1.1503
2014,NT,Persons,Full-time,Ute,71760.0,50576.0,1.4189
2014,NT,Persons,Full-time,Wagon,71760.0,55414.0,1.295
2014,NT,Persons,Part-time,Hatchback,26000.0,28909.0,0.8994
2014,NT,Persons,Part-time,SUV,26000.0,44249.0,0.5876
2014,NT,Persons,Part-time,Sedan,26000.0,62385.0,0.4168
2014,NT,Persons,Part-time,Ute,26000.0,50576.0,0.5141
2014,NT,Persons,Part-time,Wagon,26000.0,55414.0,0.4692
2014,NT,Persons,Total,Hatchback,65000.0,28909.0,2.2484
2014,NT,Persons,Total,SUV,65000.0,44249.0,1.469
2014,NT,Persons,Total,Sedan,65000.0,62385.0,1.0419
2014,NT,Persons,Total,Ute,65000.0,50576.0,1.2852
2014,NT,Persons,Total,Wagon,65000.0,55414.0,1.173
2014,QLD,Females,Full-time,Hatchback,53524.0,27432.0,1.9511
2014,QLD,Females,Full-time,SUV,53524.0,41988.0,1.2747
2014,QLD,Females,Full-time,Sedan,53524.0,59197.0,0.9042
2014,QLD,Females,Full-time,Ute,53524.0,47991.0,1.1153
2014,QLD,Females,Full-time,Wagon,53524.0,52583.0,1.0179
2014,QLD,Females,Part-time,Hatchback,26000.0,27432.0,0.9478
2014,QLD,Females,Part-time,SUV,26000.0,41988.0,0.6192
2014,QLD,Females,Part-time,Sedan,26000.0,59197.0,0.4392
2014,QLD,Females,Part-time,Ute,26000.0,47991.0,0.5418
2014,QLD,Females,Part-time,Wagon,26000.0,52583.0,0.4945
2014,QLD,Females,Total,Hatchback,41600.0,27432.0,1.5165
2014,QLD,Females,Total,SUV,41600.0,41988.0,0.9908
2014,QLD,Females,Total,Sedan,41600.0,59197.0,0.7027
2014,QLD,Females,Total,Ute,41600.0,47991.0,0.8668
2014,QLD,Females,Total,Wagon,41600.0,52583.0,0.7911
2014,QLD,Males,Full-time,Hatchback,67600.0,27432.0,2.4643
2014,QLD,Males,Full-time,SUV,67600.0,41988.0,1.61
2014,QLD,Males,Full-time,Sedan,67600.0,59197.0,1.1419
2014,QLD,Males,Full-time,Ute,67600.0,47991.0,1.4086
2014,QLD,Males,Full-time,Wagon,67600.0,52583.0,1.2856
2014,QLD,Males,Part-time,Hatchback,20800.0,27432.0,0.7582
2014,QLD,Males,Part-time,SUV,20800.0,41988.0,0.4954
2014,QLD,Males,Part-time,Sedan,20800.0,59197.0,0.3514
2014,QLD,Males,Part-time,Ute,20800.0,47991.0,0.4334
2014,QLD,Males,Part-time,Wagon,20800.0,52583.0,0.3956
2014,QLD,Males,Total,Hatchback,59800.0,27432.0,2.1799
2014,QLD,Males,Total,SUV,59800.0,41988.0,1.4242
2014,QLD,Males,Total,Sedan,59800.0,59197.0,1.0102
2014,QLD,Males,Total,Ute,59800.0,47991.0,1.2461
2014,QLD,Males,Total,Wagon,59800.0,52583.0,1.1373
2014,QLD,Persons,Full-time,Hatchback,61828.0,27432.0,2.2539
2014,QLD,Persons,Full-time,SUV,61828.0,41988.0,1.4725
2014,QLD,Persons,Full-time,Sedan,61828.0,59197.0,1.0444
2014,QLD,Persons,Full-time,Ute,61828.0,47991.0,1.2883
2014,QLD,Persons,Full-time,Wagon,61828.0,52583.0,1.1758
2014,QLD,Persons,Part-time,Hatchback,24700.0,27432.0,0.9004
2014,QLD,Persons,Part-time,SUV,24700.0,41988.0,0.5883
2014,QLD,Persons,Part-time,Sedan,24700.0,59197.0,0.4172
2014,QLD,Persons,Part-time,Ute,24700.0,47991.0,0.5147
2014,QLD,Persons,Part-time,Wagon,24700.0,52583.0,0.4697
2014,QLD,Persons,Total,Hatchback,50960.0,27432.0,1.8577
2014,QLD,Persons,Total,SUV,50960.0,41988.0,1.2137
2014,QLD,Persons,Total,Sedan,50960.0,59197.0,0.8609
2014,QLD,Persons,Total,Ute,50960.0,47991.0,1.0619
2014,QLD,Persons,Total,Wagon,50960.0,52583.0,0.9691
2014,SA,Females,Full-time,Hatchback,54740.0,27445.0,1.9946
2014,SA,Females,Full-time,SUV,54740.0,42007.0,1.3031
2014,SA,Females,Full-time,Sedan,54740.0,59224.0,0.9243
2014,SA,Females,Full-time,Ute,54740.0,48014.0,1.1401
2014,SA,Females,Full-time,Wagon,54740.0,52607.0,1.0406
2014,SA,Females,Part-time,Hatchback,25464.0,27445.0,0.9278
2014,SA,Females,Part-time,SUV,25464.0,42007.0,0.6062
2014,SA,Females,Part-time,Sedan,25464.0,59224.0,0.43
2014,SA,Females,Part-time,Ute,25464.0,48014.0,0.5304
2014,SA,Females,Part-time,Wagon,25464.0,52607.0,0.4841
2014,SA,Females,Total,Hatchback,39884.0,27445.0,1.4532
2014,SA,Females,Total,SUV,39884.0,42007.0,0.9495
2014,SA,Females,Total,Sedan,39884.0,59224.0,0.6734
2014,SA,Females,Total,Ute,39884.0,48014.0,0.8307
2014,SA,Females,Total,Wagon,39884.0,52607.0,0.7582
2014,SA,Males,Full-time,Hatchback,62182.0,27445.0,2.2657
2014,SA,Males,Full-time,SUV,62182.0,42007.0,1.4803
2014,SA,Males,Full-time,Sedan,62182.0,59224.0,1.0499
2014,SA,Males,Full-time,Ute,62182.0,48014.0,1.2951
2014,SA,Males,Full-time,Wagon,62182.0,52607.0,1.182
2014,SA,Males,Part-time,Hatchback,23228.0,27445.0,0.8464
2014,SA,Males,Part-time,SUV,23228.0,42007.0,0.553
2014,SA,Males,Part-time,Sedan,23228.0,59224.0,0.3922
2014,SA,Males,Part-time,Ute,23228.0,48014.0,0.4838
2014,SA,Males,Part-time,Wagon,23228.0,52607.0,0.4415
2014,SA,Males,Total,Hatchback,56529.0,27445.0,2.0597
2014,SA,Males,Total,SUV,56529.0,42007.0,1.3457
2014,SA,Males,Total,Sedan,56529.0,59224.0,0.9545
2014,SA,Males,Total,Ute,56529.0,48014.0,1.1774
2014,SA,Males,Total,Wagon,56529.0,52607.0,1.0746
2014,SA,Persons,Full-time,Hatchback,59280.0,27445.0,2.16
2014,SA,Persons,Full-time,SUV,59280.0,42007.0,1.4112
2014,SA,Persons,Full-time,Sedan,59280.0,59224.0,1.0009
2014,SA,Persons,Full-time,Ute,59280.0,48014.0,1.2347
2014,SA,Persons,Full-time,Wagon,59280.0,52607.0,1.1268
2014,SA,Persons,Part-time,Hatchback,24700.0,27445.0,0.9
2014,SA,Persons,Part-time,SUV,24700.0,42007.0,0.588
2014,SA,Persons,Part-time,Sedan,24700.0,59224.0,0.4171
2014,SA,Persons,Part-time,Ute,24700.0,48014.0,0.5144
2014,SA,Persons,Part-time,Wagon,24700.0,52607.0,0.4695
2014,SA,Persons,Total,Hatchback,48100.0,27445.0,1.7526
2014,SA,Persons,Total,SUV,48100.0,42007.0,1.145
2014,SA,Persons,Total,Sedan,48100.0,59224.0,0.8122
2014,SA,Persons,Total,Ute,48100.0,48014.0,1.0018
2014,SA,Persons,Total,Wagon,48100.0,52607.0,0.9143
2014,TAS,Females,Full-time,Hatchback,52000.0,27129.0,1.9168
2014,TAS,Females,Full-time,SUV,52000.0,41524.0,1.2523
2014,TAS,Females,Full-time,Sedan,52000.0,58543.0,0.8882
2014,TAS,Females,Full-time,Ute,52000.0,47461.0,1.0956
2014,TAS,Females,Full-time,Wagon,52000.0,52001.0,1.0
2014,TAS,Females,Part-time,Hatchback,24778.0,27129.0,0.9133
2014,TAS,Females,Part-time,SUV,24778.0,41524.0,0.5967
2014,TAS,Females,Part-time,Sedan,24778.0,58543.0,0.4232
2014,TAS,Females,Part-time,Ute,24778.0,47461.0,0.5221
2014,TAS,Females,Part-time,Wagon,24778.0,52001.0,0.4765
2014,TAS,Females,Total,Hatchback,36400.0,27129.0,1.3417
2014,TAS,Females,Total,SUV,36400.0,41524.0,0.8766
2014,TAS,Females,Total,Sedan,36400.0,58543.0,0.6218
2014,TAS,Females,Total,Ute,36400.0,47461.0,0.7669
2014,TAS,Females,Total,Wagon,36400.0,52001.0,0.7
2014,TAS,Males,Full-time,Hatchback,57200.0,27129.0,2.1085
2014,TAS,Males,Full-time,SUV,57200.0,41524.0,1.3775
2014,TAS,Males,Full-time,Sedan,57200.0,58543.0,0.9771
2014,TAS,Males,Full-time,Ute,57200.0,47461.0,1.2052
2014,TAS,Males,Full-time,Wagon,57200.0,52001.0,1.1
2014,TAS,Males,Part-time,Hatchback,21424.0,27129.0,0.7897
2014,TAS,Males,Part-time,SUV,21424.0,41524.0,0.5159
2014,TAS,Males,Part-time,Sedan,21424.0,58543.0,0.366
2014,TAS,Males,Part-time,Ute,21424.0,47461.0,0.4514
2014,TAS,Males,Part-time,Wagon,21424.0,52001.0,0.412
2014,TAS,Males,Total,Hatchback,52000.0,27129.0,1.9168
2014,TAS,Males,Total,SUV,52000.0,41524.0,1.2523
2014,TAS,Males,Total,Sedan,52000.0,58543.0,0.8882
2014,TAS,Males,Total,Ute,52000.0,47461.0,1.0956
2014,TAS,Males,Total,Wagon,52000.0,52001.0,1.0
2014,TAS,Persons,Full-time,Hatchback,54985.0,27129.0,2.0268
2014,TAS,Persons,Full-time,SUV,54985.0,41524.0,1.3242
2014,TAS,Persons,Full-time,Sedan,54985.0,58543.0,0.9392
2014,TAS,Persons,Full-time,Ute,54985.0,47461.0,1.1585
2014,TAS,Persons,Full-time,Wagon,54985.0,52001.0,1.0574
2014,TAS,Persons,Part-time,Hatchback,23920.0,27129.0,0.8817
2014,TAS,Persons,Part-time,SUV,23920.0,41524.0,0.5761
2014,TAS,Persons,Part-time,Sedan,23920.0,58543.0,0.4086
2014,TAS,Persons,Part-time,Ute,23920.0,47461.0,0.504
2014,TAS,Persons,Part-time,Wagon,23920.0,52001.0,0.46
2014,TAS,Persons,Total,Hatchback,44866.0,27129.0,1.6538
2014,TAS,Persons,Total,SUV,44866.0,41524.0,1.0805
2014,TAS,Persons,Total,Sedan,44866.0,58543.0,0.7664
2014,TAS,Persons,Total,Ute,44866.0,47461.0,0.9453
2014,TAS,Persons,Total,Wagon,44866.0,52001.0,0.8628
2014,VIC,Females,Full-time,Hatchback,54704.0,29096.0,1.8801
2014,VIC,Females,Full-time,SUV,54704.0,44535.0,1.2283
2014,VIC,Females,Full-time,Sedan,54704.0,62788.0,0.8712
2014,VIC,Females,Full-time,Ute,54704.0,50903.0,1.0747
2014,VIC,Females,Full-time,Wagon,54704.0,55772.0,0.9808
2014,VIC,Females,Part-time,Hatchback,24700.0,29096.0,0.8489
2014,VIC,Females,Part-time,SUV,24700.0,44535.0,0.5546
2014,VIC,Females,Part-time,Sedan,24700.0,62788.0,0.3934
2014,VIC,Females,Part-time,Ute,24700.0,50903.0,0.4852
2014,VIC,Females,Part-time,Wagon,24700.0,55772.0,0.4429
2014,VIC,Females,Total,Hatchback,42640.0,29096.0,1.4655
2014,VIC,Females,Total,SUV,42640.0,44535.0,0.9574
2014,VIC,Females,Total,Sedan,42640.0,62788.0,0.6791
2014,VIC,Females,Total,Ute,42640.0,50903.0,0.8377
2014,VIC,Females,Total,Wagon,42640.0,55772.0,0.7645
2014,VIC,Males,Full-time,Hatchback,65780.0,29096.0,2.2608
2014,VIC,Males,Full-time,SUV,65780.0,44535.0,1.477
2014,VIC,Males,Full-time,Sedan,65780.0,62788.0,1.0476
2014,VIC,Males,Full-time,Ute,65780.0,50903.0,1.2923
2014,VIC,Males,Full-time,Wagon,65780.0,55772.0,1.1794
2014,VIC,Males,Part-time,Hatchback,18512.0,29096.0,0.6362
2014,VIC,Males,Part-time,SUV,18512.0,44535.0,0.4157
2014,VIC,Males,Part-time,Sedan,18512.0,62788.0,0.2948
2014,VIC,Males,Part-time,Ute,18512.0,50903.0,0.3637
2014,VIC,Males,Part-time,Wagon,18512.0,55772.0,0.3319
2014,VIC,Males,Total,Hatchback,57200.0,29096.0,1.9659
2014,VIC,Males,Total,SUV,57200.0,44535.0,1.2844
2014,VIC,Males,Total,Sedan,57200.0,62788.0,0.911
2014,VIC,Males,Total,Ute,57200.0,50903.0,1.1237
2014,VIC,Males,Total,Wagon,57200.0,55772.0,1.0256
2014,VIC,Persons,Full-time,Hatchback,61126.0,29096.0,2.1008
2014,VIC,Persons,Full-time,SUV,61126.0,44535.0,1.3725
2014,VIC,Persons,Full-time,Sedan,61126.0,62788.0,0.9735
2014,VIC,Persons,Full-time,Ute,61126.0,50903.0,1.2008
2014,VIC,Persons,Full-time,Wagon,61126.0,55772.0,1.096
2014,VIC,Persons,Part-time,Hatchback,22932.0,29096.0,0.7881
2014,VIC,Persons,Part-time,SUV,22932.0,44535.0,0.5149
2014,VIC,Persons,Part-time,Sedan,22932.0,62788.0,0.3652
2014,VIC,Persons,Part-time,Ute,22932.0,50903.0,0.4505
2014,VIC,Persons,Part-time,Wagon,22932.0,55772.0,0.4112
2014,VIC,Persons,Total,Hatchback,49400.0,29096.0,1.6978
2014,VIC,Persons,Total,SUV,49400.0,44535.0,1.1092
2014,VIC,Persons,Total,Sedan,49400.0,62788.0,0.7868
2014,VIC,Persons,Total,Ute,49400.0,50903.0,0.9705
2014,VIC,Persons,Total,Wagon,49400.0,55772.0,0.8857
2014,WA,Females,Full-time,Hatchback,62400.0,28547.0,2.1859
2014,WA,Females,Full-time,SUV,62400.0,43695.0,1.4281
2014,WA,Females,Full-time,Sedan,62400.0,61603.0,1.0129
2014,WA,Females,Full-time,Ute,62400.0,49942.0,1.2494
2014,WA,Females,Full-time,Wagon,62400.0,54720.0,1.1404
2014,WA,Females,Part-time,Hatchback,26000.0,28547.0,0.9108
2014,WA,Females,Part-time,SUV,26000.0,43695.0,0.595
2014,WA,Females,Part-time,Sedan,26000.0,61603.0,0.4221
2014,WA,Females,Part-time,Ute,26000.0,49942.0,0.5206
2014,WA,Females,Part-time,Wagon,26000.0,54720.0,0.4751
2014,WA,Females,Total,Hatchback,44200.0,28547.0,1.5483
2014,WA,Females,Total,SUV,44200.0,43695.0,1.0116
2014,WA,Females,Total,Sedan,44200.0,61603.0,0.7175
2014,WA,Females,Total,Ute,44200.0,49942.0,0.885
2014,WA,Females,Total,Wagon,44200.0,54720.0,0.8078
2014,WA,Males,Full-time,Hatchback,81120.0,28547.0,2.8416
2014,WA,Males,Full-time,SUV,81120.0,43695.0,1.8565
2014,WA,Males,Full-time,Sedan,81120.0,61603.0,1.3168
2014,WA,Males,Full-time,Ute,81120.0,49942.0,1.6243
2014,WA,Males,Full-time,Wagon,81120.0,54720.0,1.4825
2014,WA,Males,Part-time,Hatchback,21570.0,28547.0,0.7556
2014,WA,Males,Part-time,SUV,21570.0,43695.0,0.4936
2014,WA,Males,Part-time,Sedan,21570.0,61603.0,0.3501
2014,WA,Males,Part-time,Ute,21570.0,49942.0,0.4319
2014,WA,Males,Part-time,Wagon,21570.0,54720.0,0.3942
2014,WA,Males,Total,Hatchback,74121.0,28547.0,2.5964
2014,WA,Males,Total,SUV,74121.0,43695.0,1.6963
2014,WA,Males,Total,Sedan,74121.0,61603.0,1.2032
2014,WA,Males,Total,Ute,74121.0,49942.0,1.4841
2014,WA,Males,Total,Wagon,74121.0,54720.0,1.3546
2014,WA,Persons,Full-time,Hatchback,72800.0,28547.0,2.5502
2014,WA,Persons,Full-time,SUV,72800.0,43695.0,1.6661
2014,WA,Persons,Full-time,Sedan,72800.0,61603.0,1.1818
2014,WA,Persons,Full-time,Ute,72800.0,49942.0,1.4577
2014,WA,Persons,Full-time,Wagon,72800.0,54720.0,1.3304
2014,WA,Persons,Part-time,Hatchback,24955.0,28547.0,0.8742
2014,WA,Persons,Part-time,SUV,24955.0,43695.0,0.5711
2014,WA,Persons,Part-time,Sedan,24955.0,61603.0,0.4051
2014,WA,Persons,Part-time,Ute,24955.0,49942.0,0.4997
2014,WA,Persons,Part-time,Wagon,24955.0,54720.0,0.456
2014,WA,Persons,Total,Hatchback,58708.0,28547.0,2.0565
2014,WA,Persons,Total,SUV,58708.0,43695.0,1.3436
2014,WA,Persons,Total,Sedan,58708.0,61603.0,0.953
2014,WA,Persons,Total,Ute,58708.0,49942.0,1.1755
2014,WA,Persons,Total,Wagon,58708.0,54720.0,1.0729
2015,ACT,Females,Full-time,Hatchback,74922.0,26941.0,2.781
2015,ACT,Females,Full-time,SUV,74922.0,41236.0,1.8169
2015,ACT,Females,Full-time,Sedan,74922.0,58136.0,1.2887
2015,ACT,Females,Full-time,Ute,74922.0,47131.0,1.5896
2015,ACT,Females,Full-time,Wagon,74922.0,51640.0,1.4508
2015,ACT,Females,Part-time,Hatchback,31200.0,26941.0,1.1581
2015,ACT,Females,Part-time,SUV,31200.0,41236.0,0.7566
2015,ACT,Females,Part-time,Sedan,31200.0,58136.0,0.5367
2015,ACT,Females,Part-time,Ute,31200.0,47131.0,0.662
2015,ACT,Females,Part-time,Wagon,31200.0,51640.0,0.6042
2015,ACT,Females,Total,Hatchback,59800.0,26941.0,2.2197
2015,ACT,Females,Total,SUV,59800.0,41236.0,1.4502
2015,ACT,Females,Total,Sedan,59800.0,58136.0,1.0286
2015,ACT,Females,Total,Ute,59800.0,47131.0,1.2688
2015,ACT,Females,Total,Wagon,59800.0,51640.0,1.158
2015,ACT,Males,Full-time,Hatchback,82150.0,26941.0,3.0493
2015,ACT,Males,Full-time,SUV,82150.0,41236.0,1.9922
2015,ACT,Males,Full-time,Sedan,82150.0,58136.0,1.4131
2015,ACT,Males,Full-time,Ute,82150.0,47131.0,1.743
2015,ACT,Males,Full-time,Wagon,82150.0,51640.0,1.5908
2015,ACT,Males,Part-time,Hatchback,20093.0,26941.0,0.7458
2015,ACT,Males,Part-time,SUV,20093.0,41236.0,0.4873
2015,ACT,Males,Part-time,Sedan,20093.0,58136.0,0.3456
2015,ACT,Males,Part-time,Ute,20093.0,47131.0,0.4263
2015,ACT,Males,Part-time,Wagon,20093.0,51640.0,0.3891
2015,ACT,Males,Total,Hatchback,71500.0,26941.0,2.654
2015,ACT,Males,Total,SUV,71500.0,41236.0,1.7339
2015,ACT,Males,Total,Sedan,71500.0,58136.0,1.2299
2015,ACT,Males,Total,Ute,71500.0,47131.0,1.517
2015,ACT,Males,Total,Wagon,71500.0,51640.0,1.3846
2015,ACT,Persons,Full-time,Hatchback,78000.0,26941.0,2.8953
2015,ACT,Persons,Full-time,SUV,78000.0,41236.0,1.8916
2015,ACT,Persons,Full-time,Sedan,78000.0,58136.0,1.3417
2015,ACT,Persons,Full-time,Ute,78000.0,47131.0,1.6549
2015,ACT,Persons,Full-time,Wagon,78000.0,51640.0,1.5104
2015,ACT,Persons,Part-time,Hatchback,26874.0,26941.0,0.9975
2015,ACT,Persons,Part-time,SUV,26874.0,41236.0,0.6517
2015,ACT,Persons,Part-time,Sedan,26874.0,58136.0,0.4623
2015,ACT,Persons,Part-time,Ute,26874.0,47131.0,0.5702
2015,ACT,Persons,Part-time,Wagon,26874.0,51640.0,0.5204
2015,ACT,Persons,Total,Hatchback,65317.0,26941.0,2.4245
2015,ACT,Persons,Total,SUV,65317.0,41236.0,1.584
2015,ACT,Persons,Total,Sedan,65317.0,58136.0,1.1235
2015,ACT,Persons,Total,Ute,65317.0,47131.0,1.3859
2015,ACT,Persons,Total,Wagon,65317.0,51640.0,1.2648
2015,AUS,Females,Full-time,Hatchback,58521.0,27716.0,2.1114
2015,AUS,Females,Full-time,SUV,58521.0,42423.0,1.3795
2015,AUS,Females,Full-time,Sedan,58521.0,59810.0,0.9784
2015,AUS,Females,Full-time,Ute,58521.0,48489.0,1.2069
2015,AUS,Females,Full-time,Wagon,58521.0,53127.0,1.1015
2015,AUS,Females,Part-time,Hatchback,26000.0,27716.0,0.9381
2015,AUS,Females,Part-time,SUV,26000.0,42423.0,0.6129
2015,AUS,Females,Part-time,Sedan,26000.0,59810.0,0.4347
2015,AUS,Females,Part-time,Ute,26000.0,48489.0,0.5362
2015,AUS,Females,Part-time,Wagon,26000.0,53127.0,0.4894
2015,AUS,Females,Total,Hatchback,44200.0,27716.0,1.5947
2015,AUS,Females,Total,SUV,44200.0,42423.0,1.0419
2015,AUS,Females,Total,Sedan,44200.0,59810.0,0.739
2015,AUS,Females,Total,Ute,44200.0,48489.0,0.9116
2015,AUS,Females,Total,Wagon,44200.0,53127.0,0.832
2015,AUS,Males,Full-time,Hatchback,67600.0,27716.0,2.439
2015,AUS,Males,Full-time,SUV,67600.0,42423.0,1.5935
2015,AUS,Males,Full-time,Sedan,67600.0,59810.0,1.1302
2015,AUS,Males,Full-time,Ute,67600.0,48489.0,1.3941
2015,AUS,Males,Full-time,Wagon,67600.0,53127.0,1.2724
2015,AUS,Males,Part-time,Hatchback,20800.0,27716.0,0.7505
2015,AUS,Males,Part-time,SUV,20800.0,42423.0,0.4903
2015,AUS,Males,Part-time,Sedan,20800.0,59810.0,0.3478
2015,AUS,Males,Part-time,Ute,20800.0,48489.0,0.429
2015,AUS,Males,Part-time,Wagon,20800.0,53127.0,0.3915
2015,AUS,Males,Total,Hatchback,61464.0,27716.0,2.2176
2015,AUS,Males,Total,SUV,61464.0,42423.0,1.4488
2015,AUS,Males,Total,Sedan,61464.0,59810.0,1.0276
2015,AUS,Males,Total,Ute,61464.0,48489.0,1.2676
2015,AUS,Males,Total,Wagon,61464.0,53127.0,1.1569
2015,AUS,Persons,Full-time,Hatchback,63960.0,27716.0,2.3077
2015,AUS,Persons,Full-time,SUV,63960.0,42423.0,1.5077
2015,AUS,Persons,Full-time,Sedan,63960.0,59810.0,1.0694
2015,AUS,Persons,Full-time,Ute,63960.0,48489.0,1.3191
2015,AUS,Persons,Full-time,Wagon,63960.0,53127.0,1.2039
2015,AUS,Persons,Part-time,Hatchback,25116.0,27716.0,0.9062
2015,AUS,Persons,Part-time,SUV,25116.0,42423.0,0.592
2015,AUS,Persons,Part-time,Sedan,25116.0,59810.0,0.4199
2015,AUS,Persons,Part-time,Ute,25116.0,48489.0,0.518
2015,AUS,Persons,Part-time,Wagon,25116.0,53127.0,0.4728
2015,AUS,Persons,Total,Hatchback,52000.0,27716.0,1.8762
2015,AUS,Persons,Total,SUV,52000.0,42423.0,1.2258
2015,AUS,Persons,Total,Sedan,52000.0,59810.0,0.8694
2015,AUS,Persons,Total,Ute,52000.0,48489.0,1.0724
2015,AUS,Persons,Total,Wagon,52000.0,53127.0,0.9788
2015,NSW,Females,Full-time,Hatchback,59290.0,27716.0,2.1392
2015,NSW,Females,Full-time,SUV,59290.0,42423.0,1.3976
2015,NSW,Females,Full-time,Sedan,59290.0,59810.0,0.9913
2015,NSW,Females,Full-time,Ute,59290.0,48489.0,1.2228
2015,NSW,Females,Full-time,Wagon,59290.0,53127.0,1.116
2015,NSW,Females,Part-time,Hatchback,26000.0,27716.0,0.9381
2015,NSW,Females,Part-time,SUV,26000.0,42423.0,0.6129
2015,NSW,Females,Part-time,Sedan,26000.0,59810.0,0.4347
2015,NSW,Females,Part-time,Ute,26000.0,48489.0,0.5362
2015,NSW,Females,Part-time,Wagon,26000.0,53127.0,0.4894
2015,NSW,Females,Total,Hatchback,45084.0,27716.0,1.6266
2015,NSW,Females,Total,SUV,45084.0,42423.0,1.0627
2015,NSW,Females,Total,Sedan,45084.0,59810.0,0.7538
2015,NSW,Females,Total,Ute,45084.0,48489.0,0.9298
2015,NSW,Females,Total,Wagon,45084.0,53127.0,0.8486
2015,NSW,Males,Full-time,Hatchback,69992.0,27716.0,2.5253
2015,NSW,Males,Full-time,SUV,69992.0,42423.0,1.6499
2015,NSW,Males,Full-time,Sedan,69992.0,59810.0,1.1702
2015,NSW,Males,Full-time,Ute,69992.0,48489.0,1.4435
2015,NSW,Males,Full-time,Wagon,69992.0,53127.0,1.3174
2015,NSW,Males,Part-time,Hatchback,20800.0,27716.0,0.7505
2015,NSW,Males,Part-time,SUV,20800.0,42423.0,0.4903
2015,NSW,Males,Part-time,Sedan,20800.0,59810.0,0.3478
2015,NSW,Males,Part-time,Ute,20800.0,48489.0,0.429
2015,NSW,Males,Part-time,Wagon,20800.0,53127.0,0.3915
2015,NSW,Males,Total,Hatchback,62400.0,27716.0,2.2514
2015,NSW,Males,Total,SUV,62400.0,42423.0,1.4709
2015,NSW,Males,Total,Sedan,62400.0,59810.0,1.0433
2015,NSW,Males,Total,Ute,62400.0,48489.0,1.2869
2015,NSW,Males,Total,Wagon,62400.0,53127.0,1.1745
2015,NSW,Persons,Full-time,Hatchback,65000.0,27716.0,2.3452
2015,NSW,Persons,Full-time,SUV,65000.0,42423.0,1.5322
2015,NSW,Persons,Full-time,Sedan,65000.0,59810.0,1.0868
2015,NSW,Persons,Full-time,Ute,65000.0,48489.0,1.3405
2015,NSW,Persons,Full-time,Wagon,65000.0,53127.0,1.2235
2015,NSW,Persons,Part-time,Hatchback,24960.0,27716.0,0.9006
2015,NSW,Persons,Part-time,SUV,24960.0,42423.0,0.5884
2015,NSW,Persons,Part-time,Sedan,24960.0,59810.0,0.4173
2015,NSW,Persons,Part-time,Ute,24960.0,48489.0,0.5148
2015,NSW,Persons,Part-time,Wagon,24960.0,53127.0,0.4698
2015,NSW,Persons,Total,Hatchback,52000.0,27716.0,1.8762
2015,NSW,Persons,Total,SUV,52000.0,42423.0,1.2258
2015,NSW,Persons,Total,Sedan,52000.0,59810.0,0.8694
2015,NSW,Persons,Total,Ute,52000.0,48489.0,1.0724
2015,NSW,Persons,Total,Wagon,52000.0,53127.0,0.9788
2015,NT,Females,Full-time,Hatchback,62400.0,28811.0,2.1658
2015,NT,Females,Full-time,SUV,62400.0,44099.0,1.415
2015,NT,Females,Full-time,Sedan,62400.0,62173.0,1.0036
2015,NT,Females,Full-time,Ute,62400.0,50404.0,1.238
2015,NT,Females,Full-time,Wagon,62400.0,55226.0,1.1299
2015,NT,Females,Part-time,Hatchback,26031.0,28811.0,0.9035
2015,NT,Females,Part-time,SUV,26031.0,44099.0,0.5903
2015,NT,Females,Part-time,Sedan,26031.0,62173.0,0.4187
2015,NT,Females,Part-time,Ute,26031.0,50404.0,0.5164
2015,NT,Females,Part-time,Wagon,26031.0,55226.0,0.4714
2015,NT,Females,Total,Hatchback,54808.0,28811.0,1.9023
2015,NT,Females,Total,SUV,54808.0,44099.0,1.2428
2015,NT,Females,Total,Sedan,54808.0,62173.0,0.8815
2015,NT,Females,Total,Ute,54808.0,50404.0,1.0874
2015,NT,Females,Total,Wagon,54808.0,55226.0,0.9924
2015,NT,Males,Full-time,Hatchback,72800.0,28811.0,2.5268
2015,NT,Males,Full-time,SUV,72800.0,44099.0,1.6508
2015,NT,Males,Full-time,Sedan,72800.0,62173.0,1.1709
2015,NT,Males,Full-time,Ute,72800.0,50404.0,1.4443
2015,NT,Males,Full-time,Wagon,72800.0,55226.0,1.3182
2015,NT,Males,Part-time,Hatchback,18070.0,28811.0,0.6272
2015,NT,Males,Part-time,SUV,18070.0,44099.0,0.4098
2015,NT,Males,Part-time,Sedan,18070.0,62173.0,0.2906
2015,NT,Males,Part-time,Ute,18070.0,50404.0,0.3585
2015,NT,Males,Part-time,Wagon,18070.0,55226.0,0.3272
2015,NT,Males,Total,Hatchback,69186.0,28811.0,2.4013
2015,NT,Males,Total,SUV,69186.0,44099.0,1.5689
2015,NT,Males,Total,Sedan,69186.0,62173.0,1.1128
2015,NT,Males,Total,Ute,69186.0,50404.0,1.3726
2015,NT,Males,Total,Wagon,69186.0,55226.0,1.2528
2015,NT,Persons,Full-time,Hatchback,65000.0,28811.0,2.2561
2015,NT,Persons,Full-time,SUV,65000.0,44099.0,1.474
2015,NT,Persons,Full-time,Sedan,65000.0,62173.0,1.0455
2015,NT,Persons,Full-time,Ute,65000.0,50404.0,1.2896
2015,NT,Persons,Full-time,Wagon,65000.0,55226.0,1.177
2015,NT,Persons,Part-time,Hatchback,24960.0,28811.0,0.8663
2015,NT,Persons,Part-time,SUV,24960.0,44099.0,0.566
2015,NT,Persons,Part-time,Sedan,24960.0,62173.0,0.4015
2015,NT,Persons,Part-time,Ute,24960.0,50404.0,0.4952
2015,NT,Persons,Part-time,Wagon,24960.0,55226.0,0.452
2015,NT,Persons,Total,Hatchback,62400.0,28811.0,2.1658
2015,NT,Persons,Total,SUV,62400.0,44099.0,1.415
2015,NT,Persons,Total,Sedan,62400.0,62173.0,1.0036
2015,NT,Persons,Total,Ute,62400.0,50404.0,1.238
2015,NT,Persons,Total,Wagon,62400.0,55226.0,1.1299
2015,QLD,Females,Full-time,Hatchback,57200.0,27339.0,2.0922
2015,QLD,Females,Full-time,SUV,57200.0,41846.0,1.3669
2015,QLD,Females,Full-time,Sedan,57200.0,58997.0,0.9695
2015,QLD,Females,Full-time,Ute,57200.0,47829.0,1.1959
2015,QLD,Females,Full-time,Wagon,57200.0,52405.0,1.0915
2015,QLD,Females,Part-time,Hatchback,28288.0,27339.0,1.0347
2015,QLD,Females,Part-time,SUV,28288.0,41846.0,0.676
2015,QLD,Females,Part-time,Sedan,28288.0,58997.0,0.4795
2015,QLD,Females,Part-time,Ute,28288.0,47829.0,0.5914
2015,QLD,Females,Part-time,Wagon,28288.0,52405.0,0.5398
2015,QLD,Females,Total,Hatchback,44200.0,27339.0,1.6167
2015,QLD,Females,Total,SUV,44200.0,41846.0,1.0563
2015,QLD,Females,Total,Sedan,44200.0,58997.0,0.7492
2015,QLD,Females,Total,Ute,44200.0,47829.0,0.9241
2015,QLD,Females,Total,Wagon,44200.0,52405.0,0.8434
2015,QLD,Males,Full-time,Hatchback,65000.0,27339.0,2.3775
2015,QLD,Males,Full-time,SUV,65000.0,41846.0,1.5533
2015,QLD,Males,Full-time,Sedan,65000.0,58997.0,1.1018
2015,QLD,Males,Full-time,Ute,65000.0,47829.0,1.359
2015,QLD,Males,Full-time,Wagon,65000.0,52405.0,1.2404
2015,QLD,Males,Part-time,Hatchback,20800.0,27339.0,0.7608
2015,QLD,Males,Part-time,SUV,20800.0,41846.0,0.4971
2015,QLD,Males,Part-time,Sedan,20800.0,58997.0,0.3526
2015,QLD,Males,Part-time,Ute,20800.0,47829.0,0.4349
2015,QLD,Males,Part-time,Wagon,20800.0,52405.0,0.3969
2015,QLD,Males,Total,Hatchback,59800.0,27339.0,2.1873
2015,QLD,Males,Total,SUV,59800.0,41846.0,1.4291
2015,QLD,Males,Total,Sedan,59800.0,58997.0,1.0136
2015,QLD,Males,Total,Ute,59800.0,47829.0,1.2503
2015,QLD,Males,Total,Wagon,59800.0,52405.0,1.1411
2015,QLD,Persons,Full-time,Hatchback,62400.0,27339.0,2.2824
2015,QLD,Persons,Full-time,SUV,62400.0,41846.0,1.4912
2015,QLD,Persons,Full-time,Sedan,62400.0,58997.0,1.0577
2015,QLD,Persons,Full-time,Ute,62400.0,47829.0,1.3046
2015,QLD,Persons,Full-time,Wagon,62400.0,52405.0,1.1907
2015,QLD,Persons,Part-time,Hatchback,26000.0,27339.0,0.951
2015,QLD,Persons,Part-time,SUV,26000.0,41846.0,0.6213
2015,QLD,Persons,Part-time,Sedan,26000.0,58997.0,0.4407
2015,QLD,Persons,Part-time,Ute,26000.0,47829.0,0.5436
2015,QLD,Persons,Part-time,Wagon,26000.0,52405.0,0.4961
2015,QLD,Persons,Total,Hatchback,52000.0,27339.0,1.902
2015,QLD,Persons,Total,SUV,52000.0,41846.0,1.2427
2015,QLD,Persons,Total,Sedan,52000.0,58997.0,0.8814
2015,QLD,Persons,Total,Ute,52000.0,47829.0,1.0872
2015,QLD,Persons,Total,Wagon,52000.0,52405.0,0.9923
2015,SA,Females,Full-time,Hatchback,58016.0,27352.0,2.1211
2015,SA,Females,Full-time,SUV,58016.0,41865.0,1.3858
2015,SA,Females,Full-time,Sedan,58016.0,59024.0,0.9829
2015,SA,Females,Full-time,Ute,58016.0,47851.0,1.2124
2015,SA,Females,Full-time,Wagon,58016.0,52429.0,1.1066
2015,SA,Females,Part-time,Hatchback,27882.0,27352.0,1.0194
2015,SA,Females,Part-time,SUV,27882.0,41865.0,0.666
2015,SA,Females,Part-time,Sedan,27882.0,59024.0,0.4724
2015,SA,Females,Part-time,Ute,27882.0,47851.0,0.5827
2015,SA,Females,Part-time,Wagon,27882.0,52429.0,0.5318
2015,SA,Females,Total,Hatchback,42120.0,27352.0,1.5399
2015,SA,Females,Total,SUV,42120.0,41865.0,1.0061
2015,SA,Females,Total,Sedan,42120.0,59024.0,0.7136
2015,SA,Females,Total,Ute,42120.0,47851.0,0.8802
2015,SA,Females,Total,Wagon,42120.0,52429.0,0.8034
2015,SA,Males,Full-time,Hatchback,62400.0,27352.0,2.2814
2015,SA,Males,Full-time,SUV,62400.0,41865.0,1.4905
2015,SA,Males,Full-time,Sedan,62400.0,59024.0,1.0572
2015,SA,Males,Full-time,Ute,62400.0,47851.0,1.304
2015,SA,Males,Full-time,Wagon,62400.0,52429.0,1.1902
2015,SA,Males,Part-time,Hatchback,24232.0,27352.0,0.8859
2015,SA,Males,Part-time,SUV,24232.0,41865.0,0.5788
2015,SA,Males,Part-time,Sedan,24232.0,59024.0,0.4105
2015,SA,Males,Part-time,Ute,24232.0,47851.0,0.5064
2015,SA,Males,Part-time,Wagon,24232.0,52429.0,0.4622
2015,SA,Males,Total,Hatchback,57200.0,27352.0,2.0913
2015,SA,Males,Total,SUV,57200.0,41865.0,1.3663
2015,SA,Males,Total,Sedan,57200.0,59024.0,0.9691
2015,SA,Males,Total,Ute,57200.0,47851.0,1.1954
2015,SA,Males,Total,Wagon,57200.0,52429.0,1.091
2015,SA,Persons,Full-time,Hatchback,61100.0,27352.0,2.2338
2015,SA,Persons,Full-time,SUV,61100.0,41865.0,1.4594
2015,SA,Persons,Full-time,Sedan,61100.0,59024.0,1.0352
2015,SA,Persons,Full-time,Ute,61100.0,47851.0,1.2769
2015,SA,Persons,Full-time,Wagon,61100.0,52429.0,1.1654
2015,SA,Persons,Part-time,Hatchback,26000.0,27352.0,0.9506
2015,SA,Persons,Part-time,SUV,26000.0,41865.0,0.621
2015,SA,Persons,Part-time,Sedan,26000.0,59024.0,0.4405
2015,SA,Persons,Part-time,Ute,26000.0,47851.0,0.5434
2015,SA,Persons,Part-time,Wagon,26000.0,52429.0,0.4959
2015,SA,Persons,Total,Hatchback,49514.0,27352.0,1.8103
2015,SA,Persons,Total,SUV,49514.0,41865.0,1.1827
2015,SA,Persons,Total,Sedan,49514.0,59024.0,0.8389
2015,SA,Persons,Total,Ute,49514.0,47851.0,1.0348
2015,SA,Persons,Total,Wagon,49514.0,52429.0,0.9444
2015,TAS,Females,Full-time,Hatchback,54907.0,27037.0,2.0308
2015,TAS,Females,Full-time,SUV,54907.0,41383.0,1.3268
2015,TAS,Females,Full-time,Sedan,54907.0,58344.0,0.9411
2015,TAS,Females,Full-time,Ute,54907.0,47300.0,1.1608
2015,TAS,Females,Full-time,Wagon,54907.0,51825.0,1.0595
2015,TAS,Females,Part-time,Hatchback,25974.0,27037.0,0.9607
2015,TAS,Females,Part-time,SUV,25974.0,41383.0,0.6276
2015,TAS,Females,Part-time,Sedan,25974.0,58344.0,0.4452
2015,TAS,Females,Part-time,Ute,25974.0,47300.0,0.5491
2015,TAS,Females,Part-time,Wagon,25974.0,51825.0,0.5012
2015,TAS,Females,Total,Hatchback,39884.0,27037.0,1.4752
2015,TAS,Females,Total,SUV,39884.0,41383.0,0.9638
2015,TAS,Females,Total,Sedan,39884.0,58344.0,0.6836
2015,TAS,Females,Total,Ute,39884.0,47300.0,0.8432
2015,TAS,Females,Total,Wagon,39884.0,51825.0,0.7696
2015,TAS,Males,Full-time,Hatchback,57808.0,27037.0,2.1381
2015,TAS,Males,Full-time,SUV,57808.0,41383.0,1.3969
2015,TAS,Males,Full-time,Sedan,57808.0,58344.0,0.9908
2015,TAS,Males,Full-time,Ute,57808.0,47300.0,1.2222
2015,TAS,Males,Full-time,Wagon,57808.0,51825.0,1.1155
2015,TAS,Males,Part-time,Hatchback,20696.0,27037.0,0.7655
2015,TAS,Males,Part-time,SUV,20696.0,41383.0,0.5001
2015,TAS,Males,Part-time,Sedan,20696.0,58344.0,0.3547
2015,TAS,Males,Part-time,Ute,20696.0,47300.0,0.4375
2015,TAS,Males,Part-time,Wagon,20696.0,51825.0,0.3993
2015,TAS,Males,Total,Hatchback,52000.0,27037.0,1.9233
2015,TAS,Males,Total,SUV,52000.0,41383.0,1.2565
2015,TAS,Males,Total,Sedan,52000.0,58344.0,0.8913
2015,TAS,Males,Total,Ute,52000.0,47300.0,1.0994
2015,TAS,Males,Total,Wagon,52000.0,51825.0,1.0034
2015,TAS,Persons,Full-time,Hatchback,57200.0,27037.0,2.1156
2015,TAS,Persons,Full-time,SUV,57200.0,41383.0,1.3822
2015,TAS,Persons,Full-time,Sedan,57200.0,58344.0,0.9804
2015,TAS,Persons,Full-time,Ute,57200.0,47300.0,1.2093
2015,TAS,Persons,Full-time,Wagon,57200.0,51825.0,1.1037
2015,TAS,Persons,Part-time,Hatchback,23956.0,27037.0,0.8861
2015,TAS,Persons,Part-time,SUV,23956.0,41383.0,0.5789
2015,TAS,Persons,Part-time,Sedan,23956.0,58344.0,0.4106
2015,TAS,Persons,Part-time,Ute,23956.0,47300.0,0.5065
2015,TAS,Persons,Part-time,Wagon,23956.0,51825.0,0.4623
2015,TAS,Persons,Total,Hatchback,45760.0,27037.0,1.6925
2015,TAS,Persons,Total,SUV,45760.0,41383.0,1.1058
2015,TAS,Persons,Total,Sedan,45760.0,58344.0,0.7843
2015,TAS,Persons,Total,Ute,45760.0,47300.0,0.9674
2015,TAS,Persons,Total,Wagon,45760.0,51825.0,0.883
2015,VIC,Females,Full-time,Hatchback,57200.0,28998.0,1.9726
2015,VIC,Females,Full-time,SUV,57200.0,44384.0,1.2887
2015,VIC,Females,Full-time,Sedan,57200.0,62576.0,0.9141
2015,VIC,Females,Full-time,Ute,57200.0,50730.0,1.1275
2015,VIC,Females,Full-time,Wagon,57200.0,55584.0,1.0291
2015,VIC,Females,Part-time,Hatchback,25168.0,28998.0,0.8679
2015,VIC,Females,Part-time,SUV,25168.0,44384.0,0.567
2015,VIC,Females,Part-time,Sedan,25168.0,62576.0,0.4022
2015,VIC,Females,Part-time,Ute,25168.0,50730.0,0.4961
2015,VIC,Females,Part-time,Wagon,25168.0,55584.0,0.4528
2015,VIC,Females,Total,Hatchback,41600.0,28998.0,1.4346
2015,VIC,Females,Total,SUV,41600.0,44384.0,0.9373
2015,VIC,Females,Total,Sedan,41600.0,62576.0,0.6648
2015,VIC,Females,Total,Ute,41600.0,50730.0,0.82
2015,VIC,Females,Total,Wagon,41600.0,55584.0,0.7484
2015,VIC,Males,Full-time,Hatchback,65000.0,28998.0,2.2416
2015,VIC,Males,Full-time,SUV,65000.0,44384.0,1.4645
2015,VIC,Males,Full-time,Sedan,65000.0,62576.0,1.0387
2015,VIC,Males,Full-time,Ute,65000.0,50730.0,1.2813
2015,VIC,Males,Full-time,Wagon,65000.0,55584.0,1.1694
2015,VIC,Males,Part-time,Hatchback,21741.0,28998.0,0.7498
2015,VIC,Males,Part-time,SUV,21741.0,44384.0,0.4898
2015,VIC,Males,Part-time,Sedan,21741.0,62576.0,0.3474
2015,VIC,Males,Part-time,Ute,21741.0,50730.0,0.4286
2015,VIC,Males,Part-time,Wagon,21741.0,55584.0,0.3911
2015,VIC,Males,Total,Hatchback,57200.0,28998.0,1.9726
2015,VIC,Males,Total,SUV,57200.0,44384.0,1.2887
2015,VIC,Males,Total,Sedan,57200.0,62576.0,0.9141
2015,VIC,Males,Total,Ute,57200.0,50730.0,1.1275
2015,VIC,Males,Total,Wagon,57200.0,55584.0,1.0291
2015,VIC,Persons,Full-time,Hatchback,62348.0,28998.0,2.1501
2015,VIC,Persons,Full-time,SUV,62348.0,44384.0,1.4047
2015,VIC,Persons,Full-time,Sedan,62348.0,62576.0,0.9964
2015,VIC,Persons,Full-time,Ute,62348.0,50730.0,1.229
2015,VIC,Persons,Full-time,Wagon,62348.0,55584.0,1.1217
2015,VIC,Persons,Part-time,Hatchback,24482.0,28998.0,0.8443
2015,VIC,Persons,Part-time,SUV,24482.0,44384.0,0.5516
2015,VIC,Persons,Part-time,Sedan,24482.0,62576.0,0.3912
2015,VIC,Persons,Part-time,Ute,24482.0,50730.0,0.4826
2015,VIC,Persons,Part-time,Wagon,24482.0,55584.0,0.4404
2015,VIC,Persons,Total,Hatchback,49400.0,28998.0,1.7036
2015,VIC,Persons,Total,SUV,49400.0,44384.0,1.113
2015,VIC,Persons,Total,Sedan,49400.0,62576.0,0.7894
2015,VIC,Persons,Total,Ute,49400.0,50730.0,0.9738
2015,VIC,Persons,Total,Wagon,49400.0,55584.0,0.8888
2015,WA,Females,Full-time,Hatchback,62296.0,28450.0,2.1896
2015,WA,Females,Full-time,SUV,62296.0,43547.0,1.4306
2015,WA,Females,Full-time,Sedan,62296.0,61395.0,1.0147
2015,WA,Females,Full-time,Ute,62296.0,49773.0,1.2516
2015,WA,Females,Full-time,Wagon,62296.0,54534.0,1.1423
2015,WA,Females,Part-time,Hatchback,26000.0,28450.0,0.9139
2015,WA,Females,Part-time,SUV,26000.0,43547.0,0.5971
2015,WA,Females,Part-time,Sedan,26000.0,61395.0,0.4235
2015,WA,Females,Part-time,Ute,26000.0,49773.0,0.5224
2015,WA,Females,Part-time,Wagon,26000.0,54534.0,0.4768
2015,WA,Females,Total,Hatchback,44304.0,28450.0,1.5572
2015,WA,Females,Total,SUV,44304.0,43547.0,1.0174
2015,WA,Females,Total,Sedan,44304.0,61395.0,0.7216
2015,WA,Females,Total,Ute,44304.0,49773.0,0.8901
2015,WA,Females,Total,Wagon,44304.0,54534.0,0.8124
2015,WA,Males,Full-time,Hatchback,77740.0,28450.0,2.7325
2015,WA,Males,Full-time,SUV,77740.0,43547.0,1.7852
2015,WA,Males,Full-time,Sedan,77740.0,61395.0,1.2662
2015,WA,Males,Full-time,Ute,77740.0,49773.0,1.5619
2015,WA,Males,Full-time,Wagon,77740.0,54534.0,1.4255
2015,WA,Males,Part-time,Hatchback,20634.0,28450.0,0.7252
2015,WA,Males,Part-time,SUV,20634.0,43547.0,0.4738
2015,WA,Males,Part-time,Sedan,20634.0,61395.0,0.3361
2015,WA,Males,Part-time,Ute,20634.0,49773.0,0.4146
2015,WA,Males,Part-time,Wagon,20634.0,54534.0,0.3784
2015,WA,Males,Total,Hatchback,69316.0,28450.0,2.4364
2015,WA,Males,Total,SUV,69316.0,43547.0,1.5918
2015,WA,Males,Total,Sedan,69316.0,61395.0,1.129
2015,WA,Males,Total,Ute,69316.0,49773.0,1.3926
2015,WA,Males,Total,Wagon,69316.0,54534.0,1.2711
2015,WA,Persons,Full-time,Hatchback,70200.0,28450.0,2.4674
2015,WA,Persons,Full-time,SUV,70200.0,43547.0,1.6121
2015,WA,Persons,Full-time,Sedan,70200.0,61395.0,1.1434
2015,WA,Persons,Full-time,Ute,70200.0,49773.0,1.4104
2015,WA,Persons,Full-time,Wagon,70200.0,54534.0,1.2873
2015,WA,Persons,Part-time,Hatchback,24960.0,28450.0,0.8773
2015,WA,Persons,Part-time,SUV,24960.0,43547.0,0.5732
2015,WA,Persons,Part-time,Sedan,24960.0,61395.0,0.4066
2015,WA,Persons,Part-time,Ute,24960.0,49773.0,0.5015
2015,WA,Persons,Part-time,Wagon,24960.0,54534.0,0.4577
2015,WA,Persons,Total,Hatchback,56576.0,28450.0,1.9886
2015,WA,Persons,Total,SUV,56576.0,43547.0,1.2992
2015,WA,Persons,Total,Sedan,56576.0,61395.0,0.9215
2015,WA,Persons,Total,Ute,56576.0,49773.0,1.1367
2015,WA,Persons,Total,Wagon,56576.0,54534.0,1.0374
2016,ACT,Females,Full-time,Hatchback,71578.0,26796.0,2.6712
2016,ACT,Females,Full-time,SUV,71578.0,41014.0,1.7452
2016,ACT,Females,Full-time,Sedan,71578.0,57824.0,1.2379
2016,ACT,Females,Full-time,Ute,71578.0,46878.0,1.5269
2016,ACT,Females,Full-time,Wagon,71578.0,51363.0,1.3936
2016,ACT,Females,Part-time,Hatchback,31200.0,26796.0,1.1644
2016,ACT,Females,Part-time,SUV,31200.0,41014.0,0.7607
2016,ACT,Females,Part-time,Sedan,31200.0,57824.0,0.5396
2016,ACT,Females,Part-time,Ute,31200.0,46878.0,0.6656
2016,ACT,Females,Part-time,Wagon,31200.0,51363.0,0.6074
2016,ACT,Females,Total,Hatchback,58843.0,26796.0,2.196
2016,ACT,Females,Total,SUV,58843.0,41014.0,1.4347
2016,ACT,Females,Total,Sedan,58843.0,57824.0,1.0176
2016,ACT,Females,Total,Ute,58843.0,46878.0,1.2552
2016,ACT,Females,Total,Wagon,58843.0,51363.0,1.1456
2016,ACT,Males,Full-time,Hatchback,79976.0,26796.0,2.9846
2016,ACT,Males,Full-time,SUV,79976.0,41014.0,1.95
2016,ACT,Males,Full-time,Sedan,79976.0,57824.0,1.3831
2016,ACT,Males,Full-time,Ute,79976.0,46878.0,1.706
2016,ACT,Males,Full-time,Wagon,79976.0,51363.0,1.5571
2016,ACT,Males,Part-time,Hatchback,23400.0,26796.0,0.8733
2016,ACT,Males,Part-time,SUV,23400.0,41014.0,0.5705
2016,ACT,Males,Part-time,Sedan,23400.0,57824.0,0.4047
2016,ACT,Males,Part-time,Ute,23400.0,46878.0,0.4992
2016,ACT,Males,Part-time,Wagon,23400.0,51363.0,0.4556
2016,ACT,Males,Total,Hatchback,74079.0,26796.0,2.7646
2016,ACT,Males,Total,SUV,74079.0,41014.0,1.8062
2016,ACT,Males,Total,Sedan,74079.0,57824.0,1.2811
2016,ACT,Males,Total,Ute,74079.0,46878.0,1.5802
2016,ACT,Males,Total,Wagon,74079.0,51363.0,1.4423
2016,ACT,Persons,Full-time,Hatchback,77938.0,26796.0,2.9086
2016,ACT,Persons,Full-time,SUV,77938.0,41014.0,1.9003
2016,ACT,Persons,Full-time,Sedan,77938.0,57824.0,1.3478
2016,ACT,Persons,Full-time,Ute,77938.0,46878.0,1.6626
2016,ACT,Persons,Full-time,Wagon,77938.0,51363.0,1.5174
2016,ACT,Persons,Part-time,Hatchback,30181.0,26796.0,1.1263
2016,ACT,Persons,Part-time,SUV,30181.0,41014.0,0.7359
2016,ACT,Persons,Part-time,Sedan,30181.0,57824.0,0.5219
2016,ACT,Persons,Part-time,Ute,30181.0,46878.0,0.6438
2016,ACT,Persons,Part-time,Wagon,30181.0,51363.0,0.5876
2016,ACT,Persons,Total,Hatchback,65000.0,26796.0,2.4257
2016,ACT,Persons,Total,SUV,65000.0,41014.0,1.5848
2016,ACT,Persons,Total,Sedan,65000.0,57824.0,1.1241
2016,ACT,Persons,Total,Ute,65000.0,46878.0,1.3866
2016,ACT,Persons,Total,Wagon,65000.0,51363.0,1.2655
2016,AUS,Females,Full-time,Hatchback,59800.0,27567.0,2.1692
2016,AUS,Females,Full-time,SUV,59800.0,42195.0,1.4172
2016,AUS,Females,Full-time,Sedan,59800.0,59489.0,1.0052
2016,AUS,Females,Full-time,Ute,59800.0,48228.0,1.2399
2016,AUS,Females,Full-time,Wagon,59800.0,52842.0,1.1317
2016,AUS,Females,Part-time,Hatchback,26156.0,27567.0,0.9488
2016,AUS,Females,Part-time,SUV,26156.0,42195.0,0.6199
2016,AUS,Females,Part-time,Sedan,26156.0,59489.0,0.4397
2016,AUS,Females,Part-time,Ute,26156.0,48228.0,0.5423
2016,AUS,Females,Part-time,Wagon,26156.0,52842.0,0.495
2016,AUS,Females,Total,Hatchback,45240.0,27567.0,1.6411
2016,AUS,Females,Total,SUV,45240.0,42195.0,1.0722
2016,AUS,Females,Total,Sedan,45240.0,59489.0,0.7605
2016,AUS,Females,Total,Ute,45240.0,48228.0,0.938
2016,AUS,Females,Total,Wagon,45240.0,52842.0,0.8561
2016,AUS,Males,Full-time,Hatchback,69316.0,27567.0,2.5144
2016,AUS,Males,Full-time,SUV,69316.0,42195.0,1.6428
2016,AUS,Males,Full-time,Sedan,69316.0,59489.0,1.1652
2016,AUS,Males,Full-time,Ute,69316.0,48228.0,1.4373
2016,AUS,Males,Full-time,Wagon,69316.0,52842.0,1.3118
2016,AUS,Males,Part-time,Hatchback,21632.0,27567.0,0.7847
2016,AUS,Males,Part-time,SUV,21632.0,42195.0,0.5127
2016,AUS,Males,Part-time,Sedan,21632.0,59489.0,0.3636
2016,AUS,Males,Part-time,Ute,21632.0,48228.0,0.4485
2016,AUS,Males,Part-time,Wagon,21632.0,52842.0,0.4094
2016,AUS,Males,Total,Hatchback,62400.0,27567.0,2.2635
2016,AUS,Males,Total,SUV,62400.0,42195.0,1.4788
2016,AUS,Males,Total,Sedan,62400.0,59489.0,1.0489
2016,AUS,Males,Total,Ute,62400.0,48228.0,1.2939
2016,AUS,Males,Total,Wagon,62400.0,52842.0,1.1809
2016,AUS,Persons,Full-time,Hatchback,65000.0,27567.0,2.3579
2016,AUS,Persons,Full-time,SUV,65000.0,42195.0,1.5405
2016,AUS,Persons,Full-time,Sedan,65000.0,59489.0,1.0926
2016,AUS,Persons,Full-time,Ute,65000.0,48228.0,1.3478
2016,AUS,Persons,Full-time,Wagon,65000.0,52842.0,1.2301
2016,AUS,Persons,Part-time,Hatchback,25324.0,27567.0,0.9186
2016,AUS,Persons,Part-time,SUV,25324.0,42195.0,0.6002
2016,AUS,Persons,Part-time,Sedan,25324.0,59489.0,0.4257
2016,AUS,Persons,Part-time,Ute,25324.0,48228.0,0.5251
2016,AUS,Persons,Part-time,Wagon,25324.0,52842.0,0.4792
2016,AUS,Persons,Total,Hatchback,52000.0,27567.0,1.8863
2016,AUS,Persons,Total,SUV,52000.0,42195.0,1.2324
2016,AUS,Persons,Total,Sedan,52000.0,59489.0,0.8741
2016,AUS,Persons,Total,Ute,52000.0,48228.0,1.0782
2016,AUS,Persons,Total,Wagon,52000.0,52842.0,0.9841
2016,NSW,Females,Full-time,Hatchback,60185.0,27567.0,2.1832
2016,NSW,Females,Full-time,SUV,60185.0,42195.0,1.4263
2016,NSW,Females,Full-time,Sedan,60185.0,59489.0,1.0117
2016,NSW,Females,Full-time,Ute,60185.0,48228.0,1.2479
2016,NSW,Females,Full-time,Wagon,60185.0,52842.0,1.139
2016,NSW,Females,Part-time,Hatchback,27919.0,27567.0,1.0127
2016,NSW,Females,Part-time,SUV,27919.0,42195.0,0.6617
2016,NSW,Females,Part-time,Sedan,27919.0,59489.0,0.4693
2016,NSW,Females,Part-time,Ute,27919.0,48228.0,0.5789
2016,NSW,Females,Part-time,Wagon,27919.0,52842.0,0.5283
2016,NSW,Females,Total,Hatchback,46800.0,27567.0,1.6977
2016,NSW,Females,Total,SUV,46800.0,42195.0,1.1091
2016,NSW,Females,Total,Sedan,46800.0,59489.0,0.7867
2016,NSW,Females,Total,Ute,46800.0,48228.0,0.9704
2016,NSW,Females,Total,Wagon,46800.0,52842.0,0.8857
2016,NSW,Males,Full-time,Hatchback,69737.0,27567.0,2.5297
2016,NSW,Males,Full-time,SUV,69737.0,42195.0,1.6527
2016,NSW,Males,Full-time,Sedan,69737.0,59489.0,1.1723
2016,NSW,Males,Full-time,Ute,69737.0,48228.0,1.446
2016,NSW,Males,Full-time,Wagon,69737.0,52842.0,1.3197
2016,NSW,Males,Part-time,Hatchback,23130.0,27567.0,0.839
2016,NSW,Males,Part-time,SUV,23130.0,42195.0,0.5482
2016,NSW,Males,Part-time,Sedan,23130.0,59489.0,0.3888
2016,NSW,Males,Part-time,Ute,23130.0,48228.0,0.4796
2016,NSW,Males,Part-time,Wagon,23130.0,52842.0,0.4377
2016,NSW,Males,Total,Hatchback,62400.0,27567.0,2.2635
2016,NSW,Males,Total,SUV,62400.0,42195.0,1.4788
2016,NSW,Males,Total,Sedan,62400.0,59489.0,1.0489
2016,NSW,Males,Total,Ute,62400.0,48228.0,1.2939
2016,NSW,Males,Total,Wagon,62400.0,52842.0,1.1809
2016,NSW,Persons,Full-time,Hatchback,65000.0,27567.0,2.3579
2016,NSW,Persons,Full-time,SUV,65000.0,42195.0,1.5405
2016,NSW,Persons,Full-time,Sedan,65000.0,59489.0,1.0926
2016,NSW,Persons,Full-time,Ute,65000.0,48228.0,1.3478
2016,NSW,Persons,Full-time,Wagon,65000.0,52842.0,1.2301
2016,NSW,Persons,Part-time,Hatchback,26000.0,27567.0,0.9431
2016,NSW,Persons,Part-time,SUV,26000.0,42195.0,0.6162
2016,NSW,Persons,Part-time,Sedan,26000.0,59489.0,0.4371
2016,NSW,Persons,Part-time,Ute,26000.0,48228.0,0.5391
2016,NSW,Persons,Part-time,Wagon,26000.0,52842.0,0.492
2016,NSW,Persons,Total,Hatchback,52000.0,27567.0,1.8863
2016,NSW,Persons,Total,SUV,52000.0,42195.0,1.2324
2016,NSW,Persons,Total,Sedan,52000.0,59489.0,0.8741
2016,NSW,Persons,Total,Ute,52000.0,48228.0,1.0782
2016,NSW,Persons,Total,Wagon,52000.0,52842.0,0.9841
2016,NT,Females,Full-time,Hatchback,63950.0,28657.0,2.2316
2016,NT,Females,Full-time,SUV,63950.0,43862.0,1.458
2016,NT,Females,Full-time,Sedan,63950.0,61839.0,1.0341
2016,NT,Females,Full-time,Ute,63950.0,50133.0,1.2756
2016,NT,Females,Full-time,Wagon,63950.0,54930.0,1.1642
2016,NT,Females,Part-time,Hatchback,30098.0,28657.0,1.0503
2016,NT,Females,Part-time,SUV,30098.0,43862.0,0.6862
2016,NT,Females,Part-time,Sedan,30098.0,61839.0,0.4867
2016,NT,Females,Part-time,Ute,30098.0,50133.0,0.6003
2016,NT,Females,Part-time,Wagon,30098.0,54930.0,0.5479
2016,NT,Females,Total,Hatchback,55640.0,28657.0,1.9416
2016,NT,Females,Total,SUV,55640.0,43862.0,1.2685
2016,NT,Females,Total,Sedan,55640.0,61839.0,0.8998
2016,NT,Females,Total,Ute,55640.0,50133.0,1.1098
2016,NT,Females,Total,Wagon,55640.0,54930.0,1.0129
2016,NT,Males,Full-time,Hatchback,78000.0,28657.0,2.7219
2016,NT,Males,Full-time,SUV,78000.0,43862.0,1.7783
2016,NT,Males,Full-time,Sedan,78000.0,61839.0,1.2613
2016,NT,Males,Full-time,Ute,78000.0,50133.0,1.5558
2016,NT,Males,Full-time,Wagon,78000.0,54930.0,1.42
2016,NT,Males,Part-time,Hatchback,24575.0,28657.0,0.8576
2016,NT,Males,Part-time,SUV,24575.0,43862.0,0.5603
2016,NT,Males,Part-time,Sedan,24575.0,61839.0,0.3974
2016,NT,Males,Part-time,Ute,24575.0,50133.0,0.4902
2016,NT,Males,Part-time,Wagon,24575.0,54930.0,0.4474
2016,NT,Males,Total,Hatchback,75514.0,28657.0,2.6352
2016,NT,Males,Total,SUV,75514.0,43862.0,1.7216
2016,NT,Males,Total,Sedan,75514.0,61839.0,1.2211
2016,NT,Males,Total,Ute,75514.0,50133.0,1.5063
2016,NT,Males,Total,Wagon,75514.0,54930.0,1.3748
2016,NT,Persons,Full-time,Hatchback,71661.0,28657.0,2.5007
2016,NT,Persons,Full-time,SUV,71661.0,43862.0,1.6338
2016,NT,Persons,Full-time,Sedan,71661.0,61839.0,1.1588
2016,NT,Persons,Full-time,Ute,71661.0,50133.0,1.4294
2016,NT,Persons,Full-time,Wagon,71661.0,54930.0,1.3046
2016,NT,Persons,Part-time,Hatchback,28215.0,28657.0,0.9846
2016,NT,Persons,Part-time,SUV,28215.0,43862.0,0.6433
2016,NT,Persons,Part-time,Sedan,28215.0,61839.0,0.4563
2016,NT,Persons,Part-time,Ute,28215.0,50133.0,0.5628
2016,NT,Persons,Part-time,Wagon,28215.0,54930.0,0.5137
2016,NT,Persons,Total,Hatchback,65000.0,28657.0,2.2682
2016,NT,Persons,Total,SUV,65000.0,43862.0,1.4819
2016,NT,Persons,Total,Sedan,65000.0,61839.0,1.0511
2016,NT,Persons,Total,Ute,65000.0,50133.0,1.2965
2016,NT,Persons,Total,Wagon,65000.0,54930.0,1.1833
2016,QLD,Females,Full-time,Hatchback,57200.0,27192.0,2.1035
2016,QLD,Females,Full-time,SUV,57200.0,41621.0,1.3743
2016,QLD,Females,Full-time,Sedan,57200.0,58680.0,0.9748
2016,QLD,Females,Full-time,Ute,57200.0,47572.0,1.2024
2016,QLD,Females,Full-time,Wagon,57200.0,52123.0,1.0974
2016,QLD,Females,Part-time,Hatchback,26010.0,27192.0,0.9565
2016,QLD,Females,Part-time,SUV,26010.0,41621.0,0.6249
2016,QLD,Females,Part-time,Sedan,26010.0,58680.0,0.4433
2016,QLD,Females,Part-time,Ute,26010.0,47572.0,0.5468
2016,QLD,Females,Part-time,Wagon,26010.0,52123.0,0.499
2016,QLD,Females,Total,Hatchback,45500.0,27192.0,1.6733
2016,QLD,Females,Total,SUV,45500.0,41621.0,1.0932
2016,QLD,Females,Total,Sedan,45500.0,58680.0,0.7754
2016,QLD,Females,Total,Ute,45500.0,47572.0,0.9564
2016,QLD,Females,Total,Wagon,45500.0,52123.0,0.8729
2016,QLD,Males,Full-time,Hatchback,65546.0,27192.0,2.4105
2016,QLD,Males,Full-time,SUV,65546.0,41621.0,1.5748
2016,QLD,Males,Full-time,Sedan,65546.0,58680.0,1.117
2016,QLD,Males,Full-time,Ute,65546.0,47572.0,1.3778
2016,QLD,Males,Full-time,Wagon,65546.0,52123.0,1.2575
2016,QLD,Males,Part-time,Hatchback,21668.0,27192.0,0.7969
2016,QLD,Males,Part-time,SUV,21668.0,41621.0,0.5206
2016,QLD,Males,Part-time,Sedan,21668.0,58680.0,0.3693
2016,QLD,Males,Part-time,Ute,21668.0,47572.0,0.4555
2016,QLD,Males,Part-time,Wagon,21668.0,52123.0,0.4157
2016,QLD,Males,Total,Hatchback,59800.0,27192.0,2.1991
2016,QLD,Males,Total,SUV,59800.0,41621.0,1.4368
2016,QLD,Males,Total,Sedan,59800.0,58680.0,1.0191
2016,QLD,Males,Total,Ute,59800.0,47572.0,1.257
2016,QLD,Males,Total,Wagon,59800.0,52123.0,1.1473
2016,QLD,Persons,Full-time,Hatchback,62400.0,27192.0,2.2948
2016,QLD,Persons,Full-time,SUV,62400.0,41621.0,1.4992
2016,QLD,Persons,Full-time,Sedan,62400.0,58680.0,1.0634
2016,QLD,Persons,Full-time,Ute,62400.0,47572.0,1.3117
2016,QLD,Persons,Full-time,Wagon,62400.0,52123.0,1.1972
2016,QLD,Persons,Part-time,Hatchback,25740.0,27192.0,0.9466
2016,QLD,Persons,Part-time,SUV,25740.0,41621.0,0.6184
2016,QLD,Persons,Part-time,Sedan,25740.0,58680.0,0.4387
2016,QLD,Persons,Part-time,Ute,25740.0,47572.0,0.5411
2016,QLD,Persons,Part-time,Wagon,25740.0,52123.0,0.4938
2016,QLD,Persons,Total,Hatchback,52000.0,27192.0,1.9123
2016,QLD,Persons,Total,SUV,52000.0,41621.0,1.2494
2016,QLD,Persons,Total,Sedan,52000.0,58680.0,0.8862
2016,QLD,Persons,Total,Ute,52000.0,47572.0,1.0931
2016,QLD,Persons,Total,Wagon,52000.0,52123.0,0.9976
2016,SA,Females,Full-time,Hatchback,57200.0,27205.0,2.1026
2016,SA,Females,Full-time,SUV,57200.0,41640.0,1.3737
2016,SA,Females,Full-time,Sedan,57200.0,58707.0,0.9743
2016,SA,Females,Full-time,Ute,57200.0,47594.0,1.2018
2016,SA,Females,Full-time,Wagon,57200.0,52147.0,1.0969
2016,SA,Females,Part-time,Hatchback,26504.0,27205.0,0.9742
2016,SA,Females,Part-time,SUV,26504.0,41640.0,0.6365
2016,SA,Females,Part-time,Sedan,26504.0,58707.0,0.4515
2016,SA,Females,Part-time,Ute,26504.0,47594.0,0.5569
2016,SA,Females,Part-time,Wagon,26504.0,52147.0,0.5083
2016,SA,Females,Total,Hatchback,40945.0,27205.0,1.505
2016,SA,Females,Total,SUV,40945.0,41640.0,0.9833
2016,SA,Females,Total,Sedan,40945.0,58707.0,0.6974
2016,SA,Females,Total,Ute,40945.0,47594.0,0.8603
2016,SA,Females,Total,Wagon,40945.0,52147.0,0.7852
2016,SA,Males,Full-time,Hatchback,65000.0,27205.0,2.3893
2016,SA,Males,Full-time,SUV,65000.0,41640.0,1.561
2016,SA,Males,Full-time,Sedan,65000.0,58707.0,1.1072
2016,SA,Males,Full-time,Ute,65000.0,47594.0,1.3657
2016,SA,Males,Full-time,Wagon,65000.0,52147.0,1.2465
2016,SA,Males,Part-time,Hatchback,21840.0,27205.0,0.8028
2016,SA,Males,Part-time,SUV,21840.0,41640.0,0.5245
2016,SA,Males,Part-time,Sedan,21840.0,58707.0,0.372
2016,SA,Males,Part-time,Ute,21840.0,47594.0,0.4589
2016,SA,Males,Part-time,Wagon,21840.0,52147.0,0.4188
2016,SA,Males,Total,Hatchback,57200.0,27205.0,2.1026
2016,SA,Males,Total,SUV,57200.0,41640.0,1.3737
2016,SA,Males,Total,Sedan,57200.0,58707.0,0.9743
2016,SA,Males,Total,Ute,57200.0,47594.0,1.2018
2016,SA,Males,Total,Wagon,57200.0,52147.0,1.0969
2016,SA,Persons,Full-time,Hatchback,62400.0,27205.0,2.2937
2016,SA,Persons,Full-time,SUV,62400.0,41640.0,1.4985
2016,SA,Persons,Full-time,Sedan,62400.0,58707.0,1.0629
2016,SA,Persons,Full-time,Ute,62400.0,47594.0,1.3111
2016,SA,Persons,Full-time,Wagon,62400.0,52147.0,1.1966
2016,SA,Persons,Part-time,Hatchback,26000.0,27205.0,0.9557
2016,SA,Persons,Part-time,SUV,26000.0,41640.0,0.6244
2016,SA,Persons,Part-time,Sedan,26000.0,58707.0,0.4429
2016,SA,Persons,Part-time,Ute,26000.0,47594.0,0.5463
2016,SA,Persons,Part-time,Wagon,26000.0,52147.0,0.4986
2016,SA,Persons,Total,Hatchback,49400.0,27205.0,1.8158
2016,SA,Persons,Total,SUV,49400.0,41640.0,1.1864
2016,SA,Persons,Total,Sedan,49400.0,58707.0,0.8415
2016,SA,Persons,Total,Ute,49400.0,47594.0,1.0379
2016,SA,Persons,Total,Wagon,49400.0,52147.0,0.9473
2016,TAS,Females,Full-time,Hatchback,55552.0,26892.0,2.0657
2016,TAS,Females,Full-time,SUV,55552.0,41161.0,1.3496
2016,TAS,Females,Full-time,Sedan,55552.0,58031.0,0.9573
2016,TAS,Females,Full-time,Ute,55552.0,47046.0,1.1808
2016,TAS,Females,Full-time,Wagon,55552.0,51547.0,1.0777
2016,TAS,Females,Part-time,Hatchback,26000.0,26892.0,0.9668
2016,TAS,Females,Part-time,SUV,26000.0,41161.0,0.6317
2016,TAS,Females,Part-time,Sedan,26000.0,58031.0,0.448
2016,TAS,Females,Part-time,Ute,26000.0,47046.0,0.5526
2016,TAS,Females,Part-time,Wagon,26000.0,51547.0,0.5044
2016,TAS,Females,Total,Hatchback,39000.0,26892.0,1.4503
2016,TAS,Females,Total,SUV,39000.0,41161.0,0.9475
2016,TAS,Females,Total,Sedan,39000.0,58031.0,0.6721
2016,TAS,Females,Total,Ute,39000.0,47046.0,0.829
2016,TAS,Females,Total,Wagon,39000.0,51547.0,0.7566
2016,TAS,Males,Full-time,Hatchback,62400.0,26892.0,2.3204
2016,TAS,Males,Full-time,SUV,62400.0,41161.0,1.516
2016,TAS,Males,Full-time,Sedan,62400.0,58031.0,1.0753
2016,TAS,Males,Full-time,Ute,62400.0,47046.0,1.3264
2016,TAS,Males,Full-time,Wagon,62400.0,51547.0,1.2106
2016,TAS,Males,Part-time,Hatchback,23546.0,26892.0,0.8756
2016,TAS,Males,Part-time,SUV,23546.0,41161.0,0.572
2016,TAS,Males,Part-time,Sedan,23546.0,58031.0,0.4057
2016,TAS,Males,Part-time,Ute,23546.0,47046.0,0.5005
2016,TAS,Males,Part-time,Wagon,23546.0,51547.0,0.4568
2016,TAS,Males,Total,Hatchback,53758.0,26892.0,1.999
2016,TAS,Males,Total,SUV,53758.0,41161.0,1.306
2016,TAS,Males,Total,Sedan,53758.0,58031.0,0.9264
2016,TAS,Males,Total,Ute,53758.0,47046.0,1.1427
2016,TAS,Males,Total,Wagon,53758.0,51547.0,1.0429
2016,TAS,Persons,Full-time,Hatchback,59800.0,26892.0,2.2237
2016,TAS,Persons,Full-time,SUV,59800.0,41161.0,1.4528
2016,TAS,Persons,Full-time,Sedan,59800.0,58031.0,1.0305
2016,TAS,Persons,Full-time,Ute,59800.0,47046.0,1.2711
2016,TAS,Persons,Full-time,Wagon,59800.0,51547.0,1.1601
2016,TAS,Persons,Part-time,Hatchback,26000.0,26892.0,0.9668
2016,TAS,Persons,Part-time,SUV,26000.0,41161.0,0.6317
2016,TAS,Persons,Part-time,Sedan,26000.0,58031.0,0.448
2016,TAS,Persons,Part-time,Ute,26000.0,47046.0,0.5526
2016,TAS,Persons,Part-time,Wagon,26000.0,51547.0,0.5044
2016,TAS,Persons,Total,Hatchback,46800.0,26892.0,1.7403
2016,TAS,Persons,Total,SUV,46800.0,41161.0,1.137
2016,TAS,Persons,Total,Sedan,46800.0,58031.0,0.8065
2016,TAS,Persons,Total,Ute,46800.0,47046.0,0.9948
2016,TAS,Persons,Total,Wagon,46800.0,51547.0,0.9079
2016,VIC,Females,Full-time,Hatchback,59264.0,28842.0,2.0548
2016,VIC,Females,Full-time,SUV,59264.0,44146.0,1.3425
2016,VIC,Females,Full-time,Sedan,59264.0,62240.0,0.9522
2016,VIC,Females,Full-time,Ute,59264.0,50458.0,1.1745
2016,VIC,Females,Full-time,Wagon,59264.0,55285.0,1.072
2016,VIC,Females,Part-time,Hatchback,25371.0,28842.0,0.8796
2016,VIC,Females,Part-time,SUV,25371.0,44146.0,0.5747
2016,VIC,Females,Part-time,Sedan,25371.0,62240.0,0.4076
2016,VIC,Females,Part-time,Ute,25371.0,50458.0,0.5028
2016,VIC,Females,Part-time,Wagon,25371.0,55285.0,0.4589
2016,VIC,Females,Total,Hatchback,43191.0,28842.0,1.4975
2016,VIC,Females,Total,SUV,43191.0,44146.0,0.9784
2016,VIC,Females,Total,Sedan,43191.0,62240.0,0.694
2016,VIC,Females,Total,Ute,43191.0,50458.0,0.856
2016,VIC,Females,Total,Wagon,43191.0,55285.0,0.7812
2016,VIC,Males,Full-time,Hatchback,67600.0,28842.0,2.3438
2016,VIC,Males,Full-time,SUV,67600.0,44146.0,1.5313
2016,VIC,Males,Full-time,Sedan,67600.0,62240.0,1.0861
2016,VIC,Males,Full-time,Ute,67600.0,50458.0,1.3397
2016,VIC,Males,Full-time,Wagon,67600.0,55285.0,1.2228
2016,VIC,Males,Part-time,Hatchback,20800.0,28842.0,0.7212
2016,VIC,Males,Part-time,SUV,20800.0,44146.0,0.4712
2016,VIC,Males,Part-time,Sedan,20800.0,62240.0,0.3342
2016,VIC,Males,Part-time,Ute,20800.0,50458.0,0.4122
2016,VIC,Males,Part-time,Wagon,20800.0,55285.0,0.3762
2016,VIC,Males,Total,Hatchback,59800.0,28842.0,2.0734
2016,VIC,Males,Total,SUV,59800.0,44146.0,1.3546
2016,VIC,Males,Total,Sedan,59800.0,62240.0,0.9608
2016,VIC,Males,Total,Ute,59800.0,50458.0,1.1851
2016,VIC,Males,Total,Wagon,59800.0,55285.0,1.0817
2016,VIC,Persons,Full-time,Hatchback,64792.0,28842.0,2.2464
2016,VIC,Persons,Full-time,SUV,64792.0,44146.0,1.4677
2016,VIC,Persons,Full-time,Sedan,64792.0,62240.0,1.041
2016,VIC,Persons,Full-time,Ute,64792.0,50458.0,1.2841
2016,VIC,Persons,Full-time,Wagon,64792.0,55285.0,1.172
2016,VIC,Persons,Part-time,Hatchback,23400.0,28842.0,0.8113
2016,VIC,Persons,Part-time,SUV,23400.0,44146.0,0.5301
2016,VIC,Persons,Part-time,Sedan,23400.0,62240.0,0.376
2016,VIC,Persons,Part-time,Ute,23400.0,50458.0,0.4638
2016,VIC,Persons,Part-time,Wagon,23400.0,55285.0,0.4233
2016,VIC,Persons,Total,Hatchback,52000.0,28842.0,1.8029
2016,VIC,Persons,Total,SUV,52000.0,44146.0,1.1779
2016,VIC,Persons,Total,Sedan,52000.0,62240.0,0.8355
2016,VIC,Persons,Total,Ute,52000.0,50458.0,1.0306
2016,VIC,Persons,Total,Wagon,52000.0,55285.0,0.9406
2016,WA,Females,Full-time,Hatchback,63700.0,28298.0,2.2511
2016,WA,Females,Full-time,SUV,63700.0,43313.0,1.4707
2016,WA,Females,Full-time,Sedan,63700.0,61065.0,1.0432
2016,WA,Females,Full-time,Ute,63700.0,49506.0,1.2867
2016,WA,Females,Full-time,Wagon,63700.0,54241.0,1.1744
2016,WA,Females,Part-time,Hatchback,26276.0,28298.0,0.9285
2016,WA,Females,Part-time,SUV,26276.0,43313.0,0.6066
2016,WA,Females,Part-time,Sedan,26276.0,61065.0,0.4303
2016,WA,Females,Part-time,Ute,26276.0,49506.0,0.5308
2016,WA,Females,Part-time,Wagon,26276.0,54241.0,0.4844
2016,WA,Females,Total,Hatchback,45609.0,28298.0,1.6118
2016,WA,Females,Total,SUV,45609.0,43313.0,1.053
2016,WA,Females,Total,Sedan,45609.0,61065.0,0.7469
2016,WA,Females,Total,Ute,45609.0,49506.0,0.9213
2016,WA,Females,Total,Wagon,45609.0,54241.0,0.8409
2016,WA,Males,Full-time,Hatchback,78000.0,28298.0,2.7564
2016,WA,Males,Full-time,SUV,78000.0,43313.0,1.8009
2016,WA,Males,Full-time,Sedan,78000.0,61065.0,1.2773
2016,WA,Males,Full-time,Ute,78000.0,49506.0,1.5756
2016,WA,Males,Full-time,Wagon,78000.0,54241.0,1.438
2016,WA,Males,Part-time,Hatchback,20800.0,28298.0,0.735
2016,WA,Males,Part-time,SUV,20800.0,43313.0,0.4802
2016,WA,Males,Part-time,Sedan,20800.0,61065.0,0.3406
2016,WA,Males,Part-time,Ute,20800.0,49506.0,0.4202
2016,WA,Males,Part-time,Wagon,20800.0,54241.0,0.3835
2016,WA,Males,Total,Hatchback,67954.0,28298.0,2.4014
2016,WA,Males,Total,SUV,67954.0,43313.0,1.5689
2016,WA,Males,Total,Sedan,67954.0,61065.0,1.1128
2016,WA,Males,Total,Ute,67954.0,49506.0,1.3726
2016,WA,Males,Total,Wagon,67954.0,54241.0,1.2528
2016,WA,Persons,Full-time,Hatchback,71760.0,28298.0,2.5359
2016,WA,Persons,Full-time,SUV,71760.0,43313.0,1.6568
2016,WA,Persons,Full-time,Sedan,71760.0,61065.0,1.1751
2016,WA,Persons,Full-time,Ute,71760.0,49506.0,1.4495
2016,WA,Persons,Full-time,Wagon,71760.0,54241.0,1.323
2016,WA,Persons,Part-time,Hatchback,25808.0,28298.0,0.912
2016,WA,Persons,Part-time,SUV,25808.0,43313.0,0.5958
2016,WA,Persons,Part-time,Sedan,25808.0,61065.0,0.4226
2016,WA,Persons,Part-time,Ute,25808.0,49506.0,0.5213
2016,WA,Persons,Part-time,Wagon,25808.0,54241.0,0.4758
2016,WA,Persons,Total,Hatchback,57200.0,28298.0,2.0214
2016,WA,Persons,Total,SUV,57200.0,43313.0,1.3206
2016,WA,Persons,Total,Sedan,57200.0,61065.0,0.9367
2016,WA,Persons,Total,Ute,57200.0,49506.0,1.1554
2016,WA,Persons,Total,Wagon,57200.0,54241.0,1.0545
2017,ACT,Females,Full-time,Hatchback,74599.0,26331.0,2.8331
2017,ACT,Females,Full-time,SUV,74599.0,40303.0,1.851
2017,ACT,Females,Full-time,Sedan,74599.0,56821.0,1.3129
2017,ACT,Females,Full-time,Ute,74599.0,46065.0,1.6194
2017,ACT,Females,Full-time,Wagon,74599.0,50472.0,1.478
2017,ACT,Females,Part-time,Hatchback,29162.0,26331.0,1.1075
2017,ACT,Females,Part-time,SUV,29162.0,40303.0,0.7236
2017,ACT,Females,Part-time,Sedan,29162.0,56821.0,0.5132
2017,ACT,Females,Part-time,Ute,29162.0,46065.0,0.633
2017,ACT,Females,Part-time,Wagon,29162.0,50472.0,0.5778
2017,ACT,Females,Total,Hatchback,59956.0,26331.0,2.277
2017,ACT,Females,Total,SUV,59956.0,40303.0,1.4876
2017,ACT,Females,Total,Sedan,59956.0,56821.0,1.0552
2017,ACT,Females,Total,Ute,59956.0,46065.0,1.3015
2017,ACT,Females,Total,Wagon,59956.0,50472.0,1.1879
2017,ACT,Males,Full-time,Hatchback,83200.0,26331.0,3.1598
2017,ACT,Males,Full-time,SUV,83200.0,40303.0,2.0644
2017,ACT,Males,Full-time,Sedan,83200.0,56821.0,1.4642
2017,ACT,Males,Full-time,Ute,83200.0,46065.0,1.8061
2017,ACT,Males,Full-time,Wagon,83200.0,50472.0,1.6484
2017,ACT,Males,Part-time,Hatchback,20701.0,26331.0,0.7862
2017,ACT,Males,Part-time,SUV,20701.0,40303.0,0.5136
2017,ACT,Males,Part-time,Sedan,20701.0,56821.0,0.3643
2017,ACT,Males,Part-time,Ute,20701.0,46065.0,0.4494
2017,ACT,Males,Part-time,Wagon,20701.0,50472.0,0.4102
2017,ACT,Males,Total,Hatchback,78000.0,26331.0,2.9623
2017,ACT,Males,Total,SUV,78000.0,40303.0,1.9353
2017,ACT,Males,Total,Sedan,78000.0,56821.0,1.3727
2017,ACT,Males,Total,Ute,78000.0,46065.0,1.6932
2017,ACT,Males,Total,Wagon,78000.0,50472.0,1.5454
2017,ACT,Persons,Full-time,Hatchback,78000.0,26331.0,2.9623
2017,ACT,Persons,Full-time,SUV,78000.0,40303.0,1.9353
2017,ACT,Persons,Full-time,Sedan,78000.0,56821.0,1.3727
2017,ACT,Persons,Full-time,Ute,78000.0,46065.0,1.6932
2017,ACT,Persons,Full-time,Wagon,78000.0,50472.0,1.5454
2017,ACT,Persons,Part-time,Hatchback,26411.0,26331.0,1.003
2017,ACT,Persons,Part-time,SUV,26411.0,40303.0,0.6553
2017,ACT,Persons,Part-time,Sedan,26411.0,56821.0,0.4648
2017,ACT,Persons,Part-time,Ute,26411.0,46065.0,0.5733
2017,ACT,Persons,Part-time,Wagon,26411.0,50472.0,0.5233
2017,ACT,Persons,Total,Hatchback,67600.0,26331.0,2.5673
2017,ACT,Persons,Total,SUV,67600.0,40303.0,1.6773
2017,ACT,Persons,Total,Sedan,67600.0,56821.0,1.1897
2017,ACT,Persons,Total,Ute,67600.0,46065.0,1.4675
2017,ACT,Persons,Total,Wagon,67600.0,50472.0,1.3394
2017,AUS,Females,Full-time,Hatchback,61927.0,27089.0,2.286
2017,AUS,Females,Full-time,SUV,61927.0,41463.0,1.4935
2017,AUS,Females,Full-time,Sedan,61927.0,58457.0,1.0593
2017,AUS,Females,Full-time,Ute,61927.0,47392.0,1.3067
2017,AUS,Females,Full-time,Wagon,61927.0,51925.0,1.1926
2017,AUS,Females,Part-time,Hatchback,27820.0,27089.0,1.027
2017,AUS,Females,Part-time,SUV,27820.0,41463.0,0.671
2017,AUS,Females,Part-time,Sedan,27820.0,58457.0,0.4759
2017,AUS,Females,Part-time,Ute,27820.0,47392.0,0.587
2017,AUS,Females,Part-time,Wagon,27820.0,51925.0,0.5358
2017,AUS,Females,Total,Hatchback,46748.0,27089.0,1.7257
2017,AUS,Females,Total,SUV,46748.0,41463.0,1.1275
2017,AUS,Females,Total,Sedan,46748.0,58457.0,0.7997
2017,AUS,Females,Total,Ute,46748.0,47392.0,0.9864
2017,AUS,Females,Total,Wagon,46748.0,51925.0,0.9003
2017,AUS,Males,Full-time,Hatchback,70772.0,27089.0,2.6125
2017,AUS,Males,Full-time,SUV,70772.0,41463.0,1.7069
2017,AUS,Males,Full-time,Sedan,70772.0,58457.0,1.2107
2017,AUS,Males,Full-time,Ute,70772.0,47392.0,1.4933
2017,AUS,Males,Full-time,Wagon,70772.0,51925.0,1.363
2017,AUS,Males,Part-time,Hatchback,22199.0,27089.0,0.8195
2017,AUS,Males,Part-time,SUV,22199.0,41463.0,0.5354
2017,AUS,Males,Part-time,Sedan,22199.0,58457.0,0.3797
2017,AUS,Males,Part-time,Ute,22199.0,47392.0,0.4684
2017,AUS,Males,Part-time,Wagon,22199.0,51925.0,0.4275
2017,AUS,Males,Total,Hatchback,62400.0,27089.0,2.3035
2017,AUS,Males,Total,SUV,62400.0,41463.0,1.5049
2017,AUS,Males,Total,Sedan,62400.0,58457.0,1.0674
2017,AUS,Males,Total,Ute,62400.0,47392.0,1.3167
2017,AUS,Males,Total,Wagon,62400.0,51925.0,1.2017
2017,AUS,Persons,Full-time,Hatchback,66612.0,27089.0,2.459
2017,AUS,Persons,Full-time,SUV,66612.0,41463.0,1.6065
2017,AUS,Persons,Full-time,Sedan,66612.0,58457.0,1.1395
2017,AUS,Persons,Full-time,Ute,66612.0,47392.0,1.4056
2017,AUS,Persons,Full-time,Wagon,66612.0,51925.0,1.2828
2017,AUS,Persons,Part-time,Hatchback,26000.0,27089.0,0.9598
2017,AUS,Persons,Part-time,SUV,26000.0,41463.0,0.6271
2017,AUS,Persons,Part-time,Sedan,26000.0,58457.0,0.4448
2017,AUS,Persons,Part-time,Ute,26000.0,47392.0,0.5486
2017,AUS,Persons,Part-time,Wagon,26000.0,51925.0,0.5007
2017,AUS,Persons,Total,Hatchback,52832.0,27089.0,1.9503
2017,AUS,Persons,Total,SUV,52832.0,41463.0,1.2742
2017,AUS,Persons,Total,Sedan,52832.0,58457.0,0.9038
2017,AUS,Persons,Total,Ute,52832.0,47392.0,1.1148
2017,AUS,Persons,Total,Wagon,52832.0,51925.0,1.0175
2017,NSW,Females,Full-time,Hatchback,62400.0,27089.0,2.3035
2017,NSW,Females,Full-time,SUV,62400.0,41463.0,1.5049
2017,NSW,Females,Full-time,Sedan,62400.0,58457.0,1.0674
2017,NSW,Females,Full-time,Ute,62400.0,47392.0,1.3167
2017,NSW,Females,Full-time,Wagon,62400.0,51925.0,1.2017
2017,NSW,Females,Part-time,Hatchback,27456.0,27089.0,1.0135
2017,NSW,Females,Part-time,SUV,27456.0,41463.0,0.6622
2017,NSW,Females,Part-time,Sedan,27456.0,58457.0,0.4697
2017,NSW,Females,Part-time,Ute,27456.0,47392.0,0.5793
2017,NSW,Females,Part-time,Wagon,27456.0,51925.0,0.5288
2017,NSW,Females,Total,Hatchback,46800.0,27089.0,1.7276
2017,NSW,Females,Total,SUV,46800.0,41463.0,1.1287
2017,NSW,Females,Total,Sedan,46800.0,58457.0,0.8006
2017,NSW,Females,Total,Ute,46800.0,47392.0,0.9875
2017,NSW,Females,Total,Wagon,46800.0,51925.0,0.9013
2017,NSW,Males,Full-time,Hatchback,70756.0,27089.0,2.612
2017,NSW,Males,Full-time,SUV,70756.0,41463.0,1.7065
2017,NSW,Males,Full-time,Sedan,70756.0,58457.0,1.2104
2017,NSW,Males,Full-time,Ute,70756.0,47392.0,1.493
2017,NSW,Males,Full-time,Wagon,70756.0,51925.0,1.3627
2017,NSW,Males,Part-time,Hatchback,23400.0,27089.0,0.8638
2017,NSW,Males,Part-time,SUV,23400.0,41463.0,0.5644
2017,NSW,Males,Part-time,Sedan,23400.0,58457.0,0.4003
2017,NSW,Males,Part-time,Ute,23400.0,47392.0,0.4938
2017,NSW,Males,Part-time,Wagon,23400.0,51925.0,0.4506
2017,NSW,Males,Total,Hatchback,62400.0,27089.0,2.3035
2017,NSW,Males,Total,SUV,62400.0,41463.0,1.5049
2017,NSW,Males,Total,Sedan,62400.0,58457.0,1.0674
2017,NSW,Males,Total,Ute,62400.0,47392.0,1.3167
2017,NSW,Males,Total,Wagon,62400.0,51925.0,1.2017
2017,NSW,Persons,Full-time,Hatchback,66612.0,27089.0,2.459
2017,NSW,Persons,Full-time,SUV,66612.0,41463.0,1.6065
2017,NSW,Persons,Full-time,Sedan,66612.0,58457.0,1.1395
2017,NSW,Persons,Full-time,Ute,66612.0,47392.0,1.4056
2017,NSW,Persons,Full-time,Wagon,66612.0,51925.0,1.2828
2017,NSW,Persons,Part-time,Hatchback,26000.0,27089.0,0.9598
2017,NSW,Persons,Part-time,SUV,26000.0,41463.0,0.6271
2017,NSW,Persons,Part-time,Sedan,26000.0,58457.0,0.4448
2017,NSW,Persons,Part-time,Ute,26000.0,47392.0,0.5486
2017,NSW,Persons,Part-time,Wagon,26000.0,51925.0,0.5007
2017,NSW,Persons,Total,Hatchback,54600.0,27089.0,2.0156
2017,NSW,Persons,Total,SUV,54600.0,41463.0,1.3168
2017,NSW,Persons,Total,Sedan,54600.0,58457.0,0.934
2017,NSW,Persons,Total,Ute,54600.0,47392.0,1.1521
2017,NSW,Persons,Total,Wagon,54600.0,51925.0,1.0515
2017,NT,Females,Full-time,Hatchback,65000.0,28160.0,2.3083
2017,NT,Females,Full-time,SUV,65000.0,43101.0,1.5081
2017,NT,Females,Full-time,Sedan,65000.0,60767.0,1.0697
2017,NT,Females,Full-time,Ute,65000.0,49264.0,1.3194
2017,NT,Females,Full-time,Wagon,65000.0,53977.0,1.2042
2017,NT,Females,Part-time,Hatchback,31200.0,28160.0,1.108
2017,NT,Females,Part-time,SUV,31200.0,43101.0,0.7239
2017,NT,Females,Part-time,Sedan,31200.0,60767.0,0.5134
2017,NT,Females,Part-time,Ute,31200.0,49264.0,0.6333
2017,NT,Females,Part-time,Wagon,31200.0,53977.0,0.578
2017,NT,Females,Total,Hatchback,57923.0,28160.0,2.0569
2017,NT,Females,Total,SUV,57923.0,43101.0,1.3439
2017,NT,Females,Total,Sedan,57923.0,60767.0,0.9532
2017,NT,Females,Total,Ute,57923.0,49264.0,1.1758
2017,NT,Females,Total,Wagon,57923.0,53977.0,1.0731
2017,NT,Males,Full-time,Hatchback,78000.0,28160.0,2.7699
2017,NT,Males,Full-time,SUV,78000.0,43101.0,1.8097
2017,NT,Males,Full-time,Sedan,78000.0,60767.0,1.2836
2017,NT,Males,Full-time,Ute,78000.0,49264.0,1.5833
2017,NT,Males,Full-time,Wagon,78000.0,53977.0,1.4451
2017,NT,Males,Part-time,Hatchback,21840.0,28160.0,0.7756
2017,NT,Males,Part-time,SUV,21840.0,43101.0,0.5067
2017,NT,Males,Part-time,Sedan,21840.0,60767.0,0.3594
2017,NT,Males,Part-time,Ute,21840.0,49264.0,0.4433
2017,NT,Males,Part-time,Wagon,21840.0,53977.0,0.4046
2017,NT,Males,Total,Hatchback,72166.0,28160.0,2.5627
2017,NT,Males,Total,SUV,72166.0,43101.0,1.6743
2017,NT,Males,Total,Sedan,72166.0,60767.0,1.1876
2017,NT,Males,Total,Ute,72166.0,49264.0,1.4649
2017,NT,Males,Total,Wagon,72166.0,53977.0,1.337
2017,NT,Persons,Full-time,Hatchback,70845.0,28160.0,2.5158
2017,NT,Persons,Full-time,SUV,70845.0,43101.0,1.6437
2017,NT,Persons,Full-time,Sedan,70845.0,60767.0,1.1658
2017,NT,Persons,Full-time,Ute,70845.0,49264.0,1.4381
2017,NT,Persons,Full-time,Wagon,70845.0,53977.0,1.3125
2017,NT,Persons,Part-time,Hatchback,26099.0,28160.0,0.9268
2017,NT,Persons,Part-time,SUV,26099.0,43101.0,0.6055
2017,NT,Persons,Part-time,Sedan,26099.0,60767.0,0.4295
2017,NT,Persons,Part-time,Ute,26099.0,49264.0,0.5298
2017,NT,Persons,Part-time,Wagon,26099.0,53977.0,0.4835
2017,NT,Persons,Total,Hatchback,63024.0,28160.0,2.2381
2017,NT,Persons,Total,SUV,63024.0,43101.0,1.4622
2017,NT,Persons,Total,Sedan,63024.0,60767.0,1.0371
2017,NT,Persons,Total,Ute,63024.0,49264.0,1.2793
2017,NT,Persons,Total,Wagon,63024.0,53977.0,1.1676
2017,QLD,Females,Full-time,Hatchback,59800.0,26721.0,2.238
2017,QLD,Females,Full-time,SUV,59800.0,40899.0,1.4621
2017,QLD,Females,Full-time,Sedan,59800.0,57662.0,1.0371
2017,QLD,Females,Full-time,Ute,59800.0,46747.0,1.2792
2017,QLD,Females,Full-time,Wagon,59800.0,51219.0,1.1675
2017,QLD,Females,Part-time,Hatchback,28600.0,26721.0,1.0703
2017,QLD,Females,Part-time,SUV,28600.0,40899.0,0.6993
2017,QLD,Females,Part-time,Sedan,28600.0,57662.0,0.496
2017,QLD,Females,Part-time,Ute,28600.0,46747.0,0.6118
2017,QLD,Females,Part-time,Wagon,28600.0,51219.0,0.5584
2017,QLD,Females,Total,Hatchback,44980.0,26721.0,1.6833
2017,QLD,Females,Total,SUV,44980.0,40899.0,1.0998
2017,QLD,Females,Total,Sedan,44980.0,57662.0,0.7801
2017,QLD,Females,Total,Ute,44980.0,46747.0,0.9622
2017,QLD,Females,Total,Wagon,44980.0,51219.0,0.8782
2017,QLD,Males,Full-time,Hatchback,70320.0,26721.0,2.6316
2017,QLD,Males,Full-time,SUV,70320.0,40899.0,1.7193
2017,QLD,Males,Full-time,Sedan,70320.0,57662.0,1.2195
2017,QLD,Males,Full-time,Ute,70320.0,46747.0,1.5043
2017,QLD,Males,Full-time,Wagon,70320.0,51219.0,1.3729
2017,QLD,Males,Part-time,Hatchback,22911.0,26721.0,0.8574
2017,QLD,Males,Part-time,SUV,22911.0,40899.0,0.5602
2017,QLD,Males,Part-time,Sedan,22911.0,57662.0,0.3973
2017,QLD,Males,Part-time,Ute,22911.0,46747.0,0.4901
2017,QLD,Males,Part-time,Wagon,22911.0,51219.0,0.4473
2017,QLD,Males,Total,Hatchback,62400.0,26721.0,2.3353
2017,QLD,Males,Total,SUV,62400.0,40899.0,1.5257
2017,QLD,Males,Total,Sedan,62400.0,57662.0,1.0822
2017,QLD,Males,Total,Ute,62400.0,46747.0,1.3348
2017,QLD,Males,Total,Wagon,62400.0,51219.0,1.2183
2017,QLD,Persons,Full-time,Hatchback,65000.0,26721.0,2.4326
2017,QLD,Persons,Full-time,SUV,65000.0,40899.0,1.5893
2017,QLD,Persons,Full-time,Sedan,65000.0,57662.0,1.1273
2017,QLD,Persons,Full-time,Ute,65000.0,46747.0,1.3905
2017,QLD,Persons,Full-time,Wagon,65000.0,51219.0,1.2691
2017,QLD,Persons,Part-time,Hatchback,27040.0,26721.0,1.0119
2017,QLD,Persons,Part-time,SUV,27040.0,40899.0,0.6611
2017,QLD,Persons,Part-time,Sedan,27040.0,57662.0,0.4689
2017,QLD,Persons,Part-time,Ute,27040.0,46747.0,0.5784
2017,QLD,Persons,Part-time,Wagon,27040.0,51219.0,0.5279
2017,QLD,Persons,Total,Hatchback,52000.0,26721.0,1.946
2017,QLD,Persons,Total,SUV,52000.0,40899.0,1.2714
2017,QLD,Persons,Total,Sedan,52000.0,57662.0,0.9018
2017,QLD,Persons,Total,Ute,52000.0,46747.0,1.1124
2017,QLD,Persons,Total,Wagon,52000.0,51219.0,1.0152
2017,SA,Females,Full-time,Hatchback,57200.0,26733.0,2.1397
2017,SA,Females,Full-time,SUV,57200.0,40918.0,1.3979
2017,SA,Females,Full-time,Sedan,57200.0,57689.0,0.9915
2017,SA,Females,Full-time,Ute,57200.0,46769.0,1.223
2017,SA,Females,Full-time,Wagon,57200.0,51243.0,1.1163
2017,SA,Females,Part-time,Hatchback,28491.0,26733.0,1.0657
2017,SA,Females,Part-time,SUV,28491.0,40918.0,0.6963
2017,SA,Females,Part-time,Sedan,28491.0,57689.0,0.4939
2017,SA,Females,Part-time,Ute,28491.0,46769.0,0.6092
2017,SA,Females,Part-time,Wagon,28491.0,51243.0,0.556
2017,SA,Females,Total,Hatchback,43404.0,26733.0,1.6236
2017,SA,Females,Total,SUV,43404.0,40918.0,1.0608
2017,SA,Females,Total,Sedan,43404.0,57689.0,0.7524
2017,SA,Females,Total,Ute,43404.0,46769.0,0.9281
2017,SA,Females,Total,Wagon,43404.0,51243.0,0.847
2017,SA,Males,Full-time,Hatchback,62920.0,26733.0,2.3536
2017,SA,Males,Full-time,SUV,62920.0,40918.0,1.5377
2017,SA,Males,Full-time,Sedan,62920.0,57689.0,1.0907
2017,SA,Males,Full-time,Ute,62920.0,46769.0,1.3453
2017,SA,Males,Full-time,Wagon,62920.0,51243.0,1.2279
2017,SA,Males,Part-time,Hatchback,23920.0,26733.0,0.8948
2017,SA,Males,Part-time,SUV,23920.0,40918.0,0.5846
2017,SA,Males,Part-time,Sedan,23920.0,57689.0,0.4146
2017,SA,Males,Part-time,Ute,23920.0,46769.0,0.5115
2017,SA,Males,Part-time,Wagon,23920.0,51243.0,0.4668
2017,SA,Males,Total,Hatchback,57044.0,26733.0,2.1338
2017,SA,Males,Total,SUV,57044.0,40918.0,1.3941
2017,SA,Males,Total,Sedan,57044.0,57689.0,0.9888
2017,SA,Males,Total,Ute,57044.0,46769.0,1.2197
2017,SA,Males,Total,Wagon,57044.0,51243.0,1.1132
2017,SA,Persons,Full-time,Hatchback,61828.0,26733.0,2.3128
2017,SA,Persons,Full-time,SUV,61828.0,40918.0,1.511
2017,SA,Persons,Full-time,Sedan,61828.0,57689.0,1.0718
2017,SA,Persons,Full-time,Ute,61828.0,46769.0,1.322
2017,SA,Persons,Full-time,Wagon,61828.0,51243.0,1.2066
2017,SA,Persons,Part-time,Hatchback,26603.0,26733.0,0.9951
2017,SA,Persons,Part-time,SUV,26603.0,40918.0,0.6502
2017,SA,Persons,Part-time,Sedan,26603.0,57689.0,0.4612
2017,SA,Persons,Part-time,Ute,26603.0,46769.0,0.5688
2017,SA,Persons,Part-time,Wagon,26603.0,51243.0,0.5192
2017,SA,Persons,Total,Hatchback,50606.0,26733.0,1.893
2017,SA,Persons,Total,SUV,50606.0,40918.0,1.2368
2017,SA,Persons,Total,Sedan,50606.0,57689.0,0.8772
2017,SA,Persons,Total,Ute,50606.0,46769.0,1.0821
2017,SA,Persons,Total,Wagon,50606.0,51243.0,0.9876
2017,TAS,Females,Full-time,Hatchback,57200.0,26425.0,2.1646
2017,TAS,Females,Full-time,SUV,57200.0,40447.0,1.4142
2017,TAS,Females,Full-time,Sedan,57200.0,57025.0,1.0031
2017,TAS,Females,Full-time,Ute,57200.0,46230.0,1.2373
2017,TAS,Females,Full-time,Wagon,57200.0,50653.0,1.1293
2017,TAS,Females,Part-time,Hatchback,28356.0,26425.0,1.073
2017,TAS,Females,Part-time,SUV,28356.0,40447.0,0.7011
2017,TAS,Females,Part-time,Sedan,28356.0,57025.0,0.4973
2017,TAS,Females,Part-time,Ute,28356.0,46230.0,0.6134
2017,TAS,Females,Part-time,Wagon,28356.0,50653.0,0.5598
2017,TAS,Females,Total,Hatchback,39000.0,26425.0,1.4759
2017,TAS,Females,Total,SUV,39000.0,40447.0,0.9642
2017,TAS,Females,Total,Sedan,39000.0,57025.0,0.6839
2017,TAS,Females,Total,Ute,39000.0,46230.0,0.8436
2017,TAS,Females,Total,Wagon,39000.0,50653.0,0.7699
2017,TAS,Males,Full-time,Hatchback,62400.0,26425.0,2.3614
2017,TAS,Males,Full-time,SUV,62400.0,40447.0,1.5428
2017,TAS,Males,Full-time,Sedan,62400.0,57025.0,1.0943
2017,TAS,Males,Full-time,Ute,62400.0,46230.0,1.3498
2017,TAS,Males,Full-time,Wagon,62400.0,50653.0,1.2319
2017,TAS,Males,Part-time,Hatchback,22547.0,26425.0,0.8532
2017,TAS,Males,Part-time,SUV,22547.0,40447.0,0.5574
2017,TAS,Males,Part-time,Sedan,22547.0,57025.0,0.3954
2017,TAS,Males,Part-time,Ute,22547.0,46230.0,0.4877
2017,TAS,Males,Part-time,Wagon,22547.0,50653.0,0.4451
2017,TAS,Males,Total,Hatchback,57221.0,26425.0,2.1654
2017,TAS,Males,Total,SUV,57221.0,40447.0,1.4147
2017,TAS,Males,Total,Sedan,57221.0,57025.0,1.0034
2017,TAS,Males,Total,Ute,57221.0,46230.0,1.2377
2017,TAS,Males,Total,Wagon,57221.0,50653.0,1.1297
2017,TAS,Persons,Full-time,Hatchback,61615.0,26425.0,2.3316
2017,TAS,Persons,Full-time,SUV,61615.0,40447.0,1.5233
2017,TAS,Persons,Full-time,Sedan,61615.0,57025.0,1.0805
2017,TAS,Persons,Full-time,Ute,61615.0,46230.0,1.3328
2017,TAS,Persons,Full-time,Wagon,61615.0,50653.0,1.2164
2017,TAS,Persons,Part-time,Hatchback,27061.0,26425.0,1.024
2017,TAS,Persons,Part-time,SUV,27061.0,40447.0,0.669
2017,TAS,Persons,Part-time,Sedan,27061.0,57025.0,0.4745
2017,TAS,Persons,Part-time,Ute,27061.0,46230.0,0.5853
2017,TAS,Persons,Part-time,Wagon,27061.0,50653.0,0.5342
2017,TAS,Persons,Total,Hatchback,49400.0,26425.0,1.8694
2017,TAS,Persons,Total,SUV,49400.0,40447.0,1.2213
2017,TAS,Persons,Total,Sedan,49400.0,57025.0,0.8663
2017,TAS,Persons,Total,Ute,49400.0,46230.0,1.0686
2017,TAS,Persons,Total,Wagon,49400.0,50653.0,0.9753
2017,VIC,Females,Full-time,Hatchback,61116.0,28342.0,2.1564
2017,VIC,Females,Full-time,SUV,61116.0,43380.0,1.4088
2017,VIC,Females,Full-time,Sedan,61116.0,61160.0,0.9993
2017,VIC,Females,Full-time,Ute,61116.0,49583.0,1.2326
2017,VIC,Females,Full-time,Wagon,61116.0,54326.0,1.125
2017,VIC,Females,Part-time,Hatchback,26842.0,28342.0,0.9471
2017,VIC,Females,Part-time,SUV,26842.0,43380.0,0.6188
2017,VIC,Females,Part-time,Sedan,26842.0,61160.0,0.4389
2017,VIC,Females,Part-time,Ute,26842.0,49583.0,0.5414
2017,VIC,Females,Part-time,Wagon,26842.0,54326.0,0.4941
2017,VIC,Females,Total,Hatchback,46670.0,28342.0,1.6467
2017,VIC,Females,Total,SUV,46670.0,43380.0,1.0758
2017,VIC,Females,Total,Sedan,46670.0,61160.0,0.7631
2017,VIC,Females,Total,Ute,46670.0,49583.0,0.9413
2017,VIC,Females,Total,Wagon,46670.0,54326.0,0.8591
2017,VIC,Males,Full-time,Hatchback,69009.0,28342.0,2.4349
2017,VIC,Males,Full-time,SUV,69009.0,43380.0,1.5908
2017,VIC,Males,Full-time,Sedan,69009.0,61160.0,1.1283
2017,VIC,Males,Full-time,Ute,69009.0,49583.0,1.3918
2017,VIC,Males,Full-time,Wagon,69009.0,54326.0,1.2703
2017,VIC,Males,Part-time,Hatchback,20800.0,28342.0,0.7339
2017,VIC,Males,Part-time,SUV,20800.0,43380.0,0.4795
2017,VIC,Males,Part-time,Sedan,20800.0,61160.0,0.3401
2017,VIC,Males,Part-time,Ute,20800.0,49583.0,0.4195
2017,VIC,Males,Part-time,Wagon,20800.0,54326.0,0.3829
2017,VIC,Males,Total,Hatchback,60710.0,28342.0,2.1421
2017,VIC,Males,Total,SUV,60710.0,43380.0,1.3995
2017,VIC,Males,Total,Sedan,60710.0,61160.0,0.9926
2017,VIC,Males,Total,Ute,60710.0,49583.0,1.2244
2017,VIC,Males,Total,Wagon,60710.0,54326.0,1.1175
2017,VIC,Persons,Full-time,Hatchback,65000.0,28342.0,2.2934
2017,VIC,Persons,Full-time,SUV,65000.0,43380.0,1.4984
2017,VIC,Persons,Full-time,Sedan,65000.0,61160.0,1.0628
2017,VIC,Persons,Full-time,Ute,65000.0,49583.0,1.3109
2017,VIC,Persons,Full-time,Wagon,65000.0,54326.0,1.1965
2017,VIC,Persons,Part-time,Hatchback,25116.0,28342.0,0.8862
2017,VIC,Persons,Part-time,SUV,25116.0,43380.0,0.579
2017,VIC,Persons,Part-time,Sedan,25116.0,61160.0,0.4107
2017,VIC,Persons,Part-time,Ute,25116.0,49583.0,0.5065
2017,VIC,Persons,Part-time,Wagon,25116.0,54326.0,0.4623
2017,VIC,Persons,Total,Hatchback,52000.0,28342.0,1.8347
2017,VIC,Persons,Total,SUV,52000.0,43380.0,1.1987
2017,VIC,Persons,Total,Sedan,52000.0,61160.0,0.8502
2017,VIC,Persons,Total,Ute,52000.0,49583.0,1.0487
2017,VIC,Persons,Total,Wagon,52000.0,54326.0,0.9572
2017,WA,Females,Full-time,Hatchback,65000.0,27807.0,2.3376
2017,WA,Females,Full-time,SUV,65000.0,42562.0,1.5272
2017,WA,Females,Full-time,Sedan,65000.0,60006.0,1.0832
2017,WA,Females,Full-time,Ute,65000.0,48647.0,1.3362
2017,WA,Females,Full-time,Wagon,65000.0,53301.0,1.2195
2017,WA,Females,Part-time,Hatchback,27300.0,27807.0,0.9818
2017,WA,Females,Part-time,SUV,27300.0,42562.0,0.6414
2017,WA,Females,Part-time,Sedan,27300.0,60006.0,0.455
2017,WA,Females,Part-time,Ute,27300.0,48647.0,0.5612
2017,WA,Females,Part-time,Wagon,27300.0,53301.0,0.5122
2017,WA,Females,Total,Hatchback,45105.0,27807.0,1.6221
2017,WA,Females,Total,SUV,45105.0,42562.0,1.0598
2017,WA,Females,Total,Sedan,45105.0,60006.0,0.7517
2017,WA,Females,Total,Ute,45105.0,48647.0,0.9272
2017,WA,Females,Total,Wagon,45105.0,53301.0,0.8462
2017,WA,Males,Full-time,Hatchback,78385.0,27807.0,2.8189
2017,WA,Males,Full-time,SUV,78385.0,42562.0,1.8417
2017,WA,Males,Full-time,Sedan,78385.0,60006.0,1.3063
2017,WA,Males,Full-time,Ute,78385.0,48647.0,1.6113
2017,WA,Males,Full-time,Wagon,78385.0,53301.0,1.4706
2017,WA,Males,Part-time,Hatchback,19916.0,27807.0,0.7162
2017,WA,Males,Part-time,SUV,19916.0,42562.0,0.4679
2017,WA,Males,Part-time,Sedan,19916.0,60006.0,0.3319
2017,WA,Males,Part-time,Ute,19916.0,48647.0,0.4094
2017,WA,Males,Part-time,Wagon,19916.0,53301.0,0.3737
2017,WA,Males,Total,Hatchback,71646.0,27807.0,2.5765
2017,WA,Males,Total,SUV,71646.0,42562.0,1.6833
2017,WA,Males,Total,Sedan,71646.0,60006.0,1.194
2017,WA,Males,Total,Ute,71646.0,48647.0,1.4728
2017,WA,Males,Total,Wagon,71646.0,53301.0,1.3442
2017,WA,Persons,Full-time,Hatchback,73616.0,27807.0,2.6474
2017,WA,Persons,Full-time,SUV,73616.0,42562.0,1.7296
2017,WA,Persons,Full-time,Sedan,73616.0,60006.0,1.2268
2017,WA,Persons,Full-time,Ute,73616.0,48647.0,1.5133
2017,WA,Persons,Full-time,Wagon,73616.0,53301.0,1.3811
2017,WA,Persons,Part-time,Hatchback,26000.0,27807.0,0.935
2017,WA,Persons,Part-time,SUV,26000.0,42562.0,0.6109
2017,WA,Persons,Part-time,Sedan,26000.0,60006.0,0.4333
2017,WA,Persons,Part-time,Ute,26000.0,48647.0,0.5345
2017,WA,Persons,Part-time,Wagon,26000.0,53301.0,0.4878
2017,WA,Persons,Total,Hatchback,57200.0,27807.0,2.057
2017,WA,Persons,Total,SUV,57200.0,42562.0,1.3439
2017,WA,Persons,Total,Sedan,57200.0,60006.0,0.9532
2017,WA,Persons,Total,Ute,57200.0,48647.0,1.1758
2017,WA,Persons,Total,Wagon,57200.0,53301.0,1.0732
2018,ACT,Females,Full-time,Hatchback,78000.0,26005.0,2.9994
2018,ACT,Females,Full-time,SUV,78000.0,39804.0,1.9596
2018,ACT,Females,Full-time,Sedan,78000.0,56117.0,1.3899
2018,ACT,Females,Full-time,Ute,78000.0,45495.0,1.7145
2018,ACT,Females,Full-time,Wagon,78000.0,49847.0,1.5648
2018,ACT,Females,Part-time,Hatchback,31200.0,26005.0,1.1998
2018,ACT,Females,Part-time,SUV,31200.0,39804.0,0.7839
2018,ACT,Females,Part-time,Sedan,31200.0,56117.0,0.556
2018,ACT,Females,Part-time,Ute,31200.0,45495.0,0.6858
2018,ACT,Females,Part-time,Wagon,31200.0,49847.0,0.6259
2018,ACT,Females,Total,Hatchback,60528.0,26005.0,2.3276
2018,ACT,Females,Total,SUV,60528.0,39804.0,1.5207
2018,ACT,Females,Total,Sedan,60528.0,56117.0,1.0786
2018,ACT,Females,Total,Ute,60528.0,45495.0,1.3304
2018,ACT,Females,Total,Wagon,60528.0,49847.0,1.2143
2018,ACT,Males,Full-time,Hatchback,83138.0,26005.0,3.197
2018,ACT,Males,Full-time,SUV,83138.0,39804.0,2.0887
2018,ACT,Males,Full-time,Sedan,83138.0,56117.0,1.4815
2018,ACT,Males,Full-time,Ute,83138.0,45495.0,1.8274
2018,ACT,Males,Full-time,Wagon,83138.0,49847.0,1.6679
2018,ACT,Males,Part-time,Hatchback,21840.0,26005.0,0.8398
2018,ACT,Males,Part-time,SUV,21840.0,39804.0,0.5487
2018,ACT,Males,Part-time,Sedan,21840.0,56117.0,0.3892
2018,ACT,Males,Part-time,Ute,21840.0,45495.0,0.4801
2018,ACT,Males,Part-time,Wagon,21840.0,49847.0,0.4381
2018,ACT,Males,Total,Hatchback,74516.0,26005.0,2.8655
2018,ACT,Males,Total,SUV,74516.0,39804.0,1.8721
2018,ACT,Males,Total,Sedan,74516.0,56117.0,1.3279
2018,ACT,Males,Total,Ute,74516.0,45495.0,1.6379
2018,ACT,Males,Total,Wagon,74516.0,49847.0,1.4949
2018,ACT,Persons,Full-time,Hatchback,79508.0,26005.0,3.0574
2018,ACT,Persons,Full-time,SUV,79508.0,39804.0,1.9975
2018,ACT,Persons,Full-time,Sedan,79508.0,56117.0,1.4168
2018,ACT,Persons,Full-time,Ute,79508.0,45495.0,1.7476
2018,ACT,Persons,Full-time,Wagon,79508.0,49847.0,1.595
2018,ACT,Persons,Part-time,Hatchback,28600.0,26005.0,1.0998
2018,ACT,Persons,Part-time,SUV,28600.0,39804.0,0.7185
2018,ACT,Persons,Part-time,Sedan,28600.0,56117.0,0.5096
2018,ACT,Persons,Part-time,Ute,28600.0,45495.0,0.6286
2018,ACT,Persons,Part-time,Wagon,28600.0,49847.0,0.5738
2018,ACT,Persons,Total,Hatchback,67600.0,26005.0,2.5995
2018,ACT,Persons,Total,SUV,67600.0,39804.0,1.6983
2018,ACT,Persons,Total,Sedan,67600.0,56117.0,1.2046
2018,ACT,Persons,Total,Ute,67600.0,45495.0,1.4859
2018,ACT,Persons,Total,Wagon,67600.0,49847.0,1.3562
2018,AUS,Females,Full-time,Hatchback,64225.0,26754.0,2.4006
2018,AUS,Females,Full-time,SUV,64225.0,40950.0,1.5684
2018,AUS,Females,Full-time,Sedan,64225.0,57733.0,1.1124
2018,AUS,Females,Full-time,Ute,64225.0,46805.0,1.3722
2018,AUS,Females,Full-time,Wagon,64225.0,51282.0,1.2524
2018,AUS,Females,Part-time,Hatchback,28600.0,26754.0,1.069
2018,AUS,Females,Part-time,SUV,28600.0,40950.0,0.6984
2018,AUS,Females,Part-time,Sedan,28600.0,57733.0,0.4954
2018,AUS,Females,Part-time,Ute,28600.0,46805.0,0.6111
2018,AUS,Females,Part-time,Wagon,28600.0,51282.0,0.5577
2018,AUS,Females,Total,Hatchback,47424.0,26754.0,1.7726
2018,AUS,Females,Total,SUV,47424.0,40950.0,1.1581
2018,AUS,Females,Total,Sedan,47424.0,57733.0,0.8214
2018,AUS,Females,Total,Ute,47424.0,46805.0,1.0132
2018,AUS,Females,Total,Wagon,47424.0,51282.0,0.9248
2018,AUS,Males,Full-time,Hatchback,74100.0,26754.0,2.7697
2018,AUS,Males,Full-time,SUV,74100.0,40950.0,1.8095
2018,AUS,Males,Full-time,Sedan,74100.0,57733.0,1.2835
2018,AUS,Males,Full-time,Ute,74100.0,46805.0,1.5832
2018,AUS,Males,Full-time,Wagon,74100.0,51282.0,1.4449
2018,AUS,Males,Part-time,Hatchback,23920.0,26754.0,0.8941
2018,AUS,Males,Part-time,SUV,23920.0,40950.0,0.5841
2018,AUS,Males,Part-time,Sedan,23920.0,57733.0,0.4143
2018,AUS,Males,Part-time,Ute,23920.0,46805.0,0.5111
2018,AUS,Males,Part-time,Wagon,23920.0,51282.0,0.4664
2018,AUS,Males,Total,Hatchback,65416.0,26754.0,2.4451
2018,AUS,Males,Total,SUV,65416.0,40950.0,1.5975
2018,AUS,Males,Total,Sedan,65416.0,57733.0,1.1331
2018,AUS,Males,Total,Ute,65416.0,46805.0,1.3976
2018,AUS,Males,Total,Wagon,65416.0,51282.0,1.2756
2018,AUS,Persons,Full-time,Hatchback,69784.0,26754.0,2.6084
2018,AUS,Persons,Full-time,SUV,69784.0,40950.0,1.7041
2018,AUS,Persons,Full-time,Sedan,69784.0,57733.0,1.2087
2018,AUS,Persons,Full-time,Ute,69784.0,46805.0,1.491
2018,AUS,Persons,Full-time,Wagon,69784.0,51282.0,1.3608
2018,AUS,Persons,Part-time,Hatchback,27300.0,26754.0,1.0204
2018,AUS,Persons,Part-time,SUV,27300.0,40950.0,0.6667
2018,AUS,Persons,Part-time,Sedan,27300.0,57733.0,0.4729
2018,AUS,Persons,Part-time,Ute,27300.0,46805.0,0.5833
2018,AUS,Persons,Part-time,Wagon,27300.0,51282.0,0.5323
2018,AUS,Persons,Total,Hatchback,55848.0,26754.0,2.0875
2018,AUS,Persons,Total,SUV,55848.0,40950.0,1.3638
2018,AUS,Persons,Total,Sedan,55848.0,57733.0,0.9673
2018,AUS,Persons,Total,Ute,55848.0,46805.0,1.1932
2018,AUS,Persons,Total,Wagon,55848.0,51282.0,1.089
2018,NSW,Females,Full-time,Hatchback,65000.0,26754.0,2.4296
2018,NSW,Females,Full-time,SUV,65000.0,40950.0,1.5873
2018,NSW,Females,Full-time,Sedan,65000.0,57733.0,1.1259
2018,NSW,Females,Full-time,Ute,65000.0,46805.0,1.3888
2018,NSW,Females,Full-time,Wagon,65000.0,51282.0,1.2675
2018,NSW,Females,Part-time,Hatchback,28761.0,26754.0,1.075
2018,NSW,Females,Part-time,SUV,28761.0,40950.0,0.7024
2018,NSW,Females,Part-time,Sedan,28761.0,57733.0,0.4982
2018,NSW,Females,Part-time,Ute,28761.0,46805.0,0.6145
2018,NSW,Females,Part-time,Wagon,28761.0,51282.0,0.5608
2018,NSW,Females,Total,Hatchback,48828.0,26754.0,1.8251
2018,NSW,Females,Total,SUV,48828.0,40950.0,1.1924
2018,NSW,Females,Total,Sedan,48828.0,57733.0,0.8458
2018,NSW,Females,Total,Ute,48828.0,46805.0,1.0432
2018,NSW,Females,Total,Wagon,48828.0,51282.0,0.9521
2018,NSW,Males,Full-time,Hatchback,74984.0,26754.0,2.8027
2018,NSW,Males,Full-time,SUV,74984.0,40950.0,1.8311
2018,NSW,Males,Full-time,Sedan,74984.0,57733.0,1.2988
2018,NSW,Males,Full-time,Ute,74984.0,46805.0,1.6021
2018,NSW,Males,Full-time,Wagon,74984.0,51282.0,1.4622
2018,NSW,Males,Part-time,Hatchback,24227.0,26754.0,0.9055
2018,NSW,Males,Part-time,SUV,24227.0,40950.0,0.5916
2018,NSW,Males,Part-time,Sedan,24227.0,57733.0,0.4196
2018,NSW,Males,Part-time,Ute,24227.0,46805.0,0.5176
2018,NSW,Males,Part-time,Wagon,24227.0,51282.0,0.4724
2018,NSW,Males,Total,Hatchback,65884.0,26754.0,2.4626
2018,NSW,Males,Total,SUV,65884.0,40950.0,1.6089
2018,NSW,Males,Total,Sedan,65884.0,57733.0,1.1412
2018,NSW,Males,Total,Ute,65884.0,46805.0,1.4076
2018,NSW,Males,Total,Wagon,65884.0,51282.0,1.2847
2018,NSW,Persons,Full-time,Hatchback,70647.0,26754.0,2.6406
2018,NSW,Persons,Full-time,SUV,70647.0,40950.0,1.7252
2018,NSW,Persons,Full-time,Sedan,70647.0,57733.0,1.2237
2018,NSW,Persons,Full-time,Ute,70647.0,46805.0,1.5094
2018,NSW,Persons,Full-time,Wagon,70647.0,51282.0,1.3776
2018,NSW,Persons,Part-time,Hatchback,27300.0,26754.0,1.0204
2018,NSW,Persons,Part-time,SUV,27300.0,40950.0,0.6667
2018,NSW,Persons,Part-time,Sedan,27300.0,57733.0,0.4729
2018,NSW,Persons,Part-time,Ute,27300.0,46805.0,0.5833
2018,NSW,Persons,Part-time,Wagon,27300.0,51282.0,0.5323
2018,NSW,Persons,Total,Hatchback,55796.0,26754.0,2.0855
2018,NSW,Persons,Total,SUV,55796.0,40950.0,1.3626
2018,NSW,Persons,Total,Sedan,55796.0,57733.0,0.9664
2018,NSW,Persons,Total,Ute,55796.0,46805.0,1.1921
2018,NSW,Persons,Total,Wagon,55796.0,51282.0,1.088
2018,NT,Females,Full-time,Hatchback,65000.0,27811.0,2.3372
2018,NT,Females,Full-time,SUV,65000.0,42567.0,1.527
2018,NT,Females,Full-time,Sedan,65000.0,60014.0,1.0831
2018,NT,Females,Full-time,Ute,65000.0,48654.0,1.336
2018,NT,Females,Full-time,Wagon,65000.0,53308.0,1.2193
2018,NT,Females,Part-time,Hatchback,29297.0,27811.0,1.0534
2018,NT,Females,Part-time,SUV,29297.0,42567.0,0.6882
2018,NT,Females,Part-time,Sedan,29297.0,60014.0,0.4882
2018,NT,Females,Part-time,Ute,29297.0,48654.0,0.6021
2018,NT,Females,Part-time,Wagon,29297.0,53308.0,0.5496
2018,NT,Females,Total,Hatchback,58713.0,27811.0,2.1112
2018,NT,Females,Total,SUV,58713.0,42567.0,1.3793
2018,NT,Females,Total,Sedan,58713.0,60014.0,0.9783
2018,NT,Females,Total,Ute,58713.0,48654.0,1.2068
2018,NT,Females,Total,Wagon,58713.0,53308.0,1.1014
2018,NT,Males,Full-time,Hatchback,75410.0,27811.0,2.7116
2018,NT,Males,Full-time,SUV,75410.0,42567.0,1.7715
2018,NT,Males,Full-time,Sedan,75410.0,60014.0,1.2565
2018,NT,Males,Full-time,Ute,75410.0,48654.0,1.5499
2018,NT,Males,Full-time,Wagon,75410.0,53308.0,1.4146
2018,NT,Males,Part-time,Hatchback,26000.0,27811.0,0.9349
2018,NT,Males,Part-time,SUV,26000.0,42567.0,0.6108
2018,NT,Males,Part-time,Sedan,26000.0,60014.0,0.4332
2018,NT,Males,Part-time,Ute,26000.0,48654.0,0.5344
2018,NT,Males,Part-time,Wagon,26000.0,53308.0,0.4877
2018,NT,Males,Total,Hatchback,70112.0,27811.0,2.521
2018,NT,Males,Total,SUV,70112.0,42567.0,1.6471
2018,NT,Males,Total,Sedan,70112.0,60014.0,1.1683
2018,NT,Males,Total,Ute,70112.0,48654.0,1.441
2018,NT,Males,Total,Wagon,70112.0,53308.0,1.3152
2018,NT,Persons,Full-time,Hatchback,70200.0,27811.0,2.5242
2018,NT,Persons,Full-time,SUV,70200.0,42567.0,1.6491
2018,NT,Persons,Full-time,Sedan,70200.0,60014.0,1.1697
2018,NT,Persons,Full-time,Ute,70200.0,48654.0,1.4428
2018,NT,Persons,Full-time,Wagon,70200.0,53308.0,1.3169
2018,NT,Persons,Part-time,Hatchback,27035.0,27811.0,0.9721
2018,NT,Persons,Part-time,SUV,27035.0,42567.0,0.6351
2018,NT,Persons,Part-time,Sedan,27035.0,60014.0,0.4505
2018,NT,Persons,Part-time,Ute,27035.0,48654.0,0.5557
2018,NT,Persons,Part-time,Wagon,27035.0,53308.0,0.5071
2018,NT,Persons,Total,Hatchback,64948.0,27811.0,2.3354
2018,NT,Persons,Total,SUV,64948.0,42567.0,1.5258
2018,NT,Persons,Total,Sedan,64948.0,60014.0,1.0822
2018,NT,Persons,Total,Ute,64948.0,48654.0,1.3349
2018,NT,Persons,Total,Wagon,64948.0,53308.0,1.2183
2018,QLD,Females,Full-time,Hatchback,62249.0,26390.0,2.3588
2018,QLD,Females,Full-time,SUV,62249.0,40393.0,1.5411
2018,QLD,Females,Full-time,Sedan,62249.0,56948.0,1.0931
2018,QLD,Females,Full-time,Ute,62249.0,46168.0,1.3483
2018,QLD,Females,Full-time,Wagon,62249.0,50585.0,1.2306
2018,QLD,Females,Part-time,Hatchback,27300.0,26390.0,1.0345
2018,QLD,Females,Part-time,SUV,27300.0,40393.0,0.6759
2018,QLD,Females,Part-time,Sedan,27300.0,56948.0,0.4794
2018,QLD,Females,Part-time,Ute,27300.0,46168.0,0.5913
2018,QLD,Females,Part-time,Wagon,27300.0,50585.0,0.5397
2018,QLD,Females,Total,Hatchback,46800.0,26390.0,1.7734
2018,QLD,Females,Total,SUV,46800.0,40393.0,1.1586
2018,QLD,Females,Total,Sedan,46800.0,56948.0,0.8218
2018,QLD,Females,Total,Ute,46800.0,46168.0,1.0137
2018,QLD,Females,Total,Wagon,46800.0,50585.0,0.9252
2018,QLD,Males,Full-time,Hatchback,72800.0,26390.0,2.7586
2018,QLD,Males,Full-time,SUV,72800.0,40393.0,1.8023
2018,QLD,Males,Full-time,Sedan,72800.0,56948.0,1.2784
2018,QLD,Males,Full-time,Ute,72800.0,46168.0,1.5769
2018,QLD,Males,Full-time,Wagon,72800.0,50585.0,1.4392
2018,QLD,Males,Part-time,Hatchback,23504.0,26390.0,0.8906
2018,QLD,Males,Part-time,SUV,23504.0,40393.0,0.5819
2018,QLD,Males,Part-time,Sedan,23504.0,56948.0,0.4127
2018,QLD,Males,Part-time,Ute,23504.0,46168.0,0.5091
2018,QLD,Males,Part-time,Wagon,23504.0,50585.0,0.4646
2018,QLD,Males,Total,Hatchback,65000.0,26390.0,2.4631
2018,QLD,Males,Total,SUV,65000.0,40393.0,1.6092
2018,QLD,Males,Total,Sedan,65000.0,56948.0,1.1414
2018,QLD,Males,Total,Ute,65000.0,46168.0,1.4079
2018,QLD,Males,Total,Wagon,65000.0,50585.0,1.285
2018,QLD,Persons,Full-time,Hatchback,67600.0,26390.0,2.5616
2018,QLD,Persons,Full-time,SUV,67600.0,40393.0,1.6736
2018,QLD,Persons,Full-time,Sedan,67600.0,56948.0,1.1871
2018,QLD,Persons,Full-time,Ute,67600.0,46168.0,1.4642
2018,QLD,Persons,Full-time,Wagon,67600.0,50585.0,1.3364
2018,QLD,Persons,Part-time,Hatchback,26000.0,26390.0,0.9852
2018,QLD,Persons,Part-time,SUV,26000.0,40393.0,0.6437
2018,QLD,Persons,Part-time,Sedan,26000.0,56948.0,0.4566
2018,QLD,Persons,Part-time,Ute,26000.0,46168.0,0.5632
2018,QLD,Persons,Part-time,Wagon,26000.0,50585.0,0.514
2018,QLD,Persons,Total,Hatchback,54600.0,26390.0,2.069
2018,QLD,Persons,Total,SUV,54600.0,40393.0,1.3517
2018,QLD,Persons,Total,Sedan,54600.0,56948.0,0.9588
2018,QLD,Persons,Total,Ute,54600.0,46168.0,1.1826
2018,QLD,Persons,Total,Wagon,54600.0,50585.0,1.0794
2018,SA,Females,Full-time,Hatchback,60788.0,26402.0,2.3024
2018,SA,Females,Full-time,SUV,60788.0,40411.0,1.5042
2018,SA,Females,Full-time,Sedan,60788.0,56974.0,1.0669
2018,SA,Females,Full-time,Ute,60788.0,46189.0,1.3161
2018,SA,Females,Full-time,Wagon,60788.0,50608.0,1.2012
2018,SA,Females,Part-time,Hatchback,29120.0,26402.0,1.1029
2018,SA,Females,Part-time,SUV,29120.0,40411.0,0.7206
2018,SA,Females,Part-time,Sedan,29120.0,56974.0,0.5111
2018,SA,Females,Part-time,Ute,29120.0,46189.0,0.6305
2018,SA,Females,Part-time,Wagon,29120.0,50608.0,0.5754
2018,SA,Females,Total,Hatchback,44330.0,26402.0,1.679
2018,SA,Females,Total,SUV,44330.0,40411.0,1.097
2018,SA,Females,Total,Sedan,44330.0,56974.0,0.7781
2018,SA,Females,Total,Ute,44330.0,46189.0,0.9597
2018,SA,Females,Total,Wagon,44330.0,50608.0,0.876
2018,SA,Males,Full-time,Hatchback,66056.0,26402.0,2.5019
2018,SA,Males,Full-time,SUV,66056.0,40411.0,1.6346
2018,SA,Males,Full-time,Sedan,66056.0,56974.0,1.1594
2018,SA,Males,Full-time,Ute,66056.0,46189.0,1.4301
2018,SA,Males,Full-time,Wagon,66056.0,50608.0,1.3052
2018,SA,Males,Part-time,Hatchback,25948.0,26402.0,0.9828
2018,SA,Males,Part-time,SUV,25948.0,40411.0,0.6421
2018,SA,Males,Part-time,Sedan,25948.0,56974.0,0.4554
2018,SA,Males,Part-time,Ute,25948.0,46189.0,0.5618
2018,SA,Males,Part-time,Wagon,25948.0,50608.0,0.5127
2018,SA,Males,Total,Hatchback,59800.0,26402.0,2.265
2018,SA,Males,Total,SUV,59800.0,40411.0,1.4798
2018,SA,Males,Total,Sedan,59800.0,56974.0,1.0496
2018,SA,Males,Total,Ute,59800.0,46189.0,1.2947
2018,SA,Males,Total,Wagon,59800.0,50608.0,1.1816
2018,SA,Persons,Full-time,Hatchback,64714.0,26402.0,2.4511
2018,SA,Persons,Full-time,SUV,64714.0,40411.0,1.6014
2018,SA,Persons,Full-time,Sedan,64714.0,56974.0,1.1358
2018,SA,Persons,Full-time,Ute,64714.0,46189.0,1.4011
2018,SA,Persons,Full-time,Wagon,64714.0,50608.0,1.2787
2018,SA,Persons,Part-time,Hatchback,28600.0,26402.0,1.0833
2018,SA,Persons,Part-time,SUV,28600.0,40411.0,0.7077
2018,SA,Persons,Part-time,Sedan,28600.0,56974.0,0.502
2018,SA,Persons,Part-time,Ute,28600.0,46189.0,0.6192
2018,SA,Persons,Part-time,Wagon,28600.0,50608.0,0.5651
2018,SA,Persons,Total,Hatchback,52000.0,26402.0,1.9695
2018,SA,Persons,Total,SUV,52000.0,40411.0,1.2868
2018,SA,Persons,Total,Sedan,52000.0,56974.0,0.9127
2018,SA,Persons,Total,Ute,52000.0,46189.0,1.1258
2018,SA,Persons,Total,Wagon,52000.0,50608.0,1.0275
2018,TAS,Females,Full-time,Hatchback,59800.0,26098.0,2.2914
2018,TAS,Females,Full-time,SUV,59800.0,39946.0,1.497
2018,TAS,Females,Full-time,Sedan,59800.0,56318.0,1.0618
2018,TAS,Females,Full-time,Ute,59800.0,45657.0,1.3098
2018,TAS,Females,Full-time,Wagon,59800.0,50025.0,1.1954
2018,TAS,Females,Part-time,Hatchback,28600.0,26098.0,1.0959
2018,TAS,Females,Part-time,SUV,28600.0,39946.0,0.716
2018,TAS,Females,Part-time,Sedan,28600.0,56318.0,0.5078
2018,TAS,Females,Part-time,Ute,28600.0,45657.0,0.6264
2018,TAS,Females,Part-time,Wagon,28600.0,50025.0,0.5717
2018,TAS,Females,Total,Hatchback,43264.0,26098.0,1.6577
2018,TAS,Females,Total,SUV,43264.0,39946.0,1.0831
2018,TAS,Females,Total,Sedan,43264.0,56318.0,0.7682
2018,TAS,Females,Total,Ute,43264.0,45657.0,0.9476
2018,TAS,Females,Total,Wagon,43264.0,50025.0,0.8648
2018,TAS,Males,Full-time,Hatchback,65000.0,26098.0,2.4906
2018,TAS,Males,Full-time,SUV,65000.0,39946.0,1.6272
2018,TAS,Males,Full-time,Sedan,65000.0,56318.0,1.1542
2018,TAS,Males,Full-time,Ute,65000.0,45657.0,1.4236
2018,TAS,Males,Full-time,Wagon,65000.0,50025.0,1.2993
2018,TAS,Males,Part-time,Hatchback,23400.0,26098.0,0.8966
2018,TAS,Males,Part-time,SUV,23400.0,39946.0,0.5858
2018,TAS,Males,Part-time,Sedan,23400.0,56318.0,0.4155
2018,TAS,Males,Part-time,Ute,23400.0,45657.0,0.5125
2018,TAS,Males,Part-time,Wagon,23400.0,50025.0,0.4678
2018,TAS,Males,Total,Hatchback,58172.0,26098.0,2.229
2018,TAS,Males,Total,SUV,58172.0,39946.0,1.4563
2018,TAS,Males,Total,Sedan,58172.0,56318.0,1.0329
2018,TAS,Males,Total,Ute,58172.0,45657.0,1.2741
2018,TAS,Males,Total,Wagon,58172.0,50025.0,1.1629
2018,TAS,Persons,Full-time,Hatchback,62603.0,26098.0,2.3988
2018,TAS,Persons,Full-time,SUV,62603.0,39946.0,1.5672
2018,TAS,Persons,Full-time,Sedan,62603.0,56318.0,1.1116
2018,TAS,Persons,Full-time,Ute,62603.0,45657.0,1.3711
2018,TAS,Persons,Full-time,Wagon,62603.0,50025.0,1.2514
2018,TAS,Persons,Part-time,Hatchback,28080.0,26098.0,1.0759
2018,TAS,Persons,Part-time,SUV,28080.0,39946.0,0.7029
2018,TAS,Persons,Part-time,Sedan,28080.0,56318.0,0.4986
2018,TAS,Persons,Part-time,Ute,28080.0,45657.0,0.615
2018,TAS,Persons,Part-time,Wagon,28080.0,50025.0,0.5613
2018,TAS,Persons,Total,Hatchback,50648.0,26098.0,1.9407
2018,TAS,Persons,Total,SUV,50648.0,39946.0,1.2679
2018,TAS,Persons,Total,Sedan,50648.0,56318.0,0.8993
2018,TAS,Persons,Total,Ute,50648.0,45657.0,1.1093
2018,TAS,Persons,Total,Wagon,50648.0,50025.0,1.0124
2018,VIC,Females,Full-time,Hatchback,62400.0,27991.0,2.2293
2018,VIC,Females,Full-time,SUV,62400.0,42843.0,1.4565
2018,VIC,Females,Full-time,Sedan,62400.0,60402.0,1.0331
2018,VIC,Females,Full-time,Ute,62400.0,48969.0,1.2743
2018,VIC,Females,Full-time,Wagon,62400.0,53653.0,1.163
2018,VIC,Females,Part-time,Hatchback,29702.0,27991.0,1.0612
2018,VIC,Females,Part-time,SUV,29702.0,42843.0,0.6933
2018,VIC,Females,Part-time,Sedan,29702.0,60402.0,0.4917
2018,VIC,Females,Part-time,Ute,29702.0,48969.0,0.6066
2018,VIC,Females,Part-time,Wagon,29702.0,53653.0,0.5536
2018,VIC,Females,Total,Hatchback,46800.0,27991.0,1.672
2018,VIC,Females,Total,SUV,46800.0,42843.0,1.0924
2018,VIC,Females,Total,Sedan,46800.0,60402.0,0.7748
2018,VIC,Females,Total,Ute,46800.0,48969.0,0.9557
2018,VIC,Females,Total,Wagon,46800.0,53653.0,0.8723
2018,VIC,Males,Full-time,Hatchback,72800.0,27991.0,2.6009
2018,VIC,Males,Full-time,SUV,72800.0,42843.0,1.6992
2018,VIC,Males,Full-time,Sedan,72800.0,60402.0,1.2052
2018,VIC,Males,Full-time,Ute,72800.0,48969.0,1.4867
2018,VIC,Males,Full-time,Wagon,72800.0,53653.0,1.3569
2018,VIC,Males,Part-time,Hatchback,23546.0,27991.0,0.8412
2018,VIC,Males,Part-time,SUV,23546.0,42843.0,0.5496
2018,VIC,Males,Part-time,Sedan,23546.0,60402.0,0.3898
2018,VIC,Males,Part-time,Ute,23546.0,48969.0,0.4808
2018,VIC,Males,Part-time,Wagon,23546.0,53653.0,0.4388
2018,VIC,Males,Total,Hatchback,65000.0,27991.0,2.3222
2018,VIC,Males,Total,SUV,65000.0,42843.0,1.5172
2018,VIC,Males,Total,Sedan,65000.0,60402.0,1.0761
2018,VIC,Males,Total,Ute,65000.0,48969.0,1.3274
2018,VIC,Males,Total,Wagon,65000.0,53653.0,1.2115
2018,VIC,Persons,Full-time,Hatchback,67600.0,27991.0,2.4151
2018,VIC,Persons,Full-time,SUV,67600.0,42843.0,1.5779
2018,VIC,Persons,Full-time,Sedan,67600.0,60402.0,1.1192
2018,VIC,Persons,Full-time,Ute,67600.0,48969.0,1.3805
2018,VIC,Persons,Full-time,Wagon,67600.0,53653.0,1.2599
2018,VIC,Persons,Part-time,Hatchback,28080.0,27991.0,1.0032
2018,VIC,Persons,Part-time,SUV,28080.0,42843.0,0.6554
2018,VIC,Persons,Part-time,Sedan,28080.0,60402.0,0.4649
2018,VIC,Persons,Part-time,Ute,28080.0,48969.0,0.5734
2018,VIC,Persons,Part-time,Wagon,28080.0,53653.0,0.5234
2018,VIC,Persons,Total,Hatchback,55650.0,27991.0,1.9882
2018,VIC,Persons,Total,SUV,55650.0,42843.0,1.2989
2018,VIC,Persons,Total,Sedan,55650.0,60402.0,0.9213
2018,VIC,Persons,Total,Ute,55650.0,48969.0,1.1365
2018,VIC,Persons,Total,Wagon,55650.0,53653.0,1.0372
2018,WA,Females,Full-time,Hatchback,65099.0,27462.0,2.3705
2018,WA,Females,Full-time,SUV,65099.0,42034.0,1.5487
2018,WA,Females,Full-time,Sedan,65099.0,59262.0,1.0985
2018,WA,Females,Full-time,Ute,65099.0,48044.0,1.355
2018,WA,Females,Full-time,Wagon,65099.0,52640.0,1.2367
2018,WA,Females,Part-time,Hatchback,28080.0,27462.0,1.0225
2018,WA,Females,Part-time,SUV,28080.0,42034.0,0.668
2018,WA,Females,Part-time,Sedan,28080.0,59262.0,0.4738
2018,WA,Females,Part-time,Ute,28080.0,48044.0,0.5845
2018,WA,Females,Part-time,Wagon,28080.0,52640.0,0.5334
2018,WA,Females,Total,Hatchback,48053.0,27462.0,1.7498
2018,WA,Females,Total,SUV,48053.0,42034.0,1.1432
2018,WA,Females,Total,Sedan,48053.0,59262.0,0.8109
2018,WA,Females,Total,Ute,48053.0,48044.0,1.0002
2018,WA,Females,Total,Wagon,48053.0,52640.0,0.9129
2018,WA,Males,Full-time,Hatchback,83200.0,27462.0,3.0296
2018,WA,Males,Full-time,SUV,83200.0,42034.0,1.9793
2018,WA,Males,Full-time,Sedan,83200.0,59262.0,1.4039
2018,WA,Males,Full-time,Ute,83200.0,48044.0,1.7317
2018,WA,Males,Full-time,Wagon,83200.0,52640.0,1.5805
2018,WA,Males,Part-time,Hatchback,25984.0,27462.0,0.9462
2018,WA,Males,Part-time,SUV,25984.0,42034.0,0.6182
2018,WA,Males,Part-time,Sedan,25984.0,59262.0,0.4385
2018,WA,Males,Part-time,Ute,25984.0,48044.0,0.5408
2018,WA,Males,Part-time,Wagon,25984.0,52640.0,0.4936
2018,WA,Males,Total,Hatchback,74797.0,27462.0,2.7236
2018,WA,Males,Total,SUV,74797.0,42034.0,1.7794
2018,WA,Males,Total,Sedan,74797.0,59262.0,1.2621
2018,WA,Males,Total,Ute,74797.0,48044.0,1.5568
2018,WA,Males,Total,Wagon,74797.0,52640.0,1.4209
2018,WA,Persons,Full-time,Hatchback,76950.0,27462.0,2.802
2018,WA,Persons,Full-time,SUV,76950.0,42034.0,1.8306
2018,WA,Persons,Full-time,Sedan,76950.0,59262.0,1.2985
2018,WA,Persons,Full-time,Ute,76950.0,48044.0,1.6016
2018,WA,Persons,Full-time,Wagon,76950.0,52640.0,1.4618
2018,WA,Persons,Part-time,Hatchback,27144.0,27462.0,0.9884
2018,WA,Persons,Part-time,SUV,27144.0,42034.0,0.6458
2018,WA,Persons,Part-time,Sedan,27144.0,59262.0,0.458
2018,WA,Persons,Part-time,Ute,27144.0,48044.0,0.565
2018,WA,Persons,Part-time,Wagon,27144.0,52640.0,0.5156
2018,WA,Persons,Total,Hatchback,60133.0,27462.0,2.1896
2018,WA,Persons,Total,SUV,60133.0,42034.0,1.4306
2018,WA,Persons,Total,Sedan,60133.0,59262.0,1.0147
2018,WA,Persons,Total,Ute,60133.0,48044.0,1.2516
2018,WA,Persons,Total,Wagon,60133.0,52640.0,1.1423
2019,ACT,Females,Full-time,Hatchback,76029.0,26664.0,2.8514
2019,ACT,Females,Full-time,SUV,76029.0,40812.0,1.8629
2019,ACT,Females,Full-time,Sedan,76029.0,57539.0,1.3214
2019,ACT,Females,Full-time,Ute,76029.0,46647.0,1.6299
2019,ACT,Females,Full-time,Wagon,76029.0,51109.0,1.4876
2019,ACT,Females,Part-time,Hatchback,34424.0,26664.0,1.291
2019,ACT,Females,Part-time,SUV,34424.0,40812.0,0.8435
2019,ACT,Females,Part-time,Sedan,34424.0,57539.0,0.5983
2019,ACT,Females,Part-time,Ute,34424.0,46647.0,0.738
2019,ACT,Females,Part-time,Wagon,34424.0,51109.0,0.6735
2019,ACT,Females,Total,Hatchback,62400.0,26664.0,2.3403
2019,ACT,Females,Total,SUV,62400.0,40812.0,1.529
2019,ACT,Females,Total,Sedan,62400.0,57539.0,1.0845
2019,ACT,Females,Total,Ute,62400.0,46647.0,1.3377
2019,ACT,Females,Total,Wagon,62400.0,51109.0,1.2209
2019,ACT,Males,Full-time,Hatchback,86003.0,26664.0,3.2255
2019,ACT,Males,Full-time,SUV,86003.0,40812.0,2.1073
2019,ACT,Males,Full-time,Sedan,86003.0,57539.0,1.4947
2019,ACT,Males,Full-time,Ute,86003.0,46647.0,1.8437
2019,ACT,Males,Full-time,Wagon,86003.0,51109.0,1.6827
2019,ACT,Males,Part-time,Hatchback,26000.0,26664.0,0.9751
2019,ACT,Males,Part-time,SUV,26000.0,40812.0,0.6371
2019,ACT,Males,Part-time,Sedan,26000.0,57539.0,0.4519
2019,ACT,Males,Part-time,Ute,26000.0,46647.0,0.5574
2019,ACT,Males,Part-time,Wagon,26000.0,51109.0,0.5087
2019,ACT,Males,Total,Hatchback,77303.0,26664.0,2.8992
2019,ACT,Males,Total,SUV,77303.0,40812.0,1.8941
2019,ACT,Males,Total,Sedan,77303.0,57539.0,1.3435
2019,ACT,Males,Total,Ute,77303.0,46647.0,1.6572
2019,ACT,Males,Total,Wagon,77303.0,51109.0,1.5125
2019,ACT,Persons,Full-time,Hatchback,80694.0,26664.0,3.0264
2019,ACT,Persons,Full-time,SUV,80694.0,40812.0,1.9772
2019,ACT,Persons,Full-time,Sedan,80694.0,57539.0,1.4024
2019,ACT,Persons,Full-time,Ute,80694.0,46647.0,1.7299
2019,ACT,Persons,Full-time,Wagon,80694.0,51109.0,1.5788
2019,ACT,Persons,Part-time,Hatchback,30477.0,26664.0,1.143
2019,ACT,Persons,Part-time,SUV,30477.0,40812.0,0.7468
2019,ACT,Persons,Part-time,Sedan,30477.0,57539.0,0.5297
2019,ACT,Persons,Part-time,Ute,30477.0,46647.0,0.6534
2019,ACT,Persons,Part-time,Wagon,30477.0,51109.0,0.5963
2019,ACT,Persons,Total,Hatchback,67600.0,26664.0,2.5353
2019,ACT,Persons,Total,SUV,67600.0,40812.0,1.6564
2019,ACT,Persons,Total,Sedan,67600.0,57539.0,1.1749
2019,ACT,Persons,Total,Ute,67600.0,46647.0,1.4492
2019,ACT,Persons,Total,Wagon,67600.0,51109.0,1.3227
2019,AUS,Females,Full-time,Hatchback,65000.0,27431.0,2.3695
2019,AUS,Females,Full-time,SUV,65000.0,41987.0,1.5481
2019,AUS,Females,Full-time,Sedan,65000.0,59196.0,1.0981
2019,AUS,Females,Full-time,Ute,65000.0,47990.0,1.3544
2019,AUS,Females,Full-time,Wagon,65000.0,52581.0,1.2362
2019,AUS,Females,Part-time,Hatchback,29843.0,27431.0,1.0879
2019,AUS,Females,Part-time,SUV,29843.0,41987.0,0.7108
2019,AUS,Females,Part-time,Sedan,29843.0,59196.0,0.5041
2019,AUS,Females,Part-time,Ute,29843.0,47990.0,0.6219
2019,AUS,Females,Part-time,Wagon,29843.0,52581.0,0.5676
2019,AUS,Females,Total,Hatchback,49400.0,27431.0,1.8009
2019,AUS,Females,Total,SUV,49400.0,41987.0,1.1766
2019,AUS,Females,Total,Sedan,49400.0,59196.0,0.8345
2019,AUS,Females,Total,Ute,49400.0,47990.0,1.0294
2019,AUS,Females,Total,Wagon,49400.0,52581.0,0.9395
2019,AUS,Males,Full-time,Hatchback,76596.0,27431.0,2.7923
2019,AUS,Males,Full-time,SUV,76596.0,41987.0,1.8243
2019,AUS,Males,Full-time,Sedan,76596.0,59196.0,1.2939
2019,AUS,Males,Full-time,Ute,76596.0,47990.0,1.5961
2019,AUS,Males,Full-time,Wagon,76596.0,52581.0,1.4567
2019,AUS,Males,Part-time,Hatchback,26000.0,27431.0,0.9478
2019,AUS,Males,Part-time,SUV,26000.0,41987.0,0.6192
2019,AUS,Males,Part-time,Sedan,26000.0,59196.0,0.4392
2019,AUS,Males,Part-time,Ute,26000.0,47990.0,0.5418
2019,AUS,Males,Part-time,Wagon,26000.0,52581.0,0.4945
2019,AUS,Males,Total,Hatchback,66560.0,27431.0,2.4264
2019,AUS,Males,Total,SUV,66560.0,41987.0,1.5853
2019,AUS,Males,Total,Sedan,66560.0,59196.0,1.1244
2019,AUS,Males,Total,Ute,66560.0,47990.0,1.387
2019,AUS,Males,Total,Wagon,66560.0,52581.0,1.2659
2019,AUS,Persons,Full-time,Hatchback,71500.0,27431.0,2.6065
2019,AUS,Persons,Full-time,SUV,71500.0,41987.0,1.7029
2019,AUS,Persons,Full-time,Sedan,71500.0,59196.0,1.2079
2019,AUS,Persons,Full-time,Ute,71500.0,47990.0,1.4899
2019,AUS,Persons,Full-time,Wagon,71500.0,52581.0,1.3598
2019,AUS,Persons,Part-time,Hatchback,28548.0,27431.0,1.0407
2019,AUS,Persons,Part-time,SUV,28548.0,41987.0,0.6799
2019,AUS,Persons,Part-time,Sedan,28548.0,59196.0,0.4823
2019,AUS,Persons,Part-time,Ute,28548.0,47990.0,0.5949
2019,AUS,Persons,Part-time,Wagon,28548.0,52581.0,0.5429
2019,AUS,Persons,Total,Hatchback,57200.0,27431.0,2.0852
2019,AUS,Persons,Total,SUV,57200.0,41987.0,1.3623
2019,AUS,Persons,Total,Sedan,57200.0,59196.0,0.9663
2019,AUS,Persons,Total,Ute,57200.0,47990.0,1.1919
2019,AUS,Persons,Total,Wagon,57200.0,52581.0,1.0878
2019,NSW,Females,Full-time,Hatchback,66612.0,27431.0,2.4283
2019,NSW,Females,Full-time,SUV,66612.0,41987.0,1.5865
2019,NSW,Females,Full-time,Sedan,66612.0,59196.0,1.1253
2019,NSW,Females,Full-time,Ute,66612.0,47990.0,1.388
2019,NSW,Females,Full-time,Wagon,66612.0,52581.0,1.2668
2019,NSW,Females,Part-time,Hatchback,30160.0,27431.0,1.0995
2019,NSW,Females,Part-time,SUV,30160.0,41987.0,0.7183
2019,NSW,Females,Part-time,Sedan,30160.0,59196.0,0.5095
2019,NSW,Females,Part-time,Ute,30160.0,47990.0,0.6285
2019,NSW,Females,Part-time,Wagon,30160.0,52581.0,0.5736
2019,NSW,Females,Total,Hatchback,52000.0,27431.0,1.8956
2019,NSW,Females,Total,SUV,52000.0,41987.0,1.2385
2019,NSW,Females,Total,Sedan,52000.0,59196.0,0.8784
2019,NSW,Females,Total,Ute,52000.0,47990.0,1.0836
2019,NSW,Females,Total,Wagon,52000.0,52581.0,0.9889
2019,NSW,Males,Full-time,Hatchback,77688.0,27431.0,2.8321
2019,NSW,Males,Full-time,SUV,77688.0,41987.0,1.8503
2019,NSW,Males,Full-time,Sedan,77688.0,59196.0,1.3124
2019,NSW,Males,Full-time,Ute,77688.0,47990.0,1.6188
2019,NSW,Males,Full-time,Wagon,77688.0,52581.0,1.4775
2019,NSW,Males,Part-time,Hatchback,26000.0,27431.0,0.9478
2019,NSW,Males,Part-time,SUV,26000.0,41987.0,0.6192
2019,NSW,Males,Part-time,Sedan,26000.0,59196.0,0.4392
2019,NSW,Males,Part-time,Ute,26000.0,47990.0,0.5418
2019,NSW,Males,Part-time,Wagon,26000.0,52581.0,0.4945
2019,NSW,Males,Total,Hatchback,67350.0,27431.0,2.4552
2019,NSW,Males,Total,SUV,67350.0,41987.0,1.6041
2019,NSW,Males,Total,Sedan,67350.0,59196.0,1.1378
2019,NSW,Males,Total,Ute,67350.0,47990.0,1.4034
2019,NSW,Males,Total,Wagon,67350.0,52581.0,1.2809
2019,NSW,Persons,Full-time,Hatchback,72800.0,27431.0,2.6539
2019,NSW,Persons,Full-time,SUV,72800.0,41987.0,1.7339
2019,NSW,Persons,Full-time,Sedan,72800.0,59196.0,1.2298
2019,NSW,Persons,Full-time,Ute,72800.0,47990.0,1.517
2019,NSW,Persons,Full-time,Wagon,72800.0,52581.0,1.3845
2019,NSW,Persons,Part-time,Hatchback,28600.0,27431.0,1.0426
2019,NSW,Persons,Part-time,SUV,28600.0,41987.0,0.6812
2019,NSW,Persons,Part-time,Sedan,28600.0,59196.0,0.4831
2019,NSW,Persons,Part-time,Ute,28600.0,47990.0,0.596
2019,NSW,Persons,Part-time,Wagon,28600.0,52581.0,0.5439
2019,NSW,Persons,Total,Hatchback,59800.0,27431.0,2.18
2019,NSW,Persons,Total,SUV,59800.0,41987.0,1.4243
2019,NSW,Persons,Total,Sedan,59800.0,59196.0,1.0102
2019,NSW,Persons,Total,Ute,59800.0,47990.0,1.2461
2019,NSW,Persons,Total,Wagon,59800.0,52581.0,1.1373
2019,NT,Females,Full-time,Hatchback,69706.0,28515.0,2.4445
2019,NT,Females,Full-time,SUV,69706.0,43646.0,1.5971
2019,NT,Females,Full-time,Sedan,69706.0,61534.0,1.1328
2019,NT,Females,Full-time,Ute,69706.0,49886.0,1.3973
2019,NT,Females,Full-time,Wagon,69706.0,54659.0,1.2753
2019,NT,Females,Part-time,Hatchback,31200.0,28515.0,1.0942
2019,NT,Females,Part-time,SUV,31200.0,43646.0,0.7148
2019,NT,Females,Part-time,Sedan,31200.0,61534.0,0.507
2019,NT,Females,Part-time,Ute,31200.0,49886.0,0.6254
2019,NT,Females,Part-time,Wagon,31200.0,54659.0,0.5708
2019,NT,Females,Total,Hatchback,57200.0,28515.0,2.0059
2019,NT,Females,Total,SUV,57200.0,43646.0,1.3106
2019,NT,Females,Total,Sedan,57200.0,61534.0,0.9296
2019,NT,Females,Total,Ute,57200.0,49886.0,1.1466
2019,NT,Females,Total,Wagon,57200.0,54659.0,1.0465
2019,NT,Males,Full-time,Hatchback,78000.0,28515.0,2.7354
2019,NT,Males,Full-time,SUV,78000.0,43646.0,1.7871
2019,NT,Males,Full-time,Sedan,78000.0,61534.0,1.2676
2019,NT,Males,Full-time,Ute,78000.0,49886.0,1.5636
2019,NT,Males,Full-time,Wagon,78000.0,54659.0,1.427
2019,NT,Males,Part-time,Hatchback,30040.0,28515.0,1.0535
2019,NT,Males,Part-time,SUV,30040.0,43646.0,0.6883
2019,NT,Males,Part-time,Sedan,30040.0,61534.0,0.4882
2019,NT,Males,Part-time,Ute,30040.0,49886.0,0.6022
2019,NT,Males,Part-time,Wagon,30040.0,54659.0,0.5496
2019,NT,Males,Total,Hatchback,70200.0,28515.0,2.4618
2019,NT,Males,Total,SUV,70200.0,43646.0,1.6084
2019,NT,Males,Total,Sedan,70200.0,61534.0,1.1408
2019,NT,Males,Total,Ute,70200.0,49886.0,1.4072
2019,NT,Males,Total,Wagon,70200.0,54659.0,1.2843
2019,NT,Persons,Full-time,Hatchback,72800.0,28515.0,2.553
2019,NT,Persons,Full-time,SUV,72800.0,43646.0,1.668
2019,NT,Persons,Full-time,Sedan,72800.0,61534.0,1.1831
2019,NT,Persons,Full-time,Ute,72800.0,49886.0,1.4593
2019,NT,Persons,Full-time,Wagon,72800.0,54659.0,1.3319
2019,NT,Persons,Part-time,Hatchback,31200.0,28515.0,1.0942
2019,NT,Persons,Part-time,SUV,31200.0,43646.0,0.7148
2019,NT,Persons,Part-time,Sedan,31200.0,61534.0,0.507
2019,NT,Persons,Part-time,Ute,31200.0,49886.0,0.6254
2019,NT,Persons,Part-time,Wagon,31200.0,54659.0,0.5708
2019,NT,Persons,Total,Hatchback,62400.0,28515.0,2.1883
2019,NT,Persons,Total,SUV,62400.0,43646.0,1.4297
2019,NT,Persons,Total,Sedan,62400.0,61534.0,1.0141
2019,NT,Persons,Total,Ute,62400.0,49886.0,1.2508
2019,NT,Persons,Total,Wagon,62400.0,54659.0,1.1416
2019,QLD,Females,Full-time,Hatchback,62400.0,27058.0,2.3061
2019,QLD,Females,Full-time,SUV,62400.0,41416.0,1.5067
2019,QLD,Females,Full-time,Sedan,62400.0,58390.0,1.0687
2019,QLD,Females,Full-time,Ute,62400.0,47337.0,1.3182
2019,QLD,Females,Full-time,Wagon,62400.0,51866.0,1.2031
2019,QLD,Females,Part-time,Hatchback,31200.0,27058.0,1.1531
2019,QLD,Females,Part-time,SUV,31200.0,41416.0,0.7533
2019,QLD,Females,Part-time,Sedan,31200.0,58390.0,0.5343
2019,QLD,Females,Part-time,Ute,31200.0,47337.0,0.6591
2019,QLD,Females,Part-time,Wagon,31200.0,51866.0,0.6016
2019,QLD,Females,Total,Hatchback,47424.0,27058.0,1.7527
2019,QLD,Females,Total,SUV,47424.0,41416.0,1.1451
2019,QLD,Females,Total,Sedan,47424.0,58390.0,0.8122
2019,QLD,Females,Total,Ute,47424.0,47337.0,1.0018
2019,QLD,Females,Total,Wagon,47424.0,51866.0,0.9144
2019,QLD,Males,Full-time,Hatchback,73970.0,27058.0,2.7337
2019,QLD,Males,Full-time,SUV,73970.0,41416.0,1.786
2019,QLD,Males,Full-time,Sedan,73970.0,58390.0,1.2668
2019,QLD,Males,Full-time,Ute,73970.0,47337.0,1.5626
2019,QLD,Males,Full-time,Wagon,73970.0,51866.0,1.4262
2019,QLD,Males,Part-time,Hatchback,26172.0,27058.0,0.9672
2019,QLD,Males,Part-time,SUV,26172.0,41416.0,0.6319
2019,QLD,Males,Part-time,Sedan,26172.0,58390.0,0.4482
2019,QLD,Males,Part-time,Ute,26172.0,47337.0,0.5529
2019,QLD,Males,Part-time,Wagon,26172.0,51866.0,0.5046
2019,QLD,Males,Total,Hatchback,65000.0,27058.0,2.4022
2019,QLD,Males,Total,SUV,65000.0,41416.0,1.5695
2019,QLD,Males,Total,Sedan,65000.0,58390.0,1.1132
2019,QLD,Males,Total,Ute,65000.0,47337.0,1.3731
2019,QLD,Males,Total,Wagon,65000.0,51866.0,1.2532
2019,QLD,Persons,Full-time,Hatchback,67600.0,27058.0,2.4983
2019,QLD,Persons,Full-time,SUV,67600.0,41416.0,1.6322
2019,QLD,Persons,Full-time,Sedan,67600.0,58390.0,1.1577
2019,QLD,Persons,Full-time,Ute,67600.0,47337.0,1.428
2019,QLD,Persons,Full-time,Wagon,67600.0,51866.0,1.3034
2019,QLD,Persons,Part-time,Hatchback,28735.0,27058.0,1.062
2019,QLD,Persons,Part-time,SUV,28735.0,41416.0,0.6938
2019,QLD,Persons,Part-time,Sedan,28735.0,58390.0,0.4921
2019,QLD,Persons,Part-time,Ute,28735.0,47337.0,0.607
2019,QLD,Persons,Part-time,Wagon,28735.0,51866.0,0.554
2019,QLD,Persons,Total,Hatchback,54964.0,27058.0,2.0313
2019,QLD,Persons,Total,SUV,54964.0,41416.0,1.3271
2019,QLD,Persons,Total,Sedan,54964.0,58390.0,0.9413
2019,QLD,Persons,Total,Ute,54964.0,47337.0,1.1611
2019,QLD,Persons,Total,Wagon,54964.0,51866.0,1.0597
2019,SA,Females,Full-time,Hatchback,59930.0,27071.0,2.2138
2019,SA,Females,Full-time,SUV,59930.0,41435.0,1.4464
2019,SA,Females,Full-time,Sedan,59930.0,58417.0,1.0259
2019,SA,Females,Full-time,Ute,59930.0,47359.0,1.2654
2019,SA,Females,Full-time,Wagon,59930.0,51890.0,1.1549
2019,SA,Females,Part-time,Hatchback,29120.0,27071.0,1.0757
2019,SA,Females,Part-time,SUV,29120.0,41435.0,0.7028
2019,SA,Females,Part-time,Sedan,29120.0,58417.0,0.4985
2019,SA,Females,Part-time,Ute,29120.0,47359.0,0.6149
2019,SA,Females,Part-time,Wagon,29120.0,51890.0,0.5612
2019,SA,Females,Total,Hatchback,46800.0,27071.0,1.7288
2019,SA,Females,Total,SUV,46800.0,41435.0,1.1295
2019,SA,Females,Total,Sedan,46800.0,58417.0,0.8011
2019,SA,Females,Total,Ute,46800.0,47359.0,0.9882
2019,SA,Females,Total,Wagon,46800.0,51890.0,0.9019
2019,SA,Males,Full-time,Hatchback,69784.0,27071.0,2.5778
2019,SA,Males,Full-time,SUV,69784.0,41435.0,1.6842
2019,SA,Males,Full-time,Sedan,69784.0,58417.0,1.1946
2019,SA,Males,Full-time,Ute,69784.0,47359.0,1.4735
2019,SA,Males,Full-time,Wagon,69784.0,51890.0,1.3449
2019,SA,Males,Part-time,Hatchback,22740.0,27071.0,0.84
2019,SA,Males,Part-time,SUV,22740.0,41435.0,0.5488
2019,SA,Males,Part-time,Sedan,22740.0,58417.0,0.3893
2019,SA,Males,Part-time,Ute,22740.0,47359.0,0.4802
2019,SA,Males,Part-time,Wagon,22740.0,51890.0,0.4382
2019,SA,Males,Total,Hatchback,62400.0,27071.0,2.3051
2019,SA,Males,Total,SUV,62400.0,41435.0,1.506
2019,SA,Males,Total,Sedan,62400.0,58417.0,1.0682
2019,SA,Males,Total,Ute,62400.0,47359.0,1.3176
2019,SA,Males,Total,Wagon,62400.0,51890.0,1.2025
2019,SA,Persons,Full-time,Hatchback,65104.0,27071.0,2.405
2019,SA,Persons,Full-time,SUV,65104.0,41435.0,1.5712
2019,SA,Persons,Full-time,Sedan,65104.0,58417.0,1.1145
2019,SA,Persons,Full-time,Ute,65104.0,47359.0,1.3747
2019,SA,Persons,Full-time,Wagon,65104.0,51890.0,1.2547
2019,SA,Persons,Part-time,Hatchback,27981.0,27071.0,1.0336
2019,SA,Persons,Part-time,SUV,27981.0,41435.0,0.6753
2019,SA,Persons,Part-time,Sedan,27981.0,58417.0,0.479
2019,SA,Persons,Part-time,Ute,27981.0,47359.0,0.5908
2019,SA,Persons,Part-time,Wagon,27981.0,51890.0,0.5392
2019,SA,Persons,Total,Hatchback,52723.0,27071.0,1.9476
2019,SA,Persons,Total,SUV,52723.0,41435.0,1.2724
2019,SA,Persons,Total,Sedan,52723.0,58417.0,0.9025
2019,SA,Persons,Total,Ute,52723.0,47359.0,1.1133
2019,SA,Persons,Total,Wagon,52723.0,51890.0,1.0161
2019,TAS,Females,Full-time,Hatchback,62624.0,26759.0,2.3403
2019,TAS,Females,Full-time,SUV,62624.0,40958.0,1.529
2019,TAS,Females,Full-time,Sedan,62624.0,57745.0,1.0845
2019,TAS,Females,Full-time,Ute,62624.0,46814.0,1.3377
2019,TAS,Females,Full-time,Wagon,62624.0,51292.0,1.2209
2019,TAS,Females,Part-time,Hatchback,29162.0,26759.0,1.0898
2019,TAS,Females,Part-time,SUV,29162.0,40958.0,0.712
2019,TAS,Females,Part-time,Sedan,29162.0,57745.0,0.505
2019,TAS,Females,Part-time,Ute,29162.0,46814.0,0.6229
2019,TAS,Females,Part-time,Wagon,29162.0,51292.0,0.5685
2019,TAS,Females,Total,Hatchback,45568.0,26759.0,1.7029
2019,TAS,Females,Total,SUV,45568.0,40958.0,1.1125
2019,TAS,Females,Total,Sedan,45568.0,57745.0,0.7891
2019,TAS,Females,Total,Ute,45568.0,46814.0,0.9734
2019,TAS,Females,Total,Wagon,45568.0,51292.0,0.8884
2019,TAS,Males,Full-time,Hatchback,67928.0,26759.0,2.5385
2019,TAS,Males,Full-time,SUV,67928.0,40958.0,1.6585
2019,TAS,Males,Full-time,Sedan,67928.0,57745.0,1.1763
2019,TAS,Males,Full-time,Ute,67928.0,46814.0,1.451
2019,TAS,Males,Full-time,Wagon,67928.0,51292.0,1.3243
2019,TAS,Males,Part-time,Hatchback,26000.0,26759.0,0.9716
2019,TAS,Males,Part-time,SUV,26000.0,40958.0,0.6348
2019,TAS,Males,Part-time,Sedan,26000.0,57745.0,0.4503
2019,TAS,Males,Part-time,Ute,26000.0,46814.0,0.5554
2019,TAS,Males,Part-time,Wagon,26000.0,51292.0,0.5069
2019,TAS,Males,Total,Hatchback,59904.0,26759.0,2.2386
2019,TAS,Males,Total,SUV,59904.0,40958.0,1.4626
2019,TAS,Males,Total,Sedan,59904.0,57745.0,1.0374
2019,TAS,Males,Total,Ute,59904.0,46814.0,1.2796
2019,TAS,Males,Total,Wagon,59904.0,51292.0,1.1679
2019,TAS,Persons,Full-time,Hatchback,65785.0,26759.0,2.4584
2019,TAS,Persons,Full-time,SUV,65785.0,40958.0,1.6062
2019,TAS,Persons,Full-time,Sedan,65785.0,57745.0,1.1392
2019,TAS,Persons,Full-time,Ute,65785.0,46814.0,1.4052
2019,TAS,Persons,Full-time,Wagon,65785.0,51292.0,1.2826
2019,TAS,Persons,Part-time,Hatchback,28532.0,26759.0,1.0663
2019,TAS,Persons,Part-time,SUV,28532.0,40958.0,0.6966
2019,TAS,Persons,Part-time,Sedan,28532.0,57745.0,0.4941
2019,TAS,Persons,Part-time,Ute,28532.0,46814.0,0.6095
2019,TAS,Persons,Part-time,Wagon,28532.0,51292.0,0.5563
2019,TAS,Persons,Total,Hatchback,52000.0,26759.0,1.9433
2019,TAS,Persons,Total,SUV,52000.0,40958.0,1.2696
2019,TAS,Persons,Total,Sedan,52000.0,57745.0,0.9005
2019,TAS,Persons,Total,Ute,52000.0,46814.0,1.1108
2019,TAS,Persons,Total,Wagon,52000.0,51292.0,1.0138
2019,VIC,Females,Full-time,Hatchback,65000.0,28700.0,2.2648
2019,VIC,Females,Full-time,SUV,65000.0,43928.0,1.4797
2019,VIC,Females,Full-time,Sedan,65000.0,61932.0,1.0495
2019,VIC,Females,Full-time,Ute,65000.0,50209.0,1.2946
2019,VIC,Females,Full-time,Wagon,65000.0,55012.0,1.1816
2019,VIC,Females,Part-time,Hatchback,28106.0,28700.0,0.9793
2019,VIC,Females,Part-time,SUV,28106.0,43928.0,0.6398
2019,VIC,Females,Part-time,Sedan,28106.0,61932.0,0.4538
2019,VIC,Females,Part-time,Ute,28106.0,50209.0,0.5598
2019,VIC,Females,Part-time,Wagon,28106.0,55012.0,0.5109
2019,VIC,Females,Total,Hatchback,47840.0,28700.0,1.6669
2019,VIC,Females,Total,SUV,47840.0,43928.0,1.0891
2019,VIC,Females,Total,Sedan,47840.0,61932.0,0.7725
2019,VIC,Females,Total,Ute,47840.0,50209.0,0.9528
2019,VIC,Females,Total,Wagon,47840.0,55012.0,0.8696
2019,VIC,Males,Full-time,Hatchback,73996.0,28700.0,2.5783
2019,VIC,Males,Full-time,SUV,73996.0,43928.0,1.6845
2019,VIC,Males,Full-time,Sedan,73996.0,61932.0,1.1948
2019,VIC,Males,Full-time,Ute,73996.0,50209.0,1.4738
2019,VIC,Males,Full-time,Wagon,73996.0,55012.0,1.3451
2019,VIC,Males,Part-time,Hatchback,24960.0,28700.0,0.8697
2019,VIC,Males,Part-time,SUV,24960.0,43928.0,0.5682
2019,VIC,Males,Part-time,Sedan,24960.0,61932.0,0.403
2019,VIC,Males,Part-time,Ute,24960.0,50209.0,0.4971
2019,VIC,Males,Part-time,Wagon,24960.0,55012.0,0.4537
2019,VIC,Males,Total,Hatchback,64444.0,28700.0,2.2454
2019,VIC,Males,Total,SUV,64444.0,43928.0,1.467
2019,VIC,Males,Total,Sedan,64444.0,61932.0,1.0405
2019,VIC,Males,Total,Ute,64444.0,50209.0,1.2835
2019,VIC,Males,Total,Wagon,64444.0,55012.0,1.1714
2019,VIC,Persons,Full-time,Hatchback,69784.0,28700.0,2.4315
2019,VIC,Persons,Full-time,SUV,69784.0,43928.0,1.5886
2019,VIC,Persons,Full-time,Sedan,69784.0,61932.0,1.1268
2019,VIC,Persons,Full-time,Ute,69784.0,50209.0,1.3899
2019,VIC,Persons,Full-time,Wagon,69784.0,55012.0,1.2685
2019,VIC,Persons,Part-time,Hatchback,26676.0,28700.0,0.9295
2019,VIC,Persons,Part-time,SUV,26676.0,43928.0,0.6073
2019,VIC,Persons,Part-time,Sedan,26676.0,61932.0,0.4307
2019,VIC,Persons,Part-time,Ute,26676.0,50209.0,0.5313
2019,VIC,Persons,Part-time,Wagon,26676.0,55012.0,0.4849
2019,VIC,Persons,Total,Hatchback,55796.0,28700.0,1.9441
2019,VIC,Persons,Total,SUV,55796.0,43928.0,1.2702
2019,VIC,Persons,Total,Sedan,55796.0,61932.0,0.9009
2019,VIC,Persons,Total,Ute,55796.0,50209.0,1.1113
2019,VIC,Persons,Total,Wagon,55796.0,55012.0,1.0142
2019,WA,Females,Full-time,Hatchback,67600.0,28158.0,2.4007
2019,WA,Females,Full-time,SUV,67600.0,43099.0,1.5685
2019,WA,Females,Full-time,Sedan,67600.0,60763.0,1.1125
2019,WA,Females,Full-time,Ute,67600.0,49261.0,1.3723
2019,WA,Females,Full-time,Wagon,67600.0,53974.0,1.2525
2019,WA,Females,Part-time,Hatchback,31200.0,28158.0,1.108
2019,WA,Females,Part-time,SUV,31200.0,43099.0,0.7239
2019,WA,Females,Part-time,Sedan,31200.0,60763.0,0.5135
2019,WA,Females,Part-time,Ute,31200.0,49261.0,0.6334
2019,WA,Females,Part-time,Wagon,31200.0,53974.0,0.5781
2019,WA,Females,Total,Hatchback,49972.0,28158.0,1.7747
2019,WA,Females,Total,SUV,49972.0,43099.0,1.1595
2019,WA,Females,Total,Sedan,49972.0,60763.0,0.8224
2019,WA,Females,Total,Ute,49972.0,49261.0,1.0144
2019,WA,Females,Total,Wagon,49972.0,53974.0,0.9259
2019,WA,Males,Full-time,Hatchback,86632.0,28158.0,3.0766
2019,WA,Males,Full-time,SUV,86632.0,43099.0,2.0101
2019,WA,Males,Full-time,Sedan,86632.0,60763.0,1.4257
2019,WA,Males,Full-time,Ute,86632.0,49261.0,1.7586
2019,WA,Males,Full-time,Wagon,86632.0,53974.0,1.6051
2019,WA,Males,Part-time,Hatchback,25771.0,28158.0,0.9152
2019,WA,Males,Part-time,SUV,25771.0,43099.0,0.598
2019,WA,Males,Part-time,Sedan,25771.0,60763.0,0.4241
2019,WA,Males,Part-time,Ute,25771.0,49261.0,0.5232
2019,WA,Males,Part-time,Wagon,25771.0,53974.0,0.4775
2019,WA,Males,Total,Hatchback,78000.0,28158.0,2.7701
2019,WA,Males,Total,SUV,78000.0,43099.0,1.8098
2019,WA,Males,Total,Sedan,78000.0,60763.0,1.2837
2019,WA,Males,Total,Ute,78000.0,49261.0,1.5834
2019,WA,Males,Total,Wagon,78000.0,53974.0,1.4451
2019,WA,Persons,Full-time,Hatchback,78000.0,28158.0,2.7701
2019,WA,Persons,Full-time,SUV,78000.0,43099.0,1.8098
2019,WA,Persons,Full-time,Sedan,78000.0,60763.0,1.2837
2019,WA,Persons,Full-time,Ute,78000.0,49261.0,1.5834
2019,WA,Persons,Full-time,Wagon,78000.0,53974.0,1.4451
2019,WA,Persons,Part-time,Hatchback,29900.0,28158.0,1.0619
2019,WA,Persons,Part-time,SUV,29900.0,43099.0,0.6938
2019,WA,Persons,Part-time,Sedan,29900.0,60763.0,0.4921
2019,WA,Persons,Part-time,Ute,29900.0,49261.0,0.607
2019,WA,Persons,Part-time,Wagon,29900.0,53974.0,0.554
2019,WA,Persons,Total,Hatchback,62400.0,28158.0,2.2161
2019,WA,Persons,Total,SUV,62400.0,43099.0,1.4478
2019,WA,Persons,Total,Sedan,62400.0,60763.0,1.0269
2019,WA,Persons,Total,Ute,62400.0,49261.0,1.2667
2019,WA,Persons,Total,Wagon,62400.0,53974.0,1.1561
2020,ACT,Females,Full-time,Hatchback,80792.0,27027.0,2.9894
2020,ACT,Females,Full-time,SUV,80792.0,41367.0,1.9531
2020,ACT,Females,Full-time,Sedan,80792.0,58322.0,1.3853
2020,ACT,Females,Full-time,Ute,80792.0,47282.0,1.7087
2020,ACT,Females,Full-time,Wagon,80792.0,51805.0,1.5595
2020,ACT,Females,Part-time,Hatchback,38771.0,27027.0,1.4346
2020,ACT,Females,Part-time,SUV,38771.0,41367.0,0.9372
2020,ACT,Females,Part-time,Sedan,38771.0,58322.0,0.6648
2020,ACT,Females,Part-time,Ute,38771.0,47282.0,0.82
2020,ACT,Females,Part-time,Wagon,38771.0,51805.0,0.7484
2020,ACT,Females,Total,Hatchback,65000.0,27027.0,2.405
2020,ACT,Females,Total,SUV,65000.0,41367.0,1.5713
2020,ACT,Females,Total,Sedan,65000.0,58322.0,1.1145
2020,ACT,Females,Total,Ute,65000.0,47282.0,1.3747
2020,ACT,Females,Total,Wagon,65000.0,51805.0,1.2547
2020,ACT,Males,Full-time,Hatchback,91000.0,27027.0,3.367
2020,ACT,Males,Full-time,SUV,91000.0,41367.0,2.1998
2020,ACT,Males,Full-time,Sedan,91000.0,58322.0,1.5603
2020,ACT,Males,Full-time,Ute,91000.0,47282.0,1.9246
2020,ACT,Males,Full-time,Wagon,91000.0,51805.0,1.7566
2020,ACT,Males,Part-time,Hatchback,31200.0,27027.0,1.1544
2020,ACT,Males,Part-time,SUV,31200.0,41367.0,0.7542
2020,ACT,Males,Part-time,Sedan,31200.0,58322.0,0.535
2020,ACT,Males,Part-time,Ute,31200.0,47282.0,0.6599
2020,ACT,Males,Part-time,Wagon,31200.0,51805.0,0.6023
2020,ACT,Males,Total,Hatchback,83663.0,27027.0,3.0956
2020,ACT,Males,Total,SUV,83663.0,41367.0,2.0224
2020,ACT,Males,Total,Sedan,83663.0,58322.0,1.4345
2020,ACT,Males,Total,Ute,83663.0,47282.0,1.7694
2020,ACT,Males,Total,Wagon,83663.0,51805.0,1.6149
2020,ACT,Persons,Full-time,Hatchback,85800.0,27027.0,3.1746
2020,ACT,Persons,Full-time,SUV,85800.0,41367.0,2.0741
2020,ACT,Persons,Full-time,Sedan,85800.0,58322.0,1.4711
2020,ACT,Persons,Full-time,Ute,85800.0,47282.0,1.8146
2020,ACT,Persons,Full-time,Wagon,85800.0,51805.0,1.6562
2020,ACT,Persons,Part-time,Hatchback,36400.0,27027.0,1.3468
2020,ACT,Persons,Part-time,SUV,36400.0,41367.0,0.8799
2020,ACT,Persons,Part-time,Sedan,36400.0,58322.0,0.6241
2020,ACT,Persons,Part-time,Ute,36400.0,47282.0,0.7698
2020,ACT,Persons,Part-time,Wagon,36400.0,51805.0,0.7026
2020,ACT,Persons,Total,Hatchback,75400.0,27027.0,2.7898
2020,ACT,Persons,Total,SUV,75400.0,41367.0,1.8227
2020,ACT,Persons,Total,Sedan,75400.0,58322.0,1.2928
2020,ACT,Persons,Total,Ute,75400.0,47282.0,1.5947
2020,ACT,Persons,Total,Wagon,75400.0,51805.0,1.4555
2020,AUS,Females,Full-time,Hatchback,69784.0,27805.0,2.5098
2020,AUS,Females,Full-time,SUV,69784.0,42558.0,1.6397
2020,AUS,Females,Full-time,Sedan,69784.0,60001.0,1.163
2020,AUS,Females,Full-time,Ute,69784.0,48643.0,1.4346
2020,AUS,Females,Full-time,Wagon,69784.0,53297.0,1.3093
2020,AUS,Females,Part-time,Hatchback,36816.0,27805.0,1.3241
2020,AUS,Females,Part-time,SUV,36816.0,42558.0,0.8651
2020,AUS,Females,Part-time,Sedan,36816.0,60001.0,0.6136
2020,AUS,Females,Part-time,Ute,36816.0,48643.0,0.7569
2020,AUS,Females,Part-time,Wagon,36816.0,53297.0,0.6908
2020,AUS,Females,Total,Hatchback,52000.0,27805.0,1.8702
2020,AUS,Females,Total,SUV,52000.0,42558.0,1.2218
2020,AUS,Females,Total,Sedan,52000.0,60001.0,0.8666
2020,AUS,Females,Total,Ute,52000.0,48643.0,1.069
2020,AUS,Females,Total,Wagon,52000.0,53297.0,0.9757
2020,AUS,Males,Full-time,Hatchback,78000.0,27805.0,2.8053
2020,AUS,Males,Full-time,SUV,78000.0,42558.0,1.8328
2020,AUS,Males,Full-time,Sedan,78000.0,60001.0,1.3
2020,AUS,Males,Full-time,Ute,78000.0,48643.0,1.6035
2020,AUS,Males,Full-time,Wagon,78000.0,53297.0,1.4635
2020,AUS,Males,Part-time,Hatchback,28600.0,27805.0,1.0286
2020,AUS,Males,Part-time,SUV,28600.0,42558.0,0.672
2020,AUS,Males,Part-time,Sedan,28600.0,60001.0,0.4767
2020,AUS,Males,Part-time,Ute,28600.0,48643.0,0.588
2020,AUS,Males,Part-time,Wagon,28600.0,53297.0,0.5366
2020,AUS,Males,Total,Hatchback,67600.0,27805.0,2.4312
2020,AUS,Males,Total,SUV,67600.0,42558.0,1.5884
2020,AUS,Males,Total,Sedan,67600.0,60001.0,1.1266
2020,AUS,Males,Total,Ute,67600.0,48643.0,1.3897
2020,AUS,Males,Total,Wagon,67600.0,53297.0,1.2684
2020,AUS,Persons,Full-time,Hatchback,74620.0,27805.0,2.6837
2020,AUS,Persons,Full-time,SUV,74620.0,42558.0,1.7534
2020,AUS,Persons,Full-time,Sedan,74620.0,60001.0,1.2436
2020,AUS,Persons,Full-time,Ute,74620.0,48643.0,1.534
2020,AUS,Persons,Full-time,Wagon,74620.0,53297.0,1.4001
2020,AUS,Persons,Part-time,Hatchback,35048.0,27805.0,1.2605
2020,AUS,Persons,Part-time,SUV,35048.0,42558.0,0.8235
2020,AUS,Persons,Part-time,Sedan,35048.0,60001.0,0.5841
2020,AUS,Persons,Part-time,Ute,35048.0,48643.0,0.7205
2020,AUS,Persons,Part-time,Wagon,35048.0,53297.0,0.6576
2020,AUS,Persons,Total,Hatchback,59800.0,27805.0,2.1507
2020,AUS,Persons,Total,SUV,59800.0,42558.0,1.4051
2020,AUS,Persons,Total,Sedan,59800.0,60001.0,0.9966
2020,AUS,Persons,Total,Ute,59800.0,48643.0,1.2294
2020,AUS,Persons,Total,Wagon,59800.0,53297.0,1.122
2020,NSW,Females,Full-time,Hatchback,69878.0,27805.0,2.5131
2020,NSW,Females,Full-time,SUV,69878.0,42558.0,1.6419
2020,NSW,Females,Full-time,Sedan,69878.0,60001.0,1.1646
2020,NSW,Females,Full-time,Ute,69878.0,48643.0,1.4365
2020,NSW,Females,Full-time,Wagon,69878.0,53297.0,1.3111
2020,NSW,Females,Part-time,Hatchback,36894.0,27805.0,1.3269
2020,NSW,Females,Part-time,SUV,36894.0,42558.0,0.8669
2020,NSW,Females,Part-time,Sedan,36894.0,60001.0,0.6149
2020,NSW,Females,Part-time,Ute,36894.0,48643.0,0.7585
2020,NSW,Females,Part-time,Wagon,36894.0,53297.0,0.6922
2020,NSW,Females,Total,Hatchback,52000.0,27805.0,1.8702
2020,NSW,Females,Total,SUV,52000.0,42558.0,1.2218
2020,NSW,Females,Total,Sedan,52000.0,60001.0,0.8666
2020,NSW,Females,Total,Ute,52000.0,48643.0,1.069
2020,NSW,Females,Total,Wagon,52000.0,53297.0,0.9757
2020,NSW,Males,Full-time,Hatchback,78000.0,27805.0,2.8053
2020,NSW,Males,Full-time,SUV,78000.0,42558.0,1.8328
2020,NSW,Males,Full-time,Sedan,78000.0,60001.0,1.3
2020,NSW,Males,Full-time,Ute,78000.0,48643.0,1.6035
2020,NSW,Males,Full-time,Wagon,78000.0,53297.0,1.4635
2020,NSW,Males,Part-time,Hatchback,28600.0,27805.0,1.0286
2020,NSW,Males,Part-time,SUV,28600.0,42558.0,0.672
2020,NSW,Males,Part-time,Sedan,28600.0,60001.0,0.4767
2020,NSW,Males,Part-time,Ute,28600.0,48643.0,0.588
2020,NSW,Males,Part-time,Wagon,28600.0,53297.0,0.5366
2020,NSW,Males,Total,Hatchback,67600.0,27805.0,2.4312
2020,NSW,Males,Total,SUV,67600.0,42558.0,1.5884
2020,NSW,Males,Total,Sedan,67600.0,60001.0,1.1266
2020,NSW,Males,Total,Ute,67600.0,48643.0,1.3897
2020,NSW,Males,Total,Wagon,67600.0,53297.0,1.2684
2020,NSW,Persons,Full-time,Hatchback,74100.0,27805.0,2.665
2020,NSW,Persons,Full-time,SUV,74100.0,42558.0,1.7411
2020,NSW,Persons,Full-time,Sedan,74100.0,60001.0,1.235
2020,NSW,Persons,Full-time,Ute,74100.0,48643.0,1.5233
2020,NSW,Persons,Full-time,Wagon,74100.0,53297.0,1.3903
2020,NSW,Persons,Part-time,Hatchback,35048.0,27805.0,1.2605
2020,NSW,Persons,Part-time,SUV,35048.0,42558.0,0.8235
2020,NSW,Persons,Part-time,Sedan,35048.0,60001.0,0.5841
2020,NSW,Persons,Part-time,Ute,35048.0,48643.0,0.7205
2020,NSW,Persons,Part-time,Wagon,35048.0,53297.0,0.6576
2020,NSW,Persons,Total,Hatchback,59800.0,27805.0,2.1507
2020,NSW,Persons,Total,SUV,59800.0,42558.0,1.4051
2020,NSW,Persons,Total,Sedan,59800.0,60001.0,0.9966
2020,NSW,Persons,Total,Ute,59800.0,48643.0,1.2294
2020,NSW,Persons,Total,Wagon,59800.0,53297.0,1.122
2020,NT,Females,Full-time,Hatchback,70164.0,28903.0,2.4275
2020,NT,Females,Full-time,SUV,70164.0,44240.0,1.586
2020,NT,Females,Full-time,Sedan,70164.0,62372.0,1.1249
2020,NT,Females,Full-time,Ute,70164.0,50565.0,1.3876
2020,NT,Females,Full-time,Wagon,70164.0,55403.0,1.2664
2020,NT,Females,Part-time,Hatchback,33410.0,28903.0,1.1559
2020,NT,Females,Part-time,SUV,33410.0,44240.0,0.7552
2020,NT,Females,Part-time,Sedan,33410.0,62372.0,0.5357
2020,NT,Females,Part-time,Ute,33410.0,50565.0,0.6607
2020,NT,Females,Part-time,Wagon,33410.0,55403.0,0.603
2020,NT,Females,Total,Hatchback,58859.0,28903.0,2.0364
2020,NT,Females,Total,SUV,58859.0,44240.0,1.3304
2020,NT,Females,Total,Sedan,58859.0,62372.0,0.9437
2020,NT,Females,Total,Ute,58859.0,50565.0,1.164
2020,NT,Females,Total,Wagon,58859.0,55403.0,1.0624
2020,NT,Males,Full-time,Hatchback,80600.0,28903.0,2.7886
2020,NT,Males,Full-time,SUV,80600.0,44240.0,1.8219
2020,NT,Males,Full-time,Sedan,80600.0,62372.0,1.2922
2020,NT,Males,Full-time,Ute,80600.0,50565.0,1.594
2020,NT,Males,Full-time,Wagon,80600.0,55403.0,1.4548
2020,NT,Males,Part-time,Hatchback,28969.0,28903.0,1.0023
2020,NT,Males,Part-time,SUV,28969.0,44240.0,0.6548
2020,NT,Males,Part-time,Sedan,28969.0,62372.0,0.4645
2020,NT,Males,Part-time,Ute,28969.0,50565.0,0.5729
2020,NT,Males,Part-time,Wagon,28969.0,55403.0,0.5229
2020,NT,Males,Total,Hatchback,68312.0,28903.0,2.3635
2020,NT,Males,Total,SUV,68312.0,44240.0,1.5441
2020,NT,Males,Total,Sedan,68312.0,62372.0,1.0952
2020,NT,Males,Total,Ute,68312.0,50565.0,1.351
2020,NT,Males,Total,Wagon,68312.0,55403.0,1.233
2020,NT,Persons,Full-time,Hatchback,78000.0,28903.0,2.6986
2020,NT,Persons,Full-time,SUV,78000.0,44240.0,1.7631
2020,NT,Persons,Full-time,Sedan,78000.0,62372.0,1.2506
2020,NT,Persons,Full-time,Ute,78000.0,50565.0,1.5426
2020,NT,Persons,Full-time,Wagon,78000.0,55403.0,1.4079
2020,NT,Persons,Part-time,Hatchback,31200.0,28903.0,1.0795
2020,NT,Persons,Part-time,SUV,31200.0,44240.0,0.7052
2020,NT,Persons,Part-time,Sedan,31200.0,62372.0,0.5002
2020,NT,Persons,Part-time,Ute,31200.0,50565.0,0.617
2020,NT,Persons,Part-time,Wagon,31200.0,55403.0,0.5632
2020,NT,Persons,Total,Hatchback,63346.0,28903.0,2.1917
2020,NT,Persons,Total,SUV,63346.0,44240.0,1.4319
2020,NT,Persons,Total,Sedan,63346.0,62372.0,1.0156
2020,NT,Persons,Total,Ute,63346.0,50565.0,1.2528
2020,NT,Persons,Total,Wagon,63346.0,55403.0,1.1434
2020,QLD,Females,Full-time,Hatchback,66518.0,27427.0,2.4253
2020,QLD,Females,Full-time,SUV,66518.0,41980.0,1.5845
2020,QLD,Females,Full-time,Sedan,66518.0,59185.0,1.1239
2020,QLD,Females,Full-time,Ute,66518.0,47982.0,1.3863
2020,QLD,Females,Full-time,Wagon,66518.0,52572.0,1.2653
2020,QLD,Females,Part-time,Hatchback,36400.0,27427.0,1.3272
2020,QLD,Females,Part-time,SUV,36400.0,41980.0,0.8671
2020,QLD,Females,Part-time,Sedan,36400.0,59185.0,0.615
2020,QLD,Females,Part-time,Ute,36400.0,47982.0,0.7586
2020,QLD,Females,Part-time,Wagon,36400.0,52572.0,0.6924
2020,QLD,Females,Total,Hatchback,51314.0,27427.0,1.8709
2020,QLD,Females,Total,SUV,51314.0,41980.0,1.2223
2020,QLD,Females,Total,Sedan,51314.0,59185.0,0.867
2020,QLD,Females,Total,Ute,51314.0,47982.0,1.0694
2020,QLD,Females,Total,Wagon,51314.0,52572.0,0.9761
2020,QLD,Males,Full-time,Hatchback,74329.0,27427.0,2.7101
2020,QLD,Males,Full-time,SUV,74329.0,41980.0,1.7706
2020,QLD,Males,Full-time,Sedan,74329.0,59185.0,1.2559
2020,QLD,Males,Full-time,Ute,74329.0,47982.0,1.5491
2020,QLD,Males,Full-time,Wagon,74329.0,52572.0,1.4139
2020,QLD,Males,Part-time,Hatchback,30976.0,27427.0,1.1294
2020,QLD,Males,Part-time,SUV,30976.0,41980.0,0.7379
2020,QLD,Males,Part-time,Sedan,30976.0,59185.0,0.5234
2020,QLD,Males,Part-time,Ute,30976.0,47982.0,0.6456
2020,QLD,Males,Part-time,Wagon,30976.0,52572.0,0.5892
2020,QLD,Males,Total,Hatchback,64064.0,27427.0,2.3358
2020,QLD,Males,Total,SUV,64064.0,41980.0,1.5261
2020,QLD,Males,Total,Sedan,64064.0,59185.0,1.0824
2020,QLD,Males,Total,Ute,64064.0,47982.0,1.3352
2020,QLD,Males,Total,Wagon,64064.0,52572.0,1.2186
2020,QLD,Persons,Full-time,Hatchback,70372.0,27427.0,2.5658
2020,QLD,Persons,Full-time,SUV,70372.0,41980.0,1.6763
2020,QLD,Persons,Full-time,Sedan,70372.0,59185.0,1.189
2020,QLD,Persons,Full-time,Ute,70372.0,47982.0,1.4666
2020,QLD,Persons,Full-time,Wagon,70372.0,52572.0,1.3386
2020,QLD,Persons,Part-time,Hatchback,34538.0,27427.0,1.2593
2020,QLD,Persons,Part-time,SUV,34538.0,41980.0,0.8227
2020,QLD,Persons,Part-time,Sedan,34538.0,59185.0,0.5836
2020,QLD,Persons,Part-time,Ute,34538.0,47982.0,0.7198
2020,QLD,Persons,Part-time,Wagon,34538.0,52572.0,0.657
2020,QLD,Persons,Total,Hatchback,57200.0,27427.0,2.0856
2020,QLD,Persons,Total,SUV,57200.0,41980.0,1.3626
2020,QLD,Persons,Total,Sedan,57200.0,59185.0,0.9665
2020,QLD,Persons,Total,Ute,57200.0,47982.0,1.1921
2020,QLD,Persons,Total,Wagon,57200.0,52572.0,1.088
2020,SA,Females,Full-time,Hatchback,63232.0,27439.0,2.3044
2020,SA,Females,Full-time,SUV,63232.0,41999.0,1.5056
2020,SA,Females,Full-time,Sedan,63232.0,59212.0,1.0679
2020,SA,Females,Full-time,Ute,63232.0,48004.0,1.3172
2020,SA,Females,Full-time,Wagon,63232.0,52596.0,1.2022
2020,SA,Females,Part-time,Hatchback,36400.0,27439.0,1.3266
2020,SA,Females,Part-time,SUV,36400.0,41999.0,0.8667
2020,SA,Females,Part-time,Sedan,36400.0,59212.0,0.6147
2020,SA,Females,Part-time,Ute,36400.0,48004.0,0.7583
2020,SA,Females,Part-time,Wagon,36400.0,52596.0,0.6921
2020,SA,Females,Total,Hatchback,47710.0,27439.0,1.7387
2020,SA,Females,Total,SUV,47710.0,41999.0,1.136
2020,SA,Females,Total,Sedan,47710.0,59212.0,0.8057
2020,SA,Females,Total,Ute,47710.0,48004.0,0.9939
2020,SA,Females,Total,Wagon,47710.0,52596.0,0.9071
2020,SA,Males,Full-time,Hatchback,69883.0,27439.0,2.5468
2020,SA,Males,Full-time,SUV,69883.0,41999.0,1.6639
2020,SA,Males,Full-time,Sedan,69883.0,59212.0,1.1802
2020,SA,Males,Full-time,Ute,69883.0,48004.0,1.4558
2020,SA,Males,Full-time,Wagon,69883.0,52596.0,1.3287
2020,SA,Males,Part-time,Hatchback,30472.0,27439.0,1.1105
2020,SA,Males,Part-time,SUV,30472.0,41999.0,0.7255
2020,SA,Males,Part-time,Sedan,30472.0,59212.0,0.5146
2020,SA,Males,Part-time,Ute,30472.0,48004.0,0.6348
2020,SA,Males,Part-time,Wagon,30472.0,52596.0,0.5794
2020,SA,Males,Total,Hatchback,62400.0,27439.0,2.2741
2020,SA,Males,Total,SUV,62400.0,41999.0,1.4858
2020,SA,Males,Total,Sedan,62400.0,59212.0,1.0538
2020,SA,Males,Total,Ute,62400.0,48004.0,1.2999
2020,SA,Males,Total,Wagon,62400.0,52596.0,1.1864
2020,SA,Persons,Full-time,Hatchback,67028.0,27439.0,2.4428
2020,SA,Persons,Full-time,SUV,67028.0,41999.0,1.5959
2020,SA,Persons,Full-time,Sedan,67028.0,59212.0,1.132
2020,SA,Persons,Full-time,Ute,67028.0,48004.0,1.3963
2020,SA,Persons,Full-time,Wagon,67028.0,52596.0,1.2744
2020,SA,Persons,Part-time,Hatchback,34086.0,27439.0,1.2422
2020,SA,Persons,Part-time,SUV,34086.0,41999.0,0.8116
2020,SA,Persons,Part-time,Sedan,34086.0,59212.0,0.5757
2020,SA,Persons,Part-time,Ute,34086.0,48004.0,0.7101
2020,SA,Persons,Part-time,Wagon,34086.0,52596.0,0.6481
2020,SA,Persons,Total,Hatchback,54808.0,27439.0,1.9974
2020,SA,Persons,Total,SUV,54808.0,41999.0,1.305
2020,SA,Persons,Total,Sedan,54808.0,59212.0,0.9256
2020,SA,Persons,Total,Ute,54808.0,48004.0,1.1417
2020,SA,Persons,Total,Wagon,54808.0,52596.0,1.0421
2020,TAS,Females,Full-time,Hatchback,63528.0,27123.0,2.3422
2020,TAS,Females,Full-time,SUV,63528.0,41515.0,1.5302
2020,TAS,Females,Full-time,Sedan,63528.0,58531.0,1.0854
2020,TAS,Females,Full-time,Ute,63528.0,47451.0,1.3388
2020,TAS,Females,Full-time,Wagon,63528.0,51991.0,1.2219
2020,TAS,Females,Part-time,Hatchback,36603.0,27123.0,1.3495
2020,TAS,Females,Part-time,SUV,36603.0,41515.0,0.8817
2020,TAS,Females,Part-time,Sedan,36603.0,58531.0,0.6254
2020,TAS,Females,Part-time,Ute,36603.0,47451.0,0.7714
2020,TAS,Females,Part-time,Wagon,36603.0,51991.0,0.704
2020,TAS,Females,Total,Hatchback,45500.0,27123.0,1.6775
2020,TAS,Females,Total,SUV,45500.0,41515.0,1.096
2020,TAS,Females,Total,Sedan,45500.0,58531.0,0.7774
2020,TAS,Females,Total,Ute,45500.0,47451.0,0.9589
2020,TAS,Females,Total,Wagon,45500.0,51991.0,0.8752
2020,TAS,Males,Full-time,Hatchback,70200.0,27123.0,2.5882
2020,TAS,Males,Full-time,SUV,70200.0,41515.0,1.6909
2020,TAS,Males,Full-time,Sedan,70200.0,58531.0,1.1994
2020,TAS,Males,Full-time,Ute,70200.0,47451.0,1.4794
2020,TAS,Males,Full-time,Wagon,70200.0,51991.0,1.3502
2020,TAS,Males,Part-time,Hatchback,31715.0,27123.0,1.1693
2020,TAS,Males,Part-time,SUV,31715.0,41515.0,0.7639
2020,TAS,Males,Part-time,Sedan,31715.0,58531.0,0.5418
2020,TAS,Males,Part-time,Ute,31715.0,47451.0,0.6684
2020,TAS,Males,Part-time,Wagon,31715.0,51991.0,0.61
2020,TAS,Males,Total,Hatchback,59800.0,27123.0,2.2047
2020,TAS,Males,Total,SUV,59800.0,41515.0,1.4404
2020,TAS,Males,Total,Sedan,59800.0,58531.0,1.0217
2020,TAS,Males,Total,Ute,59800.0,47451.0,1.2602
2020,TAS,Males,Total,Wagon,59800.0,51991.0,1.1502
2020,TAS,Persons,Full-time,Hatchback,67600.0,27123.0,2.4923
2020,TAS,Persons,Full-time,SUV,67600.0,41515.0,1.6283
2020,TAS,Persons,Full-time,Sedan,67600.0,58531.0,1.1549
2020,TAS,Persons,Full-time,Ute,67600.0,47451.0,1.4246
2020,TAS,Persons,Full-time,Wagon,67600.0,51991.0,1.3002
2020,TAS,Persons,Part-time,Hatchback,35833.0,27123.0,1.3211
2020,TAS,Persons,Part-time,SUV,35833.0,41515.0,0.8631
2020,TAS,Persons,Part-time,Sedan,35833.0,58531.0,0.6122
2020,TAS,Persons,Part-time,Ute,35833.0,47451.0,0.7552
2020,TAS,Persons,Part-time,Wagon,35833.0,51991.0,0.6892
2020,TAS,Persons,Total,Hatchback,52000.0,27123.0,1.9172
2020,TAS,Persons,Total,SUV,52000.0,41515.0,1.2525
2020,TAS,Persons,Total,Sedan,52000.0,58531.0,0.8884
2020,TAS,Persons,Total,Ute,52000.0,47451.0,1.0959
2020,TAS,Persons,Total,Wagon,52000.0,51991.0,1.0002
2020,VIC,Females,Full-time,Hatchback,69784.0,29090.0,2.3989
2020,VIC,Females,Full-time,SUV,69784.0,44526.0,1.5673
2020,VIC,Females,Full-time,Sedan,69784.0,62776.0,1.1116
2020,VIC,Females,Full-time,Ute,69784.0,50892.0,1.3712
2020,VIC,Females,Full-time,Wagon,69784.0,55761.0,1.2515
2020,VIC,Females,Part-time,Hatchback,37424.0,29090.0,1.2865
2020,VIC,Females,Part-time,SUV,37424.0,44526.0,0.8405
2020,VIC,Females,Part-time,Sedan,37424.0,62776.0,0.5962
2020,VIC,Females,Part-time,Ute,37424.0,50892.0,0.7354
2020,VIC,Females,Part-time,Wagon,37424.0,55761.0,0.6712
2020,VIC,Females,Total,Hatchback,52000.0,29090.0,1.7875
2020,VIC,Females,Total,SUV,52000.0,44526.0,1.1679
2020,VIC,Females,Total,Sedan,52000.0,62776.0,0.8283
2020,VIC,Females,Total,Ute,52000.0,50892.0,1.0218
2020,VIC,Females,Total,Wagon,52000.0,55761.0,0.9325
2020,VIC,Males,Full-time,Hatchback,78000.0,29090.0,2.6813
2020,VIC,Males,Full-time,SUV,78000.0,44526.0,1.7518
2020,VIC,Males,Full-time,Sedan,78000.0,62776.0,1.2425
2020,VIC,Males,Full-time,Ute,78000.0,50892.0,1.5326
2020,VIC,Males,Full-time,Wagon,78000.0,55761.0,1.3988
2020,VIC,Males,Part-time,Hatchback,29182.0,29090.0,1.0032
2020,VIC,Males,Part-time,SUV,29182.0,44526.0,0.6554
2020,VIC,Males,Part-time,Sedan,29182.0,62776.0,0.4649
2020,VIC,Males,Part-time,Ute,29182.0,50892.0,0.5734
2020,VIC,Males,Part-time,Wagon,29182.0,55761.0,0.5233
2020,VIC,Males,Total,Hatchback,67600.0,29090.0,2.3238
2020,VIC,Males,Total,SUV,67600.0,44526.0,1.5182
2020,VIC,Males,Total,Sedan,67600.0,62776.0,1.0769
2020,VIC,Males,Total,Ute,67600.0,50892.0,1.3283
2020,VIC,Males,Total,Wagon,67600.0,55761.0,1.2123
2020,VIC,Persons,Full-time,Hatchback,74162.0,29090.0,2.5494
2020,VIC,Persons,Full-time,SUV,74162.0,44526.0,1.6656
2020,VIC,Persons,Full-time,Sedan,74162.0,62776.0,1.1814
2020,VIC,Persons,Full-time,Ute,74162.0,50892.0,1.4572
2020,VIC,Persons,Full-time,Wagon,74162.0,55761.0,1.33
2020,VIC,Persons,Part-time,Hatchback,35100.0,29090.0,1.2066
2020,VIC,Persons,Part-time,SUV,35100.0,44526.0,0.7883
2020,VIC,Persons,Part-time,Sedan,35100.0,62776.0,0.5591
2020,VIC,Persons,Part-time,Ute,35100.0,50892.0,0.6897
2020,VIC,Persons,Part-time,Wagon,35100.0,55761.0,0.6295
2020,VIC,Persons,Total,Hatchback,59800.0,29090.0,2.0557
2020,VIC,Persons,Total,SUV,59800.0,44526.0,1.343
2020,VIC,Persons,Total,Sedan,59800.0,62776.0,0.9526
2020,VIC,Persons,Total,Ute,59800.0,50892.0,1.175
2020,VIC,Persons,Total,Wagon,59800.0,55761.0,1.0724
2020,WA,Females,Full-time,Hatchback,74776.0,28541.0,2.6199
2020,WA,Females,Full-time,SUV,74776.0,43686.0,1.7117
2020,WA,Females,Full-time,Sedan,74776.0,61591.0,1.2141
2020,WA,Females,Full-time,Ute,74776.0,49932.0,1.4976
2020,WA,Females,Full-time,Wagon,74776.0,54709.0,1.3668
2020,WA,Females,Part-time,Hatchback,36852.0,28541.0,1.2912
2020,WA,Females,Part-time,SUV,36852.0,43686.0,0.8436
2020,WA,Females,Part-time,Sedan,36852.0,61591.0,0.5983
2020,WA,Females,Part-time,Ute,36852.0,49932.0,0.7381
2020,WA,Females,Part-time,Wagon,36852.0,54709.0,0.6736
2020,WA,Females,Total,Hatchback,49400.0,28541.0,1.7308
2020,WA,Females,Total,SUV,49400.0,43686.0,1.1308
2020,WA,Females,Total,Sedan,49400.0,61591.0,0.8021
2020,WA,Females,Total,Ute,49400.0,49932.0,0.9893
2020,WA,Females,Total,Wagon,49400.0,54709.0,0.903
2020,WA,Males,Full-time,Hatchback,93600.0,28541.0,3.2795
2020,WA,Males,Full-time,SUV,93600.0,43686.0,2.1426
2020,WA,Males,Full-time,Sedan,93600.0,61591.0,1.5197
2020,WA,Males,Full-time,Ute,93600.0,49932.0,1.8746
2020,WA,Males,Full-time,Wagon,93600.0,54709.0,1.7109
2020,WA,Males,Part-time,Hatchback,28584.0,28541.0,1.0015
2020,WA,Males,Part-time,SUV,28584.0,43686.0,0.6543
2020,WA,Males,Part-time,Sedan,28584.0,61591.0,0.4641
2020,WA,Males,Part-time,Ute,28584.0,49932.0,0.5725
2020,WA,Males,Part-time,Wagon,28584.0,54709.0,0.5225
2020,WA,Males,Total,Hatchback,82841.0,28541.0,2.9025
2020,WA,Males,Total,SUV,82841.0,43686.0,1.8963
2020,WA,Males,Total,Sedan,82841.0,61591.0,1.345
2020,WA,Males,Total,Ute,82841.0,49932.0,1.6591
2020,WA,Males,Total,Wagon,82841.0,54709.0,1.5142
2020,WA,Persons,Full-time,Hatchback,84968.0,28541.0,2.977
2020,WA,Persons,Full-time,SUV,84968.0,43686.0,1.945
2020,WA,Persons,Full-time,Sedan,84968.0,61591.0,1.3796
2020,WA,Persons,Full-time,Ute,84968.0,49932.0,1.7017
2020,WA,Persons,Full-time,Wagon,84968.0,54709.0,1.5531
2020,WA,Persons,Part-time,Hatchback,35110.0,28541.0,1.2302
2020,WA,Persons,Part-time,SUV,35110.0,43686.0,0.8037
2020,WA,Persons,Part-time,Sedan,35110.0,61591.0,0.5701
2020,WA,Persons,Part-time,Ute,35110.0,49932.0,0.7032
2020,WA,Persons,Part-time,Wagon,35110.0,54709.0,0.6418
2020,WA,Persons,Total,Hatchback,65000.0,28541.0,2.2774
2020,WA,Persons,Total,SUV,65000.0,43686.0,1.4879
2020,WA,Persons,Total,Sedan,65000.0,61591.0,1.0554
2020,WA,Persons,Total,Ute,65000.0,49932.0,1.3018
2020,WA,Persons,Total,Wagon,65000.0,54709.0,1.1881
2021,ACT,Females,Full-time,Hatchback,83200.0,28754.0,2.8935
2021,ACT,Females,Full-time,SUV,83200.0,44011.0,1.8904
2021,ACT,Females,Full-time,Sedan,83200.0,62049.0,1.3409
2021,ACT,Females,Full-time,Ute,83200.0,50304.0,1.6539
2021,ACT,Females,Full-time,Wagon,83200.0,55116.0,1.5095
2021,ACT,Females,Part-time,Hatchback,39790.0,28754.0,1.3838
2021,ACT,Females,Part-time,SUV,39790.0,44011.0,0.9041
2021,ACT,Females,Part-time,Sedan,39790.0,62049.0,0.6413
2021,ACT,Females,Part-time,Ute,39790.0,50304.0,0.791
2021,ACT,Females,Part-time,Wagon,39790.0,55116.0,0.7219
2021,ACT,Females,Total,Hatchback,69628.0,28754.0,2.4215
2021,ACT,Females,Total,SUV,69628.0,44011.0,1.5821
2021,ACT,Females,Total,Sedan,69628.0,62049.0,1.1221
2021,ACT,Females,Total,Ute,69628.0,50304.0,1.3841
2021,ACT,Females,Total,Wagon,69628.0,55116.0,1.2633
2021,ACT,Males,Full-time,Hatchback,95233.0,28754.0,3.312
2021,ACT,Males,Full-time,SUV,95233.0,44011.0,2.1638
2021,ACT,Males,Full-time,Sedan,95233.0,62049.0,1.5348
2021,ACT,Males,Full-time,Ute,95233.0,50304.0,1.8932
2021,ACT,Males,Full-time,Wagon,95233.0,55116.0,1.7279
2021,ACT,Males,Part-time,Hatchback,31533.0,28754.0,1.0966
2021,ACT,Males,Part-time,SUV,31533.0,44011.0,0.7165
2021,ACT,Males,Part-time,Sedan,31533.0,62049.0,0.5082
2021,ACT,Males,Part-time,Ute,31533.0,50304.0,0.6268
2021,ACT,Males,Part-time,Wagon,31533.0,55116.0,0.5721
2021,ACT,Males,Total,Hatchback,83772.0,28754.0,2.9134
2021,ACT,Males,Total,SUV,83772.0,44011.0,1.9034
2021,ACT,Males,Total,Sedan,83772.0,62049.0,1.3501
2021,ACT,Males,Total,Ute,83772.0,50304.0,1.6653
2021,ACT,Males,Total,Wagon,83772.0,55116.0,1.5199
2021,ACT,Persons,Full-time,Hatchback,89752.0,28754.0,3.1214
2021,ACT,Persons,Full-time,SUV,89752.0,44011.0,2.0393
2021,ACT,Persons,Full-time,Sedan,89752.0,62049.0,1.4465
2021,ACT,Persons,Full-time,Ute,89752.0,50304.0,1.7842
2021,ACT,Persons,Full-time,Wagon,89752.0,55116.0,1.6284
2021,ACT,Persons,Part-time,Hatchback,36400.0,28754.0,1.2659
2021,ACT,Persons,Part-time,SUV,36400.0,44011.0,0.8271
2021,ACT,Persons,Part-time,Sedan,36400.0,62049.0,0.5866
2021,ACT,Persons,Part-time,Ute,36400.0,50304.0,0.7236
2021,ACT,Persons,Part-time,Wagon,36400.0,55116.0,0.6604
2021,ACT,Persons,Total,Hatchback,77730.0,28754.0,2.7033
2021,ACT,Persons,Total,SUV,77730.0,44011.0,1.7661
2021,ACT,Persons,Total,Sedan,77730.0,62049.0,1.2527
2021,ACT,Persons,Total,Ute,77730.0,50304.0,1.5452
2021,ACT,Persons,Total,Wagon,77730.0,55116.0,1.4103
2021,AUS,Females,Full-time,Hatchback,71464.0,29582.0,2.4158
2021,AUS,Females,Full-time,SUV,71464.0,45278.0,1.5783
2021,AUS,Females,Full-time,Sedan,71464.0,63836.0,1.1195
2021,AUS,Females,Full-time,Ute,71464.0,51752.0,1.3809
2021,AUS,Females,Full-time,Wagon,71464.0,56703.0,1.2603
2021,AUS,Females,Part-time,Hatchback,31876.0,29582.0,1.0776
2021,AUS,Females,Part-time,SUV,31876.0,45278.0,0.704
2021,AUS,Females,Part-time,Sedan,31876.0,63836.0,0.4993
2021,AUS,Females,Part-time,Ute,31876.0,51752.0,0.6159
2021,AUS,Females,Part-time,Wagon,31876.0,56703.0,0.5622
2021,AUS,Females,Total,Hatchback,53040.0,29582.0,1.793
2021,AUS,Females,Total,SUV,53040.0,45278.0,1.1714
2021,AUS,Females,Total,Sedan,53040.0,63836.0,0.8309
2021,AUS,Females,Total,Ute,53040.0,51752.0,1.0249
2021,AUS,Females,Total,Wagon,53040.0,56703.0,0.9354
2021,AUS,Males,Full-time,Hatchback,79976.0,29582.0,2.7035
2021,AUS,Males,Full-time,SUV,79976.0,45278.0,1.7663
2021,AUS,Males,Full-time,Sedan,79976.0,63836.0,1.2528
2021,AUS,Males,Full-time,Ute,79976.0,51752.0,1.5454
2021,AUS,Males,Full-time,Wagon,79976.0,56703.0,1.4104
2021,AUS,Males,Part-time,Hatchback,27040.0,29582.0,0.9141
2021,AUS,Males,Part-time,SUV,27040.0,45278.0,0.5972
2021,AUS,Males,Part-time,Sedan,27040.0,63836.0,0.4236
2021,AUS,Males,Part-time,Ute,27040.0,51752.0,0.5225
2021,AUS,Males,Part-time,Wagon,27040.0,56703.0,0.4769
2021,AUS,Males,Total,Hatchback,71531.0,29582.0,2.4181
2021,AUS,Males,Total,SUV,71531.0,45278.0,1.5798
2021,AUS,Males,Total,Sedan,71531.0,63836.0,1.1205
2021,AUS,Males,Total,Ute,71531.0,51752.0,1.3822
2021,AUS,Males,Total,Wagon,71531.0,56703.0,1.2615
2021,AUS,Persons,Full-time,Hatchback,77319.0,29582.0,2.6137
2021,AUS,Persons,Full-time,SUV,77319.0,45278.0,1.7076
2021,AUS,Persons,Full-time,Sedan,77319.0,63836.0,1.2112
2021,AUS,Persons,Full-time,Ute,77319.0,51752.0,1.494
2021,AUS,Persons,Full-time,Wagon,77319.0,56703.0,1.3636
2021,AUS,Persons,Part-time,Hatchback,31200.0,29582.0,1.0547
2021,AUS,Persons,Part-time,SUV,31200.0,45278.0,0.6891
2021,AUS,Persons,Part-time,Sedan,31200.0,63836.0,0.4888
2021,AUS,Persons,Part-time,Ute,31200.0,51752.0,0.6029
2021,AUS,Persons,Part-time,Wagon,31200.0,56703.0,0.5502
2021,AUS,Persons,Total,Hatchback,62400.0,29582.0,2.1094
2021,AUS,Persons,Total,SUV,62400.0,45278.0,1.3781
2021,AUS,Persons,Total,Sedan,62400.0,63836.0,0.9775
2021,AUS,Persons,Total,Ute,62400.0,51752.0,1.2057
2021,AUS,Persons,Total,Wagon,62400.0,56703.0,1.1005
2021,NSW,Females,Full-time,Hatchback,72821.0,29582.0,2.4617
2021,NSW,Females,Full-time,SUV,72821.0,45278.0,1.6083
2021,NSW,Females,Full-time,Sedan,72821.0,63836.0,1.1407
2021,NSW,Females,Full-time,Ute,72821.0,51752.0,1.4071
2021,NSW,Females,Full-time,Wagon,72821.0,56703.0,1.2842
2021,NSW,Females,Part-time,Hatchback,33514.0,29582.0,1.1329
2021,NSW,Females,Part-time,SUV,33514.0,45278.0,0.7402
2021,NSW,Females,Part-time,Sedan,33514.0,63836.0,0.525
2021,NSW,Females,Part-time,Ute,33514.0,51752.0,0.6476
2021,NSW,Females,Part-time,Wagon,33514.0,56703.0,0.591
2021,NSW,Females,Total,Hatchback,57574.0,29582.0,1.9463
2021,NSW,Females,Total,SUV,57574.0,45278.0,1.2716
2021,NSW,Females,Total,Sedan,57574.0,63836.0,0.9019
2021,NSW,Females,Total,Ute,57574.0,51752.0,1.1125
2021,NSW,Females,Total,Wagon,57574.0,56703.0,1.0154
2021,NSW,Males,Full-time,Hatchback,81364.0,29582.0,2.7505
2021,NSW,Males,Full-time,SUV,81364.0,45278.0,1.797
2021,NSW,Males,Full-time,Sedan,81364.0,63836.0,1.2746
2021,NSW,Males,Full-time,Ute,81364.0,51752.0,1.5722
2021,NSW,Males,Full-time,Wagon,81364.0,56703.0,1.4349
2021,NSW,Males,Part-time,Hatchback,27955.0,29582.0,0.945
2021,NSW,Males,Part-time,SUV,27955.0,45278.0,0.6174
2021,NSW,Males,Part-time,Sedan,27955.0,63836.0,0.4379
2021,NSW,Males,Part-time,Ute,27955.0,51752.0,0.5402
2021,NSW,Males,Part-time,Wagon,27955.0,56703.0,0.493
2021,NSW,Males,Total,Hatchback,72800.0,29582.0,2.461
2021,NSW,Males,Total,SUV,72800.0,45278.0,1.6078
2021,NSW,Males,Total,Sedan,72800.0,63836.0,1.1404
2021,NSW,Males,Total,Ute,72800.0,51752.0,1.4067
2021,NSW,Males,Total,Wagon,72800.0,56703.0,1.2839
2021,NSW,Persons,Full-time,Hatchback,78000.0,29582.0,2.6367
2021,NSW,Persons,Full-time,SUV,78000.0,45278.0,1.7227
2021,NSW,Persons,Full-time,Sedan,78000.0,63836.0,1.2219
2021,NSW,Persons,Full-time,Ute,78000.0,51752.0,1.5072
2021,NSW,Persons,Full-time,Wagon,78000.0,56703.0,1.3756
2021,NSW,Persons,Part-time,Hatchback,31200.0,29582.0,1.0547
2021,NSW,Persons,Part-time,SUV,31200.0,45278.0,0.6891
2021,NSW,Persons,Part-time,Sedan,31200.0,63836.0,0.4888
2021,NSW,Persons,Part-time,Ute,31200.0,51752.0,0.6029
2021,NSW,Persons,Part-time,Wagon,31200.0,56703.0,0.5502
2021,NSW,Persons,Total,Hatchback,65000.0,29582.0,2.1973
2021,NSW,Persons,Total,SUV,65000.0,45278.0,1.4356
2021,NSW,Persons,Total,Sedan,65000.0,63836.0,1.0182
2021,NSW,Persons,Total,Ute,65000.0,51752.0,1.256
2021,NSW,Persons,Total,Wagon,65000.0,56703.0,1.1463
2021,NT,Females,Full-time,Hatchback,78000.0,30751.0,2.5365
2021,NT,Females,Full-time,SUV,78000.0,47067.0,1.6572
2021,NT,Females,Full-time,Sedan,78000.0,66358.0,1.1754
2021,NT,Females,Full-time,Ute,78000.0,53797.0,1.4499
2021,NT,Females,Full-time,Wagon,78000.0,58943.0,1.3233
2021,NT,Females,Part-time,Hatchback,32796.0,30751.0,1.0665
2021,NT,Females,Part-time,SUV,32796.0,47067.0,0.6968
2021,NT,Females,Part-time,Sedan,32796.0,66358.0,0.4942
2021,NT,Females,Part-time,Ute,32796.0,53797.0,0.6096
2021,NT,Females,Part-time,Wagon,32796.0,58943.0,0.5564
2021,NT,Females,Total,Hatchback,62925.0,30751.0,2.0463
2021,NT,Females,Total,SUV,62925.0,47067.0,1.3369
2021,NT,Females,Total,Sedan,62925.0,66358.0,0.9483
2021,NT,Females,Total,Ute,62925.0,53797.0,1.1697
2021,NT,Females,Total,Wagon,62925.0,58943.0,1.0676
2021,NT,Males,Full-time,Hatchback,84126.0,30751.0,2.7357
2021,NT,Males,Full-time,SUV,84126.0,47067.0,1.7873
2021,NT,Males,Full-time,Sedan,84126.0,66358.0,1.2677
2021,NT,Males,Full-time,Ute,84126.0,53797.0,1.5638
2021,NT,Males,Full-time,Wagon,84126.0,58943.0,1.4272
2021,NT,Males,Part-time,Hatchback,28080.0,30751.0,0.9132
2021,NT,Males,Part-time,SUV,28080.0,47067.0,0.5966
2021,NT,Males,Part-time,Sedan,28080.0,66358.0,0.4232
2021,NT,Males,Part-time,Ute,28080.0,53797.0,0.522
2021,NT,Males,Part-time,Wagon,28080.0,58943.0,0.4764
2021,NT,Males,Total,Hatchback,75504.0,30751.0,2.4554
2021,NT,Males,Total,SUV,75504.0,47067.0,1.6042
2021,NT,Males,Total,Sedan,75504.0,66358.0,1.1378
2021,NT,Males,Total,Ute,75504.0,53797.0,1.4035
2021,NT,Males,Total,Wagon,75504.0,58943.0,1.281
2021,NT,Persons,Full-time,Hatchback,81099.0,30751.0,2.6373
2021,NT,Persons,Full-time,SUV,81099.0,47067.0,1.723
2021,NT,Persons,Full-time,Sedan,81099.0,66358.0,1.2221
2021,NT,Persons,Full-time,Ute,81099.0,53797.0,1.5075
2021,NT,Persons,Full-time,Wagon,81099.0,58943.0,1.3759
2021,NT,Persons,Part-time,Hatchback,31200.0,30751.0,1.0146
2021,NT,Persons,Part-time,SUV,31200.0,47067.0,0.6629
2021,NT,Persons,Part-time,Sedan,31200.0,66358.0,0.4702
2021,NT,Persons,Part-time,Ute,31200.0,53797.0,0.58
2021,NT,Persons,Part-time,Wagon,31200.0,58943.0,0.5293
2021,NT,Persons,Total,Hatchback,69493.0,30751.0,2.2599
2021,NT,Persons,Total,SUV,69493.0,47067.0,1.4765
2021,NT,Persons,Total,Sedan,69493.0,66358.0,1.0472
2021,NT,Persons,Total,Ute,69493.0,53797.0,1.2918
2021,NT,Persons,Total,Wagon,69493.0,58943.0,1.179
2021,QLD,Females,Full-time,Hatchback,65000.0,29179.0,2.2276
2021,QLD,Females,Full-time,SUV,65000.0,44662.0,1.4554
2021,QLD,Females,Full-time,Sedan,65000.0,62968.0,1.0323
2021,QLD,Females,Full-time,Ute,65000.0,51048.0,1.2733
2021,QLD,Females,Full-time,Wagon,65000.0,55932.0,1.1621
2021,QLD,Females,Part-time,Hatchback,31200.0,29179.0,1.0692
2021,QLD,Females,Part-time,SUV,31200.0,44662.0,0.6986
2021,QLD,Females,Part-time,Sedan,31200.0,62968.0,0.4955
2021,QLD,Females,Part-time,Ute,31200.0,51048.0,0.6112
2021,QLD,Females,Part-time,Wagon,31200.0,55932.0,0.5578
2021,QLD,Females,Total,Hatchback,52000.0,29179.0,1.7821
2021,QLD,Females,Total,SUV,52000.0,44662.0,1.1643
2021,QLD,Females,Total,Sedan,52000.0,62968.0,0.8258
2021,QLD,Females,Total,Ute,52000.0,51048.0,1.0186
2021,QLD,Females,Total,Wagon,52000.0,55932.0,0.9297
2021,QLD,Males,Full-time,Hatchback,78000.0,29179.0,2.6731
2021,QLD,Males,Full-time,SUV,78000.0,44662.0,1.7464
2021,QLD,Males,Full-time,Sedan,78000.0,62968.0,1.2387
2021,QLD,Males,Full-time,Ute,78000.0,51048.0,1.528
2021,QLD,Males,Full-time,Wagon,78000.0,55932.0,1.3946
2021,QLD,Males,Part-time,Hatchback,28293.0,29179.0,0.9696
2021,QLD,Males,Part-time,SUV,28293.0,44662.0,0.6335
2021,QLD,Males,Part-time,Sedan,28293.0,62968.0,0.4493
2021,QLD,Males,Part-time,Ute,28293.0,51048.0,0.5542
2021,QLD,Males,Part-time,Wagon,28293.0,55932.0,0.5059
2021,QLD,Males,Total,Hatchback,67600.0,29179.0,2.3167
2021,QLD,Males,Total,SUV,67600.0,44662.0,1.5136
2021,QLD,Males,Total,Sedan,67600.0,62968.0,1.0736
2021,QLD,Males,Total,Ute,67600.0,51048.0,1.3242
2021,QLD,Males,Total,Wagon,67600.0,55932.0,1.2086
2021,QLD,Persons,Full-time,Hatchback,72800.0,29179.0,2.4949
2021,QLD,Persons,Full-time,SUV,72800.0,44662.0,1.63
2021,QLD,Persons,Full-time,Sedan,72800.0,62968.0,1.1561
2021,QLD,Persons,Full-time,Ute,72800.0,51048.0,1.4261
2021,QLD,Persons,Full-time,Wagon,72800.0,55932.0,1.3016
2021,QLD,Persons,Part-time,Hatchback,31200.0,29179.0,1.0692
2021,QLD,Persons,Part-time,SUV,31200.0,44662.0,0.6986
2021,QLD,Persons,Part-time,Sedan,31200.0,62968.0,0.4955
2021,QLD,Persons,Part-time,Ute,31200.0,51048.0,0.6112
2021,QLD,Persons,Part-time,Wagon,31200.0,55932.0,0.5578
2021,QLD,Persons,Total,Hatchback,58500.0,29179.0,2.0048
2021,QLD,Persons,Total,SUV,58500.0,44662.0,1.3098
2021,QLD,Persons,Total,Sedan,58500.0,62968.0,0.929
2021,QLD,Persons,Total,Ute,58500.0,51048.0,1.146
2021,QLD,Persons,Total,Wagon,58500.0,55932.0,1.0459
2021,SA,Females,Full-time,Hatchback,67075.0,29193.0,2.2976
2021,SA,Females,Full-time,SUV,67075.0,44683.0,1.5011
2021,SA,Females,Full-time,Sedan,67075.0,62997.0,1.0647
2021,SA,Females,Full-time,Ute,67075.0,51072.0,1.3133
2021,SA,Females,Full-time,Wagon,67075.0,55958.0,1.1987
2021,SA,Females,Part-time,Hatchback,31949.0,29193.0,1.0944
2021,SA,Females,Part-time,SUV,31949.0,44683.0,0.715
2021,SA,Females,Part-time,Sedan,31949.0,62997.0,0.5071
2021,SA,Females,Part-time,Ute,31949.0,51072.0,0.6256
2021,SA,Females,Part-time,Wagon,31949.0,55958.0,0.5709
2021,SA,Females,Total,Hatchback,49400.0,29193.0,1.6922
2021,SA,Females,Total,SUV,49400.0,44683.0,1.1056
2021,SA,Females,Total,Sedan,49400.0,62997.0,0.7842
2021,SA,Females,Total,Ute,49400.0,51072.0,0.9673
2021,SA,Females,Total,Wagon,49400.0,55958.0,0.8828
2021,SA,Males,Full-time,Hatchback,74776.0,29193.0,2.5614
2021,SA,Males,Full-time,SUV,74776.0,44683.0,1.6735
2021,SA,Males,Full-time,Sedan,74776.0,62997.0,1.187
2021,SA,Males,Full-time,Ute,74776.0,51072.0,1.4641
2021,SA,Males,Full-time,Wagon,74776.0,55958.0,1.3363
2021,SA,Males,Part-time,Hatchback,27524.0,29193.0,0.9428
2021,SA,Males,Part-time,SUV,27524.0,44683.0,0.616
2021,SA,Males,Part-time,Sedan,27524.0,62997.0,0.4369
2021,SA,Males,Part-time,Ute,27524.0,51072.0,0.5389
2021,SA,Males,Part-time,Wagon,27524.0,55958.0,0.4919
2021,SA,Males,Total,Hatchback,65000.0,29193.0,2.2266
2021,SA,Males,Total,SUV,65000.0,44683.0,1.4547
2021,SA,Males,Total,Sedan,65000.0,62997.0,1.0318
2021,SA,Males,Total,Ute,65000.0,51072.0,1.2727
2021,SA,Males,Total,Wagon,65000.0,55958.0,1.1616
2021,SA,Persons,Full-time,Hatchback,72072.0,29193.0,2.4688
2021,SA,Persons,Full-time,SUV,72072.0,44683.0,1.613
2021,SA,Persons,Full-time,Sedan,72072.0,62997.0,1.1441
2021,SA,Persons,Full-time,Ute,72072.0,51072.0,1.4112
2021,SA,Persons,Full-time,Wagon,72072.0,55958.0,1.288
2021,SA,Persons,Part-time,Hatchback,31200.0,29193.0,1.0688
2021,SA,Persons,Part-time,SUV,31200.0,44683.0,0.6983
2021,SA,Persons,Part-time,Sedan,31200.0,62997.0,0.4953
2021,SA,Persons,Part-time,Ute,31200.0,51072.0,0.6109
2021,SA,Persons,Part-time,Wagon,31200.0,55958.0,0.5576
2021,SA,Persons,Total,Hatchback,57200.0,29193.0,1.9594
2021,SA,Persons,Total,SUV,57200.0,44683.0,1.2801
2021,SA,Persons,Total,Sedan,57200.0,62997.0,0.908
2021,SA,Persons,Total,Ute,57200.0,51072.0,1.12
2021,SA,Persons,Total,Wagon,57200.0,55958.0,1.0222
2021,TAS,Females,Full-time,Hatchback,66685.0,28857.0,2.3109
2021,TAS,Females,Full-time,SUV,66685.0,44169.0,1.5098
2021,TAS,Females,Full-time,Sedan,66685.0,62272.0,1.0709
2021,TAS,Females,Full-time,Ute,66685.0,50484.0,1.3209
2021,TAS,Females,Full-time,Wagon,66685.0,55313.0,1.2056
2021,TAS,Females,Part-time,Hatchback,31200.0,28857.0,1.0812
2021,TAS,Females,Part-time,SUV,31200.0,44169.0,0.7064
2021,TAS,Females,Part-time,Sedan,31200.0,62272.0,0.501
2021,TAS,Females,Part-time,Ute,31200.0,50484.0,0.618
2021,TAS,Females,Part-time,Wagon,31200.0,55313.0,0.5641
2021,TAS,Females,Total,Hatchback,47554.0,28857.0,1.6479
2021,TAS,Females,Total,SUV,47554.0,44169.0,1.0766
2021,TAS,Females,Total,Sedan,47554.0,62272.0,0.7637
2021,TAS,Females,Total,Ute,47554.0,50484.0,0.942
2021,TAS,Females,Total,Wagon,47554.0,55313.0,0.8597
2021,TAS,Males,Full-time,Hatchback,67558.0,28857.0,2.3412
2021,TAS,Males,Full-time,SUV,67558.0,44169.0,1.5296
2021,TAS,Males,Full-time,Sedan,67558.0,62272.0,1.0849
2021,TAS,Males,Full-time,Ute,67558.0,50484.0,1.3382
2021,TAS,Males,Full-time,Wagon,67558.0,55313.0,1.2214
2021,TAS,Males,Part-time,Hatchback,27550.0,28857.0,0.9547
2021,TAS,Males,Part-time,SUV,27550.0,44169.0,0.6237
2021,TAS,Males,Part-time,Sedan,27550.0,62272.0,0.4424
2021,TAS,Males,Part-time,Ute,27550.0,50484.0,0.5457
2021,TAS,Males,Part-time,Wagon,27550.0,55313.0,0.4981
2021,TAS,Males,Total,Hatchback,59779.0,28857.0,2.0716
2021,TAS,Males,Total,SUV,59779.0,44169.0,1.3534
2021,TAS,Males,Total,Sedan,59779.0,62272.0,0.96
2021,TAS,Males,Total,Ute,59779.0,50484.0,1.1841
2021,TAS,Males,Total,Wagon,59779.0,55313.0,1.0807
2021,TAS,Persons,Full-time,Hatchback,67215.0,28857.0,2.3293
2021,TAS,Persons,Full-time,SUV,67215.0,44169.0,1.5218
2021,TAS,Persons,Full-time,Sedan,67215.0,62272.0,1.0794
2021,TAS,Persons,Full-time,Ute,67215.0,50484.0,1.3314
2021,TAS,Persons,Full-time,Wagon,67215.0,55313.0,1.2152
2021,TAS,Persons,Part-time,Hatchback,31091.0,28857.0,1.0774
2021,TAS,Persons,Part-time,SUV,31091.0,44169.0,0.7039
2021,TAS,Persons,Part-time,Sedan,31091.0,62272.0,0.4993
2021,TAS,Persons,Part-time,Ute,31091.0,50484.0,0.6159
2021,TAS,Persons,Part-time,Wagon,31091.0,55313.0,0.5621
2021,TAS,Persons,Total,Hatchback,52458.0,28857.0,1.8179
2021,TAS,Persons,Total,SUV,52458.0,44169.0,1.1877
2021,TAS,Persons,Total,Sedan,52458.0,62272.0,0.8424
2021,TAS,Persons,Total,Ute,52458.0,50484.0,1.0391
2021,TAS,Persons,Total,Wagon,52458.0,55313.0,0.9484
2021,VIC,Females,Full-time,Hatchback,71760.0,30950.0,2.3186
2021,VIC,Females,Full-time,SUV,71760.0,47372.0,1.5148
2021,VIC,Females,Full-time,Sedan,71760.0,66788.0,1.0745
2021,VIC,Females,Full-time,Ute,71760.0,54145.0,1.3253
2021,VIC,Females,Full-time,Wagon,71760.0,59325.0,1.2096
2021,VIC,Females,Part-time,Hatchback,31772.0,30950.0,1.0266
2021,VIC,Females,Part-time,SUV,31772.0,47372.0,0.6707
2021,VIC,Females,Part-time,Sedan,31772.0,66788.0,0.4757
2021,VIC,Females,Part-time,Ute,31772.0,54145.0,0.5868
2021,VIC,Females,Part-time,Wagon,31772.0,59325.0,0.5356
2021,VIC,Females,Total,Hatchback,52000.0,30950.0,1.6802
2021,VIC,Females,Total,SUV,52000.0,47372.0,1.0977
2021,VIC,Females,Total,Sedan,52000.0,66788.0,0.7786
2021,VIC,Females,Total,Ute,52000.0,54145.0,0.9604
2021,VIC,Females,Total,Wagon,52000.0,59325.0,0.8765
2021,VIC,Males,Full-time,Hatchback,78000.0,30950.0,2.5202
2021,VIC,Males,Full-time,SUV,78000.0,47372.0,1.6465
2021,VIC,Males,Full-time,Sedan,78000.0,66788.0,1.1679
2021,VIC,Males,Full-time,Ute,78000.0,54145.0,1.4406
2021,VIC,Males,Full-time,Wagon,78000.0,59325.0,1.3148
2021,VIC,Males,Part-time,Hatchback,25860.0,30950.0,0.8355
2021,VIC,Males,Part-time,SUV,25860.0,47372.0,0.5459
2021,VIC,Males,Part-time,Sedan,25860.0,66788.0,0.3872
2021,VIC,Males,Part-time,Ute,25860.0,54145.0,0.4776
2021,VIC,Males,Part-time,Wagon,25860.0,59325.0,0.4359
2021,VIC,Males,Total,Hatchback,69784.0,30950.0,2.2548
2021,VIC,Males,Total,SUV,69784.0,47372.0,1.4731
2021,VIC,Males,Total,Sedan,69784.0,66788.0,1.0449
2021,VIC,Males,Total,Ute,69784.0,54145.0,1.2888
2021,VIC,Males,Total,Wagon,69784.0,59325.0,1.1763
2021,VIC,Persons,Full-time,Hatchback,76804.0,30950.0,2.4816
2021,VIC,Persons,Full-time,SUV,76804.0,47372.0,1.6213
2021,VIC,Persons,Full-time,Sedan,76804.0,66788.0,1.15
2021,VIC,Persons,Full-time,Ute,76804.0,54145.0,1.4185
2021,VIC,Persons,Full-time,Wagon,76804.0,59325.0,1.2946
2021,VIC,Persons,Part-time,Hatchback,30675.0,30950.0,0.9911
2021,VIC,Persons,Part-time,SUV,30675.0,47372.0,0.6475
2021,VIC,Persons,Part-time,Sedan,30675.0,66788.0,0.4593
2021,VIC,Persons,Part-time,Ute,30675.0,54145.0,0.5665
2021,VIC,Persons,Part-time,Wagon,30675.0,59325.0,0.5171
2021,VIC,Persons,Total,Hatchback,61443.0,30950.0,1.9853
2021,VIC,Persons,Total,SUV,61443.0,47372.0,1.297
2021,VIC,Persons,Total,Sedan,61443.0,66788.0,0.92
2021,VIC,Persons,Total,Ute,61443.0,54145.0,1.1348
2021,VIC,Persons,Total,Wagon,61443.0,59325.0,1.0357
2021,WA,Females,Full-time,Hatchback,71770.0,30365.0,2.3636
2021,WA,Females,Full-time,SUV,71770.0,46478.0,1.5442
2021,WA,Females,Full-time,Sedan,71770.0,65527.0,1.0953
2021,WA,Females,Full-time,Ute,71770.0,53123.0,1.351
2021,WA,Females,Full-time,Wagon,71770.0,58205.0,1.2331
2021,WA,Females,Part-time,Hatchback,31200.0,30365.0,1.0275
2021,WA,Females,Part-time,SUV,31200.0,46478.0,0.6713
2021,WA,Females,Part-time,Sedan,31200.0,65527.0,0.4761
2021,WA,Females,Part-time,Ute,31200.0,53123.0,0.5873
2021,WA,Females,Part-time,Wagon,31200.0,58205.0,0.536
2021,WA,Females,Total,Hatchback,52000.0,30365.0,1.7125
2021,WA,Females,Total,SUV,52000.0,46478.0,1.1188
2021,WA,Females,Total,Sedan,52000.0,65527.0,0.7936
2021,WA,Females,Total,Ute,52000.0,53123.0,0.9789
2021,WA,Females,Total,Wagon,52000.0,58205.0,0.8934
2021,WA,Males,Full-time,Hatchback,91874.0,30365.0,3.0256
2021,WA,Males,Full-time,SUV,91874.0,46478.0,1.9767
2021,WA,Males,Full-time,Sedan,91874.0,65527.0,1.4021
2021,WA,Males,Full-time,Ute,91874.0,53123.0,1.7294
2021,WA,Males,Full-time,Wagon,91874.0,58205.0,1.5784
2021,WA,Males,Part-time,Hatchback,26000.0,30365.0,0.8562
2021,WA,Males,Part-time,SUV,26000.0,46478.0,0.5594
2021,WA,Males,Part-time,Sedan,26000.0,65527.0,0.3968
2021,WA,Males,Part-time,Ute,26000.0,53123.0,0.4894
2021,WA,Males,Part-time,Wagon,26000.0,58205.0,0.4467
2021,WA,Males,Total,Hatchback,79955.0,30365.0,2.6331
2021,WA,Males,Total,SUV,79955.0,46478.0,1.7203
2021,WA,Males,Total,Sedan,79955.0,65527.0,1.2202
2021,WA,Males,Total,Ute,79955.0,53123.0,1.5051
2021,WA,Males,Total,Wagon,79955.0,58205.0,1.3737
2021,WA,Persons,Full-time,Hatchback,80860.0,30365.0,2.6629
2021,WA,Persons,Full-time,SUV,80860.0,46478.0,1.7398
2021,WA,Persons,Full-time,Sedan,80860.0,65527.0,1.234
2021,WA,Persons,Full-time,Ute,80860.0,53123.0,1.5221
2021,WA,Persons,Full-time,Wagon,80860.0,58205.0,1.3892
2021,WA,Persons,Part-time,Hatchback,31200.0,30365.0,1.0275
2021,WA,Persons,Part-time,SUV,31200.0,46478.0,0.6713
2021,WA,Persons,Part-time,Sedan,31200.0,65527.0,0.4761
2021,WA,Persons,Part-time,Ute,31200.0,53123.0,0.5873
2021,WA,Persons,Part-time,Wagon,31200.0,58205.0,0.536
2021,WA,Persons,Total,Hatchback,64319.0,30365.0,2.1182
2021,WA,Persons,Total,SUV,64319.0,46478.0,1.3839
2021,WA,Persons,Total,Sedan,64319.0,65527.0,0.9816
2021,WA,Persons,Total,Ute,64319.0,53123.0,1.2108
2021,WA,Persons,Total,Wagon,64319.0,58205.0,1.105
2022,ACT,Females,Full-time,Hatchback,84760.0,30310.0,2.7964
2022,ACT,Females,Full-time,SUV,84760.0,46393.0,1.827
2022,ACT,Females,Full-time,Sedan,84760.0,65407.0,1.2959
2022,ACT,Females,Full-time,Ute,84760.0,53026.0,1.5985
2022,ACT,Females,Full-time,Wagon,84760.0,58099.0,1.4589
2022,ACT,Females,Part-time,Hatchback,38979.0,30310.0,1.286
2022,ACT,Females,Part-time,SUV,38979.0,46393.0,0.8402
2022,ACT,Females,Part-time,Sedan,38979.0,65407.0,0.5959
2022,ACT,Females,Part-time,Ute,38979.0,53026.0,0.7351
2022,ACT,Females,Part-time,Wagon,38979.0,58099.0,0.6709
2022,ACT,Females,Total,Hatchback,71079.0,30310.0,2.3451
2022,ACT,Females,Total,SUV,71079.0,46393.0,1.5321
2022,ACT,Females,Total,Sedan,71079.0,65407.0,1.0867
2022,ACT,Females,Total,Ute,71079.0,53026.0,1.3405
2022,ACT,Females,Total,Wagon,71079.0,58099.0,1.2234
2022,ACT,Males,Full-time,Hatchback,97926.0,30310.0,3.2308
2022,ACT,Males,Full-time,SUV,97926.0,46393.0,2.1108
2022,ACT,Males,Full-time,Sedan,97926.0,65407.0,1.4972
2022,ACT,Males,Full-time,Ute,97926.0,53026.0,1.8468
2022,ACT,Males,Full-time,Wagon,97926.0,58099.0,1.6855
2022,ACT,Males,Part-time,Hatchback,28772.0,30310.0,0.9492
2022,ACT,Males,Part-time,SUV,28772.0,46393.0,0.6202
2022,ACT,Males,Part-time,Sedan,28772.0,65407.0,0.4399
2022,ACT,Males,Part-time,Ute,28772.0,53026.0,0.5426
2022,ACT,Males,Part-time,Wagon,28772.0,58099.0,0.4952
2022,ACT,Males,Total,Hatchback,85847.0,30310.0,2.8323
2022,ACT,Males,Total,SUV,85847.0,46393.0,1.8504
2022,ACT,Males,Total,Sedan,85847.0,65407.0,1.3125
2022,ACT,Males,Total,Ute,85847.0,53026.0,1.619
2022,ACT,Males,Total,Wagon,85847.0,58099.0,1.4776
2022,ACT,Persons,Full-time,Hatchback,91192.0,30310.0,3.0087
2022,ACT,Persons,Full-time,SUV,91192.0,46393.0,1.9657
2022,ACT,Persons,Full-time,Sedan,91192.0,65407.0,1.3942
2022,ACT,Persons,Full-time,Ute,91192.0,53026.0,1.7198
2022,ACT,Persons,Full-time,Wagon,91192.0,58099.0,1.5696
2022,ACT,Persons,Part-time,Hatchback,36400.0,30310.0,1.2009
2022,ACT,Persons,Part-time,SUV,36400.0,46393.0,0.7846
2022,ACT,Persons,Part-time,Sedan,36400.0,65407.0,0.5565
2022,ACT,Persons,Part-time,Ute,36400.0,53026.0,0.6865
2022,ACT,Persons,Part-time,Wagon,36400.0,58099.0,0.6265
2022,ACT,Persons,Total,Hatchback,78000.0,30310.0,2.5734
2022,ACT,Persons,Total,SUV,78000.0,46393.0,1.6813
2022,ACT,Persons,Total,Sedan,78000.0,65407.0,1.1925
2022,ACT,Persons,Total,Ute,78000.0,53026.0,1.471
2022,ACT,Persons,Total,Wagon,78000.0,58099.0,1.3425
2022,AUS,Females,Full-time,Hatchback,74776.0,31183.0,2.398
2022,AUS,Females,Full-time,SUV,74776.0,47729.0,1.5667
2022,AUS,Females,Full-time,Sedan,74776.0,67291.0,1.1112
2022,AUS,Females,Full-time,Ute,74776.0,54553.0,1.3707
2022,AUS,Females,Full-time,Wagon,74776.0,59772.0,1.251
2022,AUS,Females,Part-time,Hatchback,33800.0,31183.0,1.0839
2022,AUS,Females,Part-time,SUV,33800.0,47729.0,0.7082
2022,AUS,Females,Part-time,Sedan,33800.0,67291.0,0.5023
2022,AUS,Females,Part-time,Ute,33800.0,54553.0,0.6196
2022,AUS,Females,Part-time,Wagon,33800.0,59772.0,0.5655
2022,AUS,Females,Total,Hatchback,56836.0,31183.0,1.8227
2022,AUS,Females,Total,SUV,56836.0,47729.0,1.1908
2022,AUS,Females,Total,Sedan,56836.0,67291.0,0.8446
2022,AUS,Females,Total,Ute,56836.0,54553.0,1.0419
2022,AUS,Females,Total,Wagon,56836.0,59772.0,0.9509
2022,AUS,Males,Full-time,Hatchback,83200.0,31183.0,2.6681
2022,AUS,Males,Full-time,SUV,83200.0,47729.0,1.7432
2022,AUS,Males,Full-time,Sedan,83200.0,67291.0,1.2364
2022,AUS,Males,Full-time,Ute,83200.0,54553.0,1.5251
2022,AUS,Males,Full-time,Wagon,83200.0,59772.0,1.392
2022,AUS,Males,Part-time,Hatchback,28184.0,31183.0,0.9038
2022,AUS,Males,Part-time,SUV,28184.0,47729.0,0.5905
2022,AUS,Males,Part-time,Sedan,28184.0,67291.0,0.4188
2022,AUS,Males,Part-time,Ute,28184.0,54553.0,0.5166
2022,AUS,Males,Part-time,Wagon,28184.0,59772.0,0.4715
2022,AUS,Males,Total,Hatchback,73372.0,31183.0,2.353
2022,AUS,Males,Total,SUV,73372.0,47729.0,1.5373
2022,AUS,Males,Total,Sedan,73372.0,67291.0,1.0904
2022,AUS,Males,Total,Ute,73372.0,54553.0,1.345
2022,AUS,Males,Total,Wagon,73372.0,59772.0,1.2275
2022,AUS,Persons,Full-time,Hatchback,78021.0,31183.0,2.5021
2022,AUS,Persons,Full-time,SUV,78021.0,47729.0,1.6347
2022,AUS,Persons,Full-time,Sedan,78021.0,67291.0,1.1595
2022,AUS,Persons,Full-time,Ute,78021.0,54553.0,1.4302
2022,AUS,Persons,Full-time,Wagon,78021.0,59772.0,1.3053
2022,AUS,Persons,Part-time,Hatchback,32084.0,31183.0,1.0289
2022,AUS,Persons,Part-time,SUV,32084.0,47729.0,0.6722
2022,AUS,Persons,Part-time,Sedan,32084.0,67291.0,0.4768
2022,AUS,Persons,Part-time,Ute,32084.0,54553.0,0.5881
2022,AUS,Persons,Part-time,Wagon,32084.0,59772.0,0.5368
2022,AUS,Persons,Total,Hatchback,64896.0,31183.0,2.0812
2022,AUS,Persons,Total,SUV,64896.0,47729.0,1.3597
2022,AUS,Persons,Total,Sedan,64896.0,67291.0,0.9644
2022,AUS,Persons,Total,Ute,64896.0,54553.0,1.1896
2022,AUS,Persons,Total,Wagon,64896.0,59772.0,1.0857
2022,NSW,Females,Full-time,Hatchback,74256.0,31183.0,2.3813
2022,NSW,Females,Full-time,SUV,74256.0,47729.0,1.5558
2022,NSW,Females,Full-time,Sedan,74256.0,67291.0,1.1035
2022,NSW,Females,Full-time,Ute,74256.0,54553.0,1.3612
2022,NSW,Females,Full-time,Wagon,74256.0,59772.0,1.2423
2022,NSW,Females,Part-time,Hatchback,34299.0,31183.0,1.0999
2022,NSW,Females,Part-time,SUV,34299.0,47729.0,0.7186
2022,NSW,Females,Part-time,Sedan,34299.0,67291.0,0.5097
2022,NSW,Females,Part-time,Ute,34299.0,54553.0,0.6287
2022,NSW,Females,Part-time,Wagon,34299.0,59772.0,0.5738
2022,NSW,Females,Total,Hatchback,56888.0,31183.0,1.8243
2022,NSW,Females,Total,SUV,56888.0,47729.0,1.1919
2022,NSW,Females,Total,Sedan,56888.0,67291.0,0.8454
2022,NSW,Females,Total,Ute,56888.0,54553.0,1.0428
2022,NSW,Females,Total,Wagon,56888.0,59772.0,0.9518
2022,NSW,Males,Full-time,Hatchback,83200.0,31183.0,2.6681
2022,NSW,Males,Full-time,SUV,83200.0,47729.0,1.7432
2022,NSW,Males,Full-time,Sedan,83200.0,67291.0,1.2364
2022,NSW,Males,Full-time,Ute,83200.0,54553.0,1.5251
2022,NSW,Males,Full-time,Wagon,83200.0,59772.0,1.392
2022,NSW,Males,Part-time,Hatchback,29120.0,31183.0,0.9339
2022,NSW,Males,Part-time,SUV,29120.0,47729.0,0.6101
2022,NSW,Males,Part-time,Sedan,29120.0,67291.0,0.4328
2022,NSW,Males,Part-time,Ute,29120.0,54553.0,0.5338
2022,NSW,Males,Part-time,Wagon,29120.0,59772.0,0.4872
2022,NSW,Males,Total,Hatchback,72800.0,31183.0,2.3346
2022,NSW,Males,Total,SUV,72800.0,47729.0,1.5253
2022,NSW,Males,Total,Sedan,72800.0,67291.0,1.0819
2022,NSW,Males,Total,Ute,72800.0,54553.0,1.3345
2022,NSW,Males,Total,Wagon,72800.0,59772.0,1.218
2022,NSW,Persons,Full-time,Hatchback,78000.0,31183.0,2.5014
2022,NSW,Persons,Full-time,SUV,78000.0,47729.0,1.6342
2022,NSW,Persons,Full-time,Sedan,78000.0,67291.0,1.1592
2022,NSW,Persons,Full-time,Ute,78000.0,54553.0,1.4298
2022,NSW,Persons,Full-time,Wagon,78000.0,59772.0,1.305
2022,NSW,Persons,Part-time,Hatchback,32370.0,31183.0,1.0381
2022,NSW,Persons,Part-time,SUV,32370.0,47729.0,0.6782
2022,NSW,Persons,Part-time,Sedan,32370.0,67291.0,0.481
2022,NSW,Persons,Part-time,Ute,32370.0,54553.0,0.5934
2022,NSW,Persons,Part-time,Wagon,32370.0,59772.0,0.5416
2022,NSW,Persons,Total,Hatchback,64823.0,31183.0,2.0788
2022,NSW,Persons,Total,SUV,64823.0,47729.0,1.3582
2022,NSW,Persons,Total,Sedan,64823.0,67291.0,0.9633
2022,NSW,Persons,Total,Ute,64823.0,54553.0,1.1883
2022,NSW,Persons,Total,Wagon,64823.0,59772.0,1.0845
2022,NT,Females,Full-time,Hatchback,78000.0,32415.0,2.4063
2022,NT,Females,Full-time,SUV,78000.0,49614.0,1.5721
2022,NT,Females,Full-time,Sedan,78000.0,69949.0,1.1151
2022,NT,Females,Full-time,Ute,78000.0,56708.0,1.3755
2022,NT,Females,Full-time,Wagon,78000.0,62133.0,1.2554
2022,NT,Females,Part-time,Hatchback,39000.0,32415.0,1.2032
2022,NT,Females,Part-time,SUV,39000.0,49614.0,0.7861
2022,NT,Females,Part-time,Sedan,39000.0,69949.0,0.5575
2022,NT,Females,Part-time,Ute,39000.0,56708.0,0.6877
2022,NT,Females,Part-time,Wagon,39000.0,62133.0,0.6277
2022,NT,Females,Total,Hatchback,64080.0,32415.0,1.9769
2022,NT,Females,Total,SUV,64080.0,49614.0,1.2916
2022,NT,Females,Total,Sedan,64080.0,69949.0,0.9161
2022,NT,Females,Total,Ute,64080.0,56708.0,1.13
2022,NT,Females,Total,Wagon,64080.0,62133.0,1.0313
2022,NT,Males,Full-time,Hatchback,88941.0,32415.0,2.7438
2022,NT,Males,Full-time,SUV,88941.0,49614.0,1.7926
2022,NT,Males,Full-time,Sedan,88941.0,69949.0,1.2715
2022,NT,Males,Full-time,Ute,88941.0,56708.0,1.5684
2022,NT,Males,Full-time,Wagon,88941.0,62133.0,1.4315
2022,NT,Males,Part-time,Hatchback,28012.0,32415.0,0.8642
2022,NT,Males,Part-time,SUV,28012.0,49614.0,0.5646
2022,NT,Males,Part-time,Sedan,28012.0,69949.0,0.4005
2022,NT,Males,Part-time,Ute,28012.0,56708.0,0.494
2022,NT,Males,Part-time,Wagon,28012.0,62133.0,0.4508
2022,NT,Males,Total,Hatchback,78000.0,32415.0,2.4063
2022,NT,Males,Total,SUV,78000.0,49614.0,1.5721
2022,NT,Males,Total,Sedan,78000.0,69949.0,1.1151
2022,NT,Males,Total,Ute,78000.0,56708.0,1.3755
2022,NT,Males,Total,Wagon,78000.0,62133.0,1.2554
2022,NT,Persons,Full-time,Hatchback,82014.0,32415.0,2.5302
2022,NT,Persons,Full-time,SUV,82014.0,49614.0,1.653
2022,NT,Persons,Full-time,Sedan,82014.0,69949.0,1.1725
2022,NT,Persons,Full-time,Ute,82014.0,56708.0,1.4463
2022,NT,Persons,Full-time,Wagon,82014.0,62133.0,1.32
2022,NT,Persons,Part-time,Hatchback,36124.0,32415.0,1.1144
2022,NT,Persons,Part-time,SUV,36124.0,49614.0,0.7281
2022,NT,Persons,Part-time,Sedan,36124.0,69949.0,0.5164
2022,NT,Persons,Part-time,Ute,36124.0,56708.0,0.637
2022,NT,Persons,Part-time,Wagon,36124.0,62133.0,0.5814
2022,NT,Persons,Total,Hatchback,71672.0,32415.0,2.2111
2022,NT,Persons,Total,SUV,71672.0,49614.0,1.4446
2022,NT,Persons,Total,Sedan,71672.0,69949.0,1.0246
2022,NT,Persons,Total,Ute,71672.0,56708.0,1.2639
2022,NT,Persons,Total,Wagon,71672.0,62133.0,1.1535
2022,QLD,Females,Full-time,Hatchback,73091.0,30758.0,2.3763
2022,QLD,Females,Full-time,SUV,73091.0,47079.0,1.5525
2022,QLD,Females,Full-time,Sedan,73091.0,66375.0,1.1012
2022,QLD,Females,Full-time,Ute,73091.0,53811.0,1.3583
2022,QLD,Females,Full-time,Wagon,73091.0,58959.0,1.2397
2022,QLD,Females,Part-time,Hatchback,33244.0,30758.0,1.0808
2022,QLD,Females,Part-time,SUV,33244.0,47079.0,0.7061
2022,QLD,Females,Part-time,Sedan,33244.0,66375.0,0.5008
2022,QLD,Females,Part-time,Ute,33244.0,53811.0,0.6178
2022,QLD,Females,Part-time,Wagon,33244.0,58959.0,0.5638
2022,QLD,Females,Total,Hatchback,56888.0,30758.0,1.8495
2022,QLD,Females,Total,SUV,56888.0,47079.0,1.2083
2022,QLD,Females,Total,Sedan,56888.0,66375.0,0.8571
2022,QLD,Females,Total,Ute,56888.0,53811.0,1.0572
2022,QLD,Females,Total,Wagon,56888.0,58959.0,0.9649
2022,QLD,Males,Full-time,Hatchback,80714.0,30758.0,2.6241
2022,QLD,Males,Full-time,SUV,80714.0,47079.0,1.7144
2022,QLD,Males,Full-time,Sedan,80714.0,66375.0,1.216
2022,QLD,Males,Full-time,Ute,80714.0,53811.0,1.5
2022,QLD,Males,Full-time,Wagon,80714.0,58959.0,1.369
2022,QLD,Males,Part-time,Hatchback,27612.0,30758.0,0.8977
2022,QLD,Males,Part-time,SUV,27612.0,47079.0,0.5865
2022,QLD,Males,Part-time,Sedan,27612.0,66375.0,0.416
2022,QLD,Males,Part-time,Ute,27612.0,53811.0,0.5131
2022,QLD,Males,Part-time,Wagon,27612.0,58959.0,0.4683
2022,QLD,Males,Total,Hatchback,72748.0,30758.0,2.3651
2022,QLD,Males,Total,SUV,72748.0,47079.0,1.5452
2022,QLD,Males,Total,Sedan,72748.0,66375.0,1.096
2022,QLD,Males,Total,Ute,72748.0,53811.0,1.3519
2022,QLD,Males,Total,Wagon,72748.0,58959.0,1.2339
2022,QLD,Persons,Full-time,Hatchback,78000.0,30758.0,2.5359
2022,QLD,Persons,Full-time,SUV,78000.0,47079.0,1.6568
2022,QLD,Persons,Full-time,Sedan,78000.0,66375.0,1.1751
2022,QLD,Persons,Full-time,Ute,78000.0,53811.0,1.4495
2022,QLD,Persons,Full-time,Wagon,78000.0,58959.0,1.323
2022,QLD,Persons,Part-time,Hatchback,32396.0,30758.0,1.0532
2022,QLD,Persons,Part-time,SUV,32396.0,47079.0,0.6881
2022,QLD,Persons,Part-time,Sedan,32396.0,66375.0,0.4881
2022,QLD,Persons,Part-time,Ute,32396.0,53811.0,0.602
2022,QLD,Persons,Part-time,Wagon,32396.0,58959.0,0.5495
2022,QLD,Persons,Total,Hatchback,63190.0,30758.0,2.0544
2022,QLD,Persons,Total,SUV,63190.0,47079.0,1.3422
2022,QLD,Persons,Total,Sedan,63190.0,66375.0,0.952
2022,QLD,Persons,Total,Ute,63190.0,53811.0,1.1743
2022,QLD,Persons,Total,Wagon,63190.0,58959.0,1.0718
2022,SA,Females,Full-time,Hatchback,69202.0,30773.0,2.2488
2022,SA,Females,Full-time,SUV,69202.0,47101.0,1.4692
2022,SA,Females,Full-time,Sedan,69202.0,66406.0,1.0421
2022,SA,Females,Full-time,Ute,69202.0,53836.0,1.2854
2022,SA,Females,Full-time,Wagon,69202.0,58986.0,1.1732
2022,SA,Females,Part-time,Hatchback,34481.0,30773.0,1.1205
2022,SA,Females,Part-time,SUV,34481.0,47101.0,0.7321
2022,SA,Females,Part-time,Sedan,34481.0,66406.0,0.5192
2022,SA,Females,Part-time,Ute,34481.0,53836.0,0.6405
2022,SA,Females,Part-time,Wagon,34481.0,58986.0,0.5846
2022,SA,Females,Total,Hatchback,52000.0,30773.0,1.6898
2022,SA,Females,Total,SUV,52000.0,47101.0,1.104
2022,SA,Females,Total,Sedan,52000.0,66406.0,0.7831
2022,SA,Females,Total,Ute,52000.0,53836.0,0.9659
2022,SA,Females,Total,Wagon,52000.0,58986.0,0.8816
2022,SA,Males,Full-time,Hatchback,73840.0,30773.0,2.3995
2022,SA,Males,Full-time,SUV,73840.0,47101.0,1.5677
2022,SA,Males,Full-time,Sedan,73840.0,66406.0,1.112
2022,SA,Males,Full-time,Ute,73840.0,53836.0,1.3716
2022,SA,Males,Full-time,Wagon,73840.0,58986.0,1.2518
2022,SA,Males,Part-time,Hatchback,26208.0,30773.0,0.8517
2022,SA,Males,Part-time,SUV,26208.0,47101.0,0.5564
2022,SA,Males,Part-time,Sedan,26208.0,66406.0,0.3947
2022,SA,Males,Part-time,Ute,26208.0,53836.0,0.4868
2022,SA,Males,Part-time,Wagon,26208.0,58986.0,0.4443
2022,SA,Males,Total,Hatchback,66383.0,30773.0,2.1572
2022,SA,Males,Total,SUV,66383.0,47101.0,1.4094
2022,SA,Males,Total,Sedan,66383.0,66406.0,0.9997
2022,SA,Males,Total,Ute,66383.0,53836.0,1.2331
2022,SA,Males,Total,Wagon,66383.0,58986.0,1.1254
2022,SA,Persons,Full-time,Hatchback,72800.0,30773.0,2.3657
2022,SA,Persons,Full-time,SUV,72800.0,47101.0,1.5456
2022,SA,Persons,Full-time,Sedan,72800.0,66406.0,1.0963
2022,SA,Persons,Full-time,Ute,72800.0,53836.0,1.3523
2022,SA,Persons,Full-time,Wagon,72800.0,58986.0,1.2342
2022,SA,Persons,Part-time,Hatchback,32282.0,30773.0,1.049
2022,SA,Persons,Part-time,SUV,32282.0,47101.0,0.6854
2022,SA,Persons,Part-time,Sedan,32282.0,66406.0,0.4861
2022,SA,Persons,Part-time,Ute,32282.0,53836.0,0.5996
2022,SA,Persons,Part-time,Wagon,32282.0,58986.0,0.5473
2022,SA,Persons,Total,Hatchback,58578.0,30773.0,1.9036
2022,SA,Persons,Total,SUV,58578.0,47101.0,1.2437
2022,SA,Persons,Total,Sedan,58578.0,66406.0,0.8821
2022,SA,Persons,Total,Ute,58578.0,53836.0,1.0881
2022,SA,Persons,Total,Wagon,58578.0,58986.0,0.9931
2022,TAS,Females,Full-time,Hatchback,67792.0,30418.0,2.2287
2022,TAS,Females,Full-time,SUV,67792.0,46559.0,1.4561
2022,TAS,Females,Full-time,Sedan,67792.0,65641.0,1.0328
2022,TAS,Females,Full-time,Ute,67792.0,53216.0,1.2739
2022,TAS,Females,Full-time,Wagon,67792.0,58307.0,1.1627
2022,TAS,Females,Part-time,Hatchback,32557.0,30418.0,1.0703
2022,TAS,Females,Part-time,SUV,32557.0,46559.0,0.6993
2022,TAS,Females,Part-time,Sedan,32557.0,65641.0,0.496
2022,TAS,Females,Part-time,Ute,32557.0,53216.0,0.6118
2022,TAS,Females,Part-time,Wagon,32557.0,58307.0,0.5584
2022,TAS,Females,Total,Hatchback,49608.0,30418.0,1.6309
2022,TAS,Females,Total,SUV,49608.0,46559.0,1.0655
2022,TAS,Females,Total,Sedan,49608.0,65641.0,0.7557
2022,TAS,Females,Total,Ute,49608.0,53216.0,0.9322
2022,TAS,Females,Total,Wagon,49608.0,58307.0,0.8508
2022,TAS,Males,Full-time,Hatchback,73356.0,30418.0,2.4116
2022,TAS,Males,Full-time,SUV,73356.0,46559.0,1.5756
2022,TAS,Males,Full-time,Sedan,73356.0,65641.0,1.1175
2022,TAS,Males,Full-time,Ute,73356.0,53216.0,1.3785
2022,TAS,Males,Full-time,Wagon,73356.0,58307.0,1.2581
2022,TAS,Males,Part-time,Hatchback,27388.0,30418.0,0.9004
2022,TAS,Males,Part-time,SUV,27388.0,46559.0,0.5883
2022,TAS,Males,Part-time,Sedan,27388.0,65641.0,0.4172
2022,TAS,Males,Part-time,Ute,27388.0,53216.0,0.5147
2022,TAS,Males,Part-time,Wagon,27388.0,58307.0,0.4697
2022,TAS,Males,Total,Hatchback,63799.0,30418.0,2.0974
2022,TAS,Males,Total,SUV,63799.0,46559.0,1.3703
2022,TAS,Males,Total,Sedan,63799.0,65641.0,0.9719
2022,TAS,Males,Total,Ute,63799.0,53216.0,1.1989
2022,TAS,Males,Total,Wagon,63799.0,58307.0,1.0942
2022,TAS,Persons,Full-time,Hatchback,70460.0,30418.0,2.3164
2022,TAS,Persons,Full-time,SUV,70460.0,46559.0,1.5134
2022,TAS,Persons,Full-time,Sedan,70460.0,65641.0,1.0734
2022,TAS,Persons,Full-time,Ute,70460.0,53216.0,1.324
2022,TAS,Persons,Full-time,Wagon,70460.0,58307.0,1.2084
2022,TAS,Persons,Part-time,Hatchback,31247.0,30418.0,1.0272
2022,TAS,Persons,Part-time,SUV,31247.0,46559.0,0.6711
2022,TAS,Persons,Part-time,Sedan,31247.0,65641.0,0.476
2022,TAS,Persons,Part-time,Ute,31247.0,53216.0,0.5872
2022,TAS,Persons,Part-time,Wagon,31247.0,58307.0,0.5359
2022,TAS,Persons,Total,Hatchback,56467.0,30418.0,1.8563
2022,TAS,Persons,Total,SUV,56467.0,46559.0,1.2128
2022,TAS,Persons,Total,Sedan,56467.0,65641.0,0.8602
2022,TAS,Persons,Total,Ute,56467.0,53216.0,1.0611
2022,TAS,Persons,Total,Wagon,56467.0,58307.0,0.9684
2022,VIC,Females,Full-time,Hatchback,77459.0,32624.0,2.3743
2022,VIC,Females,Full-time,SUV,77459.0,49935.0,1.5512
2022,VIC,Females,Full-time,Sedan,77459.0,70402.0,1.1002
2022,VIC,Females,Full-time,Ute,77459.0,57075.0,1.3571
2022,VIC,Females,Full-time,Wagon,77459.0,62535.0,1.2387
2022,VIC,Females,Part-time,Hatchback,35048.0,32624.0,1.0743
2022,VIC,Females,Part-time,SUV,35048.0,49935.0,0.7019
2022,VIC,Females,Part-time,Sedan,35048.0,70402.0,0.4978
2022,VIC,Females,Part-time,Ute,35048.0,57075.0,0.6141
2022,VIC,Females,Part-time,Wagon,35048.0,62535.0,0.5605
2022,VIC,Females,Total,Hatchback,57408.0,32624.0,1.7597
2022,VIC,Females,Total,SUV,57408.0,49935.0,1.1496
2022,VIC,Females,Total,Sedan,57408.0,70402.0,0.8154
2022,VIC,Females,Total,Ute,57408.0,57075.0,1.0058
2022,VIC,Females,Total,Wagon,57408.0,62535.0,0.918
2022,VIC,Males,Full-time,Hatchback,81973.0,32624.0,2.5126
2022,VIC,Males,Full-time,SUV,81973.0,49935.0,1.6416
2022,VIC,Males,Full-time,Sedan,81973.0,70402.0,1.1644
2022,VIC,Males,Full-time,Ute,81973.0,57075.0,1.4362
2022,VIC,Males,Full-time,Wagon,81973.0,62535.0,1.3108
2022,VIC,Males,Part-time,Hatchback,26416.0,32624.0,0.8097
2022,VIC,Males,Part-time,SUV,26416.0,49935.0,0.529
2022,VIC,Males,Part-time,Sedan,26416.0,70402.0,0.3752
2022,VIC,Males,Part-time,Ute,26416.0,57075.0,0.4628
2022,VIC,Males,Part-time,Wagon,26416.0,62535.0,0.4224
2022,VIC,Males,Total,Hatchback,72800.0,32624.0,2.2315
2022,VIC,Males,Total,SUV,72800.0,49935.0,1.4579
2022,VIC,Males,Total,Sedan,72800.0,70402.0,1.0341
2022,VIC,Males,Total,Ute,72800.0,57075.0,1.2755
2022,VIC,Males,Total,Wagon,72800.0,62535.0,1.1641
2022,VIC,Persons,Full-time,Hatchback,79316.0,32624.0,2.4312
2022,VIC,Persons,Full-time,SUV,79316.0,49935.0,1.5884
2022,VIC,Persons,Full-time,Sedan,79316.0,70402.0,1.1266
2022,VIC,Persons,Full-time,Ute,79316.0,57075.0,1.3897
2022,VIC,Persons,Full-time,Wagon,79316.0,62535.0,1.2683
2022,VIC,Persons,Part-time,Hatchback,31824.0,32624.0,0.9755
2022,VIC,Persons,Part-time,SUV,31824.0,49935.0,0.6373
2022,VIC,Persons,Part-time,Sedan,31824.0,70402.0,0.452
2022,VIC,Persons,Part-time,Ute,31824.0,57075.0,0.5576
2022,VIC,Persons,Part-time,Wagon,31824.0,62535.0,0.5089
2022,VIC,Persons,Total,Hatchback,65000.0,32624.0,1.9924
2022,VIC,Persons,Total,SUV,65000.0,49935.0,1.3017
2022,VIC,Persons,Total,Sedan,65000.0,70402.0,0.9233
2022,VIC,Persons,Total,Ute,65000.0,57075.0,1.1389
2022,VIC,Persons,Total,Wagon,65000.0,62535.0,1.0394
2022,WA,Females,Full-time,Hatchback,72800.0,32009.0,2.2744
2022,WA,Females,Full-time,SUV,72800.0,48993.0,1.4859
2022,WA,Females,Full-time,Sedan,72800.0,69073.0,1.054
2022,WA,Females,Full-time,Ute,72800.0,55998.0,1.3001
2022,WA,Females,Full-time,Wagon,72800.0,61355.0,1.1865
2022,WA,Females,Part-time,Hatchback,32354.0,32009.0,1.0108
2022,WA,Females,Part-time,SUV,32354.0,48993.0,0.6604
2022,WA,Females,Part-time,Sedan,32354.0,69073.0,0.4684
2022,WA,Females,Part-time,Ute,32354.0,55998.0,0.5778
2022,WA,Females,Part-time,Wagon,32354.0,61355.0,0.5273
2022,WA,Females,Total,Hatchback,54600.0,32009.0,1.7058
2022,WA,Females,Total,SUV,54600.0,48993.0,1.1145
2022,WA,Females,Total,Sedan,54600.0,69073.0,0.7905
2022,WA,Females,Total,Ute,54600.0,55998.0,0.975
2022,WA,Females,Total,Wagon,54600.0,61355.0,0.8899
2022,WA,Males,Full-time,Hatchback,99570.0,32009.0,3.1107
2022,WA,Males,Full-time,SUV,99570.0,48993.0,2.0323
2022,WA,Males,Full-time,Sedan,99570.0,69073.0,1.4415
2022,WA,Males,Full-time,Ute,99570.0,55998.0,1.7781
2022,WA,Males,Full-time,Wagon,99570.0,61355.0,1.6228
2022,WA,Males,Part-time,Hatchback,26000.0,32009.0,0.8123
2022,WA,Males,Part-time,SUV,26000.0,48993.0,0.5307
2022,WA,Males,Part-time,Sedan,26000.0,69073.0,0.3764
2022,WA,Males,Part-time,Ute,26000.0,55998.0,0.4643
2022,WA,Males,Part-time,Wagon,26000.0,61355.0,0.4238
2022,WA,Males,Total,Hatchback,85800.0,32009.0,2.6805
2022,WA,Males,Total,SUV,85800.0,48993.0,1.7513
2022,WA,Males,Total,Sedan,85800.0,69073.0,1.2422
2022,WA,Males,Total,Ute,85800.0,55998.0,1.5322
2022,WA,Males,Total,Wagon,85800.0,61355.0,1.3984
2022,WA,Persons,Full-time,Hatchback,85748.0,32009.0,2.6789
2022,WA,Persons,Full-time,SUV,85748.0,48993.0,1.7502
2022,WA,Persons,Full-time,Sedan,85748.0,69073.0,1.2414
2022,WA,Persons,Full-time,Ute,85748.0,55998.0,1.5313
2022,WA,Persons,Full-time,Wagon,85748.0,61355.0,1.3976
2022,WA,Persons,Part-time,Hatchback,31200.0,32009.0,0.9747
2022,WA,Persons,Part-time,SUV,31200.0,48993.0,0.6368
2022,WA,Persons,Part-time,Sedan,31200.0,69073.0,0.4517
2022,WA,Persons,Part-time,Ute,31200.0,55998.0,0.5572
2022,WA,Persons,Part-time,Wagon,31200.0,61355.0,0.5085
2022,WA,Persons,Total,Hatchback,67647.0,32009.0,2.1134
2022,WA,Persons,Total,SUV,67647.0,48993.0,1.3808
2022,WA,Persons,Total,Sedan,67647.0,69073.0,0.9794
2022,WA,Persons,Total,Ute,67647.0,55998.0,1.208
2022,WA,Persons,Total,Wagon,67647.0,61355.0,1.1026
2023,ACT,Females,Full-time,Hatchback,89752.0,31435.0,2.8552
2023,ACT,Females,Full-time,SUV,89752.0,48115.0,1.8654
2023,ACT,Females,Full-time,Sedan,89752.0,67835.0,1.3231
2023,ACT,Females,Full-time,Ute,89752.0,54994.0,1.632
2023,ACT,Females,Full-time,Wagon,89752.0,60255.0,1.4895
2023,ACT,Females,Part-time,Hatchback,36400.0,31435.0,1.158
2023,ACT,Females,Part-time,SUV,36400.0,48115.0,0.7565
2023,ACT,Females,Part-time,Sedan,36400.0,67835.0,0.5366
2023,ACT,Females,Part-time,Ute,36400.0,54994.0,0.6619
2023,ACT,Females,Part-time,Wagon,36400.0,60255.0,0.6041
2023,ACT,Females,Total,Hatchback,79768.0,31435.0,2.5376
2023,ACT,Females,Total,SUV,79768.0,48115.0,1.6579
2023,ACT,Females,Total,Sedan,79768.0,67835.0,1.1759
2023,ACT,Females,Total,Ute,79768.0,54994.0,1.4505
2023,ACT,Females,Total,Wagon,79768.0,60255.0,1.3238
2023,ACT,Males,Full-time,Hatchback,92435.0,31435.0,2.9405
2023,ACT,Males,Full-time,SUV,92435.0,48115.0,1.9211
2023,ACT,Males,Full-time,Sedan,92435.0,67835.0,1.3627
2023,ACT,Males,Full-time,Ute,92435.0,54994.0,1.6808
2023,ACT,Males,Full-time,Wagon,92435.0,60255.0,1.5341
2023,ACT,Males,Part-time,Hatchback,21632.0,31435.0,0.6882
2023,ACT,Males,Part-time,SUV,21632.0,48115.0,0.4496
2023,ACT,Males,Part-time,Sedan,21632.0,67835.0,0.3189
2023,ACT,Males,Part-time,Ute,21632.0,54994.0,0.3934
2023,ACT,Males,Part-time,Wagon,21632.0,60255.0,0.359
2023,ACT,Males,Total,Hatchback,84516.0,31435.0,2.6886
2023,ACT,Males,Total,SUV,84516.0,48115.0,1.7565
2023,ACT,Males,Total,Sedan,84516.0,67835.0,1.2459
2023,ACT,Males,Total,Ute,84516.0,54994.0,1.5368
2023,ACT,Males,Total,Wagon,84516.0,60255.0,1.4026
2023,ACT,Persons,Full-time,Hatchback,91000.0,31435.0,2.8949
2023,ACT,Persons,Full-time,SUV,91000.0,48115.0,1.8913
2023,ACT,Persons,Full-time,Sedan,91000.0,67835.0,1.3415
2023,ACT,Persons,Full-time,Ute,91000.0,54994.0,1.6547
2023,ACT,Persons,Full-time,Wagon,91000.0,60255.0,1.5102
2023,ACT,Persons,Part-time,Hatchback,32781.0,31435.0,1.0428
2023,ACT,Persons,Part-time,SUV,32781.0,48115.0,0.6813
2023,ACT,Persons,Part-time,Sedan,32781.0,67835.0,0.4832
2023,ACT,Persons,Part-time,Ute,32781.0,54994.0,0.5961
2023,ACT,Persons,Part-time,Wagon,32781.0,60255.0,0.544
2023,ACT,Persons,Total,Hatchback,82014.0,31435.0,2.609
2023,ACT,Persons,Total,SUV,82014.0,48115.0,1.7046
2023,ACT,Persons,Total,Sedan,82014.0,67835.0,1.209
2023,ACT,Persons,Total,Ute,82014.0,54994.0,1.4913
2023,ACT,Persons,Total,Wagon,82014.0,60255.0,1.3611
2023,AUS,Females,Full-time,Hatchback,78000.0,32340.0,2.4119
2023,AUS,Females,Full-time,SUV,78000.0,49500.0,1.5758
2023,AUS,Females,Full-time,Sedan,78000.0,69788.0,1.1177
2023,AUS,Females,Full-time,Ute,78000.0,56578.0,1.3786
2023,AUS,Females,Full-time,Wagon,78000.0,61990.0,1.2583
2023,AUS,Females,Part-time,Hatchback,36400.0,32340.0,1.1255
2023,AUS,Females,Part-time,SUV,36400.0,49500.0,0.7354
2023,AUS,Females,Part-time,Sedan,36400.0,69788.0,0.5216
2023,AUS,Females,Part-time,Ute,36400.0,56578.0,0.6434
2023,AUS,Females,Part-time,Wagon,36400.0,61990.0,0.5872
2023,AUS,Females,Total,Hatchback,59800.0,32340.0,1.8491
2023,AUS,Females,Total,SUV,59800.0,49500.0,1.2081
2023,AUS,Females,Total,Sedan,59800.0,69788.0,0.8569
2023,AUS,Females,Total,Ute,59800.0,56578.0,1.057
2023,AUS,Females,Total,Wagon,59800.0,61990.0,0.9647
2023,AUS,Males,Full-time,Hatchback,88400.0,32340.0,2.7335
2023,AUS,Males,Full-time,SUV,88400.0,49500.0,1.7859
2023,AUS,Males,Full-time,Sedan,88400.0,69788.0,1.2667
2023,AUS,Males,Full-time,Ute,88400.0,56578.0,1.5625
2023,AUS,Males,Full-time,Wagon,88400.0,61990.0,1.426
2023,AUS,Males,Part-time,Hatchback,31200.0,32340.0,0.9647
2023,AUS,Males,Part-time,SUV,31200.0,49500.0,0.6303
2023,AUS,Males,Part-time,Sedan,31200.0,69788.0,0.4471
2023,AUS,Males,Part-time,Ute,31200.0,56578.0,0.5515
2023,AUS,Males,Part-time,Wagon,31200.0,61990.0,0.5033
2023,AUS,Males,Total,Hatchback,78000.0,32340.0,2.4119
2023,AUS,Males,Total,SUV,78000.0,49500.0,1.5758
2023,AUS,Males,Total,Sedan,78000.0,69788.0,1.1177
2023,AUS,Males,Total,Ute,78000.0,56578.0,1.3786
2023,AUS,Males,Total,Wagon,78000.0,61990.0,1.2583
2023,AUS,Persons,Full-time,Hatchback,83200.0,32340.0,2.5727
2023,AUS,Persons,Full-time,SUV,83200.0,49500.0,1.6808
2023,AUS,Persons,Full-time,Sedan,83200.0,69788.0,1.1922
2023,AUS,Persons,Full-time,Ute,83200.0,56578.0,1.4705
2023,AUS,Persons,Full-time,Wagon,83200.0,61990.0,1.3422
2023,AUS,Persons,Part-time,Hatchback,34164.0,32340.0,1.0564
2023,AUS,Persons,Part-time,SUV,34164.0,49500.0,0.6902
2023,AUS,Persons,Part-time,Sedan,34164.0,69788.0,0.4895
2023,AUS,Persons,Part-time,Ute,34164.0,56578.0,0.6038
2023,AUS,Persons,Part-time,Wagon,34164.0,61990.0,0.5511
2023,AUS,Persons,Total,Hatchback,67600.0,32340.0,2.0903
2023,AUS,Persons,Total,SUV,67600.0,49500.0,1.3657
2023,AUS,Persons,Total,Sedan,67600.0,69788.0,0.9686
2023,AUS,Persons,Total,Ute,67600.0,56578.0,1.1948
2023,AUS,Persons,Total,Wagon,67600.0,61990.0,1.0905
2023,NSW,Females,Full-time,Hatchback,79976.0,32340.0,2.473
2023,NSW,Females,Full-time,SUV,79976.0,49500.0,1.6157
2023,NSW,Females,Full-time,Sedan,79976.0,69788.0,1.146
2023,NSW,Females,Full-time,Ute,79976.0,56578.0,1.4136
2023,NSW,Females,Full-time,Wagon,79976.0,61990.0,1.2901
2023,NSW,Females,Part-time,Hatchback,34460.0,32340.0,1.0656
2023,NSW,Females,Part-time,SUV,34460.0,49500.0,0.6962
2023,NSW,Females,Part-time,Sedan,34460.0,69788.0,0.4938
2023,NSW,Females,Part-time,Ute,34460.0,56578.0,0.6091
2023,NSW,Females,Part-time,Wagon,34460.0,61990.0,0.5559
2023,NSW,Females,Total,Hatchback,62348.0,32340.0,1.9279
2023,NSW,Females,Total,SUV,62348.0,49500.0,1.2596
2023,NSW,Females,Total,Sedan,62348.0,69788.0,0.8934
2023,NSW,Females,Total,Ute,62348.0,56578.0,1.102
2023,NSW,Females,Total,Wagon,62348.0,61990.0,1.0058
2023,NSW,Males,Full-time,Hatchback,88400.0,32340.0,2.7335
2023,NSW,Males,Full-time,SUV,88400.0,49500.0,1.7859
2023,NSW,Males,Full-time,Sedan,88400.0,69788.0,1.2667
2023,NSW,Males,Full-time,Ute,88400.0,56578.0,1.5625
2023,NSW,Males,Full-time,Wagon,88400.0,61990.0,1.426
2023,NSW,Males,Part-time,Hatchback,31200.0,32340.0,0.9647
2023,NSW,Males,Part-time,SUV,31200.0,49500.0,0.6303
2023,NSW,Males,Part-time,Sedan,31200.0,69788.0,0.4471
2023,NSW,Males,Part-time,Ute,31200.0,56578.0,0.5515
2023,NSW,Males,Part-time,Wagon,31200.0,61990.0,0.5033
2023,NSW,Males,Total,Hatchback,78000.0,32340.0,2.4119
2023,NSW,Males,Total,SUV,78000.0,49500.0,1.5758
2023,NSW,Males,Total,Sedan,78000.0,69788.0,1.1177
2023,NSW,Males,Total,Ute,78000.0,56578.0,1.3786
2023,NSW,Males,Total,Wagon,78000.0,61990.0,1.2583
2023,NSW,Persons,Full-time,Hatchback,84360.0,32340.0,2.6085
2023,NSW,Persons,Full-time,SUV,84360.0,49500.0,1.7042
2023,NSW,Persons,Full-time,Sedan,84360.0,69788.0,1.2088
2023,NSW,Persons,Full-time,Ute,84360.0,56578.0,1.491
2023,NSW,Persons,Full-time,Wagon,84360.0,61990.0,1.3609
2023,NSW,Persons,Part-time,Hatchback,33800.0,32340.0,1.0451
2023,NSW,Persons,Part-time,SUV,33800.0,49500.0,0.6828
2023,NSW,Persons,Part-time,Sedan,33800.0,69788.0,0.4843
2023,NSW,Persons,Part-time,Ute,33800.0,56578.0,0.5974
2023,NSW,Persons,Part-time,Wagon,33800.0,61990.0,0.5452
2023,NSW,Persons,Total,Hatchback,69940.0,32340.0,2.1626
2023,NSW,Persons,Total,SUV,69940.0,49500.0,1.4129
2023,NSW,Persons,Total,Sedan,69940.0,69788.0,1.0022
2023,NSW,Persons,Total,Ute,69940.0,56578.0,1.2362
2023,NSW,Persons,Total,Wagon,69940.0,61990.0,1.1282
2023,NT,Females,Full-time,Hatchback,75390.0,33618.0,2.2426
2023,NT,Females,Full-time,SUV,75390.0,51456.0,1.4651
2023,NT,Females,Full-time,Sedan,75390.0,72545.0,1.0392
2023,NT,Females,Full-time,Ute,75390.0,58813.0,1.2819
2023,NT,Females,Full-time,Wagon,75390.0,64439.0,1.1699
2023,NT,Females,Part-time,Hatchback,36400.0,33618.0,1.0828
2023,NT,Females,Part-time,SUV,36400.0,51456.0,0.7074
2023,NT,Females,Part-time,Sedan,36400.0,72545.0,0.5018
2023,NT,Females,Part-time,Ute,36400.0,58813.0,0.6189
2023,NT,Females,Part-time,Wagon,36400.0,64439.0,0.5649
2023,NT,Females,Total,Hatchback,65000.0,33618.0,1.9335
2023,NT,Females,Total,SUV,65000.0,51456.0,1.2632
2023,NT,Females,Total,Sedan,65000.0,72545.0,0.896
2023,NT,Females,Total,Ute,65000.0,58813.0,1.1052
2023,NT,Females,Total,Wagon,65000.0,64439.0,1.0087
2023,NT,Males,Full-time,Hatchback,91000.0,33618.0,2.7069
2023,NT,Males,Full-time,SUV,91000.0,51456.0,1.7685
2023,NT,Males,Full-time,Sedan,91000.0,72545.0,1.2544
2023,NT,Males,Full-time,Ute,91000.0,58813.0,1.5473
2023,NT,Males,Full-time,Wagon,91000.0,64439.0,1.4122
2023,NT,Males,Part-time,Hatchback,35506.0,33618.0,1.0562
2023,NT,Males,Part-time,SUV,35506.0,51456.0,0.69
2023,NT,Males,Part-time,Sedan,35506.0,72545.0,0.4894
2023,NT,Males,Part-time,Ute,35506.0,58813.0,0.6037
2023,NT,Males,Part-time,Wagon,35506.0,64439.0,0.551
2023,NT,Males,Total,Hatchback,83200.0,33618.0,2.4749
2023,NT,Males,Total,SUV,83200.0,51456.0,1.6169
2023,NT,Males,Total,Sedan,83200.0,72545.0,1.1469
2023,NT,Males,Total,Ute,83200.0,58813.0,1.4147
2023,NT,Males,Total,Wagon,83200.0,64439.0,1.2911
2023,NT,Persons,Full-time,Hatchback,82519.0,33618.0,2.4546
2023,NT,Persons,Full-time,SUV,82519.0,51456.0,1.6037
2023,NT,Persons,Full-time,Sedan,82519.0,72545.0,1.1375
2023,NT,Persons,Full-time,Ute,82519.0,58813.0,1.4031
2023,NT,Persons,Full-time,Wagon,82519.0,64439.0,1.2806
2023,NT,Persons,Part-time,Hatchback,36400.0,33618.0,1.0828
2023,NT,Persons,Part-time,SUV,36400.0,51456.0,0.7074
2023,NT,Persons,Part-time,Sedan,36400.0,72545.0,0.5018
2023,NT,Persons,Part-time,Ute,36400.0,58813.0,0.6189
2023,NT,Persons,Part-time,Wagon,36400.0,64439.0,0.5649
2023,NT,Persons,Total,Hatchback,72836.0,33618.0,2.1666
2023,NT,Persons,Total,SUV,72836.0,51456.0,1.4155
2023,NT,Persons,Total,Sedan,72836.0,72545.0,1.004
2023,NT,Persons,Total,Ute,72836.0,58813.0,1.2384
2023,NT,Persons,Total,Wagon,72836.0,64439.0,1.1303
2023,QLD,Females,Full-time,Hatchback,74495.0,31900.0,2.3353
2023,QLD,Females,Full-time,SUV,74495.0,48827.0,1.5257
2023,QLD,Females,Full-time,Sedan,74495.0,68839.0,1.0822
2023,QLD,Females,Full-time,Ute,74495.0,55808.0,1.3349
2023,QLD,Females,Full-time,Wagon,74495.0,61147.0,1.2183
2023,QLD,Females,Part-time,Hatchback,37440.0,31900.0,1.1737
2023,QLD,Females,Part-time,SUV,37440.0,48827.0,0.7668
2023,QLD,Females,Part-time,Sedan,37440.0,68839.0,0.5439
2023,QLD,Females,Part-time,Ute,37440.0,55808.0,0.6709
2023,QLD,Females,Part-time,Wagon,37440.0,61147.0,0.6123
2023,QLD,Females,Total,Hatchback,59800.0,31900.0,1.8746
2023,QLD,Females,Total,SUV,59800.0,48827.0,1.2247
2023,QLD,Females,Total,Sedan,59800.0,68839.0,0.8687
2023,QLD,Females,Total,Ute,59800.0,55808.0,1.0715
2023,QLD,Females,Total,Wagon,59800.0,61147.0,0.978
2023,QLD,Males,Full-time,Hatchback,86320.0,31900.0,2.706
2023,QLD,Males,Full-time,SUV,86320.0,48827.0,1.7679
2023,QLD,Males,Full-time,Sedan,86320.0,68839.0,1.2539
2023,QLD,Males,Full-time,Ute,86320.0,55808.0,1.5467
2023,QLD,Males,Full-time,Wagon,86320.0,61147.0,1.4117
2023,QLD,Males,Part-time,Hatchback,30592.0,31900.0,0.959
2023,QLD,Males,Part-time,SUV,30592.0,48827.0,0.6265
2023,QLD,Males,Part-time,Sedan,30592.0,68839.0,0.4444
2023,QLD,Males,Part-time,Ute,30592.0,55808.0,0.5482
2023,QLD,Males,Part-time,Wagon,30592.0,61147.0,0.5003
2023,QLD,Males,Total,Hatchback,78000.0,31900.0,2.4451
2023,QLD,Males,Total,SUV,78000.0,48827.0,1.5975
2023,QLD,Males,Total,Sedan,78000.0,68839.0,1.1331
2023,QLD,Males,Total,Ute,78000.0,55808.0,1.3977
2023,QLD,Males,Total,Wagon,78000.0,61147.0,1.2756
2023,QLD,Persons,Full-time,Hatchback,80428.0,31900.0,2.5213
2023,QLD,Persons,Full-time,SUV,80428.0,48827.0,1.6472
2023,QLD,Persons,Full-time,Sedan,80428.0,68839.0,1.1684
2023,QLD,Persons,Full-time,Ute,80428.0,55808.0,1.4412
2023,QLD,Persons,Full-time,Wagon,80428.0,61147.0,1.3153
2023,QLD,Persons,Part-time,Hatchback,35521.0,31900.0,1.1135
2023,QLD,Persons,Part-time,SUV,35521.0,48827.0,0.7275
2023,QLD,Persons,Part-time,Sedan,35521.0,68839.0,0.516
2023,QLD,Persons,Part-time,Ute,35521.0,55808.0,0.6365
2023,QLD,Persons,Part-time,Wagon,35521.0,61147.0,0.5809
2023,QLD,Persons,Total,Hatchback,67600.0,31900.0,2.1191
2023,QLD,Persons,Total,SUV,67600.0,48827.0,1.3845
2023,QLD,Persons,Total,Sedan,67600.0,68839.0,0.982
2023,QLD,Persons,Total,Ute,67600.0,55808.0,1.2113
2023,QLD,Persons,Total,Wagon,67600.0,61147.0,1.1055
2023,SA,Females,Full-time,Hatchback,74188.0,31915.0,2.3246
2023,SA,Females,Full-time,SUV,74188.0,48849.0,1.5187
2023,SA,Females,Full-time,Sedan,74188.0,68870.0,1.0772
2023,SA,Females,Full-time,Ute,74188.0,55834.0,1.3287
2023,SA,Females,Full-time,Wagon,74188.0,61175.0,1.2127
2023,SA,Females,Part-time,Hatchback,36400.0,31915.0,1.1405
2023,SA,Females,Part-time,SUV,36400.0,48849.0,0.7452
2023,SA,Females,Part-time,Sedan,36400.0,68870.0,0.5285
2023,SA,Females,Part-time,Ute,36400.0,55834.0,0.6519
2023,SA,Females,Part-time,Wagon,36400.0,61175.0,0.595
2023,SA,Females,Total,Hatchback,55328.0,31915.0,1.7336
2023,SA,Females,Total,SUV,55328.0,48849.0,1.1326
2023,SA,Females,Total,Sedan,55328.0,68870.0,0.8034
2023,SA,Females,Total,Ute,55328.0,55834.0,0.9909
2023,SA,Females,Total,Wagon,55328.0,61175.0,0.9044
2023,SA,Males,Full-time,Hatchback,78837.0,31915.0,2.4702
2023,SA,Males,Full-time,SUV,78837.0,48849.0,1.6139
2023,SA,Males,Full-time,Sedan,78837.0,68870.0,1.1447
2023,SA,Males,Full-time,Ute,78837.0,55834.0,1.412
2023,SA,Males,Full-time,Wagon,78837.0,61175.0,1.2887
2023,SA,Males,Part-time,Hatchback,31642.0,31915.0,0.9915
2023,SA,Males,Part-time,SUV,31642.0,48849.0,0.6477
2023,SA,Males,Part-time,Sedan,31642.0,68870.0,0.4594
2023,SA,Males,Part-time,Ute,31642.0,55834.0,0.5667
2023,SA,Males,Part-time,Wagon,31642.0,61175.0,0.5172
2023,SA,Males,Total,Hatchback,71864.0,31915.0,2.2517
2023,SA,Males,Total,SUV,71864.0,48849.0,1.4711
2023,SA,Males,Total,Sedan,71864.0,68870.0,1.0435
2023,SA,Males,Total,Ute,71864.0,55834.0,1.2871
2023,SA,Males,Total,Wagon,71864.0,61175.0,1.1747
2023,SA,Persons,Full-time,Hatchback,78000.0,31915.0,2.444
2023,SA,Persons,Full-time,SUV,78000.0,48849.0,1.5968
2023,SA,Persons,Full-time,Sedan,78000.0,68870.0,1.1326
2023,SA,Persons,Full-time,Ute,78000.0,55834.0,1.397
2023,SA,Persons,Full-time,Wagon,78000.0,61175.0,1.275
2023,SA,Persons,Part-time,Hatchback,35365.0,31915.0,1.1081
2023,SA,Persons,Part-time,SUV,35365.0,48849.0,0.724
2023,SA,Persons,Part-time,Sedan,35365.0,68870.0,0.5135
2023,SA,Persons,Part-time,Ute,35365.0,55834.0,0.6334
2023,SA,Persons,Part-time,Wagon,35365.0,61175.0,0.5781
2023,SA,Persons,Total,Hatchback,62400.0,31915.0,1.9552
2023,SA,Persons,Total,SUV,62400.0,48849.0,1.2774
2023,SA,Persons,Total,Sedan,62400.0,68870.0,0.906
2023,SA,Persons,Total,Ute,62400.0,55834.0,1.1176
2023,SA,Persons,Total,Wagon,62400.0,61175.0,1.02
2023,TAS,Females,Full-time,Hatchback,76596.0,31547.0,2.428
2023,TAS,Females,Full-time,SUV,76596.0,48287.0,1.5863
2023,TAS,Females,Full-time,Sedan,76596.0,68078.0,1.1251
2023,TAS,Females,Full-time,Ute,76596.0,55191.0,1.3878
2023,TAS,Females,Full-time,Wagon,76596.0,60471.0,1.2667
2023,TAS,Females,Part-time,Hatchback,39000.0,31547.0,1.2362
2023,TAS,Females,Part-time,SUV,39000.0,48287.0,0.8077
2023,TAS,Females,Part-time,Sedan,39000.0,68078.0,0.5729
2023,TAS,Females,Part-time,Ute,39000.0,55191.0,0.7066
2023,TAS,Females,Part-time,Wagon,39000.0,60471.0,0.6449
2023,TAS,Females,Total,Hatchback,55952.0,31547.0,1.7736
2023,TAS,Females,Total,SUV,55952.0,48287.0,1.1587
2023,TAS,Females,Total,Sedan,55952.0,68078.0,0.8219
2023,TAS,Females,Total,Ute,55952.0,55191.0,1.0138
2023,TAS,Females,Total,Wagon,55952.0,60471.0,0.9253
2023,TAS,Males,Full-time,Hatchback,78000.0,31547.0,2.4725
2023,TAS,Males,Full-time,SUV,78000.0,48287.0,1.6153
2023,TAS,Males,Full-time,Sedan,78000.0,68078.0,1.1458
2023,TAS,Males,Full-time,Ute,78000.0,55191.0,1.4133
2023,TAS,Males,Full-time,Wagon,78000.0,60471.0,1.2899
2023,TAS,Males,Part-time,Hatchback,31054.0,31547.0,0.9844
2023,TAS,Males,Part-time,SUV,31054.0,48287.0,0.6431
2023,TAS,Males,Part-time,Sedan,31054.0,68078.0,0.4562
2023,TAS,Males,Part-time,Ute,31054.0,55191.0,0.5627
2023,TAS,Males,Part-time,Wagon,31054.0,60471.0,0.5135
2023,TAS,Males,Total,Hatchback,69082.0,31547.0,2.1898
2023,TAS,Males,Total,SUV,69082.0,48287.0,1.4307
2023,TAS,Males,Total,Sedan,69082.0,68078.0,1.0148
2023,TAS,Males,Total,Ute,69082.0,55191.0,1.2517
2023,TAS,Males,Total,Wagon,69082.0,60471.0,1.1424
2023,TAS,Persons,Full-time,Hatchback,77865.0,31547.0,2.4682
2023,TAS,Persons,Full-time,SUV,77865.0,48287.0,1.6125
2023,TAS,Persons,Full-time,Sedan,77865.0,68078.0,1.1438
2023,TAS,Persons,Full-time,Ute,77865.0,55191.0,1.4108
2023,TAS,Persons,Full-time,Wagon,77865.0,60471.0,1.2876
2023,TAS,Persons,Part-time,Hatchback,36182.0,31547.0,1.1469
2023,TAS,Persons,Part-time,SUV,36182.0,48287.0,0.7493
2023,TAS,Persons,Part-time,Sedan,36182.0,68078.0,0.5315
2023,TAS,Persons,Part-time,Ute,36182.0,55191.0,0.6556
2023,TAS,Persons,Part-time,Wagon,36182.0,60471.0,0.5983
2023,TAS,Persons,Total,Hatchback,62717.0,31547.0,1.988
2023,TAS,Persons,Total,SUV,62717.0,48287.0,1.2988
2023,TAS,Persons,Total,Sedan,62717.0,68078.0,0.9213
2023,TAS,Persons,Total,Ute,62717.0,55191.0,1.1364
2023,TAS,Persons,Total,Wagon,62717.0,60471.0,1.0372
2023,VIC,Females,Full-time,Hatchback,78000.0,33835.0,2.3053
2023,VIC,Females,Full-time,SUV,78000.0,51789.0,1.5061
2023,VIC,Females,Full-time,Sedan,78000.0,73015.0,1.0683
2023,VIC,Females,Full-time,Ute,78000.0,59193.0,1.3177
2023,VIC,Females,Full-time,Wagon,78000.0,64856.0,1.2027
2023,VIC,Females,Part-time,Hatchback,36400.0,33835.0,1.0758
2023,VIC,Females,Part-time,SUV,36400.0,51789.0,0.7029
2023,VIC,Females,Part-time,Sedan,36400.0,73015.0,0.4985
2023,VIC,Females,Part-time,Ute,36400.0,59193.0,0.6149
2023,VIC,Females,Part-time,Wagon,36400.0,64856.0,0.5612
2023,VIC,Females,Total,Hatchback,59800.0,33835.0,1.7674
2023,VIC,Females,Total,SUV,59800.0,51789.0,1.1547
2023,VIC,Females,Total,Sedan,59800.0,73015.0,0.819
2023,VIC,Females,Total,Ute,59800.0,59193.0,1.0102
2023,VIC,Females,Total,Wagon,59800.0,64856.0,0.922
2023,VIC,Males,Full-time,Hatchback,88395.0,33835.0,2.6125
2023,VIC,Males,Full-time,SUV,88395.0,51789.0,1.7068
2023,VIC,Males,Full-time,Sedan,88395.0,73015.0,1.2106
2023,VIC,Males,Full-time,Ute,88395.0,59193.0,1.4933
2023,VIC,Males,Full-time,Wagon,88395.0,64856.0,1.3629
2023,VIC,Males,Part-time,Hatchback,30649.0,33835.0,0.9058
2023,VIC,Males,Part-time,SUV,30649.0,51789.0,0.5918
2023,VIC,Males,Part-time,Sedan,30649.0,73015.0,0.4198
2023,VIC,Males,Part-time,Ute,30649.0,59193.0,0.5178
2023,VIC,Males,Part-time,Wagon,30649.0,64856.0,0.4726
2023,VIC,Males,Total,Hatchback,78000.0,33835.0,2.3053
2023,VIC,Males,Total,SUV,78000.0,51789.0,1.5061
2023,VIC,Males,Total,Sedan,78000.0,73015.0,1.0683
2023,VIC,Males,Total,Ute,78000.0,59193.0,1.3177
2023,VIC,Males,Total,Wagon,78000.0,64856.0,1.2027
2023,VIC,Persons,Full-time,Hatchback,83200.0,33835.0,2.459
2023,VIC,Persons,Full-time,SUV,83200.0,51789.0,1.6065
2023,VIC,Persons,Full-time,Sedan,83200.0,73015.0,1.1395
2023,VIC,Persons,Full-time,Ute,83200.0,59193.0,1.4056
2023,VIC,Persons,Full-time,Wagon,83200.0,64856.0,1.2828
2023,VIC,Persons,Part-time,Hatchback,34320.0,33835.0,1.0143
2023,VIC,Persons,Part-time,SUV,34320.0,51789.0,0.6627
2023,VIC,Persons,Part-time,Sedan,34320.0,73015.0,0.47
2023,VIC,Persons,Part-time,Ute,34320.0,59193.0,0.5798
2023,VIC,Persons,Part-time,Wagon,34320.0,64856.0,0.5292
2023,VIC,Persons,Total,Hatchback,67408.0,33835.0,1.9922
2023,VIC,Persons,Total,SUV,67408.0,51789.0,1.3016
2023,VIC,Persons,Total,Sedan,67408.0,73015.0,0.9232
2023,VIC,Persons,Total,Ute,67408.0,59193.0,1.1388
2023,VIC,Persons,Total,Wagon,67408.0,64856.0,1.0393
2023,WA,Females,Full-time,Hatchback,78000.0,33197.0,2.3496
2023,WA,Females,Full-time,SUV,78000.0,50811.0,1.5351
2023,WA,Females,Full-time,Sedan,78000.0,71636.0,1.0888
2023,WA,Females,Full-time,Ute,78000.0,58076.0,1.3431
2023,WA,Females,Full-time,Wagon,78000.0,63632.0,1.2258
2023,WA,Females,Part-time,Hatchback,35428.0,33197.0,1.0672
2023,WA,Females,Part-time,SUV,35428.0,50811.0,0.6972
2023,WA,Females,Part-time,Sedan,35428.0,71636.0,0.4945
2023,WA,Females,Part-time,Ute,35428.0,58076.0,0.61
2023,WA,Females,Part-time,Wagon,35428.0,63632.0,0.5568
2023,WA,Females,Total,Hatchback,57200.0,33197.0,1.7231
2023,WA,Females,Total,SUV,57200.0,50811.0,1.1257
2023,WA,Females,Total,Sedan,57200.0,71636.0,0.7985
2023,WA,Females,Total,Ute,57200.0,58076.0,0.9849
2023,WA,Females,Total,Wagon,57200.0,63632.0,0.8989
2023,WA,Males,Full-time,Hatchback,95732.0,33197.0,2.8838
2023,WA,Males,Full-time,SUV,95732.0,50811.0,1.8841
2023,WA,Males,Full-time,Sedan,95732.0,71636.0,1.3364
2023,WA,Males,Full-time,Ute,95732.0,58076.0,1.6484
2023,WA,Males,Full-time,Wagon,95732.0,63632.0,1.5045
2023,WA,Males,Part-time,Hatchback,29624.0,33197.0,0.8924
2023,WA,Males,Part-time,SUV,29624.0,50811.0,0.583
2023,WA,Males,Part-time,Sedan,29624.0,71636.0,0.4135
2023,WA,Males,Part-time,Ute,29624.0,58076.0,0.5101
2023,WA,Males,Part-time,Wagon,29624.0,63632.0,0.4656
2023,WA,Males,Total,Hatchback,85311.0,33197.0,2.5699
2023,WA,Males,Total,SUV,85311.0,50811.0,1.679
2023,WA,Males,Total,Sedan,85311.0,71636.0,1.1909
2023,WA,Males,Total,Ute,85311.0,58076.0,1.469
2023,WA,Males,Total,Wagon,85311.0,63632.0,1.3407
2023,WA,Persons,Full-time,Hatchback,88400.0,33197.0,2.6629
2023,WA,Persons,Full-time,SUV,88400.0,50811.0,1.7398
2023,WA,Persons,Full-time,Sedan,88400.0,71636.0,1.234
2023,WA,Persons,Full-time,Ute,88400.0,58076.0,1.5221
2023,WA,Persons,Full-time,Wagon,88400.0,63632.0,1.3892
2023,WA,Persons,Part-time,Hatchback,33800.0,33197.0,1.0182
2023,WA,Persons,Part-time,SUV,33800.0,50811.0,0.6652
2023,WA,Persons,Part-time,Sedan,33800.0,71636.0,0.4718
2023,WA,Persons,Part-time,Ute,33800.0,58076.0,0.582
2023,WA,Persons,Part-time,Wagon,33800.0,63632.0,0.5312
2023,WA,Persons,Total,Hatchback,68760.0,33197.0,2.0713
2023,WA,Persons,Total,SUV,68760.0,50811.0,1.3532
2023,WA,Persons,Total,Sedan,68760.0,71636.0,0.9598
2023,WA,Persons,Total,Ute,68760.0,58076.0,1.184
2023,WA,Persons,Total,Wagon,68760.0,63632.0,1.0806
2024,ACT,Females,Full-time,Hatchback,98067.0,31452.0,3.118
2024,ACT,Females,Full-time,SUV,98067.0,48141.0,2.0371
2024,ACT,Females,Full-time,Sedan,98067.0,67872.0,1.4449
2024,ACT,Females,Full-time,Ute,98067.0,55024.0,1.7823
2024,ACT,Females,Full-time,Wagon,98067.0,60288.0,1.6266
2024,ACT,Females,Part-time,Hatchback,39000.0,31452.0,1.24
2024,ACT,Females,Part-time,SUV,39000.0,48141.0,0.8101
2024,ACT,Females,Part-time,Sedan,39000.0,67872.0,0.5746
2024,ACT,Females,Part-time,Ute,39000.0,55024.0,0.7088
2024,ACT,Females,Part-time,Wagon,39000.0,60288.0,0.6469
2024,ACT,Females,Total,Hatchback,81775.0,31452.0,2.6
2024,ACT,Females,Total,SUV,81775.0,48141.0,1.6987
2024,ACT,Females,Total,Sedan,81775.0,67872.0,1.2048
2024,ACT,Females,Total,Ute,81775.0,55024.0,1.4862
2024,ACT,Females,Total,Wagon,81775.0,60288.0,1.3564
2024,ACT,Males,Full-time,Hatchback,102190.0,31452.0,3.2491
2024,ACT,Males,Full-time,SUV,102190.0,48141.0,2.1227
2024,ACT,Males,Full-time,Sedan,102190.0,67872.0,1.5056
2024,ACT,Males,Full-time,Ute,102190.0,55024.0,1.8572
2024,ACT,Males,Full-time,Wagon,102190.0,60288.0,1.695
2024,ACT,Males,Part-time,Hatchback,36400.0,31452.0,1.1573
2024,ACT,Males,Part-time,SUV,36400.0,48141.0,0.7561
2024,ACT,Males,Part-time,Sedan,36400.0,67872.0,0.5363
2024,ACT,Males,Part-time,Ute,36400.0,55024.0,0.6615
2024,ACT,Males,Part-time,Wagon,36400.0,60288.0,0.6038
2024,ACT,Males,Total,Hatchback,91057.0,31452.0,2.8951
2024,ACT,Males,Total,SUV,91057.0,48141.0,1.8915
2024,ACT,Males,Total,Sedan,91057.0,67872.0,1.3416
2024,ACT,Males,Total,Ute,91057.0,55024.0,1.6549
2024,ACT,Males,Total,Wagon,91057.0,60288.0,1.5104
2024,ACT,Persons,Full-time,Hatchback,100220.0,31452.0,3.1864
2024,ACT,Persons,Full-time,SUV,100220.0,48141.0,2.0818
2024,ACT,Persons,Full-time,Sedan,100220.0,67872.0,1.4766
2024,ACT,Persons,Full-time,Ute,100220.0,55024.0,1.8214
2024,ACT,Persons,Full-time,Wagon,100220.0,60288.0,1.6623
2024,ACT,Persons,Part-time,Hatchback,36608.0,31452.0,1.1639
2024,ACT,Persons,Part-time,SUV,36608.0,48141.0,0.7604
2024,ACT,Persons,Part-time,Sedan,36608.0,67872.0,0.5394
2024,ACT,Persons,Part-time,Ute,36608.0,55024.0,0.6653
2024,ACT,Persons,Part-time,Wagon,36608.0,60288.0,0.6072
2024,ACT,Persons,Total,Hatchback,87760.0,31452.0,2.7903
2024,ACT,Persons,Total,SUV,87760.0,48141.0,1.823
2024,ACT,Persons,Total,Sedan,87760.0,67872.0,1.293
2024,ACT,Persons,Total,Ute,87760.0,55024.0,1.5949
2024,ACT,Persons,Total,Wagon,87760.0,60288.0,1.4557
2024,AUS,Females,Full-time,Hatchback,83101.0,32358.0,2.5682
2024,AUS,Females,Full-time,SUV,83101.0,49527.0,1.6779
2024,AUS,Females,Full-time,Sedan,83101.0,69826.0,1.1901
2024,AUS,Females,Full-time,Ute,83101.0,56608.0,1.468
2024,AUS,Females,Full-time,Wagon,83101.0,62024.0,1.3398
2024,AUS,Females,Part-time,Hatchback,36556.0,32358.0,1.1297
2024,AUS,Females,Part-time,SUV,36556.0,49527.0,0.7381
2024,AUS,Females,Part-time,Sedan,36556.0,69826.0,0.5235
2024,AUS,Females,Part-time,Ute,36556.0,56608.0,0.6458
2024,AUS,Females,Part-time,Wagon,36556.0,62024.0,0.5894
2024,AUS,Females,Total,Hatchback,62400.0,32358.0,1.9284
2024,AUS,Females,Total,SUV,62400.0,49527.0,1.2599
2024,AUS,Females,Total,Sedan,62400.0,69826.0,0.8936
2024,AUS,Females,Total,Ute,62400.0,56608.0,1.1023
2024,AUS,Females,Total,Wagon,62400.0,62024.0,1.0061
2024,AUS,Males,Full-time,Hatchback,93028.0,32358.0,2.875
2024,AUS,Males,Full-time,SUV,93028.0,49527.0,1.8783
2024,AUS,Males,Full-time,Sedan,93028.0,69826.0,1.3323
2024,AUS,Males,Full-time,Ute,93028.0,56608.0,1.6434
2024,AUS,Males,Full-time,Wagon,93028.0,62024.0,1.4999
2024,AUS,Males,Part-time,Hatchback,32396.0,32358.0,1.0012
2024,AUS,Males,Part-time,SUV,32396.0,49527.0,0.6541
2024,AUS,Males,Part-time,Sedan,32396.0,69826.0,0.464
2024,AUS,Males,Part-time,Ute,32396.0,56608.0,0.5723
2024,AUS,Males,Part-time,Wagon,32396.0,62024.0,0.5223
2024,AUS,Males,Total,Hatchback,82009.0,32358.0,2.5345
2024,AUS,Males,Total,SUV,82009.0,49527.0,1.6558
2024,AUS,Males,Total,Sedan,82009.0,69826.0,1.1745
2024,AUS,Males,Total,Ute,82009.0,56608.0,1.4487
2024,AUS,Males,Total,Wagon,82009.0,62024.0,1.3222
2024,AUS,Persons,Full-time,Hatchback,88400.0,32358.0,2.732
2024,AUS,Persons,Full-time,SUV,88400.0,49527.0,1.7849
2024,AUS,Persons,Full-time,Sedan,88400.0,69826.0,1.266
2024,AUS,Persons,Full-time,Ute,88400.0,56608.0,1.5616
2024,AUS,Persons,Full-time,Wagon,88400.0,62024.0,1.4253
2024,AUS,Persons,Part-time,Hatchback,35937.0,32358.0,1.1106
2024,AUS,Persons,Part-time,SUV,35937.0,49527.0,0.7256
2024,AUS,Persons,Part-time,Sedan,35937.0,69826.0,0.5147
2024,AUS,Persons,Part-time,Ute,35937.0,56608.0,0.6348
2024,AUS,Persons,Part-time,Wagon,35937.0,62024.0,0.5794
2024,AUS,Persons,Total,Hatchback,72592.0,32358.0,2.2434
2024,AUS,Persons,Total,SUV,72592.0,49527.0,1.4657
2024,AUS,Persons,Total,Sedan,72592.0,69826.0,1.0396
2024,AUS,Persons,Total,Ute,72592.0,56608.0,1.2824
2024,AUS,Persons,Total,Wagon,72592.0,62024.0,1.1704
2024,NSW,Females,Full-time,Hatchback,84911.0,32358.0,2.6241
2024,NSW,Females,Full-time,SUV,84911.0,49527.0,1.7144
2024,NSW,Females,Full-time,Sedan,84911.0,69826.0,1.216
2024,NSW,Females,Full-time,Ute,84911.0,56608.0,1.5
2024,NSW,Females,Full-time,Wagon,84911.0,62024.0,1.369
2024,NSW,Females,Part-time,Hatchback,35100.0,32358.0,1.0847
2024,NSW,Females,Part-time,SUV,35100.0,49527.0,0.7087
2024,NSW,Females,Part-time,Sedan,35100.0,69826.0,0.5027
2024,NSW,Females,Part-time,Ute,35100.0,56608.0,0.62
2024,NSW,Females,Part-time,Wagon,35100.0,62024.0,0.5659
2024,NSW,Females,Total,Hatchback,63674.0,32358.0,1.9678
2024,NSW,Females,Total,SUV,63674.0,49527.0,1.2856
2024,NSW,Females,Total,Sedan,63674.0,69826.0,0.9119
2024,NSW,Females,Total,Ute,63674.0,56608.0,1.1248
2024,NSW,Females,Total,Wagon,63674.0,62024.0,1.0266
2024,NSW,Males,Full-time,Hatchback,89960.0,32358.0,2.7802
2024,NSW,Males,Full-time,SUV,89960.0,49527.0,1.8164
2024,NSW,Males,Full-time,Sedan,89960.0,69826.0,1.2883
2024,NSW,Males,Full-time,Ute,89960.0,56608.0,1.5892
2024,NSW,Males,Full-time,Wagon,89960.0,62024.0,1.4504
2024,NSW,Males,Part-time,Hatchback,34835.0,32358.0,1.0766
2024,NSW,Males,Part-time,SUV,34835.0,49527.0,0.7033
2024,NSW,Males,Part-time,Sedan,34835.0,69826.0,0.4989
2024,NSW,Males,Part-time,Ute,34835.0,56608.0,0.6154
2024,NSW,Males,Part-time,Wagon,34835.0,62024.0,0.5616
2024,NSW,Males,Total,Hatchback,78000.0,32358.0,2.4106
2024,NSW,Males,Total,SUV,78000.0,49527.0,1.5749
2024,NSW,Males,Total,Sedan,78000.0,69826.0,1.1171
2024,NSW,Males,Total,Ute,78000.0,56608.0,1.3779
2024,NSW,Males,Total,Wagon,78000.0,62024.0,1.2576
2024,NSW,Persons,Full-time,Hatchback,88400.0,32358.0,2.732
2024,NSW,Persons,Full-time,SUV,88400.0,49527.0,1.7849
2024,NSW,Persons,Full-time,Sedan,88400.0,69826.0,1.266
2024,NSW,Persons,Full-time,Ute,88400.0,56608.0,1.5616
2024,NSW,Persons,Full-time,Wagon,88400.0,62024.0,1.4253
2024,NSW,Persons,Part-time,Hatchback,35100.0,32358.0,1.0847
2024,NSW,Persons,Part-time,SUV,35100.0,49527.0,0.7087
2024,NSW,Persons,Part-time,Sedan,35100.0,69826.0,0.5027
2024,NSW,Persons,Part-time,Ute,35100.0,56608.0,0.62
2024,NSW,Persons,Part-time,Wagon,35100.0,62024.0,0.5659
2024,NSW,Persons,Total,Hatchback,72145.0,32358.0,2.2296
2024,NSW,Persons,Total,SUV,72145.0,49527.0,1.4567
2024,NSW,Persons,Total,Sedan,72145.0,69826.0,1.0332
2024,NSW,Persons,Total,Ute,72145.0,56608.0,1.2745
2024,NSW,Persons,Total,Wagon,72145.0,62024.0,1.1632
2024,NT,Females,Full-time,Hatchback,83200.0,33636.0,2.4735
2024,NT,Females,Full-time,SUV,83200.0,51484.0,1.616
2024,NT,Females,Full-time,Sedan,83200.0,72585.0,1.1462
2024,NT,Females,Full-time,Ute,83200.0,58845.0,1.4139
2024,NT,Females,Full-time,Wagon,83200.0,64474.0,1.2904
2024,NT,Females,Part-time,Hatchback,39000.0,33636.0,1.1595
2024,NT,Females,Part-time,SUV,39000.0,51484.0,0.7575
2024,NT,Females,Part-time,Sedan,39000.0,72585.0,0.5373
2024,NT,Females,Part-time,Ute,39000.0,58845.0,0.6628
2024,NT,Females,Part-time,Wagon,39000.0,64474.0,0.6049
2024,NT,Females,Total,Hatchback,72956.0,33636.0,2.169
2024,NT,Females,Total,SUV,72956.0,51484.0,1.4171
2024,NT,Females,Total,Sedan,72956.0,72585.0,1.0051
2024,NT,Females,Total,Ute,72956.0,58845.0,1.2398
2024,NT,Females,Total,Wagon,72956.0,64474.0,1.1315
2024,NT,Males,Full-time,Hatchback,95592.0,33636.0,2.8419
2024,NT,Males,Full-time,SUV,95592.0,51484.0,1.8567
2024,NT,Males,Full-time,Sedan,95592.0,72585.0,1.317
2024,NT,Males,Full-time,Ute,95592.0,58845.0,1.6245
2024,NT,Males,Full-time,Wagon,95592.0,64474.0,1.4826
2024,NT,Males,Part-time,Hatchback,36410.0,33636.0,1.0825
2024,NT,Males,Part-time,SUV,36410.0,51484.0,0.7072
2024,NT,Males,Part-time,Sedan,36410.0,72585.0,0.5016
2024,NT,Males,Part-time,Ute,36410.0,58845.0,0.6188
2024,NT,Males,Part-time,Wagon,36410.0,64474.0,0.5647
2024,NT,Males,Total,Hatchback,87032.0,33636.0,2.5875
2024,NT,Males,Total,SUV,87032.0,51484.0,1.6905
2024,NT,Males,Total,Sedan,87032.0,72585.0,1.199
2024,NT,Males,Total,Ute,87032.0,58845.0,1.479
2024,NT,Males,Total,Wagon,87032.0,64474.0,1.3499
2024,NT,Persons,Full-time,Hatchback,88400.0,33636.0,2.6281
2024,NT,Persons,Full-time,SUV,88400.0,51484.0,1.717
2024,NT,Persons,Full-time,Sedan,88400.0,72585.0,1.2179
2024,NT,Persons,Full-time,Ute,88400.0,58845.0,1.5023
2024,NT,Persons,Full-time,Wagon,88400.0,64474.0,1.3711
2024,NT,Persons,Part-time,Hatchback,37440.0,33636.0,1.1131
2024,NT,Persons,Part-time,SUV,37440.0,51484.0,0.7272
2024,NT,Persons,Part-time,Sedan,37440.0,72585.0,0.5158
2024,NT,Persons,Part-time,Ute,37440.0,58845.0,0.6362
2024,NT,Persons,Part-time,Wagon,37440.0,64474.0,0.5807
2024,NT,Persons,Total,Hatchback,78000.0,33636.0,2.3189
2024,NT,Persons,Total,SUV,78000.0,51484.0,1.515
2024,NT,Persons,Total,Sedan,78000.0,72585.0,1.0746
2024,NT,Persons,Total,Ute,78000.0,58845.0,1.3255
2024,NT,Persons,Total,Wagon,78000.0,64474.0,1.2098
2024,QLD,Females,Full-time,Hatchback,79544.0,31918.0,2.4922
2024,QLD,Females,Full-time,SUV,79544.0,48853.0,1.6282
2024,QLD,Females,Full-time,Sedan,79544.0,68876.0,1.1549
2024,QLD,Females,Full-time,Ute,79544.0,55838.0,1.4245
2024,QLD,Females,Full-time,Wagon,79544.0,61180.0,1.3002
2024,QLD,Females,Part-time,Hatchback,38584.0,31918.0,1.2089
2024,QLD,Females,Part-time,SUV,38584.0,48853.0,0.7898
2024,QLD,Females,Part-time,Sedan,38584.0,68876.0,0.5602
2024,QLD,Females,Part-time,Ute,38584.0,55838.0,0.691
2024,QLD,Females,Part-time,Wagon,38584.0,61180.0,0.6307
2024,QLD,Females,Total,Hatchback,62400.0,31918.0,1.955
2024,QLD,Females,Total,SUV,62400.0,48853.0,1.2773
2024,QLD,Females,Total,Sedan,62400.0,68876.0,0.906
2024,QLD,Females,Total,Ute,62400.0,55838.0,1.1175
2024,QLD,Females,Total,Wagon,62400.0,61180.0,1.0199
2024,QLD,Males,Full-time,Hatchback,91000.0,31918.0,2.8511
2024,QLD,Males,Full-time,SUV,91000.0,48853.0,1.8627
2024,QLD,Males,Full-time,Sedan,91000.0,68876.0,1.3212
2024,QLD,Males,Full-time,Ute,91000.0,55838.0,1.6297
2024,QLD,Males,Full-time,Wagon,91000.0,61180.0,1.4874
2024,QLD,Males,Part-time,Hatchback,29952.0,31918.0,0.9384
2024,QLD,Males,Part-time,SUV,29952.0,48853.0,0.6131
2024,QLD,Males,Part-time,Sedan,29952.0,68876.0,0.4349
2024,QLD,Males,Part-time,Ute,29952.0,55838.0,0.5364
2024,QLD,Males,Part-time,Wagon,29952.0,61180.0,0.4896
2024,QLD,Males,Total,Hatchback,78889.0,31918.0,2.4717
2024,QLD,Males,Total,SUV,78889.0,48853.0,1.6148
2024,QLD,Males,Total,Sedan,78889.0,68876.0,1.1454
2024,QLD,Males,Total,Ute,78889.0,55838.0,1.4128
2024,QLD,Males,Total,Wagon,78889.0,61180.0,1.2895
2024,QLD,Persons,Full-time,Hatchback,86164.0,31918.0,2.6996
2024,QLD,Persons,Full-time,SUV,86164.0,48853.0,1.7637
2024,QLD,Persons,Full-time,Sedan,86164.0,68876.0,1.251
2024,QLD,Persons,Full-time,Ute,86164.0,55838.0,1.5431
2024,QLD,Persons,Full-time,Wagon,86164.0,61180.0,1.4084
2024,QLD,Persons,Part-time,Hatchback,35802.0,31918.0,1.1217
2024,QLD,Persons,Part-time,SUV,35802.0,48853.0,0.7328
2024,QLD,Persons,Part-time,Sedan,35802.0,68876.0,0.5198
2024,QLD,Persons,Part-time,Ute,35802.0,55838.0,0.6412
2024,QLD,Persons,Part-time,Wagon,35802.0,61180.0,0.5852
2024,QLD,Persons,Total,Hatchback,70200.0,31918.0,2.1994
2024,QLD,Persons,Total,SUV,70200.0,48853.0,1.437
2024,QLD,Persons,Total,Sedan,70200.0,68876.0,1.0192
2024,QLD,Persons,Total,Ute,70200.0,55838.0,1.2572
2024,QLD,Persons,Total,Wagon,70200.0,61180.0,1.1474
2024,SA,Females,Full-time,Hatchback,77948.0,31932.0,2.441
2024,SA,Females,Full-time,SUV,77948.0,48876.0,1.5948
2024,SA,Females,Full-time,Sedan,77948.0,68908.0,1.1312
2024,SA,Females,Full-time,Ute,77948.0,55864.0,1.3953
2024,SA,Females,Full-time,Wagon,77948.0,61208.0,1.2735
2024,SA,Females,Part-time,Hatchback,37102.0,31932.0,1.1619
2024,SA,Females,Part-time,SUV,37102.0,48876.0,0.7591
2024,SA,Females,Part-time,Sedan,37102.0,68908.0,0.5384
2024,SA,Females,Part-time,Ute,37102.0,55864.0,0.6641
2024,SA,Females,Part-time,Wagon,37102.0,61208.0,0.6062
2024,SA,Females,Total,Hatchback,57200.0,31932.0,1.7913
2024,SA,Females,Total,SUV,57200.0,48876.0,1.1703
2024,SA,Females,Total,Sedan,57200.0,68908.0,0.8301
2024,SA,Females,Total,Ute,57200.0,55864.0,1.0239
2024,SA,Females,Total,Wagon,57200.0,61208.0,0.9345
2024,SA,Males,Full-time,Hatchback,82430.0,31932.0,2.5814
2024,SA,Males,Full-time,SUV,82430.0,48876.0,1.6865
2024,SA,Males,Full-time,Sedan,82430.0,68908.0,1.1962
2024,SA,Males,Full-time,Ute,82430.0,55864.0,1.4756
2024,SA,Males,Full-time,Wagon,82430.0,61208.0,1.3467
2024,SA,Males,Part-time,Hatchback,33800.0,31932.0,1.0585
2024,SA,Males,Part-time,SUV,33800.0,48876.0,0.6915
2024,SA,Males,Part-time,Sedan,33800.0,68908.0,0.4905
2024,SA,Males,Part-time,Ute,33800.0,55864.0,0.605
2024,SA,Males,Part-time,Wagon,33800.0,61208.0,0.5522
2024,SA,Males,Total,Hatchback,72800.0,31932.0,2.2798
2024,SA,Males,Total,SUV,72800.0,48876.0,1.4895
2024,SA,Males,Total,Sedan,72800.0,68908.0,1.0565
2024,SA,Males,Total,Ute,72800.0,55864.0,1.3032
2024,SA,Males,Total,Wagon,72800.0,61208.0,1.1894
2024,SA,Persons,Full-time,Hatchback,79040.0,31932.0,2.4752
2024,SA,Persons,Full-time,SUV,79040.0,48876.0,1.6172
2024,SA,Persons,Full-time,Sedan,79040.0,68908.0,1.147
2024,SA,Persons,Full-time,Ute,79040.0,55864.0,1.4149
2024,SA,Persons,Full-time,Wagon,79040.0,61208.0,1.2913
2024,SA,Persons,Part-time,Hatchback,36400.0,31932.0,1.1399
2024,SA,Persons,Part-time,SUV,36400.0,48876.0,0.7447
2024,SA,Persons,Part-time,Sedan,36400.0,68908.0,0.5282
2024,SA,Persons,Part-time,Ute,36400.0,55864.0,0.6516
2024,SA,Persons,Part-time,Wagon,36400.0,61208.0,0.5947
2024,SA,Persons,Total,Hatchback,65000.0,31932.0,2.0356
2024,SA,Persons,Total,SUV,65000.0,48876.0,1.3299
2024,SA,Persons,Total,Sedan,65000.0,68908.0,0.9433
2024,SA,Persons,Total,Ute,65000.0,55864.0,1.1635
2024,SA,Persons,Total,Wagon,65000.0,61208.0,1.0619
2024,TAS,Females,Full-time,Hatchback,73003.0,31565.0,2.3128
2024,TAS,Females,Full-time,SUV,73003.0,48313.0,1.511
2024,TAS,Females,Full-time,Sedan,73003.0,68115.0,1.0718
2024,TAS,Females,Full-time,Ute,73003.0,55221.0,1.322
2024,TAS,Females,Full-time,Wagon,73003.0,60504.0,1.2066
2024,TAS,Females,Part-time,Hatchback,38667.0,31565.0,1.225
2024,TAS,Females,Part-time,SUV,38667.0,48313.0,0.8003
2024,TAS,Females,Part-time,Sedan,38667.0,68115.0,0.5677
2024,TAS,Females,Part-time,Ute,38667.0,55221.0,0.7002
2024,TAS,Females,Part-time,Wagon,38667.0,60504.0,0.6391
2024,TAS,Females,Total,Hatchback,57200.0,31565.0,1.8122
2024,TAS,Females,Total,SUV,57200.0,48313.0,1.1839
2024,TAS,Females,Total,Sedan,57200.0,68115.0,0.8398
2024,TAS,Females,Total,Ute,57200.0,55221.0,1.0358
2024,TAS,Females,Total,Wagon,57200.0,60504.0,0.9454
2024,TAS,Males,Full-time,Hatchback,78000.0,31565.0,2.4711
2024,TAS,Males,Full-time,SUV,78000.0,48313.0,1.6145
2024,TAS,Males,Full-time,Sedan,78000.0,68115.0,1.1451
2024,TAS,Males,Full-time,Ute,78000.0,55221.0,1.4125
2024,TAS,Males,Full-time,Wagon,78000.0,60504.0,1.2892
2024,TAS,Males,Part-time,Hatchback,36702.0,31565.0,1.1627
2024,TAS,Males,Part-time,SUV,36702.0,48313.0,0.7597
2024,TAS,Males,Part-time,Sedan,36702.0,68115.0,0.5388
2024,TAS,Males,Part-time,Ute,36702.0,55221.0,0.6646
2024,TAS,Males,Part-time,Wagon,36702.0,60504.0,0.6066
2024,TAS,Males,Total,Hatchback,70200.0,31565.0,2.224
2024,TAS,Males,Total,SUV,70200.0,48313.0,1.453
2024,TAS,Males,Total,Sedan,70200.0,68115.0,1.0306
2024,TAS,Males,Total,Ute,70200.0,55221.0,1.2713
2024,TAS,Males,Total,Wagon,70200.0,60504.0,1.1603
2024,TAS,Persons,Full-time,Hatchback,76965.0,31565.0,2.4383
2024,TAS,Persons,Full-time,SUV,76965.0,48313.0,1.593
2024,TAS,Persons,Full-time,Sedan,76965.0,68115.0,1.1299
2024,TAS,Persons,Full-time,Ute,76965.0,55221.0,1.3938
2024,TAS,Persons,Full-time,Wagon,76965.0,60504.0,1.2721
2024,TAS,Persons,Part-time,Hatchback,37700.0,31565.0,1.1944
2024,TAS,Persons,Part-time,SUV,37700.0,48313.0,0.7803
2024,TAS,Persons,Part-time,Sedan,37700.0,68115.0,0.5535
2024,TAS,Persons,Part-time,Ute,37700.0,55221.0,0.6827
2024,TAS,Persons,Part-time,Wagon,37700.0,60504.0,0.6231
2024,TAS,Persons,Total,Hatchback,62816.0,31565.0,1.9901
2024,TAS,Persons,Total,SUV,62816.0,48313.0,1.3002
2024,TAS,Persons,Total,Sedan,62816.0,68115.0,0.9222
2024,TAS,Persons,Total,Ute,62816.0,55221.0,1.1375
2024,TAS,Persons,Total,Wagon,62816.0,60504.0,1.0382
2024,VIC,Females,Full-time,Hatchback,83200.0,33854.0,2.4576
2024,VIC,Females,Full-time,SUV,83200.0,51817.0,1.6057
2024,VIC,Females,Full-time,Sedan,83200.0,73055.0,1.1389
2024,VIC,Females,Full-time,Ute,83200.0,59226.0,1.4048
2024,VIC,Females,Full-time,Wagon,83200.0,64892.0,1.2821
2024,VIC,Females,Part-time,Hatchback,37242.0,33854.0,1.1001
2024,VIC,Females,Part-time,SUV,37242.0,51817.0,0.7187
2024,VIC,Females,Part-time,Sedan,37242.0,73055.0,0.5098
2024,VIC,Females,Part-time,Ute,37242.0,59226.0,0.6288
2024,VIC,Females,Part-time,Wagon,37242.0,64892.0,0.5739
2024,VIC,Females,Total,Hatchback,62400.0,33854.0,1.8432
2024,VIC,Females,Total,SUV,62400.0,51817.0,1.2042
2024,VIC,Females,Total,Sedan,62400.0,73055.0,0.8542
2024,VIC,Females,Total,Ute,62400.0,59226.0,1.0536
2024,VIC,Females,Total,Wagon,62400.0,64892.0,0.9616
2024,VIC,Males,Full-time,Hatchback,94822.0,33854.0,2.8009
2024,VIC,Males,Full-time,SUV,94822.0,51817.0,1.8299
2024,VIC,Males,Full-time,Sedan,94822.0,73055.0,1.298
2024,VIC,Males,Full-time,Ute,94822.0,59226.0,1.601
2024,VIC,Males,Full-time,Wagon,94822.0,64892.0,1.4612
2024,VIC,Males,Part-time,Hatchback,31200.0,33854.0,0.9216
2024,VIC,Males,Part-time,SUV,31200.0,51817.0,0.6021
2024,VIC,Males,Part-time,Sedan,31200.0,73055.0,0.4271
2024,VIC,Males,Part-time,Ute,31200.0,59226.0,0.5268
2024,VIC,Males,Part-time,Wagon,31200.0,64892.0,0.4808
2024,VIC,Males,Total,Hatchback,83200.0,33854.0,2.4576
2024,VIC,Males,Total,SUV,83200.0,51817.0,1.6057
2024,VIC,Males,Total,Sedan,83200.0,73055.0,1.1389
2024,VIC,Males,Total,Ute,83200.0,59226.0,1.4048
2024,VIC,Males,Total,Wagon,83200.0,64892.0,1.2821
2024,VIC,Persons,Full-time,Hatchback,89908.0,33854.0,2.6558
2024,VIC,Persons,Full-time,SUV,89908.0,51817.0,1.7351
2024,VIC,Persons,Full-time,Sedan,89908.0,73055.0,1.2307
2024,VIC,Persons,Full-time,Ute,89908.0,59226.0,1.5181
2024,VIC,Persons,Full-time,Wagon,89908.0,64892.0,1.3855
2024,VIC,Persons,Part-time,Hatchback,35594.0,33854.0,1.0514
2024,VIC,Persons,Part-time,SUV,35594.0,51817.0,0.6869
2024,VIC,Persons,Part-time,Sedan,35594.0,73055.0,0.4872
2024,VIC,Persons,Part-time,Ute,35594.0,59226.0,0.601
2024,VIC,Persons,Part-time,Wagon,35594.0,64892.0,0.5485
2024,VIC,Persons,Total,Hatchback,72800.0,33854.0,2.1504
2024,VIC,Persons,Total,SUV,72800.0,51817.0,1.4049
2024,VIC,Persons,Total,Sedan,72800.0,73055.0,0.9965
2024,VIC,Persons,Total,Ute,72800.0,59226.0,1.2292
2024,VIC,Persons,Total,Wagon,72800.0,64892.0,1.1219
2024,WA,Females,Full-time,Hatchback,81380.0,33215.0,2.4501
2024,WA,Females,Full-time,SUV,81380.0,50839.0,1.6007
2024,WA,Females,Full-time,Sedan,81380.0,71676.0,1.1354
2024,WA,Females,Full-time,Ute,81380.0,58108.0,1.4005
2024,WA,Females,Full-time,Wagon,81380.0,63667.0,1.2782
2024,WA,Females,Part-time,Hatchback,38766.0,33215.0,1.1671
2024,WA,Females,Part-time,SUV,38766.0,50839.0,0.7625
2024,WA,Females,Part-time,Sedan,38766.0,71676.0,0.5409
2024,WA,Females,Part-time,Ute,38766.0,58108.0,0.6671
2024,WA,Females,Part-time,Wagon,38766.0,63667.0,0.6089
2024,WA,Females,Total,Hatchback,62400.0,33215.0,1.8787
2024,WA,Females,Total,SUV,62400.0,50839.0,1.2274
2024,WA,Females,Total,Sedan,62400.0,71676.0,0.8706
2024,WA,Females,Total,Ute,62400.0,58108.0,1.0739
2024,WA,Females,Total,Wagon,62400.0,63667.0,0.9801
2024,WA,Males,Full-time,Hatchback,106652.0,33215.0,3.211
2024,WA,Males,Full-time,SUV,106652.0,50839.0,2.0978
2024,WA,Males,Full-time,Sedan,106652.0,71676.0,1.488
2024,WA,Males,Full-time,Ute,106652.0,58108.0,1.8354
2024,WA,Males,Full-time,Wagon,106652.0,63667.0,1.6752
2024,WA,Males,Part-time,Hatchback,31600.0,33215.0,0.9514
2024,WA,Males,Part-time,SUV,31600.0,50839.0,0.6216
2024,WA,Males,Part-time,Sedan,31600.0,71676.0,0.4409
2024,WA,Males,Part-time,Ute,31600.0,58108.0,0.5438
2024,WA,Males,Part-time,Wagon,31600.0,63667.0,0.4963
2024,WA,Males,Total,Hatchback,96299.0,33215.0,2.8993
2024,WA,Males,Total,SUV,96299.0,50839.0,1.8942
2024,WA,Males,Total,Sedan,96299.0,71676.0,1.3435
2024,WA,Males,Total,Ute,96299.0,58108.0,1.6572
2024,WA,Males,Total,Wagon,96299.0,63667.0,1.5125
2024,WA,Persons,Full-time,Hatchback,95784.0,33215.0,2.8838
2024,WA,Persons,Full-time,SUV,95784.0,50839.0,1.8841
2024,WA,Persons,Full-time,Sedan,95784.0,71676.0,1.3364
2024,WA,Persons,Full-time,Ute,95784.0,58108.0,1.6484
2024,WA,Persons,Full-time,Wagon,95784.0,63667.0,1.5045
2024,WA,Persons,Part-time,Hatchback,36400.0,33215.0,1.0959
2024,WA,Persons,Part-time,SUV,36400.0,50839.0,0.716
2024,WA,Persons,Part-time,Sedan,36400.0,71676.0,0.5078
2024,WA,Persons,Part-time,Ute,36400.0,58108.0,0.6264
2024,WA,Persons,Part-time,Wagon,36400.0,63667.0,0.5717
2024,WA,Persons,Total,Hatchback,78000.0,33215.0,2.3484
2024,WA,Persons,Total,SUV,78000.0,50839.0,1.5343
2024,WA,Persons,Total,Sedan,78000.0,71676.0,1.0882
2024,WA,Persons,Total,Ute,78000.0,58108.0,1.3423
2024,WA,Persons,Total,Wagon,78000.0,63667.0,1.2251
