               Australian Bureau of Statistics,,,,,,,,,,,,,,,,,,,,,,
#REF!,,,,,,,,,,,,,,,,,,,,,,
#REF!,,,,,,,,,,,,,,,,,,,,,,
#REF!,,,,,,,,,,,,,,,,,,,,,,
,,,,,,,,,,,,,,,,,,,,,,
,,,,,New South Wales,,Victoria,,Queensland,,South Australia,,Western Australia,,Tasmania,,Northern Territory,,Australian Capital Territory,,Australia,
Parameter,Sex,Full-time or part-time status,Whether had paid leave entitlements,Survey month,'000 / $,RSE,'000 / $,RSE,'000 / $,RSE,'000 / $,RSE,'000 / $,RSE,'000 / $,RSE,'000 / $,RSE,'000 / $,RSE,'000 / $,RSE
Median weekly earnings,Persons,Full-time,With leave entitlements,Aug-75,0.0,0.0,0.0,0.0,0.0,0.0,0.0,0.0,0.0,0.0,0.0,0.0,0.0,0.0,0.0,0.0,0.0,0.0
Median weekly earnings,Persons,Full-time,With leave entitlements,Aug-76,0.0,0.0,0.0,0.0,0.0,0.0,0.0,0.0,0.0,0.0,0.0,0.0,0.0,0.0,0.0,0.0,0.0,0.0
Median weekly earnings,Persons,Full-time,With leave entitlements,Aug-77,0.0,0.0,0.0,0.0,0.0,0.0,0.0,0.0,0.0,0.0,0.0,0.0,0.0,0.0,0.0,0.0,0.0,0.0
Median weekly earnings,Persons,Full-time,With leave entitlements,Aug-78,0.0,0.0,0.0,0.0,0.0,0.0,0.0,0.0,0.0,0.0,0.0,0.0,0.0,0.0,0.0,0.0,0.0,0.0
Median weekly earnings,Persons,Full-time,With leave entitlements,Aug-79,0.0,0.0,0.0,0.0,0.0,0.0,0.0,0.0,0.0,0.0,0.0,0.0,0.0,0.0,0.0,0.0,0.0,0.0
Median weekly earnings,Persons,Full-time,With leave entitlements,Aug-80,0.0,0.0,0.0,0.0,0.0,0.0,0.0,0.0,0.0,0.0,0.0,0.0,0.0,0.0,0.0,0.0,0.0,0.0
Median weekly earnings,Persons,Full-time,With leave entitlements,Aug-81,0.0,0.0,0.0,0.0,0.0,0.0,0.0,0.0,0.0,0.0,0.0,0.0,0.0,0.0,0.0,0.0,0.0,0.0
Median weekly earnings,Persons,Full-time,With leave entitlements,Aug-82,0.0,0.0,0.0,0.0,0.0,0.0,0.0,0.0,0.0,0.0,0.0,0.0,0.0,0.0,0.0,0.0,0.0,0.0
Median weekly earnings,Persons,Full-time,With leave entitlements,Aug-83,0.0,0.0,0.0,0.0,0.0,0.0,0.0,0.0,0.0,0.0,0.0,0.0,0.0,0.0,0.0,0.0,0.0,0.0
Median weekly earnings,Persons,Full-time,With leave entitlements,Aug-84,0.0,0.0,0.0,0.0,0.0,0.0,0.0,0.0,0.0,0.0,0.0,0.0,0.0,0.0,0.0,0.0,0.0,0.0
Median weekly earnings,Persons,Full-time,With leave entitlements,Aug-85,0.0,0.0,0.0,0.0,0.0,0.0,0.0,0.0,0.0,0.0,0.0,0.0,0.0,0.0,0.0,0.0,0.0,0.0
Median weekly earnings,Persons,Full-time,With leave entitlements,Aug-86,0.0,0.0,0.0,0.0,0.0,0.0,0.0,0.0,0.0,0.0,0.0,0.0,0.0,0.0,0.0,0.0,0.0,0.0
Median weekly earnings,Persons,Full-time,With leave entitlements,Aug-87,0.0,0.0,0.0,0.0,0.0,0.0,0.0,0.0,0.0,0.0,0.0,0.0,0.0,0.0,0.0,0.0,0.0,0.0
Median weekly earnings,Persons,Full-time,With leave entitlements,Aug-88,0.0,0.0,0.0,0.0,0.0,0.0,0.0,0.0,0.0,0.0,0.0,0.0,0.0,0.0,0.0,0.0,405.0,0.0
Median weekly earnings,Persons,Full-time,With leave entitlements,Aug-89,460.0,0.0,420.0,0.0,420.0,0.0,420.0,0.0,460.0,0.0,420.0,0.0,500.0,0.0,540.0,0.0,420.0,0.0
Median weekly earnings,Persons,Full-time,With leave entitlements,Aug-90,460.0,0.0,460.0,0.0,420.0,0.0,460.0,0.0,460.0,0.0,460.0,0.0,533.8,0.0,540.0,0.0,460.0,0.0
Median weekly earnings,Persons,Full-time,With leave entitlements,Jul-91,0.0,0.0,0.0,0.0,0.0,0.0,0.0,0.0,0.0,0.0,0.0,0.0,0.0,0.0,0.0,0.0,489.0,0.0
Median weekly earnings,Persons,Full-time,With leave entitlements,Aug-92,500.0,0.0,500.0,0.0,500.0,0.0,500.0,2.0,500.0,2.0,500.0,2.0,540.0,1.9,620.0,1.6,500.0,0.0
Median weekly earnings,Persons,Full-time,With leave entitlements,Aug-93,540.0,0.0,540.0,1.9,500.0,0.0,540.0,1.9,540.0,0.0,500.0,0.0,540.0,3.8,660.0,1.5,540.0,0.0
Median weekly earnings,Persons,Full-time,With leave entitlements,Aug-94,540.0,1.9,540.0,1.9,540.0,1.9,540.0,0.0,540.0,1.9,540.0,1.9,585.9,5.2,620.0,1.6,540.0,0.0
Median weekly earnings,Persons,Full-time,With leave entitlements,Aug-95,580.0,0.0,540.0,1.9,540.0,0.0,540.0,1.9,540.0,1.9,540.0,0.0,580.0,1.8,700.0,1.5,580.0,1.8
Median weekly earnings,Persons,Full-time,With leave entitlements,Aug-96,0.0,0.0,0.0,0.0,0.0,0.0,0.0,0.0,0.0,0.0,0.0,0.0,0.0,0.0,0.0,0.0,0.0,0.0
Median weekly earnings,Persons,Full-time,With leave entitlements,Aug-97,615.0,2.1,600.0,0.1,600.0,0.5,600.0,1.3,619.3,1.7,568.0,1.7,654.9,5.1,730.0,1.7,600.0,0.6
Median weekly earnings,Persons,Full-time,With leave entitlements,Aug-98,650.0,0.8,620.0,2.1,600.0,0.9,600.0,1.5,616.0,2.1,584.0,2.2,670.0,2.1,750.0,2.0,630.0,0.9
Median weekly earnings,Persons,Full-time,With leave entitlements,Aug-99,700.0,0.5,650.0,0.9,626.0,1.9,645.5,1.7,700.0,0.7,600.0,1.9,700.0,2.9,768.9,1.7,671.0,0.6
Median weekly earnings,Persons,Full-time,With leave entitlements,Aug-00,700.0,1.1,700.1,0.8,673.0,1.5,673.0,1.9,700.0,1.1,641.3,1.7,750.0,3.6,850.0,1.4,700.0,0.0
Median weekly earnings,Persons,Full-time,With leave entitlements,Aug-01,750.0,0.4,705.0,1.3,700.0,0.7,708.0,0.9,725.0,1.8,672.4,2.5,750.0,2.3,843.2,2.2,725.0,0.7
Median weekly earnings,Persons,Full-time,With leave entitlements,Aug-02,788.0,1.1,750.0,0.8,730.0,1.7,744.9,1.0,780.0,1.6,692.5,2.2,800.0,2.5,865.0,1.6,754.0,0.6
Median weekly earnings,Persons,Full-time,With leave entitlements,Aug-03,807.0,1.5,800.0,0.9,750.0,0.6,750.0,0.9,800.0,1.0,724.6,1.9,769.0,1.7,915.4,1.4,800.0,0.5
Median weekly earnings,Persons,Full-time,With leave entitlements,Aug-04,850.0,2.1,800.0,0.8,785.0,1.6,764.2,1.7,800.0,0.8,750.0,1.8,857.1,4.4,986.9,1.5,800.0,0.2
Median weekly earnings,Persons,Full-time,With leave entitlements,Aug-05,900.0,1.6,855.0,0.9,800.0,1.6,806.0,1.6,860.5,1.5,760.0,1.7,866.6,2.4,"1,000.0",2.3,851.0,0.4
Median weekly earnings,Persons,Full-time,With leave entitlements,Aug-06,931.3,1.0,900.0,0.3,865.0,1.5,873.0,1.5,906.0,1.2,850.0,2.5,918.2,3.8,"1,076.7",1.8,900.0,0.2
Median weekly earnings,Persons,Full-time,With leave entitlements,Aug-07,997.0,1.0,950.0,1.5,900.0,0.7,911.7,1.3,"1,000.0",1.0,827.6,1.9,999.3,3.2,"1,205.6",2.0,958.0,0.5
Median weekly earnings,Persons,Full-time,With leave entitlements,Aug-08,"1,000.0",0.9,980.9,1.3,989.0,1.1,922.4,1.4,"1,057.0",1.5,900.0,2.1,"1,004.2",3.8,"1,220.8",2.4,"1,000.0",0.0
Median weekly earnings,Persons,Full-time,With leave entitlements,Aug-09,"1,057.0",1.9,"1,000.0",0.3,"1,000.0",0.4,"1,000.0",1.1,"1,100.0",1.8,955.2,2.7,"1,150.0",5.2,"1,230.0",1.4,"1,019.5",1.0
Median weekly earnings,Persons,Full-time,With leave entitlements,Aug-10,"1,100.0",0.7,"1,035.0",1.3,"1,050.0",1.6,"1,000.0",1.3,"1,200.0",2.0,966.0,1.9,"1,150.0",3.3,"1,250.0",1.8,"1,098.0",0.7
Median weekly earnings,Persons,Full-time,With leave entitlements,Aug-11,"1,150.0",2.0,"1,100.0",1.2,"1,104.0",1.2,"1,050.0",2.3,"1,230.3",1.3,"1,000.0",1.0,"1,200.0",2.9,"1,298.6",2.0,"1,127.0",1.1
Median weekly earnings,Persons,Full-time,With leave entitlements,Aug-12,"1,196.0",1.1,"1,122.2",1.1,"1,150.0",1.3,"1,100.0",2.1,"1,302.8",1.9,"1,035.0",2.4,"1,200.0",2.1,"1,389.6",2.1,"1,162.0",0.9
Median weekly earnings,Persons,Full-time,With leave entitlements,Aug-13,"1,200.0",1.4,"1,115.8",1.1,"1,154.0",1.3,"1,150.0",2.1,"1,300.0",2.0,"1,050.0",2.4,"1,346.0",3.3,"1,440.7",2.7,"1,200.0",0.7
Median weekly earnings,Persons,Full-time,With leave entitlements,Aug-14,"1,265.0",1.0,"1,200.0",1.1,"1,200.0",1.3,"1,172.0",1.4,"1,438.0",2.1,"1,079.2",2.2,"1,400.0",3.6,"1,468.0",2.3,"1,250.0",0.3
Median weekly earnings,Persons,Full-time,With leave entitlements,Aug-15,"1,281.0",1.1,"1,208.6",1.1,"1,200.0",0.8,"1,200.0",2.0,"1,380.0",1.9,"1,127.3",3.4,"1,286.0",2.2,"1,500.0",1.7,"1,250.0",0.2
Median weekly earnings,Persons,Full-time,With leave entitlements,Aug-16,"1,300.0",1.2,"1,250.0",0.9,"1,221.1",1.0,"1,233.3",1.8,"1,402.2",1.5,"1,200.0",2.7,"1,400.0",3.6,"1,500.0",2.9,"1,281.0",0.8
Median weekly earnings,Persons,Full-time,With leave entitlements,Aug-17,"1,334.0",1.5,"1,300.0",1.8,"1,300.0",2.0,"1,206.2",1.1,"1,461.7",1.5,"1,200.0",2.4,"1,400.0",3.4,"1,512.0",1.7,"1,323.0",0.9
Median weekly earnings,Persons,Full-time,With leave entitlements,Aug-18,"1,400.0",1.1,"1,342.0",1.5,"1,349.0",1.6,"1,270.1",2.0,"1,495.0",1.9,"1,229.8",1.0,"1,365.8",2.5,"1,549.3",1.6,"1,378.6",0.9
Median weekly earnings,Persons,Full-time,With leave entitlements,Aug-19,"1,438.5",1.7,"1,380.0",1.1,"1,342.0",1.3,"1,300.0",2.3,"1,534.0",1.7,"1,300.0",2.2,"1,464.2",2.0,"1,553.4",2.2,"1,400.0",0.3
Median weekly earnings,Persons,Full-time,With leave entitlements,Aug-20,"1,487.4",1.0,"1,452.5",1.8,"1,401.0",2.6,"1,346.0",2.1,"1,650.0",2.3,"1,361.5",2.7,"1,500.0",2.6,"1,665.8",2.3,"1,485.0",0.9
Median weekly earnings,Persons,Full-time,With leave entitlements,Aug-21,"1,534.0",1.2,"1,500.0",0.7,"1,451.3",1.7,"1,424.7",1.7,"1,572.0",1.4,"1,300.0",1.9,"1,599.1",2.8,"1,742.9",3.0,"1,500.0",0.2
Median weekly earnings,Persons,Full-time,With leave entitlements,Aug-22,"1,574.1",1.1,"1,566.7",1.0,"1,534.0",1.7,"1,440.8",1.5,"1,686.2",1.6,"1,400.0",2.5,"1,626.0",3.0,"1,800.0",2.2,"1,562.0",0.6
Median weekly earnings,Persons,Full-time,With leave entitlements,Aug-23,"1,668.0",1.4,"1,627.0",1.9,"1,584.0",1.5,"1,538.0",1.7,"1,726.0",2.4,"1,523.7",2.1,"1,600.0",2.7,"1,750.0",2.0,"1,630.0",0.7
Median weekly earnings,Persons,Full-time,With leave entitlements,Aug-24,"1,733.7",0.8,"1,744.0",1.4,"1,700.0",1.6,"1,545.0",1.8,"1,850.0",1.7,"1,500.0",2.1,"1,750.0",1.8,"1,923.1",2.2,"1,731.0",0.6
Median weekly earnings,Persons,Full-time,Without leave entitlements,Aug-75,0.0,0.0,0.0,0.0,0.0,0.0,0.0,0.0,0.0,0.0,0.0,0.0,0.0,0.0,0.0,0.0,0.0,0.0
Median weekly earnings,Persons,Full-time,Without leave entitlements,Aug-76,0.0,0.0,0.0,0.0,0.0,0.0,0.0,0.0,0.0,0.0,0.0,0.0,0.0,0.0,0.0,0.0,0.0,0.0
Median weekly earnings,Persons,Full-time,Without leave entitlements,Aug-77,0.0,0.0,0.0,0.0,0.0,0.0,0.0,0.0,0.0,0.0,0.0,0.0,0.0,0.0,0.0,0.0,0.0,0.0
Median weekly earnings,Persons,Full-time,Without leave entitlements,Aug-78,0.0,0.0,0.0,0.0,0.0,0.0,0.0,0.0,0.0,0.0,0.0,0.0,0.0,0.0,0.0,0.0,0.0,0.0
Median weekly earnings,Persons,Full-time,Without leave entitlements,Aug-79,0.0,0.0,0.0,0.0,0.0,0.0,0.0,0.0,0.0,0.0,0.0,0.0,0.0,0.0,0.0,0.0,0.0,0.0
Median weekly earnings,Persons,Full-time,Without leave entitlements,Aug-80,0.0,0.0,0.0,0.0,0.0,0.0,0.0,0.0,0.0,0.0,0.0,0.0,0.0,0.0,0.0,0.0,0.0,0.0
Median weekly earnings,Persons,Full-time,Without leave entitlements,Aug-81,0.0,0.0,0.0,0.0,0.0,0.0,0.0,0.0,0.0,0.0,0.0,0.0,0.0,0.0,0.0,0.0,0.0,0.0
Median weekly earnings,Persons,Full-time,Without leave entitlements,Aug-82,0.0,0.0,0.0,0.0,0.0,0.0,0.0,0.0,0.0,0.0,0.0,0.0,0.0,0.0,0.0,0.0,0.0,0.0
Median weekly earnings,Persons,Full-time,Without leave entitlements,Aug-83,0.0,0.0,0.0,0.0,0.0,0.0,0.0,0.0,0.0,0.0,0.0,0.0,0.0,0.0,0.0,0.0,0.0,0.0
Median weekly earnings,Persons,Full-time,Without leave entitlements,Aug-84,0.0,0.0,0.0,0.0,0.0,0.0,0.0,0.0,0.0,0.0,0.0,0.0,0.0,0.0,0.0,0.0,0.0,0.0
Median weekly earnings,Persons,Full-time,Without leave entitlements,Aug-85,0.0,0.0,0.0,0.0,0.0,0.0,0.0,0.0,0.0,0.0,0.0,0.0,0.0,0.0,0.0,0.0,0.0,0.0
Median weekly earnings,Persons,Full-time,Without leave entitlements,Aug-86,0.0,0.0,0.0,0.0,0.0,0.0,0.0,0.0,0.0,0.0,0.0,0.0,0.0,0.0,0.0,0.0,0.0,0.0
Median weekly earnings,Persons,Full-time,Without leave entitlements,Aug-87,0.0,0.0,0.0,0.0,0.0,0.0,0.0,0.0,0.0,0.0,0.0,0.0,0.0,0.0,0.0,0.0,0.0,0.0
Median weekly earnings,Persons,Full-time,Without leave entitlements,Aug-88,0.0,0.0,0.0,0.0,0.0,0.0,0.0,0.0,0.0,0.0,0.0,0.0,0.0,0.0,0.0,0.0,359.0,0.0
Median weekly earnings,Persons,Full-time,Without leave entitlements,Aug-89,380.0,0.0,380.0,0.0,380.0,0.0,340.0,0.0,420.0,0.0,380.0,0.0,373.2,0.0,333.7,0.0,380.0,0.0
Median weekly earnings,Persons,Full-time,Without leave entitlements,Aug-90,380.0,0.0,380.0,0.0,380.0,0.0,380.0,0.0,380.0,0.0,380.0,0.0,340.0,0.0,380.0,0.0,380.0,0.0
Median weekly earnings,Persons,Full-time,Without leave entitlements,Jul-91,0.0,0.0,0.0,0.0,0.0,0.0,0.0,0.0,0.0,0.0,0.0,0.0,0.0,0.0,0.0,0.0,405.0,0.0
Median weekly earnings,Persons,Full-time,Without leave entitlements,Aug-92,380.0,2.7,380.0,2.7,380.0,2.7,420.0,2.4,420.0,4.9,380.0,5.0,411.0,14.2,340.0,14.9,380.0,2.7
Median weekly earnings,Persons,Full-time,Without leave entitlements,Aug-93,460.0,4.4,460.0,4.4,420.0,2.4,420.0,4.9,460.0,4.4,380.0,3.1,460.0,8.2,460.0,8.9,420.0,2.4
Median weekly earnings,Persons,Full-time,Without leave entitlements,Aug-94,420.0,2.4,460.0,4.4,460.0,2.2,420.0,2.4,500.0,4.1,420.0,4.9,476.6,6.3,420.0,7.2,460.0,2.2
Median weekly earnings,Persons,Full-time,Without leave entitlements,Aug-95,460.0,2.2,500.0,4.1,460.0,2.2,460.0,4.4,500.0,6.2,420.0,4.9,471.8,9.7,500.0,9.8,460.0,0.0
Median weekly earnings,Persons,Full-time,Without leave entitlements,Aug-96,0.0,0.0,0.0,0.0,0.0,0.0,0.0,0.0,0.0,0.0,0.0,0.0,0.0,0.0,0.0,0.0,0.0,0.0
Median weekly earnings,Persons,Full-time,Without leave entitlements,Aug-97,500.0,2.3,500.0,4.3,487.9,2.3,469.0,3.7,500.0,4.6,519.6,4.5,500.0,7.6,550.0,6.7,500.0,1.0
Median weekly earnings,Persons,Full-time,Without leave entitlements,Aug-98,526.1,2.4,500.0,3.0,495.4,2.0,486.8,1.7,540.0,3.6,500.0,4.5,616.4,10.0,501.9,6.3,500.0,0.5
Median weekly earnings,Persons,Full-time,Without leave entitlements,Aug-99,600.0,1.5,540.0,3.3,511.6,1.8,506.7,1.2,550.1,3.8,503.5,5.9,599.5,8.9,619.9,5.0,550.0,0.9
Median weekly earnings,Persons,Full-time,Without leave entitlements,Aug-00,600.0,1.3,550.0,2.1,542.7,2.4,550.0,3.4,600.0,4.3,500.0,3.8,600.0,14.4,703.0,5.6,570.0,1.3
Median weekly earnings,Persons,Full-time,Without leave entitlements,Aug-01,600.0,1.7,582.7,2.2,556.8,2.5,550.0,3.8,600.0,3.4,548.9,4.2,572.6,5.3,721.5,4.8,581.0,1.5
Median weekly earnings,Persons,Full-time,Without leave entitlements,Aug-02,600.0,2.5,608.2,3.1,575.9,2.2,550.0,2.8,600.0,1.8,533.4,5.0,648.6,7.9,721.8,5.4,600.0,0.9
Median weekly earnings,Persons,Full-time,Without leave entitlements,Aug-03,650.0,2.9,600.0,2.6,600.0,2.0,640.0,3.0,650.0,5.8,629.2,5.6,611.1,13.7,800.0,8.1,621.0,1.8
Median weekly earnings,Persons,Full-time,Without leave entitlements,Aug-04,671.4,3.3,682.1,1.9,630.4,2.0,650.0,3.0,700.0,3.7,578.8,2.7,743.6,11.2,685.7,5.4,650.0,1.2
Median weekly earnings,Persons,Full-time,Without leave entitlements,Aug-05,641.0,3.6,690.0,1.8,680.0,2.3,680.0,1.9,720.8,4.6,700.0,5.3,693.0,5.3,707.6,4.1,680.0,1.9
Median weekly earnings,Persons,Full-time,Without leave entitlements,Aug-06,724.3,3.2,700.0,2.4,750.0,1.7,688.9,4.1,800.0,4.8,649.8,4.6,776.4,8.0,900.0,17.5,730.0,1.7
Median weekly earnings,Persons,Full-time,Without leave entitlements,Aug-07,750.0,3.3,750.0,3.4,781.4,1.6,711.0,2.9,913.6,5.1,704.4,2.2,770.9,9.6,"1,000.0",11.3,769.0,1.7
Median weekly earnings,Persons,Full-time,Without leave entitlements,Aug-08,800.0,3.5,750.0,3.4,800.0,3.6,730.6,2.9,"1,000.0",7.7,750.0,3.4,983.1,6.4,932.0,6.1,800.0,2.0
Median weekly earnings,Persons,Full-time,Without leave entitlements,Aug-09,800.0,2.8,808.7,3.9,853.6,2.2,761.0,3.3,846.5,7.1,726.3,6.1,867.2,8.0,"1,266.0",17.6,806.3,1.6
Median weekly earnings,Persons,Full-time,Without leave entitlements,Aug-10,846.0,3.0,850.0,3.0,900.0,3.0,843.4,2.4,954.8,4.7,776.3,6.2,900.0,8.3,979.6,13.1,860.9,1.8
Median weekly earnings,Persons,Full-time,Without leave entitlements,Aug-11,879.7,2.1,808.3,1.7,900.0,3.3,833.4,3.1,"1,100.0",6.4,900.0,3.5,904.5,4.2,887.7,9.7,880.0,1.4
Median weekly earnings,Persons,Full-time,Without leave entitlements,Aug-12,900.0,2.5,850.0,3.0,950.0,2.9,950.0,2.7,"1,117.9",3.7,900.0,5.6,900.0,5.7,"1,092.7",18.8,929.3,1.9
Median weekly earnings,Persons,Full-time,Without leave entitlements,Aug-13,900.0,3.4,900.0,4.2,943.3,2.7,947.3,3.3,"1,200.0",6.4,861.3,5.7,"1,000.0",7.7,"1,000.0",8.0,946.3,2.3
Median weekly earnings,Persons,Full-time,Without leave entitlements,Aug-14,950.0,2.7,900.0,2.8,962.7,2.1,900.0,4.2,"1,244.6",3.3,952.1,6.7,"1,100.0",7.0,"1,216.0",16.6,960.0,1.4
Median weekly earnings,Persons,Full-time,Without leave entitlements,Aug-15,994.2,2.0,927.7,2.5,"1,000.0",4.4,979.0,3.5,"1,200.0",4.4,910.3,5.6,"1,052.5",4.9,"1,200.0",10.5,"1,000.0",1.0
Median weekly earnings,Persons,Full-time,Without leave entitlements,Aug-16,980.0,2.2,946.0,3.2,"1,001.8",2.5,944.4,2.7,"1,073.7",4.5,948.9,4.5,"1,150.0",6.6,"1,277.0",14.6,"1,000.0",0.5
Median weekly earnings,Persons,Full-time,Without leave entitlements,Aug-17,"1,000.0",1.4,"1,000.0",2.5,"1,000.0",2.3,900.0,3.3,"1,102.3",4.6,"1,000.0",5.5,"1,100.0",5.4,"1,159.1",9.0,"1,000.0",0.0
Median weekly earnings,Persons,Full-time,Without leave entitlements,Aug-18,"1,037.5",2.7,"1,000.0",4.3,"1,113.6",3.9,"1,021.0",2.9,"1,350.0",5.7,"1,100.0",4.6,"1,177.6",8.2,"1,354.7",20.4,"1,099.4",1.2
Median weekly earnings,Persons,Full-time,Without leave entitlements,Aug-19,"1,000.0",2.6,"1,000.0",2.8,"1,135.4",3.1,"1,067.2",2.4,"1,208.1",5.7,998.2,6.4,"1,000.0",7.8,"1,334.2",18.5,"1,080.0",1.7
Median weekly earnings,Persons,Full-time,Without leave entitlements,Aug-20,"1,058.3",2.5,"1,043.4",3.6,"1,048.8",2.9,"1,000.6",5.1,"1,324.9",5.7,"1,000.0",7.3,"1,250.0",9.4,"1,477.7",10.5,"1,080.0",1.7
Median weekly earnings,Persons,Full-time,Without leave entitlements,Aug-21,"1,100.0",2.6,"1,144.4",3.3,"1,086.7",2.6,"1,048.9",3.3,"1,460.0",7.9,"1,033.7",4.4,"1,250.4",10.9,"1,553.6",21.1,"1,130.2",1.6
Median weekly earnings,Persons,Full-time,Without leave entitlements,Aug-22,"1,072.7",3.0,"1,150.0",2.2,"1,157.5",3.1,"1,172.6",2.4,"1,383.0",5.0,"1,100.0",4.6,"1,041.0",8.7,"1,523.0",7.6,"1,153.0",1.8
Median weekly earnings,Persons,Full-time,Without leave entitlements,Aug-23,"1,289.9",4.0,"1,243.5",5.2,"1,300.0",4.0,"1,148.2",4.2,"1,500.0",6.4,"1,200.0",4.6,"1,441.6",11.2,"1,621.8",16.7,"1,277.7",2.3
Median weekly earnings,Persons,Full-time,Without leave entitlements,Aug-24,"1,288.2",4.7,"1,500.0",6.1,"1,390.8",3.1,"1,400.8",4.4,"1,734.7",7.4,"1,100.0",10.6,"1,328.2",8.1,"1,983.5",11.1,"1,400.0",1.6
Median weekly earnings,Persons,Full-time,Total,Aug-75,0.0,0.0,0.0,0.0,0.0,0.0,0.0,0.0,0.0,0.0,0.0,0.0,0.0,0.0,0.0,0.0,129.0,0.0
Median weekly earnings,Persons,Full-time,Total,Aug-76,0.0,0.0,0.0,0.0,0.0,0.0,0.0,0.0,0.0,0.0,0.0,0.0,0.0,0.0,0.0,0.0,148.0,0.0
Median weekly earnings,Persons,Full-time,Total,Aug-77,0.0,0.0,0.0,0.0,0.0,0.0,0.0,0.0,0.0,0.0,0.0,0.0,0.0,0.0,0.0,0.0,163.0,0.0
Median weekly earnings,Persons,Full-time,Total,Aug-78,0.0,0.0,0.0,0.0,0.0,0.0,0.0,0.0,0.0,0.0,0.0,0.0,0.0,0.0,0.0,0.0,179.0,0.0
Median weekly earnings,Persons,Full-time,Total,Aug-79,0.0,0.0,0.0,0.0,0.0,0.0,0.0,0.0,0.0,0.0,0.0,0.0,0.0,0.0,0.0,0.0,192.0,0.0
Median weekly earnings,Persons,Full-time,Total,Aug-80,0.0,0.0,0.0,0.0,0.0,0.0,0.0,0.0,0.0,0.0,0.0,0.0,0.0,0.0,0.0,0.0,210.0,0.0
Median weekly earnings,Persons,Full-time,Total,Aug-81,0.0,0.0,0.0,0.0,0.0,0.0,0.0,0.0,0.0,0.0,0.0,0.0,0.0,0.0,0.0,0.0,237.0,0.0
Median weekly earnings,Persons,Full-time,Total,Aug-82,0.0,0.0,0.0,0.0,0.0,0.0,0.0,0.0,0.0,0.0,0.0,0.0,0.0,0.0,0.0,0.0,268.0,0.0
Median weekly earnings,Persons,Full-time,Total,Aug-83,0.0,0.0,0.0,0.0,0.0,0.0,0.0,0.0,0.0,0.0,0.0,0.0,0.0,0.0,0.0,0.0,288.0,0.0
Median weekly earnings,Persons,Full-time,Total,Aug-84,0.0,0.0,0.0,0.0,0.0,0.0,0.0,0.0,0.0,0.0,0.0,0.0,0.0,0.0,0.0,0.0,311.0,0.0
Median weekly earnings,Persons,Full-time,Total,Aug-85,0.0,0.0,0.0,0.0,0.0,0.0,0.0,0.0,0.0,0.0,0.0,0.0,0.0,0.0,0.0,0.0,333.0,0.0
Median weekly earnings,Persons,Full-time,Total,Aug-86,0.0,0.0,0.0,0.0,0.0,0.0,0.0,0.0,0.0,0.0,0.0,0.0,0.0,0.0,0.0,0.0,356.0,0.0
Median weekly earnings,Persons,Full-time,Total,Aug-87,394.0,0.0,373.0,0.0,363.0,0.0,371.0,0.0,379.0,0.0,357.0,0.0,441.0,0.0,464.0,0.0,379.0,0.0
Median weekly earnings,Persons,Full-time,Total,Aug-88,412.0,0.0,400.0,0.0,386.0,0.0,387.0,0.0,411.0,0.0,392.0,0.0,442.0,0.0,487.0,0.0,403.0,0.0
Median weekly earnings,Persons,Full-time,Total,Aug-89,420.0,0.0,420.0,0.0,420.0,0.0,420.0,0.0,460.0,0.0,420.0,0.0,500.0,0.0,540.0,0.0,420.0,0.0
Median weekly earnings,Persons,Full-time,Total,Aug-90,460.0,0.0,460.0,0.0,420.0,0.0,460.0,0.0,460.0,0.0,460.0,0.0,500.0,0.0,540.0,0.0,460.0,0.0
Median weekly earnings,Persons,Full-time,Total,Jul-91,0.0,0.0,0.0,0.0,0.0,0.0,0.0,0.0,0.0,0.0,0.0,0.0,0.0,0.0,0.0,0.0,484.0,0.0
Median weekly earnings,Persons,Full-time,Total,Aug-92,500.0,0.0,500.0,0.0,500.0,2.0,500.0,2.0,500.0,0.0,500.0,2.0,540.0,3.0,580.0,1.8,500.0,0.0
Median weekly earnings,Persons,Full-time,Total,Aug-93,540.0,0.0,540.0,1.9,500.0,0.0,500.0,2.0,540.0,1.9,500.0,2.0,540.0,1.9,620.0,1.6,540.0,1.9
Median weekly earnings,Persons,Full-time,Total,Aug-94,540.0,0.0,540.0,0.0,500.0,2.0,540.0,1.9,540.0,1.9,500.0,2.0,580.0,4.1,620.0,1.0,540.0,0.0
Median weekly earnings,Persons,Full-time,Total,Aug-95,580.0,1.8,540.0,1.9,540.0,1.9,540.0,0.0,540.0,1.9,540.0,1.9,540.0,1.9,660.0,1.5,540.0,0.0
Median weekly earnings,Persons,Full-time,Total,Aug-96,0.0,0.0,0.0,0.0,0.0,0.0,0.0,0.0,0.0,0.0,0.0,0.0,0.0,0.0,0.0,0.0,0.0,0.0
Median weekly earnings,Persons,Full-time,Total,Aug-97,600.0,0.6,600.0,0.0,590.0,1.1,585.0,1.3,600.0,1.2,560.0,1.4,650.0,3.9,716.6,1.8,600.0,0.0
Median weekly earnings,Persons,Full-time,Total,Aug-98,649.4,1.0,600.0,1.3,600.0,0.9,580.0,1.8,601.0,1.4,575.0,2.2,660.3,2.5,750.0,2.0,608.0,0.8
Median weekly earnings,Persons,Full-time,Total,Aug-99,689.2,1.1,650.0,0.7,600.0,0.9,610.0,1.4,686.5,1.2,596.3,1.5,695.1,2.6,756.4,2.1,650.0,0.0
Median weekly earnings,Persons,Full-time,Total,Aug-00,700.0,0.7,700.0,0.4,650.0,1.0,650.0,1.9,685.0,1.1,625.4,2.0,749.6,3.4,846.0,1.7,686.0,0.6
Median weekly earnings,Persons,Full-time,Total,Aug-01,740.0,1.0,700.0,0.8,675.0,1.2,690.0,0.9,700.0,1.5,650.0,2.8,708.5,2.1,828.2,2.0,700.0,0.4
Median weekly earnings,Persons,Full-time,Total,Aug-02,760.0,1.0,742.0,1.2,700.0,1.0,700.0,0.9,750.0,1.4,667.1,2.7,782.5,1.6,864.9,1.8,750.0,0.2
Median weekly earnings,Persons,Full-time,Total,Aug-03,800.0,0.8,769.0,1.4,731.6,1.7,745.5,1.0,788.5,1.3,700.0,2.7,750.0,1.9,903.9,1.8,769.0,0.6
Median weekly earnings,Persons,Full-time,Total,Aug-04,811.1,1.6,800.0,0.6,750.0,0.7,750.0,1.3,800.0,1.0,734.7,1.7,850.0,3.0,955.7,2.7,800.0,0.0
Median weekly earnings,Persons,Full-time,Total,Aug-05,865.0,1.8,848.0,0.9,800.0,0.8,800.0,1.0,850.0,1.3,750.0,1.1,850.0,3.0,"1,000.0",1.8,840.0,0.9
Median weekly earnings,Persons,Full-time,Total,Aug-06,900.0,0.7,897.0,0.7,849.6,1.2,850.0,2.0,900.0,0.6,807.0,2.6,900.0,3.5,"1,059.9",1.6,900.0,0.5
Median weekly earnings,Persons,Full-time,Total,Aug-07,957.5,1.8,923.3,1.4,900.0,0.3,900.0,1.0,999.5,1.1,808.0,1.6,962.8,2.6,"1,200.0",2.1,930.0,0.8
Median weekly earnings,Persons,Full-time,Total,Aug-08,"1,000.0",0.2,958.0,1.1,961.0,1.6,900.0,1.7,"1,053.4",1.4,867.1,1.9,"1,000.0",3.8,"1,194.7",2.3,995.3,0.7
Median weekly earnings,Persons,Full-time,Total,Aug-09,"1,025.5",1.4,"1,000.0",1.2,"1,000.0",0.9,966.0,1.5,"1,100.0",2.0,925.4,2.7,"1,100.0",5.8,"1,230.7",1.4,"1,000.0",0.0
Median weekly earnings,Persons,Full-time,Total,Aug-10,"1,078.2",1.2,"1,005.0",0.9,"1,023.6",1.2,995.0,1.1,"1,200.0",1.7,950.0,2.7,"1,100.0",4.6,"1,250.0",2.0,"1,050.0",0.3
Median weekly earnings,Persons,Full-time,Total,Aug-11,"1,100.0",1.2,"1,050.0",1.1,"1,100.0",1.0,"1,000.0",1.3,"1,200.0",1.4,"1,000.0",0.9,"1,129.8",3.4,"1,269.1",1.9,"1,100.0",0.0
Median weekly earnings,Persons,Full-time,Total,Aug-12,"1,150.0",1.3,"1,100.0",1.2,"1,116.6",1.1,"1,080.0",1.2,"1,300.0",1.8,"1,008.3",1.3,"1,196.2",2.2,"1,384.6",1.9,"1,150.0",0.2
Median weekly earnings,Persons,Full-time,Total,Aug-13,"1,157.0",1.2,"1,100.0",1.4,"1,140.0",1.2,"1,100.0",1.4,"1,300.0",1.7,"1,016.0",1.9,"1,300.0",2.6,"1,426.3",2.9,"1,150.0",0.6
Median weekly earnings,Persons,Full-time,Total,Aug-14,"1,250.0",1.3,"1,175.5",1.1,"1,189.0",1.1,"1,140.0",1.6,"1,400.0",2.6,"1,057.4",2.1,"1,380.0",3.7,"1,461.1",2.2,"1,208.0",1.0
Median weekly earnings,Persons,Full-time,Total,Aug-15,"1,250.0",1.0,"1,199.0",1.1,"1,200.0",1.0,"1,175.0",1.1,"1,350.0",1.9,"1,100.0",2.5,"1,250.0",2.6,"1,500.0",1.5,"1,230.0",1.0
Median weekly earnings,Persons,Full-time,Total,Aug-16,"1,250.0",1.0,"1,246.0",1.0,"1,200.0",0.8,"1,200.0",2.1,"1,380.0",1.6,"1,150.0",2.6,"1,378.1",2.6,"1,498.8",2.5,"1,250.0",0.1
Median weekly earnings,Persons,Full-time,Total,Aug-17,"1,281.0",1.2,"1,250.0",1.1,"1,250.0",1.7,"1,189.0",1.2,"1,415.7",1.8,"1,184.9",1.6,"1,362.4",2.8,"1,500.0",1.4,"1,281.0",1.0
Median weekly earnings,Persons,Full-time,Total,Aug-18,"1,358.6",1.3,"1,300.0",1.4,"1,300.0",1.7,"1,244.5",1.8,"1,479.8",1.9,"1,203.9",1.4,"1,350.0",1.9,"1,529.0",1.7,"1,342.0",0.8
Median weekly earnings,Persons,Full-time,Total,Aug-19,"1,400.0",1.6,"1,342.0",1.4,"1,300.0",1.7,"1,252.0",2.3,"1,500.0",0.9,"1,265.1",1.0,"1,400.0",2.8,"1,551.8",2.2,"1,375.0",0.7
Median weekly earnings,Persons,Full-time,Total,Aug-20,"1,425.0",1.0,"1,426.2",1.7,"1,353.3",2.2,"1,289.0",2.1,"1,634.0",2.7,"1,300.0",2.9,"1,500.0",2.6,"1,650.0",2.3,"1,435.0",0.9
Median weekly earnings,Persons,Full-time,Total,Aug-21,"1,500.0",0.8,"1,477.0",1.1,"1,400.0",1.8,"1,386.0",1.5,"1,555.0",1.4,"1,292.6",1.8,"1,559.6",2.5,"1,726.0",3.2,"1,486.9",0.8
Median weekly earnings,Persons,Full-time,Total,Aug-22,"1,500.0",0.7,"1,525.3",0.8,"1,500.0",1.3,"1,400.0",1.6,"1,649.0",1.5,"1,355.0",1.9,"1,577.2",2.3,"1,753.7",2.3,"1,500.4",0.5
Median weekly earnings,Persons,Full-time,Total,Aug-23,"1,622.3",1.1,"1,600.0",1.8,"1,546.7",1.6,"1,500.0",0.8,"1,700.0",2.0,"1,497.4",2.4,"1,586.9",2.9,"1,750.0",2.2,"1,600.0",0.4
Median weekly earnings,Persons,Full-time,Total,Aug-24,"1,700.0",1.0,"1,729.0",0.7,"1,657.0",1.6,"1,520.0",1.7,"1,842.0",1.4,"1,480.1",1.5,"1,700.0",2.5,"1,927.3",2.2,"1,700.0",0.6
Median weekly earnings,Persons,Part-time,With leave entitlements,Aug-75,0.0,0.0,0.0,0.0,0.0,0.0,0.0,0.0,0.0,0.0,0.0,0.0,0.0,0.0,0.0,0.0,0.0,0.0
Median weekly earnings,Persons,Part-time,With leave entitlements,Aug-76,0.0,0.0,0.0,0.0,0.0,0.0,0.0,0.0,0.0,0.0,0.0,0.0,0.0,0.0,0.0,0.0,0.0,0.0
Median weekly earnings,Persons,Part-time,With leave entitlements,Aug-77,0.0,0.0,0.0,0.0,0.0,0.0,0.0,0.0,0.0,0.0,0.0,0.0,0.0,0.0,0.0,0.0,0.0,0.0
Median weekly earnings,Persons,Part-time,With leave entitlements,Aug-78,0.0,0.0,0.0,0.0,0.0,0.0,0.0,0.0,0.0,0.0,0.0,0.0,0.0,0.0,0.0,0.0,0.0,0.0
Median weekly earnings,Persons,Part-time,With leave entitlements,Aug-79,0.0,0.0,0.0,0.0,0.0,0.0,0.0,0.0,0.0,0.0,0.0,0.0,0.0,0.0,0.0,0.0,0.0,0.0
Median weekly earnings,Persons,Part-time,With leave entitlements,Aug-80,0.0,0.0,0.0,0.0,0.0,0.0,0.0,0.0,0.0,0.0,0.0,0.0,0.0,0.0,0.0,0.0,0.0,0.0
Median weekly earnings,Persons,Part-time,With leave entitlements,Aug-81,0.0,0.0,0.0,0.0,0.0,0.0,0.0,0.0,0.0,0.0,0.0,0.0,0.0,0.0,0.0,0.0,0.0,0.0
Median weekly earnings,Persons,Part-time,With leave entitlements,Aug-82,0.0,0.0,0.0,0.0,0.0,0.0,0.0,0.0,0.0,0.0,0.0,0.0,0.0,0.0,0.0,0.0,0.0,0.0
Median weekly earnings,Persons,Part-time,With leave entitlements,Aug-83,0.0,0.0,0.0,0.0,0.0,0.0,0.0,0.0,0.0,0.0,0.0,0.0,0.0,0.0,0.0,0.0,0.0,0.0
Median weekly earnings,Persons,Part-time,With leave entitlements,Aug-84,0.0,0.0,0.0,0.0,0.0,0.0,0.0,0.0,0.0,0.0,0.0,0.0,0.0,0.0,0.0,0.0,0.0,0.0
Median weekly earnings,Persons,Part-time,With leave entitlements,Aug-85,0.0,0.0,0.0,0.0,0.0,0.0,0.0,0.0,0.0,0.0,0.0,0.0,0.0,0.0,0.0,0.0,0.0,0.0
Median weekly earnings,Persons,Part-time,With leave entitlements,Aug-86,0.0,0.0,0.0,0.0,0.0,0.0,0.0,0.0,0.0,0.0,0.0,0.0,0.0,0.0,0.0,0.0,0.0,0.0
Median weekly earnings,Persons,Part-time,With leave entitlements,Aug-87,0.0,0.0,0.0,0.0,0.0,0.0,0.0,0.0,0.0,0.0,0.0,0.0,0.0,0.0,0.0,0.0,0.0,0.0
Median weekly earnings,Persons,Part-time,With leave entitlements,Aug-88,0.0,0.0,0.0,0.0,0.0,0.0,0.0,0.0,0.0,0.0,0.0,0.0,0.0,0.0,0.0,0.0,221.0,0.0
Median weekly earnings,Persons,Part-time,With leave entitlements,Aug-89,220.0,0.0,220.0,0.0,220.0,0.0,260.0,0.0,220.0,0.0,220.0,0.0,300.0,0.0,260.0,0.0,220.0,0.0
Median weekly earnings,Persons,Part-time,With leave entitlements,Aug-90,220.0,0.0,260.0,0.0,220.0,0.0,260.0,0.0,220.0,0.0,220.0,0.0,300.0,0.0,300.0,0.0,220.0,0.0
Median weekly earnings,Persons,Part-time,With leave entitlements,Jul-91,0.0,0.0,0.0,0.0,0.0,0.0,0.0,0.0,0.0,0.0,0.0,0.0,0.0,0.0,0.0,0.0,259.0,0.0
Median weekly earnings,Persons,Part-time,With leave entitlements,Aug-92,260.0,3.9,260.0,0.0,260.0,3.5,260.0,3.9,220.0,4.6,260.0,3.9,300.0,13.6,300.0,3.4,260.0,0.0
Median weekly earnings,Persons,Part-time,With leave entitlements,Aug-93,300.0,3.4,260.0,0.0,260.0,7.1,300.0,3.4,260.0,3.9,300.0,5.0,260.0,8.6,306.3,5.1,260.0,0.0
Median weekly earnings,Persons,Part-time,With leave entitlements,Aug-94,300.0,3.4,260.0,3.9,260.0,3.9,300.0,3.4,260.0,0.0,260.0,7.8,300.0,10.2,340.0,12.0,260.0,3.9
Median weekly earnings,Persons,Part-time,With leave entitlements,Aug-95,300.0,3.4,260.0,3.9,260.0,3.9,300.0,3.4,260.0,3.0,266.1,3.8,260.0,7.8,340.0,6.0,300.0,3.4
Median weekly earnings,Persons,Part-time,With leave entitlements,Aug-96,0.0,0.0,0.0,0.0,0.0,0.0,0.0,0.0,0.0,0.0,0.0,0.0,0.0,0.0,0.0,0.0,0.0,0.0
Median weekly earnings,Persons,Part-time,With leave entitlements,Aug-97,309.9,2.1,301.5,2.6,305.4,3.9,326.4,3.9,273.3,4.6,300.0,6.6,301.7,16.3,352.0,5.7,305.0,1.4
Median weekly earnings,Persons,Part-time,With leave entitlements,Aug-98,311.8,2.8,300.0,1.7,312.0,3.1,350.0,3.0,300.0,4.1,355.0,5.6,378.0,6.8,384.0,5.5,314.0,1.6
Median weekly earnings,Persons,Part-time,With leave entitlements,Aug-99,345.0,3.2,305.2,1.7,320.0,3.6,349.8,4.5,297.6,4.0,369.8,5.0,337.1,9.9,375.5,5.0,325.0,1.3
Median weekly earnings,Persons,Part-time,With leave entitlements,Aug-00,350.0,3.1,320.0,3.9,343.9,3.9,350.0,3.9,330.5,4.2,366.9,6.2,310.4,14.9,450.0,7.6,340.0,1.8
Median weekly earnings,Persons,Part-time,With leave entitlements,Aug-01,377.0,3.0,350.0,2.9,350.0,2.3,364.3,3.4,324.7,3.2,366.7,5.9,323.7,17.9,424.9,6.0,354.8,1.1
Median weekly earnings,Persons,Part-time,With leave entitlements,Aug-02,380.0,2.7,365.0,2.5,375.0,3.1,400.0,1.7,328.5,3.2,375.0,5.3,368.6,22.6,489.0,5.9,375.0,1.6
Median weekly earnings,Persons,Part-time,With leave entitlements,Aug-03,400.0,3.9,375.0,3.3,390.0,2.2,400.0,2.7,375.0,2.7,397.0,3.9,423.3,5.2,485.6,5.5,400.0,1.3
Median weekly earnings,Persons,Part-time,With leave entitlements,Aug-04,436.5,2.7,420.8,3.4,420.0,3.0,400.0,1.8,397.7,3.1,434.6,3.2,487.9,9.8,500.0,3.1,420.0,2.3
Median weekly earnings,Persons,Part-time,With leave entitlements,Aug-05,450.0,2.3,425.0,3.0,450.0,3.7,450.0,4.2,400.0,1.1,448.2,4.3,480.5,8.1,536.0,7.0,442.0,1.4
Median weekly earnings,Persons,Part-time,With leave entitlements,Aug-06,475.0,2.7,435.0,2.1,475.0,2.7,450.0,3.3,443.0,1.6,428.2,3.5,500.0,20.0,550.0,5.5,450.0,1.1
Median weekly earnings,Persons,Part-time,With leave entitlements,Aug-07,487.0,1.5,468.4,2.7,497.0,3.3,475.0,2.7,465.0,2.2,480.0,2.6,600.0,5.7,600.0,5.3,481.0,1.3
Median weekly earnings,Persons,Part-time,With leave entitlements,Aug-08,525.7,2.4,500.0,2.3,500.0,2.9,500.0,4.8,500.0,4.7,500.0,0.6,500.0,9.7,650.0,9.7,500.0,1.0
Median weekly earnings,Persons,Part-time,With leave entitlements,Aug-09,547.9,3.7,507.5,3.1,540.0,3.4,550.0,2.5,500.0,3.5,549.0,4.6,579.8,6.3,652.6,11.3,534.3,2.2
Median weekly earnings,Persons,Part-time,With leave entitlements,Aug-10,550.0,2.9,522.9,2.4,550.0,3.5,550.0,4.5,550.0,4.4,550.0,4.6,675.3,7.7,700.0,3.6,550.0,1.2
Median weekly earnings,Persons,Part-time,With leave entitlements,Aug-11,560.0,2.0,530.0,2.4,596.2,2.1,600.0,3.3,550.0,4.6,558.8,2.6,600.0,6.2,745.0,6.3,558.0,1.2
Median weekly earnings,Persons,Part-time,With leave entitlements,Aug-12,600.0,1.8,575.0,2.2,600.0,3.1,600.0,1.3,551.0,4.3,590.7,3.1,604.1,7.0,732.1,8.0,600.0,1.1
Median weekly earnings,Persons,Part-time,With leave entitlements,Aug-13,600.0,1.9,600.0,2.1,600.0,3.2,600.0,3.5,578.4,2.5,550.0,3.6,650.0,7.7,736.0,8.4,600.0,0.1
Median weekly earnings,Persons,Part-time,With leave entitlements,Aug-14,650.0,2.5,597.0,2.2,650.0,3.4,599.0,1.8,600.0,3.1,579.9,4.0,649.1,4.9,850.0,9.0,620.0,1.6
Median weekly earnings,Persons,Part-time,With leave entitlements,Aug-15,650.0,2.1,650.0,2.9,683.9,1.9,650.0,3.9,649.8,3.2,640.4,3.3,750.0,8.3,726.8,7.9,650.0,1.0
Median weekly earnings,Persons,Part-time,With leave entitlements,Aug-16,667.7,1.9,625.0,2.0,697.6,3.2,650.0,2.8,660.8,4.8,614.9,3.7,750.0,4.3,800.0,4.7,650.0,0.8
Median weekly earnings,Persons,Part-time,With leave entitlements,Aug-17,678.3,2.0,675.0,1.9,693.9,2.6,700.0,3.6,676.9,4.0,650.0,3.5,800.0,6.2,900.0,5.8,685.0,1.4
Median weekly earnings,Persons,Part-time,With leave entitlements,Aug-18,675.0,1.9,700.0,2.9,700.0,3.6,720.0,1.8,700.0,3.6,652.0,3.5,833.1,9.6,890.7,8.2,700.0,0.8
Median weekly earnings,Persons,Part-time,With leave entitlements,Aug-19,750.0,2.7,700.0,2.3,720.0,2.5,710.0,2.2,703.2,2.7,715.4,3.9,800.0,9.2,856.5,6.0,722.0,1.8
Median weekly earnings,Persons,Part-time,With leave entitlements,Aug-20,750.0,1.5,750.0,1.7,789.1,2.8,750.0,1.9,750.0,1.7,778.9,2.7,786.7,4.9,850.6,7.0,750.0,0.6
Median weekly earnings,Persons,Part-time,With leave entitlements,Aug-21,779.1,1.6,750.0,2.5,750.0,2.7,792.0,3.5,750.0,3.4,778.3,2.0,899.8,6.6,923.5,4.6,755.6,1.3
Median weekly earnings,Persons,Part-time,With leave entitlements,Aug-22,808.1,3.7,814.6,2.6,800.0,4.2,833.0,4.2,799.4,3.5,760.1,2.1,890.5,8.6,900.0,5.7,801.0,1.6
Median weekly earnings,Persons,Part-time,With leave entitlements,Aug-23,840.0,2.4,837.5,2.8,900.0,2.9,863.1,2.6,829.5,3.7,879.5,4.2,"1,002.6",8.5,895.9,5.6,853.8,1.7
Median weekly earnings,Persons,Part-time,With leave entitlements,Aug-24,900.0,2.6,900.0,2.0,865.0,1.7,850.0,3.0,900.0,4.6,865.0,4.7,"1,000.0",5.9,953.1,8.7,900.0,1.0
Median weekly earnings,Persons,Part-time,Without leave entitlements,Aug-75,0.0,0.0,0.0,0.0,0.0,0.0,0.0,0.0,0.0,0.0,0.0,0.0,0.0,0.0,0.0,0.0,0.0,0.0
Median weekly earnings,Persons,Part-time,Without leave entitlements,Aug-76,0.0,0.0,0.0,0.0,0.0,0.0,0.0,0.0,0.0,0.0,0.0,0.0,0.0,0.0,0.0,0.0,0.0,0.0
Median weekly earnings,Persons,Part-time,Without leave entitlements,Aug-77,0.0,0.0,0.0,0.0,0.0,0.0,0.0,0.0,0.0,0.0,0.0,0.0,0.0,0.0,0.0,0.0,0.0,0.0
Median weekly earnings,Persons,Part-time,Without leave entitlements,Aug-78,0.0,0.0,0.0,0.0,0.0,0.0,0.0,0.0,0.0,0.0,0.0,0.0,0.0,0.0,0.0,0.0,0.0,0.0
Median weekly earnings,Persons,Part-time,Without leave entitlements,Aug-79,0.0,0.0,0.0,0.0,0.0,0.0,0.0,0.0,0.0,0.0,0.0,0.0,0.0,0.0,0.0,0.0,0.0,0.0
Median weekly earnings,Persons,Part-time,Without leave entitlements,Aug-80,0.0,0.0,0.0,0.0,0.0,0.0,0.0,0.0,0.0,0.0,0.0,0.0,0.0,0.0,0.0,0.0,0.0,0.0
Median weekly earnings,Persons,Part-time,Without leave entitlements,Aug-81,0.0,0.0,0.0,0.0,0.0,0.0,0.0,0.0,0.0,0.0,0.0,0.0,0.0,0.0,0.0,0.0,0.0,0.0
Median weekly earnings,Persons,Part-time,Without leave entitlements,Aug-82,0.0,0.0,0.0,0.0,0.0,0.0,0.0,0.0,0.0,0.0,0.0,0.0,0.0,0.0,0.0,0.0,0.0,0.0
Median weekly earnings,Persons,Part-time,Without leave entitlements,Aug-83,0.0,0.0,0.0,0.0,0.0,0.0,0.0,0.0,0.0,0.0,0.0,0.0,0.0,0.0,0.0,0.0,0.0,0.0
Median weekly earnings,Persons,Part-time,Without leave entitlements,Aug-84,0.0,0.0,0.0,0.0,0.0,0.0,0.0,0.0,0.0,0.0,0.0,0.0,0.0,0.0,0.0,0.0,0.0,0.0
Median weekly earnings,Persons,Part-time,Without leave entitlements,Aug-85,0.0,0.0,0.0,0.0,0.0,0.0,0.0,0.0,0.0,0.0,0.0,0.0,0.0,0.0,0.0,0.0,0.0,0.0
Median weekly earnings,Persons,Part-time,Without leave entitlements,Aug-86,0.0,0.0,0.0,0.0,0.0,0.0,0.0,0.0,0.0,0.0,0.0,0.0,0.0,0.0,0.0,0.0,0.0,0.0
Median weekly earnings,Persons,Part-time,Without leave entitlements,Aug-87,0.0,0.0,0.0,0.0,0.0,0.0,0.0,0.0,0.0,0.0,0.0,0.0,0.0,0.0,0.0,0.0,0.0,0.0
Median weekly earnings,Persons,Part-time,Without leave entitlements,Aug-88,0.0,0.0,0.0,0.0,0.0,0.0,0.0,0.0,0.0,0.0,0.0,0.0,0.0,0.0,0.0,0.0,116.0,0.0
Median weekly earnings,Persons,Part-time,Without leave entitlements,Aug-89,100.0,0.0,100.0,0.0,100.0,0.0,100.0,0.0,100.0,0.0,100.0,0.0,140.0,0.0,100.0,0.0,100.0,0.0
Median weekly earnings,Persons,Part-time,Without leave entitlements,Aug-90,140.0,0.0,100.0,0.0,140.0,0.0,140.0,0.0,100.0,0.0,100.0,0.0,140.0,0.0,100.0,0.0,100.0,0.0
Median weekly earnings,Persons,Part-time,Without leave entitlements,Jul-91,0.0,0.0,0.0,0.0,0.0,0.0,0.0,0.0,0.0,0.0,0.0,0.0,0.0,0.0,0.0,0.0,134.0,0.0
Median weekly earnings,Persons,Part-time,Without leave entitlements,Aug-92,140.0,0.0,100.0,0.0,140.0,7.3,140.0,0.0,100.0,0.0,100.0,10.2,140.0,7.3,140.0,7.3,140.0,0.0
Median weekly earnings,Persons,Part-time,Without leave entitlements,Aug-93,140.0,0.0,100.0,10.2,140.0,7.3,180.0,5.7,100.0,10.2,140.0,7.3,140.0,19.0,140.0,7.3,140.0,0.0
Median weekly earnings,Persons,Part-time,Without leave entitlements,Aug-94,140.0,0.0,140.0,7.3,140.0,0.0,140.0,7.3,140.0,7.3,140.0,7.3,212.9,9.6,140.0,7.3,140.0,0.0
Median weekly earnings,Persons,Part-time,Without leave entitlements,Aug-95,140.0,0.0,100.0,10.2,140.0,0.0,140.0,7.3,100.0,10.2,140.0,7.3,140.0,14.6,140.0,7.3,140.0,0.0
Median weekly earnings,Persons,Part-time,Without leave entitlements,Aug-96,0.0,0.0,0.0,0.0,0.0,0.0,0.0,0.0,0.0,0.0,0.0,0.0,0.0,0.0,0.0,0.0,0.0,0.0
Median weekly earnings,Persons,Part-time,Without leave entitlements,Aug-97,160.0,4.8,122.7,3.5,150.0,6.1,150.0,6.3,102.6,6.0,150.0,6.8,145.7,6.9,150.0,10.1,148.1,1.7
Median weekly earnings,Persons,Part-time,Without leave entitlements,Aug-98,150.0,3.4,125.0,5.7,150.0,5.4,154.7,6.6,142.7,7.2,158.0,9.1,167.8,15.6,155.0,6.6,149.9,1.7
Median weekly earnings,Persons,Part-time,Without leave entitlements,Aug-99,165.4,6.0,135.0,5.7,157.4,4.5,150.0,8.2,128.5,4.7,159.4,6.7,196.7,7.8,154.2,9.0,150.0,2.7
Median weekly earnings,Persons,Part-time,Without leave entitlements,Aug-00,172.0,4.0,138.4,5.5,182.0,5.4,175.0,6.6,135.0,5.5,148.3,15.0,223.0,14.2,161.3,14.1,159.0,1.9
Median weekly earnings,Persons,Part-time,Without leave entitlements,Aug-01,173.8,6.6,158.0,3.2,180.0,4.8,200.0,6.4,138.2,5.4,154.7,9.7,260.9,11.8,168.7,6.7,168.0,2.3
Median weekly earnings,Persons,Part-time,Without leave entitlements,Aug-02,200.0,2.0,150.0,4.0,183.0,5.1,188.0,3.8,150.0,5.6,178.3,8.4,199.2,15.1,150.5,8.3,173.0,2.4
Median weekly earnings,Persons,Part-time,Without leave entitlements,Aug-03,200.6,4.7,170.0,4.5,175.4,3.6,224.4,6.3,174.2,5.9,175.0,11.5,240.8,17.0,175.4,7.6,185.0,1.8
Median weekly earnings,Persons,Part-time,Without leave entitlements,Aug-04,210.0,5.8,184.0,5.5,214.0,5.2,220.0,5.6,189.5,5.4,190.1,11.3,240.0,13.9,180.0,13.3,200.0,1.1
Median weekly earnings,Persons,Part-time,Without leave entitlements,Aug-05,203.0,3.7,200.0,2.4,205.7,7.4,205.6,3.4,200.0,7.7,195.1,7.5,248.6,14.1,191.7,9.3,200.0,1.0
Median weekly earnings,Persons,Part-time,Without leave entitlements,Aug-06,220.2,5.7,192.0,3.7,217.9,4.7,226.8,5.4,200.0,7.6,222.2,5.8,250.0,20.6,195.6,5.8,207.0,2.5
Median weekly earnings,Persons,Part-time,Without leave entitlements,Aug-07,250.0,3.6,200.0,3.5,250.0,3.0,220.0,4.6,220.0,5.8,210.0,6.1,236.6,9.6,200.0,10.7,230.0,2.2
Median weekly earnings,Persons,Part-time,Without leave entitlements,Aug-08,250.0,4.8,200.0,3.7,270.0,5.8,255.3,4.5,200.0,11.5,234.8,7.8,269.7,12.7,200.0,15.6,240.0,2.7
Median weekly earnings,Persons,Part-time,Without leave entitlements,Aug-09,250.0,3.8,215.5,3.5,300.0,4.3,279.9,5.0,250.0,7.2,274.9,8.9,350.0,11.6,261.6,9.8,250.0,1.5
Median weekly earnings,Persons,Part-time,Without leave entitlements,Aug-10,280.0,4.6,237.2,3.5,300.0,5.6,285.9,5.5,250.0,4.0,240.5,7.1,360.0,8.8,249.5,6.4,260.0,2.9
Median weekly earnings,Persons,Part-time,Without leave entitlements,Aug-11,300.0,2.3,250.0,3.6,300.0,4.2,275.0,4.6,270.4,5.7,275.9,6.9,350.0,12.1,272.0,14.1,280.0,2.8
Median weekly earnings,Persons,Part-time,Without leave entitlements,Aug-12,280.0,4.6,277.5,4.3,300.0,2.8,299.8,6.4,300.0,6.4,250.0,7.3,300.0,12.3,298.6,6.8,288.0,2.1
Median weekly earnings,Persons,Part-time,Without leave entitlements,Aug-13,278.4,4.6,266.4,4.0,340.0,4.4,300.0,5.8,300.0,7.2,281.5,10.0,331.9,11.3,306.8,15.2,300.0,1.9
Median weekly earnings,Persons,Part-time,Without leave entitlements,Aug-14,300.0,2.4,270.0,5.7,310.8,3.9,330.2,4.7,347.0,8.2,304.8,9.2,350.0,11.8,320.3,9.1,300.0,0.6
Median weekly earnings,Persons,Part-time,Without leave entitlements,Aug-15,323.5,3.9,300.0,3.6,350.0,6.9,386.0,6.1,300.0,5.5,264.6,9.4,322.7,12.4,347.4,8.9,322.7,3.6
Median weekly earnings,Persons,Part-time,Without leave entitlements,Aug-16,355.9,1.8,300.0,4.9,360.0,7.1,373.9,5.5,313.2,7.2,329.4,7.0,363.0,8.4,376.8,11.7,345.0,2.0
Median weekly earnings,Persons,Part-time,Without leave entitlements,Aug-17,368.2,2.9,310.0,4.0,380.0,3.4,370.7,4.8,350.0,7.3,300.0,5.9,394.6,12.6,300.0,7.3,350.0,2.0
Median weekly earnings,Persons,Part-time,Without leave entitlements,Aug-18,400.0,1.8,300.0,4.6,378.8,3.4,375.0,4.7,359.6,7.0,375.0,6.3,450.0,8.5,332.5,13.6,375.0,3.1
Median weekly earnings,Persons,Part-time,Without leave entitlements,Aug-19,400.0,3.8,360.0,4.2,400.0,4.6,358.6,6.4,400.0,8.3,400.0,5.7,435.7,10.9,320.8,10.3,390.0,2.0
Median weekly earnings,Persons,Part-time,Without leave entitlements,Aug-20,450.0,4.1,475.5,4.0,429.6,4.9,500.0,5.9,485.2,6.2,484.0,7.9,462.2,7.4,400.0,9.7,450.0,2.8
Median weekly earnings,Persons,Part-time,Without leave entitlements,Aug-21,420.0,4.0,348.8,7.3,448.2,4.8,400.0,5.6,385.0,4.6,400.0,10.8,450.0,5.8,455.9,14.3,400.0,2.2
Median weekly earnings,Persons,Part-time,Without leave entitlements,Aug-22,450.0,3.0,425.6,4.8,408.3,6.3,402.2,4.3,400.0,6.1,400.0,9.0,449.8,11.0,468.1,16.4,424.0,3.0
Median weekly earnings,Persons,Part-time,Without leave entitlements,Aug-23,480.0,2.7,440.0,4.3,500.0,4.1,480.0,4.7,486.0,5.5,456.0,7.0,513.4,11.7,317.2,12.0,470.0,2.1
Median weekly earnings,Persons,Part-time,Without leave entitlements,Aug-24,499.0,3.5,400.0,2.6,500.0,5.7,500.0,5.1,439.1,5.9,425.8,8.4,546.3,14.0,416.5,11.0,458.4,2.4
Median weekly earnings,Persons,Part-time,Total,Aug-75,0.0,0.0,0.0,0.0,0.0,0.0,0.0,0.0,0.0,0.0,0.0,0.0,0.0,0.0,0.0,0.0,53.0,0.0
Median weekly earnings,Persons,Part-time,Total,Aug-76,0.0,0.0,0.0,0.0,0.0,0.0,0.0,0.0,0.0,0.0,0.0,0.0,0.0,0.0,0.0,0.0,63.0,0.0
Median weekly earnings,Persons,Part-time,Total,Aug-77,0.0,0.0,0.0,0.0,0.0,0.0,0.0,0.0,0.0,0.0,0.0,0.0,0.0,0.0,0.0,0.0,67.0,0.0
Median weekly earnings,Persons,Part-time,Total,Aug-78,0.0,0.0,0.0,0.0,0.0,0.0,0.0,0.0,0.0,0.0,0.0,0.0,0.0,0.0,0.0,0.0,75.0,0.0
Median weekly earnings,Persons,Part-time,Total,Aug-79,0.0,0.0,0.0,0.0,0.0,0.0,0.0,0.0,0.0,0.0,0.0,0.0,0.0,0.0,0.0,0.0,80.0,0.0
Median weekly earnings,Persons,Part-time,Total,Aug-80,0.0,0.0,0.0,0.0,0.0,0.0,0.0,0.0,0.0,0.0,0.0,0.0,0.0,0.0,0.0,0.0,86.0,0.0
Median weekly earnings,Persons,Part-time,Total,Aug-81,0.0,0.0,0.0,0.0,0.0,0.0,0.0,0.0,0.0,0.0,0.0,0.0,0.0,0.0,0.0,0.0,97.0,0.0
Median weekly earnings,Persons,Part-time,Total,Aug-82,0.0,0.0,0.0,0.0,0.0,0.0,0.0,0.0,0.0,0.0,0.0,0.0,0.0,0.0,0.0,0.0,107.0,0.0
Median weekly earnings,Persons,Part-time,Total,Aug-83,0.0,0.0,0.0,0.0,0.0,0.0,0.0,0.0,0.0,0.0,0.0,0.0,0.0,0.0,0.0,0.0,112.0,0.0
Median weekly earnings,Persons,Part-time,Total,Aug-84,0.0,0.0,0.0,0.0,0.0,0.0,0.0,0.0,0.0,0.0,0.0,0.0,0.0,0.0,0.0,0.0,120.0,0.0
Median weekly earnings,Persons,Part-time,Total,Aug-85,0.0,0.0,0.0,0.0,0.0,0.0,0.0,0.0,0.0,0.0,0.0,0.0,0.0,0.0,0.0,0.0,133.0,0.0
Median weekly earnings,Persons,Part-time,Total,Aug-86,0.0,0.0,0.0,0.0,0.0,0.0,0.0,0.0,0.0,0.0,0.0,0.0,0.0,0.0,0.0,0.0,136.0,0.0
Median weekly earnings,Persons,Part-time,Total,Aug-87,156.0,0.0,145.0,0.0,134.0,0.0,150.0,0.0,129.0,0.0,134.0,0.0,137.0,0.0,160.0,0.0,146.0,0.0
Median weekly earnings,Persons,Part-time,Total,Aug-88,160.0,0.0,157.0,0.0,138.0,0.0,163.0,0.0,145.0,0.0,130.0,0.0,189.0,0.0,171.0,0.0,151.0,0.0
Median weekly earnings,Persons,Part-time,Total,Aug-89,140.0,0.0,140.0,0.0,140.0,0.0,180.0,0.0,140.0,0.0,140.0,0.0,180.0,0.0,140.0,0.0,140.0,0.0
Median weekly earnings,Persons,Part-time,Total,Aug-90,180.0,0.0,140.0,0.0,140.0,0.0,180.0,0.0,140.0,0.0,140.0,0.0,180.0,0.0,140.0,0.0,140.0,0.0
Median weekly earnings,Persons,Part-time,Total,Jul-91,0.0,0.0,0.0,0.0,0.0,0.0,0.0,0.0,0.0,0.0,0.0,0.0,0.0,0.0,0.0,0.0,180.0,0.0
Median weekly earnings,Persons,Part-time,Total,Aug-92,180.0,0.0,180.0,5.7,140.0,7.3,180.0,0.0,140.0,0.0,140.0,7.3,180.0,11.3,180.0,5.7,180.0,0.0
Median weekly earnings,Persons,Part-time,Total,Aug-93,180.0,5.7,180.0,0.0,180.0,0.0,220.0,4.6,180.0,0.0,180.0,5.7,180.0,11.3,180.0,5.7,180.0,0.0
Median weekly earnings,Persons,Part-time,Total,Aug-94,180.0,5.7,180.0,0.0,180.0,0.0,180.0,5.7,180.0,0.0,180.0,5.7,220.0,9.3,180.0,5.7,180.0,0.0
Median weekly earnings,Persons,Part-time,Total,Aug-95,220.0,4.6,180.0,0.0,180.0,0.0,220.0,0.0,180.0,5.7,180.0,5.7,180.0,11.3,180.0,5.7,180.0,0.0
Median weekly earnings,Persons,Part-time,Total,Aug-96,0.0,0.0,0.0,0.0,0.0,0.0,0.0,0.0,0.0,0.0,0.0,0.0,0.0,0.0,0.0,0.0,0.0,0.0
Median weekly earnings,Persons,Part-time,Total,Aug-97,220.0,4.6,200.0,3.2,189.2,3.4,230.0,3.5,172.0,4.2,200.0,3.8,169.0,10.5,228.7,6.1,200.0,1.3
Median weekly earnings,Persons,Part-time,Total,Aug-98,210.0,3.1,208.0,4.0,200.0,3.1,229.0,5.6,200.0,5.0,225.0,5.7,246.4,10.3,241.6,7.5,210.0,2.4
Median weekly earnings,Persons,Part-time,Total,Aug-99,238.9,3.5,210.3,3.6,206.0,3.1,244.4,3.7,200.0,3.3,250.0,5.6,247.3,10.7,220.0,5.7,221.0,2.1
Median weekly earnings,Persons,Part-time,Total,Aug-00,245.0,2.1,215.0,3.6,240.0,3.1,230.0,3.9,194.6,5.5,234.8,6.2,250.0,8.7,262.4,5.1,230.0,1.2
Median weekly earnings,Persons,Part-time,Total,Aug-01,250.0,3.1,234.0,2.6,250.0,1.3,260.0,3.2,224.3,4.5,248.3,4.7,291.7,10.1,268.8,4.7,245.0,1.0
Median weekly earnings,Persons,Part-time,Total,Aug-02,275.1,3.7,227.9,2.4,259.3,3.0,258.0,2.8,240.0,4.0,250.7,6.1,243.2,14.7,268.9,7.1,250.0,1.0
Median weekly earnings,Persons,Part-time,Total,Aug-03,297.0,2.4,260.0,2.2,256.1,2.3,300.0,3.8,250.0,2.4,277.1,3.9,313.4,11.4,288.5,7.9,274.0,1.6
Median weekly earnings,Persons,Part-time,Total,Aug-04,314.6,2.4,285.0,3.6,299.7,2.7,300.0,1.7,272.0,4.7,300.0,5.9,313.7,14.3,316.8,4.0,300.0,0.4
Median weekly earnings,Persons,Part-time,Total,Aug-05,310.0,3.3,300.0,1.9,310.0,2.5,309.9,2.5,300.0,2.5,300.0,5.0,302.8,13.3,314.7,5.2,300.1,0.9
Median weekly earnings,Persons,Part-time,Total,Aug-06,325.7,1.9,310.0,2.5,330.0,3.1,313.6,3.7,300.0,3.0,320.6,4.0,362.2,16.0,340.0,6.6,320.0,1.7
Median weekly earnings,Persons,Part-time,Total,Aug-07,350.0,2.2,330.0,3.6,340.0,2.3,350.0,2.6,350.0,1.8,350.0,2.5,380.0,5.1,350.0,5.8,350.0,0.7
Median weekly earnings,Persons,Part-time,Total,Aug-08,376.0,3.3,347.9,2.6,357.4,4.6,358.0,3.6,326.8,4.2,365.0,5.2,350.0,7.3,348.2,6.8,357.0,0.8
Median weekly earnings,Persons,Part-time,Total,Aug-09,375.7,3.1,349.4,3.8,400.0,3.5,382.6,3.3,360.0,3.8,420.0,5.5,412.2,8.1,388.4,10.2,375.0,1.6
Median weekly earnings,Persons,Part-time,Total,Aug-10,400.0,1.6,360.0,4.3,400.0,2.9,400.0,3.3,382.0,3.2,384.1,5.4,450.0,6.4,450.0,5.7,400.0,1.1
Median weekly earnings,Persons,Part-time,Total,Aug-11,400.1,2.3,380.0,3.0,420.0,2.5,420.0,3.4,400.0,3.2,400.0,3.5,450.0,7.0,480.0,5.8,400.0,0.9
Median weekly earnings,Persons,Part-time,Total,Aug-12,400.0,2.0,408.5,2.4,412.7,3.1,440.0,3.5,420.0,3.0,451.5,3.8,400.0,8.6,459.5,7.5,416.2,1.6
Median weekly earnings,Persons,Part-time,Total,Aug-13,426.0,3.0,410.0,2.5,450.0,2.6,450.0,3.1,440.0,4.3,445.0,4.3,500.0,7.6,500.0,5.8,432.7,1.5
Median weekly earnings,Persons,Part-time,Total,Aug-14,479.0,2.4,441.0,2.7,475.0,2.7,475.0,3.0,479.9,2.7,460.0,4.8,500.0,4.8,499.5,9.2,460.0,1.4
Median weekly earnings,Persons,Part-time,Total,Aug-15,480.0,2.7,470.8,2.9,500.0,2.8,500.0,1.8,480.0,2.7,460.7,3.2,480.0,7.1,516.8,7.1,483.0,1.2
Median weekly earnings,Persons,Part-time,Total,Aug-16,500.0,1.9,450.0,3.4,495.0,2.5,500.0,2.2,496.3,2.6,500.0,4.7,542.6,6.9,580.4,4.9,487.0,1.0
Median weekly earnings,Persons,Part-time,Total,Aug-17,500.0,2.3,483.0,2.1,520.0,2.3,511.6,2.5,500.0,2.5,520.4,3.9,501.9,6.9,507.9,7.8,500.0,0.1
Median weekly earnings,Persons,Part-time,Total,Aug-18,525.0,2.4,540.0,2.4,500.0,2.7,550.0,3.0,522.0,1.8,540.0,3.2,519.9,3.9,550.0,6.1,525.0,1.6
Median weekly earnings,Persons,Part-time,Total,Aug-19,550.0,3.9,513.0,2.6,552.6,3.3,538.1,3.2,575.0,2.9,548.7,3.7,600.0,6.4,586.1,8.7,549.0,1.0
Median weekly earnings,Persons,Part-time,Total,Aug-20,674.0,2.1,675.0,2.2,664.2,1.9,655.5,3.0,675.2,2.4,689.1,3.0,600.0,10.4,700.0,6.6,674.0,1.8
Median weekly earnings,Persons,Part-time,Total,Aug-21,600.0,2.7,589.9,2.2,600.0,2.9,600.0,3.0,600.0,2.7,597.9,1.7,600.0,4.7,700.0,6.0,600.0,0.7
Median weekly earnings,Persons,Part-time,Total,Aug-22,622.5,2.0,612.0,2.1,623.0,2.3,620.8,2.7,600.0,2.7,600.9,3.0,694.7,6.5,700.0,6.1,617.0,1.5
Median weekly earnings,Persons,Part-time,Total,Aug-23,650.0,2.2,660.0,1.9,683.1,1.9,680.1,2.2,650.0,2.8,695.8,4.0,700.0,5.0,630.4,6.7,657.0,0.9
Median weekly earnings,Persons,Part-time,Total,Aug-24,675.0,2.4,684.5,2.2,688.5,2.6,700.0,2.9,700.0,4.0,725.0,3.3,720.0,3.8,704.0,4.4,691.1,1.2
Median weekly earnings,Persons,Total,With leave entitlements,Aug-75,0.0,0.0,0.0,0.0,0.0,0.0,0.0,0.0,0.0,0.0,0.0,0.0,0.0,0.0,0.0,0.0,0.0,0.0
Median weekly earnings,Persons,Total,With leave entitlements,Aug-76,0.0,0.0,0.0,0.0,0.0,0.0,0.0,0.0,0.0,0.0,0.0,0.0,0.0,0.0,0.0,0.0,0.0,0.0
Median weekly earnings,Persons,Total,With leave entitlements,Aug-77,0.0,0.0,0.0,0.0,0.0,0.0,0.0,0.0,0.0,0.0,0.0,0.0,0.0,0.0,0.0,0.0,0.0,0.0
Median weekly earnings,Persons,Total,With leave entitlements,Aug-78,0.0,0.0,0.0,0.0,0.0,0.0,0.0,0.0,0.0,0.0,0.0,0.0,0.0,0.0,0.0,0.0,0.0,0.0
Median weekly earnings,Persons,Total,With leave entitlements,Aug-79,0.0,0.0,0.0,0.0,0.0,0.0,0.0,0.0,0.0,0.0,0.0,0.0,0.0,0.0,0.0,0.0,0.0,0.0
Median weekly earnings,Persons,Total,With leave entitlements,Aug-80,0.0,0.0,0.0,0.0,0.0,0.0,0.0,0.0,0.0,0.0,0.0,0.0,0.0,0.0,0.0,0.0,0.0,0.0
Median weekly earnings,Persons,Total,With leave entitlements,Aug-81,0.0,0.0,0.0,0.0,0.0,0.0,0.0,0.0,0.0,0.0,0.0,0.0,0.0,0.0,0.0,0.0,0.0,0.0
Median weekly earnings,Persons,Total,With leave entitlements,Aug-82,0.0,0.0,0.0,0.0,0.0,0.0,0.0,0.0,0.0,0.0,0.0,0.0,0.0,0.0,0.0,0.0,0.0,0.0
Median weekly earnings,Persons,Total,With leave entitlements,Aug-83,0.0,0.0,0.0,0.0,0.0,0.0,0.0,0.0,0.0,0.0,0.0,0.0,0.0,0.0,0.0,0.0,0.0,0.0
Median weekly earnings,Persons,Total,With leave entitlements,Aug-84,0.0,0.0,0.0,0.0,0.0,0.0,0.0,0.0,0.0,0.0,0.0,0.0,0.0,0.0,0.0,0.0,307.0,0.0
Median weekly earnings,Persons,Total,With leave entitlements,Aug-85,0.0,0.0,0.0,0.0,0.0,0.0,0.0,0.0,0.0,0.0,0.0,0.0,0.0,0.0,0.0,0.0,328.0,0.0
Median weekly earnings,Persons,Total,With leave entitlements,Aug-86,0.0,0.0,0.0,0.0,0.0,0.0,0.0,0.0,0.0,0.0,0.0,0.0,0.0,0.0,0.0,0.0,349.0,0.0
Median weekly earnings,Persons,Total,With leave entitlements,Aug-87,0.0,0.0,0.0,0.0,0.0,0.0,0.0,0.0,0.0,0.0,0.0,0.0,0.0,0.0,0.0,0.0,373.0,0.0
Median weekly earnings,Persons,Total,With leave entitlements,Aug-88,0.0,0.0,0.0,0.0,0.0,0.0,0.0,0.0,0.0,0.0,0.0,0.0,0.0,0.0,0.0,0.0,392.0,0.0
Median weekly earnings,Persons,Total,With leave entitlements,Aug-89,420.0,0.0,420.0,0.0,420.0,0.0,420.0,0.0,420.0,0.0,420.0,0.0,500.0,0.0,500.0,0.0,420.0,0.0
Median weekly earnings,Persons,Total,With leave entitlements,Aug-90,460.0,0.0,460.0,0.0,420.0,0.0,420.0,0.0,460.0,0.0,420.0,0.0,500.0,0.0,540.0,0.0,460.0,0.0
Median weekly earnings,Persons,Total,With leave entitlements,Jul-91,0.0,0.0,0.0,0.0,0.0,0.0,0.0,0.0,0.0,0.0,0.0,0.0,0.0,0.0,0.0,0.0,471.0,0.0
Median weekly earnings,Persons,Total,With leave entitlements,Aug-92,500.0,0.0,500.0,2.0,460.0,2.2,460.0,2.2,500.0,0.0,460.0,2.2,540.0,3.8,580.0,3.5,500.0,0.0
Median weekly earnings,Persons,Total,With leave entitlements,Aug-93,540.0,1.9,500.0,0.0,500.0,0.0,500.0,0.0,500.0,0.0,500.0,2.0,540.0,1.9,620.0,1.6,500.0,0.0
Median weekly earnings,Persons,Total,With leave entitlements,Aug-94,540.0,0.0,540.0,0.0,500.0,0.0,500.0,2.0,540.0,1.9,500.0,0.0,580.0,5.3,620.0,1.6,540.0,0.0
Median weekly earnings,Persons,Total,With leave entitlements,Aug-95,540.0,1.9,540.0,1.9,540.0,1.9,540.0,1.9,540.0,1.9,500.0,2.0,540.0,1.9,620.0,1.6,540.0,0.0
Median weekly earnings,Persons,Total,With leave entitlements,Aug-96,0.0,0.0,0.0,0.0,0.0,0.0,0.0,0.0,0.0,0.0,0.0,0.0,0.0,0.0,0.0,0.0,0.0,0.0
Median weekly earnings,Persons,Total,With leave entitlements,Aug-97,600.0,0.9,570.0,1.3,576.0,1.8,564.2,1.4,580.0,2.2,540.0,1.4,630.0,4.0,697.3,1.3,580.0,1.0
Median weekly earnings,Persons,Total,With leave entitlements,Aug-98,613.6,1.3,585.7,1.3,581.1,1.3,573.8,2.2,590.0,1.1,550.0,2.4,650.0,3.0,710.8,2.2,600.0,0.0
Median weekly earnings,Persons,Total,With leave entitlements,Aug-99,655.0,1.0,600.0,0.9,600.0,0.4,600.0,0.8,635.6,1.8,574.4,1.8,667.9,1.9,750.0,2.3,625.0,0.7
Median weekly earnings,Persons,Total,With leave entitlements,Aug-00,673.0,1.5,657.0,0.9,640.0,1.2,629.9,1.6,641.0,1.0,600.0,1.4,726.6,4.2,807.0,2.5,650.0,0.7
Median weekly earnings,Persons,Total,With leave entitlements,Aug-01,700.0,0.9,667.0,1.5,650.0,1.0,670.0,1.2,650.0,2.0,615.0,1.4,702.9,2.1,780.0,2.3,680.0,0.7
Median weekly earnings,Persons,Total,With leave entitlements,Aug-02,750.0,0.9,700.0,0.7,682.0,1.2,700.0,0.6,700.9,1.2,634.0,2.9,777.8,2.3,841.7,1.7,700.0,0.3
Median weekly earnings,Persons,Total,With leave entitlements,Aug-03,750.0,0.6,701.6,1.1,700.0,0.6,700.0,0.7,721.6,2.1,673.0,1.9,750.0,2.4,865.0,2.2,730.0,1.0
Median weekly earnings,Persons,Total,With leave entitlements,Aug-04,800.0,1.0,750.0,0.9,736.2,1.5,714.6,1.6,742.0,1.2,700.0,2.1,808.7,3.8,900.0,1.8,750.0,0.3
Median weekly earnings,Persons,Total,With leave entitlements,Aug-05,804.6,1.4,800.0,0.6,759.0,1.2,758.6,1.0,782.0,1.6,700.0,1.9,850.0,2.8,947.4,2.4,800.0,0.4
Median weekly earnings,Persons,Total,With leave entitlements,Aug-06,851.3,0.8,805.0,0.8,800.0,0.3,800.0,1.4,805.0,1.5,750.0,3.4,896.2,2.8,"1,000.0",1.5,825.0,1.0
Median weekly earnings,Persons,Total,With leave entitlements,Aug-07,900.0,1.1,864.8,1.3,850.0,1.0,819.8,1.6,900.0,1.7,768.7,1.7,950.0,3.7,"1,135.0",2.1,874.0,1.0
Median weekly earnings,Persons,Total,With leave entitlements,Aug-08,949.8,1.1,900.0,0.5,908.7,1.4,845.4,2.3,994.6,1.3,810.6,1.7,"1,000.0",3.8,"1,148.9",2.1,920.0,0.7
Median weekly earnings,Persons,Total,With leave entitlements,Aug-09,999.0,1.0,900.0,0.6,947.2,1.8,916.9,1.4,"1,000.0",1.1,869.1,1.8,"1,096.0",4.7,"1,170.0",2.6,950.0,0.5
Median weekly earnings,Persons,Total,With leave entitlements,Aug-10,"1,000.0",0.2,950.0,1.5,985.0,1.3,920.0,1.4,"1,072.0",1.2,865.0,1.6,"1,083.8",3.5,"1,175.0",2.4,"1,000.0",0.0
Median weekly earnings,Persons,Total,With leave entitlements,Aug-11,"1,010.0",1.3,"1,000.0",1.0,"1,020.0",1.3,990.0,1.3,"1,100.0",2.0,900.0,2.2,"1,129.7",3.1,"1,206.9",1.6,"1,000.0",0.3
Median weekly earnings,Persons,Total,With leave entitlements,Aug-12,"1,075.0",1.2,"1,000.0",0.9,"1,052.1",1.5,"1,000.0",0.5,"1,191.2",1.2,950.0,1.8,"1,150.0",2.2,"1,267.5",1.7,"1,050.0",0.2
Median weekly earnings,Persons,Total,With leave entitlements,Aug-13,"1,081.8",1.2,"1,000.0",0.2,"1,050.0",1.6,"1,000.0",1.3,"1,159.2",1.6,950.0,2.7,"1,250.0",2.2,"1,325.0",3.0,"1,054.7",0.6
Median weekly earnings,Persons,Total,With leave entitlements,Aug-14,"1,150.0",2.1,"1,059.0",1.2,"1,100.0",1.6,"1,050.0",1.8,"1,250.0",2.4,"1,000.0",1.3,"1,335.7",3.6,"1,356.0",2.4,"1,127.0",1.1
Median weekly earnings,Persons,Total,With leave entitlements,Aug-15,"1,186.1",1.1,"1,079.1",1.2,"1,127.0",1.1,"1,086.0",1.3,"1,249.6",1.7,"1,000.0",2.6,"1,250.0",1.9,"1,400.0",2.1,"1,150.0",0.5
Median weekly earnings,Persons,Total,With leave entitlements,Aug-16,"1,200.0",1.1,"1,125.0",1.1,"1,120.0",1.1,"1,100.0",2.1,"1,250.0",1.5,"1,005.1",1.3,"1,326.1",2.9,"1,383.7",2.8,"1,153.0",0.8
Median weekly earnings,Persons,Total,With leave entitlements,Aug-17,"1,200.0",1.1,"1,150.0",2.0,"1,184.5",1.1,"1,100.0",1.3,"1,300.0",1.8,"1,054.0",2.4,"1,300.0",2.9,"1,446.7",1.8,"1,200.0",0.9
Median weekly earnings,Persons,Total,With leave entitlements,Aug-18,"1,250.0",1.1,"1,200.0",1.7,"1,231.1",1.2,"1,148.6",1.4,"1,300.0",1.8,"1,100.0",1.7,"1,312.1",1.8,"1,498.8",1.9,"1,235.0",0.9
Median weekly earnings,Persons,Total,With leave entitlements,Aug-19,"1,295.2",1.6,"1,210.0",1.1,"1,200.0",1.1,"1,159.6",1.5,"1,350.0",1.9,"1,193.9",1.7,"1,353.5",2.7,"1,452.8",1.9,"1,250.0",0.1
Median weekly earnings,Persons,Total,With leave entitlements,Aug-20,"1,303.0",1.0,"1,280.0",1.4,"1,250.0",2.0,"1,200.0",1.3,"1,450.0",1.8,"1,165.8",2.4,"1,359.7",4.3,"1,550.0",1.6,"1,300.0",0.5
Median weekly earnings,Persons,Total,With leave entitlements,Aug-21,"1,400.0",1.1,"1,328.2",1.2,"1,291.4",1.3,"1,250.0",1.2,"1,380.0",1.8,"1,190.0",1.1,"1,500.0",3.0,"1,600.0",2.6,"1,344.0",0.7
Median weekly earnings,Persons,Total,With leave entitlements,Aug-22,"1,430.0",0.9,"1,433.9",1.0,"1,401.2",1.0,"1,269.5",1.1,"1,500.0",1.7,"1,210.2",1.7,"1,514.8",1.5,"1,630.0",1.9,"1,417.7",0.7
Median weekly earnings,Persons,Total,With leave entitlements,Aug-23,"1,519.2",0.9,"1,476.0",1.0,"1,490.4",1.3,"1,400.0",1.4,"1,510.6",1.7,"1,346.1",2.4,"1,506.2",1.8,"1,654.0",1.9,"1,500.0",0.2
Median weekly earnings,Persons,Total,With leave entitlements,Aug-24,"1,575.1",1.0,"1,557.0",1.3,"1,518.0",1.3,"1,399.0",1.4,"1,633.2",1.2,"1,334.4",2.1,"1,634.8",2.4,"1,785.7",2.6,"1,549.0",0.7
Median weekly earnings,Persons,Total,Without leave entitlements,Aug-75,0.0,0.0,0.0,0.0,0.0,0.0,0.0,0.0,0.0,0.0,0.0,0.0,0.0,0.0,0.0,0.0,0.0,0.0
Median weekly earnings,Persons,Total,Without leave entitlements,Aug-76,0.0,0.0,0.0,0.0,0.0,0.0,0.0,0.0,0.0,0.0,0.0,0.0,0.0,0.0,0.0,0.0,0.0,0.0
Median weekly earnings,Persons,Total,Without leave entitlements,Aug-77,0.0,0.0,0.0,0.0,0.0,0.0,0.0,0.0,0.0,0.0,0.0,0.0,0.0,0.0,0.0,0.0,0.0,0.0
Median weekly earnings,Persons,Total,Without leave entitlements,Aug-78,0.0,0.0,0.0,0.0,0.0,0.0,0.0,0.0,0.0,0.0,0.0,0.0,0.0,0.0,0.0,0.0,0.0,0.0
Median weekly earnings,Persons,Total,Without leave entitlements,Aug-79,0.0,0.0,0.0,0.0,0.0,0.0,0.0,0.0,0.0,0.0,0.0,0.0,0.0,0.0,0.0,0.0,0.0,0.0
Median weekly earnings,Persons,Total,Without leave entitlements,Aug-80,0.0,0.0,0.0,0.0,0.0,0.0,0.0,0.0,0.0,0.0,0.0,0.0,0.0,0.0,0.0,0.0,0.0,0.0
Median weekly earnings,Persons,Total,Without leave entitlements,Aug-81,0.0,0.0,0.0,0.0,0.0,0.0,0.0,0.0,0.0,0.0,0.0,0.0,0.0,0.0,0.0,0.0,0.0,0.0
Median weekly earnings,Persons,Total,Without leave entitlements,Aug-82,0.0,0.0,0.0,0.0,0.0,0.0,0.0,0.0,0.0,0.0,0.0,0.0,0.0,0.0,0.0,0.0,0.0,0.0
Median weekly earnings,Persons,Total,Without leave entitlements,Aug-83,0.0,0.0,0.0,0.0,0.0,0.0,0.0,0.0,0.0,0.0,0.0,0.0,0.0,0.0,0.0,0.0,0.0,0.0
Median weekly earnings,Persons,Total,Without leave entitlements,Aug-84,0.0,0.0,0.0,0.0,0.0,0.0,0.0,0.0,0.0,0.0,0.0,0.0,0.0,0.0,0.0,0.0,126.0,0.0
Median weekly earnings,Persons,Total,Without leave entitlements,Aug-85,0.0,0.0,0.0,0.0,0.0,0.0,0.0,0.0,0.0,0.0,0.0,0.0,0.0,0.0,0.0,0.0,141.0,0.0
Median weekly earnings,Persons,Total,Without leave entitlements,Aug-86,0.0,0.0,0.0,0.0,0.0,0.0,0.0,0.0,0.0,0.0,0.0,0.0,0.0,0.0,0.0,0.0,150.0,0.0
Median weekly earnings,Persons,Total,Without leave entitlements,Aug-87,0.0,0.0,0.0,0.0,0.0,0.0,0.0,0.0,0.0,0.0,0.0,0.0,0.0,0.0,0.0,0.0,160.0,0.0
Median weekly earnings,Persons,Total,Without leave entitlements,Aug-88,0.0,0.0,0.0,0.0,0.0,0.0,0.0,0.0,0.0,0.0,0.0,0.0,0.0,0.0,0.0,0.0,164.0,0.0
Median weekly earnings,Persons,Total,Without leave entitlements,Aug-89,180.0,0.0,140.0,0.0,180.0,0.0,180.0,0.0,140.0,0.0,140.0,0.0,260.0,0.0,140.0,0.0,140.0,0.0
Median weekly earnings,Persons,Total,Without leave entitlements,Aug-90,180.0,0.0,140.0,0.0,180.0,0.0,180.0,0.0,140.0,0.0,180.0,0.0,220.0,0.0,140.0,0.0,180.0,0.0
Median weekly earnings,Persons,Total,Without leave entitlements,Jul-91,0.0,0.0,0.0,0.0,0.0,0.0,0.0,0.0,0.0,0.0,0.0,0.0,0.0,0.0,0.0,0.0,183.0,0.0
Median weekly earnings,Persons,Total,Without leave entitlements,Aug-92,180.0,5.7,140.0,0.0,180.0,5.7,180.0,5.7,140.0,7.3,180.0,5.7,220.0,13.9,140.0,7.3,180.0,0.0
Median weekly earnings,Persons,Total,Without leave entitlements,Aug-93,220.0,0.0,140.0,7.3,220.0,4.6,220.0,0.0,180.0,5.7,140.0,7.3,260.0,7.8,140.0,7.3,220.0,4.6
Median weekly earnings,Persons,Total,Without leave entitlements,Aug-94,220.0,0.0,180.0,0.0,220.0,0.0,220.0,4.6,220.0,4.6,180.0,5.7,300.0,10.2,180.0,11.3,220.0,4.6
Median weekly earnings,Persons,Total,Without leave entitlements,Aug-95,220.0,0.0,180.0,0.0,220.0,4.6,220.0,4.6,180.0,5.7,192.5,5.3,220.0,16.9,180.0,5.7,220.0,0.0
Median weekly earnings,Persons,Total,Without leave entitlements,Aug-96,0.0,0.0,0.0,0.0,0.0,0.0,0.0,0.0,0.0,0.0,0.0,0.0,0.0,0.0,0.0,0.0,0.0,0.0
Median weekly earnings,Persons,Total,Without leave entitlements,Aug-97,250.0,3.2,195.0,3.9,239.8,3.2,250.0,5.6,184.0,4.9,209.3,5.2,331.7,17.2,200.0,8.3,226.5,2.8
Median weekly earnings,Persons,Total,Without leave entitlements,Aug-98,249.5,3.1,208.0,5.2,250.0,3.6,274.7,4.9,224.6,5.7,220.0,7.7,325.0,10.6,229.7,6.9,240.0,1.8
Median weekly earnings,Persons,Total,Without leave entitlements,Aug-99,270.0,4.7,200.0,4.8,270.0,4.3,285.3,3.6,222.0,5.7,234.6,5.5,320.0,6.9,210.0,8.5,250.0,1.2
Median weekly earnings,Persons,Total,Without leave entitlements,Aug-00,280.0,4.6,231.7,4.4,287.1,2.3,300.0,4.0,220.0,7.3,229.4,5.6,378.5,10.1,280.9,9.5,260.0,2.5
Median weekly earnings,Persons,Total,Without leave entitlements,Aug-01,275.4,4.6,234.4,4.3,300.0,3.3,300.0,3.1,250.0,6.0,226.9,9.0,403.1,7.7,250.0,10.6,272.0,2.5
Median weekly earnings,Persons,Total,Without leave entitlements,Aug-02,300.0,2.6,211.0,2.9,300.0,3.9,294.0,3.4,259.6,7.8,259.5,8.9,447.0,11.3,225.0,9.2,280.0,2.2
Median weekly earnings,Persons,Total,Without leave entitlements,Aug-03,300.0,5.0,225.0,5.7,290.0,3.0,334.3,4.8,255.0,9.2,281.4,7.1,400.0,13.6,251.9,10.7,276.0,3.9
Median weekly earnings,Persons,Total,Without leave entitlements,Aug-04,325.0,3.9,288.8,4.1,349.7,4.5,330.0,4.6,283.6,4.5,279.4,7.1,454.8,16.8,299.3,6.5,309.4,2.1
Median weekly earnings,Persons,Total,Without leave entitlements,Aug-05,310.0,4.1,277.0,4.6,350.0,2.9,320.0,4.3,320.0,4.0,300.0,8.4,476.2,13.4,300.0,10.3,310.0,1.6
Median weekly earnings,Persons,Total,Without leave entitlements,Aug-06,320.0,3.6,300.0,4.9,380.0,3.2,325.0,5.9,320.0,5.7,300.0,7.7,475.1,10.2,316.9,10.8,325.0,2.2
Median weekly earnings,Persons,Total,Without leave entitlements,Aug-07,380.0,3.4,325.0,5.0,400.0,3.8,366.0,5.0,371.0,4.3,340.5,9.0,478.1,17.6,345.0,6.7,367.0,2.3
Median weekly earnings,Persons,Total,Without leave entitlements,Aug-08,360.0,3.3,300.0,6.5,418.0,4.7,384.5,5.9,394.6,6.8,367.8,7.5,448.2,6.8,320.9,4.0,360.0,2.1
Median weekly earnings,Persons,Total,Without leave entitlements,Aug-09,357.1,5.6,289.1,5.9,421.8,4.0,400.0,5.1,392.4,4.5,378.4,9.3,573.2,7.0,360.0,8.5,360.0,1.8
Median weekly earnings,Persons,Total,Without leave entitlements,Aug-10,400.0,2.3,330.0,3.6,475.0,4.0,450.0,4.4,366.7,4.5,320.0,9.6,581.0,4.0,395.3,11.3,400.0,0.6
Median weekly earnings,Persons,Total,Without leave entitlements,Aug-11,400.0,4.2,360.0,4.5,470.0,4.1,400.0,5.1,400.0,5.0,372.3,3.9,602.7,8.5,400.0,8.8,400.0,1.6
Median weekly earnings,Persons,Total,Without leave entitlements,Aug-12,400.0,2.6,399.7,3.8,458.3,4.8,420.0,5.3,500.0,6.0,375.0,8.0,550.0,13.3,353.8,8.5,413.0,2.5
Median weekly earnings,Persons,Total,Without leave entitlements,Aug-13,390.7,4.6,392.0,4.0,500.0,2.8,479.4,6.6,450.0,5.6,409.2,7.8,630.0,8.2,400.0,10.9,425.0,3.0
Median weekly earnings,Persons,Total,Without leave entitlements,Aug-14,420.0,3.0,385.0,3.7,500.0,3.5,487.9,4.5,507.8,6.8,400.0,9.8,683.4,6.5,450.0,5.7,450.0,2.0
Median weekly earnings,Persons,Total,Without leave entitlements,Aug-15,480.0,2.7,400.0,4.6,527.0,3.6,500.0,3.8,500.0,6.4,386.5,8.5,750.0,10.6,479.1,8.4,479.0,2.5
Median weekly earnings,Persons,Total,Without leave entitlements,Aug-16,500.0,2.9,410.0,3.1,550.0,4.6,500.0,4.0,500.0,4.4,443.7,8.0,650.0,11.1,500.0,9.2,500.0,1.1
Median weekly earnings,Persons,Total,Without leave entitlements,Aug-17,520.0,2.7,464.7,4.1,560.0,3.5,500.0,3.6,500.0,4.6,450.0,7.0,596.9,8.5,414.3,11.7,500.0,1.1
Median weekly earnings,Persons,Total,Without leave entitlements,Aug-18,558.0,3.7,487.7,4.3,526.3,2.8,548.0,4.7,520.5,4.9,495.5,6.3,650.0,9.6,507.0,9.1,525.0,2.4
Median weekly earnings,Persons,Total,Without leave entitlements,Aug-19,540.0,3.6,500.0,4.7,597.6,4.3,500.0,5.6,628.6,6.1,500.0,6.4,690.0,5.5,517.2,12.7,548.0,1.5
Median weekly earnings,Persons,Total,Without leave entitlements,Aug-20,600.0,5.3,595.3,3.2,650.0,3.9,650.0,5.8,700.0,3.6,592.6,7.8,590.1,8.6,594.8,10.7,620.0,2.1
Median weekly earnings,Persons,Total,Without leave entitlements,Aug-21,600.0,4.7,500.0,5.7,625.0,4.4,550.0,4.3,560.0,5.8,509.5,6.1,635.2,8.4,750.0,7.5,582.0,2.2
Median weekly earnings,Persons,Total,Without leave entitlements,Aug-22,624.0,2.5,600.0,3.8,692.8,5.5,600.0,4.4,648.0,4.6,565.9,6.6,725.6,10.2,800.0,7.9,630.0,2.3
Median weekly earnings,Persons,Total,Without leave entitlements,Aug-23,611.0,2.3,600.0,4.3,697.0,4.0,684.5,4.8,650.0,3.9,600.0,3.8,700.0,6.0,520.3,13.2,638.1,2.0
Median weekly earnings,Persons,Total,Without leave entitlements,Aug-24,642.0,4.0,585.9,3.5,720.0,5.3,741.4,5.6,740.5,6.0,549.8,7.1,771.4,6.5,750.0,12.3,658.0,2.3
Median weekly earnings,Persons,Total,Total,Aug-75,0.0,0.0,0.0,0.0,0.0,0.0,0.0,0.0,0.0,0.0,0.0,0.0,0.0,0.0,0.0,0.0,124.0,0.0
Median weekly earnings,Persons,Total,Total,Aug-76,0.0,0.0,0.0,0.0,0.0,0.0,0.0,0.0,0.0,0.0,0.0,0.0,0.0,0.0,0.0,0.0,141.0,0.0
Median weekly earnings,Persons,Total,Total,Aug-77,0.0,0.0,0.0,0.0,0.0,0.0,0.0,0.0,0.0,0.0,0.0,0.0,0.0,0.0,0.0,0.0,155.0,0.0
Median weekly earnings,Persons,Total,Total,Aug-78,0.0,0.0,0.0,0.0,0.0,0.0,0.0,0.0,0.0,0.0,0.0,0.0,0.0,0.0,0.0,0.0,169.0,0.0
Median weekly earnings,Persons,Total,Total,Aug-79,0.0,0.0,0.0,0.0,0.0,0.0,0.0,0.0,0.0,0.0,0.0,0.0,0.0,0.0,0.0,0.0,180.0,0.0
Median weekly earnings,Persons,Total,Total,Aug-80,0.0,0.0,0.0,0.0,0.0,0.0,0.0,0.0,0.0,0.0,0.0,0.0,0.0,0.0,0.0,0.0,201.0,0.0
Median weekly earnings,Persons,Total,Total,Aug-81,0.0,0.0,0.0,0.0,0.0,0.0,0.0,0.0,0.0,0.0,0.0,0.0,0.0,0.0,0.0,0.0,221.0,0.0
Median weekly earnings,Persons,Total,Total,Aug-82,0.0,0.0,0.0,0.0,0.0,0.0,0.0,0.0,0.0,0.0,0.0,0.0,0.0,0.0,0.0,0.0,252.0,0.0
Median weekly earnings,Persons,Total,Total,Aug-83,273.0,0.0,266.0,0.0,264.0,0.0,259.0,0.0,265.0,0.0,256.0,0.0,319.0,0.0,298.0,0.0,268.0,0.0
Median weekly earnings,Persons,Total,Total,Aug-84,296.0,0.0,285.0,0.0,280.0,0.0,275.0,0.0,286.0,0.0,278.0,0.0,344.0,0.0,321.0,0.0,288.0,0.0
Median weekly earnings,Persons,Total,Total,Aug-85,313.0,0.0,309.0,0.0,298.0,0.0,298.0,0.0,303.0,0.0,299.0,0.0,350.0,0.0,344.0,0.0,308.0,0.0
Median weekly earnings,Persons,Total,Total,Aug-86,0.0,0.0,0.0,0.0,0.0,0.0,0.0,0.0,0.0,0.0,0.0,0.0,0.0,0.0,0.0,0.0,326.0,0.0
Median weekly earnings,Persons,Total,Total,Aug-87,358.0,0.0,340.0,0.0,333.0,0.0,335.0,0.0,343.0,0.0,325.0,0.0,397.0,0.0,406.0,0.0,346.0,0.0
Median weekly earnings,Persons,Total,Total,Aug-88,374.0,0.0,365.0,0.0,347.0,0.0,349.0,0.0,360.0,0.0,350.0,0.0,414.0,0.0,423.0,0.0,362.0,0.0
Median weekly earnings,Persons,Total,Total,Aug-89,380.0,0.0,380.0,0.0,380.0,0.0,380.0,0.0,380.0,0.0,380.0,0.0,460.0,0.0,460.0,0.0,380.0,0.0
Median weekly earnings,Persons,Total,Total,Aug-90,420.0,0.0,420.0,0.0,380.0,0.0,380.0,0.0,420.0,0.0,380.0,0.0,460.0,0.0,500.0,0.0,420.0,0.0
Median weekly earnings,Persons,Total,Total,Jul-91,0.0,0.0,0.0,0.0,0.0,0.0,0.0,0.0,0.0,0.0,0.0,0.0,0.0,0.0,0.0,0.0,430.0,0.0
Median weekly earnings,Persons,Total,Total,Aug-92,460.0,0.0,460.0,2.2,420.0,0.0,420.0,0.0,460.0,2.2,420.0,0.0,500.0,4.1,500.0,2.0,460.0,2.2
Median weekly earnings,Persons,Total,Total,Aug-93,500.0,2.0,460.0,0.0,420.0,2.4,460.0,0.0,460.0,0.0,420.0,2.4,540.0,1.9,540.0,1.9,460.0,0.0
Median weekly earnings,Persons,Total,Total,Aug-94,500.0,2.0,500.0,2.0,460.0,0.0,460.0,0.0,500.0,2.0,420.0,2.4,540.0,3.4,540.0,1.9,460.0,2.2
Median weekly earnings,Persons,Total,Total,Aug-95,500.0,0.0,500.0,0.0,460.0,0.0,460.0,2.2,460.0,2.2,460.0,0.0,500.0,2.0,580.0,0.0,500.0,0.0
Median weekly earnings,Persons,Total,Total,Aug-96,0.0,0.0,0.0,0.0,0.0,0.0,0.0,0.0,0.0,0.0,0.0,0.0,0.0,0.0,0.0,0.0,0.0,0.0
Median weekly earnings,Persons,Total,Total,Aug-97,529.6,1.6,512.0,1.2,500.0,0.1,500.0,0.5,504.0,1.0,490.0,1.6,600.0,3.2,600.0,1.4,512.0,0.7
Median weekly earnings,Persons,Total,Total,Aug-98,550.0,0.4,520.0,1.5,502.7,0.9,500.0,1.2,525.0,2.0,490.0,1.6,600.0,2.1,600.5,1.7,530.0,0.5
Median weekly earnings,Persons,Total,Total,Aug-99,600.0,0.6,550.0,0.9,513.0,1.2,525.0,1.5,550.0,1.4,504.8,1.3,602.4,2.1,650.0,2.6,550.0,0.5
Median weekly earnings,Persons,Total,Total,Aug-00,600.0,0.4,579.1,1.1,550.0,0.9,558.0,1.2,560.0,1.1,527.4,2.4,672.6,2.4,710.4,2.5,581.8,1.0
Median weekly earnings,Persons,Total,Total,Aug-01,618.0,1.7,600.0,1.0,565.0,1.4,570.0,1.6,575.0,2.1,550.0,1.7,667.0,1.7,700.0,1.8,600.0,0.0
Median weekly earnings,Persons,Total,Total,Aug-02,650.0,0.6,604.0,0.9,600.0,1.1,600.0,0.4,615.0,1.9,550.0,2.3,700.0,2.8,750.0,1.3,615.0,0.8
Median weekly earnings,Persons,Total,Total,Aug-03,670.0,1.5,623.9,2.0,600.0,0.4,609.5,1.5,620.0,3.3,600.0,1.2,691.5,2.2,779.3,2.9,635.0,1.4
Median weekly earnings,Persons,Total,Total,Aug-04,691.6,1.0,650.0,0.9,645.0,1.2,637.6,1.6,650.0,0.6,600.0,1.3,770.1,2.0,800.0,2.5,651.0,0.5
Median weekly earnings,Persons,Total,Total,Aug-05,700.0,1.3,700.0,0.4,671.0,1.6,670.2,1.5,700.0,0.9,606.4,1.5,750.0,3.5,824.8,1.5,700.0,0.3
Median weekly earnings,Persons,Total,Total,Aug-06,750.0,1.0,720.0,1.8,700.0,0.1,700.0,1.3,720.0,1.8,650.0,3.1,800.0,2.1,920.0,2.0,730.0,1.0
Median weekly earnings,Persons,Total,Total,Aug-07,780.0,1.3,757.0,1.0,750.0,0.6,720.0,1.7,800.0,0.8,680.0,1.9,850.0,5.8,"1,000.0",1.3,769.0,1.0
Median weekly earnings,Persons,Total,Total,Aug-08,825.0,1.5,796.6,1.1,800.0,1.3,750.0,1.3,890.0,1.4,720.0,1.8,900.0,3.0,"1,000.0",2.3,800.0,0.0
Median weekly earnings,Persons,Total,Total,Aug-09,845.7,1.4,800.0,0.6,842.4,1.3,769.0,1.7,874.0,2.2,765.0,2.1,"1,000.0",4.3,"1,057.0",2.2,831.0,1.2
Median weekly earnings,Persons,Total,Total,Aug-10,900.0,1.0,849.3,0.9,850.0,1.7,804.0,1.0,959.5,2.3,769.0,1.7,"1,000.0",2.9,"1,056.6",2.8,868.0,1.1
Median weekly earnings,Persons,Total,Total,Aug-11,900.0,0.8,871.1,1.5,900.0,1.3,846.0,1.6,"1,000.0",1.3,800.0,1.9,"1,000.0",2.8,"1,100.0",2.3,900.0,0.0
Median weekly earnings,Persons,Total,Total,Aug-12,947.0,1.2,900.0,1.0,947.0,1.8,900.0,1.4,"1,021.2",1.2,825.0,2.0,"1,050.0",2.4,"1,171.0",1.2,947.0,0.7
Median weekly earnings,Persons,Total,Total,Aug-13,950.0,1.1,900.0,0.5,950.0,1.2,900.0,1.2,"1,045.3",2.3,842.4,2.0,"1,100.0",3.5,"1,210.6",2.1,950.0,0.4
Median weekly earnings,Persons,Total,Total,Aug-14,"1,000.0",0.3,950.0,1.0,980.0,1.1,925.0,1.4,"1,129.0",1.8,862.8,1.7,"1,250.0",2.2,"1,200.0",2.4,"1,000.0",0.5
Median weekly earnings,Persons,Total,Total,Aug-15,"1,000.0",0.4,950.0,1.1,"1,000.0",0.0,952.2,1.4,"1,088.0",2.1,880.0,1.9,"1,200.0",2.0,"1,256.1",2.4,"1,000.0",0.0
Median weekly earnings,Persons,Total,Total,Aug-16,"1,000.0",1.1,"1,000.0",0.7,"1,000.0",0.3,950.0,2.0,"1,100.0",1.7,900.0,1.8,"1,250.0",2.0,"1,250.0",2.1,"1,000.0",0.0
Median weekly earnings,Persons,Total,Total,Aug-17,"1,050.0",1.3,"1,000.0",0.5,"1,000.0",0.4,973.2,1.3,"1,100.0",2.0,950.0,2.4,"1,212.0",1.2,"1,300.0",3.0,"1,016.0",0.9
Median weekly earnings,Persons,Total,Total,Aug-18,"1,073.0",1.2,"1,070.2",1.4,"1,050.0",1.2,"1,000.0",0.5,"1,156.4",1.7,974.0,1.6,"1,249.0",1.5,"1,300.0",2.4,"1,074.0",1.1
Median weekly earnings,Persons,Total,Total,Aug-19,"1,150.0",1.3,"1,073.0",1.2,"1,057.0",1.3,"1,013.9",1.3,"1,200.0",2.0,"1,000.0",1.9,"1,200.0",2.2,"1,300.0",2.6,"1,100.0",0.0
Median weekly earnings,Persons,Total,Total,Aug-20,"1,150.0",1.3,"1,150.0",1.9,"1,100.0",2.1,"1,054.0",1.5,"1,250.0",1.4,"1,000.0",0.9,"1,218.2",2.5,"1,450.0",1.8,"1,150.0",0.5
Median weekly earnings,Persons,Total,Total,Aug-21,"1,250.0",1.0,"1,181.6",1.1,"1,125.0",1.3,"1,100.0",1.6,"1,236.9",1.3,"1,008.8",1.3,"1,336.4",2.9,"1,494.8",3.0,"1,200.0",0.4
Median weekly earnings,Persons,Total,Total,Aug-22,"1,246.6",1.0,"1,250.0",0.3,"1,215.2",1.1,"1,126.5",1.2,"1,300.9",2.0,"1,085.9",1.2,"1,378.3",2.8,"1,500.0",3.2,"1,248.0",0.4
Median weekly earnings,Persons,Total,Total,Aug-23,"1,345.0",1.2,"1,296.3",1.4,"1,300.0",1.4,"1,200.0",1.7,"1,322.3",2.1,"1,206.1",0.9,"1,400.7",3.2,"1,577.2",2.1,"1,300.0",0.4
Median weekly earnings,Persons,Total,Total,Aug-24,"1,387.4",0.9,"1,400.0",1.6,"1,350.0",1.6,"1,250.0",1.6,"1,500.0",0.5,"1,208.0",1.8,"1,500.0",3.1,"1,687.7",2.3,"1,396.0",0.5
Median weekly earnings,   Males,Full-time,With leave entitlements,Aug-75,0.0,0.0,0.0,0.0,0.0,0.0,0.0,0.0,0.0,0.0,0.0,0.0,0.0,0.0,0.0,0.0,0.0,0.0
Median weekly earnings,   Males,Full-time,With leave entitlements,Aug-76,0.0,0.0,0.0,0.0,0.0,0.0,0.0,0.0,0.0,0.0,0.0,0.0,0.0,0.0,0.0,0.0,0.0,0.0
Median weekly earnings,   Males,Full-time,With leave entitlements,Aug-77,0.0,0.0,0.0,0.0,0.0,0.0,0.0,0.0,0.0,0.0,0.0,0.0,0.0,0.0,0.0,0.0,0.0,0.0
Median weekly earnings,   Males,Full-time,With leave entitlements,Aug-78,0.0,0.0,0.0,0.0,0.0,0.0,0.0,0.0,0.0,0.0,0.0,0.0,0.0,0.0,0.0,0.0,0.0,0.0
Median weekly earnings,   Males,Full-time,With leave entitlements,Aug-79,0.0,0.0,0.0,0.0,0.0,0.0,0.0,0.0,0.0,0.0,0.0,0.0,0.0,0.0,0.0,0.0,0.0,0.0
Median weekly earnings,   Males,Full-time,With leave entitlements,Aug-80,0.0,0.0,0.0,0.0,0.0,0.0,0.0,0.0,0.0,0.0,0.0,0.0,0.0,0.0,0.0,0.0,0.0,0.0
Median weekly earnings,   Males,Full-time,With leave entitlements,Aug-81,0.0,0.0,0.0,0.0,0.0,0.0,0.0,0.0,0.0,0.0,0.0,0.0,0.0,0.0,0.0,0.0,0.0,0.0
Median weekly earnings,   Males,Full-time,With leave entitlements,Aug-82,0.0,0.0,0.0,0.0,0.0,0.0,0.0,0.0,0.0,0.0,0.0,0.0,0.0,0.0,0.0,0.0,0.0,0.0
Median weekly earnings,   Males,Full-time,With leave entitlements,Aug-83,0.0,0.0,0.0,0.0,0.0,0.0,0.0,0.0,0.0,0.0,0.0,0.0,0.0,0.0,0.0,0.0,0.0,0.0
Median weekly earnings,   Males,Full-time,With leave entitlements,Aug-84,0.0,0.0,0.0,0.0,0.0,0.0,0.0,0.0,0.0,0.0,0.0,0.0,0.0,0.0,0.0,0.0,0.0,0.0
Median weekly earnings,   Males,Full-time,With leave entitlements,Aug-85,0.0,0.0,0.0,0.0,0.0,0.0,0.0,0.0,0.0,0.0,0.0,0.0,0.0,0.0,0.0,0.0,0.0,0.0
Median weekly earnings,   Males,Full-time,With leave entitlements,Aug-86,0.0,0.0,0.0,0.0,0.0,0.0,0.0,0.0,0.0,0.0,0.0,0.0,0.0,0.0,0.0,0.0,0.0,0.0
Median weekly earnings,   Males,Full-time,With leave entitlements,Aug-87,0.0,0.0,0.0,0.0,0.0,0.0,0.0,0.0,0.0,0.0,0.0,0.0,0.0,0.0,0.0,0.0,0.0,0.0
Median weekly earnings,   Males,Full-time,With leave entitlements,Aug-88,0.0,0.0,0.0,0.0,0.0,0.0,0.0,0.0,0.0,0.0,0.0,0.0,0.0,0.0,0.0,0.0,433.0,0.0
Median weekly earnings,   Males,Full-time,With leave entitlements,Aug-89,460.0,0.0,460.0,0.0,460.0,0.0,460.0,0.0,500.0,0.0,460.0,0.0,540.0,0.0,580.0,0.0,460.0,0.0
Median weekly earnings,   Males,Full-time,With leave entitlements,Aug-90,500.0,0.0,500.0,0.0,460.0,0.0,500.0,0.0,500.0,0.0,460.0,0.0,540.0,0.0,620.0,0.0,500.0,0.0
Median weekly earnings,   Males,Full-time,With leave entitlements,Jul-91,0.0,0.0,0.0,0.0,0.0,0.0,0.0,0.0,0.0,0.0,0.0,0.0,0.0,0.0,0.0,0.0,517.0,0.0
Median weekly earnings,   Males,Full-time,With leave entitlements,Aug-92,540.0,0.0,540.0,0.0,540.0,1.9,500.0,2.0,540.0,1.9,500.0,0.0,580.0,5.3,660.0,3.1,540.0,0.0
Median weekly earnings,   Males,Full-time,With leave entitlements,Aug-93,580.0,1.8,540.0,1.9,540.0,0.0,540.0,1.9,580.0,3.5,540.0,1.9,620.0,6.6,700.0,2.9,540.0,1.9
Median weekly earnings,   Males,Full-time,With leave entitlements,Aug-94,580.0,1.8,580.0,1.8,540.0,1.9,557.3,1.8,620.0,1.6,540.0,1.9,660.0,4.6,700.0,1.5,580.0,0.0
Median weekly earnings,   Males,Full-time,With leave entitlements,Aug-95,620.0,0.0,580.0,1.8,580.0,0.0,580.0,1.8,620.0,1.6,580.0,1.8,620.0,4.9,774.1,3.8,620.0,1.6
Median weekly earnings,   Males,Full-time,With leave entitlements,Aug-96,0.0,0.0,0.0,0.0,0.0,0.0,0.0,0.0,0.0,0.0,0.0,0.0,0.0,0.0,0.0,0.0,0.0,0.0
Median weekly earnings,   Males,Full-time,With leave entitlements,Aug-97,650.0,1.2,650.0,1.7,650.0,2.1,618.6,2.1,692.0,1.4,583.9,1.8,750.0,4.0,800.0,2.7,650.0,0.5
Median weekly earnings,   Males,Full-time,With leave entitlements,Aug-98,700.0,0.7,675.1,1.9,650.0,2.2,634.0,2.0,680.7,1.9,600.0,2.2,728.2,3.1,807.0,1.6,676.5,0.7
Median weekly earnings,   Males,Full-time,With leave entitlements,Aug-99,750.0,1.5,700.0,1.4,658.0,1.2,700.0,2.3,764.8,1.7,632.2,2.0,750.0,3.4,827.0,2.8,712.0,1.0
Median weekly earnings,   Males,Full-time,With leave entitlements,Aug-00,770.0,1.7,769.0,1.7,710.8,1.3,700.0,1.8,795.4,1.5,670.0,2.7,850.0,3.6,900.0,2.2,750.0,0.6
Median weekly earnings,   Males,Full-time,With leave entitlements,Aug-01,800.0,0.8,750.8,1.4,750.0,2.2,750.0,1.2,800.0,1.3,700.0,2.2,800.0,3.2,900.0,3.1,782.0,1.0
Median weekly earnings,   Males,Full-time,With leave entitlements,Aug-02,831.0,1.5,800.0,0.8,789.0,1.6,764.1,1.7,850.0,2.0,719.0,2.8,862.7,3.8,939.3,3.0,800.0,0.4
Median weekly earnings,   Males,Full-time,With leave entitlements,Aug-03,880.0,1.4,807.0,1.6,815.0,1.6,800.0,2.3,883.2,2.1,750.0,2.9,789.8,5.4,959.0,2.2,850.0,0.7
Median weekly earnings,   Males,Full-time,With leave entitlements,Aug-04,900.0,1.6,875.0,1.5,837.8,1.5,800.0,2.4,900.0,1.9,791.7,3.1,950.0,4.0,"1,009.2",1.8,873.3,1.4
Median weekly earnings,   Males,Full-time,With leave entitlements,Aug-05,960.4,2.1,900.0,0.6,877.8,1.6,867.8,1.6,950.0,2.6,784.0,2.4,917.0,4.2,"1,050.0",2.0,914.0,0.9
Median weekly earnings,   Males,Full-time,With leave entitlements,Aug-06,"1,000.0",0.9,961.8,1.3,950.0,1.7,928.8,2.2,"1,000.0",0.9,882.3,2.2,"1,000.0",3.3,"1,150.0",2.0,980.0,1.0
Median weekly earnings,   Males,Full-time,With leave entitlements,Aug-07,"1,006.5",1.8,"1,000.0",0.5,"1,000.0",0.3,975.0,1.3,"1,075.0",1.9,869.3,1.5,"1,100.0",4.6,"1,300.0",3.4,"1,000.0",0.3
Median weekly earnings,   Males,Full-time,With leave entitlements,Aug-08,"1,100.0",2.8,"1,011.0",2.5,"1,000.0",2.6,961.9,2.0,"1,196.3",1.2,911.8,2.5,"1,150.0",5.5,"1,302.1",3.7,"1,057.0",1.6
Median weekly earnings,   Males,Full-time,With leave entitlements,Aug-09,"1,150.0",2.2,"1,057.8",2.1,"1,075.4",2.6,"1,000.7",2.2,"1,200.0",1.6,"1,000.0",3.0,"1,279.0",4.9,"1,270.0",3.7,"1,100.0",0.6
Median weekly earnings,   Males,Full-time,With leave entitlements,Aug-10,"1,184.8",1.3,"1,100.0",1.9,"1,150.0",1.8,"1,050.0",2.4,"1,333.2",2.9,"1,000.0",1.8,"1,250.0",4.1,"1,363.9",3.7,"1,154.0",1.1
Median weekly earnings,   Males,Full-time,With leave entitlements,Aug-11,"1,200.0",1.1,"1,150.0",2.2,"1,200.0",1.2,"1,100.0",1.6,"1,400.0",2.9,"1,008.8",2.0,"1,245.3",5.2,"1,355.9",4.2,"1,200.0",0.0
Median weekly earnings,   Males,Full-time,With leave entitlements,Aug-12,"1,250.0",1.7,"1,153.0",1.3,"1,240.0",1.0,"1,150.0",1.5,"1,500.0",1.9,"1,098.8",3.7,"1,345.8",4.2,"1,500.0",3.7,"1,250.0",0.4
Median weekly earnings,   Males,Full-time,With leave entitlements,Aug-13,"1,264.7",1.3,"1,200.0",2.1,"1,300.0",2.0,"1,250.0",2.0,"1,450.0",1.8,"1,100.0",3.1,"1,500.0",3.4,"1,500.0",2.8,"1,283.0",1.0
Median weekly earnings,   Males,Full-time,With leave entitlements,Aug-14,"1,350.0",1.9,"1,300.0",2.0,"1,342.0",2.0,"1,200.0",1.3,"1,600.0",2.4,"1,115.1",3.1,"1,600.0",2.9,"1,599.4",2.6,"1,350.0",0.9
Median weekly earnings,   Males,Full-time,With leave entitlements,Aug-15,"1,380.0",1.4,"1,300.0",2.2,"1,300.0",2.0,"1,250.0",2.0,"1,500.0",1.5,"1,192.0",3.2,"1,411.5",2.9,"1,598.5",2.3,"1,350.0",0.9
Median weekly earnings,   Males,Full-time,With leave entitlements,Aug-16,"1,380.0",1.6,"1,342.0",1.8,"1,319.9",2.4,"1,297.8",3.3,"1,534.0",1.7,"1,206.3",2.1,"1,559.4",3.7,"1,546.7",3.3,"1,380.0",0.9
Median weekly earnings,   Males,Full-time,With leave entitlements,Aug-17,"1,425.0",2.2,"1,380.0",2.7,"1,438.0",1.9,"1,260.9",1.9,"1,597.7",1.9,"1,275.3",3.7,"1,503.1",2.5,"1,668.0",4.0,"1,418.0",0.9
Median weekly earnings,   Males,Full-time,With leave entitlements,Aug-18,"1,500.0",1.3,"1,426.6",1.9,"1,447.6",1.8,"1,305.9",2.7,"1,600.0",3.6,"1,250.0",1.5,"1,500.0",2.2,"1,600.0",2.6,"1,476.0",1.1
Median weekly earnings,   Males,Full-time,With leave entitlements,Aug-19,"1,500.0",1.3,"1,460.4",1.4,"1,450.0",1.8,"1,380.0",2.7,"1,723.3",2.6,"1,350.0",2.1,"1,500.0",2.7,"1,698.7",3.0,"1,500.0",0.0
Median weekly earnings,   Males,Full-time,With leave entitlements,Aug-20,"1,520.0",1.2,"1,500.0",1.5,"1,500.0",2.2,"1,400.0",2.8,"1,821.0",2.4,"1,400.0",2.8,"1,560.2",3.8,"1,750.0",3.6,"1,534.0",0.8
Median weekly earnings,   Males,Full-time,With leave entitlements,Aug-21,"1,629.8",1.9,"1,571.4",2.1,"1,572.0",2.3,"1,500.0",1.9,"1,776.5",2.8,"1,300.0",2.3,"1,699.0",5.4,"1,837.5",3.4,"1,600.0",0.9
Median weekly earnings,   Males,Full-time,With leave entitlements,Aug-22,"1,662.0",1.8,"1,610.0",1.5,"1,631.6",2.9,"1,450.0",1.7,"1,942.1",2.4,"1,469.7",2.5,"1,750.0",3.7,"1,900.6",2.6,"1,650.0",1.2
Median weekly earnings,   Males,Full-time,With leave entitlements,Aug-23,"1,726.0",1.5,"1,733.0",2.2,"1,730.0",2.2,"1,610.0",2.3,"1,873.2",3.2,"1,530.4",1.8,"1,750.0",3.0,"1,764.4",3.0,"1,736.3",1.0
Median weekly earnings,   Males,Full-time,With leave entitlements,Aug-24,"1,769.0",1.3,"1,841.0",1.3,"1,794.6",2.1,"1,600.0",2.1,"2,071.0",1.8,"1,500.0",2.8,"1,935.4",3.4,"1,964.3",2.1,"1,820.0",0.8
Median weekly earnings,   Males,Full-time,Without leave entitlements,Aug-75,0.0,0.0,0.0,0.0,0.0,0.0,0.0,0.0,0.0,0.0,0.0,0.0,0.0,0.0,0.0,0.0,0.0,0.0
Median weekly earnings,   Males,Full-time,Without leave entitlements,Aug-76,0.0,0.0,0.0,0.0,0.0,0.0,0.0,0.0,0.0,0.0,0.0,0.0,0.0,0.0,0.0,0.0,0.0,0.0
Median weekly earnings,   Males,Full-time,Without leave entitlements,Aug-77,0.0,0.0,0.0,0.0,0.0,0.0,0.0,0.0,0.0,0.0,0.0,0.0,0.0,0.0,0.0,0.0,0.0,0.0
Median weekly earnings,   Males,Full-time,Without leave entitlements,Aug-78,0.0,0.0,0.0,0.0,0.0,0.0,0.0,0.0,0.0,0.0,0.0,0.0,0.0,0.0,0.0,0.0,0.0,0.0
Median weekly earnings,   Males,Full-time,Without leave entitlements,Aug-79,0.0,0.0,0.0,0.0,0.0,0.0,0.0,0.0,0.0,0.0,0.0,0.0,0.0,0.0,0.0,0.0,0.0,0.0
Median weekly earnings,   Males,Full-time,Without leave entitlements,Aug-80,0.0,0.0,0.0,0.0,0.0,0.0,0.0,0.0,0.0,0.0,0.0,0.0,0.0,0.0,0.0,0.0,0.0,0.0
Median weekly earnings,   Males,Full-time,Without leave entitlements,Aug-81,0.0,0.0,0.0,0.0,0.0,0.0,0.0,0.0,0.0,0.0,0.0,0.0,0.0,0.0,0.0,0.0,0.0,0.0
Median weekly earnings,   Males,Full-time,Without leave entitlements,Aug-82,0.0,0.0,0.0,0.0,0.0,0.0,0.0,0.0,0.0,0.0,0.0,0.0,0.0,0.0,0.0,0.0,0.0,0.0
Median weekly earnings,   Males,Full-time,Without leave entitlements,Aug-83,0.0,0.0,0.0,0.0,0.0,0.0,0.0,0.0,0.0,0.0,0.0,0.0,0.0,0.0,0.0,0.0,0.0,0.0
Median weekly earnings,   Males,Full-time,Without leave entitlements,Aug-84,0.0,0.0,0.0,0.0,0.0,0.0,0.0,0.0,0.0,0.0,0.0,0.0,0.0,0.0,0.0,0.0,0.0,0.0
Median weekly earnings,   Males,Full-time,Without leave entitlements,Aug-85,0.0,0.0,0.0,0.0,0.0,0.0,0.0,0.0,0.0,0.0,0.0,0.0,0.0,0.0,0.0,0.0,0.0,0.0
Median weekly earnings,   Males,Full-time,Without leave entitlements,Aug-86,0.0,0.0,0.0,0.0,0.0,0.0,0.0,0.0,0.0,0.0,0.0,0.0,0.0,0.0,0.0,0.0,0.0,0.0
Median weekly earnings,   Males,Full-time,Without leave entitlements,Aug-87,0.0,0.0,0.0,0.0,0.0,0.0,0.0,0.0,0.0,0.0,0.0,0.0,0.0,0.0,0.0,0.0,0.0,0.0
Median weekly earnings,   Males,Full-time,Without leave entitlements,Aug-88,0.0,0.0,0.0,0.0,0.0,0.0,0.0,0.0,0.0,0.0,0.0,0.0,0.0,0.0,0.0,0.0,397.0,0.0
Median weekly earnings,   Males,Full-time,Without leave entitlements,Aug-89,420.0,0.0,380.0,0.0,420.0,0.0,340.0,0.0,460.0,0.0,420.0,0.0,435.3,0.0,380.0,0.0,420.0,0.0
Median weekly earnings,   Males,Full-time,Without leave entitlements,Aug-90,420.0,0.0,420.0,0.0,380.0,0.0,420.0,0.0,434.5,0.0,447.1,0.0,397.6,0.0,420.0,0.0,420.0,0.0
Median weekly earnings,   Males,Full-time,Without leave entitlements,Jul-91,0.0,0.0,0.0,0.0,0.0,0.0,0.0,0.0,0.0,0.0,0.0,0.0,0.0,0.0,0.0,0.0,439.0,0.0
Median weekly earnings,   Males,Full-time,Without leave entitlements,Aug-92,420.0,2.4,420.0,4.9,420.0,3.8,420.0,3.6,460.0,4.4,380.0,5.6,414.8,16.8,500.0,22.0,420.0,0.0
Median weekly earnings,   Males,Full-time,Without leave entitlements,Aug-93,500.0,4.1,460.0,6.7,460.0,2.2,420.0,3.8,500.0,6.1,380.0,2.7,500.0,11.9,460.0,44.4,460.0,2.2
Median weekly earnings,   Males,Full-time,Without leave entitlements,Aug-94,500.0,6.1,500.0,4.2,500.0,2.0,420.0,2.9,540.0,3.8,460.0,5.5,540.0,5.9,500.0,7.8,500.0,2.0
Median weekly earnings,   Males,Full-time,Without leave entitlements,Aug-95,500.0,2.0,540.0,1.9,460.0,2.2,500.0,4.1,620.0,6.6,460.0,8.9,540.0,6.9,500.0,14.5,500.0,2.0
Median weekly earnings,   Males,Full-time,Without leave entitlements,Aug-96,0.0,0.0,0.0,0.0,0.0,0.0,0.0,0.0,0.0,0.0,0.0,0.0,0.0,0.0,0.0,0.0,0.0,0.0
Median weekly earnings,   Males,Full-time,Without leave entitlements,Aug-97,529.0,3.2,526.1,4.5,520.0,3.0,498.8,5.0,587.4,8.7,542.4,4.3,652.5,10.7,600.0,14.0,525.0,2.4
Median weekly earnings,   Males,Full-time,Without leave entitlements,Aug-98,554.6,2.8,526.5,4.8,502.9,3.2,500.0,2.5,600.0,5.0,502.4,4.9,674.0,8.0,511.3,12.6,540.0,1.4
Median weekly earnings,   Males,Full-time,Without leave entitlements,Aug-99,600.0,2.1,550.0,4.0,550.0,3.2,537.0,2.3,600.0,2.9,540.8,6.7,703.3,6.4,663.5,5.8,582.5,1.8
Median weekly earnings,   Males,Full-time,Without leave entitlements,Aug-00,600.0,2.0,550.0,3.7,588.7,2.2,600.0,4.2,659.9,5.8,547.7,3.5,690.1,22.6,855.9,9.9,600.0,0.9
Median weekly earnings,   Males,Full-time,Without leave entitlements,Aug-01,650.0,2.8,600.0,3.0,600.0,4.0,600.0,3.6,650.0,3.9,550.0,5.6,600.0,5.9,800.0,7.0,615.0,2.1
Median weekly earnings,   Males,Full-time,Without leave entitlements,Aug-02,630.0,3.0,620.0,3.6,601.6,3.2,560.0,4.2,700.0,7.3,558.8,3.9,700.0,10.8,750.8,20.2,620.0,2.1
Median weekly earnings,   Males,Full-time,Without leave entitlements,Aug-03,680.0,3.5,627.9,5.6,650.0,3.9,665.6,2.9,700.0,8.1,650.0,8.4,808.6,9.7,921.2,15.6,670.0,1.2
Median weekly earnings,   Males,Full-time,Without leave entitlements,Aug-04,700.0,3.5,689.8,3.4,700.0,1.2,650.0,3.9,733.3,3.5,579.5,4.8,748.2,20.7,712.2,12.5,700.0,0.9
Median weekly earnings,   Males,Full-time,Without leave entitlements,Aug-05,690.0,5.7,700.0,3.7,750.0,3.4,718.8,3.9,800.0,7.6,700.0,6.2,734.7,10.1,769.3,4.0,720.0,1.8
Median weekly earnings,   Males,Full-time,Without leave entitlements,Aug-06,800.0,4.8,700.0,3.7,800.0,2.3,750.1,3.5,900.0,5.7,674.9,6.4,773.3,8.9,"1,100.0",17.4,800.0,1.1
Median weekly earnings,   Males,Full-time,Without leave entitlements,Aug-07,800.0,4.3,800.0,3.9,820.0,3.1,729.1,6.4,"1,067.9",6.0,750.0,3.3,942.1,18.2,"1,025.9",8.2,820.0,1.9
Median weekly earnings,   Males,Full-time,Without leave entitlements,Aug-08,861.1,4.3,811.9,5.7,911.3,4.2,812.7,2.8,"1,139.6",13.6,780.0,6.5,"1,000.0",7.1,984.4,12.3,874.1,1.5
Median weekly earnings,   Males,Full-time,Without leave entitlements,Aug-09,823.1,3.1,810.0,4.0,949.1,4.2,821.6,6.9,998.5,9.9,860.1,8.9,"1,000.0",12.8,"1,540.1",25.7,872.2,2.2
Median weekly earnings,   Males,Full-time,Without leave entitlements,Aug-10,900.0,2.6,882.6,5.1,960.0,2.7,864.5,3.0,"1,083.9",10.0,803.9,4.8,"1,000.0",13.6,"1,004.4",17.7,900.8,1.5
Median weekly earnings,   Males,Full-time,Without leave entitlements,Aug-11,900.0,4.8,853.7,3.0,"1,000.0",1.9,864.1,3.6,"1,200.0",8.1,929.0,4.1,950.0,5.1,"1,064.1",36.1,950.0,2.7
Median weekly earnings,   Males,Full-time,Without leave entitlements,Aug-12,"1,000.0",2.5,900.0,5.6,"1,000.0",4.2,"1,000.0",3.5,"1,200.0",4.1,955.2,6.6,900.0,11.4,"1,173.6",24.1,"1,000.0",1.0
Median weekly earnings,   Males,Full-time,Without leave entitlements,Aug-13,989.8,2.7,974.6,4.3,"1,027.5",6.0,946.3,3.5,"1,294.9",8.1,955.2,7.0,"1,088.2",10.8,"1,000.0",10.7,"1,000.0",1.1
Median weekly earnings,   Males,Full-time,Without leave entitlements,Aug-14,972.8,2.6,920.0,5.1,"1,000.0",3.9,900.0,4.5,"1,307.2",6.4,"1,057.8",6.7,"1,304.1",10.6,"1,488.6",18.3,"1,000.0",1.4
Median weekly earnings,   Males,Full-time,Without leave entitlements,Aug-15,"1,000.0",2.8,950.0,3.1,"1,100.0",4.6,"1,000.0",4.9,"1,256.5",4.4,897.5,7.3,"1,068.8",9.7,"1,267.7",25.7,"1,000.0",1.4
Median weekly earnings,   Males,Full-time,Without leave entitlements,Aug-16,"1,000.0",3.8,"1,036.3",5.9,"1,100.0",3.0,"1,024.4",6.8,"1,200.0",5.3,996.8,6.6,"1,200.0",8.2,"1,364.9",15.8,"1,051.4",2.4
Median weekly earnings,   Males,Full-time,Without leave entitlements,Aug-17,"1,000.0",2.4,"1,022.3",4.4,"1,080.0",4.7,950.0,3.1,"1,200.0",6.0,"1,002.3",4.5,"1,082.0",7.1,"1,159.9",9.1,"1,026.9",2.0
Median weekly earnings,   Males,Full-time,Without leave entitlements,Aug-18,"1,100.0",4.6,"1,094.6",5.3,"1,200.0",3.8,"1,078.1",2.4,"1,524.8",7.5,"1,143.6",2.8,"1,200.0",12.7,"1,445.9",41.6,"1,182.7",2.2
Median weekly earnings,   Males,Full-time,Without leave entitlements,Aug-19,"1,047.5",3.7,"1,089.0",6.7,"1,206.0",5.6,"1,092.7",4.7,"1,374.3",7.4,"1,100.0",7.6,"1,008.4",22.8,"1,232.5",27.5,"1,148.6",2.2
Median weekly earnings,   Males,Full-time,Without leave entitlements,Aug-20,"1,100.0",4.6,"1,108.6",5.7,"1,051.3",3.7,"1,047.4",6.4,"1,572.5",7.3,"1,000.0",12.6,"1,412.7",10.8,"1,883.4",19.1,"1,119.0",2.6
Median weekly earnings,   Males,Full-time,Without leave entitlements,Aug-21,"1,172.4",3.6,"1,151.3",3.8,"1,178.8",3.3,"1,032.8",4.5,"1,735.1",9.3,"1,000.0",3.1,"1,274.0",10.4,"1,680.2",30.6,"1,200.0",1.6
Median weekly earnings,   Males,Full-time,Without leave entitlements,Aug-22,"1,019.0",2.6,"1,200.0",3.1,"1,200.0",5.6,"1,200.0",3.2,"1,489.6",9.5,"1,100.0",3.8,"1,254.0",10.2,"1,548.6",40.0,"1,189.9",1.4
Median weekly earnings,   Males,Full-time,Without leave entitlements,Aug-23,"1,400.0",4.6,"1,270.0",5.0,"1,378.4",4.6,"1,100.0",5.0,"1,690.5",5.7,"1,200.0",4.9,"1,541.2",13.2,"2,024.7",16.1,"1,354.3",2.9
Median weekly earnings,   Males,Full-time,Without leave entitlements,Aug-24,"1,376.4",3.2,"1,700.0",9.7,"1,497.8",3.7,"1,404.4",4.1,"1,999.2",5.9,"1,062.7",18.3,"1,438.7",9.2,"1,977.7",20.1,"1,500.0",2.4
Median weekly earnings,   Males,Full-time,Total,Aug-75,142.0,0.0,139.0,0.0,133.0,0.0,134.0,0.0,140.0,0.0,135.0,0.0,166.0,0.0,185.0,0.0,139.0,0.0
Median weekly earnings,   Males,Full-time,Total,Aug-76,161.0,0.0,159.0,0.0,152.0,0.0,153.0,0.0,160.0,0.0,153.0,0.0,170.0,0.0,198.0,0.0,159.0,0.0
Median weekly earnings,   Males,Full-time,Total,Aug-77,179.0,0.0,172.0,0.0,167.0,0.0,168.0,0.0,180.0,0.0,167.0,0.0,205.0,0.0,224.0,0.0,174.0,0.0
Median weekly earnings,   Males,Full-time,Total,Aug-78,197.0,0.0,191.0,0.0,188.0,0.0,183.0,0.0,195.0,0.0,186.0,0.0,221.0,0.0,247.0,0.0,192.0,0.0
Median weekly earnings,   Males,Full-time,Total,Aug-79,207.0,0.0,206.0,0.0,199.0,0.0,197.0,0.0,205.0,0.0,196.0,0.0,247.0,0.0,258.0,0.0,205.0,0.0
Median weekly earnings,   Males,Full-time,Total,Aug-80,0.0,0.0,0.0,0.0,0.0,0.0,0.0,0.0,0.0,0.0,0.0,0.0,0.0,0.0,0.0,0.0,224.0,0.0
Median weekly earnings,   Males,Full-time,Total,Aug-81,0.0,0.0,0.0,0.0,0.0,0.0,0.0,0.0,0.0,0.0,0.0,0.0,0.0,0.0,0.0,0.0,252.0,0.0
Median weekly earnings,   Males,Full-time,Total,Aug-82,299.0,0.0,291.0,0.0,289.0,0.0,281.0,0.0,294.0,0.0,267.0,0.0,351.0,0.0,355.0,0.0,293.0,0.0
Median weekly earnings,   Males,Full-time,Total,Aug-83,316.0,0.0,303.0,0.0,303.0,0.0,297.0,0.0,311.0,0.0,294.0,0.0,380.0,0.0,387.0,0.0,308.0,0.0
Median weekly earnings,   Males,Full-time,Total,Aug-84,343.0,0.0,328.0,0.0,323.0,0.0,317.0,0.0,335.0,0.0,321.0,0.0,419.0,0.0,413.0,0.0,332.0,0.0
Median weekly earnings,   Males,Full-time,Total,Aug-85,362.0,0.0,358.0,0.0,350.0,0.0,349.0,0.0,358.0,0.0,337.0,0.0,410.0,0.0,458.0,0.0,357.0,0.0
Median weekly earnings,   Males,Full-time,Total,Aug-86,0.0,0.0,0.0,0.0,0.0,0.0,0.0,0.0,0.0,0.0,0.0,0.0,0.0,0.0,0.0,0.0,382.0,0.0
Median weekly earnings,   Males,Full-time,Total,Aug-87,0.0,0.0,0.0,0.0,0.0,0.0,0.0,0.0,0.0,0.0,0.0,0.0,0.0,0.0,0.0,0.0,405.0,0.0
Median weekly earnings,   Males,Full-time,Total,Aug-88,0.0,0.0,0.0,0.0,0.0,0.0,0.0,0.0,0.0,0.0,0.0,0.0,0.0,0.0,0.0,0.0,431.0,0.0
Median weekly earnings,   Males,Full-time,Total,Aug-89,460.0,0.0,460.0,0.0,460.0,0.0,420.0,0.0,500.0,0.0,460.0,0.0,540.0,0.0,580.0,0.0,460.0,0.0
Median weekly earnings,   Males,Full-time,Total,Aug-90,500.0,0.0,500.0,0.0,460.0,0.0,460.0,0.0,500.0,0.0,460.0,0.0,540.0,0.0,620.0,0.0,500.0,0.0
Median weekly earnings,   Males,Full-time,Total,Jul-91,0.0,0.0,0.0,0.0,0.0,0.0,0.0,0.0,0.0,0.0,0.0,0.0,0.0,0.0,0.0,0.0,512.0,0.0
Median weekly earnings,   Males,Full-time,Total,Aug-92,540.0,1.9,540.0,1.9,500.0,2.0,500.0,2.0,540.0,0.0,500.0,0.0,580.0,3.5,660.0,1.5,540.0,1.9
Median weekly earnings,   Males,Full-time,Total,Aug-93,540.0,1.9,540.0,0.0,540.0,1.9,540.0,0.0,580.0,1.8,500.0,2.0,620.0,4.9,700.0,1.5,540.0,0.0
Median weekly earnings,   Males,Full-time,Total,Aug-94,580.0,0.0,580.0,0.0,540.0,0.0,540.0,0.0,620.0,1.6,540.0,0.0,620.0,4.9,700.0,2.7,580.0,0.0
Median weekly earnings,   Males,Full-time,Total,Aug-95,620.0,1.6,580.0,1.8,580.0,1.8,580.0,1.8,620.0,1.6,540.0,1.9,580.0,5.3,740.0,2.8,580.0,1.8
Median weekly earnings,   Males,Full-time,Total,Aug-96,0.0,0.0,0.0,0.0,0.0,0.0,0.0,0.0,0.0,0.0,0.0,0.0,0.0,0.0,0.0,0.0,0.0,0.0
Median weekly earnings,   Males,Full-time,Total,Aug-97,650.0,1.2,650.0,1.3,624.6,2.0,600.0,1.1,689.0,1.9,576.4,2.2,744.2,5.1,797.1,3.1,650.0,0.6
Median weekly earnings,   Males,Full-time,Total,Aug-98,680.0,1.1,660.0,1.5,627.0,2.0,600.0,1.4,671.2,1.9,598.7,2.1,714.3,3.0,800.0,2.5,651.0,0.8
Median weekly earnings,   Males,Full-time,Total,Aug-99,736.0,1.7,690.0,1.1,648.0,1.0,660.0,1.7,750.0,1.7,615.0,2.1,750.0,3.0,820.0,2.8,700.0,0.1
Median weekly earnings,   Males,Full-time,Total,Aug-00,750.0,1.7,750.0,0.9,700.0,0.9,690.0,1.5,769.0,1.7,650.0,3.1,808.8,5.0,900.0,2.1,738.0,0.9
Median weekly earnings,   Males,Full-time,Total,Aug-01,795.4,1.1,750.0,1.3,725.0,1.8,714.5,1.7,771.5,1.7,700.0,2.7,768.4,3.0,900.0,3.1,750.0,0.6
Median weekly earnings,   Males,Full-time,Total,Aug-02,800.0,0.9,800.0,1.0,750.0,1.3,743.4,1.0,826.0,1.7,700.0,3.4,850.0,3.0,923.0,3.0,800.0,0.4
Median weekly earnings,   Males,Full-time,Total,Aug-03,850.0,2.0,800.0,0.4,800.0,1.1,769.9,1.7,865.0,2.6,750.0,2.9,792.9,4.8,956.3,2.2,805.0,0.9
Median weekly earnings,   Males,Full-time,Total,Aug-04,890.0,1.4,850.0,2.0,800.0,1.3,768.0,1.7,869.4,1.7,750.0,2.2,924.5,4.1,"1,000.0",1.5,850.0,0.4
Median weekly earnings,   Males,Full-time,Total,Aug-05,927.5,1.7,900.0,1.1,850.0,3.0,850.0,2.0,936.0,2.2,775.0,1.6,903.1,3.8,"1,021.5",2.2,900.0,0.3
Median weekly earnings,   Males,Full-time,Total,Aug-06,980.0,1.3,950.0,1.3,925.0,1.4,900.0,2.0,"1,000.0",1.1,850.0,2.9,950.0,2.7,"1,134.6",1.8,950.0,0.3
Median weekly earnings,   Males,Full-time,Total,Aug-07,"1,000.0",0.8,"1,000.0",1.2,975.0,1.3,950.0,2.0,"1,075.0",1.5,852.6,2.2,"1,095.7",4.9,"1,258.4",3.7,"1,000.0",0.0
Median weekly earnings,   Males,Full-time,Total,Aug-08,"1,050.0",2.4,"1,000.0",0.9,"1,000.0",1.2,936.0,2.4,"1,192.0",1.1,900.0,2.7,"1,100.0",4.7,"1,250.0",3.9,"1,025.2",1.2
Median weekly earnings,   Males,Full-time,Total,Aug-09,"1,100.0",2.1,"1,035.0",1.6,"1,055.0",2.4,"1,000.0",1.3,"1,200.0",2.1,995.9,2.3,"1,250.0",5.5,"1,300.0",4.1,"1,096.0",1.0
Median weekly earnings,   Males,Full-time,Total,Aug-10,"1,144.3",1.8,"1,075.0",1.2,"1,118.0",1.2,"1,017.4",1.3,"1,300.0",2.9,"1,000.0",1.6,"1,216.5",4.0,"1,346.0",3.3,"1,134.0",1.1
Median weekly earnings,   Males,Full-time,Total,Aug-11,"1,200.0",1.1,"1,105.0",1.2,"1,200.0",1.1,"1,066.9",1.7,"1,400.0",3.3,"1,000.0",1.5,"1,200.0",5.3,"1,350.0",4.4,"1,194.3",1.0
Median weekly earnings,   Males,Full-time,Total,Aug-12,"1,209.2",1.1,"1,150.0",2.0,"1,200.0",1.3,"1,150.0",2.2,"1,482.0",1.7,"1,051.7",2.4,"1,282.0",3.5,"1,500.0",3.7,"1,200.0",0.9
Median weekly earnings,   Males,Full-time,Total,Aug-13,"1,250.0",1.4,"1,169.3",1.6,"1,250.0",1.9,"1,200.0",2.6,"1,447.7",1.8,"1,100.0",2.6,"1,473.0",3.5,"1,465.0",2.9,"1,250.0",0.8
Median weekly earnings,   Males,Full-time,Total,Aug-14,"1,300.0",1.8,"1,265.0",1.7,"1,300.0",1.8,"1,195.8",1.1,"1,560.0",1.8,"1,100.0",2.3,"1,547.2",2.1,"1,590.1",2.4,"1,302.0",0.8
Median weekly earnings,   Males,Full-time,Total,Aug-15,"1,346.0",1.6,"1,250.0",1.8,"1,250.0",1.8,"1,200.0",1.6,"1,495.0",1.7,"1,111.7",3.6,"1,400.0",3.9,"1,579.8",3.0,"1,300.0",0.6
Median weekly earnings,   Males,Full-time,Total,Aug-16,"1,341.1",1.3,"1,300.0",1.6,"1,260.5",1.9,"1,250.0",2.1,"1,500.0",1.5,"1,200.0",2.7,"1,500.0",3.7,"1,538.0",3.5,"1,333.0",1.0
Median weekly earnings,   Males,Full-time,Total,Aug-17,"1,360.7",1.9,"1,327.1",2.3,"1,352.3",1.9,"1,210.0",1.6,"1,507.4",1.7,"1,200.0",3.1,"1,500.0",2.5,"1,600.0",3.7,"1,361.0",1.1
Median weekly earnings,   Males,Full-time,Total,Aug-18,"1,442.0",1.8,"1,400.0",1.7,"1,400.0",1.7,"1,270.3",2.6,"1,600.0",3.5,"1,250.0",1.6,"1,450.2",2.1,"1,598.8",2.6,"1,425.0",0.9
Median weekly earnings,   Males,Full-time,Total,Aug-19,"1,494.0",1.7,"1,423.0",1.7,"1,422.5",1.8,"1,342.0",2.5,"1,666.0",2.3,"1,306.3",2.4,"1,500.0",2.7,"1,653.9",3.3,"1,473.0",1.1
Median weekly earnings,   Males,Full-time,Total,Aug-20,"1,500.0",0.9,"1,500.0",1.3,"1,429.4",2.8,"1,343.9",2.6,"1,800.0",2.7,"1,350.0",3.2,"1,550.0",2.3,"1,750.0",3.3,"1,500.0",0.0
Median weekly earnings,   Males,Full-time,Total,Aug-21,"1,564.7",1.8,"1,500.0",1.2,"1,500.0",1.4,"1,438.0",1.9,"1,766.8",2.2,"1,299.2",2.8,"1,617.8",4.3,"1,831.4",3.5,"1,538.0",1.2
Median weekly earnings,   Males,Full-time,Total,Aug-22,"1,600.0",1.5,"1,576.4",0.8,"1,552.2",2.9,"1,420.0",1.8,"1,914.8",2.8,"1,410.7",3.3,"1,710.4",3.5,"1,883.2",3.3,"1,600.0",0.6
Median weekly earnings,   Males,Full-time,Total,Aug-23,"1,700.0",1.4,"1,699.9",2.3,"1,660.0",2.2,"1,516.1",1.4,"1,841.0",3.4,"1,500.0",2.8,"1,750.0",2.8,"1,777.6",3.1,"1,700.0",1.1
Median weekly earnings,   Males,Full-time,Total,Aug-24,"1,730.0",1.1,"1,823.5",1.5,"1,750.0",2.0,"1,585.2",2.0,"2,051.0",1.4,"1,500.0",2.7,"1,838.3",4.1,"1,965.2",1.6,"1,789.0",1.0
Median weekly earnings,   Males,Part-time,With leave entitlements,Aug-75,0.0,0.0,0.0,0.0,0.0,0.0,0.0,0.0,0.0,0.0,0.0,0.0,0.0,0.0,0.0,0.0,0.0,0.0
Median weekly earnings,   Males,Part-time,With leave entitlements,Aug-76,0.0,0.0,0.0,0.0,0.0,0.0,0.0,0.0,0.0,0.0,0.0,0.0,0.0,0.0,0.0,0.0,0.0,0.0
Median weekly earnings,   Males,Part-time,With leave entitlements,Aug-77,0.0,0.0,0.0,0.0,0.0,0.0,0.0,0.0,0.0,0.0,0.0,0.0,0.0,0.0,0.0,0.0,0.0,0.0
Median weekly earnings,   Males,Part-time,With leave entitlements,Aug-78,0.0,0.0,0.0,0.0,0.0,0.0,0.0,0.0,0.0,0.0,0.0,0.0,0.0,0.0,0.0,0.0,0.0,0.0
Median weekly earnings,   Males,Part-time,With leave entitlements,Aug-79,0.0,0.0,0.0,0.0,0.0,0.0,0.0,0.0,0.0,0.0,0.0,0.0,0.0,0.0,0.0,0.0,0.0,0.0
Median weekly earnings,   Males,Part-time,With leave entitlements,Aug-80,0.0,0.0,0.0,0.0,0.0,0.0,0.0,0.0,0.0,0.0,0.0,0.0,0.0,0.0,0.0,0.0,0.0,0.0
Median weekly earnings,   Males,Part-time,With leave entitlements,Aug-81,0.0,0.0,0.0,0.0,0.0,0.0,0.0,0.0,0.0,0.0,0.0,0.0,0.0,0.0,0.0,0.0,0.0,0.0
Median weekly earnings,   Males,Part-time,With leave entitlements,Aug-82,0.0,0.0,0.0,0.0,0.0,0.0,0.0,0.0,0.0,0.0,0.0,0.0,0.0,0.0,0.0,0.0,0.0,0.0
Median weekly earnings,   Males,Part-time,With leave entitlements,Aug-83,0.0,0.0,0.0,0.0,0.0,0.0,0.0,0.0,0.0,0.0,0.0,0.0,0.0,0.0,0.0,0.0,0.0,0.0
Median weekly earnings,   Males,Part-time,With leave entitlements,Aug-84,0.0,0.0,0.0,0.0,0.0,0.0,0.0,0.0,0.0,0.0,0.0,0.0,0.0,0.0,0.0,0.0,0.0,0.0
Median weekly earnings,   Males,Part-time,With leave entitlements,Aug-85,0.0,0.0,0.0,0.0,0.0,0.0,0.0,0.0,0.0,0.0,0.0,0.0,0.0,0.0,0.0,0.0,0.0,0.0
Median weekly earnings,   Males,Part-time,With leave entitlements,Aug-86,0.0,0.0,0.0,0.0,0.0,0.0,0.0,0.0,0.0,0.0,0.0,0.0,0.0,0.0,0.0,0.0,0.0,0.0
Median weekly earnings,   Males,Part-time,With leave entitlements,Aug-87,0.0,0.0,0.0,0.0,0.0,0.0,0.0,0.0,0.0,0.0,0.0,0.0,0.0,0.0,0.0,0.0,0.0,0.0
Median weekly earnings,   Males,Part-time,With leave entitlements,Aug-88,0.0,0.0,0.0,0.0,0.0,0.0,0.0,0.0,0.0,0.0,0.0,0.0,0.0,0.0,0.0,0.0,238.0,0.0
Median weekly earnings,   Males,Part-time,With leave entitlements,Aug-89,220.0,0.0,220.0,0.0,220.4,0.0,260.0,0.0,233.7,0.0,219.7,0.0,0.0,0.0,180.0,0.0,220.0,0.0
Median weekly earnings,   Males,Part-time,With leave entitlements,Aug-90,220.0,0.0,260.0,0.0,138.9,0.0,190.0,0.0,269.1,0.0,133.8,0.0,0.0,0.0,220.0,0.0,220.0,0.0
Median weekly earnings,   Males,Part-time,With leave entitlements,Jul-91,0.0,0.0,0.0,0.0,0.0,0.0,0.0,0.0,0.0,0.0,0.0,0.0,0.0,0.0,0.0,0.0,256.0,0.0
Median weekly earnings,   Males,Part-time,With leave entitlements,Aug-92,260.0,11.8,260.0,11.8,317.5,7.8,300.0,16.0,180.0,16.8,276.5,26.3,0.0,0.0,198.4,20.3,260.0,7.8
Median weekly earnings,   Males,Part-time,With leave entitlements,Aug-93,260.0,11.8,260.0,11.3,180.0,28.3,274.1,15.8,220.0,9.0,200.3,74.6,253.1,0.0,300.0,21.6,260.0,3.9
Median weekly earnings,   Males,Part-time,With leave entitlements,Aug-94,220.0,9.3,260.0,8.9,220.0,30.7,260.0,15.7,260.0,15.7,274.2,21.8,0.0,0.0,260.0,23.8,220.0,4.6
Median weekly earnings,   Males,Part-time,With leave entitlements,Aug-95,300.0,8.3,239.6,8.5,260.0,15.7,260.0,26.8,260.0,15.7,246.2,21.7,260.9,0.0,300.0,14.1,260.0,7.8
Median weekly earnings,   Males,Part-time,With leave entitlements,Aug-96,0.0,0.0,0.0,0.0,0.0,0.0,0.0,0.0,0.0,0.0,0.0,0.0,0.0,0.0,0.0,0.0,0.0,0.0
Median weekly earnings,   Males,Part-time,With leave entitlements,Aug-97,332.2,4.0,253.9,5.8,310.5,15.0,256.8,13.2,180.2,11.9,396.0,12.8,190.0,58.3,306.9,15.4,275.0,4.5
Median weekly earnings,   Males,Part-time,With leave entitlements,Aug-98,237.9,12.4,246.6,12.4,266.9,15.8,250.0,15.5,194.9,40.0,332.8,25.7,0.0,0.0,368.0,12.5,250.0,9.2
Median weekly earnings,   Males,Part-time,With leave entitlements,Aug-99,282.4,5.0,297.3,7.4,252.1,16.2,250.0,11.9,277.0,17.9,311.1,19.2,482.1,0.0,301.6,36.6,287.0,3.6
Median weekly earnings,   Males,Part-time,With leave entitlements,Aug-00,357.9,12.8,303.4,7.9,278.7,11.9,298.8,12.1,264.6,7.3,398.4,10.9,237.4,20.8,367.1,40.3,300.0,5.0
Median weekly earnings,   Males,Part-time,With leave entitlements,Aug-01,347.7,9.8,314.1,8.2,303.4,16.1,346.5,16.6,291.0,7.3,287.2,15.3,193.2,0.0,404.9,15.5,319.6,4.0
Median weekly earnings,   Males,Part-time,With leave entitlements,Aug-02,350.0,5.2,350.0,10.9,338.6,12.3,342.6,25.6,290.8,9.7,331.7,45.6,996.7,0.0,394.5,23.5,343.9,4.8
Median weekly earnings,   Males,Part-time,With leave entitlements,Aug-03,400.0,12.8,359.6,6.8,380.0,6.5,394.4,8.1,401.9,5.5,395.1,16.6,317.5,43.5,508.2,22.1,380.0,2.7
Median weekly earnings,   Males,Part-time,With leave entitlements,Aug-04,400.0,6.4,350.0,11.3,480.0,12.0,395.7,9.5,434.5,13.5,475.8,13.0,0.0,0.0,489.9,19.5,400.0,4.5
Median weekly earnings,   Males,Part-time,With leave entitlements,Aug-05,440.3,6.3,424.0,11.4,420.4,6.2,346.1,11.8,361.8,10.2,510.1,15.3,539.7,0.0,405.2,17.6,420.0,3.1
Median weekly earnings,   Males,Part-time,With leave entitlements,Aug-06,400.1,9.7,500.0,5.5,500.0,6.1,456.0,11.6,449.4,10.9,476.9,12.4,221.6,0.0,533.4,21.9,471.0,3.3
Median weekly earnings,   Males,Part-time,With leave entitlements,Aug-07,446.6,5.6,450.0,3.0,485.3,10.5,480.0,4.1,463.4,13.3,525.4,11.0,911.0,36.9,579.4,9.1,450.0,3.1
Median weekly earnings,   Males,Part-time,With leave entitlements,Aug-08,495.4,9.7,406.2,8.8,552.0,12.6,400.0,15.7,517.1,17.7,490.0,8.3,802.4,44.7,476.6,34.2,489.6,5.7
Median weekly earnings,   Males,Part-time,With leave entitlements,Aug-09,552.9,8.3,496.9,9.0,500.0,8.3,522.1,16.0,503.8,11.3,571.0,8.2,515.1,36.9,695.0,34.4,504.0,3.2
Median weekly earnings,   Males,Part-time,With leave entitlements,Aug-10,500.0,10.2,500.0,9.1,562.6,8.6,500.0,14.0,650.0,9.0,550.0,7.2,701.5,24.7,649.1,16.8,548.6,4.8
Median weekly earnings,   Males,Part-time,With leave entitlements,Aug-11,560.0,5.4,460.0,8.3,583.4,10.9,599.2,7.3,444.7,12.9,491.9,12.0,553.1,30.2,644.5,19.2,500.0,4.1
Median weekly earnings,   Males,Part-time,With leave entitlements,Aug-12,559.4,4.6,533.8,4.8,605.2,8.7,548.8,8.4,577.0,8.3,630.2,8.4,589.6,20.2,643.5,22.9,561.3,3.4
Median weekly earnings,   Males,Part-time,With leave entitlements,Aug-13,546.2,7.1,599.7,6.4,600.0,11.4,507.8,9.7,482.8,11.8,600.0,9.7,606.6,16.0,668.8,15.8,575.4,3.1
Median weekly earnings,   Males,Part-time,With leave entitlements,Aug-14,578.4,6.7,519.7,6.9,600.0,6.0,600.0,8.2,527.8,10.2,570.5,10.8,580.0,12.8,449.1,39.7,576.8,4.0
Median weekly earnings,   Males,Part-time,With leave entitlements,Aug-15,597.8,5.7,645.7,5.9,700.0,7.3,648.4,9.0,587.7,6.4,600.5,10.7,841.5,29.2,669.3,20.3,620.0,2.0
Median weekly earnings,   Males,Part-time,With leave entitlements,Aug-16,599.8,7.4,557.6,8.9,748.9,8.0,541.7,9.2,600.0,19.3,661.7,10.5,759.4,37.0,652.5,12.2,600.0,4.9
Median weekly earnings,   Males,Part-time,With leave entitlements,Aug-17,662.0,6.3,649.6,7.8,600.0,7.9,628.7,8.2,600.0,9.6,597.8,15.4,600.0,24.2,819.3,29.0,637.6,3.4
Median weekly earnings,   Males,Part-time,With leave entitlements,Aug-18,623.5,4.8,637.9,7.1,654.5,7.2,743.5,4.1,810.0,11.3,731.0,10.1,524.2,39.3,703.2,25.5,651.3,3.5
Median weekly earnings,   Males,Part-time,With leave entitlements,Aug-19,744.4,4.4,699.9,5.4,750.0,9.5,686.3,8.5,610.7,9.1,704.0,9.1,"1,057.7",17.2,"1,004.5",15.2,700.0,3.6
Median weekly earnings,   Males,Part-time,With leave entitlements,Aug-20,750.0,1.7,750.0,3.1,750.0,6.4,738.6,8.5,700.0,8.2,750.0,2.3,750.0,11.7,857.6,18.4,750.0,0.5
Median weekly earnings,   Males,Part-time,With leave entitlements,Aug-21,750.0,7.7,730.6,6.6,787.7,7.1,703.7,8.0,747.2,5.9,789.9,6.9,648.3,66.4,892.8,13.5,750.0,3.4
Median weekly earnings,   Males,Part-time,With leave entitlements,Aug-22,700.0,6.9,803.2,4.4,855.3,7.5,724.1,8.2,777.1,7.4,788.7,8.1,957.2,25.7,785.8,27.7,771.8,2.2
Median weekly earnings,   Males,Part-time,With leave entitlements,Aug-23,800.0,4.4,747.7,5.8,843.8,8.2,903.8,4.8,833.3,6.5,812.5,11.0,"1,079.0",23.8,738.0,8.7,800.0,2.9
Median weekly earnings,   Males,Part-time,With leave entitlements,Aug-24,890.3,5.1,798.5,4.0,788.5,5.4,809.2,6.3,802.8,8.8,826.1,10.9,945.8,20.3,860.5,16.4,826.1,1.9
Median weekly earnings,   Males,Part-time,Without leave entitlements,Aug-75,0.0,0.0,0.0,0.0,0.0,0.0,0.0,0.0,0.0,0.0,0.0,0.0,0.0,0.0,0.0,0.0,0.0,0.0
Median weekly earnings,   Males,Part-time,Without leave entitlements,Aug-76,0.0,0.0,0.0,0.0,0.0,0.0,0.0,0.0,0.0,0.0,0.0,0.0,0.0,0.0,0.0,0.0,0.0,0.0
Median weekly earnings,   Males,Part-time,Without leave entitlements,Aug-77,0.0,0.0,0.0,0.0,0.0,0.0,0.0,0.0,0.0,0.0,0.0,0.0,0.0,0.0,0.0,0.0,0.0,0.0
Median weekly earnings,   Males,Part-time,Without leave entitlements,Aug-78,0.0,0.0,0.0,0.0,0.0,0.0,0.0,0.0,0.0,0.0,0.0,0.0,0.0,0.0,0.0,0.0,0.0,0.0
Median weekly earnings,   Males,Part-time,Without leave entitlements,Aug-79,0.0,0.0,0.0,0.0,0.0,0.0,0.0,0.0,0.0,0.0,0.0,0.0,0.0,0.0,0.0,0.0,0.0,0.0
Median weekly earnings,   Males,Part-time,Without leave entitlements,Aug-80,0.0,0.0,0.0,0.0,0.0,0.0,0.0,0.0,0.0,0.0,0.0,0.0,0.0,0.0,0.0,0.0,0.0,0.0
Median weekly earnings,   Males,Part-time,Without leave entitlements,Aug-81,0.0,0.0,0.0,0.0,0.0,0.0,0.0,0.0,0.0,0.0,0.0,0.0,0.0,0.0,0.0,0.0,0.0,0.0
Median weekly earnings,   Males,Part-time,Without leave entitlements,Aug-82,0.0,0.0,0.0,0.0,0.0,0.0,0.0,0.0,0.0,0.0,0.0,0.0,0.0,0.0,0.0,0.0,0.0,0.0
Median weekly earnings,   Males,Part-time,Without leave entitlements,Aug-83,0.0,0.0,0.0,0.0,0.0,0.0,0.0,0.0,0.0,0.0,0.0,0.0,0.0,0.0,0.0,0.0,0.0,0.0
Median weekly earnings,   Males,Part-time,Without leave entitlements,Aug-84,0.0,0.0,0.0,0.0,0.0,0.0,0.0,0.0,0.0,0.0,0.0,0.0,0.0,0.0,0.0,0.0,0.0,0.0
Median weekly earnings,   Males,Part-time,Without leave entitlements,Aug-85,0.0,0.0,0.0,0.0,0.0,0.0,0.0,0.0,0.0,0.0,0.0,0.0,0.0,0.0,0.0,0.0,0.0,0.0
Median weekly earnings,   Males,Part-time,Without leave entitlements,Aug-86,0.0,0.0,0.0,0.0,0.0,0.0,0.0,0.0,0.0,0.0,0.0,0.0,0.0,0.0,0.0,0.0,0.0,0.0
Median weekly earnings,   Males,Part-time,Without leave entitlements,Aug-87,0.0,0.0,0.0,0.0,0.0,0.0,0.0,0.0,0.0,0.0,0.0,0.0,0.0,0.0,0.0,0.0,0.0,0.0
Median weekly earnings,   Males,Part-time,Without leave entitlements,Aug-88,0.0,0.0,0.0,0.0,0.0,0.0,0.0,0.0,0.0,0.0,0.0,0.0,0.0,0.0,0.0,0.0,87.0,0.0
Median weekly earnings,   Males,Part-time,Without leave entitlements,Aug-89,100.0,0.0,100.0,0.0,100.0,0.0,60.0,0.0,100.0,0.0,60.0,0.0,127.6,0.0,100.0,0.0,100.0,0.0
Median weekly earnings,   Males,Part-time,Without leave entitlements,Aug-90,100.0,0.0,60.0,0.0,71.5,0.0,69.2,0.0,100.0,0.0,60.0,0.0,60.0,0.0,60.0,0.0,100.0,0.0
Median weekly earnings,   Males,Part-time,Without leave entitlements,Jul-91,0.0,0.0,0.0,0.0,0.0,0.0,0.0,0.0,0.0,0.0,0.0,0.0,0.0,0.0,0.0,0.0,123.0,0.0
Median weekly earnings,   Males,Part-time,Without leave entitlements,Aug-92,140.0,7.3,100.0,10.2,100.0,8.0,100.0,20.4,100.0,10.2,77.6,13.1,140.0,36.4,100.0,20.4,100.0,0.0
Median weekly earnings,   Males,Part-time,Without leave entitlements,Aug-93,140.0,7.3,100.0,10.2,100.0,10.2,140.0,7.3,100.0,10.2,100.0,19.8,133.2,29.8,140.0,7.3,100.0,10.2
Median weekly earnings,   Males,Part-time,Without leave entitlements,Aug-94,140.0,7.3,100.0,10.2,140.0,7.3,140.0,7.3,100.0,16.6,140.0,19.2,180.0,45.4,100.0,20.4,140.0,7.3
Median weekly earnings,   Males,Part-time,Without leave entitlements,Aug-95,140.0,7.3,100.0,10.2,140.0,7.3,140.0,14.6,100.0,10.2,100.0,30.6,180.0,13.4,100.0,20.4,100.0,10.2
Median weekly earnings,   Males,Part-time,Without leave entitlements,Aug-96,0.0,0.0,0.0,0.0,0.0,0.0,0.0,0.0,0.0,0.0,0.0,0.0,0.0,0.0,0.0,0.0,0.0,0.0
Median weekly earnings,   Males,Part-time,Without leave entitlements,Aug-97,150.0,9.6,120.0,7.6,120.0,6.6,110.3,8.6,80.0,10.1,120.0,14.8,128.0,25.8,120.0,12.8,120.3,6.3
Median weekly earnings,   Males,Part-time,Without leave entitlements,Aug-98,150.0,11.8,125.0,8.2,120.0,12.8,121.8,9.9,103.3,12.3,111.9,19.2,140.4,32.4,150.0,9.2,130.0,4.7
Median weekly earnings,   Males,Part-time,Without leave entitlements,Aug-99,151.9,8.2,127.8,9.0,141.2,12.3,120.0,13.2,105.1,12.1,124.7,18.1,231.0,18.7,148.2,13.8,136.0,5.6
Median weekly earnings,   Males,Part-time,Without leave entitlements,Aug-00,153.0,9.2,138.1,6.9,140.0,12.0,153.6,13.3,118.7,11.4,146.0,20.5,190.4,24.1,95.7,29.3,147.7,3.5
Median weekly earnings,   Males,Part-time,Without leave entitlements,Aug-01,150.0,11.4,140.0,8.7,150.0,9.8,173.4,11.8,120.4,8.1,167.3,12.2,311.8,23.1,137.3,13.5,150.0,3.6
Median weekly earnings,   Males,Part-time,Without leave entitlements,Aug-02,176.4,7.2,140.4,4.7,165.3,7.7,153.5,19.4,135.4,12.8,127.8,18.2,132.1,16.9,130.0,14.8,150.0,4.3
Median weekly earnings,   Males,Part-time,Without leave entitlements,Aug-03,210.0,7.9,152.2,9.9,150.0,10.1,190.0,9.6,167.2,7.7,175.7,17.2,157.5,46.5,160.0,14.9,175.0,6.1
Median weekly earnings,   Males,Part-time,Without leave entitlements,Aug-04,214.9,10.9,180.0,6.2,180.0,9.2,180.0,9.9,168.0,7.4,221.2,20.2,235.8,13.4,144.0,33.7,195.0,3.1
Median weekly earnings,   Males,Part-time,Without leave entitlements,Aug-05,240.0,7.4,180.0,7.8,194.9,9.2,200.0,5.2,150.5,17.1,200.0,14.3,270.0,28.6,200.0,13.3,200.0,2.6
Median weekly earnings,   Males,Part-time,Without leave entitlements,Aug-06,229.0,5.6,198.0,7.1,194.7,7.1,224.7,7.9,196.5,12.9,167.9,19.8,250.0,38.4,200.0,18.3,200.0,3.8
Median weekly earnings,   Males,Part-time,Without leave entitlements,Aug-07,250.0,10.2,200.0,8.9,215.9,6.0,200.0,9.4,217.3,13.1,200.0,12.8,243.0,27.6,247.1,15.4,220.0,4.6
Median weekly earnings,   Males,Part-time,Without leave entitlements,Aug-08,267.6,7.0,191.0,10.9,225.0,7.3,214.4,15.0,240.0,16.1,196.0,16.5,210.0,24.1,180.0,27.3,225.0,5.6
Median weekly earnings,   Males,Part-time,Without leave entitlements,Aug-09,250.0,9.1,200.0,8.7,223.8,11.4,200.0,22.6,250.0,14.7,331.3,13.6,330.9,10.9,265.4,17.0,230.0,3.0
Median weekly earnings,   Males,Part-time,Without leave entitlements,Aug-10,250.0,7.3,224.5,7.0,300.0,9.1,279.0,13.7,211.7,11.1,203.2,16.3,387.1,26.2,240.0,7.7,250.0,3.6
Median weekly earnings,   Males,Part-time,Without leave entitlements,Aug-11,300.0,6.8,250.0,8.9,295.2,7.7,275.0,11.6,271.2,9.1,295.8,13.9,417.0,16.0,260.0,25.4,280.1,3.6
Median weekly earnings,   Males,Part-time,Without leave entitlements,Aug-12,267.1,6.4,275.0,4.9,300.0,6.2,260.0,9.7,300.0,12.0,230.2,9.3,294.6,22.4,300.0,14.4,275.5,4.6
Median weekly earnings,   Males,Part-time,Without leave entitlements,Aug-13,285.0,6.3,290.0,8.8,300.0,9.4,230.0,11.1,300.0,16.0,274.3,19.2,328.0,12.4,369.0,18.0,292.0,3.5
Median weekly earnings,   Males,Part-time,Without leave entitlements,Aug-14,300.0,6.6,258.5,11.1,300.0,6.0,360.0,9.4,350.4,11.3,301.8,12.5,347.8,29.9,300.0,14.5,300.0,3.8
Median weekly earnings,   Males,Part-time,Without leave entitlements,Aug-15,315.7,7.8,325.0,5.8,329.3,9.7,400.0,9.7,300.0,8.5,250.0,17.7,250.0,17.8,329.7,14.1,320.0,3.9
Median weekly earnings,   Males,Part-time,Without leave entitlements,Aug-16,375.0,4.9,330.0,6.7,300.0,10.7,400.0,9.1,300.0,10.3,358.2,10.7,318.1,23.9,393.1,19.7,350.0,3.3
Median weekly earnings,   Males,Part-time,Without leave entitlements,Aug-17,355.2,6.8,314.7,4.9,350.0,7.1,368.3,6.9,300.0,10.0,231.9,19.6,387.8,19.7,347.9,25.7,336.0,2.4
Median weekly earnings,   Males,Part-time,Without leave entitlements,Aug-18,400.0,3.2,312.7,10.7,400.0,4.7,349.9,9.2,360.3,12.5,325.1,9.8,500.0,9.9,297.8,18.7,375.0,3.4
Median weekly earnings,   Males,Part-time,Without leave entitlements,Aug-19,421.5,5.0,375.0,3.6,392.0,10.8,327.2,14.1,392.1,14.6,448.6,8.1,400.0,17.4,350.0,17.0,400.0,3.0
Median weekly earnings,   Males,Part-time,Without leave entitlements,Aug-20,399.1,6.3,440.0,8.4,400.0,11.8,500.0,7.3,450.0,9.2,478.1,13.7,500.0,13.9,339.0,24.2,400.0,3.8
Median weekly earnings,   Males,Part-time,Without leave entitlements,Aug-21,388.9,8.1,317.1,11.5,402.4,7.7,400.0,6.8,362.0,11.6,400.0,12.8,495.2,19.2,460.8,20.7,384.9,3.3
Median weekly earnings,   Males,Part-time,Without leave entitlements,Aug-22,469.1,5.3,450.0,6.2,400.0,11.3,400.0,11.2,339.5,10.7,350.8,10.1,399.8,27.6,438.1,25.2,424.0,3.3
Median weekly earnings,   Males,Part-time,Without leave entitlements,Aug-23,480.0,7.4,450.0,5.7,459.8,11.9,466.4,10.4,480.0,9.0,400.6,12.2,500.0,23.6,274.2,20.0,461.9,3.5
Median weekly earnings,   Males,Part-time,Without leave entitlements,Aug-24,561.7,6.6,490.8,7.3,452.0,10.2,544.2,10.3,548.5,8.9,480.0,13.5,665.2,8.9,433.6,24.9,504.4,3.0
Median weekly earnings,   Males,Part-time,Total,Aug-75,41.0,0.0,36.0,0.0,38.0,0.0,30.0,0.0,35.0,0.0,34.0,0.0,0.0,0.0,23.0,0.0,36.0,0.0
Median weekly earnings,   Males,Part-time,Total,Aug-76,47.0,0.0,50.0,0.0,58.0,0.0,42.0,0.0,39.0,0.0,55.0,0.0,0.0,0.0,26.0,0.0,49.0,0.0
Median weekly earnings,   Males,Part-time,Total,Aug-77,46.0,0.0,50.0,0.0,45.0,0.0,33.0,0.0,40.0,0.0,39.0,0.0,0.0,0.0,46.0,0.0,45.0,0.0
Median weekly earnings,   Males,Part-time,Total,Aug-78,85.0,0.0,68.0,0.0,54.0,0.0,49.0,0.0,60.0,0.0,100.0,0.0,0.0,0.0,38.0,0.0,68.0,0.0
Median weekly earnings,   Males,Part-time,Total,Aug-79,81.0,0.0,58.0,0.0,51.0,0.0,48.0,0.0,59.0,0.0,66.0,0.0,0.0,0.0,0.0,0.0,64.0,0.0
Median weekly earnings,   Males,Part-time,Total,Aug-80,0.0,0.0,0.0,0.0,0.0,0.0,0.0,0.0,0.0,0.0,0.0,0.0,0.0,0.0,0.0,0.0,68.0,0.0
Median weekly earnings,   Males,Part-time,Total,Aug-81,0.0,0.0,0.0,0.0,0.0,0.0,0.0,0.0,0.0,0.0,0.0,0.0,0.0,0.0,0.0,0.0,78.0,0.0
Median weekly earnings,   Males,Part-time,Total,Aug-82,125.0,0.0,90.0,0.0,60.0,0.0,51.0,0.0,64.0,0.0,111.0,0.0,0.0,0.0,50.0,0.0,93.0,0.0
Median weekly earnings,   Males,Part-time,Total,Aug-83,133.0,0.0,81.0,0.0,101.0,0.0,81.0,0.0,62.0,0.0,128.0,0.0,0.0,0.0,65.0,0.0,103.0,0.0
Median weekly earnings,   Males,Part-time,Total,Aug-84,136.0,0.0,81.0,0.0,84.0,0.0,89.0,0.0,77.0,0.0,144.0,0.0,0.0,0.0,112.0,0.0,103.0,0.0
Median weekly earnings,   Males,Part-time,Total,Aug-85,134.0,0.0,119.0,0.0,80.0,0.0,79.0,0.0,77.0,0.0,109.0,0.0,0.0,0.0,76.0,0.0,108.0,0.0
Median weekly earnings,   Males,Part-time,Total,Aug-86,0.0,0.0,0.0,0.0,0.0,0.0,0.0,0.0,0.0,0.0,0.0,0.0,0.0,0.0,0.0,0.0,99.0,0.0
Median weekly earnings,   Males,Part-time,Total,Aug-87,0.0,0.0,0.0,0.0,0.0,0.0,0.0,0.0,0.0,0.0,0.0,0.0,0.0,0.0,0.0,0.0,100.0,0.0
Median weekly earnings,   Males,Part-time,Total,Aug-88,0.0,0.0,0.0,0.0,0.0,0.0,0.0,0.0,0.0,0.0,0.0,0.0,0.0,0.0,0.0,0.0,107.0,0.0
Median weekly earnings,   Males,Part-time,Total,Aug-89,100.0,0.0,100.0,0.0,100.0,0.0,100.0,0.0,100.0,0.0,100.0,0.0,127.6,0.0,100.0,0.0,100.0,0.0
Median weekly earnings,   Males,Part-time,Total,Aug-90,140.0,0.0,100.0,0.0,100.0,0.0,100.0,0.0,100.0,0.0,100.0,0.0,60.0,0.0,100.0,0.0,100.0,0.0
Median weekly earnings,   Males,Part-time,Total,Jul-91,0.0,0.0,0.0,0.0,0.0,0.0,0.0,0.0,0.0,0.0,0.0,0.0,0.0,0.0,0.0,0.0,143.0,0.0
Median weekly earnings,   Males,Part-time,Total,Aug-92,140.0,0.0,100.0,10.2,100.0,10.2,140.0,7.3,100.0,0.0,100.0,20.4,140.0,36.4,100.0,11.9,100.0,10.2
Median weekly earnings,   Males,Part-time,Total,Aug-93,140.0,7.3,140.0,7.3,100.0,10.2,180.0,5.7,140.0,10.6,140.0,7.3,140.0,25.0,140.0,11.6,140.0,0.0
Median weekly earnings,   Males,Part-time,Total,Aug-94,140.0,7.3,140.0,7.3,140.0,7.3,140.0,14.1,140.0,7.3,140.0,21.9,180.0,45.4,140.0,7.3,140.0,0.0
Median weekly earnings,   Males,Part-time,Total,Aug-95,140.0,7.3,140.0,7.3,140.0,14.6,140.0,7.3,140.0,7.3,140.0,14.6,180.0,17.0,100.0,30.6,140.0,0.0
Median weekly earnings,   Males,Part-time,Total,Aug-96,0.0,0.0,0.0,0.0,0.0,0.0,0.0,0.0,0.0,0.0,0.0,0.0,0.0,0.0,0.0,0.0,0.0,0.0
Median weekly earnings,   Males,Part-time,Total,Aug-97,160.8,8.6,149.4,10.0,128.3,7.8,140.0,11.3,100.0,10.6,156.3,22.4,150.0,46.7,150.0,13.5,150.0,5.1
Median weekly earnings,   Males,Part-time,Total,Aug-98,150.0,11.2,150.0,6.8,130.9,12.7,150.0,11.5,125.0,15.1,152.4,16.9,152.8,28.6,156.5,6.5,150.0,3.5
Median weekly earnings,   Males,Part-time,Total,Aug-99,173.3,6.3,160.0,10.3,150.0,10.6,147.8,10.9,139.9,12.0,186.0,20.2,286.1,22.8,152.8,14.8,160.0,4.7
Median weekly earnings,   Males,Part-time,Total,Aug-00,201.1,10.5,165.8,7.2,164.6,10.2,194.1,5.6,142.0,7.9,209.5,16.1,236.2,15.7,194.1,23.1,176.0,5.0
Median weekly earnings,   Males,Part-time,Total,Aug-01,185.0,8.9,175.1,5.8,162.2,8.1,204.4,11.9,153.7,11.8,196.8,10.3,237.4,28.2,165.3,20.4,176.0,4.2
Median weekly earnings,   Males,Part-time,Total,Aug-02,200.0,6.8,165.0,5.5,188.8,6.6,194.7,13.6,170.0,8.5,175.1,11.6,132.3,15.6,154.2,15.9,187.7,3.3
Median weekly earnings,   Males,Part-time,Total,Aug-03,252.8,6.6,212.3,4.8,185.1,8.7,249.8,10.3,200.0,6.3,216.6,11.4,265.2,20.8,215.0,14.7,225.0,4.6
Median weekly earnings,   Males,Part-time,Total,Aug-04,260.0,6.9,210.9,4.8,225.0,7.8,220.0,7.9,218.3,7.9,251.3,13.5,235.8,13.4,256.5,14.0,240.0,3.3
Median weekly earnings,   Males,Part-time,Total,Aug-05,288.4,6.0,222.7,5.7,244.0,7.3,220.1,9.4,232.4,11.0,277.9,10.3,293.6,31.2,250.0,10.9,250.0,2.0
Median weekly earnings,   Males,Part-time,Total,Aug-06,281.4,4.5,297.4,5.1,270.2,5.7,256.0,7.7,231.6,5.8,237.5,14.6,250.0,32.3,294.5,19.1,273.9,3.5
Median weekly earnings,   Males,Part-time,Total,Aug-07,320.0,4.0,275.5,5.6,254.3,4.2,272.1,9.3,300.0,8.0,225.6,14.1,326.6,46.5,343.5,7.5,299.0,2.6
Median weekly earnings,   Males,Part-time,Total,Aug-08,320.0,8.3,250.0,10.2,280.0,9.3,251.1,10.7,280.8,9.0,250.0,14.7,348.3,21.7,225.5,27.8,285.7,3.6
Median weekly earnings,   Males,Part-time,Total,Aug-09,320.0,6.8,263.2,7.4,332.0,10.2,299.5,10.3,300.0,9.0,440.3,6.9,350.2,13.0,319.4,17.6,300.0,2.2
Median weekly earnings,   Males,Part-time,Total,Aug-10,315.8,4.3,300.0,4.0,350.0,5.3,329.7,6.4,300.0,9.3,300.0,10.8,481.0,14.6,364.6,14.3,320.0,3.3
Median weekly earnings,   Males,Part-time,Total,Aug-11,376.1,4.3,304.9,6.0,344.2,5.2,359.7,7.8,300.0,10.6,366.5,8.0,450.0,10.9,379.3,15.1,350.0,2.5
Median weekly earnings,   Males,Part-time,Total,Aug-12,350.0,4.6,375.0,5.1,365.3,6.3,367.2,8.8,375.0,6.2,322.7,14.9,371.9,20.1,402.6,8.9,360.0,2.8
Median weekly earnings,   Males,Part-time,Total,Aug-13,350.0,4.5,375.0,3.4,380.8,3.6,313.8,16.2,375.0,9.9,381.1,16.7,350.0,24.3,450.0,9.5,361.0,2.8
Median weekly earnings,   Males,Part-time,Total,Aug-14,400.0,4.5,356.0,6.4,400.0,7.2,446.7,8.0,414.8,3.1,412.0,11.4,481.5,16.4,395.9,7.7,400.0,2.1
Median weekly earnings,   Males,Part-time,Total,Aug-15,400.0,6.3,418.1,3.5,400.0,7.7,466.0,4.5,396.8,9.0,398.0,12.1,347.5,23.6,386.4,17.0,400.0,1.4
Median weekly earnings,   Males,Part-time,Total,Aug-16,444.8,4.1,400.0,4.4,416.7,6.2,420.0,5.9,400.0,6.2,452.8,7.5,472.6,8.7,450.0,13.4,416.0,3.1
Median weekly earnings,   Males,Part-time,Total,Aug-17,450.0,4.9,400.0,4.5,440.6,4.6,460.0,5.6,383.0,6.7,433.6,12.5,420.0,14.5,398.1,15.6,426.9,3.0
Median weekly earnings,   Males,Part-time,Total,Aug-18,465.9,4.4,452.8,5.1,452.0,5.3,499.0,8.1,499.7,8.0,450.0,9.7,500.0,8.1,420.0,8.3,460.0,2.5
Median weekly earnings,   Males,Part-time,Total,Aug-19,500.0,4.5,480.0,6.6,503.3,4.2,437.3,5.9,495.6,7.7,500.0,5.1,577.7,11.7,500.0,12.7,500.0,1.5
Median weekly earnings,   Males,Part-time,Total,Aug-20,550.0,7.0,561.2,6.3,595.7,6.4,586.0,6.2,549.7,5.7,609.9,8.9,557.1,11.3,600.0,15.1,550.0,2.8
Median weekly earnings,   Males,Part-time,Total,Aug-21,537.6,6.1,497.3,7.3,544.1,6.4,529.3,6.4,500.0,7.1,529.8,7.2,540.0,11.3,606.4,18.9,520.0,2.7
Median weekly earnings,   Males,Part-time,Total,Aug-22,560.0,3.8,508.0,5.5,531.0,8.9,504.0,6.2,500.0,6.5,526.7,9.7,538.7,15.5,553.3,19.0,542.0,3.4
Median weekly earnings,   Males,Part-time,Total,Aug-23,600.0,4.1,589.4,6.5,588.3,6.2,608.5,5.8,569.7,5.4,597.2,7.3,682.8,12.5,416.0,18.0,600.0,2.5
Median weekly earnings,   Males,Part-time,Total,Aug-24,669.9,5.7,600.0,3.0,576.0,3.2,650.0,5.9,607.7,6.7,705.8,8.6,700.2,5.8,700.0,7.2,623.0,2.0
Median weekly earnings,   Males,Total,With leave entitlements,Aug-75,0.0,0.0,0.0,0.0,0.0,0.0,0.0,0.0,0.0,0.0,0.0,0.0,0.0,0.0,0.0,0.0,0.0,0.0
Median weekly earnings,   Males,Total,With leave entitlements,Aug-76,0.0,0.0,0.0,0.0,0.0,0.0,0.0,0.0,0.0,0.0,0.0,0.0,0.0,0.0,0.0,0.0,0.0,0.0
Median weekly earnings,   Males,Total,With leave entitlements,Aug-77,0.0,0.0,0.0,0.0,0.0,0.0,0.0,0.0,0.0,0.0,0.0,0.0,0.0,0.0,0.0,0.0,0.0,0.0
Median weekly earnings,   Males,Total,With leave entitlements,Aug-78,0.0,0.0,0.0,0.0,0.0,0.0,0.0,0.0,0.0,0.0,0.0,0.0,0.0,0.0,0.0,0.0,0.0,0.0
Median weekly earnings,   Males,Total,With leave entitlements,Aug-79,0.0,0.0,0.0,0.0,0.0,0.0,0.0,0.0,0.0,0.0,0.0,0.0,0.0,0.0,0.0,0.0,0.0,0.0
Median weekly earnings,   Males,Total,With leave entitlements,Aug-80,0.0,0.0,0.0,0.0,0.0,0.0,0.0,0.0,0.0,0.0,0.0,0.0,0.0,0.0,0.0,0.0,0.0,0.0
Median weekly earnings,   Males,Total,With leave entitlements,Aug-81,0.0,0.0,0.0,0.0,0.0,0.0,0.0,0.0,0.0,0.0,0.0,0.0,0.0,0.0,0.0,0.0,0.0,0.0
Median weekly earnings,   Males,Total,With leave entitlements,Aug-82,0.0,0.0,0.0,0.0,0.0,0.0,0.0,0.0,0.0,0.0,0.0,0.0,0.0,0.0,0.0,0.0,0.0,0.0
Median weekly earnings,   Males,Total,With leave entitlements,Aug-83,0.0,0.0,0.0,0.0,0.0,0.0,0.0,0.0,0.0,0.0,0.0,0.0,0.0,0.0,0.0,0.0,0.0,0.0
Median weekly earnings,   Males,Total,With leave entitlements,Aug-84,0.0,0.0,0.0,0.0,0.0,0.0,0.0,0.0,0.0,0.0,0.0,0.0,0.0,0.0,0.0,0.0,335.0,0.0
Median weekly earnings,   Males,Total,With leave entitlements,Aug-85,0.0,0.0,0.0,0.0,0.0,0.0,0.0,0.0,0.0,0.0,0.0,0.0,0.0,0.0,0.0,0.0,362.0,0.0
Median weekly earnings,   Males,Total,With leave entitlements,Aug-86,0.0,0.0,0.0,0.0,0.0,0.0,0.0,0.0,0.0,0.0,0.0,0.0,0.0,0.0,0.0,0.0,384.0,0.0
Median weekly earnings,   Males,Total,With leave entitlements,Aug-87,0.0,0.0,0.0,0.0,0.0,0.0,0.0,0.0,0.0,0.0,0.0,0.0,0.0,0.0,0.0,0.0,410.0,0.0
Median weekly earnings,   Males,Total,With leave entitlements,Aug-88,0.0,0.0,0.0,0.0,0.0,0.0,0.0,0.0,0.0,0.0,0.0,0.0,0.0,0.0,0.0,0.0,431.0,0.0
Median weekly earnings,   Males,Total,With leave entitlements,Aug-89,460.0,0.0,460.0,0.0,460.0,0.0,460.0,0.0,500.0,0.0,460.0,0.0,540.0,0.0,580.0,0.0,460.0,0.0
Median weekly earnings,   Males,Total,With leave entitlements,Aug-90,500.0,0.0,500.0,0.0,460.0,0.0,460.0,0.0,500.0,0.0,460.0,0.0,540.0,0.0,620.0,0.0,500.0,0.0
Median weekly earnings,   Males,Total,With leave entitlements,Jul-91,0.0,0.0,0.0,0.0,0.0,0.0,0.0,0.0,0.0,0.0,0.0,0.0,0.0,0.0,0.0,0.0,514.0,0.0
Median weekly earnings,   Males,Total,With leave entitlements,Aug-92,540.0,0.0,540.0,1.9,500.0,2.0,500.0,2.0,540.0,0.0,500.0,0.0,580.0,5.3,660.0,1.7,540.0,0.0
Median weekly earnings,   Males,Total,With leave entitlements,Aug-93,580.0,1.8,540.0,0.0,540.0,1.7,540.0,0.0,580.0,1.8,540.0,1.9,620.0,6.6,700.0,1.5,540.0,0.0
Median weekly earnings,   Males,Total,With leave entitlements,Aug-94,580.0,0.0,580.0,0.0,540.0,0.0,540.0,1.9,620.0,1.6,540.0,1.9,660.0,4.6,700.0,1.5,580.0,0.0
Median weekly earnings,   Males,Total,With leave entitlements,Aug-95,620.0,0.0,580.0,0.0,580.0,1.8,580.0,3.5,620.0,0.0,580.0,1.8,620.0,4.9,740.0,2.8,580.0,1.8
Median weekly earnings,   Males,Total,With leave entitlements,Aug-96,0.0,0.0,0.0,0.0,0.0,0.0,0.0,0.0,0.0,0.0,0.0,0.0,0.0,0.0,0.0,0.0,0.0,0.0
Median weekly earnings,   Males,Total,With leave entitlements,Aug-97,650.0,1.6,644.6,1.8,643.0,1.9,603.2,1.5,685.0,1.9,574.0,2.2,750.0,5.1,791.1,3.0,650.0,0.3
Median weekly earnings,   Males,Total,With leave entitlements,Aug-98,692.0,0.9,651.0,1.5,650.0,2.2,619.7,2.1,666.1,2.1,600.0,1.9,726.4,3.1,800.0,2.3,667.6,1.0
Median weekly earnings,   Males,Total,With leave entitlements,Aug-99,750.0,1.3,690.0,1.2,650.0,1.2,676.0,1.9,750.0,1.8,620.7,2.1,738.2,2.7,824.5,3.1,700.0,0.4
Median weekly earnings,   Males,Total,With leave entitlements,Aug-00,759.5,1.9,750.0,1.3,700.0,1.2,700.0,1.4,769.0,1.7,650.0,3.1,840.8,4.4,899.2,1.8,750.0,0.5
Median weekly earnings,   Males,Total,With leave entitlements,Aug-01,800.0,0.9,750.0,1.3,750.0,1.9,733.0,1.5,776.8,1.6,700.0,2.4,790.0,3.2,884.5,3.5,765.5,0.8
Median weekly earnings,   Males,Total,With leave entitlements,Aug-02,805.0,1.5,800.0,1.0,769.0,1.7,750.0,1.2,824.1,1.7,708.7,3.4,862.7,4.0,919.9,3.7,800.0,0.0
Median weekly earnings,   Males,Total,With leave entitlements,Aug-03,853.0,1.8,800.0,0.9,800.0,1.2,770.4,1.7,859.3,2.8,750.0,3.0,773.7,5.6,943.5,2.1,807.0,0.9
Median weekly earnings,   Males,Total,With leave entitlements,Aug-04,893.6,1.4,850.0,2.3,820.0,1.6,769.7,1.7,863.4,2.1,771.8,1.7,950.0,4.0,"1,000.0",1.5,850.0,0.4
Median weekly earnings,   Males,Total,With leave entitlements,Aug-05,940.0,2.4,900.0,1.1,850.0,2.9,850.0,2.6,920.0,2.1,771.9,1.7,904.0,4.2,"1,018.9",1.9,900.0,0.3
Median weekly earnings,   Males,Total,With leave entitlements,Aug-06,960.7,1.5,950.0,1.2,927.0,1.4,902.5,1.5,"1,000.0",1.0,850.0,3.0,988.2,3.6,"1,115.0",1.6,950.0,0.3
Median weekly earnings,   Males,Total,With leave entitlements,Aug-07,"1,000.0",1.0,970.8,1.3,989.9,1.0,950.0,2.4,"1,036.5",2.5,850.0,2.6,"1,100.0",4.6,"1,250.0",3.7,"1,000.0",0.3
Median weekly earnings,   Males,Total,With leave entitlements,Aug-08,"1,050.0",2.4,"1,000.0",1.5,"1,000.0",1.4,936.3,2.1,"1,150.0",2.2,900.0,2.8,"1,100.0",6.4,"1,250.0",4.4,"1,020.0",1.3
Median weekly earnings,   Males,Total,With leave entitlements,Aug-09,"1,106.5",2.0,"1,012.0",1.5,"1,050.0",2.4,"1,000.0",1.7,"1,186.0",1.3,962.7,2.6,"1,265.0",5.5,"1,250.0",3.6,"1,080.7",1.1
Median weekly earnings,   Males,Total,With leave entitlements,Aug-10,"1,142.8",1.8,"1,055.9",1.6,"1,115.6",1.1,"1,036.1",1.7,"1,300.0",2.6,976.4,2.5,"1,227.7",3.8,"1,297.8",3.3,"1,125.0",1.1
Median weekly earnings,   Males,Total,With leave entitlements,Aug-11,"1,200.0",1.1,"1,100.0",2.2,"1,190.2",1.1,"1,100.0",1.2,"1,380.0",2.6,"1,000.0",1.4,"1,200.0",4.4,"1,300.0",3.3,"1,175.0",1.1
Median weekly earnings,   Males,Total,With leave entitlements,Aug-12,"1,200.0",1.1,"1,128.3",1.1,"1,200.0",0.8,"1,130.4",1.1,"1,450.0",1.8,"1,035.0",2.5,"1,300.0",3.9,"1,436.1",2.7,"1,200.0",0.1
Median weekly earnings,   Males,Total,With leave entitlements,Aug-13,"1,224.0",1.1,"1,150.0",2.2,"1,250.0",1.5,"1,200.0",2.5,"1,400.0",2.6,"1,079.4",3.5,"1,473.0",5.0,"1,450.0",2.7,"1,250.0",1.0
Median weekly earnings,   Males,Total,With leave entitlements,Aug-14,"1,300.0",1.9,"1,250.0",2.0,"1,300.0",1.8,"1,200.0",1.1,"1,500.0",1.8,"1,081.8",2.5,"1,550.0",2.4,"1,538.1",3.7,"1,300.0",0.7
Median weekly earnings,   Males,Total,With leave entitlements,Aug-15,"1,342.0",1.5,"1,250.0",1.6,"1,250.0",2.0,"1,200.0",1.9,"1,450.0",1.8,"1,100.0",4.2,"1,400.0",3.6,"1,520.0",3.0,"1,300.0",0.4
Median weekly earnings,   Males,Total,With leave entitlements,Aug-16,"1,324.8",1.0,"1,275.0",1.0,"1,281.0",1.8,"1,246.3",2.0,"1,500.0",1.9,"1,200.0",3.2,"1,525.5",2.9,"1,507.0",3.7,"1,305.0",0.8
Median weekly earnings,   Males,Total,With leave entitlements,Aug-17,"1,352.6",2.2,"1,315.3",2.3,"1,350.0",1.9,"1,212.5",1.1,"1,500.0",1.7,"1,200.0",3.4,"1,500.0",2.8,"1,600.6",3.6,"1,350.0",1.3
Median weekly earnings,   Males,Total,With leave entitlements,Aug-18,"1,437.4",1.7,"1,380.0",1.4,"1,400.0",1.8,"1,250.0",2.0,"1,565.0",2.2,"1,231.6",1.2,"1,456.2",2.2,"1,554.3",2.0,"1,400.0",0.7
Median weekly earnings,   Males,Total,With leave entitlements,Aug-19,"1,472.8",1.7,"1,380.0",1.8,"1,400.0",1.7,"1,310.0",2.9,"1,650.0",2.0,"1,298.7",2.0,"1,500.0",2.7,"1,628.9",3.1,"1,438.0",1.3
Median weekly earnings,   Males,Total,With leave entitlements,Aug-20,"1,495.0",1.1,"1,438.0",1.9,"1,430.0",2.8,"1,350.2",2.0,"1,750.0",2.2,"1,324.2",2.9,"1,500.0",3.9,"1,679.3",4.1,"1,490.0",0.9
Median weekly earnings,   Males,Total,With leave entitlements,Aug-21,"1,549.5",1.6,"1,500.0",1.4,"1,500.0",1.6,"1,423.9",1.8,"1,649.1",2.7,"1,250.0",2.0,"1,632.5",5.3,"1,750.7",3.2,"1,500.0",0.6
Median weekly earnings,   Males,Total,With leave entitlements,Aug-22,"1,591.0",1.5,"1,552.1",1.4,"1,574.3",2.7,"1,400.7",2.3,"1,828.9",2.5,"1,350.0",3.8,"1,682.4",3.3,"1,851.1",2.9,"1,587.2",0.8
Median weekly earnings,   Males,Total,With leave entitlements,Aug-23,"1,674.6",1.3,"1,648.6",2.1,"1,651.3",1.9,"1,533.2",1.5,"1,800.0",2.5,"1,456.8",1.8,"1,741.5",3.1,"1,711.5",2.5,"1,662.4",1.1
Median weekly earnings,   Males,Total,With leave entitlements,Aug-24,"1,693.0",1.2,"1,747.4",1.4,"1,710.0",2.0,"1,502.6",1.7,"2,000.0",1.8,"1,425.0",2.0,"1,800.9",4.2,"1,883.1",3.0,"1,729.8",0.7
Median weekly earnings,   Males,Total,Without leave entitlements,Aug-75,0.0,0.0,0.0,0.0,0.0,0.0,0.0,0.0,0.0,0.0,0.0,0.0,0.0,0.0,0.0,0.0,0.0,0.0
Median weekly earnings,   Males,Total,Without leave entitlements,Aug-76,0.0,0.0,0.0,0.0,0.0,0.0,0.0,0.0,0.0,0.0,0.0,0.0,0.0,0.0,0.0,0.0,0.0,0.0
Median weekly earnings,   Males,Total,Without leave entitlements,Aug-77,0.0,0.0,0.0,0.0,0.0,0.0,0.0,0.0,0.0,0.0,0.0,0.0,0.0,0.0,0.0,0.0,0.0,0.0
Median weekly earnings,   Males,Total,Without leave entitlements,Aug-78,0.0,0.0,0.0,0.0,0.0,0.0,0.0,0.0,0.0,0.0,0.0,0.0,0.0,0.0,0.0,0.0,0.0,0.0
Median weekly earnings,   Males,Total,Without leave entitlements,Aug-79,0.0,0.0,0.0,0.0,0.0,0.0,0.0,0.0,0.0,0.0,0.0,0.0,0.0,0.0,0.0,0.0,0.0,0.0
Median weekly earnings,   Males,Total,Without leave entitlements,Aug-80,0.0,0.0,0.0,0.0,0.0,0.0,0.0,0.0,0.0,0.0,0.0,0.0,0.0,0.0,0.0,0.0,0.0,0.0
Median weekly earnings,   Males,Total,Without leave entitlements,Aug-81,0.0,0.0,0.0,0.0,0.0,0.0,0.0,0.0,0.0,0.0,0.0,0.0,0.0,0.0,0.0,0.0,0.0,0.0
Median weekly earnings,   Males,Total,Without leave entitlements,Aug-82,0.0,0.0,0.0,0.0,0.0,0.0,0.0,0.0,0.0,0.0,0.0,0.0,0.0,0.0,0.0,0.0,0.0,0.0
Median weekly earnings,   Males,Total,Without leave entitlements,Aug-83,0.0,0.0,0.0,0.0,0.0,0.0,0.0,0.0,0.0,0.0,0.0,0.0,0.0,0.0,0.0,0.0,0.0,0.0
Median weekly earnings,   Males,Total,Without leave entitlements,Aug-84,0.0,0.0,0.0,0.0,0.0,0.0,0.0,0.0,0.0,0.0,0.0,0.0,0.0,0.0,0.0,0.0,209.0,0.0
Median weekly earnings,   Males,Total,Without leave entitlements,Aug-85,0.0,0.0,0.0,0.0,0.0,0.0,0.0,0.0,0.0,0.0,0.0,0.0,0.0,0.0,0.0,0.0,225.0,0.0
Median weekly earnings,   Males,Total,Without leave entitlements,Aug-86,0.0,0.0,0.0,0.0,0.0,0.0,0.0,0.0,0.0,0.0,0.0,0.0,0.0,0.0,0.0,0.0,223.0,0.0
Median weekly earnings,   Males,Total,Without leave entitlements,Aug-87,0.0,0.0,0.0,0.0,0.0,0.0,0.0,0.0,0.0,0.0,0.0,0.0,0.0,0.0,0.0,0.0,239.0,0.0
Median weekly earnings,   Males,Total,Without leave entitlements,Aug-88,0.0,0.0,0.0,0.0,0.0,0.0,0.0,0.0,0.0,0.0,0.0,0.0,0.0,0.0,0.0,0.0,256.0,0.0
Median weekly earnings,   Males,Total,Without leave entitlements,Aug-89,220.0,0.0,180.0,0.0,300.0,0.0,220.0,0.0,260.0,0.0,220.0,0.0,300.0,0.0,140.0,0.0,220.0,0.0
Median weekly earnings,   Males,Total,Without leave entitlements,Aug-90,260.0,0.0,167.9,0.0,260.0,0.0,260.0,0.0,256.5,0.0,260.0,0.0,150.6,0.0,140.0,0.0,220.0,0.0
Median weekly earnings,   Males,Total,Without leave entitlements,Jul-91,0.0,0.0,0.0,0.0,0.0,0.0,0.0,0.0,0.0,0.0,0.0,0.0,0.0,0.0,0.0,0.0,266.0,0.0
Median weekly earnings,   Males,Total,Without leave entitlements,Aug-92,260.0,7.8,180.0,11.3,260.0,7.8,260.0,7.8,220.0,13.9,220.0,11.8,300.0,15.7,140.0,17.3,220.0,4.6
Median weekly earnings,   Males,Total,Without leave entitlements,Aug-93,300.0,6.8,220.0,4.6,260.0,11.2,314.0,3.3,260.0,7.8,180.0,17.0,300.0,13.6,140.0,21.9,260.0,3.9
Median weekly earnings,   Males,Total,Without leave entitlements,Aug-94,300.0,6.8,230.1,10.4,340.0,6.0,300.0,9.6,300.0,10.2,260.0,15.6,380.0,8.7,140.0,30.3,300.0,3.4
Median weekly earnings,   Males,Total,Without leave entitlements,Aug-95,300.0,10.2,300.0,10.2,300.0,3.4,340.0,6.0,260.0,12.2,260.0,11.8,420.0,19.4,140.0,36.4,300.0,3.4
Median weekly earnings,   Males,Total,Without leave entitlements,Aug-96,0.0,0.0,0.0,0.0,0.0,0.0,0.0,0.0,0.0,0.0,0.0,0.0,0.0,0.0,0.0,0.0,0.0,0.0
Median weekly earnings,   Males,Total,Without leave entitlements,Aug-97,330.7,5.3,250.0,8.8,340.0,7.6,320.0,11.8,298.9,11.5,350.0,12.5,471.2,20.6,200.0,13.6,300.0,3.0
Median weekly earnings,   Males,Total,Without leave entitlements,Aug-98,362.5,4.1,300.0,8.5,360.0,6.4,385.0,6.8,363.9,12.2,260.0,13.3,510.9,14.0,240.0,8.9,350.0,2.9
Median weekly earnings,   Males,Total,Without leave entitlements,Aug-99,404.6,6.3,300.0,6.8,400.0,4.0,350.0,7.3,313.3,8.6,354.2,12.8,500.0,18.0,224.8,15.2,359.1,2.5
Median weekly earnings,   Males,Total,Without leave entitlements,Aug-00,400.0,7.1,314.1,5.9,386.1,5.8,420.0,6.9,300.0,12.7,298.7,11.7,500.0,16.9,325.8,19.9,367.9,2.8
Median weekly earnings,   Males,Total,Without leave entitlements,Aug-01,350.0,7.3,310.0,6.6,400.0,4.4,400.0,5.4,400.0,6.1,300.0,12.3,461.8,13.8,300.0,23.6,368.0,3.8
Median weekly earnings,   Males,Total,Without leave entitlements,Aug-02,400.0,5.9,335.1,6.9,400.0,5.7,396.5,5.2,399.1,9.6,367.3,13.2,478.5,27.3,243.1,22.4,385.0,3.3
Median weekly earnings,   Males,Total,Without leave entitlements,Aug-03,408.0,9.4,260.0,7.4,386.0,9.1,449.2,7.9,385.5,9.8,400.0,12.3,554.3,25.4,372.2,13.7,380.0,3.4
Median weekly earnings,   Males,Total,Without leave entitlements,Aug-04,424.6,5.0,384.0,6.3,450.0,5.7,400.0,9.6,450.0,7.1,400.0,6.2,504.8,20.8,307.7,13.5,415.9,3.1
Median weekly earnings,   Males,Total,Without leave entitlements,Aug-05,405.5,7.4,360.0,7.8,443.2,5.6,450.0,5.0,480.0,5.6,420.0,10.3,600.0,9.5,400.0,15.9,414.0,3.1
Median weekly earnings,   Males,Total,Without leave entitlements,Aug-06,400.0,9.6,400.0,7.0,503.4,4.2,420.0,5.8,500.0,8.0,415.6,13.8,524.7,18.5,567.6,6.7,450.0,4.0
Median weekly earnings,   Males,Total,Without leave entitlements,Aug-07,523.0,5.0,448.7,6.3,600.0,4.2,523.0,5.9,550.0,7.4,503.6,10.2,598.9,22.2,500.0,9.5,510.0,2.5
Median weekly earnings,   Males,Total,Without leave entitlements,Aug-08,500.0,6.3,350.0,8.5,600.0,7.1,515.5,9.3,641.3,9.8,539.4,14.3,626.1,17.2,300.0,37.7,500.0,5.1
Median weekly earnings,   Males,Total,Without leave entitlements,Aug-09,480.0,8.0,375.3,8.9,570.0,4.6,489.4,10.9,500.0,10.3,500.0,9.2,760.8,11.4,389.7,15.7,500.0,2.6
Median weekly earnings,   Males,Total,Without leave entitlements,Aug-10,546.0,4.7,420.0,7.7,647.1,4.0,625.0,4.6,550.0,5.6,432.8,17.7,720.5,9.9,600.0,8.5,555.6,3.7
Median weekly earnings,   Males,Total,Without leave entitlements,Aug-11,550.0,4.6,500.0,7.6,644.5,4.8,572.7,5.3,601.7,7.3,575.0,11.9,706.6,7.9,473.9,12.1,575.0,3.3
Median weekly earnings,   Males,Total,Without leave entitlements,Aug-12,500.0,7.6,530.0,7.6,650.0,3.9,553.8,8.8,700.0,6.5,486.0,12.6,703.7,11.6,421.5,16.4,588.3,2.9
Median weekly earnings,   Males,Total,Without leave entitlements,Aug-13,489.6,5.4,511.6,7.3,700.0,6.2,646.2,6.5,700.0,8.3,595.4,7.0,820.7,11.0,486.2,13.6,586.0,2.2
Median weekly earnings,   Males,Total,Without leave entitlements,Aug-14,560.0,4.8,500.0,7.7,677.0,5.7,659.4,5.3,800.0,9.6,533.9,16.2,"1,000.0",12.1,540.4,18.9,600.0,3.3
Median weekly earnings,   Males,Total,Without leave entitlements,Aug-15,600.0,7.2,500.0,4.4,700.0,6.7,640.0,4.7,750.0,10.4,490.3,7.9,983.0,4.3,540.2,10.3,600.0,3.2
Median weekly earnings,   Males,Total,Without leave entitlements,Aug-16,600.0,7.7,516.9,5.2,744.9,5.4,634.0,5.8,688.2,9.3,568.9,8.1,916.9,10.3,556.5,18.0,600.0,3.0
Median weekly earnings,   Males,Total,Without leave entitlements,Aug-17,649.2,3.9,600.0,6.5,750.0,3.8,700.0,5.5,582.8,7.4,633.7,12.8,815.1,11.4,686.2,13.0,664.6,2.9
Median weekly earnings,   Males,Total,Without leave entitlements,Aug-18,672.5,5.7,600.0,6.3,758.5,4.6,750.0,8.5,750.0,10.2,623.7,8.5,948.6,9.6,626.9,17.4,690.0,3.3
Median weekly earnings,   Males,Total,Without leave entitlements,Aug-19,656.0,4.0,674.0,5.5,750.0,4.5,662.9,7.8,900.0,5.7,607.2,7.6,763.9,7.9,701.0,18.2,700.0,2.3
Median weekly earnings,   Males,Total,Without leave entitlements,Aug-20,665.8,6.1,600.0,6.5,750.0,4.9,750.0,3.4,936.7,5.4,641.3,9.9,750.0,13.1,743.7,17.2,740.5,2.6
Median weekly earnings,   Males,Total,Without leave entitlements,Aug-21,690.0,5.5,646.0,7.7,741.4,5.9,672.5,7.7,846.3,9.9,600.0,10.6,800.0,10.2,900.0,12.4,700.0,3.2
Median weekly earnings,   Males,Total,Without leave entitlements,Aug-22,778.1,5.0,700.0,6.7,817.7,4.7,801.2,6.0,937.8,8.6,776.5,12.4,788.9,18.5,957.8,9.9,792.7,2.2
Median weekly earnings,   Males,Total,Without leave entitlements,Aug-23,752.2,6.5,750.0,4.2,840.3,5.4,788.3,7.1,874.4,8.2,685.4,7.6,836.2,10.0,585.8,22.5,772.0,1.8
Median weekly earnings,   Males,Total,Without leave entitlements,Aug-24,800.0,5.2,773.8,6.9,850.0,6.4,900.0,7.4,"1,055.9",6.5,677.6,11.5,"1,000.0",12.8,"1,199.4",15.7,842.8,3.3
Median weekly earnings,   Males,Total,Total,Aug-75,0.0,0.0,0.0,0.0,0.0,0.0,0.0,0.0,0.0,0.0,0.0,0.0,0.0,0.0,0.0,0.0,138.0,0.0
Median weekly earnings,   Males,Total,Total,Aug-76,0.0,0.0,0.0,0.0,0.0,0.0,0.0,0.0,0.0,0.0,0.0,0.0,0.0,0.0,0.0,0.0,157.0,0.0
Median weekly earnings,   Males,Total,Total,Aug-77,0.0,0.0,0.0,0.0,0.0,0.0,0.0,0.0,0.0,0.0,0.0,0.0,0.0,0.0,0.0,0.0,172.0,0.0
Median weekly earnings,   Males,Total,Total,Aug-78,0.0,0.0,0.0,0.0,0.0,0.0,0.0,0.0,0.0,0.0,0.0,0.0,0.0,0.0,0.0,0.0,189.0,0.0
Median weekly earnings,   Males,Total,Total,Aug-79,0.0,0.0,0.0,0.0,0.0,0.0,0.0,0.0,0.0,0.0,0.0,0.0,0.0,0.0,0.0,0.0,202.0,0.0
Median weekly earnings,   Males,Total,Total,Aug-80,0.0,0.0,0.0,0.0,0.0,0.0,0.0,0.0,0.0,0.0,0.0,0.0,0.0,0.0,0.0,0.0,221.0,0.0
Median weekly earnings,   Males,Total,Total,Aug-81,0.0,0.0,0.0,0.0,0.0,0.0,0.0,0.0,0.0,0.0,0.0,0.0,0.0,0.0,0.0,0.0,248.0,0.0
Median weekly earnings,   Males,Total,Total,Aug-82,0.0,0.0,0.0,0.0,0.0,0.0,0.0,0.0,0.0,0.0,0.0,0.0,0.0,0.0,0.0,0.0,287.0,0.0
Median weekly earnings,   Males,Total,Total,Aug-83,0.0,0.0,0.0,0.0,0.0,0.0,0.0,0.0,0.0,0.0,0.0,0.0,0.0,0.0,0.0,0.0,302.0,0.0
Median weekly earnings,   Males,Total,Total,Aug-84,0.0,0.0,0.0,0.0,0.0,0.0,0.0,0.0,0.0,0.0,0.0,0.0,0.0,0.0,0.0,0.0,326.0,0.0
Median weekly earnings,   Males,Total,Total,Aug-85,0.0,0.0,0.0,0.0,0.0,0.0,0.0,0.0,0.0,0.0,0.0,0.0,0.0,0.0,0.0,0.0,350.0,0.0
Median weekly earnings,   Males,Total,Total,Aug-86,0.0,0.0,0.0,0.0,0.0,0.0,0.0,0.0,0.0,0.0,0.0,0.0,0.0,0.0,0.0,0.0,370.0,0.0
Median weekly earnings,   Males,Total,Total,Aug-87,0.0,0.0,0.0,0.0,0.0,0.0,0.0,0.0,0.0,0.0,0.0,0.0,0.0,0.0,0.0,0.0,394.0,0.0
Median weekly earnings,   Males,Total,Total,Aug-88,0.0,0.0,0.0,0.0,0.0,0.0,0.0,0.0,0.0,0.0,0.0,0.0,0.0,0.0,0.0,0.0,419.0,0.0
Median weekly earnings,   Males,Total,Total,Aug-89,460.0,0.0,460.0,0.0,420.0,0.0,420.0,0.0,460.0,0.0,420.0,0.0,500.0,0.0,540.0,0.0,460.0,0.0
Median weekly earnings,   Males,Total,Total,Aug-90,500.0,0.0,500.0,0.0,460.0,0.0,460.0,0.0,500.0,0.0,460.0,0.0,540.0,0.0,580.0,0.0,460.0,0.0
Median weekly earnings,   Males,Total,Total,Jul-91,0.0,0.0,0.0,0.0,0.0,0.0,0.0,0.0,0.0,0.0,0.0,0.0,0.0,0.0,0.0,0.0,494.0,0.0
Median weekly earnings,   Males,Total,Total,Aug-92,500.0,0.0,500.0,0.0,500.0,0.0,500.0,2.0,540.0,1.9,467.6,2.2,580.0,1.8,620.0,1.6,500.0,0.0
Median weekly earnings,   Males,Total,Total,Aug-93,540.0,0.0,540.0,1.9,500.0,0.0,500.0,2.0,540.0,1.9,500.0,2.0,580.0,3.5,660.0,1.5,540.0,0.0
Median weekly earnings,   Males,Total,Total,Aug-94,540.0,1.9,580.0,1.8,540.0,1.9,500.0,2.0,580.0,1.8,500.0,2.0,620.0,4.1,620.0,1.6,540.0,0.0
Median weekly earnings,   Males,Total,Total,Aug-95,580.0,0.0,540.0,0.0,540.0,0.0,540.0,1.9,580.0,1.8,540.0,1.9,580.0,3.5,700.0,2.9,540.0,1.9
Median weekly earnings,   Males,Total,Total,Aug-96,0.0,0.0,0.0,0.0,0.0,0.0,0.0,0.0,0.0,0.0,0.0,0.0,0.0,0.0,0.0,0.0,0.0,0.0
Median weekly earnings,   Males,Total,Total,Aug-97,600.0,0.4,600.0,0.2,583.7,1.7,575.0,2.2,639.7,2.0,545.6,1.6,710.0,5.1,726.6,2.5,600.0,0.0
Median weekly earnings,   Males,Total,Total,Aug-98,643.0,1.2,600.0,1.1,599.1,1.4,576.0,2.2,615.0,2.0,552.4,2.7,700.0,3.4,750.0,2.5,600.0,0.7
Median weekly earnings,   Males,Total,Total,Aug-99,690.0,1.2,629.6,1.6,600.0,0.2,600.0,1.3,692.3,1.2,585.8,1.9,700.0,3.0,750.0,3.0,650.0,0.2
Median weekly earnings,   Males,Total,Total,Aug-00,700.0,1.0,685.9,1.9,650.0,1.8,639.1,2.0,700.0,1.5,613.0,2.1,770.1,6.6,850.0,2.0,680.0,0.8
Median weekly earnings,   Males,Total,Total,Aug-01,720.0,1.6,692.0,1.0,671.0,1.9,663.4,1.2,700.0,1.8,622.7,3.0,750.0,3.1,807.0,3.0,700.0,0.3
Median weekly earnings,   Males,Total,Total,Aug-02,750.0,0.8,720.0,1.8,700.0,0.9,690.0,1.5,757.4,1.1,655.8,3.1,809.2,3.6,850.0,2.8,730.0,1.0
Median weekly earnings,   Males,Total,Total,Aug-03,784.0,1.5,730.0,1.7,700.0,2.0,700.0,1.7,769.0,2.1,699.8,3.0,750.0,3.5,880.8,2.9,750.0,0.3
Median weekly earnings,   Males,Total,Total,Aug-04,800.0,0.4,763.0,1.7,750.0,1.3,700.0,1.6,791.1,1.5,700.0,2.2,860.0,3.8,924.4,3.0,769.0,0.7
Median weekly earnings,   Males,Total,Total,Aug-05,846.4,2.4,800.0,0.9,788.3,1.6,780.2,1.6,850.0,2.2,700.0,2.2,850.0,3.0,913.2,3.1,800.0,0.7
Median weekly earnings,   Males,Total,Total,Aug-06,900.0,0.8,850.0,1.3,845.3,2.0,800.0,1.6,912.6,1.4,756.3,4.1,900.0,3.4,"1,050.0",2.4,872.0,0.9
Median weekly earnings,   Males,Total,Total,Aug-07,900.0,1.4,900.0,0.7,900.0,1.1,840.0,2.3,"1,000.0",0.9,800.0,1.7,"1,000.0",4.3,"1,154.0",2.6,900.0,0.6
Median weekly earnings,   Males,Total,Total,Aug-08,978.5,1.6,911.1,1.4,950.0,2.6,850.0,2.8,"1,100.0",1.7,807.0,2.1,"1,000.0",6.4,"1,150.5",3.8,950.0,0.8
Median weekly earnings,   Males,Total,Total,Aug-09,"1,000.0",0.0,923.0,1.7,"1,000.0",1.3,900.0,1.6,"1,086.4",2.9,897.9,2.0,"1,200.0",7.0,"1,197.1",2.9,"1,000.0",0.8
Median weekly earnings,   Males,Total,Total,Aug-10,"1,000.0",1.1,980.0,1.3,"1,000.0",1.3,950.0,2.0,"1,200.0",2.1,894.8,1.7,"1,150.0",5.5,"1,200.0",3.2,"1,000.0",0.3
Median weekly earnings,   Males,Total,Total,Aug-11,"1,050.0",2.4,"1,000.0",0.8,"1,077.0",1.5,"1,000.0",1.3,"1,250.0",2.0,950.0,2.4,"1,060.9",4.8,"1,223.0",2.5,"1,050.0",1.1
Median weekly earnings,   Males,Total,Total,Aug-12,"1,100.0",1.7,"1,035.0",2.0,"1,100.0",0.8,"1,000.0",1.2,"1,300.0",2.7,979.3,1.3,"1,200.0",2.8,"1,324.3",2.9,"1,100.0",0.1
Median weekly earnings,   Males,Total,Total,Aug-13,"1,100.0",1.4,"1,025.6",1.4,"1,147.3",2.2,"1,017.2",1.6,"1,329.5",2.8,995.8,1.8,"1,304.6",4.7,"1,310.1",3.7,"1,100.0",0.4
Median weekly earnings,   Males,Total,Total,Aug-14,"1,184.0",1.2,"1,100.0",2.0,"1,150.0",2.2,"1,087.1",1.3,"1,425.4",2.6,"1,000.0",1.2,"1,500.0",3.4,"1,383.6",4.8,"1,173.0",1.1
Median weekly earnings,   Males,Total,Total,Aug-15,"1,200.0",0.5,"1,100.0",2.2,"1,150.0",1.5,"1,100.0",1.6,"1,333.0",1.8,"1,000.0",2.9,"1,330.5",3.1,"1,375.0",3.3,"1,182.0",1.0
Median weekly earnings,   Males,Total,Total,Aug-16,"1,200.0",0.4,"1,150.0",1.7,"1,150.0",2.2,"1,100.0",2.4,"1,306.8",2.3,"1,033.8",2.5,"1,452.2",3.2,"1,424.6",3.0,"1,200.0",0.5
Median weekly earnings,   Males,Total,Total,Aug-17,"1,200.0",1.6,"1,167.5",1.6,"1,200.0",1.7,"1,097.0",1.8,"1,377.8",1.9,"1,100.4",2.3,"1,387.8",3.7,"1,500.0",2.4,"1,200.0",0.1
Median weekly earnings,   Males,Total,Total,Aug-18,"1,267.0",1.8,"1,250.0",1.6,"1,250.0",1.7,"1,150.0",2.2,"1,438.4",2.6,"1,118.7",2.5,"1,348.3",1.9,"1,433.0",2.7,"1,258.0",0.8
Median weekly earnings,   Males,Total,Total,Aug-19,"1,295.2",1.6,"1,239.3",1.6,"1,250.0",1.8,"1,200.0",2.1,"1,500.0",1.8,"1,152.0",2.2,"1,350.0",4.8,"1,486.6",4.0,"1,280.0",1.0
Median weekly earnings,   Males,Total,Total,Aug-20,"1,300.0",1.6,"1,300.0",1.4,"1,232.0",1.8,"1,200.0",2.0,"1,593.1",2.9,"1,150.0",3.4,"1,313.7",4.4,"1,608.9",3.3,"1,300.0",0.6
Median weekly earnings,   Males,Total,Total,Aug-21,"1,400.0",1.3,"1,342.0",1.9,"1,300.0",2.3,"1,250.0",2.0,"1,537.6",1.7,"1,149.6",2.1,"1,452.0",5.0,"1,611.0",2.5,"1,375.6",1.0
Median weekly earnings,   Males,Total,Total,Aug-22,"1,400.0",1.1,"1,400.0",1.1,"1,399.0",2.1,"1,276.6",1.4,"1,650.0",2.0,"1,226.9",2.7,"1,500.0",2.9,"1,650.9",3.8,"1,411.0",0.7
Median weekly earnings,   Males,Total,Total,Aug-23,"1,500.0",1.0,"1,500.0",1.9,"1,500.0",1.1,"1,382.0",2.2,"1,640.6",2.7,"1,328.5",2.5,"1,600.0",4.0,"1,625.3",2.3,"1,500.0",0.2
Median weekly earnings,   Males,Total,Total,Aug-24,"1,500.0",0.7,"1,600.0",1.1,"1,517.1",1.7,"1,400.0",1.3,"1,851.9",1.4,"1,350.0",2.2,"1,673.7",4.6,"1,751.1",2.3,"1,577.1",1.0
Median weekly earnings,   Females,Full-time,With leave entitlements,Aug-75,0.0,0.0,0.0,0.0,0.0,0.0,0.0,0.0,0.0,0.0,0.0,0.0,0.0,0.0,0.0,0.0,0.0,0.0
Median weekly earnings,   Females,Full-time,With leave entitlements,Aug-76,0.0,0.0,0.0,0.0,0.0,0.0,0.0,0.0,0.0,0.0,0.0,0.0,0.0,0.0,0.0,0.0,0.0,0.0
Median weekly earnings,   Females,Full-time,With leave entitlements,Aug-77,0.0,0.0,0.0,0.0,0.0,0.0,0.0,0.0,0.0,0.0,0.0,0.0,0.0,0.0,0.0,0.0,0.0,0.0
Median weekly earnings,   Females,Full-time,With leave entitlements,Aug-78,0.0,0.0,0.0,0.0,0.0,0.0,0.0,0.0,0.0,0.0,0.0,0.0,0.0,0.0,0.0,0.0,0.0,0.0
Median weekly earnings,   Females,Full-time,With leave entitlements,Aug-79,0.0,0.0,0.0,0.0,0.0,0.0,0.0,0.0,0.0,0.0,0.0,0.0,0.0,0.0,0.0,0.0,0.0,0.0
Median weekly earnings,   Females,Full-time,With leave entitlements,Aug-80,0.0,0.0,0.0,0.0,0.0,0.0,0.0,0.0,0.0,0.0,0.0,0.0,0.0,0.0,0.0,0.0,0.0,0.0
Median weekly earnings,   Females,Full-time,With leave entitlements,Aug-81,0.0,0.0,0.0,0.0,0.0,0.0,0.0,0.0,0.0,0.0,0.0,0.0,0.0,0.0,0.0,0.0,0.0,0.0
Median weekly earnings,   Females,Full-time,With leave entitlements,Aug-82,0.0,0.0,0.0,0.0,0.0,0.0,0.0,0.0,0.0,0.0,0.0,0.0,0.0,0.0,0.0,0.0,0.0,0.0
Median weekly earnings,   Females,Full-time,With leave entitlements,Aug-83,0.0,0.0,0.0,0.0,0.0,0.0,0.0,0.0,0.0,0.0,0.0,0.0,0.0,0.0,0.0,0.0,0.0,0.0
Median weekly earnings,   Females,Full-time,With leave entitlements,Aug-84,0.0,0.0,0.0,0.0,0.0,0.0,0.0,0.0,0.0,0.0,0.0,0.0,0.0,0.0,0.0,0.0,0.0,0.0
Median weekly earnings,   Females,Full-time,With leave entitlements,Aug-85,0.0,0.0,0.0,0.0,0.0,0.0,0.0,0.0,0.0,0.0,0.0,0.0,0.0,0.0,0.0,0.0,0.0,0.0
Median weekly earnings,   Females,Full-time,With leave entitlements,Aug-86,0.0,0.0,0.0,0.0,0.0,0.0,0.0,0.0,0.0,0.0,0.0,0.0,0.0,0.0,0.0,0.0,0.0,0.0
Median weekly earnings,   Females,Full-time,With leave entitlements,Aug-87,0.0,0.0,0.0,0.0,0.0,0.0,0.0,0.0,0.0,0.0,0.0,0.0,0.0,0.0,0.0,0.0,0.0,0.0
Median weekly earnings,   Females,Full-time,With leave entitlements,Aug-88,0.0,0.0,0.0,0.0,0.0,0.0,0.0,0.0,0.0,0.0,0.0,0.0,0.0,0.0,0.0,0.0,352.0,0.0
Median weekly earnings,   Females,Full-time,With leave entitlements,Aug-89,380.0,0.0,380.0,0.0,380.0,0.0,380.0,0.0,380.0,0.0,380.0,0.0,460.0,0.0,460.0,0.0,380.0,0.0
Median weekly earnings,   Females,Full-time,With leave entitlements,Aug-90,420.0,0.0,420.0,0.0,380.0,0.0,420.0,0.0,420.0,0.0,380.0,0.0,448.9,0.0,500.0,0.0,420.0,0.0
Median weekly earnings,   Females,Full-time,With leave entitlements,Jul-91,0.0,0.0,0.0,0.0,0.0,0.0,0.0,0.0,0.0,0.0,0.0,0.0,0.0,0.0,0.0,0.0,436.0,0.0
Median weekly earnings,   Females,Full-time,With leave entitlements,Aug-92,460.0,0.0,460.0,0.0,420.0,0.0,460.0,2.2,460.0,0.0,460.0,2.2,500.0,4.1,500.0,2.0,460.0,0.0
Median weekly earnings,   Females,Full-time,With leave entitlements,Aug-93,500.0,0.0,500.0,2.0,460.0,0.0,500.0,2.0,460.0,2.2,460.0,2.2,518.4,2.0,580.0,1.8,500.0,0.0
Median weekly earnings,   Females,Full-time,With leave entitlements,Aug-94,500.0,0.0,500.0,1.6,460.0,2.2,500.0,0.0,500.0,2.0,460.0,2.2,540.0,3.8,580.0,1.8,500.0,0.0
Median weekly earnings,   Females,Full-time,With leave entitlements,Aug-95,540.0,1.9,513.8,2.0,500.0,0.0,500.0,2.0,500.0,2.0,500.0,0.1,540.0,1.9,580.0,1.8,500.0,0.0
Median weekly earnings,   Females,Full-time,With leave entitlements,Aug-96,0.0,0.0,0.0,0.0,0.0,0.0,0.0,0.0,0.0,0.0,0.0,0.0,0.0,0.0,0.0,0.0,0.0,0.0
Median weekly earnings,   Females,Full-time,With leave entitlements,Aug-97,580.0,1.7,550.0,1.1,550.0,1.3,560.0,2.9,517.3,1.9,550.0,2.2,596.3,2.9,633.9,3.1,556.3,0.9
Median weekly earnings,   Females,Full-time,With leave entitlements,Aug-98,600.0,1.1,560.0,1.3,560.9,1.2,550.0,2.8,574.0,1.4,532.0,3.5,600.0,2.1,659.0,2.0,576.0,0.6
Median weekly earnings,   Females,Full-time,With leave entitlements,Aug-99,633.0,1.4,600.0,0.3,581.0,1.8,577.0,1.9,600.0,1.6,550.0,2.0,650.0,3.9,700.0,1.8,600.0,0.3
Median weekly earnings,   Females,Full-time,With leave entitlements,Aug-00,632.8,1.4,650.0,0.9,608.0,1.3,615.0,2.1,605.4,1.0,600.0,1.8,650.0,3.2,787.5,3.7,630.0,1.0
Median weekly earnings,   Females,Full-time,With leave entitlements,Aug-01,690.0,1.0,650.0,1.6,620.0,2.1,663.0,1.6,600.0,1.5,600.0,2.1,678.1,3.6,750.0,3.1,654.0,0.9
Median weekly earnings,   Females,Full-time,With leave entitlements,Aug-02,710.0,1.2,675.0,1.8,653.0,1.2,700.0,1.1,700.0,1.6,600.0,3.5,713.4,3.6,824.4,2.0,696.6,0.5
Median weekly earnings,   Females,Full-time,With leave entitlements,Aug-03,750.0,1.0,736.0,1.6,680.1,1.9,700.0,2.1,692.5,1.3,662.3,2.8,750.0,3.4,865.0,2.2,723.0,1.1
Median weekly earnings,   Females,Full-time,With leave entitlements,Aug-04,799.9,1.6,750.0,1.7,700.0,0.9,736.6,1.7,700.0,2.7,686.6,3.3,786.2,3.9,900.0,3.8,750.0,0.5
Median weekly earnings,   Females,Full-time,With leave entitlements,Aug-05,800.0,1.6,800.0,0.8,750.0,1.7,740.0,1.9,750.0,1.9,748.6,2.0,850.0,3.1,950.0,2.7,788.0,1.0
Median weekly earnings,   Females,Full-time,With leave entitlements,Aug-06,850.0,1.2,821.7,1.6,760.0,1.3,795.9,2.4,750.0,1.3,789.3,4.0,807.0,5.5,"1,000.0",1.4,805.0,0.6
Median weekly earnings,   Females,Full-time,With leave entitlements,Aug-07,900.0,1.6,867.0,1.5,807.0,1.6,845.4,2.4,850.0,1.8,767.0,2.8,881.8,7.2,"1,125.9",2.2,863.0,0.7
Median weekly earnings,   Females,Full-time,With leave entitlements,Aug-08,924.4,1.7,900.0,0.9,900.0,2.3,850.0,2.9,903.0,1.6,850.0,3.0,951.0,3.6,"1,136.1",3.4,900.0,0.7
Median weekly earnings,   Females,Full-time,With leave entitlements,Aug-09,961.0,2.2,903.4,1.4,901.2,1.4,950.0,2.7,950.0,2.7,900.0,4.1,"1,000.0",3.4,"1,173.0",3.3,943.0,0.8
Median weekly earnings,   Females,Full-time,With leave entitlements,Aug-10,"1,000.0",1.3,997.7,1.3,930.0,1.7,925.0,2.7,"1,025.0",1.2,904.3,2.6,"1,000.0",2.9,"1,200.0",2.9,"1,000.0",0.1
Median weekly earnings,   Females,Full-time,With leave entitlements,Aug-11,"1,040.0",2.0,"1,000.0",0.6,"1,000.0",0.9,"1,000.0",1.2,"1,000.0",1.3,950.0,2.7,"1,150.0",2.2,"1,250.0",1.5,"1,000.0",0.8
Median weekly earnings,   Females,Full-time,With leave entitlements,Aug-12,"1,100.0",1.3,"1,050.0",2.3,"1,016.3",1.3,"1,002.5",1.8,"1,140.5",3.0,998.1,1.7,"1,098.0",2.2,"1,300.0",2.0,"1,057.0",0.9
Median weekly earnings,   Females,Full-time,With leave entitlements,Aug-13,"1,100.0",1.6,"1,016.7",1.3,"1,000.0",0.9,"1,045.1",1.9,"1,100.0",2.2,"1,000.0",1.6,"1,196.0",2.8,"1,351.3",2.9,"1,050.0",0.5
Median weekly earnings,   Females,Full-time,With leave entitlements,Aug-14,"1,155.6",1.3,"1,075.0",1.2,"1,057.0",2.4,"1,065.1",1.9,"1,200.0",2.1,"1,000.0",1.9,"1,250.0",3.1,"1,356.0",4.1,"1,120.0",1.1
Median weekly earnings,   Females,Full-time,With leave entitlements,Aug-15,"1,150.0",1.8,"1,101.7",1.9,"1,134.6",1.1,"1,149.7",1.2,"1,200.0",2.1,"1,062.0",3.6,"1,200.0",1.8,"1,441.9",2.1,"1,150.0",0.5
Median weekly earnings,   Females,Full-time,With leave entitlements,Aug-16,"1,200.0",1.8,"1,160.5",1.3,"1,101.7",1.5,"1,150.0",2.2,"1,249.8",1.3,"1,086.1",3.5,"1,250.0",2.1,"1,378.8",3.3,"1,193.0",1.0
Median weekly earnings,   Females,Full-time,With leave entitlements,Aug-17,"1,225.0",1.1,"1,200.0",2.1,"1,175.0",1.2,"1,150.0",2.2,"1,292.6",1.8,"1,128.2",3.6,"1,250.0",3.1,"1,440.3",2.3,"1,208.0",1.0
Median weekly earnings,   Females,Full-time,With leave entitlements,Aug-18,"1,278.1",1.0,"1,249.2",2.3,"1,222.8",1.5,"1,200.0",2.8,"1,275.0",1.8,"1,158.6",3.1,"1,257.8",3.0,"1,500.0",2.5,"1,250.0",0.2
Median weekly earnings,   Females,Full-time,With leave entitlements,Aug-19,"1,330.0",2.4,"1,300.0",1.6,"1,225.0",1.0,"1,191.4",2.1,"1,308.5",2.3,"1,250.0",2.5,"1,400.0",3.0,"1,458.9",3.2,"1,288.0",0.8
Median weekly earnings,   Females,Full-time,With leave entitlements,Aug-20,"1,383.2",2.0,"1,372.2",2.3,"1,300.0",3.0,"1,250.0",1.6,"1,478.0",2.3,"1,285.5",4.7,"1,399.5",4.5,"1,585.2",2.0,"1,377.0",1.1
Median weekly earnings,   Females,Full-time,With leave entitlements,Aug-21,"1,457.0",1.8,"1,408.8",2.5,"1,303.0",2.2,"1,325.2",2.8,"1,400.0",1.9,"1,300.0",2.8,"1,500.0",3.0,"1,610.5",4.1,"1,400.0",1.1
Median weekly earnings,   Females,Full-time,With leave entitlements,Aug-22,"1,458.6",1.7,"1,500.0",1.0,"1,461.0",1.4,"1,400.0",3.0,"1,425.0",2.4,"1,342.0",2.4,"1,550.0",1.7,"1,649.5",2.6,"1,479.2",0.9
Median weekly earnings,   Females,Full-time,With leave entitlements,Aug-23,"1,576.6",1.4,"1,500.0",1.0,"1,469.0",2.0,"1,493.7",1.9,"1,512.6",2.6,"1,523.3",3.3,"1,450.0",2.8,"1,736.1",2.1,"1,519.7",0.6
Median weekly earnings,   Females,Full-time,With leave entitlements,Aug-24,"1,700.0",1.9,"1,622.5",1.9,"1,588.4",2.2,"1,500.0",2.5,"1,583.8",3.2,"1,449.4",3.9,"1,600.0",2.6,"1,882.9",2.8,"1,618.0",0.8
Median weekly earnings,   Females,Full-time,Without leave entitlements,Aug-75,0.0,0.0,0.0,0.0,0.0,0.0,0.0,0.0,0.0,0.0,0.0,0.0,0.0,0.0,0.0,0.0,0.0,0.0
Median weekly earnings,   Females,Full-time,Without leave entitlements,Aug-76,0.0,0.0,0.0,0.0,0.0,0.0,0.0,0.0,0.0,0.0,0.0,0.0,0.0,0.0,0.0,0.0,0.0,0.0
Median weekly earnings,   Females,Full-time,Without leave entitlements,Aug-77,0.0,0.0,0.0,0.0,0.0,0.0,0.0,0.0,0.0,0.0,0.0,0.0,0.0,0.0,0.0,0.0,0.0,0.0
Median weekly earnings,   Females,Full-time,Without leave entitlements,Aug-78,0.0,0.0,0.0,0.0,0.0,0.0,0.0,0.0,0.0,0.0,0.0,0.0,0.0,0.0,0.0,0.0,0.0,0.0
Median weekly earnings,   Females,Full-time,Without leave entitlements,Aug-79,0.0,0.0,0.0,0.0,0.0,0.0,0.0,0.0,0.0,0.0,0.0,0.0,0.0,0.0,0.0,0.0,0.0,0.0
Median weekly earnings,   Females,Full-time,Without leave entitlements,Aug-80,0.0,0.0,0.0,0.0,0.0,0.0,0.0,0.0,0.0,0.0,0.0,0.0,0.0,0.0,0.0,0.0,0.0,0.0
Median weekly earnings,   Females,Full-time,Without leave entitlements,Aug-81,0.0,0.0,0.0,0.0,0.0,0.0,0.0,0.0,0.0,0.0,0.0,0.0,0.0,0.0,0.0,0.0,0.0,0.0
Median weekly earnings,   Females,Full-time,Without leave entitlements,Aug-82,0.0,0.0,0.0,0.0,0.0,0.0,0.0,0.0,0.0,0.0,0.0,0.0,0.0,0.0,0.0,0.0,0.0,0.0
Median weekly earnings,   Females,Full-time,Without leave entitlements,Aug-83,0.0,0.0,0.0,0.0,0.0,0.0,0.0,0.0,0.0,0.0,0.0,0.0,0.0,0.0,0.0,0.0,0.0,0.0
Median weekly earnings,   Females,Full-time,Without leave entitlements,Aug-84,0.0,0.0,0.0,0.0,0.0,0.0,0.0,0.0,0.0,0.0,0.0,0.0,0.0,0.0,0.0,0.0,0.0,0.0
Median weekly earnings,   Females,Full-time,Without leave entitlements,Aug-85,0.0,0.0,0.0,0.0,0.0,0.0,0.0,0.0,0.0,0.0,0.0,0.0,0.0,0.0,0.0,0.0,0.0,0.0
Median weekly earnings,   Females,Full-time,Without leave entitlements,Aug-86,0.0,0.0,0.0,0.0,0.0,0.0,0.0,0.0,0.0,0.0,0.0,0.0,0.0,0.0,0.0,0.0,0.0,0.0
Median weekly earnings,   Females,Full-time,Without leave entitlements,Aug-87,0.0,0.0,0.0,0.0,0.0,0.0,0.0,0.0,0.0,0.0,0.0,0.0,0.0,0.0,0.0,0.0,0.0,0.0
Median weekly earnings,   Females,Full-time,Without leave entitlements,Aug-88,0.0,0.0,0.0,0.0,0.0,0.0,0.0,0.0,0.0,0.0,0.0,0.0,0.0,0.0,0.0,0.0,307.0,0.0
Median weekly earnings,   Females,Full-time,Without leave entitlements,Aug-89,300.0,0.0,380.0,0.0,300.0,0.0,340.0,0.0,340.0,0.0,340.0,0.0,340.0,0.0,260.8,0.0,340.0,0.0
Median weekly earnings,   Females,Full-time,Without leave entitlements,Aug-90,340.0,0.0,380.0,0.0,300.0,0.0,340.0,0.0,340.0,0.0,311.8,0.0,329.6,0.0,340.0,0.0,340.0,0.0
Median weekly earnings,   Females,Full-time,Without leave entitlements,Jul-91,0.0,0.0,0.0,0.0,0.0,0.0,0.0,0.0,0.0,0.0,0.0,0.0,0.0,0.0,0.0,0.0,341.0,0.0
Median weekly earnings,   Females,Full-time,Without leave entitlements,Aug-92,380.0,2.7,380.0,5.4,340.0,6.0,380.0,2.7,340.0,7.4,340.0,6.0,395.5,34.6,340.0,17.6,340.0,3.0
Median weekly earnings,   Females,Full-time,Without leave entitlements,Aug-93,380.0,2.7,412.5,4.9,380.0,4.7,380.0,5.4,380.0,5.4,340.0,6.0,420.0,13.3,460.0,4.4,380.0,2.7
Median weekly earnings,   Females,Full-time,Without leave entitlements,Aug-94,380.0,2.7,380.0,5.4,380.0,5.4,420.0,2.4,380.0,8.1,340.0,9.0,455.5,9.0,380.0,8.3,380.0,2.7
Median weekly earnings,   Females,Full-time,Without leave entitlements,Aug-95,380.0,5.4,460.0,4.9,420.0,2.4,420.0,4.9,380.0,3.7,380.0,8.1,380.0,8.1,460.0,9.1,420.0,2.4
Median weekly earnings,   Females,Full-time,Without leave entitlements,Aug-96,0.0,0.0,0.0,0.0,0.0,0.0,0.0,0.0,0.0,0.0,0.0,0.0,0.0,0.0,0.0,0.0,0.0,0.0
Median weekly earnings,   Females,Full-time,Without leave entitlements,Aug-97,450.0,4.1,450.0,7.0,450.0,3.0,450.0,3.9,429.2,4.2,460.5,13.2,450.0,5.6,550.0,8.5,450.0,1.2
Median weekly earnings,   Females,Full-time,Without leave entitlements,Aug-98,454.6,4.8,456.8,3.3,430.8,4.6,475.0,3.2,453.7,3.6,469.9,11.1,455.3,9.6,492.3,9.5,454.1,2.0
Median weekly earnings,   Females,Full-time,Without leave entitlements,Aug-99,527.9,3.5,508.8,5.4,467.0,2.9,481.3,2.4,479.4,3.4,480.4,13.8,487.9,11.2,547.3,7.2,500.0,1.1
Median weekly earnings,   Females,Full-time,Without leave entitlements,Aug-00,570.0,4.5,546.0,2.4,450.0,5.0,500.0,3.9,500.0,3.6,473.7,9.8,533.1,16.6,638.8,5.1,523.2,2.4
Median weekly earnings,   Females,Full-time,Without leave entitlements,Aug-01,520.5,4.4,522.6,3.9,500.0,3.2,503.1,3.8,500.0,6.6,533.2,7.6,522.4,9.3,631.1,11.8,503.0,2.0
Median weekly earnings,   Females,Full-time,Without leave entitlements,Aug-02,570.6,2.8,596.4,4.7,521.7,2.5,538.6,3.6,549.7,3.2,457.3,12.4,561.9,12.4,711.6,7.2,550.0,1.6
Median weekly earnings,   Females,Full-time,Without leave entitlements,Aug-03,600.0,4.4,584.3,3.2,513.6,4.9,583.8,4.7,589.3,9.5,600.0,5.3,494.2,7.1,643.2,14.1,575.0,2.2
Median weekly earnings,   Females,Full-time,Without leave entitlements,Aug-04,600.0,5.8,656.3,3.9,530.0,3.5,643.0,2.8,600.0,7.1,569.6,8.2,734.3,46.5,639.9,9.7,600.0,2.0
Median weekly earnings,   Females,Full-time,Without leave entitlements,Aug-05,604.5,3.8,662.8,3.3,600.0,3.5,600.0,3.0,600.0,5.4,602.0,8.5,600.0,9.7,694.1,2.8,607.2,1.7
Median weekly earnings,   Females,Full-time,Without leave entitlements,Aug-06,650.0,3.8,667.5,3.8,650.0,3.9,600.0,2.2,659.2,2.3,600.0,10.6,792.9,11.1,792.3,20.6,650.0,2.0
Median weekly earnings,   Females,Full-time,Without leave entitlements,Aug-07,688.3,3.1,700.0,4.1,650.0,4.0,690.0,3.7,750.0,3.6,650.9,4.9,691.2,28.3,825.2,24.3,690.0,1.5
Median weekly earnings,   Females,Full-time,Without leave entitlements,Aug-08,723.8,4.1,698.6,3.7,670.9,5.0,650.4,4.2,721.6,5.7,700.0,3.8,877.7,15.4,922.5,10.5,700.0,0.7
Median weekly earnings,   Females,Full-time,Without leave entitlements,Aug-09,710.0,5.2,788.5,8.1,760.0,2.9,700.0,3.8,700.2,8.5,689.2,8.0,696.6,10.2,869.4,19.4,737.7,2.1
Median weekly earnings,   Females,Full-time,Without leave entitlements,Aug-10,800.0,3.9,817.3,5.2,747.3,3.1,781.3,3.3,739.9,3.4,677.1,11.6,757.3,10.8,859.3,26.1,769.4,1.7
Median weekly earnings,   Females,Full-time,Without leave entitlements,Aug-11,834.8,3.2,762.1,3.4,800.0,2.4,800.0,6.8,750.0,8.3,836.1,9.0,823.8,4.1,745.3,11.8,800.0,1.8
Median weekly earnings,   Females,Full-time,Without leave entitlements,Aug-12,800.0,4.8,784.3,4.1,808.4,4.7,850.0,6.9,950.0,4.2,799.4,8.8,881.8,6.9,985.4,20.5,800.0,1.6
Median weekly earnings,   Females,Full-time,Without leave entitlements,Aug-13,800.0,3.4,753.1,4.9,800.0,4.2,939.1,4.2,936.0,9.3,750.8,9.0,900.0,8.5,967.9,32.2,800.0,2.4
Median weekly earnings,   Females,Full-time,Without leave entitlements,Aug-14,900.0,4.5,899.8,3.8,875.6,3.3,900.0,6.4,"1,005.0",8.4,798.6,8.0,802.2,10.5,972.8,19.9,900.0,2.1
Median weekly earnings,   Females,Full-time,Without leave entitlements,Aug-15,903.9,5.1,899.4,3.6,892.0,2.9,958.9,4.6,870.6,11.2,961.3,8.8,"1,010.6",7.7,"1,178.6",17.1,899.0,1.7
Median weekly earnings,   Females,Full-time,Without leave entitlements,Aug-16,924.6,4.3,841.0,4.6,972.1,2.6,809.4,10.2,885.1,8.4,857.3,9.3,944.7,14.9,"1,219.9",21.4,900.0,2.5
Median weekly earnings,   Females,Full-time,Without leave entitlements,Aug-17,"1,000.0",3.9,900.0,4.4,900.0,5.1,806.5,4.2,887.8,9.3,828.3,8.3,"1,200.0",17.9,889.8,64.3,900.2,2.4
Median weekly earnings,   Females,Full-time,Without leave entitlements,Aug-18,"1,000.0",5.9,922.8,5.9,941.8,4.3,"1,000.0",4.3,"1,001.4",9.2,950.0,12.9,"1,080.2",14.5,"1,256.7",16.9,987.8,1.6
Median weekly earnings,   Females,Full-time,Without leave entitlements,Aug-19,985.3,5.2,942.6,3.1,"1,000.0",3.4,"1,019.2",2.7,969.2,9.8,858.6,7.9,938.3,9.4,"1,575.6",18.3,999.8,1.5
Median weekly earnings,   Females,Full-time,Without leave entitlements,Aug-20,"1,000.0",4.0,945.8,7.1,"1,026.4",12.5,958.3,6.3,849.2,15.1,956.3,9.5,993.0,30.0,"1,182.8",15.4,967.0,2.7
Median weekly earnings,   Females,Full-time,Without leave entitlements,Aug-21,"1,100.0",4.6,"1,050.0",5.1,990.5,2.5,"1,063.5",4.8,"1,200.0",6.5,"1,100.0",7.3,"1,176.0",29.0,"1,280.9",25.9,"1,052.3",1.9
Median weekly earnings,   Females,Full-time,Without leave entitlements,Aug-22,"1,126.4",7.4,"1,099.2",3.6,"1,120.9",4.4,"1,150.5",3.2,"1,153.9",8.0,"1,096.7",8.3,901.5,12.8,"1,498.2",10.3,"1,121.4",1.5
Median weekly earnings,   Females,Full-time,Without leave entitlements,Aug-23,"1,194.3",5.0,"1,143.9",9.9,"1,136.7",7.7,"1,202.7",5.4,"1,098.9",6.2,"1,200.0",11.2,"1,245.0",17.3,"1,239.0",21.6,"1,159.8",2.5
Median weekly earnings,   Females,Full-time,Without leave entitlements,Aug-24,"1,104.9",7.5,"1,328.0",5.3,"1,220.8",5.7,"1,335.6",7.4,"1,260.9",13.0,"1,147.1",11.2,"1,216.1",13.0,"1,881.3",29.7,"1,250.0",2.1
Median weekly earnings,   Females,Full-time,Total,Aug-75,111.0,0.0,113.0,0.0,105.0,0.0,104.0,0.0,106.0,0.0,108.0,0.0,116.0,0.0,125.0,0.0,109.0,0.0
Median weekly earnings,   Females,Full-time,Total,Aug-76,127.0,0.0,126.0,0.0,122.0,0.0,124.0,0.0,126.0,0.0,121.0,0.0,126.0,0.0,149.0,0.0,126.0,0.0
Median weekly earnings,   Females,Full-time,Total,Aug-77,144.0,0.0,142.0,0.0,136.0,0.0,138.0,0.0,142.0,0.0,140.0,0.0,157.0,0.0,159.0,0.0,142.0,0.0
Median weekly earnings,   Females,Full-time,Total,Aug-78,156.0,0.0,156.0,0.0,148.0,0.0,151.0,0.0,155.0,0.0,149.0,0.0,169.0,0.0,179.0,0.0,154.0,0.0
Median weekly earnings,   Females,Full-time,Total,Aug-79,167.0,0.0,166.0,0.0,157.0,0.0,161.0,0.0,165.0,0.0,160.0,0.0,175.0,0.0,185.0,0.0,164.0,0.0
Median weekly earnings,   Females,Full-time,Total,Aug-80,0.0,0.0,0.0,0.0,0.0,0.0,0.0,0.0,0.0,0.0,0.0,0.0,0.0,0.0,0.0,0.0,182.0,0.0
Median weekly earnings,   Females,Full-time,Total,Aug-81,0.0,0.0,0.0,0.0,0.0,0.0,0.0,0.0,0.0,0.0,0.0,0.0,0.0,0.0,0.0,0.0,206.0,0.0
Median weekly earnings,   Females,Full-time,Total,Aug-82,235.0,0.0,233.0,0.0,225.0,0.0,229.0,0.0,229.0,0.0,223.0,0.0,258.0,0.0,265.0,0.0,232.0,0.0
Median weekly earnings,   Females,Full-time,Total,Aug-83,254.0,0.0,247.0,0.0,245.0,0.0,247.0,0.0,243.0,0.0,241.0,0.0,286.0,0.0,277.0,0.0,249.0,0.0
Median weekly earnings,   Females,Full-time,Total,Aug-84,277.0,0.0,268.0,0.0,259.0,0.0,264.0,0.0,270.0,0.0,258.0,0.0,305.0,0.0,293.0,0.0,270.0,0.0
Median weekly earnings,   Females,Full-time,Total,Aug-85,291.0,0.0,288.0,0.0,278.0,0.0,285.0,0.0,287.0,0.0,279.0,0.0,325.0,0.0,322.0,0.0,287.0,0.0
Median weekly earnings,   Females,Full-time,Total,Aug-86,0.0,0.0,0.0,0.0,0.0,0.0,0.0,0.0,0.0,0.0,0.0,0.0,0.0,0.0,0.0,0.0,310.0,0.0
Median weekly earnings,   Females,Full-time,Total,Aug-87,0.0,0.0,0.0,0.0,0.0,0.0,0.0,0.0,0.0,0.0,0.0,0.0,0.0,0.0,0.0,0.0,330.0,0.0
Median weekly earnings,   Females,Full-time,Total,Aug-88,0.0,0.0,0.0,0.0,0.0,0.0,0.0,0.0,0.0,0.0,0.0,0.0,0.0,0.0,0.0,0.0,350.0,0.0
Median weekly earnings,   Females,Full-time,Total,Aug-89,380.0,0.0,380.0,0.0,380.0,0.0,380.0,0.0,380.0,0.0,380.0,0.0,420.0,0.0,460.0,0.0,380.0,0.0
Median weekly earnings,   Females,Full-time,Total,Aug-90,420.0,0.0,420.0,0.0,380.0,0.0,380.0,0.0,420.0,0.0,380.0,0.0,420.0,0.0,500.0,0.0,420.0,0.0
Median weekly earnings,   Females,Full-time,Total,Jul-91,0.0,0.0,0.0,0.0,0.0,0.0,0.0,0.0,0.0,0.0,0.0,0.0,0.0,0.0,0.0,0.0,430.0,0.0
Median weekly earnings,   Females,Full-time,Total,Aug-92,460.0,0.0,460.0,0.0,420.0,0.0,460.0,2.2,460.0,2.2,420.0,2.4,500.0,2.0,500.0,2.0,460.0,0.0
Median weekly earnings,   Females,Full-time,Total,Aug-93,500.0,2.0,500.0,2.0,460.0,2.2,460.0,2.2,460.0,2.0,420.0,2.4,500.0,3.4,580.0,1.8,460.0,2.2
Median weekly earnings,   Females,Full-time,Total,Aug-94,500.0,0.0,500.0,0.0,460.0,0.0,500.0,0.0,500.0,2.0,460.0,2.2,540.0,1.9,580.0,1.8,500.0,0.0
Median weekly earnings,   Females,Full-time,Total,Aug-95,500.0,2.0,500.0,2.0,500.0,2.0,500.0,0.0,500.0,2.0,500.0,2.0,500.0,4.1,580.0,1.8,500.0,0.0
Median weekly earnings,   Females,Full-time,Total,Aug-96,0.0,0.0,0.0,0.0,0.0,0.0,0.0,0.0,0.0,0.0,0.0,0.0,0.0,0.0,0.0,0.0,0.0,0.0
Median weekly earnings,   Females,Full-time,Total,Aug-97,574.0,1.6,550.0,0.9,530.0,1.5,538.0,2.6,502.9,1.0,542.6,1.7,575.0,3.2,619.0,2.9,550.0,0.1
Median weekly earnings,   Females,Full-time,Total,Aug-98,600.0,1.4,550.0,1.6,550.0,0.5,530.8,2.4,550.0,1.6,528.9,2.8,600.0,1.9,650.0,1.9,560.0,0.9
Median weekly earnings,   Females,Full-time,Total,Aug-99,615.0,1.2,600.0,0.7,566.3,1.7,550.8,1.7,580.0,1.3,550.0,1.9,649.0,3.1,700.0,1.7,600.0,0.2
Median weekly earnings,   Females,Full-time,Total,Aug-00,625.0,1.6,626.9,1.9,600.0,1.0,600.0,1.7,600.0,1.0,593.0,1.7,633.7,2.9,761.2,3.7,615.0,0.7
Median weekly earnings,   Females,Full-time,Total,Aug-01,673.0,1.9,650.0,1.4,600.0,1.2,641.6,1.4,600.0,1.0,600.0,1.8,669.6,2.7,750.0,3.1,650.0,0.6
Median weekly earnings,   Females,Full-time,Total,Aug-02,700.0,1.3,673.0,1.5,634.2,2.0,665.6,1.5,673.0,1.9,596.0,3.2,698.0,3.3,807.0,2.0,673.0,0.6
Median weekly earnings,   Females,Full-time,Total,Aug-03,737.4,1.6,700.0,1.1,650.0,0.9,682.8,2.0,690.0,1.7,655.0,2.7,714.3,3.4,850.0,2.8,700.0,0.0
Median weekly earnings,   Females,Full-time,Total,Aug-04,760.0,1.7,735.2,1.7,681.6,1.5,719.0,1.8,700.0,2.0,671.9,3.7,779.4,3.7,884.6,3.4,729.0,1.3
Median weekly earnings,   Females,Full-time,Total,Aug-05,790.0,1.4,794.8,1.1,720.0,1.8,702.1,1.8,750.0,1.6,725.3,2.8,798.2,3.5,938.2,2.4,760.0,0.7
Median weekly earnings,   Females,Full-time,Total,Aug-06,820.7,1.6,805.0,1.2,750.0,1.0,767.0,1.7,750.0,1.3,750.0,3.4,800.8,5.2,"1,000.0",1.1,800.0,0.0
Median weekly earnings,   Females,Full-time,Total,Aug-07,863.0,1.7,850.0,2.1,800.0,0.5,815.0,1.6,826.7,1.5,750.0,3.4,811.3,7.9,"1,115.0",2.3,846.0,0.8
Median weekly earnings,   Females,Full-time,Total,Aug-08,920.0,1.4,897.0,1.0,850.0,3.0,810.4,2.8,900.0,2.5,831.8,3.8,950.7,3.0,"1,114.6",2.4,900.0,0.6
Median weekly earnings,   Females,Full-time,Total,Aug-09,920.0,2.1,900.0,1.4,900.0,1.4,901.9,2.3,918.5,1.7,852.8,4.0,"1,000.0",3.8,"1,162.1",3.0,917.0,0.8
Median weekly earnings,   Females,Full-time,Total,Aug-10,"1,000.0",0.6,965.9,1.8,900.0,1.4,900.0,2.0,"1,000.0",2.3,900.0,2.5,"1,000.0",3.0,"1,189.4",2.8,962.0,1.1
Median weekly earnings,   Females,Full-time,Total,Aug-11,"1,000.0",1.3,980.0,1.3,999.0,1.3,962.0,2.3,"1,000.0",2.2,923.6,3.2,"1,100.0",3.3,"1,245.1",1.0,"1,000.0",0.0
Median weekly earnings,   Females,Full-time,Total,Aug-12,"1,050.0",1.9,"1,016.2",1.4,"1,000.0",1.2,"1,000.0",2.0,"1,102.8",2.4,962.4,2.5,"1,057.0",2.2,"1,274.1",1.9,"1,040.0",0.9
Median weekly earnings,   Females,Full-time,Total,Aug-13,"1,057.0",1.6,"1,000.0",0.9,998.7,1.3,"1,000.0",1.4,"1,100.0",2.1,961.0,2.6,"1,144.9",3.3,"1,350.0",2.8,"1,035.0",1.2
Median weekly earnings,   Females,Full-time,Total,Aug-14,"1,150.0",1.8,"1,052.0",1.6,"1,029.3",2.1,"1,052.7",2.0,"1,200.0",2.7,"1,000.0",2.3,"1,200.0",2.6,"1,332.8",4.9,"1,100.0",0.6
Median weekly earnings,   Females,Full-time,Total,Aug-15,"1,140.2",1.2,"1,100.0",2.3,"1,100.0",2.3,"1,115.7",2.3,"1,198.0",3.2,"1,055.9",3.4,"1,200.0",1.3,"1,440.8",2.2,"1,125.4",1.1
Median weekly earnings,   Females,Full-time,Total,Aug-16,"1,157.4",1.6,"1,139.7",1.2,"1,100.0",1.4,"1,100.0",1.9,"1,225.0",1.3,"1,068.3",3.0,"1,229.8",2.1,"1,376.5",4.2,"1,150.0",0.7
Median weekly earnings,   Females,Full-time,Total,Aug-17,"1,200.0",2.0,"1,175.3",1.8,"1,150.0",1.4,"1,100.0",3.2,"1,250.0",2.0,"1,100.0",2.8,"1,250.0",2.8,"1,434.6",2.4,"1,190.9",1.1
Median weekly earnings,   Females,Full-time,Total,Aug-18,"1,250.0",0.5,"1,200.0",2.1,"1,197.1",1.9,"1,169.0",2.4,"1,251.9",1.3,"1,150.0",2.2,"1,250.0",3.0,"1,500.0",2.8,"1,235.1",1.0
Median weekly earnings,   Females,Full-time,Total,Aug-19,"1,281.0",1.8,"1,250.0",1.9,"1,200.0",2.0,"1,152.5",2.4,"1,300.0",2.0,"1,204.3",2.9,"1,340.5",3.2,"1,462.1",3.3,"1,250.0",0.3
Median weekly earnings,   Females,Full-time,Total,Aug-20,"1,343.8",1.9,"1,342.0",2.6,"1,279.2",2.9,"1,216.0",1.7,"1,438.0",2.7,"1,221.7",4.2,"1,349.3",4.5,"1,553.7",2.1,"1,342.0",1.2
Median weekly earnings,   Females,Full-time,Total,Aug-21,"1,400.4",1.8,"1,380.0",2.3,"1,250.0",2.0,"1,289.9",2.2,"1,380.2",1.6,"1,282.4",2.7,"1,500.0",3.4,"1,600.0",3.9,"1,374.3",1.1
Median weekly earnings,   Females,Full-time,Total,Aug-22,"1,428.0",2.0,"1,489.6",0.9,"1,405.6",1.2,"1,330.8",2.8,"1,400.0",2.4,"1,303.7",2.3,"1,500.0",2.6,"1,630.0",2.1,"1,438.0",0.9
Median weekly earnings,   Females,Full-time,Total,Aug-23,"1,538.0",1.6,"1,500.0",1.3,"1,432.6",2.8,"1,426.7",2.5,"1,500.0",2.5,"1,473.0",3.3,"1,449.8",3.1,"1,726.0",2.3,"1,500.0",0.0
Median weekly earnings,   Females,Full-time,Total,Aug-24,"1,632.9",1.7,"1,600.0",1.9,"1,529.7",1.7,"1,499.0",1.9,"1,565.0",2.6,"1,403.9",3.1,"1,600.0",2.0,"1,885.9",3.1,"1,598.1",0.8
Median weekly earnings,   Females,Part-time,With leave entitlements,Aug-75,0.0,0.0,0.0,0.0,0.0,0.0,0.0,0.0,0.0,0.0,0.0,0.0,0.0,0.0,0.0,0.0,0.0,0.0
Median weekly earnings,   Females,Part-time,With leave entitlements,Aug-76,0.0,0.0,0.0,0.0,0.0,0.0,0.0,0.0,0.0,0.0,0.0,0.0,0.0,0.0,0.0,0.0,0.0,0.0
Median weekly earnings,   Females,Part-time,With leave entitlements,Aug-77,0.0,0.0,0.0,0.0,0.0,0.0,0.0,0.0,0.0,0.0,0.0,0.0,0.0,0.0,0.0,0.0,0.0,0.0
Median weekly earnings,   Females,Part-time,With leave entitlements,Aug-78,0.0,0.0,0.0,0.0,0.0,0.0,0.0,0.0,0.0,0.0,0.0,0.0,0.0,0.0,0.0,0.0,0.0,0.0
Median weekly earnings,   Females,Part-time,With leave entitlements,Aug-79,0.0,0.0,0.0,0.0,0.0,0.0,0.0,0.0,0.0,0.0,0.0,0.0,0.0,0.0,0.0,0.0,0.0,0.0
Median weekly earnings,   Females,Part-time,With leave entitlements,Aug-80,0.0,0.0,0.0,0.0,0.0,0.0,0.0,0.0,0.0,0.0,0.0,0.0,0.0,0.0,0.0,0.0,0.0,0.0
Median weekly earnings,   Females,Part-time,With leave entitlements,Aug-81,0.0,0.0,0.0,0.0,0.0,0.0,0.0,0.0,0.0,0.0,0.0,0.0,0.0,0.0,0.0,0.0,0.0,0.0
Median weekly earnings,   Females,Part-time,With leave entitlements,Aug-82,0.0,0.0,0.0,0.0,0.0,0.0,0.0,0.0,0.0,0.0,0.0,0.0,0.0,0.0,0.0,0.0,0.0,0.0
Median weekly earnings,   Females,Part-time,With leave entitlements,Aug-83,0.0,0.0,0.0,0.0,0.0,0.0,0.0,0.0,0.0,0.0,0.0,0.0,0.0,0.0,0.0,0.0,0.0,0.0
Median weekly earnings,   Females,Part-time,With leave entitlements,Aug-84,0.0,0.0,0.0,0.0,0.0,0.0,0.0,0.0,0.0,0.0,0.0,0.0,0.0,0.0,0.0,0.0,0.0,0.0
Median weekly earnings,   Females,Part-time,With leave entitlements,Aug-85,0.0,0.0,0.0,0.0,0.0,0.0,0.0,0.0,0.0,0.0,0.0,0.0,0.0,0.0,0.0,0.0,0.0,0.0
Median weekly earnings,   Females,Part-time,With leave entitlements,Aug-86,0.0,0.0,0.0,0.0,0.0,0.0,0.0,0.0,0.0,0.0,0.0,0.0,0.0,0.0,0.0,0.0,0.0,0.0
Median weekly earnings,   Females,Part-time,With leave entitlements,Aug-87,0.0,0.0,0.0,0.0,0.0,0.0,0.0,0.0,0.0,0.0,0.0,0.0,0.0,0.0,0.0,0.0,0.0,0.0
Median weekly earnings,   Females,Part-time,With leave entitlements,Aug-88,0.0,0.0,0.0,0.0,0.0,0.0,0.0,0.0,0.0,0.0,0.0,0.0,0.0,0.0,0.0,0.0,219.0,0.0
Median weekly earnings,   Females,Part-time,With leave entitlements,Aug-89,220.0,0.0,220.0,0.0,220.0,0.0,260.0,0.0,220.0,0.0,220.0,0.0,300.0,0.0,260.0,0.0,220.0,0.0
Median weekly earnings,   Females,Part-time,With leave entitlements,Aug-90,220.0,0.0,260.0,0.0,220.0,0.0,260.0,0.0,220.0,0.0,220.0,0.0,300.0,0.0,300.0,0.0,220.0,0.0
Median weekly earnings,   Females,Part-time,With leave entitlements,Jul-91,0.0,0.0,0.0,0.0,0.0,0.0,0.0,0.0,0.0,0.0,0.0,0.0,0.0,0.0,0.0,0.0,259.0,0.0
Median weekly earnings,   Females,Part-time,With leave entitlements,Aug-92,260.0,3.9,260.0,0.0,260.0,3.9,260.0,3.9,220.0,4.6,247.3,4.1,305.5,13.4,300.0,3.4,260.0,0.0
Median weekly earnings,   Females,Part-time,With leave entitlements,Aug-93,300.0,3.4,260.0,0.0,260.0,3.9,300.0,3.4,260.0,0.0,300.0,6.8,260.0,8.6,340.0,6.0,260.0,3.9
Median weekly earnings,   Females,Part-time,With leave entitlements,Aug-94,300.0,0.0,260.0,3.9,300.0,3.4,300.0,3.4,260.0,0.0,260.0,7.8,300.0,11.2,340.0,12.0,300.0,3.4
Median weekly earnings,   Females,Part-time,With leave entitlements,Aug-95,300.0,3.4,260.0,3.9,260.0,3.9,300.0,3.4,260.0,3.9,300.0,3.4,260.0,7.8,369.1,5.5,300.0,3.4
Median weekly earnings,   Females,Part-time,With leave entitlements,Aug-96,0.0,0.0,0.0,0.0,0.0,0.0,0.0,0.0,0.0,0.0,0.0,0.0,0.0,0.0,0.0,0.0,0.0,0.0
Median weekly earnings,   Females,Part-time,With leave entitlements,Aug-97,307.2,1.9,310.0,2.1,305.3,4.2,335.9,3.5,295.0,3.8,300.0,7.7,303.4,13.3,364.7,5.2,310.0,1.8
Median weekly earnings,   Females,Part-time,With leave entitlements,Aug-98,324.3,3.5,310.0,2.1,320.0,4.0,370.0,3.2,305.0,3.3,358.1,6.1,384.4,5.2,394.6,6.7,323.3,1.2
Median weekly earnings,   Females,Part-time,With leave entitlements,Aug-99,350.0,2.9,310.0,2.1,327.4,3.1,360.0,3.3,300.0,2.3,374.5,5.2,325.2,9.1,395.1,3.8,329.0,1.6
Median weekly earnings,   Females,Part-time,With leave entitlements,Aug-00,350.0,3.1,320.9,4.0,350.0,4.0,370.7,4.2,345.0,3.6,360.6,7.1,398.2,11.1,463.4,6.5,348.0,1.3
Median weekly earnings,   Females,Part-time,With leave entitlements,Aug-01,384.0,2.9,350.0,3.3,351.7,2.1,370.0,3.2,334.5,3.4,374.5,6.4,392.7,12.8,425.0,6.8,360.0,1.5
Median weekly earnings,   Females,Part-time,With leave entitlements,Aug-02,387.0,2.3,368.0,2.8,377.8,2.5,400.0,2.2,339.7,2.7,383.0,3.8,368.2,20.8,500.0,4.7,380.0,1.7
Median weekly earnings,   Females,Part-time,With leave entitlements,Aug-03,406.8,3.5,375.2,3.3,391.2,2.5,400.0,2.4,365.0,2.4,397.0,3.8,449.6,5.3,485.7,5.3,400.0,1.0
Median weekly earnings,   Females,Part-time,With leave entitlements,Aug-04,446.8,2.7,425.0,3.0,412.7,3.0,400.0,2.0,390.0,3.3,430.4,4.4,487.9,9.8,525.0,5.5,425.0,2.1
Median weekly earnings,   Females,Part-time,With leave entitlements,Aug-05,450.0,3.2,425.0,3.0,450.0,4.1,450.0,3.7,403.6,2.5,439.7,4.8,475.8,9.4,550.0,6.4,449.1,1.2
Median weekly earnings,   Females,Part-time,With leave entitlements,Aug-06,492.6,3.8,420.0,3.0,464.8,3.0,450.0,3.5,441.9,1.6,425.0,4.1,508.7,14.4,550.0,5.6,450.0,1.0
Median weekly earnings,   Females,Part-time,With leave entitlements,Aug-07,500.0,1.7,488.0,2.1,498.0,2.8,475.0,2.7,465.0,2.0,475.0,2.7,566.8,5.0,602.9,6.3,490.0,1.0
Median weekly earnings,   Females,Part-time,With leave entitlements,Aug-08,529.0,2.4,500.0,2.0,500.0,2.5,500.0,5.9,500.0,4.8,500.0,0.9,450.9,10.9,674.4,6.0,500.0,1.3
Median weekly earnings,   Females,Part-time,With leave entitlements,Aug-09,547.1,4.2,526.5,3.0,543.6,3.1,550.0,2.1,500.0,3.3,529.4,5.3,580.1,6.1,654.5,9.9,538.7,2.0
Median weekly earnings,   Females,Part-time,With leave entitlements,Aug-10,560.0,2.6,529.7,2.5,550.0,3.0,550.0,3.4,550.0,4.6,550.0,5.4,633.0,10.2,709.0,4.3,550.0,1.3
Median weekly earnings,   Females,Part-time,With leave entitlements,Aug-11,560.5,2.3,550.0,3.1,596.2,2.1,600.0,4.1,569.8,4.5,564.9,3.0,600.0,5.5,750.0,6.0,575.0,1.7
Median weekly earnings,   Females,Part-time,With leave entitlements,Aug-12,600.0,1.7,597.6,2.1,600.0,3.2,600.0,1.6,550.0,4.6,576.9,2.2,608.9,8.3,739.0,6.2,600.0,1.1
Median weekly earnings,   Females,Part-time,With leave entitlements,Aug-13,600.0,2.4,600.0,2.1,600.0,3.3,608.5,3.4,600.0,2.1,550.0,4.6,670.1,8.8,750.0,8.9,600.0,0.0
Median weekly earnings,   Females,Part-time,With leave entitlements,Aug-14,675.0,1.9,600.0,2.7,650.0,3.3,592.1,2.7,615.4,2.9,581.9,2.9,650.0,6.3,920.5,6.6,635.0,1.4
Median weekly earnings,   Females,Part-time,With leave entitlements,Aug-15,687.5,1.9,650.0,2.8,673.6,1.9,650.0,4.0,672.1,2.9,650.0,3.6,728.6,7.6,739.2,8.3,671.0,1.4
Median weekly earnings,   Females,Part-time,With leave entitlements,Aug-16,700.0,2.7,635.0,3.2,674.4,3.1,650.0,2.3,690.0,4.0,610.0,5.1,750.0,7.1,807.1,8.3,670.0,1.3
Median weekly earnings,   Females,Part-time,With leave entitlements,Aug-17,681.1,1.9,678.1,1.9,700.0,2.3,711.4,4.1,690.2,3.7,650.0,3.4,827.8,5.8,902.9,5.7,691.1,1.0
Median weekly earnings,   Females,Part-time,With leave entitlements,Aug-18,700.0,2.4,700.0,2.9,711.7,3.4,700.0,2.2,681.8,2.6,650.0,3.4,892.4,10.7,920.0,6.9,700.0,1.1
Median weekly earnings,   Females,Part-time,With leave entitlements,Aug-19,750.0,3.3,700.0,2.4,718.3,2.5,718.4,1.8,720.0,2.1,717.6,3.7,790.7,9.7,850.0,4.5,729.0,1.7
Median weekly earnings,   Females,Part-time,With leave entitlements,Aug-20,750.0,1.6,750.0,1.7,790.8,2.9,750.0,2.5,763.6,2.1,802.0,4.6,827.3,4.4,853.1,7.5,758.0,1.0
Median weekly earnings,   Females,Part-time,With leave entitlements,Aug-21,780.0,1.6,750.0,2.0,750.0,3.2,800.0,3.2,750.0,3.5,764.2,3.4,929.2,5.2,"1,000.0",8.6,763.0,1.7
Median weekly earnings,   Females,Part-time,With leave entitlements,Aug-22,850.0,3.0,823.0,3.2,790.3,4.5,856.9,3.0,800.0,4.6,750.0,3.1,879.5,7.7,925.5,6.8,814.1,1.6
Median weekly earnings,   Females,Part-time,With leave entitlements,Aug-23,866.0,2.3,879.4,2.3,931.0,3.1,854.0,3.2,826.7,3.8,900.0,5.0,947.0,10.3,"1,000.0",4.9,878.3,1.4
Median weekly earnings,   Females,Part-time,With leave entitlements,Aug-24,900.0,3.5,904.1,2.6,900.0,2.3,850.0,3.0,930.0,4.1,899.0,4.5,"1,000.0",5.6,"1,050.0",9.7,900.0,1.1
Median weekly earnings,   Females,Part-time,Without leave entitlements,Aug-75,0.0,0.0,0.0,0.0,0.0,0.0,0.0,0.0,0.0,0.0,0.0,0.0,0.0,0.0,0.0,0.0,0.0,0.0
Median weekly earnings,   Females,Part-time,Without leave entitlements,Aug-76,0.0,0.0,0.0,0.0,0.0,0.0,0.0,0.0,0.0,0.0,0.0,0.0,0.0,0.0,0.0,0.0,0.0,0.0
Median weekly earnings,   Females,Part-time,Without leave entitlements,Aug-77,0.0,0.0,0.0,0.0,0.0,0.0,0.0,0.0,0.0,0.0,0.0,0.0,0.0,0.0,0.0,0.0,0.0,0.0
Median weekly earnings,   Females,Part-time,Without leave entitlements,Aug-78,0.0,0.0,0.0,0.0,0.0,0.0,0.0,0.0,0.0,0.0,0.0,0.0,0.0,0.0,0.0,0.0,0.0,0.0
Median weekly earnings,   Females,Part-time,Without leave entitlements,Aug-79,0.0,0.0,0.0,0.0,0.0,0.0,0.0,0.0,0.0,0.0,0.0,0.0,0.0,0.0,0.0,0.0,0.0,0.0
Median weekly earnings,   Females,Part-time,Without leave entitlements,Aug-80,0.0,0.0,0.0,0.0,0.0,0.0,0.0,0.0,0.0,0.0,0.0,0.0,0.0,0.0,0.0,0.0,0.0,0.0
Median weekly earnings,   Females,Part-time,Without leave entitlements,Aug-81,0.0,0.0,0.0,0.0,0.0,0.0,0.0,0.0,0.0,0.0,0.0,0.0,0.0,0.0,0.0,0.0,0.0,0.0
Median weekly earnings,   Females,Part-time,Without leave entitlements,Aug-82,0.0,0.0,0.0,0.0,0.0,0.0,0.0,0.0,0.0,0.0,0.0,0.0,0.0,0.0,0.0,0.0,0.0,0.0
Median weekly earnings,   Females,Part-time,Without leave entitlements,Aug-83,0.0,0.0,0.0,0.0,0.0,0.0,0.0,0.0,0.0,0.0,0.0,0.0,0.0,0.0,0.0,0.0,0.0,0.0
Median weekly earnings,   Females,Part-time,Without leave entitlements,Aug-84,0.0,0.0,0.0,0.0,0.0,0.0,0.0,0.0,0.0,0.0,0.0,0.0,0.0,0.0,0.0,0.0,0.0,0.0
Median weekly earnings,   Females,Part-time,Without leave entitlements,Aug-85,0.0,0.0,0.0,0.0,0.0,0.0,0.0,0.0,0.0,0.0,0.0,0.0,0.0,0.0,0.0,0.0,0.0,0.0
Median weekly earnings,   Females,Part-time,Without leave entitlements,Aug-86,0.0,0.0,0.0,0.0,0.0,0.0,0.0,0.0,0.0,0.0,0.0,0.0,0.0,0.0,0.0,0.0,0.0,0.0
Median weekly earnings,   Females,Part-time,Without leave entitlements,Aug-87,0.0,0.0,0.0,0.0,0.0,0.0,0.0,0.0,0.0,0.0,0.0,0.0,0.0,0.0,0.0,0.0,0.0,0.0
Median weekly earnings,   Females,Part-time,Without leave entitlements,Aug-88,0.0,0.0,0.0,0.0,0.0,0.0,0.0,0.0,0.0,0.0,0.0,0.0,0.0,0.0,0.0,0.0,124.0,0.0
Median weekly earnings,   Females,Part-time,Without leave entitlements,Aug-89,140.0,0.0,140.0,0.0,140.0,0.0,140.0,0.0,100.0,0.0,100.0,0.0,140.0,0.0,140.0,0.0,140.0,0.0
Median weekly earnings,   Females,Part-time,Without leave entitlements,Aug-90,140.0,0.0,100.0,0.0,140.0,0.0,140.0,0.0,100.0,0.0,140.0,0.0,180.0,0.0,140.0,0.0,140.0,0.0
Median weekly earnings,   Females,Part-time,Without leave entitlements,Jul-91,0.0,0.0,0.0,0.0,0.0,0.0,0.0,0.0,0.0,0.0,0.0,0.0,0.0,0.0,0.0,0.0,137.0,0.0
Median weekly earnings,   Females,Part-time,Without leave entitlements,Aug-92,140.0,0.0,100.0,10.2,140.0,0.0,140.0,7.3,100.0,6.8,140.0,7.3,180.0,10.4,140.0,7.3,140.0,0.0
Median weekly earnings,   Females,Part-time,Without leave entitlements,Aug-93,140.0,0.0,100.0,10.2,180.0,5.7,180.0,5.7,140.0,7.3,140.0,7.3,140.0,17.2,140.0,0.0,140.0,0.0
Median weekly earnings,   Females,Part-time,Without leave entitlements,Aug-94,140.0,7.3,140.0,0.0,140.0,7.3,180.0,5.7,140.0,0.0,140.0,7.3,220.0,9.3,140.0,7.3,140.0,0.0
Median weekly earnings,   Females,Part-time,Without leave entitlements,Aug-95,140.0,7.3,100.0,10.2,140.0,7.3,180.0,5.7,140.0,7.3,140.0,7.3,140.0,21.9,140.0,7.3,140.0,0.0
Median weekly earnings,   Females,Part-time,Without leave entitlements,Aug-96,0.0,0.0,0.0,0.0,0.0,0.0,0.0,0.0,0.0,0.0,0.0,0.0,0.0,0.0,0.0,0.0,0.0,0.0
Median weekly earnings,   Females,Part-time,Without leave entitlements,Aug-97,170.0,6.0,127.8,5.6,164.0,4.7,175.0,7.3,120.0,7.0,160.0,5.4,149.5,9.1,160.0,10.1,150.0,1.7
Median weekly earnings,   Females,Part-time,Without leave entitlements,Aug-98,150.0,3.7,125.0,8.2,160.0,5.3,170.0,7.5,159.7,5.1,191.3,10.1,184.6,14.4,175.6,11.9,150.0,1.8
Median weekly earnings,   Females,Part-time,Without leave entitlements,Aug-99,180.0,7.4,140.0,4.4,168.8,6.5,180.0,8.5,141.8,8.4,173.0,5.5,190.9,8.5,171.0,7.2,160.0,4.0
Median weekly earnings,   Females,Part-time,Without leave entitlements,Aug-00,175.0,5.1,138.1,5.7,196.0,3.9,180.0,6.4,138.2,6.4,149.7,17.8,224.0,15.7,179.4,10.9,163.8,2.5
Median weekly earnings,   Females,Part-time,Without leave entitlements,Aug-01,185.6,5.4,167.0,4.6,200.0,4.2,209.2,7.3,145.0,6.9,150.6,9.7,252.9,10.5,180.9,11.3,180.0,2.8
Median weekly earnings,   Females,Part-time,Without leave entitlements,Aug-02,200.0,3.7,150.0,4.9,192.0,6.3,190.9,3.5,156.0,6.3,184.6,9.5,232.9,13.7,168.0,14.5,180.0,1.9
Median weekly earnings,   Females,Part-time,Without leave entitlements,Aug-03,200.0,6.1,175.0,5.0,182.1,3.8,239.7,5.6,175.0,7.3,171.0,16.2,246.5,15.6,179.5,11.0,191.0,2.7
Median weekly earnings,   Females,Part-time,Without leave entitlements,Aug-04,210.0,5.5,185.0,6.0,230.0,5.5,243.3,5.4,200.0,6.4,169.0,8.5,248.1,27.0,181.8,12.8,200.0,1.3
Median weekly earnings,   Females,Part-time,Without leave entitlements,Aug-05,200.0,4.4,200.0,3.0,218.3,7.0,210.0,7.3,220.0,6.6,191.5,9.5,242.0,18.4,180.0,11.2,200.0,2.0
Median weekly earnings,   Females,Part-time,Without leave entitlements,Aug-06,220.0,5.8,190.0,4.6,230.4,7.1,235.9,6.2,200.0,8.3,242.6,10.5,230.0,23.6,186.8,10.2,210.0,3.0
Median weekly earnings,   Females,Part-time,Without leave entitlements,Aug-07,250.0,4.1,204.0,7.5,276.0,4.4,225.0,5.7,220.0,5.8,220.0,9.6,221.2,32.2,180.0,16.3,235.0,3.3
Median weekly earnings,   Females,Part-time,Without leave entitlements,Aug-08,250.0,5.1,210.0,5.0,300.0,6.3,281.4,4.2,200.0,11.6,250.0,10.2,276.0,17.3,265.4,14.0,250.0,3.1
Median weekly earnings,   Females,Part-time,Without leave entitlements,Aug-09,257.7,5.6,220.0,5.4,318.0,4.8,303.0,7.4,254.8,7.4,249.9,11.2,350.0,18.7,261.8,12.2,260.0,2.2
Median weekly earnings,   Females,Part-time,Without leave entitlements,Aug-10,290.0,4.5,250.0,3.7,300.0,6.8,287.1,4.9,250.0,5.1,251.3,8.6,350.0,11.9,250.0,13.4,270.0,2.6
Median weekly earnings,   Females,Part-time,Without leave entitlements,Aug-11,295.6,3.5,250.0,4.1,311.6,5.5,279.1,5.5,262.1,6.8,269.2,8.4,300.0,19.1,292.0,10.0,280.0,3.6
Median weekly earnings,   Females,Part-time,Without leave entitlements,Aug-12,288.0,3.6,279.6,3.6,300.0,4.3,300.0,6.3,300.0,5.9,299.9,10.3,320.0,11.9,291.0,8.0,296.5,1.7
Median weekly earnings,   Females,Part-time,Without leave entitlements,Aug-13,270.0,4.9,253.9,4.4,348.7,6.7,320.0,5.3,300.0,6.6,281.7,12.0,350.0,11.4,253.2,20.5,300.0,2.0
Median weekly earnings,   Females,Part-time,Without leave entitlements,Aug-14,298.0,3.7,270.0,4.7,327.6,5.4,300.0,6.0,343.8,11.1,320.5,11.6,350.0,12.8,324.3,12.1,300.0,1.5
Median weekly earnings,   Females,Part-time,Without leave entitlements,Aug-15,326.1,4.7,300.0,5.6,357.9,5.3,382.4,7.7,309.6,8.8,283.5,8.9,400.0,11.0,371.5,10.7,325.0,3.9
Median weekly earnings,   Females,Part-time,Without leave entitlements,Aug-16,350.0,4.4,294.2,6.0,375.0,5.0,355.9,6.2,317.0,10.0,308.0,9.4,398.1,9.4,375.0,14.0,335.0,2.6
Median weekly earnings,   Females,Part-time,Without leave entitlements,Aug-17,373.1,2.6,309.5,5.5,387.8,3.5,372.3,7.8,380.7,6.4,318.9,7.5,394.4,12.0,300.0,9.9,364.0,1.9
Median weekly earnings,   Females,Part-time,Without leave entitlements,Aug-18,400.0,3.7,300.0,4.9,364.9,4.2,400.0,5.4,356.5,5.7,400.0,8.3,400.0,12.8,340.0,17.0,374.9,3.4
Median weekly earnings,   Females,Part-time,Without leave entitlements,Aug-19,375.0,4.5,350.0,5.3,400.0,5.2,372.3,6.8,420.6,6.5,400.0,6.2,461.5,11.3,302.5,10.7,383.0,2.7
Median weekly earnings,   Females,Part-time,Without leave entitlements,Aug-20,480.0,2.7,500.0,5.6,460.0,6.2,500.0,6.7,500.0,9.7,484.0,7.9,410.4,10.2,450.0,9.1,480.0,2.7
Median weekly earnings,   Females,Part-time,Without leave entitlements,Aug-21,437.0,4.7,350.0,6.5,450.0,5.7,400.0,6.1,385.9,4.6,398.2,12.8,438.3,6.7,382.5,23.3,405.0,2.9
Median weekly earnings,   Females,Part-time,Without leave entitlements,Aug-22,435.1,4.1,416.2,8.3,413.7,8.0,409.0,7.7,420.0,7.0,450.0,8.8,465.5,21.3,472.2,17.3,423.7,3.0
Median weekly earnings,   Females,Part-time,Without leave entitlements,Aug-23,480.0,3.2,435.3,4.8,500.0,4.0,480.0,7.5,500.0,5.9,487.5,7.6,518.6,11.6,354.0,17.2,476.0,2.6
Median weekly earnings,   Females,Part-time,Without leave entitlements,Aug-24,446.1,5.6,399.0,2.4,537.5,5.8,455.0,5.8,400.0,11.3,409.6,9.4,500.0,12.0,413.8,8.9,434.8,2.9
Median weekly earnings,   Females,Part-time,Total,Aug-75,56.0,0.0,60.0,0.0,48.0,0.0,53.0,0.0,50.0,0.0,53.0,0.0,66.0,0.0,77.0,0.0,55.0,0.0
Median weekly earnings,   Females,Part-time,Total,Aug-76,70.0,0.0,67.0,0.0,59.0,0.0,61.0,0.0,56.0,0.0,62.0,0.0,91.0,0.0,70.0,0.0,65.0,0.0
Median weekly earnings,   Females,Part-time,Total,Aug-77,74.0,0.0,70.0,0.0,62.0,0.0,69.0,0.0,65.0,0.0,68.0,0.0,90.0,0.0,77.0,0.0,69.0,0.0
Median weekly earnings,   Females,Part-time,Total,Aug-78,87.0,0.0,75.0,0.0,65.0,0.0,79.0,0.0,66.0,0.0,70.0,0.0,96.0,0.0,90.0,0.0,76.0,0.0
Median weekly earnings,   Females,Part-time,Total,Aug-79,89.0,0.0,81.0,0.0,75.0,0.0,83.0,0.0,72.0,0.0,77.0,0.0,101.0,0.0,98.0,0.0,82.0,0.0
Median weekly earnings,   Females,Part-time,Total,Aug-80,0.0,0.0,0.0,0.0,0.0,0.0,0.0,0.0,0.0,0.0,0.0,0.0,0.0,0.0,0.0,0.0,89.0,0.0
Median weekly earnings,   Females,Part-time,Total,Aug-81,0.0,0.0,0.0,0.0,0.0,0.0,0.0,0.0,0.0,0.0,0.0,0.0,0.0,0.0,0.0,0.0,100.0,0.0
Median weekly earnings,   Females,Part-time,Total,Aug-82,116.0,0.0,110.0,0.0,104.0,0.0,108.0,0.0,101.0,0.0,101.0,0.0,113.0,0.0,142.0,0.0,109.0,0.0
Median weekly earnings,   Females,Part-time,Total,Aug-83,120.0,0.0,110.0,0.0,110.0,0.0,123.0,0.0,99.0,0.0,109.0,0.0,109.0,0.0,148.0,0.0,113.0,0.0
Median weekly earnings,   Females,Part-time,Total,Aug-84,131.0,0.0,119.0,0.0,115.0,0.0,122.0,0.0,113.0,0.0,107.0,0.0,139.0,0.0,161.0,0.0,123.0,0.0
Median weekly earnings,   Females,Part-time,Total,Aug-85,150.0,0.0,130.0,0.0,130.0,0.0,130.0,0.0,125.0,0.0,136.0,0.0,181.0,0.0,160.0,0.0,136.0,0.0
Median weekly earnings,   Females,Part-time,Total,Aug-86,0.0,0.0,0.0,0.0,0.0,0.0,0.0,0.0,0.0,0.0,0.0,0.0,0.0,0.0,0.0,0.0,142.0,0.0
Median weekly earnings,   Females,Part-time,Total,Aug-87,0.0,0.0,0.0,0.0,0.0,0.0,0.0,0.0,0.0,0.0,0.0,0.0,0.0,0.0,0.0,0.0,154.0,0.0
Median weekly earnings,   Females,Part-time,Total,Aug-88,0.0,0.0,0.0,0.0,0.0,0.0,0.0,0.0,0.0,0.0,0.0,0.0,0.0,0.0,0.0,0.0,159.0,0.0
Median weekly earnings,   Females,Part-time,Total,Aug-89,180.0,0.0,180.0,0.0,140.0,0.0,180.0,0.0,140.0,0.0,140.0,0.0,180.0,0.0,180.0,0.0,180.0,0.0
Median weekly earnings,   Females,Part-time,Total,Aug-90,180.0,0.0,180.0,0.0,140.0,0.0,180.0,0.0,140.0,0.0,180.0,0.0,237.4,0.0,180.0,0.0,180.0,0.0
Median weekly earnings,   Females,Part-time,Total,Jul-91,0.0,0.0,0.0,0.0,0.0,0.0,0.0,0.0,0.0,0.0,0.0,0.0,0.0,0.0,0.0,0.0,189.0,0.0
Median weekly earnings,   Females,Part-time,Total,Aug-92,180.0,5.7,180.0,0.0,180.0,5.7,180.0,5.7,180.0,5.7,180.0,5.7,180.0,10.5,180.0,11.3,180.0,0.0
Median weekly earnings,   Females,Part-time,Total,Aug-93,220.0,4.6,180.0,5.7,180.0,5.7,220.0,0.0,180.0,5.7,180.0,5.7,180.0,16.5,220.0,4.6,180.0,5.7
Median weekly earnings,   Females,Part-time,Total,Aug-94,220.0,4.6,220.0,4.6,180.0,5.7,220.0,4.6,220.0,4.6,180.0,11.3,227.1,4.5,220.0,4.6,220.0,4.6
Median weekly earnings,   Females,Part-time,Total,Aug-95,220.0,0.0,220.0,4.6,180.0,0.0,220.0,4.6,180.0,5.7,220.0,4.6,180.0,11.3,220.0,9.3,220.0,0.3
Median weekly earnings,   Females,Part-time,Total,Aug-96,0.0,0.0,0.0,0.0,0.0,0.0,0.0,0.0,0.0,0.0,0.0,0.0,0.0,0.0,0.0,0.0,0.0,0.0
Median weekly earnings,   Females,Part-time,Total,Aug-97,240.0,3.2,225.0,3.8,210.0,2.6,250.0,2.9,190.0,3.9,204.1,3.1,188.1,13.6,250.0,6.6,225.0,1.7
Median weekly earnings,   Females,Part-time,Total,Aug-98,230.0,3.7,229.6,4.1,225.0,3.4,247.2,5.2,220.0,4.6,250.0,7.1,250.1,10.1,276.8,6.4,230.0,1.6
Median weekly earnings,   Females,Part-time,Total,Aug-99,250.0,2.6,230.1,3.9,225.0,5.0,273.0,3.3,225.0,4.8,259.5,5.6,240.0,13.6,250.0,5.6,242.2,1.6
Median weekly earnings,   Females,Part-time,Total,Aug-00,255.3,3.0,235.0,3.7,251.3,2.8,250.0,5.9,225.0,5.0,240.8,6.5,290.0,11.4,299.9,5.9,250.0,1.0
Median weekly earnings,   Females,Part-time,Total,Aug-01,280.0,4.1,250.0,2.1,267.5,2.6,285.0,2.6,240.0,3.2,258.4,5.4,317.7,8.3,300.0,5.3,260.0,2.4
Median weekly earnings,   Females,Part-time,Total,Aug-02,295.0,1.7,250.0,2.0,280.0,3.5,273.9,3.4,267.0,3.2,286.0,5.7,323.6,14.4,300.0,6.2,275.0,1.9
Median weekly earnings,   Females,Part-time,Total,Aug-03,300.0,4.0,272.4,2.3,281.6,2.7,315.0,2.9,270.0,3.9,292.0,4.4,365.8,12.5,316.9,9.7,290.0,1.8
Median weekly earnings,   Females,Part-time,Total,Aug-04,332.0,3.1,300.0,2.6,316.1,4.4,304.0,2.1,286.7,2.9,309.0,5.8,400.0,9.6,350.0,4.8,315.0,2.0
Median weekly earnings,   Females,Part-time,Total,Aug-05,320.0,3.5,320.0,2.4,340.0,2.6,335.9,2.6,324.0,3.1,320.0,4.7,306.3,12.3,340.0,7.1,325.0,1.2
Median weekly earnings,   Females,Part-time,Total,Aug-06,350.0,2.1,320.0,3.9,350.0,1.8,330.1,5.5,310.9,3.3,345.0,4.0,396.3,17.4,351.5,5.4,340.0,1.5
Median weekly earnings,   Females,Part-time,Total,Aug-07,368.6,3.5,351.0,3.0,360.0,2.0,350.0,2.8,360.0,3.2,369.0,2.9,380.0,13.4,350.0,9.5,360.0,1.8
Median weekly earnings,   Females,Part-time,Total,Aug-08,400.0,2.5,375.0,2.7,375.0,3.3,390.0,3.1,359.0,5.5,390.4,5.4,350.0,7.3,360.9,8.4,380.0,1.9
Median weekly earnings,   Females,Part-time,Total,Aug-09,400.0,3.2,379.7,3.4,400.0,4.0,410.4,2.6,383.6,3.4,400.8,7.5,475.6,5.4,402.3,13.7,400.0,0.6
Median weekly earnings,   Females,Part-time,Total,Aug-10,402.9,2.8,400.0,3.0,420.0,3.0,420.0,3.1,400.0,3.5,411.6,5.0,450.0,11.2,482.1,7.3,400.0,1.2
Median weekly earnings,   Females,Part-time,Total,Aug-11,425.0,3.0,400.0,3.3,450.0,3.4,450.0,4.3,432.0,3.0,425.0,3.3,460.0,8.3,500.0,7.7,428.9,1.8
Median weekly earnings,   Females,Part-time,Total,Aug-12,443.4,2.9,437.0,3.5,450.0,4.3,456.6,2.9,450.0,3.1,480.0,2.9,450.0,6.2,494.8,9.0,450.0,1.0
Median weekly earnings,   Females,Part-time,Total,Aug-13,460.5,3.5,436.9,2.7,500.0,2.2,466.3,2.8,455.8,4.2,450.0,4.8,500.0,5.1,531.6,6.6,455.3,1.4
Median weekly earnings,   Females,Part-time,Total,Aug-14,500.0,1.1,475.0,2.1,500.0,3.3,489.7,2.6,500.0,2.1,476.5,3.8,525.8,5.8,600.0,7.2,498.0,1.0
Median weekly earnings,   Females,Part-time,Total,Aug-15,500.0,1.5,484.0,2.1,544.0,2.8,536.2,2.4,500.0,3.2,499.5,4.0,500.6,7.5,600.0,8.0,500.0,0.6
Median weekly earnings,   Females,Part-time,Total,Aug-16,536.9,3.6,487.9,2.6,500.2,2.9,509.7,2.5,505.3,2.2,500.0,5.1,578.8,8.5,600.0,4.7,503.0,1.2
Median weekly earnings,   Females,Part-time,Total,Aug-17,528.0,2.4,516.2,2.5,550.0,2.4,547.9,4.7,525.0,4.2,545.3,2.8,600.0,9.2,560.8,8.8,535.0,1.9
Median weekly earnings,   Females,Part-time,Total,Aug-18,553.1,3.5,571.2,2.3,525.0,3.4,560.0,2.7,540.0,2.1,550.0,4.2,563.4,6.8,600.0,6.9,550.0,1.1
Median weekly earnings,   Females,Part-time,Total,Aug-19,580.0,2.4,540.5,2.9,600.0,2.1,560.0,4.6,600.0,4.0,560.8,4.8,600.0,6.4,662.0,9.9,573.9,2.2
Median weekly earnings,   Females,Part-time,Total,Aug-20,709.5,2.2,719.7,2.7,700.0,3.6,700.0,3.5,708.7,3.4,703.9,3.2,642.5,9.9,745.6,6.4,708.0,1.6
Median weekly earnings,   Females,Part-time,Total,Aug-21,644.5,3.3,611.0,2.0,600.0,3.2,614.4,3.0,600.0,2.3,600.0,2.5,630.7,7.3,765.2,6.6,613.0,1.6
Median weekly earnings,   Females,Part-time,Total,Aug-22,659.6,1.6,674.0,3.2,639.3,3.9,663.1,3.2,622.2,2.5,626.1,3.0,750.0,9.3,749.6,5.1,650.0,1.5
Median weekly earnings,   Females,Part-time,Total,Aug-23,662.7,2.2,700.0,2.6,720.0,2.3,700.0,3.1,681.3,2.0,750.0,3.1,700.0,5.3,700.0,7.4,700.0,0.7
Median weekly earnings,   Females,Part-time,Total,Aug-24,675.0,3.6,716.2,2.5,742.0,3.8,713.5,2.4,745.5,4.1,743.6,4.0,750.0,4.3,750.0,7.6,703.0,1.4
Median weekly earnings,   Females,Total,With leave entitlements,Aug-75,0.0,0.0,0.0,0.0,0.0,0.0,0.0,0.0,0.0,0.0,0.0,0.0,0.0,0.0,0.0,0.0,0.0,0.0
Median weekly earnings,   Females,Total,With leave entitlements,Aug-76,0.0,0.0,0.0,0.0,0.0,0.0,0.0,0.0,0.0,0.0,0.0,0.0,0.0,0.0,0.0,0.0,0.0,0.0
Median weekly earnings,   Females,Total,With leave entitlements,Aug-77,0.0,0.0,0.0,0.0,0.0,0.0,0.0,0.0,0.0,0.0,0.0,0.0,0.0,0.0,0.0,0.0,0.0,0.0
Median weekly earnings,   Females,Total,With leave entitlements,Aug-78,0.0,0.0,0.0,0.0,0.0,0.0,0.0,0.0,0.0,0.0,0.0,0.0,0.0,0.0,0.0,0.0,0.0,0.0
Median weekly earnings,   Females,Total,With leave entitlements,Aug-79,0.0,0.0,0.0,0.0,0.0,0.0,0.0,0.0,0.0,0.0,0.0,0.0,0.0,0.0,0.0,0.0,0.0,0.0
Median weekly earnings,   Females,Total,With leave entitlements,Aug-80,0.0,0.0,0.0,0.0,0.0,0.0,0.0,0.0,0.0,0.0,0.0,0.0,0.0,0.0,0.0,0.0,0.0,0.0
Median weekly earnings,   Females,Total,With leave entitlements,Aug-81,0.0,0.0,0.0,0.0,0.0,0.0,0.0,0.0,0.0,0.0,0.0,0.0,0.0,0.0,0.0,0.0,0.0,0.0
Median weekly earnings,   Females,Total,With leave entitlements,Aug-82,0.0,0.0,0.0,0.0,0.0,0.0,0.0,0.0,0.0,0.0,0.0,0.0,0.0,0.0,0.0,0.0,0.0,0.0
Median weekly earnings,   Females,Total,With leave entitlements,Aug-83,0.0,0.0,0.0,0.0,0.0,0.0,0.0,0.0,0.0,0.0,0.0,0.0,0.0,0.0,0.0,0.0,0.0,0.0
Median weekly earnings,   Females,Total,With leave entitlements,Aug-84,0.0,0.0,0.0,0.0,0.0,0.0,0.0,0.0,0.0,0.0,0.0,0.0,0.0,0.0,0.0,0.0,260.0,0.0
Median weekly earnings,   Females,Total,With leave entitlements,Aug-85,0.0,0.0,0.0,0.0,0.0,0.0,0.0,0.0,0.0,0.0,0.0,0.0,0.0,0.0,0.0,0.0,277.0,0.0
Median weekly earnings,   Females,Total,With leave entitlements,Aug-86,0.0,0.0,0.0,0.0,0.0,0.0,0.0,0.0,0.0,0.0,0.0,0.0,0.0,0.0,0.0,0.0,299.0,0.0
Median weekly earnings,   Females,Total,With leave entitlements,Aug-87,0.0,0.0,0.0,0.0,0.0,0.0,0.0,0.0,0.0,0.0,0.0,0.0,0.0,0.0,0.0,0.0,318.0,0.0
Median weekly earnings,   Females,Total,With leave entitlements,Aug-88,0.0,0.0,0.0,0.0,0.0,0.0,0.0,0.0,0.0,0.0,0.0,0.0,0.0,0.0,0.0,0.0,331.0,0.0
Median weekly earnings,   Females,Total,With leave entitlements,Aug-89,380.0,0.0,340.0,0.0,340.0,0.0,369.7,0.0,340.0,0.0,340.0,0.0,420.0,0.0,420.0,0.0,340.0,0.0
Median weekly earnings,   Females,Total,With leave entitlements,Aug-90,380.0,0.0,380.0,0.0,380.0,0.0,380.0,0.0,380.0,0.0,340.0,0.0,420.0,0.0,500.0,0.0,380.0,0.0
Median weekly earnings,   Females,Total,With leave entitlements,Jul-91,0.0,0.0,0.0,0.0,0.0,0.0,0.0,0.0,0.0,0.0,0.0,0.0,0.0,0.0,0.0,0.0,404.0,0.0
Median weekly earnings,   Females,Total,With leave entitlements,Aug-92,420.0,0.0,420.0,0.0,420.0,2.4,420.0,0.0,420.0,2.4,420.0,0.0,460.0,6.7,500.0,0.3,420.0,0.0
Median weekly earnings,   Females,Total,With leave entitlements,Aug-93,460.0,0.0,460.0,2.2,420.0,2.4,460.0,2.2,420.0,0.0,420.0,0.0,500.0,4.1,540.0,1.9,460.0,0.0
Median weekly earnings,   Females,Total,With leave entitlements,Aug-94,460.0,2.2,460.0,1.3,460.0,2.2,460.0,0.0,420.0,2.4,420.0,1.1,500.0,2.0,540.0,1.8,460.0,0.0
Median weekly earnings,   Females,Total,With leave entitlements,Aug-95,500.0,2.0,460.0,2.2,460.0,2.2,460.0,2.2,420.0,2.4,460.0,2.2,500.0,2.3,580.0,1.8,460.0,2.2
Median weekly earnings,   Females,Total,With leave entitlements,Aug-96,0.0,0.0,0.0,0.0,0.0,0.0,0.0,0.0,0.0,0.0,0.0,0.0,0.0,0.0,0.0,0.0,0.0,0.0
Median weekly earnings,   Females,Total,With leave entitlements,Aug-97,518.0,1.8,500.0,0.8,500.0,1.0,500.0,1.4,456.0,1.1,485.4,2.8,574.6,4.4,600.0,1.7,500.0,0.1
Median weekly earnings,   Females,Total,With leave entitlements,Aug-98,540.0,1.3,500.0,0.5,520.0,1.7,500.0,1.3,500.0,1.5,495.0,2.2,599.1,2.5,614.3,2.1,520.0,0.7
Median weekly earnings,   Females,Total,With leave entitlements,Aug-99,577.0,1.8,529.3,1.2,515.0,2.0,509.2,1.5,506.0,2.2,509.2,2.0,600.0,3.5,650.0,2.9,549.8,0.7
Median weekly earnings,   Females,Total,With leave entitlements,Aug-00,580.0,1.3,560.0,1.1,562.4,1.2,565.0,1.4,525.5,2.2,525.0,3.2,618.3,2.6,715.8,3.1,572.0,0.8
Median weekly earnings,   Females,Total,With leave entitlements,Aug-01,615.0,1.7,575.0,1.7,555.1,1.6,599.0,1.3,539.8,1.4,540.0,2.6,650.0,2.5,700.0,2.8,597.1,1.0
Median weekly earnings,   Females,Total,With leave entitlements,Aug-02,634.0,1.2,600.0,0.1,590.1,1.3,600.0,1.4,581.9,1.6,550.0,1.6,668.0,2.8,769.0,2.2,602.0,0.8
Median weekly earnings,   Females,Total,With leave entitlements,Aug-03,650.0,1.5,600.0,3.0,600.0,1.0,600.0,1.4,600.0,2.7,589.5,2.0,700.0,4.2,781.1,3.6,625.0,2.0
Median weekly earnings,   Females,Total,With leave entitlements,Aug-04,688.2,1.7,638.7,1.9,639.6,1.4,650.0,1.9,607.7,1.1,600.0,1.1,741.4,5.2,800.0,3.3,650.0,0.1
Median weekly earnings,   Females,Total,With leave entitlements,Aug-05,700.0,2.1,690.0,1.0,650.0,0.9,650.0,2.6,650.0,2.2,615.2,2.9,769.0,4.6,865.0,2.9,689.6,1.0
Median weekly earnings,   Females,Total,With leave entitlements,Aug-06,750.0,1.4,700.0,0.7,673.0,1.9,695.3,1.1,650.0,1.9,650.0,2.9,789.7,4.3,924.6,2.6,700.0,0.0
Median weekly earnings,   Females,Total,With leave entitlements,Aug-07,769.0,1.6,750.0,1.0,746.0,1.2,720.8,1.8,700.0,1.1,669.2,2.9,770.1,7.4,"1,000.0",1.9,750.0,0.3
Median weekly earnings,   Females,Total,With leave entitlements,Aug-08,805.0,1.3,750.0,1.1,795.0,1.7,750.0,2.5,800.0,2.0,729.5,2.6,900.0,3.8,"1,000.0",2.3,800.0,0.6
Median weekly earnings,   Females,Total,With leave entitlements,Aug-09,809.0,1.6,800.0,1.5,815.1,2.0,800.0,3.5,800.0,3.2,755.5,2.5,950.3,2.7,"1,058.0",3.6,805.0,1.0
Median weekly earnings,   Females,Total,With leave entitlements,Aug-10,880.9,1.5,825.0,1.5,800.8,1.6,800.0,2.3,850.0,3.0,756.2,2.8,947.9,2.7,"1,104.4",2.3,850.0,0.4
Median weekly earnings,   Females,Total,With leave entitlements,Aug-11,900.0,1.6,850.0,1.2,900.0,1.4,846.0,2.0,850.0,2.5,800.0,2.7,"1,060.1",2.2,"1,117.7",2.6,876.0,1.0
Median weekly earnings,   Females,Total,With leave entitlements,Aug-12,926.7,1.8,887.6,1.4,920.0,1.4,851.2,2.4,912.0,2.3,800.0,2.4,"1,026.3",1.9,"1,154.0",2.6,900.0,0.6
Median weekly earnings,   Females,Total,With leave entitlements,Aug-13,920.0,1.6,872.7,1.5,900.0,0.6,880.8,1.4,950.0,2.7,818.0,3.5,"1,050.0",3.6,"1,250.0",2.1,900.0,0.6
Median weekly earnings,   Females,Total,With leave entitlements,Aug-14,"1,000.0",0.5,929.0,1.6,959.5,1.7,920.0,1.5,"1,000.0",2.6,850.0,3.0,"1,153.0",3.3,"1,214.6",3.1,973.2,0.8
Median weekly earnings,   Females,Total,With leave entitlements,Aug-15,"1,000.0",1.0,937.7,1.7,"1,000.0",0.7,950.0,2.0,"1,000.0",2.6,892.6,3.2,"1,151.5",2.1,"1,293.5",3.5,999.0,0.7
Median weekly earnings,   Females,Total,With leave entitlements,Aug-16,"1,001.0",1.3,990.0,1.1,"1,000.0",1.0,975.6,1.3,"1,051.0",2.4,887.9,2.6,"1,167.4",3.3,"1,250.0",3.0,"1,000.0",0.0
Median weekly earnings,   Females,Total,With leave entitlements,Aug-17,"1,050.0",1.7,"1,000.0",0.5,"1,017.0",1.5,996.6,1.3,"1,050.0",2.4,900.0,2.8,"1,200.0",2.1,"1,300.0",2.9,"1,014.0",0.9
Median weekly earnings,   Females,Total,With leave entitlements,Aug-18,"1,093.0",1.2,"1,035.0",2.1,"1,050.0",1.9,"1,000.0",1.4,"1,054.6",2.4,950.0,2.7,"1,246.2",2.9,"1,399.7",2.9,"1,054.0",0.7
Median weekly earnings,   Females,Total,With leave entitlements,Aug-19,"1,150.0",1.6,"1,100.0",2.0,"1,043.9",1.9,"1,019.0",1.4,"1,112.6",3.4,"1,050.0",2.4,"1,250.0",3.5,"1,300.0",3.3,"1,100.0",0.5
Median weekly earnings,   Females,Total,With leave entitlements,Aug-20,"1,182.5",1.1,"1,127.0",2.4,"1,125.0",1.7,"1,068.8",1.9,"1,153.0",2.7,"1,041.1",2.6,"1,252.4",4.1,"1,450.0",2.2,"1,150.0",0.9
Median weekly earnings,   Females,Total,With leave entitlements,Aug-21,"1,250.0",1.6,"1,150.0",2.0,"1,150.0",1.7,"1,100.0",2.3,"1,150.0",2.2,"1,046.3",2.4,"1,400.0",3.9,"1,466.8",2.5,"1,197.7",1.0
Median weekly earnings,   Females,Total,With leave entitlements,Aug-22,"1,250.0",1.1,"1,265.0",1.3,"1,254.4",2.2,"1,150.0",2.1,"1,246.0",2.7,"1,079.2",1.5,"1,400.0",3.6,"1,500.0",3.4,"1,250.0",0.4
Median weekly earnings,   Females,Total,With leave entitlements,Aug-23,"1,387.7",1.4,"1,300.0",2.0,"1,265.0",1.6,"1,250.0",1.7,"1,280.7",2.0,"1,219.7",2.8,"1,350.0",2.8,"1,629.5",2.0,"1,319.0",0.9
Median weekly earnings,   Females,Total,With leave entitlements,Aug-24,"1,446.1",1.8,"1,368.4",2.0,"1,399.4",2.0,"1,250.0",2.0,"1,380.0",2.5,"1,240.0",3.1,"1,541.0",2.2,"1,749.9",3.2,"1,400.0",0.8
Median weekly earnings,   Females,Total,Without leave entitlements,Aug-75,0.0,0.0,0.0,0.0,0.0,0.0,0.0,0.0,0.0,0.0,0.0,0.0,0.0,0.0,0.0,0.0,0.0,0.0
Median weekly earnings,   Females,Total,Without leave entitlements,Aug-76,0.0,0.0,0.0,0.0,0.0,0.0,0.0,0.0,0.0,0.0,0.0,0.0,0.0,0.0,0.0,0.0,0.0,0.0
Median weekly earnings,   Females,Total,Without leave entitlements,Aug-77,0.0,0.0,0.0,0.0,0.0,0.0,0.0,0.0,0.0,0.0,0.0,0.0,0.0,0.0,0.0,0.0,0.0,0.0
Median weekly earnings,   Females,Total,Without leave entitlements,Aug-78,0.0,0.0,0.0,0.0,0.0,0.0,0.0,0.0,0.0,0.0,0.0,0.0,0.0,0.0,0.0,0.0,0.0,0.0
Median weekly earnings,   Females,Total,Without leave entitlements,Aug-79,0.0,0.0,0.0,0.0,0.0,0.0,0.0,0.0,0.0,0.0,0.0,0.0,0.0,0.0,0.0,0.0,0.0,0.0
Median weekly earnings,   Females,Total,Without leave entitlements,Aug-80,0.0,0.0,0.0,0.0,0.0,0.0,0.0,0.0,0.0,0.0,0.0,0.0,0.0,0.0,0.0,0.0,0.0,0.0
Median weekly earnings,   Females,Total,Without leave entitlements,Aug-81,0.0,0.0,0.0,0.0,0.0,0.0,0.0,0.0,0.0,0.0,0.0,0.0,0.0,0.0,0.0,0.0,0.0,0.0
Median weekly earnings,   Females,Total,Without leave entitlements,Aug-82,0.0,0.0,0.0,0.0,0.0,0.0,0.0,0.0,0.0,0.0,0.0,0.0,0.0,0.0,0.0,0.0,0.0,0.0
Median weekly earnings,   Females,Total,Without leave entitlements,Aug-83,0.0,0.0,0.0,0.0,0.0,0.0,0.0,0.0,0.0,0.0,0.0,0.0,0.0,0.0,0.0,0.0,0.0,0.0
Median weekly earnings,   Females,Total,Without leave entitlements,Aug-84,0.0,0.0,0.0,0.0,0.0,0.0,0.0,0.0,0.0,0.0,0.0,0.0,0.0,0.0,0.0,0.0,108.0,0.0
Median weekly earnings,   Females,Total,Without leave entitlements,Aug-85,0.0,0.0,0.0,0.0,0.0,0.0,0.0,0.0,0.0,0.0,0.0,0.0,0.0,0.0,0.0,0.0,121.0,0.0
Median weekly earnings,   Females,Total,Without leave entitlements,Aug-86,0.0,0.0,0.0,0.0,0.0,0.0,0.0,0.0,0.0,0.0,0.0,0.0,0.0,0.0,0.0,0.0,125.0,0.0
Median weekly earnings,   Females,Total,Without leave entitlements,Aug-87,0.0,0.0,0.0,0.0,0.0,0.0,0.0,0.0,0.0,0.0,0.0,0.0,0.0,0.0,0.0,0.0,139.0,0.0
Median weekly earnings,   Females,Total,Without leave entitlements,Aug-88,0.0,0.0,0.0,0.0,0.0,0.0,0.0,0.0,0.0,0.0,0.0,0.0,0.0,0.0,0.0,0.0,142.0,0.0
Median weekly earnings,   Females,Total,Without leave entitlements,Aug-89,140.0,0.0,140.0,0.0,140.0,0.0,140.0,0.0,140.0,0.0,140.0,0.0,220.0,0.0,140.0,0.0,140.0,0.0
Median weekly earnings,   Females,Total,Without leave entitlements,Aug-90,140.0,0.0,140.0,0.0,140.0,0.0,180.0,0.0,140.0,0.0,140.0,0.0,220.0,0.0,140.0,0.0,140.0,0.0
Median weekly earnings,   Females,Total,Without leave entitlements,Jul-91,0.0,0.0,0.0,0.0,0.0,0.0,0.0,0.0,0.0,0.0,0.0,0.0,0.0,0.0,0.0,0.0,153.0,0.0
Median weekly earnings,   Females,Total,Without leave entitlements,Aug-92,180.0,0.0,140.0,0.0,180.0,0.0,180.0,5.7,140.0,7.3,140.0,14.6,180.0,15.2,140.0,7.3,140.0,7.3
Median weekly earnings,   Females,Total,Without leave entitlements,Aug-93,180.0,5.7,140.0,7.3,180.0,5.7,180.0,5.7,140.0,0.0,140.0,7.3,220.0,18.4,180.0,11.3,180.0,0.0
Median weekly earnings,   Females,Total,Without leave entitlements,Aug-94,180.0,5.7,180.0,5.7,180.0,5.7,180.0,5.7,180.0,5.7,180.0,5.7,260.0,7.8,180.0,5.7,180.0,0.0
Median weekly earnings,   Females,Total,Without leave entitlements,Aug-95,180.0,5.7,140.0,7.3,180.0,5.7,220.0,4.6,140.0,7.3,180.0,5.7,180.0,15.5,180.0,5.7,180.0,0.0
Median weekly earnings,   Females,Total,Without leave entitlements,Aug-96,0.0,0.0,0.0,0.0,0.0,0.0,0.0,0.0,0.0,0.0,0.0,0.0,0.0,0.0,0.0,0.0,0.0,0.0
Median weekly earnings,   Females,Total,Without leave entitlements,Aug-97,210.0,5.5,160.0,4.8,203.3,3.8,222.9,5.7,150.0,6.4,181.1,5.6,250.8,22.7,200.3,11.2,199.0,1.9
Median weekly earnings,   Females,Total,Without leave entitlements,Aug-98,200.0,3.8,159.6,4.6,210.8,3.5,220.3,6.6,180.0,5.7,210.1,12.4,239.3,11.1,211.5,13.3,200.0,1.3
Median weekly earnings,   Females,Total,Without leave entitlements,Aug-99,236.7,4.7,179.1,6.3,211.0,5.8,260.0,4.8,193.2,6.8,210.0,6.1,250.6,15.0,200.0,8.6,210.0,2.9
Median weekly earnings,   Females,Total,Without leave entitlements,Aug-00,215.3,5.7,195.9,4.6,250.0,3.1,249.7,5.6,171.3,6.3,200.0,12.8,317.6,14.3,255.0,10.7,217.0,3.5
Median weekly earnings,   Females,Total,Without leave entitlements,Aug-01,240.0,7.4,201.3,5.6,250.0,3.8,260.0,4.1,200.0,7.3,196.5,10.3,375.2,10.2,226.5,10.5,232.0,2.3
Median weekly earnings,   Females,Total,Without leave entitlements,Aug-02,257.6,3.9,180.0,4.8,252.4,6.0,250.0,4.1,200.0,8.8,215.6,8.8,370.0,14.3,225.0,10.6,230.0,2.2
Median weekly earnings,   Females,Total,Without leave entitlements,Aug-03,250.0,5.2,205.8,4.7,240.0,6.8,275.2,4.0,219.0,4.8,239.5,10.5,307.2,12.7,219.3,8.1,240.0,3.2
Median weekly earnings,   Females,Total,Without leave entitlements,Aug-04,274.0,4.4,230.0,5.0,288.0,4.9,300.0,4.3,225.0,5.7,200.0,12.4,409.2,20.0,263.1,9.2,260.0,2.5
Median weekly earnings,   Females,Total,Without leave entitlements,Aug-05,253.0,5.2,250.0,3.9,289.3,6.2,280.0,5.3,257.0,3.9,209.0,11.2,393.3,14.0,242.5,11.4,260.0,2.6
Median weekly earnings,   Females,Total,Without leave entitlements,Aug-06,280.0,4.6,239.1,4.3,300.0,4.2,284.0,5.5,249.0,6.3,294.8,6.5,395.3,13.7,224.1,8.7,276.0,4.5
Median weekly earnings,   Females,Total,Without leave entitlements,Aug-07,300.0,4.4,262.2,5.8,323.0,3.9,300.0,5.0,280.5,4.5,275.0,9.2,336.0,15.9,250.0,10.0,300.0,1.7
Median weekly earnings,   Females,Total,Without leave entitlements,Aug-08,300.0,5.9,280.0,7.3,360.0,6.4,330.0,6.1,256.2,9.5,300.6,9.1,333.8,10.9,325.0,4.9,300.0,2.2
Median weekly earnings,   Females,Total,Without leave entitlements,Aug-09,311.9,6.1,248.1,5.6,359.5,4.7,350.0,4.7,300.0,6.3,296.1,12.1,484.0,12.3,327.1,16.1,308.5,1.7
Median weekly earnings,   Females,Total,Without leave entitlements,Aug-10,350.0,6.9,300.0,3.9,369.8,3.9,350.0,4.1,300.0,5.7,300.0,8.2,450.0,8.4,306.7,12.3,337.0,2.3
Median weekly earnings,   Females,Total,Without leave entitlements,Aug-11,340.1,5.2,300.0,4.7,390.0,4.0,350.0,5.2,328.7,4.7,300.0,6.8,460.0,13.8,353.2,8.6,346.0,2.9
Median weekly earnings,   Females,Total,Without leave entitlements,Aug-12,344.7,4.1,327.0,4.5,350.6,5.8,360.0,7.1,360.0,5.7,346.1,11.4,450.0,12.7,311.8,12.5,350.0,2.0
Median weekly earnings,   Females,Total,Without leave entitlements,Aug-13,326.5,4.7,308.0,5.2,450.0,5.7,375.0,7.0,375.0,4.7,350.0,9.4,500.0,10.2,320.0,19.8,351.5,2.9
Median weekly earnings,   Females,Total,Without leave entitlements,Aug-14,350.0,5.8,324.1,4.7,400.0,4.2,391.0,6.4,438.2,8.1,371.5,9.5,500.0,10.2,400.0,12.1,360.0,2.4
Median weekly earnings,   Females,Total,Without leave entitlements,Aug-15,400.0,3.9,350.0,5.1,454.2,5.0,440.0,6.2,404.9,7.4,300.0,9.3,550.0,10.1,432.5,14.1,400.0,1.5
Median weekly earnings,   Females,Total,Without leave entitlements,Aug-16,420.0,6.3,350.0,4.4,453.0,5.3,411.1,4.3,400.0,6.2,350.0,8.4,550.0,15.0,461.6,12.7,400.0,1.3
Median weekly earnings,   Females,Total,Without leave entitlements,Aug-17,445.2,4.9,400.0,4.0,470.0,3.8,420.0,6.3,450.0,5.7,376.6,9.7,451.9,11.1,350.0,7.3,428.2,2.2
Median weekly earnings,   Females,Total,Without leave entitlements,Aug-18,499.0,4.7,405.6,6.4,450.0,5.7,454.3,4.9,430.1,6.1,449.4,6.7,500.0,9.6,453.0,14.1,450.0,2.7
Median weekly earnings,   Females,Total,Without leave entitlements,Aug-19,460.2,4.4,420.0,3.8,495.8,6.2,450.0,6.5,506.6,2.5,438.8,5.8,600.0,8.5,355.6,14.3,462.0,2.7
Median weekly earnings,   Females,Total,Without leave entitlements,Aug-20,569.9,4.3,587.3,5.5,574.5,7.5,600.0,6.9,567.3,8.2,550.0,8.3,500.0,12.9,537.9,13.5,571.0,2.9
Median weekly earnings,   Females,Total,Without leave entitlements,Aug-21,527.4,5.8,413.4,7.3,523.7,5.6,500.0,5.7,450.0,6.8,500.0,8.9,520.0,8.3,630.2,13.6,500.0,2.6
Median weekly earnings,   Females,Total,Without leave entitlements,Aug-22,550.0,4.6,539.0,7.0,574.0,8.0,500.0,5.9,546.5,6.4,500.0,7.6,705.8,15.8,750.0,9.5,550.0,4.6
Median weekly earnings,   Females,Total,Without leave entitlements,Aug-23,560.0,4.4,500.0,6.6,600.0,5.1,600.0,6.4,551.4,5.0,552.2,4.6,667.5,8.7,506.6,14.7,554.7,1.9
Median weekly earnings,   Females,Total,Without leave entitlements,Aug-24,547.7,4.7,450.0,4.7,671.0,4.9,599.9,6.8,530.3,9.6,508.0,8.2,600.0,12.6,477.7,10.1,550.0,4.1
Median weekly earnings,   Females,Total,Total,Aug-75,0.0,0.0,0.0,0.0,0.0,0.0,0.0,0.0,0.0,0.0,0.0,0.0,0.0,0.0,0.0,0.0,101.0,0.0
Median weekly earnings,   Females,Total,Total,Aug-76,0.0,0.0,0.0,0.0,0.0,0.0,0.0,0.0,0.0,0.0,0.0,0.0,0.0,0.0,0.0,0.0,112.0,0.0
Median weekly earnings,   Females,Total,Total,Aug-77,0.0,0.0,0.0,0.0,0.0,0.0,0.0,0.0,0.0,0.0,0.0,0.0,0.0,0.0,0.0,0.0,125.0,0.0
Median weekly earnings,   Females,Total,Total,Aug-78,0.0,0.0,0.0,0.0,0.0,0.0,0.0,0.0,0.0,0.0,0.0,0.0,0.0,0.0,0.0,0.0,136.0,0.0
Median weekly earnings,   Females,Total,Total,Aug-79,0.0,0.0,0.0,0.0,0.0,0.0,0.0,0.0,0.0,0.0,0.0,0.0,0.0,0.0,0.0,0.0,144.0,0.0
Median weekly earnings,   Females,Total,Total,Aug-80,0.0,0.0,0.0,0.0,0.0,0.0,0.0,0.0,0.0,0.0,0.0,0.0,0.0,0.0,0.0,0.0,157.0,0.0
Median weekly earnings,   Females,Total,Total,Aug-81,0.0,0.0,0.0,0.0,0.0,0.0,0.0,0.0,0.0,0.0,0.0,0.0,0.0,0.0,0.0,0.0,178.0,0.0
Median weekly earnings,   Females,Total,Total,Aug-82,0.0,0.0,0.0,0.0,0.0,0.0,0.0,0.0,0.0,0.0,0.0,0.0,0.0,0.0,0.0,0.0,202.0,0.0
Median weekly earnings,   Females,Total,Total,Aug-83,0.0,0.0,0.0,0.0,0.0,0.0,0.0,0.0,0.0,0.0,0.0,0.0,0.0,0.0,0.0,0.0,215.0,0.0
Median weekly earnings,   Females,Total,Total,Aug-84,0.0,0.0,0.0,0.0,0.0,0.0,0.0,0.0,0.0,0.0,0.0,0.0,0.0,0.0,0.0,0.0,228.0,0.0
Median weekly earnings,   Females,Total,Total,Aug-85,0.0,0.0,0.0,0.0,0.0,0.0,0.0,0.0,0.0,0.0,0.0,0.0,0.0,0.0,0.0,0.0,247.0,0.0
Median weekly earnings,   Females,Total,Total,Aug-86,0.0,0.0,0.0,0.0,0.0,0.0,0.0,0.0,0.0,0.0,0.0,0.0,0.0,0.0,0.0,0.0,261.0,0.0
Median weekly earnings,   Females,Total,Total,Aug-87,0.0,0.0,0.0,0.0,0.0,0.0,0.0,0.0,0.0,0.0,0.0,0.0,0.0,0.0,0.0,0.0,275.0,0.0
Median weekly earnings,   Females,Total,Total,Aug-88,0.0,0.0,0.0,0.0,0.0,0.0,0.0,0.0,0.0,0.0,0.0,0.0,0.0,0.0,0.0,0.0,291.0,0.0
Median weekly earnings,   Females,Total,Total,Aug-89,340.0,0.0,300.0,0.0,300.0,0.0,300.0,0.0,300.0,0.0,300.0,0.0,380.0,0.0,375.4,0.0,300.0,0.0
Median weekly earnings,   Females,Total,Total,Aug-90,340.0,0.0,340.0,0.0,300.0,0.0,300.0,0.0,300.0,0.0,300.0,0.0,380.0,0.0,420.0,0.0,340.0,0.0
Median weekly earnings,   Females,Total,Total,Jul-91,0.0,0.0,0.0,0.0,0.0,0.0,0.0,0.0,0.0,0.0,0.0,0.0,0.0,0.0,0.0,0.0,349.0,0.0
Median weekly earnings,   Females,Total,Total,Aug-92,380.0,0.0,380.0,0.0,340.0,0.0,340.0,3.0,340.0,3.0,340.0,6.0,420.0,2.4,420.0,4.9,380.0,0.0
Median weekly earnings,   Females,Total,Total,Aug-93,420.0,2.4,380.0,0.0,380.0,2.7,380.0,0.0,380.0,2.7,340.0,3.0,460.0,4.4,460.0,2.2,380.0,0.0
Median weekly earnings,   Females,Total,Total,Aug-94,420.0,2.4,380.0,2.7,380.0,2.7,380.0,0.0,380.0,2.7,340.0,6.0,460.0,2.2,500.0,2.0,380.0,0.0
Median weekly earnings,   Females,Total,Total,Aug-95,420.0,0.0,420.0,0.0,380.0,2.7,380.0,2.7,380.0,2.7,380.0,2.7,460.0,2.2,500.0,2.0,420.0,2.4
Median weekly earnings,   Females,Total,Total,Aug-96,0.0,0.0,0.0,0.0,0.0,0.0,0.0,0.0,0.0,0.0,0.0,0.0,0.0,0.0,0.0,0.0,0.0,0.0
Median weekly earnings,   Females,Total,Total,Aug-97,450.0,1.0,437.0,1.8,400.0,1.3,400.0,1.9,400.0,0.8,395.4,3.2,500.0,5.0,528.9,2.4,430.0,1.2
Median weekly earnings,   Females,Total,Total,Aug-98,460.0,1.4,440.0,1.6,420.0,2.4,430.0,1.8,413.0,2.0,400.0,2.0,525.0,3.0,550.0,2.7,450.0,0.6
Median weekly earnings,   Females,Total,Total,Aug-99,500.0,1.0,450.0,0.8,420.0,2.1,440.0,1.7,433.0,1.6,425.4,3.6,516.3,4.1,559.0,2.7,456.0,0.6
Median weekly earnings,   Females,Total,Total,Aug-00,500.0,0.2,480.0,2.1,450.0,1.8,475.0,1.8,445.0,1.2,409.1,3.0,550.0,3.8,650.0,2.4,483.0,0.5
Median weekly earnings,   Females,Total,Total,Aug-01,534.3,1.5,497.0,1.5,472.0,1.7,480.0,1.9,450.0,2.0,435.0,4.1,600.0,5.5,600.0,2.1,500.0,0.0
Median weekly earnings,   Females,Total,Total,Aug-02,550.0,1.5,500.0,1.0,500.0,1.1,500.0,1.1,495.9,2.1,450.0,2.1,625.0,2.0,690.8,3.3,510.0,1.0
Median weekly earnings,   Females,Total,Total,Aug-03,552.0,1.9,517.0,3.9,486.0,2.4,501.9,3.4,500.0,5.1,500.0,2.2,638.8,2.3,700.0,6.1,521.2,2.4
Median weekly earnings,   Females,Total,Total,Aug-04,577.0,2.2,550.0,1.6,530.0,1.7,548.0,2.0,512.0,1.6,520.0,2.5,650.0,5.0,700.0,2.8,550.0,0.5
Median weekly earnings,   Females,Total,Total,Aug-05,600.0,1.3,600.0,0.3,560.0,1.4,550.0,2.3,550.0,1.5,512.9,2.5,650.5,2.3,750.0,2.8,590.0,1.0
Median weekly earnings,   Females,Total,Total,Aug-06,638.1,1.2,600.0,0.3,597.2,1.1,577.0,2.2,568.4,1.8,550.0,3.2,707.3,6.0,807.3,2.2,600.0,0.0
Median weekly earnings,   Females,Total,Total,Aug-07,650.0,1.7,640.0,1.6,614.5,1.4,606.7,1.3,600.0,1.5,568.9,2.2,714.8,5.4,900.0,2.4,638.0,1.2
Median weekly earnings,   Females,Total,Total,Aug-08,700.0,1.6,650.0,1.8,650.0,1.0,630.0,2.6,679.5,2.8,609.7,2.2,800.0,4.1,900.0,2.8,673.0,1.1
Median weekly earnings,   Females,Total,Total,Aug-09,700.0,1.3,692.7,2.2,700.0,1.8,630.0,2.3,689.5,1.8,650.0,3.6,865.0,3.3,964.9,2.9,700.0,0.4
Median weekly earnings,   Females,Total,Total,Aug-10,750.0,1.7,700.0,1.2,700.0,0.9,694.9,2.3,700.0,2.4,650.0,3.3,850.0,2.3,965.0,2.6,720.0,1.4
Median weekly earnings,   Females,Total,Total,Aug-11,750.0,1.3,750.0,1.1,750.0,0.8,700.0,1.5,750.0,2.3,682.8,3.2,950.0,2.7,"1,000.0",2.4,750.0,0.1
Median weekly earnings,   Females,Total,Total,Aug-12,800.0,1.1,751.0,1.6,777.9,1.6,725.0,1.8,800.0,1.9,700.0,4.0,950.0,2.7,"1,053.1",2.8,781.0,1.3
Median weekly earnings,   Females,Total,Total,Aug-13,800.0,0.9,750.0,0.7,800.0,1.3,760.0,1.4,800.0,2.5,700.0,3.3,"1,000.0",1.3,"1,150.0",3.2,799.0,0.7
Median weekly earnings,   Females,Total,Total,Aug-14,850.0,1.6,820.0,1.3,800.0,1.7,767.0,1.7,850.0,2.8,700.0,2.8,"1,067.8",3.6,"1,100.0",2.4,825.0,0.9
Median weekly earnings,   Females,Total,Total,Aug-15,867.0,1.5,800.0,1.3,850.0,2.0,810.0,1.6,852.0,2.9,767.0,1.7,"1,054.0",2.4,"1,150.0",4.4,850.0,0.7
Median weekly earnings,   Females,Total,Total,Aug-16,900.0,1.2,830.6,2.0,875.0,1.5,787.4,2.3,877.1,2.6,750.0,2.2,"1,070.0",2.9,"1,131.6",3.3,870.0,1.1
Median weekly earnings,   Females,Total,Total,Aug-17,900.0,0.9,897.5,1.1,865.0,1.6,834.7,1.7,867.4,2.5,750.0,2.8,"1,113.9",3.1,"1,153.0",3.7,899.0,0.7
Median weekly earnings,   Females,Total,Total,Aug-18,939.0,1.5,900.0,1.5,900.0,1.7,852.5,1.7,924.1,1.7,832.0,1.9,"1,129.1",2.3,"1,164.0",3.2,912.0,0.7
Median weekly earnings,   Females,Total,Total,Aug-19,"1,000.0",1.5,920.0,1.7,912.0,1.6,900.0,1.5,961.0,2.1,876.3,3.8,"1,100.0",3.1,"1,200.0",3.2,950.0,0.7
Median weekly earnings,   Females,Total,Total,Aug-20,"1,000.0",1.2,"1,000.0",2.2,986.8,1.3,917.5,1.4,950.0,2.7,875.0,2.2,"1,131.9",2.5,"1,250.0",4.1,"1,000.0",0.6
Median weekly earnings,   Females,Total,Total,Aug-21,"1,107.2",1.4,"1,000.0",1.6,"1,000.0",1.7,950.0,2.6,"1,000.0",1.3,914.5,2.2,"1,210.1",1.9,"1,339.0",3.2,"1,020.0",1.3
Median weekly earnings,   Females,Total,Total,Aug-22,"1,094.0",1.3,"1,104.0",1.5,"1,094.0",2.0,"1,000.0",1.1,"1,050.0",2.4,954.0,2.5,"1,232.3",3.5,"1,366.9",3.0,"1,093.0",0.9
Median weekly earnings,   Females,Total,Total,Aug-23,"1,199.0",1.4,"1,150.0",1.0,"1,150.0",2.0,"1,064.0",2.0,"1,100.0",2.6,"1,076.0",2.4,"1,250.0",2.1,"1,534.0",2.4,"1,150.0",0.3
Median weekly earnings,   Females,Total,Total,Aug-24,"1,224.5",1.0,"1,200.0",2.0,"1,200.0",1.8,"1,100.0",2.2,"1,200.0",2.1,"1,100.0",2.3,"1,403.0",3.6,"1,572.6",3.2,"1,200.0",0.5
Median hourly earnings,Persons,Full-time,With leave entitlements,Aug-75,0.0,0.0,0.0,0.0,0.0,0.0,0.0,0.0,0.0,0.0,0.0,0.0,0.0,0.0,0.0,0.0,0.0,0.0
Median hourly earnings,Persons,Full-time,With leave entitlements,Aug-76,0.0,0.0,0.0,0.0,0.0,0.0,0.0,0.0,0.0,0.0,0.0,0.0,0.0,0.0,0.0,0.0,0.0,0.0
Median hourly earnings,Persons,Full-time,With leave entitlements,Aug-77,0.0,0.0,0.0,0.0,0.0,0.0,0.0,0.0,0.0,0.0,0.0,0.0,0.0,0.0,0.0,0.0,0.0,0.0
Median hourly earnings,Persons,Full-time,With leave entitlements,Aug-78,0.0,0.0,0.0,0.0,0.0,0.0,0.0,0.0,0.0,0.0,0.0,0.0,0.0,0.0,0.0,0.0,0.0,0.0
Median hourly earnings,Persons,Full-time,With leave entitlements,Aug-79,0.0,0.0,0.0,0.0,0.0,0.0,0.0,0.0,0.0,0.0,0.0,0.0,0.0,0.0,0.0,0.0,0.0,0.0
Median hourly earnings,Persons,Full-time,With leave entitlements,Aug-80,0.0,0.0,0.0,0.0,0.0,0.0,0.0,0.0,0.0,0.0,0.0,0.0,0.0,0.0,0.0,0.0,0.0,0.0
Median hourly earnings,Persons,Full-time,With leave entitlements,Aug-81,0.0,0.0,0.0,0.0,0.0,0.0,0.0,0.0,0.0,0.0,0.0,0.0,0.0,0.0,0.0,0.0,0.0,0.0
Median hourly earnings,Persons,Full-time,With leave entitlements,Aug-82,0.0,0.0,0.0,0.0,0.0,0.0,0.0,0.0,0.0,0.0,0.0,0.0,0.0,0.0,0.0,0.0,0.0,0.0
Median hourly earnings,Persons,Full-time,With leave entitlements,Aug-83,0.0,0.0,0.0,0.0,0.0,0.0,0.0,0.0,0.0,0.0,0.0,0.0,0.0,0.0,0.0,0.0,0.0,0.0
Median hourly earnings,Persons,Full-time,With leave entitlements,Aug-84,0.0,0.0,0.0,0.0,0.0,0.0,0.0,0.0,0.0,0.0,0.0,0.0,0.0,0.0,0.0,0.0,0.0,0.0
Median hourly earnings,Persons,Full-time,With leave entitlements,Aug-85,0.0,0.0,0.0,0.0,0.0,0.0,0.0,0.0,0.0,0.0,0.0,0.0,0.0,0.0,0.0,0.0,0.0,0.0
Median hourly earnings,Persons,Full-time,With leave entitlements,Aug-86,0.0,0.0,0.0,0.0,0.0,0.0,0.0,0.0,0.0,0.0,0.0,0.0,0.0,0.0,0.0,0.0,0.0,0.0
Median hourly earnings,Persons,Full-time,With leave entitlements,Aug-87,0.0,0.0,0.0,0.0,0.0,0.0,0.0,0.0,0.0,0.0,0.0,0.0,0.0,0.0,0.0,0.0,0.0,0.0
Median hourly earnings,Persons,Full-time,With leave entitlements,Aug-88,0.0,0.0,0.0,0.0,0.0,0.0,0.0,0.0,0.0,0.0,0.0,0.0,0.0,0.0,0.0,0.0,0.0,0.0
Median hourly earnings,Persons,Full-time,With leave entitlements,Aug-89,11.1,0.0,10.8,0.0,10.5,0.0,10.8,0.0,11.1,0.0,10.6,0.0,12.4,0.0,13.5,0.0,10.9,0.0
Median hourly earnings,Persons,Full-time,With leave entitlements,Aug-90,0.0,0.0,0.0,0.0,0.0,0.0,0.0,0.0,0.0,0.0,0.0,0.0,0.0,0.0,0.0,0.0,0.0,0.0
Median hourly earnings,Persons,Full-time,With leave entitlements,Jul-91,0.0,0.0,0.0,0.0,0.0,0.0,0.0,0.0,0.0,0.0,0.0,0.0,0.0,0.0,0.0,0.0,0.0,0.0
Median hourly earnings,Persons,Full-time,With leave entitlements,Aug-92,12.8,1.3,12.5,0.8,12.1,0.8,12.3,0.8,13.1,1.3,12.4,0.8,13.5,2.0,15.4,1.8,12.5,0.6
Median hourly earnings,Persons,Full-time,With leave entitlements,Aug-93,13.5,0.5,13.5,0.6,12.5,0.6,13.2,1.0,13.5,0.7,12.5,1.5,14.5,3.5,16.6,2.3,13.5,0.6
Median hourly earnings,Persons,Full-time,With leave entitlements,Aug-94,14.0,1.2,14.2,0.6,13.1,1.0,13.2,0.7,13.9,1.3,13.2,1.9,15.0,3.3,16.8,2.0,13.8,0.7
Median hourly earnings,Persons,Full-time,With leave entitlements,Aug-95,14.6,0.9,14.2,0.7,13.5,1.0,13.9,1.3,14.2,1.6,13.5,1.4,14.2,2.7,17.4,2.8,14.2,0.1
Median hourly earnings,Persons,Full-time,With leave entitlements,Aug-96,0.0,0.0,0.0,0.0,0.0,0.0,0.0,0.0,0.0,0.0,0.0,0.0,0.0,0.0,0.0,0.0,0.0,0.0
Median hourly earnings,Persons,Full-time,With leave entitlements,Aug-97,15.9,1.0,15.2,1.1,15.0,1.0,15.1,1.7,15.7,1.5,14.6,1.4,16.2,4.8,19.3,1.8,15.6,0.7
Median hourly earnings,Persons,Full-time,With leave entitlements,Aug-98,16.7,1.3,15.8,1.2,15.3,1.3,15.3,1.6,15.8,1.8,15.0,2.2,16.7,2.9,20.0,2.1,16.0,0.7
Median hourly earnings,Persons,Full-time,With leave entitlements,Aug-99,17.5,0.9,16.3,1.1,15.8,1.1,16.2,1.4,17.1,0.9,15.4,1.9,17.4,2.8,20.0,2.6,16.8,0.5
Median hourly earnings,Persons,Full-time,With leave entitlements,Aug-00,17.8,1.1,18.0,1.3,16.9,1.4,16.8,1.5,17.2,1.0,16.3,1.9,19.2,3.9,22.3,2.3,17.5,0.6
Median hourly earnings,Persons,Full-time,With leave entitlements,Aug-01,18.8,1.0,18.2,1.2,17.3,0.6,17.7,0.9,17.8,1.2,16.8,1.4,18.8,2.2,21.4,1.9,18.3,0.5
Median hourly earnings,Persons,Full-time,With leave entitlements,Aug-02,19.8,1.0,18.8,1.0,18.2,1.5,18.4,1.0,19.2,1.4,17.3,3.0,20.2,2.7,22.8,1.9,19.1,0.5
Median hourly earnings,Persons,Full-time,With leave entitlements,Aug-03,20.3,1.0,19.7,1.0,18.7,1.1,19.1,1.4,19.6,1.5,18.3,2.2,19.6,3.1,23.8,1.9,19.7,0.5
Median hourly earnings,Persons,Full-time,With leave entitlements,Aug-04,21.4,1.3,20.6,1.3,19.2,1.3,19.7,1.4,20.0,1.1,19.2,1.7,21.6,3.4,25.0,3.0,20.4,0.8
Median hourly earnings,Persons,Full-time,With leave entitlements,Aug-05,22.2,1.5,21.6,0.9,20.1,0.9,20.7,1.4,21.3,1.3,19.7,2.0,22.2,2.6,25.8,1.8,21.3,0.6
Median hourly earnings,Persons,Full-time,With leave entitlements,Aug-06,23.0,1.0,22.4,0.6,21.1,1.0,21.4,1.4,22.0,1.1,20.9,2.5,22.5,3.0,27.1,1.4,22.4,0.3
Median hourly earnings,Persons,Full-time,With leave entitlements,Aug-07,24.2,1.4,23.3,1.1,22.4,0.7,22.8,1.0,23.7,1.5,20.7,2.0,25.0,2.9,31.2,1.6,23.6,0.5
Median hourly earnings,Persons,Full-time,With leave entitlements,Aug-08,25.3,0.9,24.3,1.4,24.0,1.8,22.7,1.9,25.6,1.3,22.3,1.7,25.1,3.4,31.3,2.0,25.0,0.5
Median hourly earnings,Persons,Full-time,With leave entitlements,Aug-09,26.3,1.7,25.0,0.4,25.0,1.2,25.0,1.6,26.5,1.7,24.8,1.9,27.8,3.9,32.4,2.8,25.7,1.0
Median hourly earnings,Persons,Full-time,With leave entitlements,Aug-10,27.5,1.2,26.3,0.8,26.3,1.3,25.0,1.5,29.5,1.1,24.8,2.2,27.8,3.2,32.6,1.8,26.8,0.7
Median hourly earnings,Persons,Full-time,With leave entitlements,Aug-11,28.9,1.2,27.5,1.4,27.5,1.5,26.3,1.0,30.0,1.8,25.0,0.8,29.8,3.1,32.9,1.8,28.0,0.9
Median hourly earnings,Persons,Full-time,With leave entitlements,Aug-12,29.8,0.9,28.0,1.2,28.6,1.2,27.5,1.3,31.7,1.0,26.5,1.6,30.8,2.3,35.5,2.5,29.1,0.5
Median hourly earnings,Persons,Full-time,With leave entitlements,Aug-13,30.0,1.6,28.4,1.2,28.8,1.5,28.5,1.6,31.6,1.7,26.6,1.3,33.6,3.0,37.5,3.3,29.6,0.9
Median hourly earnings,Persons,Full-time,With leave entitlements,Aug-14,32.9,1.6,31.6,1.0,30.3,1.5,29.6,1.0,35.3,1.9,27.9,2.2,36.4,3.0,40.0,2.2,31.9,0.7
Median hourly earnings,Persons,Full-time,With leave entitlements,Aug-15,32.9,1.4,31.6,1.4,30.3,0.9,31.1,1.6,34.2,1.6,28.3,3.0,32.0,1.4,39.5,1.3,32.0,0.7
Median hourly earnings,Persons,Full-time,With leave entitlements,Aug-16,33.7,1.2,32.7,1.1,31.3,0.9,32.0,1.7,35.1,2.0,30.8,2.5,35.0,2.7,39.6,2.9,32.9,0.6
Median hourly earnings,Persons,Full-time,With leave entitlements,Aug-17,34.7,1.2,33.7,1.7,32.9,1.5,31.3,1.5,37.1,1.4,31.7,3.0,35.0,2.5,40.5,2.4,34.1,0.7
Median hourly earnings,Persons,Full-time,With leave entitlements,Aug-18,36.9,1.1,34.7,1.3,33.8,1.8,32.9,2.2,37.5,2.1,31.6,1.8,35.8,2.5,42.1,2.4,35.4,0.7
Median hourly earnings,Persons,Full-time,With leave entitlements,Aug-19,37.5,1.5,36.3,1.4,35.0,1.0,34.0,2.0,39.5,1.3,36.2,1.9,36.5,2.0,42.8,3.1,36.8,0.8
Median hourly earnings,Persons,Full-time,With leave entitlements,Aug-20,39.9,0.8,40.0,1.5,37.3,2.2,35.7,1.7,43.2,1.4,36.8,3.1,38.6,2.4,47.3,2.8,39.5,0.5
Median hourly earnings,Persons,Full-time,With leave entitlements,Aug-21,42.0,1.6,40.3,1.4,38.8,1.6,38.7,1.6,41.3,1.5,35.6,2.1,42.1,2.7,49.9,2.2,40.5,0.7
Median hourly earnings,Persons,Full-time,With leave entitlements,Aug-22,42.6,1.3,42.1,1.3,41.5,1.8,38.3,1.4,43.6,2.0,37.8,2.6,44.0,2.8,50.9,1.6,42.1,0.5
Median hourly earnings,Persons,Full-time,With leave entitlements,Aug-23,46.0,1.4,45.0,1.5,42.5,1.6,42.8,1.4,44.1,3.0,41.6,2.0,43.8,2.5,49.2,3.1,44.7,0.7
Median hourly earnings,Persons,Full-time,With leave entitlements,Aug-24,45.0,1.2,46.4,1.4,44.4,1.8,40.4,1.9,46.6,1.9,38.4,2.4,46.1,2.2,52.6,2.3,45.0,0.8
Median hourly earnings,Persons,Full-time,Without leave entitlements,Aug-75,0.0,0.0,0.0,0.0,0.0,0.0,0.0,0.0,0.0,0.0,0.0,0.0,0.0,0.0,0.0,0.0,0.0,0.0
Median hourly earnings,Persons,Full-time,Without leave entitlements,Aug-76,0.0,0.0,0.0,0.0,0.0,0.0,0.0,0.0,0.0,0.0,0.0,0.0,0.0,0.0,0.0,0.0,0.0,0.0
Median hourly earnings,Persons,Full-time,Without leave entitlements,Aug-77,0.0,0.0,0.0,0.0,0.0,0.0,0.0,0.0,0.0,0.0,0.0,0.0,0.0,0.0,0.0,0.0,0.0,0.0
Median hourly earnings,Persons,Full-time,Without leave entitlements,Aug-78,0.0,0.0,0.0,0.0,0.0,0.0,0.0,0.0,0.0,0.0,0.0,0.0,0.0,0.0,0.0,0.0,0.0,0.0
Median hourly earnings,Persons,Full-time,Without leave entitlements,Aug-79,0.0,0.0,0.0,0.0,0.0,0.0,0.0,0.0,0.0,0.0,0.0,0.0,0.0,0.0,0.0,0.0,0.0,0.0
Median hourly earnings,Persons,Full-time,Without leave entitlements,Aug-80,0.0,0.0,0.0,0.0,0.0,0.0,0.0,0.0,0.0,0.0,0.0,0.0,0.0,0.0,0.0,0.0,0.0,0.0
Median hourly earnings,Persons,Full-time,Without leave entitlements,Aug-81,0.0,0.0,0.0,0.0,0.0,0.0,0.0,0.0,0.0,0.0,0.0,0.0,0.0,0.0,0.0,0.0,0.0,0.0
Median hourly earnings,Persons,Full-time,Without leave entitlements,Aug-82,0.0,0.0,0.0,0.0,0.0,0.0,0.0,0.0,0.0,0.0,0.0,0.0,0.0,0.0,0.0,0.0,0.0,0.0
Median hourly earnings,Persons,Full-time,Without leave entitlements,Aug-83,0.0,0.0,0.0,0.0,0.0,0.0,0.0,0.0,0.0,0.0,0.0,0.0,0.0,0.0,0.0,0.0,0.0,0.0
Median hourly earnings,Persons,Full-time,Without leave entitlements,Aug-84,0.0,0.0,0.0,0.0,0.0,0.0,0.0,0.0,0.0,0.0,0.0,0.0,0.0,0.0,0.0,0.0,0.0,0.0
Median hourly earnings,Persons,Full-time,Without leave entitlements,Aug-85,0.0,0.0,0.0,0.0,0.0,0.0,0.0,0.0,0.0,0.0,0.0,0.0,0.0,0.0,0.0,0.0,0.0,0.0
Median hourly earnings,Persons,Full-time,Without leave entitlements,Aug-86,0.0,0.0,0.0,0.0,0.0,0.0,0.0,0.0,0.0,0.0,0.0,0.0,0.0,0.0,0.0,0.0,0.0,0.0
Median hourly earnings,Persons,Full-time,Without leave entitlements,Aug-87,0.0,0.0,0.0,0.0,0.0,0.0,0.0,0.0,0.0,0.0,0.0,0.0,0.0,0.0,0.0,0.0,0.0,0.0
Median hourly earnings,Persons,Full-time,Without leave entitlements,Aug-88,0.0,0.0,0.0,0.0,0.0,0.0,0.0,0.0,0.0,0.0,0.0,0.0,0.0,0.0,0.0,0.0,0.0,0.0
Median hourly earnings,Persons,Full-time,Without leave entitlements,Aug-89,10.0,0.0,9.7,0.0,9.5,0.0,9.5,0.0,10.5,0.0,10.2,0.0,10.7,0.0,9.9,0.0,9.8,0.0
Median hourly earnings,Persons,Full-time,Without leave entitlements,Aug-90,0.0,0.0,0.0,0.0,0.0,0.0,0.0,0.0,0.0,0.0,0.0,0.0,0.0,0.0,0.0,0.0,0.0,0.0
Median hourly earnings,Persons,Full-time,Without leave entitlements,Jul-91,0.0,0.0,0.0,0.0,0.0,0.0,0.0,0.0,0.0,0.0,0.0,0.0,0.0,0.0,0.0,0.0,0.0,0.0
Median hourly earnings,Persons,Full-time,Without leave entitlements,Aug-92,11.0,2.0,11.1,4.0,10.5,2.1,11.1,2.0,11.1,3.9,10.6,5.0,11.1,7.9,11.3,8.8,10.9,1.3
Median hourly earnings,Persons,Full-time,Without leave entitlements,Aug-93,12.5,2.1,11.7,3.6,11.1,1.9,11.1,4.2,12.1,4.2,10.6,3.2,12.5,5.0,13.1,4.5,11.9,1.5
Median hourly earnings,Persons,Full-time,Without leave entitlements,Aug-94,12.0,3.0,12.3,2.9,11.6,2.1,11.2,2.6,13.2,2.9,11.9,4.1,13.2,4.3,12.0,3.2,12.0,1.1
Median hourly earnings,Persons,Full-time,Without leave entitlements,Aug-95,12.1,2.5,12.8,3.6,12.0,2.1,12.1,2.1,12.5,4.4,11.4,3.4,11.5,5.4,12.8,9.9,12.1,1.1
Median hourly earnings,Persons,Full-time,Without leave entitlements,Aug-96,0.0,0.0,0.0,0.0,0.0,0.0,0.0,0.0,0.0,0.0,0.0,0.0,0.0,0.0,0.0,0.0,0.0,0.0
Median hourly earnings,Persons,Full-time,Without leave entitlements,Aug-97,13.2,2.1,13.9,3.9,13.0,2.5,13.0,1.8,13.3,3.7,13.7,3.7,13.8,6.2,14.5,9.6,13.3,1.0
Median hourly earnings,Persons,Full-time,Without leave entitlements,Aug-98,14.2,2.7,13.3,2.8,13.2,1.7,13.2,0.9,14.0,2.7,13.0,2.9,14.8,7.9,14.8,4.7,13.6,1.3
Median hourly earnings,Persons,Full-time,Without leave entitlements,Aug-99,15.3,1.3,14.3,2.5,13.8,2.6,13.8,2.4,14.4,2.1,14.0,4.1,14.3,7.0,14.3,6.0,14.4,1.1
Median hourly earnings,Persons,Full-time,Without leave entitlements,Aug-00,15.0,1.6,14.6,1.3,14.2,2.6,15.0,2.7,15.3,3.4,14.4,3.1,15.4,12.5,18.0,5.4,15.0,0.7
Median hourly earnings,Persons,Full-time,Without leave entitlements,Aug-01,15.5,1.9,15.4,2.0,14.3,1.8,15.0,1.9,15.4,2.4,14.8,4.6,14.5,7.1,20.0,5.4,15.1,0.6
Median hourly earnings,Persons,Full-time,Without leave entitlements,Aug-02,16.2,2.0,16.3,1.8,15.2,1.2,15.2,2.7,15.7,1.8,15.0,2.9,17.8,6.4,19.0,3.9,15.8,0.8
Median hourly earnings,Persons,Full-time,Without leave entitlements,Aug-03,16.7,2.6,15.8,3.2,16.0,1.8,16.1,2.1,17.0,5.1,16.7,4.9,17.5,7.7,21.8,10.9,16.3,1.1
Median hourly earnings,Persons,Full-time,Without leave entitlements,Aug-04,17.8,2.5,17.9,2.7,16.5,1.3,17.4,2.4,17.0,2.1,15.9,4.7,18.9,8.1,18.0,8.2,17.2,0.8
Median hourly earnings,Persons,Full-time,Without leave entitlements,Aug-05,17.1,2.2,17.8,2.1,17.7,2.1,17.6,2.4,18.0,2.9,17.9,5.0,17.5,5.9,19.1,5.5,17.5,1.0
Median hourly earnings,Persons,Full-time,Without leave entitlements,Aug-06,19.2,2.1,18.7,3.4,18.7,2.1,18.1,3.2,19.4,1.6,18.4,4.7,18.2,3.8,23.8,12.4,18.9,1.0
Median hourly earnings,Persons,Full-time,Without leave entitlements,Aug-07,20.0,1.4,19.7,1.9,19.7,1.4,18.9,2.7,22.2,2.5,18.8,3.0,20.1,4.0,26.7,9.0,20.0,0.5
Median hourly earnings,Persons,Full-time,Without leave entitlements,Aug-08,21.1,2.7,20.0,3.3,20.8,2.8,19.3,3.0,23.0,5.2,19.8,4.8,22.2,7.1,23.5,9.4,20.6,1.5
Median hourly earnings,Persons,Full-time,Without leave entitlements,Aug-09,20.0,2.5,20.9,2.7,21.5,1.6,20.5,2.7,22.3,5.0,21.5,3.4,21.6,8.7,35.2,18.8,21.1,1.9
Median hourly earnings,Persons,Full-time,Without leave entitlements,Aug-10,22.0,1.8,22.5,3.2,22.0,2.3,21.5,1.9,23.4,3.7,21.1,3.0,21.9,6.1,24.3,11.1,22.2,1.3
Median hourly earnings,Persons,Full-time,Without leave entitlements,Aug-11,22.5,2.8,21.8,1.7,22.6,1.8,22.4,3.4,25.0,5.3,23.3,4.1,21.3,14.0,23.9,10.4,22.5,1.0
Median hourly earnings,Persons,Full-time,Without leave entitlements,Aug-12,23.0,2.9,22.7,3.5,23.0,2.3,23.9,2.8,27.3,3.2,25.0,5.4,23.2,7.3,30.0,23.9,23.7,1.5
Median hourly earnings,Persons,Full-time,Without leave entitlements,Aug-13,23.5,2.7,23.3,3.3,24.1,2.6,23.7,2.2,28.6,3.3,24.4,4.3,24.0,4.0,26.5,3.4,24.1,1.6
Median hourly earnings,Persons,Full-time,Without leave entitlements,Aug-14,25.0,2.5,23.6,2.3,25.0,1.7,25.0,2.6,31.0,3.1,25.2,2.7,27.7,6.0,30.4,10.0,25.0,0.6
Median hourly earnings,Persons,Full-time,Without leave entitlements,Aug-15,25.0,2.8,24.7,2.1,25.0,1.3,25.7,2.4,27.0,4.7,24.0,4.5,26.2,6.0,28.0,17.9,25.0,0.5
Median hourly earnings,Persons,Full-time,Without leave entitlements,Aug-16,26.0,2.4,25.0,2.3,26.3,2.1,25.0,4.1,26.3,3.0,25.5,4.4,26.4,4.9,39.5,12.0,26.0,1.3
Median hourly earnings,Persons,Full-time,Without leave entitlements,Aug-17,26.0,1.9,26.3,2.6,26.3,2.1,24.3,2.9,28.0,3.5,25.5,2.8,26.8,3.8,33.3,8.9,26.3,0.8
Median hourly earnings,Persons,Full-time,Without leave entitlements,Aug-18,27.9,3.0,27.5,3.7,28.1,2.3,27.6,2.6,33.3,4.6,27.8,6.0,28.6,7.3,38.9,19.6,28.6,1.5
Median hourly earnings,Persons,Full-time,Without leave entitlements,Aug-19,27.5,4.0,27.5,2.7,28.8,2.7,28.7,3.2,30.0,3.4,27.3,5.6,27.5,9.4,35.2,20.0,28.6,1.5
Median hourly earnings,Persons,Full-time,Without leave entitlements,Aug-20,30.0,1.8,30.0,4.8,28.8,3.4,28.9,3.2,32.3,4.1,26.4,3.5,31.3,11.0,44.1,8.1,30.0,1.3
Median hourly earnings,Persons,Full-time,Without leave entitlements,Aug-21,31.8,2.7,32.3,2.6,29.7,2.5,30.0,2.3,36.6,4.1,28.9,5.9,32.0,3.4,54.7,13.5,31.3,1.9
Median hourly earnings,Persons,Full-time,Without leave entitlements,Aug-22,30.0,2.5,30.0,1.8,32.3,2.6,31.6,2.0,34.6,1.7,30.0,3.0,33.2,7.2,45.5,9.5,31.3,1.8
Median hourly earnings,Persons,Full-time,Without leave entitlements,Aug-23,34.9,3.9,35.1,4.3,35.3,4.4,30.8,3.2,37.5,4.9,32.5,3.2,38.9,7.4,55.0,11.1,34.6,2.0
Median hourly earnings,Persons,Full-time,Without leave entitlements,Aug-24,34.2,2.3,39.7,4.1,35.0,3.1,35.7,2.8,41.7,4.6,32.4,7.4,36.0,7.0,54.5,15.4,35.8,1.2
Median hourly earnings,Persons,Full-time,Total,Aug-75,0.0,0.0,0.0,0.0,0.0,0.0,0.0,0.0,0.0,0.0,0.0,0.0,0.0,0.0,0.0,0.0,0.0,0.0
Median hourly earnings,Persons,Full-time,Total,Aug-76,0.0,0.0,0.0,0.0,0.0,0.0,0.0,0.0,0.0,0.0,0.0,0.0,0.0,0.0,0.0,0.0,0.0,0.0
Median hourly earnings,Persons,Full-time,Total,Aug-77,0.0,0.0,0.0,0.0,0.0,0.0,0.0,0.0,0.0,0.0,0.0,0.0,0.0,0.0,0.0,0.0,0.0,0.0
Median hourly earnings,Persons,Full-time,Total,Aug-78,0.0,0.0,0.0,0.0,0.0,0.0,0.0,0.0,0.0,0.0,0.0,0.0,0.0,0.0,0.0,0.0,0.0,0.0
Median hourly earnings,Persons,Full-time,Total,Aug-79,0.0,0.0,0.0,0.0,0.0,0.0,0.0,0.0,0.0,0.0,0.0,0.0,0.0,0.0,0.0,0.0,0.0,0.0
Median hourly earnings,Persons,Full-time,Total,Aug-80,0.0,0.0,0.0,0.0,0.0,0.0,0.0,0.0,0.0,0.0,0.0,0.0,0.0,0.0,0.0,0.0,0.0,0.0
Median hourly earnings,Persons,Full-time,Total,Aug-81,0.0,0.0,0.0,0.0,0.0,0.0,0.0,0.0,0.0,0.0,0.0,0.0,0.0,0.0,0.0,0.0,0.0,0.0
Median hourly earnings,Persons,Full-time,Total,Aug-82,0.0,0.0,0.0,0.0,0.0,0.0,0.0,0.0,0.0,0.0,0.0,0.0,0.0,0.0,0.0,0.0,0.0,0.0
Median hourly earnings,Persons,Full-time,Total,Aug-83,0.0,0.0,0.0,0.0,0.0,0.0,0.0,0.0,0.0,0.0,0.0,0.0,0.0,0.0,0.0,0.0,0.0,0.0
Median hourly earnings,Persons,Full-time,Total,Aug-84,0.0,0.0,0.0,0.0,0.0,0.0,0.0,0.0,0.0,0.0,0.0,0.0,0.0,0.0,0.0,0.0,0.0,0.0
Median hourly earnings,Persons,Full-time,Total,Aug-85,0.0,0.0,0.0,0.0,0.0,0.0,0.0,0.0,0.0,0.0,0.0,0.0,0.0,0.0,0.0,0.0,0.0,0.0
Median hourly earnings,Persons,Full-time,Total,Aug-86,0.0,0.0,0.0,0.0,0.0,0.0,0.0,0.0,0.0,0.0,0.0,0.0,0.0,0.0,0.0,0.0,0.0,0.0
Median hourly earnings,Persons,Full-time,Total,Aug-87,0.0,0.0,0.0,0.0,0.0,0.0,0.0,0.0,0.0,0.0,0.0,0.0,0.0,0.0,0.0,0.0,0.0,0.0
Median hourly earnings,Persons,Full-time,Total,Aug-88,0.0,0.0,0.0,0.0,0.0,0.0,0.0,0.0,0.0,0.0,0.0,0.0,0.0,0.0,0.0,0.0,0.0,0.0
Median hourly earnings,Persons,Full-time,Total,Aug-89,11.1,0.0,10.8,0.0,10.4,0.0,10.6,0.0,11.1,0.0,10.6,0.0,12.2,0.0,13.5,0.0,10.8,0.0
Median hourly earnings,Persons,Full-time,Total,Aug-90,0.0,0.0,0.0,0.0,0.0,0.0,0.0,0.0,0.0,0.0,0.0,0.0,0.0,0.0,0.0,0.0,0.0,0.0
Median hourly earnings,Persons,Full-time,Total,Jul-91,0.0,0.0,0.0,0.0,0.0,0.0,0.0,0.0,0.0,0.0,0.0,0.0,0.0,0.0,0.0,0.0,0.0,0.0
Median hourly earnings,Persons,Full-time,Total,Aug-92,12.5,0.9,12.5,0.3,12.1,0.9,12.1,0.7,12.8,1.3,12.1,0.8,13.5,2.4,15.0,1.9,12.5,0.0
Median hourly earnings,Persons,Full-time,Total,Aug-93,13.5,0.0,13.2,0.7,12.5,0.4,13.2,0.9,13.2,0.7,12.5,1.4,14.2,3.2,16.5,1.7,13.2,0.1
Median hourly earnings,Persons,Full-time,Total,Aug-94,13.8,1.2,14.0,1.3,12.8,1.3,13.2,0.1,13.8,1.3,12.9,1.3,14.6,3.5,16.5,1.7,13.5,0.0
Median hourly earnings,Persons,Full-time,Total,Aug-95,14.5,0.7,14.2,0.8,13.4,0.6,13.5,1.4,14.0,1.3,13.5,0.8,13.5,2.5,17.1,2.0,14.2,0.4
Median hourly earnings,Persons,Full-time,Total,Aug-96,0.0,0.0,0.0,0.0,0.0,0.0,0.0,0.0,0.0,0.0,0.0,0.0,0.0,0.0,0.0,0.0,0.0,0.0
Median hourly earnings,Persons,Full-time,Total,Aug-97,15.7,1.0,15.1,0.9,14.7,0.9,14.7,1.5,15.3,1.3,14.5,1.5,16.0,3.8,19.1,2.1,15.2,0.5
Median hourly earnings,Persons,Full-time,Total,Aug-98,16.3,1.1,15.7,1.2,15.0,0.9,14.9,1.4,15.6,2.0,14.6,2.0,16.3,2.9,19.9,2.5,15.8,0.4
Median hourly earnings,Persons,Full-time,Total,Aug-99,17.2,0.7,16.2,1.1,15.4,1.3,15.8,1.1,16.7,1.0,15.1,1.7,17.2,2.5,19.9,2.0,16.4,0.6
Median hourly earnings,Persons,Full-time,Total,Aug-00,17.5,1.0,17.5,1.0,16.3,1.2,16.5,1.4,17.1,0.8,16.2,1.4,19.0,3.2,21.8,2.6,17.1,0.6
Median hourly earnings,Persons,Full-time,Total,Aug-01,18.5,0.8,17.8,1.1,16.8,0.5,17.3,0.6,17.5,1.0,16.7,1.4,18.8,1.7,21.2,1.9,17.8,0.6
Median hourly earnings,Persons,Full-time,Total,Aug-02,19.4,1.4,18.7,0.7,17.6,1.5,17.9,1.3,18.8,1.2,17.0,2.5,20.0,2.9,22.8,1.8,18.7,0.3
Median hourly earnings,Persons,Full-time,Total,Aug-03,20.0,0.6,19.2,1.3,18.1,1.0,18.7,1.2,19.2,1.5,18.1,2.1,19.0,2.1,23.7,1.6,19.2,0.5
Median hourly earnings,Persons,Full-time,Total,Aug-04,21.0,1.4,20.2,0.9,18.7,1.0,19.2,1.3,19.7,1.2,18.8,1.8,21.1,2.9,25.0,2.5,20.0,0.2
Median hourly earnings,Persons,Full-time,Total,Aug-05,21.6,1.5,21.2,0.7,20.0,0.6,20.0,1.0,20.9,1.4,19.6,1.6,20.8,2.9,25.1,1.8,21.0,0.5
Median hourly earnings,Persons,Full-time,Total,Aug-06,22.6,0.7,21.9,1.0,20.7,1.0,21.1,1.4,21.7,1.4,20.2,2.4,21.6,2.6,27.0,1.5,21.8,0.5
Median hourly earnings,Persons,Full-time,Total,Aug-07,23.7,1.2,22.8,1.2,22.1,0.9,22.2,1.0,23.6,1.4,20.3,1.4,24.1,3.8,30.7,1.5,22.9,0.5
Median hourly earnings,Persons,Full-time,Total,Aug-08,25.0,0.6,23.8,1.3,23.7,1.1,22.4,1.6,25.3,1.2,21.9,1.9,25.0,3.0,30.7,2.1,24.3,0.7
Median hourly earnings,Persons,Full-time,Total,Aug-09,25.7,1.3,25.0,0.7,24.9,1.2,24.4,1.4,26.3,1.7,23.8,2.5,27.4,4.4,32.5,2.5,25.0,0.3
Median hourly earnings,Persons,Full-time,Total,Aug-10,26.6,1.2,25.7,1.3,25.0,0.8,24.8,1.0,29.0,1.9,24.0,1.8,26.8,3.8,32.2,1.3,26.3,0.2
Median hourly earnings,Persons,Full-time,Total,Aug-11,27.9,1.3,26.3,0.9,26.6,1.1,25.7,1.3,29.8,1.4,25.0,0.8,27.6,3.4,32.9,1.8,27.4,0.7
Median hourly earnings,Persons,Full-time,Total,Aug-12,29.0,1.1,27.5,0.9,27.6,1.3,27.0,1.2,31.3,1.3,26.4,1.7,30.0,2.3,35.5,2.4,28.6,0.5
Median hourly earnings,Persons,Full-time,Total,Aug-13,29.2,1.3,27.7,1.1,27.8,1.2,27.6,1.1,31.3,1.8,26.3,1.0,32.3,3.2,37.4,3.5,28.9,0.4
Median hourly earnings,Persons,Full-time,Total,Aug-14,31.6,1.4,30.5,1.0,30.0,1.4,28.8,1.2,34.8,1.8,27.5,1.9,35.0,3.4,39.2,2.1,31.3,0.6
Median hourly earnings,Persons,Full-time,Total,Aug-15,32.0,1.3,30.9,1.3,30.0,0.9,30.0,2.0,33.7,1.4,27.6,2.7,31.3,1.4,39.5,1.4,31.3,0.4
Median hourly earnings,Persons,Full-time,Total,Aug-16,32.5,1.2,31.9,1.0,30.2,0.6,31.3,1.6,33.8,1.7,29.7,2.8,33.8,2.5,39.7,2.9,31.9,0.4
Median hourly earnings,Persons,Full-time,Total,Aug-17,33.4,1.3,32.7,1.3,31.6,1.6,30.0,1.6,35.9,1.5,30.6,2.1,34.2,2.6,40.5,2.5,32.9,0.6
Median hourly earnings,Persons,Full-time,Total,Aug-18,35.5,1.3,33.8,1.4,32.7,1.4,32.0,2.0,37.0,1.9,31.3,2.0,35.0,2.5,42.1,2.6,34.4,0.7
Median hourly earnings,Persons,Full-time,Total,Aug-19,36.7,1.4,35.2,1.3,33.8,1.7,33.3,1.9,38.1,1.3,35.1,2.6,35.5,2.3,42.1,2.8,35.7,0.8
Median hourly earnings,Persons,Full-time,Total,Aug-20,38.7,1.2,39.5,1.3,35.7,2.2,34.5,1.5,42.1,1.9,35.7,3.2,38.3,2.8,47.1,2.1,38.5,0.8
Median hourly earnings,Persons,Full-time,Total,Aug-21,40.7,1.3,39.5,0.8,37.0,1.7,37.5,2.0,40.5,1.5,35.2,2.3,40.7,2.3,50.0,2.4,39.5,0.4
Median hourly earnings,Persons,Full-time,Total,Aug-22,40.9,1.3,40.8,1.0,39.6,1.0,36.9,1.5,42.1,2.0,36.8,2.0,42.4,2.7,50.4,1.9,40.5,0.5
Median hourly earnings,Persons,Full-time,Total,Aug-23,45.0,1.3,44.6,1.2,41.5,1.8,40.5,1.4,43.4,2.5,40.6,2.2,43.3,2.5,49.9,3.1,43.7,0.7
Median hourly earnings,Persons,Full-time,Total,Aug-24,44.0,1.1,45.7,1.6,42.8,1.7,39.5,2.1,45.3,1.4,37.8,1.9,45.4,2.2,52.6,2.5,44.1,0.7
Median hourly earnings,Persons,Part-time,With leave entitlements,Aug-75,0.0,0.0,0.0,0.0,0.0,0.0,0.0,0.0,0.0,0.0,0.0,0.0,0.0,0.0,0.0,0.0,0.0,0.0
Median hourly earnings,Persons,Part-time,With leave entitlements,Aug-76,0.0,0.0,0.0,0.0,0.0,0.0,0.0,0.0,0.0,0.0,0.0,0.0,0.0,0.0,0.0,0.0,0.0,0.0
Median hourly earnings,Persons,Part-time,With leave entitlements,Aug-77,0.0,0.0,0.0,0.0,0.0,0.0,0.0,0.0,0.0,0.0,0.0,0.0,0.0,0.0,0.0,0.0,0.0,0.0
Median hourly earnings,Persons,Part-time,With leave entitlements,Aug-78,0.0,0.0,0.0,0.0,0.0,0.0,0.0,0.0,0.0,0.0,0.0,0.0,0.0,0.0,0.0,0.0,0.0,0.0
Median hourly earnings,Persons,Part-time,With leave entitlements,Aug-79,0.0,0.0,0.0,0.0,0.0,0.0,0.0,0.0,0.0,0.0,0.0,0.0,0.0,0.0,0.0,0.0,0.0,0.0
Median hourly earnings,Persons,Part-time,With leave entitlements,Aug-80,0.0,0.0,0.0,0.0,0.0,0.0,0.0,0.0,0.0,0.0,0.0,0.0,0.0,0.0,0.0,0.0,0.0,0.0
Median hourly earnings,Persons,Part-time,With leave entitlements,Aug-81,0.0,0.0,0.0,0.0,0.0,0.0,0.0,0.0,0.0,0.0,0.0,0.0,0.0,0.0,0.0,0.0,0.0,0.0
Median hourly earnings,Persons,Part-time,With leave entitlements,Aug-82,0.0,0.0,0.0,0.0,0.0,0.0,0.0,0.0,0.0,0.0,0.0,0.0,0.0,0.0,0.0,0.0,0.0,0.0
Median hourly earnings,Persons,Part-time,With leave entitlements,Aug-83,0.0,0.0,0.0,0.0,0.0,0.0,0.0,0.0,0.0,0.0,0.0,0.0,0.0,0.0,0.0,0.0,0.0,0.0
Median hourly earnings,Persons,Part-time,With leave entitlements,Aug-84,0.0,0.0,0.0,0.0,0.0,0.0,0.0,0.0,0.0,0.0,0.0,0.0,0.0,0.0,0.0,0.0,0.0,0.0
Median hourly earnings,Persons,Part-time,With leave entitlements,Aug-85,0.0,0.0,0.0,0.0,0.0,0.0,0.0,0.0,0.0,0.0,0.0,0.0,0.0,0.0,0.0,0.0,0.0,0.0
Median hourly earnings,Persons,Part-time,With leave entitlements,Aug-86,0.0,0.0,0.0,0.0,0.0,0.0,0.0,0.0,0.0,0.0,0.0,0.0,0.0,0.0,0.0,0.0,0.0,0.0
Median hourly earnings,Persons,Part-time,With leave entitlements,Aug-87,0.0,0.0,0.0,0.0,0.0,0.0,0.0,0.0,0.0,0.0,0.0,0.0,0.0,0.0,0.0,0.0,0.0,0.0
Median hourly earnings,Persons,Part-time,With leave entitlements,Aug-88,0.0,0.0,0.0,0.0,0.0,0.0,0.0,0.0,0.0,0.0,0.0,0.0,0.0,0.0,0.0,0.0,0.0,0.0
Median hourly earnings,Persons,Part-time,With leave entitlements,Aug-89,11.0,0.0,10.0,0.0,10.0,0.0,11.3,0.0,10.0,0.0,10.0,0.0,13.4,0.0,10.4,0.0,10.4,0.0
Median hourly earnings,Persons,Part-time,With leave entitlements,Aug-90,0.0,0.0,0.0,0.0,0.0,0.0,0.0,0.0,0.0,0.0,0.0,0.0,0.0,0.0,0.0,0.0,0.0,0.0
Median hourly earnings,Persons,Part-time,With leave entitlements,Jul-91,0.0,0.0,0.0,0.0,0.0,0.0,0.0,0.0,0.0,0.0,0.0,0.0,0.0,0.0,0.0,0.0,0.0,0.0
Median hourly earnings,Persons,Part-time,With leave entitlements,Aug-92,12.5,2.3,12.4,1.5,11.6,3.0,11.9,2.5,11.0,1.2,11.3,4.0,12.0,8.7,12.5,5.6,12.0,0.7
Median hourly earnings,Persons,Part-time,With leave entitlements,Aug-93,13.0,3.7,13.0,2.1,11.7,2.6,13.0,3.2,11.7,1.9,12.8,4.4,14.1,8.9,14.0,3.9,12.6,1.3
Median hourly earnings,Persons,Part-time,With leave entitlements,Aug-94,13.0,2.6,13.1,1.7,12.1,2.4,13.0,3.0,12.0,1.5,12.7,4.6,15.3,17.1,14.5,5.9,12.9,1.1
Median hourly earnings,Persons,Part-time,With leave entitlements,Aug-95,13.0,2.5,13.0,2.5,12.0,1.4,13.6,2.7,12.2,2.7,13.6,3.9,14.0,10.6,14.6,5.8,13.0,0.8
Median hourly earnings,Persons,Part-time,With leave entitlements,Aug-96,0.0,0.0,0.0,0.0,0.0,0.0,0.0,0.0,0.0,0.0,0.0,0.0,0.0,0.0,0.0,0.0,0.0,0.0
Median hourly earnings,Persons,Part-time,With leave entitlements,Aug-97,14.5,2.0,13.5,2.1,13.3,3.2,13.9,2.6,13.3,2.9,13.3,3.8,13.9,8.0,16.1,4.4,13.9,1.3
Median hourly earnings,Persons,Part-time,With leave entitlements,Aug-98,15.0,2.5,14.3,2.3,13.4,2.0,14.4,2.0,13.4,2.1,14.4,5.6,17.0,10.0,15.6,3.2,14.3,1.0
Median hourly earnings,Persons,Part-time,With leave entitlements,Aug-99,15.9,2.1,14.4,1.6,14.0,1.4,14.6,1.7,13.6,2.4,15.0,3.7,14.5,8.1,16.3,4.2,14.7,1.0
Median hourly earnings,Persons,Part-time,With leave entitlements,Aug-00,16.2,1.3,15.3,2.2,14.8,2.5,15.2,3.4,14.6,1.7,15.0,3.1,17.6,21.2,18.6,5.9,15.5,1.1
Median hourly earnings,Persons,Part-time,With leave entitlements,Aug-01,16.2,1.2,16.0,1.8,15.2,1.6,16.3,3.1,15.1,2.4,16.3,3.9,16.1,11.0,19.3,5.7,15.9,0.8
Median hourly earnings,Persons,Part-time,With leave entitlements,Aug-02,17.3,2.0,16.7,2.0,16.0,1.9,16.6,2.6,15.5,1.8,16.1,4.1,16.5,12.5,20.6,2.7,16.7,1.1
Median hourly earnings,Persons,Part-time,With leave entitlements,Aug-03,17.1,2.6,16.7,2.4,16.1,1.9,16.5,2.1,16.3,1.4,16.6,2.6,16.0,10.2,20.0,5.3,16.7,1.2
Median hourly earnings,Persons,Part-time,With leave entitlements,Aug-04,18.8,2.7,18.3,1.3,17.5,2.0,18.3,2.3,16.9,1.8,18.8,3.5,19.3,13.6,22.4,5.3,18.2,0.8
Median hourly earnings,Persons,Part-time,With leave entitlements,Aug-05,19.2,2.2,19.2,2.2,18.3,2.5,18.6,2.0,18.3,2.1,19.2,3.4,18.7,4.6,22.6,5.0,19.0,1.0
Median hourly earnings,Persons,Part-time,With leave entitlements,Aug-06,20.7,2.1,19.2,1.7,18.5,2.6,18.8,2.5,19.1,1.7,18.4,3.2,22.7,9.7,22.8,4.3,19.6,1.1
Median hourly earnings,Persons,Part-time,With leave entitlements,Aug-07,20.0,1.6,20.0,0.5,20.0,1.7,20.0,1.6,19.9,1.4,20.3,3.6,22.9,10.2,25.0,5.5,20.0,0.3
Median hourly earnings,Persons,Part-time,With leave entitlements,Aug-08,21.8,2.6,20.8,1.6,21.0,2.3,21.7,2.7,21.2,3.0,21.3,4.1,20.6,10.6,25.0,7.2,21.4,1.1
Median hourly earnings,Persons,Part-time,With leave entitlements,Aug-09,22.9,2.6,21.6,2.9,21.8,3.4,22.4,4.2,21.7,2.8,22.3,2.9,25.5,10.0,26.8,9.8,22.2,1.3
Median hourly earnings,Persons,Part-time,With leave entitlements,Aug-10,23.8,2.2,22.7,1.6,22.9,2.0,23.0,2.2,25.0,3.0,22.0,4.6,26.6,4.0,27.4,7.5,23.3,1.0
Median hourly earnings,Persons,Part-time,With leave entitlements,Aug-11,23.9,1.9,24.0,2.0,23.8,1.9,25.0,1.9,23.3,2.5,23.4,3.0,25.2,7.0,31.2,4.3,24.0,1.0
Median hourly earnings,Persons,Part-time,With leave entitlements,Aug-12,25.0,2.4,24.2,1.7,25.0,1.5,25.0,1.6,25.0,0.8,24.2,3.3,26.2,5.5,31.3,6.2,25.0,0.5
Median hourly earnings,Persons,Part-time,With leave entitlements,Aug-13,26.0,1.6,24.0,1.7,25.0,2.2,25.8,1.4,24.6,1.8,24.1,2.0,30.0,4.9,31.5,6.6,25.0,0.4
Median hourly earnings,Persons,Part-time,With leave entitlements,Aug-14,27.1,2.6,26.6,1.6,27.1,3.4,25.0,2.0,27.1,4.2,25.2,2.4,29.8,6.3,40.2,6.0,26.8,1.0
Median hourly earnings,Persons,Part-time,With leave entitlements,Aug-15,27.2,3.2,28.1,1.7,27.9,2.3,28.3,2.2,29.3,3.0,26.0,2.2,30.3,10.5,30.9,8.9,28.0,1.0
Median hourly earnings,Persons,Part-time,With leave entitlements,Aug-16,28.7,1.8,27.5,1.3,28.1,2.2,27.3,3.4,29.6,3.4,26.7,2.9,30.0,7.5,36.0,2.6,28.1,1.0
Median hourly earnings,Persons,Part-time,With leave entitlements,Aug-17,28.3,2.2,29.0,1.7,28.1,2.2,28.9,2.0,30.8,3.0,28.2,1.9,32.4,6.5,37.7,3.8,29.0,1.1
Median hourly earnings,Persons,Part-time,With leave entitlements,Aug-18,29.3,1.6,30.4,1.4,28.3,2.7,29.2,1.7,30.0,2.0,28.4,2.7,30.9,6.6,40.5,7.3,29.9,0.7
Median hourly earnings,Persons,Part-time,With leave entitlements,Aug-19,32.0,1.6,31.4,2.5,30.4,1.6,30.1,1.6,31.2,2.4,31.5,3.4,34.8,5.8,40.9,4.9,31.4,1.1
Median hourly earnings,Persons,Part-time,With leave entitlements,Aug-20,34.6,2.0,35.5,2.7,36.5,2.9,33.5,2.7,35.7,3.3,33.3,2.9,35.2,5.2,36.4,5.3,35.0,1.2
Median hourly earnings,Persons,Part-time,With leave entitlements,Aug-21,33.7,2.5,34.0,3.0,31.6,3.3,33.1,2.3,33.5,2.2,32.2,1.8,37.2,8.5,39.8,3.8,33.3,1.2
Median hourly earnings,Persons,Part-time,With leave entitlements,Aug-22,33.4,2.8,36.0,3.0,34.0,2.8,35.0,3.1,35.0,2.3,33.3,2.8,35.0,6.0,39.9,7.7,34.6,1.4
Median hourly earnings,Persons,Part-time,With leave entitlements,Aug-23,37.5,2.5,36.0,1.9,39.5,3.1,36.0,2.3,37.5,2.2,36.4,3.0,42.7,3.3,39.8,6.0,37.3,1.3
Median hourly earnings,Persons,Part-time,With leave entitlements,Aug-24,37.0,2.2,37.5,1.3,35.0,2.4,34.1,2.3,38.3,3.5,36.0,2.6,37.6,7.5,42.1,6.1,36.8,1.0
Median hourly earnings,Persons,Part-time,Without leave entitlements,Aug-75,0.0,0.0,0.0,0.0,0.0,0.0,0.0,0.0,0.0,0.0,0.0,0.0,0.0,0.0,0.0,0.0,0.0,0.0
Median hourly earnings,Persons,Part-time,Without leave entitlements,Aug-76,0.0,0.0,0.0,0.0,0.0,0.0,0.0,0.0,0.0,0.0,0.0,0.0,0.0,0.0,0.0,0.0,0.0,0.0
Median hourly earnings,Persons,Part-time,Without leave entitlements,Aug-77,0.0,0.0,0.0,0.0,0.0,0.0,0.0,0.0,0.0,0.0,0.0,0.0,0.0,0.0,0.0,0.0,0.0,0.0
Median hourly earnings,Persons,Part-time,Without leave entitlements,Aug-78,0.0,0.0,0.0,0.0,0.0,0.0,0.0,0.0,0.0,0.0,0.0,0.0,0.0,0.0,0.0,0.0,0.0,0.0
Median hourly earnings,Persons,Part-time,Without leave entitlements,Aug-79,0.0,0.0,0.0,0.0,0.0,0.0,0.0,0.0,0.0,0.0,0.0,0.0,0.0,0.0,0.0,0.0,0.0,0.0
Median hourly earnings,Persons,Part-time,Without leave entitlements,Aug-80,0.0,0.0,0.0,0.0,0.0,0.0,0.0,0.0,0.0,0.0,0.0,0.0,0.0,0.0,0.0,0.0,0.0,0.0
Median hourly earnings,Persons,Part-time,Without leave entitlements,Aug-81,0.0,0.0,0.0,0.0,0.0,0.0,0.0,0.0,0.0,0.0,0.0,0.0,0.0,0.0,0.0,0.0,0.0,0.0
Median hourly earnings,Persons,Part-time,Without leave entitlements,Aug-82,0.0,0.0,0.0,0.0,0.0,0.0,0.0,0.0,0.0,0.0,0.0,0.0,0.0,0.0,0.0,0.0,0.0,0.0
Median hourly earnings,Persons,Part-time,Without leave entitlements,Aug-83,0.0,0.0,0.0,0.0,0.0,0.0,0.0,0.0,0.0,0.0,0.0,0.0,0.0,0.0,0.0,0.0,0.0,0.0
Median hourly earnings,Persons,Part-time,Without leave entitlements,Aug-84,0.0,0.0,0.0,0.0,0.0,0.0,0.0,0.0,0.0,0.0,0.0,0.0,0.0,0.0,0.0,0.0,0.0,0.0
Median hourly earnings,Persons,Part-time,Without leave entitlements,Aug-85,0.0,0.0,0.0,0.0,0.0,0.0,0.0,0.0,0.0,0.0,0.0,0.0,0.0,0.0,0.0,0.0,0.0,0.0
Median hourly earnings,Persons,Part-time,Without leave entitlements,Aug-86,0.0,0.0,0.0,0.0,0.0,0.0,0.0,0.0,0.0,0.0,0.0,0.0,0.0,0.0,0.0,0.0,0.0,0.0
Median hourly earnings,Persons,Part-time,Without leave entitlements,Aug-87,0.0,0.0,0.0,0.0,0.0,0.0,0.0,0.0,0.0,0.0,0.0,0.0,0.0,0.0,0.0,0.0,0.0,0.0
Median hourly earnings,Persons,Part-time,Without leave entitlements,Aug-88,0.0,0.0,0.0,0.0,0.0,0.0,0.0,0.0,0.0,0.0,0.0,0.0,0.0,0.0,0.0,0.0,0.0,0.0
Median hourly earnings,Persons,Part-time,Without leave entitlements,Aug-89,10.0,0.0,10.0,0.0,9.1,0.0,9.6,0.0,9.3,0.0,10.0,0.0,10.3,0.0,10.0,0.0,10.0,0.0
Median hourly earnings,Persons,Part-time,Without leave entitlements,Aug-90,0.0,0.0,0.0,0.0,0.0,0.0,0.0,0.0,0.0,0.0,0.0,0.0,0.0,0.0,0.0,0.0,0.0,0.0
Median hourly earnings,Persons,Part-time,Without leave entitlements,Jul-91,0.0,0.0,0.0,0.0,0.0,0.0,0.0,0.0,0.0,0.0,0.0,0.0,0.0,0.0,0.0,0.0,0.0,0.0
Median hourly earnings,Persons,Part-time,Without leave entitlements,Aug-92,11.7,1.6,11.0,3.9,10.0,2.1,11.0,1.7,10.4,2.5,11.0,2.5,11.7,7.3,11.3,3.6,11.1,0.9
Median hourly earnings,Persons,Part-time,Without leave entitlements,Aug-93,12.0,1.8,12.0,1.8,11.0,1.5,12.0,1.5,11.1,3.7,12.0,3.0,12.7,5.7,12.0,2.2,11.7,0.7
Median hourly earnings,Persons,Part-time,Without leave entitlements,Aug-94,11.7,1.6,12.0,1.1,11.1,1.2,12.1,1.7,11.7,2.1,12.2,1.9,12.7,3.9,11.7,2.4,11.8,1.4
Median hourly earnings,Persons,Part-time,Without leave entitlements,Aug-95,11.7,1.6,11.3,1.9,11.3,1.6,12.2,1.4,11.0,2.8,12.0,3.0,11.3,3.4,11.1,2.4,11.5,0.9
Median hourly earnings,Persons,Part-time,Without leave entitlements,Aug-96,0.0,0.0,0.0,0.0,0.0,0.0,0.0,0.0,0.0,0.0,0.0,0.0,0.0,0.0,0.0,0.0,0.0,0.0
Median hourly earnings,Persons,Part-time,Without leave entitlements,Aug-97,12.5,1.8,12.0,1.0,11.5,1.8,12.9,1.2,11.3,2.4,12.5,2.2,11.1,7.4,12.8,3.1,12.0,0.7
Median hourly earnings,Persons,Part-time,Without leave entitlements,Aug-98,13.0,1.6,12.1,1.2,12.0,1.6,13.0,1.6,12.0,2.3,12.9,2.3,12.5,2.5,12.2,2.6,12.5,0.4
Median hourly earnings,Persons,Part-time,Without leave entitlements,Aug-99,13.2,2.3,12.5,1.6,12.5,1.1,13.4,1.9,12.0,1.5,13.3,2.9,12.5,3.6,13.0,4.2,12.6,0.7
Median hourly earnings,Persons,Part-time,Without leave entitlements,Aug-00,13.3,2.1,13.3,1.8,13.0,2.0,14.0,1.4,12.2,1.0,13.9,3.5,14.9,3.8,13.3,4.9,13.3,0.7
Median hourly earnings,Persons,Part-time,Without leave entitlements,Aug-01,14.3,2.0,13.8,1.7,13.1,1.0,14.4,1.5,13.0,1.5,14.6,3.3,14.7,3.7,14.2,4.5,13.8,0.8
Median hourly earnings,Persons,Part-time,Without leave entitlements,Aug-02,15.0,1.0,13.6,1.9,14.0,1.7,14.6,1.6,13.0,1.6,14.5,2.5,16.2,7.1,13.0,3.4,14.0,0.6
Median hourly earnings,Persons,Part-time,Without leave entitlements,Aug-03,15.4,1.7,15.0,1.1,14.4,2.0,15.3,1.7,14.1,1.5,15.5,2.0,15.0,9.1,14.8,2.4,15.0,0.0
Median hourly earnings,Persons,Part-time,Without leave entitlements,Aug-04,15.6,1.7,15.1,1.2,15.0,0.4,16.0,1.9,14.7,1.7,16.0,2.1,16.4,9.4,15.7,3.9,15.0,0.8
Median hourly earnings,Persons,Part-time,Without leave entitlements,Aug-05,16.0,1.7,15.3,1.7,15.4,1.7,16.6,1.4,15.7,2.0,16.0,2.8,16.3,5.8,16.0,2.4,15.8,0.7
Median hourly earnings,Persons,Part-time,Without leave entitlements,Aug-06,16.7,2.2,16.4,2.0,16.0,2.4,16.8,1.1,15.3,1.7,16.0,2.1,15.6,9.0,16.3,4.7,16.4,1.0
Median hourly earnings,Persons,Part-time,Without leave entitlements,Aug-07,17.5,1.2,17.0,2.0,17.1,1.5,17.0,1.6,16.7,1.4,17.3,2.6,18.8,8.9,17.5,4.3,17.2,0.7
Median hourly earnings,Persons,Part-time,Without leave entitlements,Aug-08,18.0,2.3,17.7,2.4,18.3,2.0,18.3,1.9,18.0,2.1,18.1,3.4,16.8,8.7,18.2,6.1,18.0,0.8
Median hourly earnings,Persons,Part-time,Without leave entitlements,Aug-09,18.7,2.2,18.0,1.8,18.4,1.4,19.0,1.8,19.6,1.4,19.4,2.1,19.1,6.4,19.2,2.8,18.7,0.8
Median hourly earnings,Persons,Part-time,Without leave entitlements,Aug-10,20.0,0.0,18.7,1.9,19.5,1.6,20.0,0.7,19.5,2.2,20.0,1.3,20.2,4.6,19.8,5.1,20.0,0.7
Median hourly earnings,Persons,Part-time,Without leave entitlements,Aug-11,20.0,0.4,20.0,1.0,20.0,0.8,20.0,0.6,20.0,1.3,20.0,0.9,20.0,2.0,21.2,3.7,20.0,0.0
Median hourly earnings,Persons,Part-time,Without leave entitlements,Aug-12,20.0,1.3,20.3,1.5,20.0,1.3,21.0,1.9,21.0,2.3,20.0,1.3,20.9,6.1,20.0,4.3,20.3,1.0
Median hourly earnings,Persons,Part-time,Without leave entitlements,Aug-13,20.0,1.1,20.8,1.8,21.3,1.9,21.5,2.0,21.3,2.8,21.4,1.8,20.0,2.4,20.8,4.1,20.8,1.5
Median hourly earnings,Persons,Part-time,Without leave entitlements,Aug-14,21.8,1.6,21.4,2.2,21.7,2.2,22.6,2.1,23.0,2.4,22.5,2.5,22.0,5.8,22.4,3.3,22.0,0.9
Median hourly earnings,Persons,Part-time,Without leave entitlements,Aug-15,21.9,1.3,22.5,1.8,22.6,2.0,22.6,2.4,23.0,2.2,22.5,3.6,21.6,5.9,23.2,4.8,22.2,0.6
Median hourly earnings,Persons,Part-time,Without leave entitlements,Aug-16,23.3,1.6,22.5,1.4,23.3,1.8,23.3,1.2,23.0,2.0,23.7,3.2,22.8,5.3,24.0,4.4,23.1,0.8
Median hourly earnings,Persons,Part-time,Without leave entitlements,Aug-17,24.0,2.1,23.8,2.0,23.9,1.9,24.3,1.8,24.0,2.1,24.9,1.0,25.0,3.5,23.6,3.4,24.0,1.1
Median hourly earnings,Persons,Part-time,Without leave entitlements,Aug-18,25.0,0.0,25.0,1.1,24.4,1.6,25.0,1.5,25.5,1.0,25.7,2.0,25.0,4.0,25.5,1.7,25.0,0.0
Median hourly earnings,Persons,Part-time,Without leave entitlements,Aug-19,25.0,0.9,25.0,1.0,26.3,0.9,25.0,1.3,26.8,3.3,26.3,2.3,27.3,3.7,26.7,2.5,25.0,1.0
Median hourly earnings,Persons,Part-time,Without leave entitlements,Aug-20,27.8,1.6,28.0,2.1,27.8,2.3,27.8,2.5,28.1,2.6,29.2,2.3,28.7,4.9,28.3,7.8,28.0,0.7
Median hourly earnings,Persons,Part-time,Without leave entitlements,Aug-21,28.0,2.1,27.0,2.0,26.8,1.7,28.1,1.6,27.8,2.4,27.6,2.9,27.4,4.6,28.6,4.7,27.3,1.0
Median hourly earnings,Persons,Part-time,Without leave entitlements,Aug-22,28.2,1.7,28.3,2.0,26.7,2.0,28.0,2.4,28.0,3.0,28.8,2.2,28.1,9.3,32.4,3.9,28.0,0.7
Median hourly earnings,Persons,Part-time,Without leave entitlements,Aug-23,30.0,1.0,30.0,1.4,30.0,0.6,32.0,2.4,30.0,1.6,30.6,2.5,29.6,4.7,28.9,5.1,30.0,0.2
Median hourly earnings,Persons,Part-time,Without leave entitlements,Aug-24,30.0,1.4,31.1,2.0,30.0,1.7,30.8,1.9,30.0,1.5,32.0,3.1,31.3,4.8,32.6,4.4,30.0,1.0
Median hourly earnings,Persons,Part-time,Total,Aug-75,0.0,0.0,0.0,0.0,0.0,0.0,0.0,0.0,0.0,0.0,0.0,0.0,0.0,0.0,0.0,0.0,0.0,0.0
Median hourly earnings,Persons,Part-time,Total,Aug-76,0.0,0.0,0.0,0.0,0.0,0.0,0.0,0.0,0.0,0.0,0.0,0.0,0.0,0.0,0.0,0.0,0.0,0.0
Median hourly earnings,Persons,Part-time,Total,Aug-77,0.0,0.0,0.0,0.0,0.0,0.0,0.0,0.0,0.0,0.0,0.0,0.0,0.0,0.0,0.0,0.0,0.0,0.0
Median hourly earnings,Persons,Part-time,Total,Aug-78,0.0,0.0,0.0,0.0,0.0,0.0,0.0,0.0,0.0,0.0,0.0,0.0,0.0,0.0,0.0,0.0,0.0,0.0
Median hourly earnings,Persons,Part-time,Total,Aug-79,0.0,0.0,0.0,0.0,0.0,0.0,0.0,0.0,0.0,0.0,0.0,0.0,0.0,0.0,0.0,0.0,0.0,0.0
Median hourly earnings,Persons,Part-time,Total,Aug-80,0.0,0.0,0.0,0.0,0.0,0.0,0.0,0.0,0.0,0.0,0.0,0.0,0.0,0.0,0.0,0.0,0.0,0.0
Median hourly earnings,Persons,Part-time,Total,Aug-81,0.0,0.0,0.0,0.0,0.0,0.0,0.0,0.0,0.0,0.0,0.0,0.0,0.0,0.0,0.0,0.0,0.0,0.0
Median hourly earnings,Persons,Part-time,Total,Aug-82,0.0,0.0,0.0,0.0,0.0,0.0,0.0,0.0,0.0,0.0,0.0,0.0,0.0,0.0,0.0,0.0,0.0,0.0
Median hourly earnings,Persons,Part-time,Total,Aug-83,0.0,0.0,0.0,0.0,0.0,0.0,0.0,0.0,0.0,0.0,0.0,0.0,0.0,0.0,0.0,0.0,0.0,0.0
Median hourly earnings,Persons,Part-time,Total,Aug-84,0.0,0.0,0.0,0.0,0.0,0.0,0.0,0.0,0.0,0.0,0.0,0.0,0.0,0.0,0.0,0.0,0.0,0.0
Median hourly earnings,Persons,Part-time,Total,Aug-85,0.0,0.0,0.0,0.0,0.0,0.0,0.0,0.0,0.0,0.0,0.0,0.0,0.0,0.0,0.0,0.0,0.0,0.0
Median hourly earnings,Persons,Part-time,Total,Aug-86,0.0,0.0,0.0,0.0,0.0,0.0,0.0,0.0,0.0,0.0,0.0,0.0,0.0,0.0,0.0,0.0,0.0,0.0
Median hourly earnings,Persons,Part-time,Total,Aug-87,0.0,0.0,0.0,0.0,0.0,0.0,0.0,0.0,0.0,0.0,0.0,0.0,0.0,0.0,0.0,0.0,0.0,0.0
Median hourly earnings,Persons,Part-time,Total,Aug-88,0.0,0.0,0.0,0.0,0.0,0.0,0.0,0.0,0.0,0.0,0.0,0.0,0.0,0.0,0.0,0.0,0.0,0.0
Median hourly earnings,Persons,Part-time,Total,Aug-89,10.0,0.0,10.0,0.0,9.3,0.0,10.0,0.0,10.0,0.0,10.0,0.0,11.0,0.0,10.0,0.0,10.0,0.0
Median hourly earnings,Persons,Part-time,Total,Aug-90,0.0,0.0,0.0,0.0,0.0,0.0,0.0,0.0,0.0,0.0,0.0,0.0,0.0,0.0,0.0,0.0,0.0,0.0
Median hourly earnings,Persons,Part-time,Total,Jul-91,0.0,0.0,0.0,0.0,0.0,0.0,0.0,0.0,0.0,0.0,0.0,0.0,0.0,0.0,0.0,0.0,0.0,0.0
Median hourly earnings,Persons,Part-time,Total,Aug-92,12.0,1.2,11.7,1.5,10.7,2.4,11.3,1.1,10.8,1.2,11.1,2.3,11.9,5.6,12.0,2.0,11.3,0.9
Median hourly earnings,Persons,Part-time,Total,Aug-93,12.2,1.0,12.5,1.0,11.1,1.1,12.2,1.0,11.5,1.7,12.0,2.3,13.0,4.8,12.5,2.0,12.0,0.0
Median hourly earnings,Persons,Part-time,Total,Aug-94,12.0,1.4,12.5,0.9,11.3,1.5,12.5,1.5,12.0,0.7,12.5,2.0,13.0,2.9,12.2,2.9,12.0,0.5
Median hourly earnings,Persons,Part-time,Total,Aug-95,12.0,0.8,12.0,1.0,11.3,1.1,12.7,1.3,11.7,1.6,12.5,2.0,12.0,2.7,12.1,1.2,12.0,0.0
Median hourly earnings,Persons,Part-time,Total,Aug-96,0.0,0.0,0.0,0.0,0.0,0.0,0.0,0.0,0.0,0.0,0.0,0.0,0.0,0.0,0.0,0.0,0.0,0.0
Median hourly earnings,Persons,Part-time,Total,Aug-97,13.0,1.8,12.5,0.7,12.0,1.0,13.1,0.9,12.0,1.3,12.7,1.7,12.5,5.0,13.9,2.5,12.5,0.5
Median hourly earnings,Persons,Part-time,Total,Aug-98,13.7,0.8,13.0,1.3,12.5,0.5,13.3,1.6,12.5,1.7,13.3,2.8,12.7,3.7,13.9,3.5,13.1,0.4
Median hourly earnings,Persons,Part-time,Total,Aug-99,14.1,1.4,13.3,1.3,13.0,1.4,13.9,1.5,12.6,0.8,13.8,2.0,13.3,3.4,14.3,2.6,13.4,0.5
Median hourly earnings,Persons,Part-time,Total,Aug-00,14.6,1.2,14.0,0.9,13.6,1.3,14.3,1.2,13.1,1.2,14.3,1.3,15.0,4.5,15.0,1.4,14.1,0.5
Median hourly earnings,Persons,Part-time,Total,Aug-01,15.0,0.6,15.0,0.7,13.9,0.7,15.0,0.8,13.8,1.2,15.0,1.6,14.9,2.9,15.6,1.7,14.7,0.7
Median hourly earnings,Persons,Part-time,Total,Aug-02,15.6,1.4,15.0,1.0,14.7,1.3,15.2,1.2,14.0,1.7,15.0,2.0,16.2,8.6,15.2,1.8,15.0,0.0
Median hourly earnings,Persons,Part-time,Total,Aug-03,16.1,1.2,15.7,1.3,15.0,0.5,15.9,1.4,15.0,0.7,16.0,1.3,15.0,7.0,16.7,2.5,15.6,0.6
Median hourly earnings,Persons,Part-time,Total,Aug-04,16.7,1.1,16.7,1.2,15.9,1.0,16.7,0.9,15.3,1.5,16.7,2.2,17.7,5.5,17.8,1.8,16.4,0.6
Median hourly earnings,Persons,Part-time,Total,Aug-05,17.5,1.1,17.0,0.9,16.5,0.7,17.5,1.2,16.7,1.2,17.1,1.7,16.8,4.3,18.2,3.8,17.0,0.6
Median hourly earnings,Persons,Part-time,Total,Aug-06,18.2,1.6,18.0,1.2,16.9,0.8,17.6,1.3,16.9,1.0,17.1,1.1,17.6,8.9,18.8,3.1,17.6,0.5
Median hourly earnings,Persons,Part-time,Total,Aug-07,18.8,0.9,18.5,1.2,18.0,1.4,18.3,1.0,18.2,1.0,18.3,1.6,20.0,3.9,20.1,3.4,18.5,0.6
Median hourly earnings,Persons,Part-time,Total,Aug-08,20.0,0.8,19.2,1.7,19.2,1.6,20.0,1.0,20.0,1.1,19.5,2.0,18.5,3.6,20.9,3.5,19.6,0.8
Median hourly earnings,Persons,Part-time,Total,Aug-09,20.0,0.1,20.0,0.8,19.6,1.3,20.0,0.5,20.0,1.2,20.0,1.4,20.8,4.8,20.3,5.0,20.0,0.0
Median hourly earnings,Persons,Part-time,Total,Aug-10,21.0,1.0,20.2,1.2,20.3,1.3,21.0,1.8,21.1,2.0,21.0,1.9,22.5,3.7,22.7,4.6,20.8,0.7
Median hourly earnings,Persons,Part-time,Total,Aug-11,21.4,1.0,21.3,0.8,21.2,1.0,21.7,1.8,21.3,1.6,21.2,2.3,21.4,3.0,25.0,3.3,21.4,0.5
Median hourly earnings,Persons,Part-time,Total,Aug-12,22.3,1.1,22.1,1.4,21.9,1.7,22.5,1.4,23.1,1.4,22.2,2.4,24.0,5.2,23.0,3.3,22.2,0.6
Median hourly earnings,Persons,Part-time,Total,Aug-13,22.7,1.5,22.5,1.4,23.0,1.0,23.4,1.2,23.0,2.0,22.6,1.7,24.2,5.7,25.6,2.3,22.9,0.7
Median hourly earnings,Persons,Part-time,Total,Aug-14,24.2,1.3,24.0,1.5,23.7,1.0,23.3,1.3,25.0,1.2,23.6,2.2,25.0,4.4,27.4,4.6,24.0,0.5
Median hourly earnings,Persons,Part-time,Total,Aug-15,24.2,1.4,25.0,0.2,24.6,1.3,25.0,1.0,25.0,0.9,24.1,1.8,25.0,1.4,25.7,5.3,25.0,0.1
Median hourly earnings,Persons,Part-time,Total,Aug-16,25.0,1.0,25.0,0.3,25.0,0.5,24.9,1.0,25.0,0.9,25.0,0.7,25.0,4.1,29.2,3.9,25.0,0.0
Median hourly earnings,Persons,Part-time,Total,Aug-17,25.0,0.9,26.1,2.1,25.5,1.1,26.0,1.6,26.6,1.3,26.2,2.2,25.0,3.5,29.3,4.3,25.8,1.1
Median hourly earnings,Persons,Part-time,Total,Aug-18,26.7,0.8,27.3,1.1,25.3,1.3,26.7,1.3,27.1,1.0,27.3,1.4,25.9,2.5,28.7,2.9,26.7,0.3
Median hourly earnings,Persons,Part-time,Total,Aug-19,28.0,0.9,27.8,1.4,28.0,1.3,27.7,1.6,29.6,1.4,28.0,2.0,29.4,3.0,31.8,6.0,28.0,0.6
Median hourly earnings,Persons,Part-time,Total,Aug-20,30.8,1.1,32.3,1.9,30.4,1.7,30.0,1.2,31.9,1.9,31.8,1.4,31.5,3.6,32.8,4.4,31.3,0.5
Median hourly earnings,Persons,Part-time,Total,Aug-21,30.3,1.1,30.1,0.9,29.0,1.6,30.4,1.0,30.0,1.1,29.9,1.5,30.0,4.6,34.4,4.6,30.0,0.0
Median hourly earnings,Persons,Part-time,Total,Aug-22,30.0,1.0,32.0,1.5,29.7,1.0,31.2,2.0,30.0,1.4,30.4,1.9,31.3,4.6,33.3,5.1,30.5,1.0
Median hourly earnings,Persons,Part-time,Total,Aug-23,32.6,1.4,32.6,1.7,32.8,1.0,33.3,1.4,32.8,1.7,33.3,2.0,32.5,4.5,33.8,3.0,32.9,0.9
Median hourly earnings,Persons,Part-time,Total,Aug-24,33.3,0.8,34.0,1.3,32.5,1.4,32.5,1.0,34.5,1.6,34.5,1.7,33.3,3.9,36.0,3.2,33.3,0.2
Median hourly earnings,Persons,Total,With leave entitlements,Aug-75,0.0,0.0,0.0,0.0,0.0,0.0,0.0,0.0,0.0,0.0,0.0,0.0,0.0,0.0,0.0,0.0,0.0,0.0
Median hourly earnings,Persons,Total,With leave entitlements,Aug-76,0.0,0.0,0.0,0.0,0.0,0.0,0.0,0.0,0.0,0.0,0.0,0.0,0.0,0.0,0.0,0.0,0.0,0.0
Median hourly earnings,Persons,Total,With leave entitlements,Aug-77,0.0,0.0,0.0,0.0,0.0,0.0,0.0,0.0,0.0,0.0,0.0,0.0,0.0,0.0,0.0,0.0,0.0,0.0
Median hourly earnings,Persons,Total,With leave entitlements,Aug-78,0.0,0.0,0.0,0.0,0.0,0.0,0.0,0.0,0.0,0.0,0.0,0.0,0.0,0.0,0.0,0.0,0.0,0.0
Median hourly earnings,Persons,Total,With leave entitlements,Aug-79,0.0,0.0,0.0,0.0,0.0,0.0,0.0,0.0,0.0,0.0,0.0,0.0,0.0,0.0,0.0,0.0,0.0,0.0
Median hourly earnings,Persons,Total,With leave entitlements,Aug-80,0.0,0.0,0.0,0.0,0.0,0.0,0.0,0.0,0.0,0.0,0.0,0.0,0.0,0.0,0.0,0.0,0.0,0.0
Median hourly earnings,Persons,Total,With leave entitlements,Aug-81,0.0,0.0,0.0,0.0,0.0,0.0,0.0,0.0,0.0,0.0,0.0,0.0,0.0,0.0,0.0,0.0,0.0,0.0
Median hourly earnings,Persons,Total,With leave entitlements,Aug-82,0.0,0.0,0.0,0.0,0.0,0.0,0.0,0.0,0.0,0.0,0.0,0.0,0.0,0.0,0.0,0.0,0.0,0.0
Median hourly earnings,Persons,Total,With leave entitlements,Aug-83,0.0,0.0,0.0,0.0,0.0,0.0,0.0,0.0,0.0,0.0,0.0,0.0,0.0,0.0,0.0,0.0,0.0,0.0
Median hourly earnings,Persons,Total,With leave entitlements,Aug-84,0.0,0.0,0.0,0.0,0.0,0.0,0.0,0.0,0.0,0.0,0.0,0.0,0.0,0.0,0.0,0.0,0.0,0.0
Median hourly earnings,Persons,Total,With leave entitlements,Aug-85,0.0,0.0,0.0,0.0,0.0,0.0,0.0,0.0,0.0,0.0,0.0,0.0,0.0,0.0,0.0,0.0,0.0,0.0
Median hourly earnings,Persons,Total,With leave entitlements,Aug-86,0.0,0.0,0.0,0.0,0.0,0.0,0.0,0.0,0.0,0.0,0.0,0.0,0.0,0.0,0.0,0.0,0.0,0.0
Median hourly earnings,Persons,Total,With leave entitlements,Aug-87,0.0,0.0,0.0,0.0,0.0,0.0,0.0,0.0,0.0,0.0,0.0,0.0,0.0,0.0,0.0,0.0,0.0,0.0
Median hourly earnings,Persons,Total,With leave entitlements,Aug-88,0.0,0.0,0.0,0.0,0.0,0.0,0.0,0.0,0.0,0.0,0.0,0.0,0.0,0.0,0.0,0.0,0.0,0.0
Median hourly earnings,Persons,Total,With leave entitlements,Aug-89,11.1,0.0,10.8,0.0,10.5,0.0,10.9,0.0,10.9,0.0,10.5,0.0,12.4,0.0,13.5,0.0,10.9,0.0
Median hourly earnings,Persons,Total,With leave entitlements,Aug-90,0.0,0.0,0.0,0.0,0.0,0.0,0.0,0.0,0.0,0.0,0.0,0.0,0.0,0.0,0.0,0.0,0.0,0.0
Median hourly earnings,Persons,Total,With leave entitlements,Jul-91,0.0,0.0,0.0,0.0,0.0,0.0,0.0,0.0,0.0,0.0,0.0,0.0,0.0,0.0,0.0,0.0,0.0,0.0
Median hourly earnings,Persons,Total,With leave entitlements,Aug-92,12.8,1.3,12.5,0.7,12.1,0.7,12.1,0.8,12.5,0.9,12.3,0.8,13.5,2.0,15.1,1.8,12.5,0.2
Median hourly earnings,Persons,Total,With leave entitlements,Aug-93,13.5,0.5,13.2,0.7,12.5,0.4,13.2,1.2,13.2,1.0,12.5,1.5,14.5,3.4,16.5,1.7,13.2,0.7
Median hourly earnings,Persons,Total,With leave entitlements,Aug-94,13.9,1.3,14.0,0.8,12.9,1.3,13.2,0.7,13.5,1.5,13.2,1.9,15.0,3.2,16.6,1.9,13.5,0.5
Median hourly earnings,Persons,Total,With leave entitlements,Aug-95,14.5,0.4,14.1,1.0,13.5,0.7,13.9,1.3,13.8,1.3,13.5,2.0,14.2,2.4,17.0,2.0,14.2,0.1
Median hourly earnings,Persons,Total,With leave entitlements,Aug-96,0.0,0.0,0.0,0.0,0.0,0.0,0.0,0.0,0.0,0.0,0.0,0.0,0.0,0.0,0.0,0.0,0.0,0.0
Median hourly earnings,Persons,Total,With leave entitlements,Aug-97,15.8,1.0,15.0,0.6,15.0,1.1,15.0,1.5,15.2,1.6,14.5,1.7,16.2,4.6,18.9,1.8,15.3,0.7
Median hourly earnings,Persons,Total,With leave entitlements,Aug-98,16.4,1.1,15.6,1.2,15.1,1.0,15.1,1.5,15.4,1.5,14.9,2.0,16.7,2.8,19.5,1.7,15.8,0.4
Median hourly earnings,Persons,Total,With leave entitlements,Aug-99,17.5,0.7,15.9,0.9,15.6,1.2,15.9,1.2,16.5,1.0,15.3,1.9,17.2,2.8,19.8,1.9,16.5,0.7
Median hourly earnings,Persons,Total,With leave entitlements,Aug-00,17.6,1.1,17.5,1.1,16.5,1.3,16.7,1.3,16.9,0.9,16.2,1.4,19.2,4.1,21.8,2.4,17.3,0.6
Median hourly earnings,Persons,Total,With leave entitlements,Aug-01,18.6,0.8,17.8,1.0,17.0,0.7,17.5,0.9,17.5,1.3,16.7,1.2,18.8,2.0,21.1,1.3,17.9,0.5
Median hourly earnings,Persons,Total,With leave entitlements,Aug-02,19.5,1.1,18.6,0.7,17.8,1.5,18.4,1.0,18.6,1.0,17.1,2.9,20.0,2.7,22.8,2.1,18.8,0.3
Median hourly earnings,Persons,Total,With leave entitlements,Aug-03,20.0,0.4,19.0,0.9,18.3,1.0,18.5,1.0,18.8,1.5,18.0,2.3,19.0,2.7,23.3,1.6,19.2,0.5
Median hourly earnings,Persons,Total,With leave entitlements,Aug-04,21.0,1.4,20.0,0.8,18.9,1.3,19.4,1.5,19.5,1.5,19.2,1.7,21.5,3.1,25.0,2.2,20.0,0.3
Median hourly earnings,Persons,Total,With leave entitlements,Aug-05,21.7,1.4,21.1,0.8,20.0,0.7,20.1,1.2,20.7,1.2,19.7,1.7,21.5,2.6,25.3,1.6,21.0,0.4
Median hourly earnings,Persons,Total,With leave entitlements,Aug-06,22.6,0.7,21.6,0.9,20.7,1.1,21.0,1.5,21.3,1.1,20.0,2.7,22.5,3.1,26.3,1.7,21.8,0.4
Median hourly earnings,Persons,Total,With leave entitlements,Aug-07,23.5,1.2,22.6,0.8,22.2,0.8,22.2,1.0,22.5,1.4,20.6,1.9,25.0,3.4,30.3,1.8,22.8,0.6
Median hourly earnings,Persons,Total,With leave entitlements,Aug-08,25.0,0.6,23.7,1.1,23.7,1.4,22.5,1.7,25.0,1.1,22.1,1.8,25.0,3.4,30.4,1.7,24.1,0.6
Median hourly earnings,Persons,Total,With leave entitlements,Aug-09,25.7,1.3,24.7,1.0,24.8,1.2,24.9,1.1,25.8,1.4,23.7,2.4,27.6,4.4,32.2,3.0,25.0,0.0
Median hourly earnings,Persons,Total,With leave entitlements,Aug-10,26.7,1.1,25.0,0.7,25.0,1.0,25.0,0.8,28.3,1.5,24.0,1.8,27.6,2.8,32.3,1.4,26.3,0.3
Median hourly earnings,Persons,Total,With leave entitlements,Aug-11,27.6,1.3,26.3,0.9,26.7,1.1,26.2,1.0,28.6,1.5,25.0,0.7,29.0,2.2,32.9,1.6,27.1,0.7
Median hourly earnings,Persons,Total,With leave entitlements,Aug-12,28.8,1.1,27.3,1.0,27.7,1.3,26.9,1.1,30.4,1.2,26.3,2.1,30.3,2.2,34.6,2.6,28.3,0.6
Median hourly earnings,Persons,Total,With leave entitlements,Aug-13,29.0,1.1,27.5,0.8,27.8,1.1,27.6,1.4,30.0,1.4,26.1,1.4,32.9,2.7,36.5,3.1,28.6,0.6
Median hourly earnings,Persons,Total,With leave entitlements,Aug-14,31.6,1.2,30.0,1.1,30.0,1.5,28.7,1.3,34.1,1.9,27.4,1.6,35.1,3.2,40.0,1.9,31.3,0.6
Median hourly earnings,Persons,Total,With leave entitlements,Aug-15,31.9,1.0,30.7,1.1,30.0,1.0,30.3,1.3,33.3,1.3,27.6,2.8,31.6,1.7,39.0,1.4,31.3,0.4
Median hourly earnings,Persons,Total,With leave entitlements,Aug-16,32.4,1.4,31.3,1.0,30.6,1.0,31.2,1.5,33.8,1.6,28.9,1.9,34.8,2.9,39.3,2.4,31.9,0.5
Median hourly earnings,Persons,Total,With leave entitlements,Aug-17,33.3,1.3,32.5,1.1,31.8,1.1,30.6,1.2,35.6,1.6,30.3,2.4,34.6,2.3,40.4,2.0,32.9,0.6
Median hourly earnings,Persons,Total,With leave entitlements,Aug-18,35.0,1.0,33.7,1.2,32.7,1.5,31.8,1.9,35.5,1.6,31.1,1.8,35.5,2.7,42.0,2.0,34.0,0.5
Median hourly earnings,Persons,Total,With leave entitlements,Aug-19,36.6,1.4,35.2,1.2,33.7,1.3,33.0,1.1,37.5,1.4,34.8,2.3,36.3,1.8,42.1,2.8,35.5,0.5
Median hourly earnings,Persons,Total,With leave entitlements,Aug-20,38.6,1.1,39.2,1.3,37.2,1.6,35.0,1.6,41.7,1.6,36.2,2.3,38.4,2.8,45.6,2.5,38.5,0.6
Median hourly earnings,Persons,Total,With leave entitlements,Aug-21,40.5,1.1,39.3,0.7,37.5,1.6,36.9,1.9,39.4,1.4,35.0,1.9,41.5,2.0,47.4,2.9,39.3,0.4
Median hourly earnings,Persons,Total,With leave entitlements,Aug-22,40.8,1.2,40.6,1.0,40.0,1.0,37.5,1.7,41.6,1.8,36.4,1.9,43.2,2.6,49.7,2.2,40.5,0.5
Median hourly earnings,Persons,Total,With leave entitlements,Aug-23,44.2,1.0,43.1,1.7,41.7,1.7,41.1,1.2,42.5,2.4,40.3,1.9,43.6,2.0,47.7,2.3,43.1,0.8
Median hourly earnings,Persons,Total,With leave entitlements,Aug-24,43.8,1.0,44.1,1.6,42.5,1.6,39.2,1.5,44.2,1.4,37.5,2.2,45.4,2.2,50.0,2.4,43.3,0.6
Median hourly earnings,Persons,Total,Without leave entitlements,Aug-75,0.0,0.0,0.0,0.0,0.0,0.0,0.0,0.0,0.0,0.0,0.0,0.0,0.0,0.0,0.0,0.0,0.0,0.0
Median hourly earnings,Persons,Total,Without leave entitlements,Aug-76,0.0,0.0,0.0,0.0,0.0,0.0,0.0,0.0,0.0,0.0,0.0,0.0,0.0,0.0,0.0,0.0,0.0,0.0
Median hourly earnings,Persons,Total,Without leave entitlements,Aug-77,0.0,0.0,0.0,0.0,0.0,0.0,0.0,0.0,0.0,0.0,0.0,0.0,0.0,0.0,0.0,0.0,0.0,0.0
Median hourly earnings,Persons,Total,Without leave entitlements,Aug-78,0.0,0.0,0.0,0.0,0.0,0.0,0.0,0.0,0.0,0.0,0.0,0.0,0.0,0.0,0.0,0.0,0.0,0.0
Median hourly earnings,Persons,Total,Without leave entitlements,Aug-79,0.0,0.0,0.0,0.0,0.0,0.0,0.0,0.0,0.0,0.0,0.0,0.0,0.0,0.0,0.0,0.0,0.0,0.0
Median hourly earnings,Persons,Total,Without leave entitlements,Aug-80,0.0,0.0,0.0,0.0,0.0,0.0,0.0,0.0,0.0,0.0,0.0,0.0,0.0,0.0,0.0,0.0,0.0,0.0
Median hourly earnings,Persons,Total,Without leave entitlements,Aug-81,0.0,0.0,0.0,0.0,0.0,0.0,0.0,0.0,0.0,0.0,0.0,0.0,0.0,0.0,0.0,0.0,0.0,0.0
Median hourly earnings,Persons,Total,Without leave entitlements,Aug-82,0.0,0.0,0.0,0.0,0.0,0.0,0.0,0.0,0.0,0.0,0.0,0.0,0.0,0.0,0.0,0.0,0.0,0.0
Median hourly earnings,Persons,Total,Without leave entitlements,Aug-83,0.0,0.0,0.0,0.0,0.0,0.0,0.0,0.0,0.0,0.0,0.0,0.0,0.0,0.0,0.0,0.0,0.0,0.0
Median hourly earnings,Persons,Total,Without leave entitlements,Aug-84,0.0,0.0,0.0,0.0,0.0,0.0,0.0,0.0,0.0,0.0,0.0,0.0,0.0,0.0,0.0,0.0,0.0,0.0
Median hourly earnings,Persons,Total,Without leave entitlements,Aug-85,0.0,0.0,0.0,0.0,0.0,0.0,0.0,0.0,0.0,0.0,0.0,0.0,0.0,0.0,0.0,0.0,0.0,0.0
Median hourly earnings,Persons,Total,Without leave entitlements,Aug-86,0.0,0.0,0.0,0.0,0.0,0.0,0.0,0.0,0.0,0.0,0.0,0.0,0.0,0.0,0.0,0.0,0.0,0.0
Median hourly earnings,Persons,Total,Without leave entitlements,Aug-87,0.0,0.0,0.0,0.0,0.0,0.0,0.0,0.0,0.0,0.0,0.0,0.0,0.0,0.0,0.0,0.0,0.0,0.0
Median hourly earnings,Persons,Total,Without leave entitlements,Aug-88,0.0,0.0,0.0,0.0,0.0,0.0,0.0,0.0,0.0,0.0,0.0,0.0,0.0,0.0,0.0,0.0,0.0,0.0
Median hourly earnings,Persons,Total,Without leave entitlements,Aug-89,10.0,0.0,10.0,0.0,9.3,0.0,9.5,0.0,10.0,0.0,10.0,0.0,10.6,0.0,10.0,0.0,10.0,0.0
Median hourly earnings,Persons,Total,Without leave entitlements,Aug-90,0.0,0.0,0.0,0.0,0.0,0.0,0.0,0.0,0.0,0.0,0.0,0.0,0.0,0.0,0.0,0.0,0.0,0.0
Median hourly earnings,Persons,Total,Without leave entitlements,Jul-91,0.0,0.0,0.0,0.0,0.0,0.0,0.0,0.0,0.0,0.0,0.0,0.0,0.0,0.0,0.0,0.0,0.0,0.0
Median hourly earnings,Persons,Total,Without leave entitlements,Aug-92,11.5,1.7,11.1,2.2,10.4,1.6,11.0,1.4,10.6,2.4,10.9,2.0,11.7,4.5,11.3,3.1,11.0,0.6
Median hourly earnings,Persons,Total,Without leave entitlements,Aug-93,12.0,1.8,12.0,1.2,11.0,1.1,12.0,1.2,11.6,2.1,11.3,2.4,12.6,2.3,12.0,1.8,11.7,0.7
Median hourly earnings,Persons,Total,Without leave entitlements,Aug-94,11.8,1.8,12.0,1.1,11.3,1.3,12.0,1.6,12.0,1.9,12.1,1.7,13.0,2.5,11.7,1.9,11.9,0.9
Median hourly earnings,Persons,Total,Without leave entitlements,Aug-95,11.7,1.1,11.7,1.5,11.5,1.3,12.2,1.0,11.3,2.6,11.7,2.4,11.4,3.3,11.7,2.2,11.7,1.0
Median hourly earnings,Persons,Total,Without leave entitlements,Aug-96,0.0,0.0,0.0,0.0,0.0,0.0,0.0,0.0,0.0,0.0,0.0,0.0,0.0,0.0,0.0,0.0,0.0,0.0
Median hourly earnings,Persons,Total,Without leave entitlements,Aug-97,12.7,1.0,12.3,1.0,12.0,0.8,12.9,1.2,12.0,1.2,12.7,1.7,12.5,4.8,13.1,2.9,12.5,0.5
Median hourly earnings,Persons,Total,Without leave entitlements,Aug-98,13.3,0.9,12.5,0.9,12.5,1.0,13.1,1.3,12.7,1.5,12.9,1.8,13.1,3.9,13.1,2.5,12.8,0.9
Median hourly earnings,Persons,Total,Without leave entitlements,Aug-99,14.0,1.4,13.0,1.6,12.9,1.2,13.6,1.5,12.5,0.7,13.6,2.0,13.7,3.2,13.3,3.3,13.3,0.4
Median hourly earnings,Persons,Total,Without leave entitlements,Aug-00,14.0,1.5,14.0,0.9,13.5,1.2,14.2,1.6,13.0,1.7,14.0,2.3,15.0,3.3,14.6,3.6,13.9,0.7
Median hourly earnings,Persons,Total,Without leave entitlements,Aug-01,14.7,1.2,14.4,1.8,13.5,1.3,14.6,1.2,13.8,1.2,14.8,2.2,14.7,3.1,15.0,3.4,14.3,0.7
Median hourly earnings,Persons,Total,Without leave entitlements,Aug-02,15.0,0.7,14.3,1.6,14.5,1.8,14.9,1.6,14.0,1.7,14.8,1.9,16.5,3.9,14.5,2.7,14.8,0.7
Median hourly earnings,Persons,Total,Without leave entitlements,Aug-03,15.8,1.4,15.0,0.7,15.0,0.9,15.7,1.7,15.0,1.1,15.9,2.5,15.6,7.5,15.9,2.7,15.2,0.8
Median hourly earnings,Persons,Total,Without leave entitlements,Aug-04,16.3,1.4,16.0,1.1,15.4,1.4,16.4,1.0,15.0,1.2,16.0,1.3,18.0,6.9,16.2,3.2,15.9,0.4
Median hourly earnings,Persons,Total,Without leave entitlements,Aug-05,16.5,1.0,16.3,1.0,16.1,1.1,16.9,1.0,16.3,1.9,16.6,1.8,16.9,3.8,17.0,2.6,16.4,0.5
Median hourly earnings,Persons,Total,Without leave entitlements,Aug-06,17.5,1.5,17.1,2.0,17.0,0.9,17.1,1.0,16.7,1.5,16.5,1.7,17.0,4.8,17.9,4.0,17.0,0.5
Median hourly earnings,Persons,Total,Without leave entitlements,Aug-07,18.2,1.0,17.7,1.7,18.0,1.1,17.7,1.7,18.4,1.5,17.7,1.9,19.4,4.7,19.0,3.4,18.0,0.5
Median hourly earnings,Persons,Total,Without leave entitlements,Aug-08,19.1,2.1,18.2,1.5,19.0,1.7,18.8,1.2,19.3,1.6,18.6,2.8,19.2,4.9,19.8,3.6,18.8,0.4
Median hourly earnings,Persons,Total,Without leave entitlements,Aug-09,19.3,1.8,18.8,1.5,19.5,1.6,19.7,1.3,20.0,0.4,20.0,1.3,20.5,4.0,20.0,2.3,19.5,0.8
Median hourly earnings,Persons,Total,Without leave entitlements,Aug-10,20.0,0.9,20.0,0.6,20.0,0.0,20.0,1.6,20.0,0.0,20.0,1.3,21.3,3.0,20.5,4.2,20.0,0.0
Median hourly earnings,Persons,Total,Without leave entitlements,Aug-11,20.5,1.2,20.0,0.6,20.5,1.2,20.5,1.4,20.7,2.0,20.0,1.3,20.0,4.0,21.7,4.5,20.4,1.0
Median hourly earnings,Persons,Total,Without leave entitlements,Aug-12,21.1,1.3,21.1,1.7,21.0,2.0,21.7,1.6,23.0,2.2,21.0,2.0,21.8,5.8,20.3,2.9,21.3,0.7
Median hourly earnings,Persons,Total,Without leave entitlements,Aug-13,21.0,2.0,21.4,1.4,22.3,1.5,22.5,1.8,23.6,2.3,22.0,1.7,22.6,2.9,22.8,4.7,21.8,0.9
Median hourly earnings,Persons,Total,Without leave entitlements,Aug-14,22.6,1.1,22.2,1.6,22.9,1.6,23.1,1.9,25.0,1.1,23.3,1.9,25.0,4.1,23.7,3.0,23.0,0.8
Median hourly earnings,Persons,Total,Without leave entitlements,Aug-15,22.9,1.2,23.1,1.7,23.6,1.1,23.7,2.1,25.0,1.3,23.0,2.5,24.2,3.3,24.5,1.7,23.3,0.7
Median hourly earnings,Persons,Total,Without leave entitlements,Aug-16,24.2,1.4,23.3,1.2,24.7,1.0,23.8,1.2,24.5,1.3,24.0,2.7,25.0,1.8,26.7,4.3,24.0,0.7
Median hourly earnings,Persons,Total,Without leave entitlements,Aug-17,25.0,1.0,25.0,1.0,25.0,0.6,24.3,1.7,25.0,2.2,25.0,0.5,25.0,1.7,25.8,3.2,25.0,0.3
Median hourly earnings,Persons,Total,Without leave entitlements,Aug-18,25.4,1.1,25.0,0.0,25.0,0.4,25.4,1.5,26.7,1.5,26.4,2.0,25.9,2.5,26.9,3.6,25.3,0.8
Median hourly earnings,Persons,Total,Without leave entitlements,Aug-19,25.7,1.4,25.3,1.3,27.0,1.2,26.3,2.0,28.1,2.1,26.3,2.0,27.3,2.9,28.4,3.3,26.3,0.6
Median hourly earnings,Persons,Total,Without leave entitlements,Aug-20,28.5,1.4,28.8,2.2,28.0,1.8,28.1,2.1,29.6,2.6,28.2,2.4,29.2,3.9,32.4,6.6,28.6,0.8
Median hourly earnings,Persons,Total,Without leave entitlements,Aug-21,29.9,1.2,29.2,1.7,27.8,1.1,28.7,1.8,29.5,1.7,27.9,2.5,29.0,3.4,32.3,6.7,28.9,0.8
Median hourly earnings,Persons,Total,Without leave entitlements,Aug-22,28.6,1.4,29.2,1.3,28.3,1.8,29.9,1.3,30.0,1.7,29.1,1.5,30.0,3.2,36.5,5.7,29.1,0.9
Median hourly earnings,Persons,Total,Without leave entitlements,Aug-23,30.6,1.5,31.0,1.4,30.7,1.1,31.5,1.8,30.9,2.4,31.4,2.0,31.8,1.8,32.1,5.0,31.0,0.8
Median hourly earnings,Persons,Total,Without leave entitlements,Aug-24,30.0,1.4,32.8,1.0,32.2,2.0,32.3,1.8,34.1,2.2,32.0,3.2,33.0,3.8,35.9,3.0,32.0,0.9
Median hourly earnings,Persons,Total,Total,Aug-75,0.0,0.0,0.0,0.0,0.0,0.0,0.0,0.0,0.0,0.0,0.0,0.0,0.0,0.0,0.0,0.0,0.0,0.0
Median hourly earnings,Persons,Total,Total,Aug-76,0.0,0.0,0.0,0.0,0.0,0.0,0.0,0.0,0.0,0.0,0.0,0.0,0.0,0.0,0.0,0.0,0.0,0.0
Median hourly earnings,Persons,Total,Total,Aug-77,0.0,0.0,0.0,0.0,0.0,0.0,0.0,0.0,0.0,0.0,0.0,0.0,0.0,0.0,0.0,0.0,0.0,0.0
Median hourly earnings,Persons,Total,Total,Aug-78,0.0,0.0,0.0,0.0,0.0,0.0,0.0,0.0,0.0,0.0,0.0,0.0,0.0,0.0,0.0,0.0,0.0,0.0
Median hourly earnings,Persons,Total,Total,Aug-79,0.0,0.0,0.0,0.0,0.0,0.0,0.0,0.0,0.0,0.0,0.0,0.0,0.0,0.0,0.0,0.0,0.0,0.0
Median hourly earnings,Persons,Total,Total,Aug-80,0.0,0.0,0.0,0.0,0.0,0.0,0.0,0.0,0.0,0.0,0.0,0.0,0.0,0.0,0.0,0.0,0.0,0.0
Median hourly earnings,Persons,Total,Total,Aug-81,0.0,0.0,0.0,0.0,0.0,0.0,0.0,0.0,0.0,0.0,0.0,0.0,0.0,0.0,0.0,0.0,0.0,0.0
Median hourly earnings,Persons,Total,Total,Aug-82,0.0,0.0,0.0,0.0,0.0,0.0,0.0,0.0,0.0,0.0,0.0,0.0,0.0,0.0,0.0,0.0,0.0,0.0
Median hourly earnings,Persons,Total,Total,Aug-83,0.0,0.0,0.0,0.0,0.0,0.0,0.0,0.0,0.0,0.0,0.0,0.0,0.0,0.0,0.0,0.0,0.0,0.0
Median hourly earnings,Persons,Total,Total,Aug-84,0.0,0.0,0.0,0.0,0.0,0.0,0.0,0.0,0.0,0.0,0.0,0.0,0.0,0.0,0.0,0.0,0.0,0.0
Median hourly earnings,Persons,Total,Total,Aug-85,0.0,0.0,0.0,0.0,0.0,0.0,0.0,0.0,0.0,0.0,0.0,0.0,0.0,0.0,0.0,0.0,0.0,0.0
Median hourly earnings,Persons,Total,Total,Aug-86,0.0,0.0,0.0,0.0,0.0,0.0,0.0,0.0,0.0,0.0,0.0,0.0,0.0,0.0,0.0,0.0,0.0,0.0
Median hourly earnings,Persons,Total,Total,Aug-87,0.0,0.0,0.0,0.0,0.0,0.0,0.0,0.0,0.0,0.0,0.0,0.0,0.0,0.0,0.0,0.0,0.0,0.0
Median hourly earnings,Persons,Total,Total,Aug-88,0.0,0.0,0.0,0.0,0.0,0.0,0.0,0.0,0.0,0.0,0.0,0.0,0.0,0.0,0.0,0.0,0.0,0.0
Median hourly earnings,Persons,Total,Total,Aug-89,10.9,0.0,10.6,0.0,10.0,0.0,10.5,0.0,10.6,0.0,10.5,0.0,11.9,0.0,12.5,0.0,10.6,0.0
Median hourly earnings,Persons,Total,Total,Aug-90,0.0,0.0,0.0,0.0,0.0,0.0,0.0,0.0,0.0,0.0,0.0,0.0,0.0,0.0,0.0,0.0,0.0,0.0
Median hourly earnings,Persons,Total,Total,Jul-91,0.0,0.0,0.0,0.0,0.0,0.0,0.0,0.0,0.0,0.0,0.0,0.0,0.0,0.0,0.0,0.0,0.0,0.0
Median hourly earnings,Persons,Total,Total,Aug-92,12.5,0.0,12.5,0.6,11.6,0.8,12.0,0.7,12.1,0.8,12.0,0.9,13.2,2.2,14.2,1.5,12.3,0.7
Median hourly earnings,Persons,Total,Total,Aug-93,13.2,0.7,13.2,0.4,12.1,0.8,12.8,1.3,12.8,1.3,12.5,0.8,14.1,3.1,15.5,2.0,13.0,0.5
Median hourly earnings,Persons,Total,Total,Aug-94,13.5,0.7,13.5,0.5,12.5,0.6,12.9,1.0,13.2,0.7,12.6,1.1,14.2,3.2,15.5,1.1,13.2,0.1
Median hourly earnings,Persons,Total,Total,Aug-95,14.0,1.1,13.5,0.5,12.9,1.2,13.5,0.8,13.2,0.7,13.2,1.1,13.5,2.5,15.7,1.5,13.5,0.0
Median hourly earnings,Persons,Total,Total,Aug-96,0.0,0.0,0.0,0.0,0.0,0.0,0.0,0.0,0.0,0.0,0.0,0.0,0.0,0.0,0.0,0.0,0.0,0.0
Median hourly earnings,Persons,Total,Total,Aug-97,15.0,0.5,14.5,0.8,13.8,0.6,14.2,1.1,14.3,1.3,14.0,1.1,15.0,3.8,17.5,1.8,14.5,0.3
Median hourly earnings,Persons,Total,Total,Aug-98,15.6,0.9,15.0,0.7,14.3,0.8,14.5,1.1,14.5,1.4,14.3,1.4,15.8,2.0,17.7,2.0,15.0,0.2
Median hourly earnings,Persons,Total,Total,Aug-99,16.3,0.7,15.2,0.8,14.6,0.8,15.0,0.7,15.4,1.0,14.5,1.3,16.2,2.1,18.2,2.0,15.5,0.4
Median hourly earnings,Persons,Total,Total,Aug-00,16.7,1.0,16.3,0.9,15.3,1.1,15.8,0.8,15.8,0.8,15.5,1.6,18.0,3.0,19.9,2.8,16.2,0.5
Median hourly earnings,Persons,Total,Total,Aug-01,17.4,0.8,16.7,1.0,15.8,0.6,16.4,0.7,16.0,0.7,16.1,1.1,17.8,2.0,20.0,1.3,16.7,0.3
Median hourly earnings,Persons,Total,Total,Aug-02,18.2,0.8,17.3,0.8,16.5,1.0,17.0,0.7,17.2,1.0,16.2,1.9,19.5,2.7,20.7,1.8,17.5,0.3
Median hourly earnings,Persons,Total,Total,Aug-03,18.8,0.8,17.9,1.0,16.8,0.9,17.5,0.9,17.5,1.5,17.2,1.5,18.6,2.9,21.7,2.1,17.9,0.4
Median hourly earnings,Persons,Total,Total,Aug-04,19.5,1.3,19.0,1.0,17.5,0.6,18.4,1.0,18.0,1.0,18.1,1.8,20.3,2.2,22.8,2.0,18.8,0.3
Median hourly earnings,Persons,Total,Total,Aug-05,20.0,0.7,20.0,0.4,18.8,0.8,19.1,0.8,19.4,1.1,18.5,1.5,20.0,1.0,23.5,2.0,19.7,0.6
Median hourly earnings,Persons,Total,Total,Aug-06,21.1,0.7,20.2,0.8,19.5,0.8,19.8,0.9,20.0,0.3,19.0,1.9,21.1,2.7,25.0,1.8,20.1,0.4
Median hourly earnings,Persons,Total,Total,Aug-07,21.7,0.8,21.4,0.8,20.5,1.1,20.6,1.0,21.4,1.1,19.8,1.0,23.6,4.2,28.1,1.6,21.3,0.4
Median hourly earnings,Persons,Total,Total,Aug-08,23.3,0.8,22.2,0.9,21.9,1.1,21.2,1.2,23.6,1.4,21.0,1.5,23.7,2.7,27.9,2.2,22.5,0.3
Median hourly earnings,Persons,Total,Total,Aug-09,23.8,0.9,22.8,1.1,22.5,1.0,22.5,1.2,24.3,1.3,22.3,1.5,26.3,4.5,30.0,2.4,23.3,0.7
Median hourly earnings,Persons,Total,Total,Aug-10,25.0,0.3,23.8,0.6,23.6,0.9,23.3,0.9,26.2,1.6,22.7,1.7,26.3,2.1,29.9,2.3,24.4,0.8
Median hourly earnings,Persons,Total,Total,Aug-11,25.0,0.8,25.0,0.4,25.0,0.6,24.6,1.1,26.3,1.8,23.5,1.5,26.5,2.8,30.7,2.2,25.0,0.0
Median hourly earnings,Persons,Total,Total,Aug-12,26.3,0.8,25.1,1.0,25.4,1.2,25.0,0.7,28.3,1.1,25.0,0.9,28.6,2.4,32.4,1.5,26.3,0.3
Median hourly earnings,Persons,Total,Total,Aug-13,26.5,1.0,25.5,1.1,25.9,1.0,25.7,1.1,28.8,1.2,25.0,0.8,30.2,2.0,33.4,2.9,26.3,0.3
Median hourly earnings,Persons,Total,Total,Aug-14,29.0,1.1,27.7,1.1,27.5,1.1,26.6,0.9,31.3,1.6,25.7,1.3,33.2,2.6,37.0,2.3,28.6,0.6
Median hourly earnings,Persons,Total,Total,Aug-15,29.2,1.2,28.6,1.2,27.6,0.7,28.1,1.0,30.9,1.1,26.2,1.9,30.0,0.7,37.1,2.0,28.8,0.4
Median hourly earnings,Persons,Total,Total,Aug-16,30.0,0.2,29.0,1.2,28.2,1.0,28.5,1.1,30.9,1.3,27.1,1.4,32.4,2.3,36.9,2.4,29.5,0.6
Median hourly earnings,Persons,Total,Total,Aug-17,30.0,0.8,30.0,0.8,29.3,1.1,28.7,1.5,32.0,1.6,28.3,1.2,32.5,2.0,37.5,2.4,30.0,0.2
Median hourly earnings,Persons,Total,Total,Aug-18,31.7,0.8,31.4,0.9,30.0,0.8,30.0,1.2,33.2,1.6,30.0,1.5,32.9,1.8,38.6,2.7,31.3,0.3
Median hourly earnings,Persons,Total,Total,Aug-19,33.1,0.9,32.0,1.1,31.3,0.9,31.0,1.1,35.0,1.9,31.6,2.2,34.0,1.8,40.1,2.7,32.5,0.5
Median hourly earnings,Persons,Total,Total,Aug-20,36.1,1.0,37.4,1.3,34.1,1.6,33.0,1.0,38.0,1.2,33.3,1.8,35.0,2.8,43.5,1.7,36.0,0.7
Median hourly earnings,Persons,Total,Total,Aug-21,37.5,0.9,36.1,1.0,33.5,1.0,34.1,1.2,36.2,1.3,32.1,1.0,37.5,2.5,45.9,3.0,35.9,0.5
Median hourly earnings,Persons,Total,Total,Aug-22,37.1,0.8,37.6,0.6,35.8,1.4,34.4,1.1,38.0,1.7,34.2,1.7,40.0,2.5,46.8,3.1,37.1,0.5
Median hourly earnings,Persons,Total,Total,Aug-23,40.5,0.6,39.9,0.9,38.5,1.4,37.5,1.1,39.5,1.5,37.5,1.5,41.5,2.0,45.5,2.3,39.7,0.3
Median hourly earnings,Persons,Total,Total,Aug-24,40.0,0.7,41.0,1.2,39.5,1.0,36.9,0.9,41.7,1.2,36.3,1.8,42.5,2.4,47.4,1.7,40.0,0.2
Median hourly earnings,   Males,Full-time,With leave entitlements,Aug-75,0.0,0.0,0.0,0.0,0.0,0.0,0.0,0.0,0.0,0.0,0.0,0.0,0.0,0.0,0.0,0.0,0.0,0.0
Median hourly earnings,   Males,Full-time,With leave entitlements,Aug-76,0.0,0.0,0.0,0.0,0.0,0.0,0.0,0.0,0.0,0.0,0.0,0.0,0.0,0.0,0.0,0.0,0.0,0.0
Median hourly earnings,   Males,Full-time,With leave entitlements,Aug-77,0.0,0.0,0.0,0.0,0.0,0.0,0.0,0.0,0.0,0.0,0.0,0.0,0.0,0.0,0.0,0.0,0.0,0.0
Median hourly earnings,   Males,Full-time,With leave entitlements,Aug-78,0.0,0.0,0.0,0.0,0.0,0.0,0.0,0.0,0.0,0.0,0.0,0.0,0.0,0.0,0.0,0.0,0.0,0.0
Median hourly earnings,   Males,Full-time,With leave entitlements,Aug-79,0.0,0.0,0.0,0.0,0.0,0.0,0.0,0.0,0.0,0.0,0.0,0.0,0.0,0.0,0.0,0.0,0.0,0.0
Median hourly earnings,   Males,Full-time,With leave entitlements,Aug-80,0.0,0.0,0.0,0.0,0.0,0.0,0.0,0.0,0.0,0.0,0.0,0.0,0.0,0.0,0.0,0.0,0.0,0.0
Median hourly earnings,   Males,Full-time,With leave entitlements,Aug-81,0.0,0.0,0.0,0.0,0.0,0.0,0.0,0.0,0.0,0.0,0.0,0.0,0.0,0.0,0.0,0.0,0.0,0.0
Median hourly earnings,   Males,Full-time,With leave entitlements,Aug-82,0.0,0.0,0.0,0.0,0.0,0.0,0.0,0.0,0.0,0.0,0.0,0.0,0.0,0.0,0.0,0.0,0.0,0.0
Median hourly earnings,   Males,Full-time,With leave entitlements,Aug-83,0.0,0.0,0.0,0.0,0.0,0.0,0.0,0.0,0.0,0.0,0.0,0.0,0.0,0.0,0.0,0.0,0.0,0.0
Median hourly earnings,   Males,Full-time,With leave entitlements,Aug-84,0.0,0.0,0.0,0.0,0.0,0.0,0.0,0.0,0.0,0.0,0.0,0.0,0.0,0.0,0.0,0.0,0.0,0.0
Median hourly earnings,   Males,Full-time,With leave entitlements,Aug-85,0.0,0.0,0.0,0.0,0.0,0.0,0.0,0.0,0.0,0.0,0.0,0.0,0.0,0.0,0.0,0.0,0.0,0.0
Median hourly earnings,   Males,Full-time,With leave entitlements,Aug-86,0.0,0.0,0.0,0.0,0.0,0.0,0.0,0.0,0.0,0.0,0.0,0.0,0.0,0.0,0.0,0.0,0.0,0.0
Median hourly earnings,   Males,Full-time,With leave entitlements,Aug-87,0.0,0.0,0.0,0.0,0.0,0.0,0.0,0.0,0.0,0.0,0.0,0.0,0.0,0.0,0.0,0.0,0.0,0.0
Median hourly earnings,   Males,Full-time,With leave entitlements,Aug-88,0.0,0.0,0.0,0.0,0.0,0.0,0.0,0.0,0.0,0.0,0.0,0.0,0.0,0.0,0.0,0.0,0.0,0.0
Median hourly earnings,   Males,Full-time,With leave entitlements,Aug-89,11.5,0.0,11.4,0.0,10.8,0.0,11.1,0.0,11.5,0.0,11.1,0.0,12.8,0.0,14.6,0.0,11.5,0.0
Median hourly earnings,   Males,Full-time,With leave entitlements,Aug-90,0.0,0.0,0.0,0.0,0.0,0.0,0.0,0.0,0.0,0.0,0.0,0.0,0.0,0.0,0.0,0.0,0.0,0.0
Median hourly earnings,   Males,Full-time,With leave entitlements,Jul-91,0.0,0.0,0.0,0.0,0.0,0.0,0.0,0.0,0.0,0.0,0.0,0.0,0.0,0.0,0.0,0.0,0.0,0.0
Median hourly earnings,   Males,Full-time,With leave entitlements,Aug-92,13.2,0.7,13.2,0.7,12.5,1.3,12.5,1.8,13.5,1.4,12.5,1.7,14.2,2.9,16.1,3.2,13.2,0.0
Median hourly earnings,   Males,Full-time,With leave entitlements,Aug-93,14.2,0.9,13.9,1.3,13.1,1.8,13.5,1.2,14.1,1.5,13.2,1.7,15.3,4.7,17.7,3.3,13.8,0.7
Median hourly earnings,   Males,Full-time,With leave entitlements,Aug-94,14.3,0.5,14.5,0.7,13.5,1.1,13.5,1.3,14.7,1.8,13.5,2.0,15.5,4.6,17.8,1.5,14.2,0.4
Median hourly earnings,   Males,Full-time,With leave entitlements,Aug-95,15.4,0.4,14.3,0.9,13.9,1.3,14.2,1.6,14.9,1.7,14.2,1.8,14.9,4.5,18.8,3.4,14.6,0.5
Median hourly earnings,   Males,Full-time,With leave entitlements,Aug-96,0.0,0.0,0.0,0.0,0.0,0.0,0.0,0.0,0.0,0.0,0.0,0.0,0.0,0.0,0.0,0.0,0.0,0.0
Median hourly earnings,   Males,Full-time,With leave entitlements,Aug-97,16.3,1.4,15.9,1.2,15.6,1.4,15.5,1.4,16.7,1.6,14.8,1.5,17.8,6.3,20.4,2.2,16.0,0.7
Median hourly earnings,   Males,Full-time,With leave entitlements,Aug-98,17.1,1.1,16.6,1.2,15.8,1.6,15.9,1.2,16.5,1.8,15.3,2.8,17.2,7.9,21.4,2.0,16.7,0.7
Median hourly earnings,   Males,Full-time,With leave entitlements,Aug-99,18.1,1.3,17.1,1.6,16.3,1.1,16.9,2.0,18.1,1.8,15.8,1.6,17.9,3.2,21.4,2.9,17.4,0.6
Median hourly earnings,   Males,Full-time,With leave entitlements,Aug-00,18.7,1.7,18.8,1.3,17.5,1.6,17.3,1.9,18.6,1.6,16.5,2.3,20.5,4.0,23.6,1.8,18.3,0.8
Median hourly earnings,   Males,Full-time,With leave entitlements,Aug-01,19.8,1.1,18.8,1.2,18.0,1.3,18.0,1.2,19.1,1.9,17.3,2.5,19.2,3.1,23.0,3.0,18.8,0.7
Median hourly earnings,   Males,Full-time,With leave entitlements,Aug-02,20.2,1.0,19.7,1.0,18.8,1.7,18.8,1.1,20.0,1.4,17.5,3.0,21.1,4.4,23.7,3.4,19.8,0.3
Median hourly earnings,   Males,Full-time,With leave entitlements,Aug-03,21.1,1.6,20.0,1.2,19.7,1.0,19.5,1.6,20.2,1.7,18.8,3.1,19.5,6.7,24.9,2.8,20.2,0.7
Median hourly earnings,   Males,Full-time,With leave entitlements,Aug-04,22.0,1.7,21.3,1.5,20.0,1.3,20.0,2.2,21.1,1.9,20.0,2.5,22.3,5.5,26.3,2.9,21.2,0.6
Median hourly earnings,   Males,Full-time,With leave entitlements,Aug-05,22.8,1.6,22.4,1.0,20.8,1.5,21.2,1.8,22.5,1.6,19.7,2.9,22.6,3.6,26.3,2.3,22.2,0.8
Median hourly earnings,   Males,Full-time,With leave entitlements,Aug-06,23.8,1.3,23.1,1.3,22.4,1.3,22.5,1.7,23.7,1.8,21.3,2.9,23.7,4.2,28.2,2.0,23.3,0.7
Median hourly earnings,   Males,Full-time,With leave entitlements,Aug-07,25.0,1.2,23.9,1.4,23.7,1.1,23.5,1.5,25.0,1.5,21.3,2.7,26.6,4.8,32.9,2.8,24.3,1.1
Median hourly earnings,   Males,Full-time,With leave entitlements,Aug-08,26.1,1.7,25.0,1.9,25.0,1.6,23.6,1.9,27.3,1.9,22.5,2.8,26.4,5.5,32.5,2.0,25.1,0.9
Median hourly earnings,   Males,Full-time,With leave entitlements,Aug-09,28.0,1.4,25.9,1.6,26.3,2.0,25.0,1.9,28.8,2.6,25.0,3.2,31.5,5.4,33.8,2.9,26.8,1.0
Median hourly earnings,   Males,Full-time,With leave entitlements,Aug-10,28.3,1.4,26.5,1.2,27.5,1.2,26.0,1.6,31.5,2.6,25.0,2.7,30.0,3.7,34.0,2.3,27.9,0.8
Median hourly earnings,   Males,Full-time,With leave entitlements,Aug-11,30.0,1.6,27.9,1.8,29.0,1.9,26.3,1.3,32.4,2.0,25.2,1.3,29.6,5.0,33.7,4.3,29.2,0.7
Median hourly earnings,   Males,Full-time,With leave entitlements,Aug-12,30.3,0.9,28.8,1.7,30.0,1.1,27.8,2.1,34.5,2.3,27.5,2.7,32.5,3.6,37.5,3.4,30.0,0.2
Median hourly earnings,   Males,Full-time,With leave entitlements,Aug-13,31.4,1.8,29.0,1.3,31.2,1.6,29.8,1.9,34.2,2.9,27.0,2.3,36.8,3.6,38.2,3.9,31.1,1.0
Median hourly earnings,   Males,Full-time,With leave entitlements,Aug-14,33.9,1.6,32.5,1.7,32.5,1.8,30.0,1.5,38.7,2.5,28.1,3.3,38.4,2.4,41.2,3.7,33.3,0.9
Median hourly earnings,   Males,Full-time,With leave entitlements,Aug-15,34.4,1.8,32.9,2.1,31.2,1.0,31.6,1.8,36.0,2.3,28.0,3.3,33.3,2.7,41.9,2.5,33.3,0.7
Median hourly earnings,   Males,Full-time,With leave entitlements,Aug-16,34.2,1.7,33.5,1.9,31.9,2.1,32.2,2.0,37.5,1.3,30.8,2.5,37.5,4.6,41.2,3.0,34.1,1.1
Median hourly earnings,   Males,Full-time,With leave entitlements,Aug-17,35.5,2.4,35.0,2.3,34.2,1.9,31.6,1.7,37.8,2.6,31.9,3.5,37.8,3.7,45.0,4.0,35.1,0.9
Median hourly earnings,   Males,Full-time,With leave entitlements,Aug-18,37.5,1.5,35.8,1.6,35.1,1.6,33.8,2.5,38.9,1.8,32.1,1.4,37.5,2.7,42.2,3.2,36.8,1.0
Median hourly earnings,   Males,Full-time,With leave entitlements,Aug-19,38.4,1.8,37.5,1.4,36.0,1.7,34.9,2.6,40.6,1.7,36.1,2.5,37.5,2.8,45.1,3.7,37.8,0.6
Median hourly earnings,   Males,Full-time,With leave entitlements,Aug-20,40.4,1.5,41.5,2.2,37.5,2.5,36.5,2.2,45.0,1.9,36.8,2.9,40.0,2.2,48.6,4.2,40.1,0.6
Median hourly earnings,   Males,Full-time,With leave entitlements,Aug-21,44.4,1.5,42.0,2.2,40.0,2.1,38.8,2.2,43.8,2.1,35.0,2.5,42.6,5.3,49.2,2.4,42.0,0.7
Median hourly earnings,   Males,Full-time,With leave entitlements,Aug-22,43.7,1.7,42.5,1.3,42.3,2.6,37.6,2.1,46.5,2.3,38.5,3.4,44.3,3.0,52.2,2.5,42.8,1.0
Median hourly earnings,   Males,Full-time,With leave entitlements,Aug-23,46.1,1.4,46.0,1.8,43.8,2.1,42.9,2.2,46.8,4.1,40.9,3.5,45.0,3.5,49.1,3.3,45.5,0.9
Median hourly earnings,   Males,Full-time,With leave entitlements,Aug-24,45.0,1.7,47.5,1.9,44.9,2.7,42.1,2.3,50.0,1.9,38.0,3.6,50.0,3.5,51.9,2.3,46.5,1.3
Median hourly earnings,   Males,Full-time,Without leave entitlements,Aug-75,0.0,0.0,0.0,0.0,0.0,0.0,0.0,0.0,0.0,0.0,0.0,0.0,0.0,0.0,0.0,0.0,0.0,0.0
Median hourly earnings,   Males,Full-time,Without leave entitlements,Aug-76,0.0,0.0,0.0,0.0,0.0,0.0,0.0,0.0,0.0,0.0,0.0,0.0,0.0,0.0,0.0,0.0,0.0,0.0
Median hourly earnings,   Males,Full-time,Without leave entitlements,Aug-77,0.0,0.0,0.0,0.0,0.0,0.0,0.0,0.0,0.0,0.0,0.0,0.0,0.0,0.0,0.0,0.0,0.0,0.0
Median hourly earnings,   Males,Full-time,Without leave entitlements,Aug-78,0.0,0.0,0.0,0.0,0.0,0.0,0.0,0.0,0.0,0.0,0.0,0.0,0.0,0.0,0.0,0.0,0.0,0.0
Median hourly earnings,   Males,Full-time,Without leave entitlements,Aug-79,0.0,0.0,0.0,0.0,0.0,0.0,0.0,0.0,0.0,0.0,0.0,0.0,0.0,0.0,0.0,0.0,0.0,0.0
Median hourly earnings,   Males,Full-time,Without leave entitlements,Aug-80,0.0,0.0,0.0,0.0,0.0,0.0,0.0,0.0,0.0,0.0,0.0,0.0,0.0,0.0,0.0,0.0,0.0,0.0
Median hourly earnings,   Males,Full-time,Without leave entitlements,Aug-81,0.0,0.0,0.0,0.0,0.0,0.0,0.0,0.0,0.0,0.0,0.0,0.0,0.0,0.0,0.0,0.0,0.0,0.0
Median hourly earnings,   Males,Full-time,Without leave entitlements,Aug-82,0.0,0.0,0.0,0.0,0.0,0.0,0.0,0.0,0.0,0.0,0.0,0.0,0.0,0.0,0.0,0.0,0.0,0.0
Median hourly earnings,   Males,Full-time,Without leave entitlements,Aug-83,0.0,0.0,0.0,0.0,0.0,0.0,0.0,0.0,0.0,0.0,0.0,0.0,0.0,0.0,0.0,0.0,0.0,0.0
Median hourly earnings,   Males,Full-time,Without leave entitlements,Aug-84,0.0,0.0,0.0,0.0,0.0,0.0,0.0,0.0,0.0,0.0,0.0,0.0,0.0,0.0,0.0,0.0,0.0,0.0
Median hourly earnings,   Males,Full-time,Without leave entitlements,Aug-85,0.0,0.0,0.0,0.0,0.0,0.0,0.0,0.0,0.0,0.0,0.0,0.0,0.0,0.0,0.0,0.0,0.0,0.0
Median hourly earnings,   Males,Full-time,Without leave entitlements,Aug-86,0.0,0.0,0.0,0.0,0.0,0.0,0.0,0.0,0.0,0.0,0.0,0.0,0.0,0.0,0.0,0.0,0.0,0.0
Median hourly earnings,   Males,Full-time,Without leave entitlements,Aug-87,0.0,0.0,0.0,0.0,0.0,0.0,0.0,0.0,0.0,0.0,0.0,0.0,0.0,0.0,0.0,0.0,0.0,0.0
Median hourly earnings,   Males,Full-time,Without leave entitlements,Aug-88,0.0,0.0,0.0,0.0,0.0,0.0,0.0,0.0,0.0,0.0,0.0,0.0,0.0,0.0,0.0,0.0,0.0,0.0
Median hourly earnings,   Males,Full-time,Without leave entitlements,Aug-89,10.5,0.0,9.7,0.0,10.5,0.0,9.4,0.0,11.5,0.0,10.9,0.0,11.3,0.0,10.2,0.0,10.4,0.0
Median hourly earnings,   Males,Full-time,Without leave entitlements,Aug-90,0.0,0.0,0.0,0.0,0.0,0.0,0.0,0.0,0.0,0.0,0.0,0.0,0.0,0.0,0.0,0.0,0.0,0.0
Median hourly earnings,   Males,Full-time,Without leave entitlements,Jul-91,0.0,0.0,0.0,0.0,0.0,0.0,0.0,0.0,0.0,0.0,0.0,0.0,0.0,0.0,0.0,0.0,0.0,0.0
Median hourly earnings,   Males,Full-time,Without leave entitlements,Aug-92,11.1,3.8,11.1,4.0,10.8,2.4,11.2,3.4,11.5,4.1,11.5,4.9,12.5,20.6,11.0,18.8,11.1,2.0
Median hourly earnings,   Males,Full-time,Without leave entitlements,Aug-93,12.9,3.0,12.0,3.1,11.5,3.3,11.3,4.1,12.5,4.0,10.7,5.1,12.2,5.9,14.4,6.4,12.4,1.4
Median hourly earnings,   Males,Full-time,Without leave entitlements,Aug-94,12.5,3.2,12.4,3.6,12.0,2.6,11.1,3.4,13.5,3.1,12.5,2.7,13.3,7.5,12.5,5.2,12.3,1.0
Median hourly earnings,   Males,Full-time,Without leave entitlements,Aug-95,12.7,3.9,12.5,2.9,12.4,2.7,12.4,2.3,13.7,8.2,11.6,6.8,12.5,6.4,13.4,11.1,12.5,1.2
Median hourly earnings,   Males,Full-time,Without leave entitlements,Aug-96,0.0,0.0,0.0,0.0,0.0,0.0,0.0,0.0,0.0,0.0,0.0,0.0,0.0,0.0,0.0,0.0,0.0,0.0
Median hourly earnings,   Males,Full-time,Without leave entitlements,Aug-97,13.5,3.8,15.0,4.5,13.6,3.0,13.3,2.7,14.9,6.1,13.7,3.4,14.3,9.2,14.5,21.0,13.8,1.8
Median hourly earnings,   Males,Full-time,Without leave entitlements,Aug-98,15.0,2.4,13.8,3.3,13.2,3.2,13.1,2.4,15.4,4.4,13.0,3.3,16.2,7.9,14.8,8.3,14.0,1.7
Median hourly earnings,   Males,Full-time,Without leave entitlements,Aug-99,15.9,2.7,14.3,3.0,14.2,2.9,14.1,5.2,15.6,2.8,14.0,5.4,15.4,7.9,16.4,9.6,15.0,0.5
Median hourly earnings,   Males,Full-time,Without leave entitlements,Aug-00,15.5,2.1,14.4,2.0,14.5,3.0,15.2,4.2,16.4,4.4,15.0,3.4,15.9,19.6,19.4,10.1,15.0,1.2
Median hourly earnings,   Males,Full-time,Without leave entitlements,Aug-01,16.1,2.8,15.8,3.6,15.0,2.0,15.0,2.8,15.5,3.8,14.9,5.6,15.2,16.1,20.0,11.7,15.6,1.3
Median hourly earnings,   Males,Full-time,Without leave entitlements,Aug-02,16.6,3.6,16.3,3.0,15.4,2.1,15.2,3.7,16.7,4.1,14.9,5.0,18.0,11.5,17.7,20.1,16.0,1.7
Median hourly earnings,   Males,Full-time,Without leave entitlements,Aug-03,17.2,3.3,16.6,4.6,16.3,2.2,16.3,3.5,17.8,5.3,16.7,5.6,18.4,7.6,24.8,15.6,16.7,1.5
Median hourly earnings,   Males,Full-time,Without leave entitlements,Aug-04,18.3,3.3,17.5,3.1,17.1,1.7,17.9,3.4,17.5,3.6,16.1,4.6,18.2,20.3,20.2,13.5,17.5,1.2
Median hourly earnings,   Males,Full-time,Without leave entitlements,Aug-05,17.5,3.5,17.5,1.8,18.5,3.4,18.4,3.5,19.0,5.8,17.5,3.8,18.8,5.2,20.1,10.0,18.0,1.7
Median hourly earnings,   Males,Full-time,Without leave entitlements,Aug-06,20.0,3.8,19.2,2.5,20.0,1.7,19.1,2.7,20.9,5.3,18.6,6.3,17.3,8.8,25.0,18.4,20.0,0.8
Median hourly earnings,   Males,Full-time,Without leave entitlements,Aug-07,20.2,1.9,21.0,3.0,20.0,1.7,19.3,3.4,24.1,3.4,19.8,3.5,20.4,11.6,27.5,9.2,20.5,1.3
Median hourly earnings,   Males,Full-time,Without leave entitlements,Aug-08,22.0,3.8,20.9,5.1,22.5,3.1,21.0,4.3,25.0,9.2,20.0,6.0,22.2,7.8,22.5,12.3,22.0,1.5
Median hourly earnings,   Males,Full-time,Without leave entitlements,Aug-09,20.5,3.1,21.3,4.9,22.4,4.3,21.6,4.4,23.9,6.8,22.0,2.7,22.9,14.3,38.7,28.4,21.8,1.7
Median hourly earnings,   Males,Full-time,Without leave entitlements,Aug-10,22.7,3.0,22.5,4.2,22.9,2.2,22.4,3.0,25.0,6.2,22.1,2.7,22.7,9.7,25.9,16.3,22.9,1.5
Median hourly earnings,   Males,Full-time,Without leave entitlements,Aug-11,22.6,3.7,22.5,2.3,24.1,2.8,22.0,3.7,28.9,6.2,24.5,5.3,22.8,14.6,24.7,25.8,23.3,1.8
Median hourly earnings,   Males,Full-time,Without leave entitlements,Aug-12,24.3,3.7,23.3,4.9,23.8,3.0,24.9,3.9,27.7,4.1,25.0,5.4,25.2,14.5,33.8,29.8,24.7,1.4
Median hourly earnings,   Males,Full-time,Without leave entitlements,Aug-13,24.5,3.1,25.0,3.3,25.4,3.7,23.4,3.1,29.9,5.1,25.0,4.5,28.5,10.7,26.1,9.8,25.0,1.2
Median hourly earnings,   Males,Full-time,Without leave entitlements,Aug-14,25.0,3.7,23.3,3.2,25.1,3.5,24.0,2.6,32.5,4.5,25.6,6.8,31.3,6.6,35.3,17.1,25.4,1.3
Median hourly earnings,   Males,Full-time,Without leave entitlements,Aug-15,25.0,2.4,25.0,3.6,26.5,3.2,25.5,4.6,30.0,5.3,23.6,5.3,26.1,6.4,28.0,21.6,25.7,1.6
Median hourly earnings,   Males,Full-time,Without leave entitlements,Aug-16,26.4,3.0,27.1,4.8,26.3,2.4,27.9,6.5,28.0,3.9,26.3,5.8,29.1,5.7,32.6,15.6,26.7,1.5
Median hourly earnings,   Males,Full-time,Without leave entitlements,Aug-17,25.0,2.2,26.3,2.9,26.7,2.5,25.0,4.1,29.0,7.0,25.8,4.9,26.3,2.9,30.0,6.7,26.3,1.3
Median hourly earnings,   Males,Full-time,Without leave entitlements,Aug-18,27.9,3.8,28.0,3.8,29.5,2.8,27.7,3.0,36.0,5.0,27.5,5.7,28.9,8.0,37.8,30.7,29.7,1.5
Median hourly earnings,   Males,Full-time,Without leave entitlements,Aug-19,27.3,4.5,28.6,5.2,30.0,4.2,28.0,4.9,31.3,6.1,28.4,8.1,31.0,11.4,33.0,52.9,29.0,1.7
Median hourly earnings,   Males,Full-time,Without leave entitlements,Aug-20,30.8,2.3,31.4,4.7,28.6,3.7,29.0,3.2,33.3,3.6,26.7,3.4,33.9,9.4,46.3,30.7,30.4,1.2
Median hourly earnings,   Males,Full-time,Without leave entitlements,Aug-21,32.2,4.3,32.1,3.1,31.1,3.0,30.0,3.7,39.4,3.1,28.3,11.3,32.0,3.3,59.0,15.1,32.0,1.5
Median hourly earnings,   Males,Full-time,Without leave entitlements,Aug-22,29.0,1.8,30.7,1.8,32.5,2.7,31.7,2.7,36.0,3.3,29.8,2.9,35.0,8.3,50.9,33.9,31.3,1.3
Median hourly earnings,   Males,Full-time,Without leave entitlements,Aug-23,35.1,4.6,35.0,5.3,35.7,5.1,30.0,3.5,40.0,3.9,31.4,4.2,36.5,13.8,56.6,13.5,35.4,2.4
Median hourly earnings,   Males,Full-time,Without leave entitlements,Aug-24,34.2,3.0,40.5,6.4,36.5,3.1,36.5,3.3,44.3,4.5,33.4,9.3,37.0,7.7,56.5,17.6,37.5,2.3
Median hourly earnings,   Males,Full-time,Total,Aug-75,0.0,0.0,0.0,0.0,0.0,0.0,0.0,0.0,0.0,0.0,0.0,0.0,0.0,0.0,0.0,0.0,0.0,0.0
Median hourly earnings,   Males,Full-time,Total,Aug-76,0.0,0.0,0.0,0.0,0.0,0.0,0.0,0.0,0.0,0.0,0.0,0.0,0.0,0.0,0.0,0.0,0.0,0.0
Median hourly earnings,   Males,Full-time,Total,Aug-77,0.0,0.0,0.0,0.0,0.0,0.0,0.0,0.0,0.0,0.0,0.0,0.0,0.0,0.0,0.0,0.0,0.0,0.0
Median hourly earnings,   Males,Full-time,Total,Aug-78,0.0,0.0,0.0,0.0,0.0,0.0,0.0,0.0,0.0,0.0,0.0,0.0,0.0,0.0,0.0,0.0,0.0,0.0
Median hourly earnings,   Males,Full-time,Total,Aug-79,0.0,0.0,0.0,0.0,0.0,0.0,0.0,0.0,0.0,0.0,0.0,0.0,0.0,0.0,0.0,0.0,0.0,0.0
Median hourly earnings,   Males,Full-time,Total,Aug-80,0.0,0.0,0.0,0.0,0.0,0.0,0.0,0.0,0.0,0.0,0.0,0.0,0.0,0.0,0.0,0.0,0.0,0.0
Median hourly earnings,   Males,Full-time,Total,Aug-81,0.0,0.0,0.0,0.0,0.0,0.0,0.0,0.0,0.0,0.0,0.0,0.0,0.0,0.0,0.0,0.0,0.0,0.0
Median hourly earnings,   Males,Full-time,Total,Aug-82,0.0,0.0,0.0,0.0,0.0,0.0,0.0,0.0,0.0,0.0,0.0,0.0,0.0,0.0,0.0,0.0,0.0,0.0
Median hourly earnings,   Males,Full-time,Total,Aug-83,0.0,0.0,0.0,0.0,0.0,0.0,0.0,0.0,0.0,0.0,0.0,0.0,0.0,0.0,0.0,0.0,0.0,0.0
Median hourly earnings,   Males,Full-time,Total,Aug-84,0.0,0.0,0.0,0.0,0.0,0.0,0.0,0.0,0.0,0.0,0.0,0.0,0.0,0.0,0.0,0.0,0.0,0.0
Median hourly earnings,   Males,Full-time,Total,Aug-85,0.0,0.0,0.0,0.0,0.0,0.0,0.0,0.0,0.0,0.0,0.0,0.0,0.0,0.0,0.0,0.0,0.0,0.0
Median hourly earnings,   Males,Full-time,Total,Aug-86,0.0,0.0,0.0,0.0,0.0,0.0,0.0,0.0,0.0,0.0,0.0,0.0,0.0,0.0,0.0,0.0,0.0,0.0
Median hourly earnings,   Males,Full-time,Total,Aug-87,0.0,0.0,0.0,0.0,0.0,0.0,0.0,0.0,0.0,0.0,0.0,0.0,0.0,0.0,0.0,0.0,0.0,0.0
Median hourly earnings,   Males,Full-time,Total,Aug-88,0.0,0.0,0.0,0.0,0.0,0.0,0.0,0.0,0.0,0.0,0.0,0.0,0.0,0.0,0.0,0.0,0.0,0.0
Median hourly earnings,   Males,Full-time,Total,Aug-89,11.5,0.0,11.3,0.0,10.7,0.0,11.1,0.0,11.5,0.0,11.1,0.0,12.5,0.0,14.5,0.0,11.4,0.0
Median hourly earnings,   Males,Full-time,Total,Aug-90,0.0,0.0,0.0,0.0,0.0,0.0,0.0,0.0,0.0,0.0,0.0,0.0,0.0,0.0,0.0,0.0,0.0,0.0
Median hourly earnings,   Males,Full-time,Total,Jul-91,0.0,0.0,0.0,0.0,0.0,0.0,0.0,0.0,0.0,0.0,0.0,0.0,0.0,0.0,0.0,0.0,0.0,0.0
Median hourly earnings,   Males,Full-time,Total,Aug-92,13.2,0.8,13.2,0.6,12.5,0.2,12.5,1.3,13.5,1.2,12.5,2.1,13.6,2.3,15.8,3.1,13.2,0.3
Median hourly earnings,   Males,Full-time,Total,Aug-93,14.0,1.3,13.5,1.3,12.8,1.3,13.2,0.7,13.9,1.3,12.9,2.0,14.8,4.8,17.5,3.1,13.5,0.3
Median hourly earnings,   Males,Full-time,Total,Aug-94,14.2,1.0,14.5,0.5,13.2,1.2,13.2,0.7,14.5,1.7,13.5,1.7,15.4,4.8,17.6,1.9,14.2,0.4
Median hourly earnings,   Males,Full-time,Total,Aug-95,15.2,1.4,14.2,1.1,13.5,1.0,13.9,1.3,14.8,1.8,13.5,2.0,14.2,4.1,18.5,2.9,14.5,0.3
Median hourly earnings,   Males,Full-time,Total,Aug-96,0.0,0.0,0.0,0.0,0.0,0.0,0.0,0.0,0.0,0.0,0.0,0.0,0.0,0.0,0.0,0.0,0.0,0.0
Median hourly earnings,   Males,Full-time,Total,Aug-97,15.8,1.0,15.8,1.2,15.2,1.3,15.1,1.8,16.5,1.7,14.7,1.7,17.4,6.6,20.3,2.3,15.8,0.5
Median hourly earnings,   Males,Full-time,Total,Aug-98,16.8,1.3,16.3,1.0,15.4,1.3,15.5,1.3,16.3,1.7,15.0,2.1,17.1,6.6,21.1,2.5,16.3,0.6
Median hourly earnings,   Males,Full-time,Total,Aug-99,17.7,0.8,16.7,1.7,15.9,1.2,16.4,1.7,17.7,1.5,15.6,1.4,17.7,2.6,21.1,2.6,17.0,0.5
Median hourly earnings,   Males,Full-time,Total,Aug-00,18.1,1.5,18.2,1.7,17.0,1.6,16.9,1.9,18.3,1.4,16.3,2.1,20.0,3.5,23.3,1.5,17.8,0.7
Median hourly earnings,   Males,Full-time,Total,Aug-01,19.1,1.2,18.5,1.5,17.5,1.0,17.5,1.1,18.5,2.2,17.0,1.9,18.9,2.7,22.5,3.4,18.4,0.7
Median hourly earnings,   Males,Full-time,Total,Aug-02,20.0,0.8,19.5,1.3,18.4,1.4,18.3,1.5,19.7,1.1,17.2,3.1,20.2,4.0,23.7,2.9,19.3,0.7
Median hourly earnings,   Males,Full-time,Total,Aug-03,20.5,1.4,19.8,1.0,19.2,1.4,19.0,1.2,20.0,1.7,18.6,2.7,19.1,5.0,24.9,2.9,20.0,0.3
Median hourly earnings,   Males,Full-time,Total,Aug-04,21.3,1.8,21.1,1.1,19.6,1.4,19.7,1.5,20.5,1.3,19.5,1.6,22.0,4.4,25.9,3.1,20.7,0.8
Median hourly earnings,   Males,Full-time,Total,Aug-05,22.2,1.4,21.9,1.3,20.3,1.3,20.9,1.3,22.4,1.7,19.6,2.0,21.4,3.9,25.7,2.4,21.6,0.9
Median hourly earnings,   Males,Full-time,Total,Aug-06,23.5,1.2,22.5,0.8,21.9,1.4,21.7,1.7,23.3,1.8,21.1,3.2,22.5,4.4,28.0,1.7,22.7,0.6
Median hourly earnings,   Males,Full-time,Total,Aug-07,24.3,1.4,23.7,1.3,23.0,1.3,22.6,1.4,25.0,1.2,21.1,2.6,26.3,5.1,32.5,2.8,23.8,0.6
Median hourly earnings,   Males,Full-time,Total,Aug-08,25.5,1.3,24.8,1.3,24.4,1.5,22.7,1.6,27.0,1.7,22.2,2.3,25.1,3.8,32.1,2.2,25.0,0.3
Median hourly earnings,   Males,Full-time,Total,Aug-09,27.3,1.6,25.4,1.3,25.6,1.5,25.0,1.7,28.2,2.6,24.1,2.7,30.3,5.6,34.1,2.8,26.3,0.6
Median hourly earnings,   Males,Full-time,Total,Aug-10,27.5,1.2,26.3,0.9,26.3,1.0,25.0,1.6,31.1,2.1,24.5,2.7,29.0,4.0,33.7,2.8,27.3,0.5
Median hourly earnings,   Males,Full-time,Total,Aug-11,29.0,1.7,27.4,1.6,28.2,1.6,26.0,1.3,31.8,1.8,25.0,1.0,27.2,4.2,33.4,3.2,28.6,1.0
Median hourly earnings,   Males,Full-time,Total,Aug-12,30.0,0.9,27.9,1.3,29.0,1.7,27.5,1.8,33.3,2.6,27.0,2.4,31.6,3.4,37.5,3.5,29.6,0.8
Median hourly earnings,   Males,Full-time,Total,Aug-13,30.4,1.8,28.8,1.6,30.0,2.0,28.6,1.8,33.4,2.4,26.8,1.8,35.7,3.5,37.9,3.9,30.0,0.6
Median hourly earnings,   Males,Full-time,Total,Aug-14,32.9,1.8,31.6,1.5,31.3,1.9,29.0,1.6,37.5,2.5,27.6,2.4,37.5,2.4,40.6,3.7,32.5,0.8
Median hourly earnings,   Males,Full-time,Total,Aug-15,33.6,1.6,32.0,1.9,30.4,1.0,31.0,2.4,34.7,2.7,27.4,3.3,31.8,2.6,40.8,2.9,32.5,0.6
Median hourly earnings,   Males,Full-time,Total,Aug-16,32.9,1.4,32.9,1.4,30.9,1.2,31.6,1.7,36.0,1.7,29.8,2.8,36.5,4.0,40.8,3.2,32.8,0.7
Median hourly earnings,   Males,Full-time,Total,Aug-17,34.2,1.5,33.8,1.9,32.9,1.8,31.0,1.3,37.5,1.6,30.8,2.6,35.0,4.1,43.0,4.1,33.8,0.8
Median hourly earnings,   Males,Full-time,Total,Aug-18,36.8,1.5,35.0,1.7,34.0,1.7,32.2,2.4,38.8,2.1,31.6,1.7,36.8,2.2,42.1,3.4,35.5,0.8
Median hourly earnings,   Males,Full-time,Total,Aug-19,37.5,1.6,36.6,1.5,35.0,1.8,33.8,2.6,40.0,1.7,35.1,2.8,36.5,2.1,43.8,4.1,36.9,0.9
Median hourly earnings,   Males,Full-time,Total,Aug-20,39.5,1.4,40.0,1.8,35.7,2.1,35.0,2.1,43.5,2.2,35.3,3.3,39.5,1.5,47.9,3.8,39.4,0.7
Median hourly earnings,   Males,Full-time,Total,Aug-21,42.5,2.4,40.0,1.4,38.1,2.0,37.5,2.5,42.8,1.9,34.2,2.6,40.5,5.3,49.9,2.9,40.3,0.7
Median hourly earnings,   Males,Full-time,Total,Aug-22,41.2,1.5,41.4,1.1,40.2,1.8,36.7,2.0,45.0,2.1,37.2,3.4,43.3,2.6,52.1,2.5,41.3,0.9
Median hourly earnings,   Males,Full-time,Total,Aug-23,45.2,1.3,45.0,1.8,42.8,1.7,40.0,1.8,45.0,3.2,39.7,2.8,44.9,3.5,50.0,3.2,44.4,0.8
Median hourly earnings,   Males,Full-time,Total,Aug-24,43.8,1.3,47.3,2.1,43.9,1.9,40.0,1.6,50.0,1.5,37.8,3.8,47.4,3.4,52.6,2.7,45.0,1.0
Median hourly earnings,   Males,Part-time,With leave entitlements,Aug-75,0.0,0.0,0.0,0.0,0.0,0.0,0.0,0.0,0.0,0.0,0.0,0.0,0.0,0.0,0.0,0.0,0.0,0.0
Median hourly earnings,   Males,Part-time,With leave entitlements,Aug-76,0.0,0.0,0.0,0.0,0.0,0.0,0.0,0.0,0.0,0.0,0.0,0.0,0.0,0.0,0.0,0.0,0.0,0.0
Median hourly earnings,   Males,Part-time,With leave entitlements,Aug-77,0.0,0.0,0.0,0.0,0.0,0.0,0.0,0.0,0.0,0.0,0.0,0.0,0.0,0.0,0.0,0.0,0.0,0.0
Median hourly earnings,   Males,Part-time,With leave entitlements,Aug-78,0.0,0.0,0.0,0.0,0.0,0.0,0.0,0.0,0.0,0.0,0.0,0.0,0.0,0.0,0.0,0.0,0.0,0.0
Median hourly earnings,   Males,Part-time,With leave entitlements,Aug-79,0.0,0.0,0.0,0.0,0.0,0.0,0.0,0.0,0.0,0.0,0.0,0.0,0.0,0.0,0.0,0.0,0.0,0.0
Median hourly earnings,   Males,Part-time,With leave entitlements,Aug-80,0.0,0.0,0.0,0.0,0.0,0.0,0.0,0.0,0.0,0.0,0.0,0.0,0.0,0.0,0.0,0.0,0.0,0.0
Median hourly earnings,   Males,Part-time,With leave entitlements,Aug-81,0.0,0.0,0.0,0.0,0.0,0.0,0.0,0.0,0.0,0.0,0.0,0.0,0.0,0.0,0.0,0.0,0.0,0.0
Median hourly earnings,   Males,Part-time,With leave entitlements,Aug-82,0.0,0.0,0.0,0.0,0.0,0.0,0.0,0.0,0.0,0.0,0.0,0.0,0.0,0.0,0.0,0.0,0.0,0.0
Median hourly earnings,   Males,Part-time,With leave entitlements,Aug-83,0.0,0.0,0.0,0.0,0.0,0.0,0.0,0.0,0.0,0.0,0.0,0.0,0.0,0.0,0.0,0.0,0.0,0.0
Median hourly earnings,   Males,Part-time,With leave entitlements,Aug-84,0.0,0.0,0.0,0.0,0.0,0.0,0.0,0.0,0.0,0.0,0.0,0.0,0.0,0.0,0.0,0.0,0.0,0.0
Median hourly earnings,   Males,Part-time,With leave entitlements,Aug-85,0.0,0.0,0.0,0.0,0.0,0.0,0.0,0.0,0.0,0.0,0.0,0.0,0.0,0.0,0.0,0.0,0.0,0.0
Median hourly earnings,   Males,Part-time,With leave entitlements,Aug-86,0.0,0.0,0.0,0.0,0.0,0.0,0.0,0.0,0.0,0.0,0.0,0.0,0.0,0.0,0.0,0.0,0.0,0.0
Median hourly earnings,   Males,Part-time,With leave entitlements,Aug-87,0.0,0.0,0.0,0.0,0.0,0.0,0.0,0.0,0.0,0.0,0.0,0.0,0.0,0.0,0.0,0.0,0.0,0.0
Median hourly earnings,   Males,Part-time,With leave entitlements,Aug-88,0.0,0.0,0.0,0.0,0.0,0.0,0.0,0.0,0.0,0.0,0.0,0.0,0.0,0.0,0.0,0.0,0.0,0.0
Median hourly earnings,   Males,Part-time,With leave entitlements,Aug-89,11.0,0.0,10.8,0.0,9.7,0.0,10.7,0.0,9.7,0.0,9.1,0.0,0.0,0.0,8.0,0.0,10.4,0.0
Median hourly earnings,   Males,Part-time,With leave entitlements,Aug-90,0.0,0.0,0.0,0.0,0.0,0.0,0.0,0.0,0.0,0.0,0.0,0.0,0.0,0.0,0.0,0.0,0.0,0.0
Median hourly earnings,   Males,Part-time,With leave entitlements,Jul-91,0.0,0.0,0.0,0.0,0.0,0.0,0.0,0.0,0.0,0.0,0.0,0.0,0.0,0.0,0.0,0.0,0.0,0.0
Median hourly earnings,   Males,Part-time,With leave entitlements,Aug-92,12.0,10.1,11.7,5.4,12.9,8.4,11.3,8.7,10.0,2.0,13.9,38.5,0.0,0.0,9.5,9.0,11.6,3.6
Median hourly earnings,   Males,Part-time,With leave entitlements,Aug-93,11.8,9.1,12.2,5.2,11.8,14.8,11.5,16.6,11.3,10.6,10.4,69.2,20.6,0.0,15.5,14.5,12.0,3.0
Median hourly earnings,   Males,Part-time,With leave entitlements,Aug-94,11.0,5.2,13.0,4.9,10.5,29.1,12.4,21.8,11.0,6.0,11.0,25.0,0.0,0.0,10.9,10.5,11.1,2.7
Median hourly earnings,   Males,Part-time,With leave entitlements,Aug-95,12.2,10.2,13.0,4.3,11.0,8.0,13.5,13.4,12.0,6.8,12.3,17.8,12.7,0.0,13.6,9.6,12.0,3.2
Median hourly earnings,   Males,Part-time,With leave entitlements,Aug-96,0.0,0.0,0.0,0.0,0.0,0.0,0.0,0.0,0.0,0.0,0.0,0.0,0.0,0.0,0.0,0.0,0.0,0.0
Median hourly earnings,   Males,Part-time,With leave entitlements,Aug-97,14.4,3.0,12.7,4.1,13.4,7.1,11.7,10.8,10.3,4.4,13.8,16.8,12.6,29.4,16.2,11.2,13.0,2.7
Median hourly earnings,   Males,Part-time,With leave entitlements,Aug-98,13.1,4.2,12.3,4.4,11.8,13.6,11.2,4.5,11.8,8.2,13.1,8.3,0.0,0.0,15.1,9.4,12.5,1.7
Median hourly earnings,   Males,Part-time,With leave entitlements,Aug-99,13.3,5.7,13.7,2.9,12.5,9.0,12.6,9.3,13.1,10.3,15.5,11.8,17.2,0.0,14.7,5.5,13.3,2.8
Median hourly earnings,   Males,Part-time,With leave entitlements,Aug-00,16.9,6.4,15.0,6.0,11.8,6.8,14.2,5.9,11.7,5.6,17.0,14.9,11.2,0.0,15.3,31.2,15.0,3.9
Median hourly earnings,   Males,Part-time,With leave entitlements,Aug-01,15.0,6.2,15.0,5.8,14.6,5.4,14.9,10.3,13.1,6.2,14.8,14.6,11.4,0.0,18.8,17.3,15.0,1.9
Median hourly earnings,   Males,Part-time,With leave entitlements,Aug-02,15.4,5.0,16.7,7.9,15.0,7.0,14.4,14.2,14.5,7.6,13.9,27.0,34.9,0.0,20.0,11.3,15.5,3.1
Median hourly earnings,   Males,Part-time,With leave entitlements,Aug-03,16.3,6.7,15.8,2.6,14.9,3.4,16.6,5.9,15.7,5.7,15.5,3.3,14.0,62.9,21.2,11.6,16.0,1.4
Median hourly earnings,   Males,Part-time,With leave entitlements,Aug-04,16.7,6.0,17.9,5.7,19.5,13.2,16.7,7.2,17.5,7.4,20.0,18.2,0.0,0.0,21.8,7.5,18.0,3.0
Median hourly earnings,   Males,Part-time,With leave entitlements,Aug-05,16.4,4.9,19.9,4.9,17.5,5.8,16.6,6.0,15.4,7.7,20.2,6.2,18.0,0.0,17.4,9.2,17.3,3.7
Median hourly earnings,   Males,Part-time,With leave entitlements,Aug-06,19.4,6.0,20.0,3.6,18.9,5.7,19.9,7.1,18.7,7.2,17.4,6.6,12.1,0.0,21.5,16.1,19.6,1.7
Median hourly earnings,   Males,Part-time,With leave entitlements,Aug-07,18.8,3.0,19.2,2.3,19.7,5.6,19.2,6.9,20.5,8.7,17.1,15.1,29.9,38.1,25.0,7.0,19.3,1.8
Median hourly earnings,   Males,Part-time,With leave entitlements,Aug-08,20.0,5.4,19.6,5.7,20.0,11.3,20.3,12.4,20.1,9.4,19.2,13.8,28.2,46.0,20.8,14.4,20.0,2.5
Median hourly earnings,   Males,Part-time,With leave entitlements,Aug-09,21.4,9.2,20.0,6.1,20.9,10.5,22.0,9.5,23.3,7.0,24.1,14.5,21.3,27.5,27.0,38.3,21.1,3.3
Median hourly earnings,   Males,Part-time,With leave entitlements,Aug-10,21.3,3.3,22.3,4.8,22.9,5.2,22.3,9.6,22.8,7.7,21.1,7.9,29.7,27.0,26.4,19.0,22.0,1.7
Median hourly earnings,   Males,Part-time,With leave entitlements,Aug-11,23.3,4.4,21.5,4.3,22.4,4.4,23.5,5.9,20.4,5.4,21.0,13.3,23.6,37.7,28.5,11.0,22.2,2.0
Median hourly earnings,   Males,Part-time,With leave entitlements,Aug-12,24.7,4.6,22.5,4.7,24.2,5.7,21.4,6.0,23.0,4.7,28.5,5.7,23.0,16.4,31.8,15.9,23.4,2.0
Median hourly earnings,   Males,Part-time,With leave entitlements,Aug-13,23.9,4.2,23.0,2.5,25.0,5.6,25.4,6.6,21.2,6.7,24.6,6.3,27.3,11.6,30.1,8.1,24.0,2.1
Median hourly earnings,   Males,Part-time,With leave entitlements,Aug-14,25.0,4.0,25.0,2.7,24.6,4.8,25.5,5.5,24.0,5.5,23.2,8.5,23.9,20.2,27.1,33.3,25.0,1.8
Median hourly earnings,   Males,Part-time,With leave entitlements,Aug-15,26.0,4.7,27.2,4.4,25.0,9.2,26.2,8.0,24.6,10.1,24.1,4.6,28.2,17.7,27.5,33.6,26.2,2.4
Median hourly earnings,   Males,Part-time,With leave entitlements,Aug-16,25.0,3.4,27.1,3.1,27.1,8.6,24.3,8.5,26.6,9.8,27.3,10.0,25.1,40.2,29.6,9.2,25.6,2.5
Median hourly earnings,   Males,Part-time,With leave entitlements,Aug-17,25.8,3.8,27.7,3.5,25.0,4.1,24.9,4.9,29.0,6.9,26.3,8.9,22.1,23.1,36.8,15.8,26.0,1.9
Median hourly earnings,   Males,Part-time,With leave entitlements,Aug-18,26.4,3.9,28.6,4.3,26.8,4.3,27.7,3.3,29.7,7.2,27.5,5.0,23.9,21.9,28.7,16.6,27.5,2.0
Median hourly earnings,   Males,Part-time,With leave entitlements,Aug-19,30.0,3.7,30.0,3.5,31.3,7.0,28.1,6.2,28.0,5.1,24.3,5.9,35.2,20.5,36.9,20.5,30.0,2.6
Median hourly earnings,   Males,Part-time,With leave entitlements,Aug-20,33.9,4.7,33.7,5.3,37.5,7.0,29.0,9.3,33.3,6.2,32.5,8.8,34.7,9.1,33.3,18.6,33.7,1.9
Median hourly earnings,   Males,Part-time,With leave entitlements,Aug-21,31.7,4.6,33.3,7.4,31.3,6.8,32.4,4.2,29.0,3.3,29.6,4.2,27.7,67.3,37.3,15.4,31.7,3.3
Median hourly earnings,   Males,Part-time,With leave entitlements,Aug-22,30.0,2.4,32.3,5.7,33.3,4.8,30.6,9.1,33.6,7.5,33.7,5.7,33.2,13.6,40.2,14.8,31.8,2.9
Median hourly earnings,   Males,Part-time,With leave entitlements,Aug-23,33.5,5.2,30.0,5.3,39.6,8.1,34.9,3.4,36.5,6.7,35.6,7.7,45.2,15.5,30.4,5.5,33.7,3.1
Median hourly earnings,   Males,Part-time,With leave entitlements,Aug-24,35.7,2.5,34.4,4.5,30.2,3.8,32.1,6.0,35.0,3.8,32.8,3.5,33.2,16.7,45.2,15.9,34.1,1.3
Median hourly earnings,   Males,Part-time,Without leave entitlements,Aug-75,0.0,0.0,0.0,0.0,0.0,0.0,0.0,0.0,0.0,0.0,0.0,0.0,0.0,0.0,0.0,0.0,0.0,0.0
Median hourly earnings,   Males,Part-time,Without leave entitlements,Aug-76,0.0,0.0,0.0,0.0,0.0,0.0,0.0,0.0,0.0,0.0,0.0,0.0,0.0,0.0,0.0,0.0,0.0,0.0
Median hourly earnings,   Males,Part-time,Without leave entitlements,Aug-77,0.0,0.0,0.0,0.0,0.0,0.0,0.0,0.0,0.0,0.0,0.0,0.0,0.0,0.0,0.0,0.0,0.0,0.0
Median hourly earnings,   Males,Part-time,Without leave entitlements,Aug-78,0.0,0.0,0.0,0.0,0.0,0.0,0.0,0.0,0.0,0.0,0.0,0.0,0.0,0.0,0.0,0.0,0.0,0.0
Median hourly earnings,   Males,Part-time,Without leave entitlements,Aug-79,0.0,0.0,0.0,0.0,0.0,0.0,0.0,0.0,0.0,0.0,0.0,0.0,0.0,0.0,0.0,0.0,0.0,0.0
Median hourly earnings,   Males,Part-time,Without leave entitlements,Aug-80,0.0,0.0,0.0,0.0,0.0,0.0,0.0,0.0,0.0,0.0,0.0,0.0,0.0,0.0,0.0,0.0,0.0,0.0
Median hourly earnings,   Males,Part-time,Without leave entitlements,Aug-81,0.0,0.0,0.0,0.0,0.0,0.0,0.0,0.0,0.0,0.0,0.0,0.0,0.0,0.0,0.0,0.0,0.0,0.0
Median hourly earnings,   Males,Part-time,Without leave entitlements,Aug-82,0.0,0.0,0.0,0.0,0.0,0.0,0.0,0.0,0.0,0.0,0.0,0.0,0.0,0.0,0.0,0.0,0.0,0.0
Median hourly earnings,   Males,Part-time,Without leave entitlements,Aug-83,0.0,0.0,0.0,0.0,0.0,0.0,0.0,0.0,0.0,0.0,0.0,0.0,0.0,0.0,0.0,0.0,0.0,0.0
Median hourly earnings,   Males,Part-time,Without leave entitlements,Aug-84,0.0,0.0,0.0,0.0,0.0,0.0,0.0,0.0,0.0,0.0,0.0,0.0,0.0,0.0,0.0,0.0,0.0,0.0
Median hourly earnings,   Males,Part-time,Without leave entitlements,Aug-85,0.0,0.0,0.0,0.0,0.0,0.0,0.0,0.0,0.0,0.0,0.0,0.0,0.0,0.0,0.0,0.0,0.0,0.0
Median hourly earnings,   Males,Part-time,Without leave entitlements,Aug-86,0.0,0.0,0.0,0.0,0.0,0.0,0.0,0.0,0.0,0.0,0.0,0.0,0.0,0.0,0.0,0.0,0.0,0.0
Median hourly earnings,   Males,Part-time,Without leave entitlements,Aug-87,0.0,0.0,0.0,0.0,0.0,0.0,0.0,0.0,0.0,0.0,0.0,0.0,0.0,0.0,0.0,0.0,0.0,0.0
Median hourly earnings,   Males,Part-time,Without leave entitlements,Aug-88,0.0,0.0,0.0,0.0,0.0,0.0,0.0,0.0,0.0,0.0,0.0,0.0,0.0,0.0,0.0,0.0,0.0,0.0
Median hourly earnings,   Males,Part-time,Without leave entitlements,Aug-89,9.9,0.0,8.6,0.0,8.2,0.0,7.4,0.0,8.6,0.0,10.0,0.0,7.2,0.0,8.8,0.0,8.6,0.0
Median hourly earnings,   Males,Part-time,Without leave entitlements,Aug-90,0.0,0.0,0.0,0.0,0.0,0.0,0.0,0.0,0.0,0.0,0.0,0.0,0.0,0.0,0.0,0.0,0.0,0.0
Median hourly earnings,   Males,Part-time,Without leave entitlements,Jul-91,0.0,0.0,0.0,0.0,0.0,0.0,0.0,0.0,0.0,0.0,0.0,0.0,0.0,0.0,0.0,0.0,0.0,0.0
Median hourly earnings,   Males,Part-time,Without leave entitlements,Aug-92,10.5,4.9,10.0,1.7,10.0,2.6,10.0,4.5,10.0,1.9,10.0,7.1,11.3,16.9,10.0,8.6,10.0,0.0
Median hourly earnings,   Males,Part-time,Without leave entitlements,Aug-93,11.3,4.5,10.0,4.3,10.0,3.7,11.9,3.1,10.8,5.2,10.0,7.4,12.9,12.9,11.7,5.5,10.8,2.6
Median hourly earnings,   Males,Part-time,Without leave entitlements,Aug-94,11.3,2.5,11.6,4.4,10.3,2.5,10.8,4.7,10.0,4.4,11.4,6.7,11.9,17.3,11.1,4.9,11.0,1.8
Median hourly earnings,   Males,Part-time,Without leave entitlements,Aug-95,11.0,4.2,10.0,5.1,10.0,3.2,12.5,3.5,10.0,2.6,10.8,4.7,10.8,7.9,10.0,4.2,10.8,2.9
Median hourly earnings,   Males,Part-time,Without leave entitlements,Aug-96,0.0,0.0,0.0,0.0,0.0,0.0,0.0,0.0,0.0,0.0,0.0,0.0,0.0,0.0,0.0,0.0,0.0,0.0
Median hourly earnings,   Males,Part-time,Without leave entitlements,Aug-97,11.0,3.5,11.0,4.6,10.0,3.0,12.0,2.1,10.0,2.4,11.0,5.8,10.0,10.4,10.9,5.6,10.9,1.8
Median hourly earnings,   Males,Part-time,Without leave entitlements,Aug-98,12.5,4.6,12.0,2.7,10.9,4.3,12.0,4.1,10.5,3.0,11.3,5.7,12.0,8.4,11.3,6.1,11.7,1.6
Median hourly earnings,   Males,Part-time,Without leave entitlements,Aug-99,12.5,2.2,12.0,4.3,11.7,2.8,12.0,5.6,11.3,4.5,13.7,8.8,12.4,17.3,12.0,6.5,12.0,1.8
Median hourly earnings,   Males,Part-time,Without leave entitlements,Aug-00,13.4,3.8,12.4,3.0,11.7,4.2,13.5,5.6,11.3,5.7,13.3,8.6,13.3,15.4,12.0,7.1,12.5,1.6
Median hourly earnings,   Males,Part-time,Without leave entitlements,Aug-01,13.1,2.9,12.5,4.0,12.4,3.7,13.2,5.9,12.0,6.4,13.5,6.1,13.7,11.6,13.0,10.1,12.7,1.0
Median hourly earnings,   Males,Part-time,Without leave entitlements,Aug-02,13.4,3.7,12.5,2.4,13.3,2.7,12.5,5.4,12.2,4.8,11.5,8.8,14.8,11.1,13.0,5.4,13.0,1.6
Median hourly earnings,   Males,Part-time,Without leave entitlements,Aug-03,15.0,2.8,14.3,3.5,13.5,3.7,15.0,2.5,13.3,3.3,13.9,11.1,11.8,20.5,14.8,6.0,14.0,1.1
Median hourly earnings,   Males,Part-time,Without leave entitlements,Aug-04,15.0,2.1,15.0,2.3,14.2,3.0,14.7,2.4,13.6,3.1,15.0,4.3,15.8,16.1,14.3,9.6,15.0,0.7
Median hourly earnings,   Males,Part-time,Without leave entitlements,Aug-05,15.7,3.9,14.7,2.1,14.1,4.4,15.9,5.2,13.7,4.7,15.0,6.4,18.2,7.1,17.6,5.8,15.0,1.0
Median hourly earnings,   Males,Part-time,Without leave entitlements,Aug-06,16.0,4.7,15.0,4.3,15.3,2.6,15.6,3.0,15.0,2.4,15.0,5.3,15.3,14.5,16.7,9.9,15.4,1.7
Median hourly earnings,   Males,Part-time,Without leave entitlements,Aug-07,17.4,2.0,16.0,3.3,16.0,3.5,16.7,3.4,16.0,2.7,16.2,7.2,17.5,15.2,18.0,5.9,16.7,1.7
Median hourly earnings,   Males,Part-time,Without leave entitlements,Aug-08,17.7,4.1,17.4,4.5,15.2,5.4,16.3,6.0,17.7,4.9,15.4,11.5,18.5,14.9,15.3,21.5,17.0,1.4
Median hourly earnings,   Males,Part-time,Without leave entitlements,Aug-09,17.2,3.5,17.5,3.1,17.5,3.5,16.2,5.9,19.0,2.7,18.5,2.8,19.0,9.6,17.6,7.3,17.7,1.3
Median hourly earnings,   Males,Part-time,Without leave entitlements,Aug-10,20.0,1.5,18.4,4.1,19.6,2.3,20.0,3.2,18.0,6.0,19.0,5.3,20.0,16.5,21.1,13.0,19.4,1.6
Median hourly earnings,   Males,Part-time,Without leave entitlements,Aug-11,20.0,2.1,18.2,4.3,18.3,3.9,19.9,3.0,19.5,4.0,20.0,5.8,20.0,4.4,20.4,6.4,19.0,2.2
Median hourly earnings,   Males,Part-time,Without leave entitlements,Aug-12,20.0,2.5,20.0,4.2,20.0,2.3,20.0,0.5,20.1,1.8,18.5,4.7,20.0,1.4,20.0,4.9,20.0,0.6
Median hourly earnings,   Males,Part-time,Without leave entitlements,Aug-13,20.0,2.7,20.0,3.2,20.0,2.5,21.4,3.6,20.6,5.8,21.0,2.4,20.0,18.8,22.4,5.7,20.0,0.6
Median hourly earnings,   Males,Part-time,Without leave entitlements,Aug-14,21.7,3.2,20.0,2.4,21.7,3.5,21.9,3.8,20.7,5.2,21.0,5.1,25.0,15.7,21.0,8.9,21.0,2.3
Median hourly earnings,   Males,Part-time,Without leave entitlements,Aug-15,21.0,2.4,21.3,4.2,21.8,4.4,23.2,3.0,21.5,2.6,22.0,3.8,20.0,16.0,20.0,5.7,21.6,1.4
Median hourly earnings,   Males,Part-time,Without leave entitlements,Aug-16,22.1,2.6,21.9,2.9,20.8,3.6,22.6,2.2,22.8,5.0,24.5,6.0,20.0,9.7,25.0,11.1,22.0,1.5
Median hourly earnings,   Males,Part-time,Without leave entitlements,Aug-17,23.3,3.1,23.1,2.7,23.3,3.2,24.2,3.3,23.2,5.0,24.9,2.4,25.0,7.3,23.6,6.9,23.3,1.1
Median hourly earnings,   Males,Part-time,Without leave entitlements,Aug-18,23.8,2.2,23.0,2.9,24.4,2.2,24.3,5.5,25.0,3.1,25.0,1.3,25.0,5.1,25.1,7.5,24.1,1.8
Median hourly earnings,   Males,Part-time,Without leave entitlements,Aug-19,25.0,1.6,24.1,3.0,25.0,2.3,25.0,2.6,26.1,3.0,26.7,3.0,25.8,7.5,26.7,4.8,25.0,0.6
Median hourly earnings,   Males,Part-time,Without leave entitlements,Aug-20,26.2,1.9,26.0,3.1,25.0,2.1,26.8,3.5,27.6,4.1,28.0,5.0,31.1,8.8,27.9,14.6,26.0,1.8
Median hourly earnings,   Males,Part-time,Without leave entitlements,Aug-21,27.3,4.7,25.0,2.2,25.3,3.0,26.9,3.1,27.6,4.4,28.1,4.1,29.3,7.1,31.0,15.2,26.5,1.8
Median hourly earnings,   Males,Part-time,Without leave entitlements,Aug-22,28.1,3.1,28.4,1.8,26.7,3.2,27.7,4.6,26.6,5.8,28.8,5.5,26.1,12.0,31.8,13.1,28.0,0.9
Median hourly earnings,   Males,Part-time,Without leave entitlements,Aug-23,30.0,2.8,30.0,1.3,29.9,4.4,30.1,4.9,29.1,2.2,30.0,4.9,26.2,11.5,25.0,10.1,30.0,0.5
Median hourly earnings,   Males,Part-time,Without leave entitlements,Aug-24,30.0,2.8,32.0,2.6,29.2,4.4,31.3,1.9,31.2,3.9,32.2,4.1,31.2,6.6,33.3,7.0,30.0,1.3
Median hourly earnings,   Males,Part-time,Total,Aug-75,0.0,0.0,0.0,0.0,0.0,0.0,0.0,0.0,0.0,0.0,0.0,0.0,0.0,0.0,0.0,0.0,0.0,0.0
Median hourly earnings,   Males,Part-time,Total,Aug-76,0.0,0.0,0.0,0.0,0.0,0.0,0.0,0.0,0.0,0.0,0.0,0.0,0.0,0.0,0.0,0.0,0.0,0.0
Median hourly earnings,   Males,Part-time,Total,Aug-77,0.0,0.0,0.0,0.0,0.0,0.0,0.0,0.0,0.0,0.0,0.0,0.0,0.0,0.0,0.0,0.0,0.0,0.0
Median hourly earnings,   Males,Part-time,Total,Aug-78,0.0,0.0,0.0,0.0,0.0,0.0,0.0,0.0,0.0,0.0,0.0,0.0,0.0,0.0,0.0,0.0,0.0,0.0
Median hourly earnings,   Males,Part-time,Total,Aug-79,0.0,0.0,0.0,0.0,0.0,0.0,0.0,0.0,0.0,0.0,0.0,0.0,0.0,0.0,0.0,0.0,0.0,0.0
Median hourly earnings,   Males,Part-time,Total,Aug-80,0.0,0.0,0.0,0.0,0.0,0.0,0.0,0.0,0.0,0.0,0.0,0.0,0.0,0.0,0.0,0.0,0.0,0.0
Median hourly earnings,   Males,Part-time,Total,Aug-81,0.0,0.0,0.0,0.0,0.0,0.0,0.0,0.0,0.0,0.0,0.0,0.0,0.0,0.0,0.0,0.0,0.0,0.0
Median hourly earnings,   Males,Part-time,Total,Aug-82,0.0,0.0,0.0,0.0,0.0,0.0,0.0,0.0,0.0,0.0,0.0,0.0,0.0,0.0,0.0,0.0,0.0,0.0
Median hourly earnings,   Males,Part-time,Total,Aug-83,0.0,0.0,0.0,0.0,0.0,0.0,0.0,0.0,0.0,0.0,0.0,0.0,0.0,0.0,0.0,0.0,0.0,0.0
Median hourly earnings,   Males,Part-time,Total,Aug-84,0.0,0.0,0.0,0.0,0.0,0.0,0.0,0.0,0.0,0.0,0.0,0.0,0.0,0.0,0.0,0.0,0.0,0.0
Median hourly earnings,   Males,Part-time,Total,Aug-85,0.0,0.0,0.0,0.0,0.0,0.0,0.0,0.0,0.0,0.0,0.0,0.0,0.0,0.0,0.0,0.0,0.0,0.0
Median hourly earnings,   Males,Part-time,Total,Aug-86,0.0,0.0,0.0,0.0,0.0,0.0,0.0,0.0,0.0,0.0,0.0,0.0,0.0,0.0,0.0,0.0,0.0,0.0
Median hourly earnings,   Males,Part-time,Total,Aug-87,0.0,0.0,0.0,0.0,0.0,0.0,0.0,0.0,0.0,0.0,0.0,0.0,0.0,0.0,0.0,0.0,0.0,0.0
Median hourly earnings,   Males,Part-time,Total,Aug-88,0.0,0.0,0.0,0.0,0.0,0.0,0.0,0.0,0.0,0.0,0.0,0.0,0.0,0.0,0.0,0.0,0.0,0.0
Median hourly earnings,   Males,Part-time,Total,Aug-89,10.0,0.0,9.1,0.0,8.3,0.0,8.2,0.0,8.9,0.0,10.0,0.0,7.2,0.0,8.8,0.0,9.0,0.0
Median hourly earnings,   Males,Part-time,Total,Aug-90,0.0,0.0,0.0,0.0,0.0,0.0,0.0,0.0,0.0,0.0,0.0,0.0,0.0,0.0,0.0,0.0,0.0,0.0
Median hourly earnings,   Males,Part-time,Total,Jul-91,0.0,0.0,0.0,0.0,0.0,0.0,0.0,0.0,0.0,0.0,0.0,0.0,0.0,0.0,0.0,0.0,0.0,0.0
Median hourly earnings,   Males,Part-time,Total,Aug-92,10.8,4.7,10.1,3.2,10.0,1.7,10.0,3.6,10.0,0.4,10.6,6.2,11.4,15.1,10.0,8.8,10.0,1.6
Median hourly earnings,   Males,Part-time,Total,Aug-93,11.3,3.7,11.3,4.2,10.0,4.1,11.9,3.1,11.0,4.6,10.0,7.2,13.1,12.9,12.0,3.3,11.1,1.4
Median hourly earnings,   Males,Part-time,Total,Aug-94,11.1,3.1,11.7,2.5,10.4,2.5,11.0,4.6,10.0,3.4,11.1,7.4,11.9,13.5,11.0,4.8,11.0,1.4
Median hourly earnings,   Males,Part-time,Total,Aug-95,11.1,4.6,11.3,3.4,10.8,3.0,12.5,3.4,10.0,2.0,11.5,5.0,11.1,5.9,10.8,4.0,11.1,1.1
Median hourly earnings,   Males,Part-time,Total,Aug-96,0.0,0.0,0.0,0.0,0.0,0.0,0.0,0.0,0.0,0.0,0.0,0.0,0.0,0.0,0.0,0.0,0.0,0.0
Median hourly earnings,   Males,Part-time,Total,Aug-97,11.6,3.8,11.7,3.5,10.7,3.2,12.0,2.2,10.0,1.9,12.1,5.4,10.6,9.0,11.6,6.3,11.3,1.9
Median hourly earnings,   Males,Part-time,Total,Aug-98,12.5,3.0,12.0,2.3,11.0,4.4,12.0,3.2,10.7,3.4,12.1,6.7,12.0,5.0,11.7,5.1,12.0,0.9
Median hourly earnings,   Males,Part-time,Total,Aug-99,12.6,1.8,12.5,2.9,11.9,3.2,12.1,5.1,11.7,2.5,13.8,5.8,13.1,6.9,12.5,6.0,12.5,1.0
Median hourly earnings,   Males,Part-time,Total,Aug-00,14.2,2.9,12.5,1.9,11.8,2.5,13.9,4.3,11.4,3.3,14.2,7.5,12.5,13.7,12.5,7.8,12.9,1.6
Median hourly earnings,   Males,Part-time,Total,Aug-01,14.0,3.1,13.1,2.9,12.5,2.0,13.4,3.9,12.3,3.6,14.2,5.7,13.2,8.3,14.1,9.9,13.2,0.8
Median hourly earnings,   Males,Part-time,Total,Aug-02,14.4,3.0,13.4,2.4,13.7,1.6,13.6,3.8,12.9,3.6,12.5,7.3,14.8,11.0,14.0,6.0,13.7,1.3
Median hourly earnings,   Males,Part-time,Total,Aug-03,15.5,1.8,15.0,1.1,13.9,2.5,15.0,2.8,13.9,2.6,14.8,6.7,13.3,10.7,15.4,5.4,15.0,0.9
Median hourly earnings,   Males,Part-time,Total,Aug-04,15.7,2.4,15.0,1.4,15.0,2.8,15.0,2.3,14.6,2.6,15.0,3.4,15.8,16.1,16.9,7.0,15.0,1.0
Median hourly earnings,   Males,Part-time,Total,Aug-05,15.9,2.8,15.2,2.9,15.2,2.8,16.0,4.2,14.1,3.0,16.6,4.3,18.2,6.6,17.6,5.8,15.5,1.6
Median hourly earnings,   Males,Part-time,Total,Aug-06,17.0,2.9,17.2,3.3,16.1,1.8,16.6,3.4,15.2,2.6,15.9,4.8,15.1,15.9,17.9,6.2,16.7,1.5
Median hourly earnings,   Males,Part-time,Total,Aug-07,17.8,1.2,17.0,2.6,16.9,2.4,17.5,2.4,17.0,2.6,16.6,4.0,19.0,8.1,19.6,3.4,17.4,0.5
Median hourly earnings,   Males,Part-time,Total,Aug-08,18.8,3.8,17.9,2.6,17.3,5.6,17.3,5.7,18.1,4.7,16.4,7.8,19.7,12.8,18.2,11.1,18.0,1.5
Median hourly earnings,   Males,Part-time,Total,Aug-09,18.4,2.3,18.3,2.1,18.0,3.3,18.7,4.6,19.4,3.1,20.0,3.6,19.6,6.1,19.3,6.7,18.4,1.1
Median hourly earnings,   Males,Part-time,Total,Aug-10,20.0,1.3,20.0,1.8,20.0,1.8,20.0,2.0,19.3,2.6,20.0,2.9,22.3,8.3,22.4,5.7,20.0,0.0
Median hourly earnings,   Males,Part-time,Total,Aug-11,20.0,1.4,19.4,2.5,19.4,2.0,20.0,1.9,19.9,1.6,20.0,2.9,20.6,2.5,22.0,5.8,20.0,0.2
Median hourly earnings,   Males,Part-time,Total,Aug-12,21.0,2.4,20.9,2.4,20.7,2.0,20.0,1.3,21.0,2.3,20.9,3.9,20.0,6.7,21.8,3.3,20.8,1.8
Median hourly earnings,   Males,Part-time,Total,Aug-13,20.8,2.4,20.8,2.3,21.1,3.0,23.0,3.4,21.0,4.2,21.6,2.6,22.5,11.5,25.0,3.9,21.0,1.8
Median hourly earnings,   Males,Part-time,Total,Aug-14,22.9,2.8,22.2,2.5,22.6,2.4,22.6,3.4,22.5,5.5,22.3,3.3,25.0,10.8,22.4,8.5,22.5,1.1
Median hourly earnings,   Males,Part-time,Total,Aug-15,22.0,2.7,24.5,2.7,22.7,2.6,24.0,3.0,22.0,4.6,22.7,3.7,22.7,5.6,22.2,5.7,23.0,2.2
Median hourly earnings,   Males,Part-time,Total,Aug-16,23.3,3.3,23.3,2.7,23.2,3.4,22.8,1.9,24.0,3.4,25.1,4.0,23.4,5.4,27.1,5.4,23.3,1.4
Median hourly earnings,   Males,Part-time,Total,Aug-17,24.6,1.5,25.0,1.5,24.0,1.8,24.3,2.3,25.0,2.1,25.0,3.1,23.8,7.2,25.0,8.2,25.0,1.0
Median hourly earnings,   Males,Part-time,Total,Aug-18,25.0,1.0,25.0,2.2,25.0,2.5,25.3,3.7,26.0,2.3,25.7,2.3,25.0,5.7,25.6,4.8,25.0,0.0
Median hourly earnings,   Males,Part-time,Total,Aug-19,26.7,2.3,26.0,2.6,26.8,2.3,25.0,2.3,26.7,3.2,26.0,3.2,27.5,4.1,30.0,7.1,26.6,1.5
Median hourly earnings,   Males,Part-time,Total,Aug-20,28.7,3.0,29.9,4.8,28.0,3.4,27.2,4.2,29.2,3.4,30.0,3.3,32.0,8.1,29.2,9.5,28.5,1.6
Median hourly earnings,   Males,Part-time,Total,Aug-21,30.0,2.0,29.2,2.9,27.2,2.7,28.3,2.7,28.0,1.8,28.6,3.0,29.0,6.4,35.0,5.1,28.8,1.1
Median hourly earnings,   Males,Part-time,Total,Aug-22,29.4,1.7,30.0,2.6,28.1,2.7,28.8,2.2,29.3,3.2,30.0,4.5,29.3,9.7,32.0,12.8,29.2,1.3
Median hourly earnings,   Males,Part-time,Total,Aug-23,30.0,2.0,30.0,1.1,30.4,1.1,32.7,2.5,30.1,1.8,31.3,4.9,31.8,12.0,28.6,5.5,30.2,0.7
Median hourly earnings,   Males,Part-time,Total,Aug-24,32.3,2.2,32.5,1.5,29.3,1.6,31.6,1.8,32.1,4.0,32.7,2.9,31.9,4.7,37.5,8.1,31.9,1.0
Median hourly earnings,   Males,Total,With leave entitlements,Aug-75,0.0,0.0,0.0,0.0,0.0,0.0,0.0,0.0,0.0,0.0,0.0,0.0,0.0,0.0,0.0,0.0,0.0,0.0
Median hourly earnings,   Males,Total,With leave entitlements,Aug-76,0.0,0.0,0.0,0.0,0.0,0.0,0.0,0.0,0.0,0.0,0.0,0.0,0.0,0.0,0.0,0.0,0.0,0.0
Median hourly earnings,   Males,Total,With leave entitlements,Aug-77,0.0,0.0,0.0,0.0,0.0,0.0,0.0,0.0,0.0,0.0,0.0,0.0,0.0,0.0,0.0,0.0,0.0,0.0
Median hourly earnings,   Males,Total,With leave entitlements,Aug-78,0.0,0.0,0.0,0.0,0.0,0.0,0.0,0.0,0.0,0.0,0.0,0.0,0.0,0.0,0.0,0.0,0.0,0.0
Median hourly earnings,   Males,Total,With leave entitlements,Aug-79,0.0,0.0,0.0,0.0,0.0,0.0,0.0,0.0,0.0,0.0,0.0,0.0,0.0,0.0,0.0,0.0,0.0,0.0
Median hourly earnings,   Males,Total,With leave entitlements,Aug-80,0.0,0.0,0.0,0.0,0.0,0.0,0.0,0.0,0.0,0.0,0.0,0.0,0.0,0.0,0.0,0.0,0.0,0.0
Median hourly earnings,   Males,Total,With leave entitlements,Aug-81,0.0,0.0,0.0,0.0,0.0,0.0,0.0,0.0,0.0,0.0,0.0,0.0,0.0,0.0,0.0,0.0,0.0,0.0
Median hourly earnings,   Males,Total,With leave entitlements,Aug-82,0.0,0.0,0.0,0.0,0.0,0.0,0.0,0.0,0.0,0.0,0.0,0.0,0.0,0.0,0.0,0.0,0.0,0.0
Median hourly earnings,   Males,Total,With leave entitlements,Aug-83,0.0,0.0,0.0,0.0,0.0,0.0,0.0,0.0,0.0,0.0,0.0,0.0,0.0,0.0,0.0,0.0,0.0,0.0
Median hourly earnings,   Males,Total,With leave entitlements,Aug-84,0.0,0.0,0.0,0.0,0.0,0.0,0.0,0.0,0.0,0.0,0.0,0.0,0.0,0.0,0.0,0.0,0.0,0.0
Median hourly earnings,   Males,Total,With leave entitlements,Aug-85,0.0,0.0,0.0,0.0,0.0,0.0,0.0,0.0,0.0,0.0,0.0,0.0,0.0,0.0,0.0,0.0,0.0,0.0
Median hourly earnings,   Males,Total,With leave entitlements,Aug-86,0.0,0.0,0.0,0.0,0.0,0.0,0.0,0.0,0.0,0.0,0.0,0.0,0.0,0.0,0.0,0.0,0.0,0.0
Median hourly earnings,   Males,Total,With leave entitlements,Aug-87,0.0,0.0,0.0,0.0,0.0,0.0,0.0,0.0,0.0,0.0,0.0,0.0,0.0,0.0,0.0,0.0,0.0,0.0
Median hourly earnings,   Males,Total,With leave entitlements,Aug-88,0.0,0.0,0.0,0.0,0.0,0.0,0.0,0.0,0.0,0.0,0.0,0.0,0.0,0.0,0.0,0.0,0.0,0.0
Median hourly earnings,   Males,Total,With leave entitlements,Aug-89,11.5,0.0,11.4,0.0,10.8,0.0,11.1,0.0,11.5,0.0,11.1,0.0,12.8,0.0,14.5,0.0,11.4,0.0
Median hourly earnings,   Males,Total,With leave entitlements,Aug-90,0.0,0.0,0.0,0.0,0.0,0.0,0.0,0.0,0.0,0.0,0.0,0.0,0.0,0.0,0.0,0.0,0.0,0.0
Median hourly earnings,   Males,Total,With leave entitlements,Jul-91,0.0,0.0,0.0,0.0,0.0,0.0,0.0,0.0,0.0,0.0,0.0,0.0,0.0,0.0,0.0,0.0,0.0,0.0
Median hourly earnings,   Males,Total,With leave entitlements,Aug-92,13.2,0.7,13.2,0.7,12.5,1.3,12.5,2.1,13.5,1.3,12.6,1.5,14.2,3.0,16.1,3.3,13.2,0.0
Median hourly earnings,   Males,Total,With leave entitlements,Aug-93,14.2,0.8,13.8,1.3,12.9,1.4,13.5,1.2,14.1,1.3,13.2,1.8,15.3,4.6,17.5,3.0,13.7,0.7
Median hourly earnings,   Males,Total,With leave entitlements,Aug-94,14.2,0.9,14.5,0.7,13.5,0.9,13.5,1.2,14.6,1.8,13.5,2.0,15.5,4.7,17.8,1.9,14.2,0.1
Median hourly earnings,   Males,Total,With leave entitlements,Aug-95,15.3,0.7,14.2,0.9,13.9,1.3,14.2,1.5,14.6,1.7,14.0,1.8,14.7,4.5,18.5,3.4,14.5,0.2
Median hourly earnings,   Males,Total,With leave entitlements,Aug-96,0.0,0.0,0.0,0.0,0.0,0.0,0.0,0.0,0.0,0.0,0.0,0.0,0.0,0.0,0.0,0.0,0.0,0.0
Median hourly earnings,   Males,Total,With leave entitlements,Aug-97,16.2,1.4,15.8,1.4,15.5,1.5,15.4,1.4,16.5,1.7,14.7,1.6,17.5,6.7,20.2,2.1,16.0,0.7
Median hourly earnings,   Males,Total,With leave entitlements,Aug-98,17.1,1.2,16.4,0.9,15.8,1.6,15.8,1.4,16.3,1.7,15.2,2.9,17.2,7.9,21.2,1.7,16.5,0.7
Median hourly earnings,   Males,Total,With leave entitlements,Aug-99,18.0,1.3,16.8,1.8,16.3,1.0,16.7,2.1,17.9,1.6,15.8,1.5,17.8,2.6,21.3,2.7,17.2,0.7
Median hourly earnings,   Males,Total,With leave entitlements,Aug-00,18.5,1.9,18.4,1.1,17.3,1.8,17.1,2.0,18.4,1.3,16.5,2.2,20.0,4.2,23.4,2.0,18.2,0.8
Median hourly earnings,   Males,Total,With leave entitlements,Aug-01,19.6,1.3,18.8,1.4,17.9,1.2,17.9,1.1,18.8,2.0,17.1,2.0,19.0,3.7,22.5,3.5,18.8,0.7
Median hourly earnings,   Males,Total,With leave entitlements,Aug-02,20.0,0.8,19.7,1.1,18.8,1.7,18.8,1.0,19.9,1.3,17.5,3.5,21.1,4.4,23.7,3.0,19.7,0.5
Median hourly earnings,   Males,Total,With leave entitlements,Aug-03,20.8,1.6,20.0,0.9,19.5,1.2,19.3,1.7,20.0,1.8,18.7,3.0,18.8,7.1,24.7,2.5,20.0,0.2
Median hourly earnings,   Males,Total,With leave entitlements,Aug-04,21.7,1.6,21.3,1.4,20.0,1.2,20.0,2.1,20.8,1.9,20.0,2.4,22.3,5.5,25.6,3.0,21.1,0.5
Median hourly earnings,   Males,Total,With leave entitlements,Aug-05,22.5,1.5,22.2,1.2,20.6,1.4,21.1,1.7,22.4,1.9,19.8,2.8,22.5,3.6,25.8,2.4,22.0,1.0
Median hourly earnings,   Males,Total,With leave entitlements,Aug-06,23.7,1.3,22.9,1.0,22.2,1.5,22.4,2.0,23.3,1.6,21.1,3.2,23.7,4.2,27.9,2.5,23.0,0.7
Median hourly earnings,   Males,Total,With leave entitlements,Aug-07,24.5,1.4,23.7,1.1,23.4,1.3,23.2,1.7,25.0,1.7,21.2,2.9,26.6,4.9,32.7,2.8,24.0,0.8
Median hourly earnings,   Males,Total,With leave entitlements,Aug-08,25.7,1.3,25.0,1.5,24.9,1.5,23.1,1.5,26.8,1.6,22.4,2.6,26.7,5.4,32.1,2.5,25.0,0.4
Median hourly earnings,   Males,Total,With leave entitlements,Aug-09,27.6,1.8,25.4,1.3,26.0,1.6,25.0,2.0,28.3,2.8,25.0,2.4,30.8,5.5,33.3,2.6,26.4,0.6
Median hourly earnings,   Males,Total,With leave entitlements,Aug-10,27.8,1.4,26.3,1.0,27.0,1.2,25.5,1.3,31.1,2.1,25.0,2.7,30.0,3.1,33.8,2.5,27.5,0.5
Median hourly earnings,   Males,Total,With leave entitlements,Aug-11,29.5,1.0,27.5,2.3,28.6,1.9,26.3,1.4,31.6,2.2,25.0,1.6,29.2,5.0,33.0,3.3,28.9,0.5
Median hourly earnings,   Males,Total,With leave entitlements,Aug-12,30.0,0.8,27.9,1.3,29.2,1.2,27.5,1.8,33.7,2.5,27.5,2.5,31.9,3.4,37.5,3.0,29.9,0.6
Median hourly earnings,   Males,Total,With leave entitlements,Aug-13,31.0,1.3,28.9,1.4,30.7,2.1,29.4,2.1,33.3,2.9,26.7,1.9,36.0,3.3,37.5,4.2,30.4,0.9
Median hourly earnings,   Males,Total,With leave entitlements,Aug-14,33.3,1.6,31.7,1.3,31.9,1.6,30.0,1.5,37.5,2.6,27.7,2.4,38.2,2.3,40.6,3.6,32.6,0.9
Median hourly earnings,   Males,Total,With leave entitlements,Aug-15,33.8,1.9,32.5,1.6,31.0,1.1,31.3,1.7,35.2,2.5,27.5,3.2,33.3,2.9,40.3,3.1,32.7,0.5
Median hourly earnings,   Males,Total,With leave entitlements,Aug-16,33.7,1.7,32.9,1.4,31.6,1.8,31.8,1.6,36.9,1.5,30.0,2.8,37.5,4.1,40.0,3.0,33.3,0.9
Median hourly earnings,   Males,Total,With leave entitlements,Aug-17,35.0,1.9,34.2,2.1,33.7,1.5,31.2,1.5,37.5,2.2,31.3,3.2,37.0,3.7,43.7,4.2,34.4,0.9
Median hourly earnings,   Males,Total,With leave entitlements,Aug-18,36.8,1.3,35.0,1.5,34.7,1.7,32.5,2.5,38.3,2.4,31.6,1.7,36.9,2.6,42.1,3.0,35.7,0.9
Median hourly earnings,   Males,Total,With leave entitlements,Aug-19,37.5,1.7,36.8,1.3,35.7,1.6,33.9,2.4,40.0,1.7,35.1,3.0,37.5,2.6,44.7,3.3,37.5,0.5
Median hourly earnings,   Males,Total,With leave entitlements,Aug-20,40.0,1.4,40.0,1.8,37.5,2.0,35.7,1.9,44.6,1.7,36.8,2.1,39.4,2.4,47.5,3.7,39.8,0.4
Median hourly earnings,   Males,Total,With leave entitlements,Aug-21,42.6,2.0,40.7,1.9,39.3,2.1,38.1,2.1,41.8,2.3,33.6,2.3,42.1,5.5,47.5,2.7,40.6,0.9
Median hourly earnings,   Males,Total,With leave entitlements,Aug-22,42.3,1.8,41.8,1.7,41.8,2.3,37.2,2.3,45.1,2.0,37.5,3.8,43.8,2.7,51.2,2.4,42.1,0.8
Median hourly earnings,   Males,Total,With leave entitlements,Aug-23,45.3,1.6,45.0,1.8,43.3,1.8,41.5,2.2,45.0,3.5,40.2,2.7,45.1,3.4,47.5,3.6,44.7,0.9
Median hourly earnings,   Males,Total,With leave entitlements,Aug-24,44.3,1.4,46.6,1.6,44.4,2.1,40.5,1.8,49.3,2.3,37.5,2.7,49.5,2.4,50.0,2.5,44.8,1.2
Median hourly earnings,   Males,Total,Without leave entitlements,Aug-75,0.0,0.0,0.0,0.0,0.0,0.0,0.0,0.0,0.0,0.0,0.0,0.0,0.0,0.0,0.0,0.0,0.0,0.0
Median hourly earnings,   Males,Total,Without leave entitlements,Aug-76,0.0,0.0,0.0,0.0,0.0,0.0,0.0,0.0,0.0,0.0,0.0,0.0,0.0,0.0,0.0,0.0,0.0,0.0
Median hourly earnings,   Males,Total,Without leave entitlements,Aug-77,0.0,0.0,0.0,0.0,0.0,0.0,0.0,0.0,0.0,0.0,0.0,0.0,0.0,0.0,0.0,0.0,0.0,0.0
Median hourly earnings,   Males,Total,Without leave entitlements,Aug-78,0.0,0.0,0.0,0.0,0.0,0.0,0.0,0.0,0.0,0.0,0.0,0.0,0.0,0.0,0.0,0.0,0.0,0.0
Median hourly earnings,   Males,Total,Without leave entitlements,Aug-79,0.0,0.0,0.0,0.0,0.0,0.0,0.0,0.0,0.0,0.0,0.0,0.0,0.0,0.0,0.0,0.0,0.0,0.0
Median hourly earnings,   Males,Total,Without leave entitlements,Aug-80,0.0,0.0,0.0,0.0,0.0,0.0,0.0,0.0,0.0,0.0,0.0,0.0,0.0,0.0,0.0,0.0,0.0,0.0
Median hourly earnings,   Males,Total,Without leave entitlements,Aug-81,0.0,0.0,0.0,0.0,0.0,0.0,0.0,0.0,0.0,0.0,0.0,0.0,0.0,0.0,0.0,0.0,0.0,0.0
Median hourly earnings,   Males,Total,Without leave entitlements,Aug-82,0.0,0.0,0.0,0.0,0.0,0.0,0.0,0.0,0.0,0.0,0.0,0.0,0.0,0.0,0.0,0.0,0.0,0.0
Median hourly earnings,   Males,Total,Without leave entitlements,Aug-83,0.0,0.0,0.0,0.0,0.0,0.0,0.0,0.0,0.0,0.0,0.0,0.0,0.0,0.0,0.0,0.0,0.0,0.0
Median hourly earnings,   Males,Total,Without leave entitlements,Aug-84,0.0,0.0,0.0,0.0,0.0,0.0,0.0,0.0,0.0,0.0,0.0,0.0,0.0,0.0,0.0,0.0,0.0,0.0
Median hourly earnings,   Males,Total,Without leave entitlements,Aug-85,0.0,0.0,0.0,0.0,0.0,0.0,0.0,0.0,0.0,0.0,0.0,0.0,0.0,0.0,0.0,0.0,0.0,0.0
Median hourly earnings,   Males,Total,Without leave entitlements,Aug-86,0.0,0.0,0.0,0.0,0.0,0.0,0.0,0.0,0.0,0.0,0.0,0.0,0.0,0.0,0.0,0.0,0.0,0.0
Median hourly earnings,   Males,Total,Without leave entitlements,Aug-87,0.0,0.0,0.0,0.0,0.0,0.0,0.0,0.0,0.0,0.0,0.0,0.0,0.0,0.0,0.0,0.0,0.0,0.0
Median hourly earnings,   Males,Total,Without leave entitlements,Aug-88,0.0,0.0,0.0,0.0,0.0,0.0,0.0,0.0,0.0,0.0,0.0,0.0,0.0,0.0,0.0,0.0,0.0,0.0
Median hourly earnings,   Males,Total,Without leave entitlements,Aug-89,10.0,0.0,9.3,0.0,9.5,0.0,9.0,0.0,10.3,0.0,10.0,0.0,9.9,0.0,9.5,0.0,9.7,0.0
Median hourly earnings,   Males,Total,Without leave entitlements,Aug-90,0.0,0.0,0.0,0.0,0.0,0.0,0.0,0.0,0.0,0.0,0.0,0.0,0.0,0.0,0.0,0.0,0.0,0.0
Median hourly earnings,   Males,Total,Without leave entitlements,Jul-91,0.0,0.0,0.0,0.0,0.0,0.0,0.0,0.0,0.0,0.0,0.0,0.0,0.0,0.0,0.0,0.0,0.0,0.0
Median hourly earnings,   Males,Total,Without leave entitlements,Aug-92,10.8,3.1,10.0,2.7,10.5,2.4,10.6,3.0,10.6,3.0,10.6,3.6,11.5,11.7,10.0,8.3,10.6,0.8
Median hourly earnings,   Males,Total,Without leave entitlements,Aug-93,12.0,2.1,11.1,3.2,10.6,2.9,11.5,3.3,11.7,2.4,10.6,5.2,12.5,5.2,12.1,3.2,11.5,1.4
Median hourly earnings,   Males,Total,Without leave entitlements,Aug-94,11.9,2.7,12.0,2.1,11.3,2.1,11.1,2.3,12.0,2.6,12.0,3.1,13.1,8.4,12.0,3.6,11.7,1.5
Median hourly earnings,   Males,Total,Without leave entitlements,Aug-95,11.7,2.8,11.7,2.7,11.5,2.1,12.4,2.0,11.3,4.1,11.5,4.6,11.4,3.4,11.1,4.6,11.7,1.6
Median hourly earnings,   Males,Total,Without leave entitlements,Aug-96,0.0,0.0,0.0,0.0,0.0,0.0,0.0,0.0,0.0,0.0,0.0,0.0,0.0,0.0,0.0,0.0,0.0,0.0
Median hourly earnings,   Males,Total,Without leave entitlements,Aug-97,12.5,2.3,12.5,2.1,12.4,1.6,12.8,2.1,12.2,2.9,12.5,2.5,12.5,10.7,12.3,4.3,12.5,0.7
Median hourly earnings,   Males,Total,Without leave entitlements,Aug-98,13.7,1.6,12.5,1.9,12.2,1.8,12.5,2.4,13.0,3.1,12.3,3.7,14.0,6.9,12.6,5.6,12.8,1.2
Median hourly earnings,   Males,Total,Without leave entitlements,Aug-99,14.4,2.0,12.9,1.6,13.0,2.1,13.2,2.9,12.9,2.8,13.8,4.8,14.0,6.1,12.6,5.8,13.3,0.9
Median hourly earnings,   Males,Total,Without leave entitlements,Aug-00,14.7,1.7,13.6,2.0,13.3,1.4,14.6,2.2,14.0,3.9,14.2,3.3,15.0,7.7,13.6,9.0,14.0,0.8
Median hourly earnings,   Males,Total,Without leave entitlements,Aug-01,14.7,1.7,14.3,3.0,13.8,1.2,14.0,2.5,14.0,2.0,14.4,3.5,14.6,5.7,15.0,6.1,14.1,0.9
Median hourly earnings,   Males,Total,Without leave entitlements,Aug-02,15.0,1.1,14.4,2.2,14.4,1.9,14.1,2.5,14.8,2.0,14.1,3.1,16.2,6.3,15.0,3.5,14.7,1.0
Median hourly earnings,   Males,Total,Without leave entitlements,Aug-03,16.0,2.7,15.0,1.7,15.0,1.0,15.7,2.0,15.0,2.6,16.0,5.4,15.9,11.6,16.3,4.0,15.1,0.9
Median hourly earnings,   Males,Total,Without leave entitlements,Aug-04,16.7,2.5,15.6,2.5,16.0,1.6,16.0,2.4,15.6,2.1,15.5,2.1,16.6,11.0,16.2,5.8,16.0,0.7
Median hourly earnings,   Males,Total,Without leave entitlements,Aug-05,16.7,2.8,16.0,2.5,16.3,1.5,17.1,2.5,16.3,3.2,16.4,2.0,18.7,4.0,18.3,4.5,16.5,0.8
Median hourly earnings,   Males,Total,Without leave entitlements,Aug-06,18.0,2.7,17.4,2.2,17.5,1.5,17.3,2.2,17.2,2.4,16.3,3.6,16.7,5.2,19.3,7.4,17.5,1.1
Median hourly earnings,   Males,Total,Without leave entitlements,Aug-07,19.0,2.1,17.8,1.9,18.3,1.9,18.2,3.2,19.5,2.0,17.8,3.3,19.2,2.3,20.0,5.3,18.4,0.8
Median hourly earnings,   Males,Total,Without leave entitlements,Aug-08,20.0,1.0,18.0,1.8,19.7,3.7,18.8,2.5,20.0,3.5,18.0,6.3,20.1,5.9,18.5,14.8,19.5,1.3
Median hourly earnings,   Males,Total,Without leave entitlements,Aug-09,19.4,2.5,19.4,1.9,20.0,1.7,19.6,1.7,20.0,2.7,20.0,4.3,20.9,9.8,20.0,2.5,19.8,0.6
Median hourly earnings,   Males,Total,Without leave entitlements,Aug-10,20.5,1.8,20.0,1.4,20.6,2.5,21.3,3.0,20.4,2.7,20.0,2.5,21.5,7.5,23.1,4.6,20.3,1.3
Median hourly earnings,   Males,Total,Without leave entitlements,Aug-11,20.8,2.4,20.0,1.3,21.0,2.4,20.5,1.8,22.2,2.7,20.8,3.3,21.4,5.1,22.0,5.8,20.8,1.5
Median hourly earnings,   Males,Total,Without leave entitlements,Aug-12,21.4,1.8,21.4,2.9,21.4,2.2,21.7,2.7,23.5,3.3,20.3,3.7,22.5,8.7,21.6,6.0,21.7,1.1
Median hourly earnings,   Males,Total,Without leave entitlements,Aug-13,21.4,2.4,21.6,2.0,23.0,3.5,22.6,2.1,25.0,4.4,22.0,3.4,25.0,7.6,24.1,4.1,22.4,1.3
Median hourly earnings,   Males,Total,Without leave entitlements,Aug-14,23.1,2.2,21.4,3.0,23.5,2.7,22.9,2.3,26.4,2.7,23.3,3.8,29.2,6.5,25.0,9.3,23.2,1.0
Median hourly earnings,   Males,Total,Without leave entitlements,Aug-15,23.3,2.2,23.1,2.9,24.5,2.1,24.0,2.5,25.0,3.6,22.8,2.3,24.3,3.8,23.8,4.8,23.8,1.0
Median hourly earnings,   Males,Total,Without leave entitlements,Aug-16,23.9,2.2,23.3,1.9,25.0,1.4,23.5,2.1,25.0,2.9,25.2,2.9,25.6,2.9,27.5,7.2,24.0,1.4
Median hourly earnings,   Males,Total,Without leave entitlements,Aug-17,24.9,1.0,25.0,1.0,25.0,2.0,25.0,2.5,25.4,2.3,25.0,0.2,25.0,3.4,26.3,5.1,25.0,0.0
Median hourly earnings,   Males,Total,Without leave entitlements,Aug-18,25.0,1.3,25.0,1.1,25.9,2.3,25.4,2.5,29.5,2.6,25.7,2.5,27.5,2.4,27.3,3.9,25.8,1.0
Median hourly earnings,   Males,Total,Without leave entitlements,Aug-19,26.2,1.9,26.3,2.4,27.8,2.2,25.6,1.7,29.4,1.7,27.4,3.5,26.5,5.7,29.0,6.5,26.8,1.1
Median hourly earnings,   Males,Total,Without leave entitlements,Aug-20,27.8,2.2,28.4,3.5,26.7,2.9,27.8,3.1,30.3,2.2,27.5,2.3,32.0,7.1,35.5,10.3,28.0,1.1
Median hourly earnings,   Males,Total,Without leave entitlements,Aug-21,30.0,2.1,30.0,2.5,27.7,1.9,28.0,2.0,30.5,4.9,28.1,3.7,30.2,3.4,37.1,14.5,29.7,1.2
Median hourly earnings,   Males,Total,Without leave entitlements,Aug-22,28.9,1.9,30.0,1.3,29.0,1.8,30.0,2.7,32.2,3.4,29.1,1.7,30.0,7.4,36.9,12.6,29.7,0.9
Median hourly earnings,   Males,Total,Without leave entitlements,Aug-23,31.3,2.4,31.1,1.4,30.9,1.6,30.0,2.6,31.7,4.0,30.6,3.4,31.7,4.9,30.0,8.2,31.2,0.9
Median hourly earnings,   Males,Total,Without leave entitlements,Aug-24,30.8,2.3,33.3,1.8,31.9,2.6,32.3,2.9,37.5,2.1,32.3,4.0,33.9,4.8,38.1,10.2,33.0,1.0
Median hourly earnings,   Males,Total,Total,Aug-75,0.0,0.0,0.0,0.0,0.0,0.0,0.0,0.0,0.0,0.0,0.0,0.0,0.0,0.0,0.0,0.0,0.0,0.0
Median hourly earnings,   Males,Total,Total,Aug-76,0.0,0.0,0.0,0.0,0.0,0.0,0.0,0.0,0.0,0.0,0.0,0.0,0.0,0.0,0.0,0.0,0.0,0.0
Median hourly earnings,   Males,Total,Total,Aug-77,0.0,0.0,0.0,0.0,0.0,0.0,0.0,0.0,0.0,0.0,0.0,0.0,0.0,0.0,0.0,0.0,0.0,0.0
Median hourly earnings,   Males,Total,Total,Aug-78,0.0,0.0,0.0,0.0,0.0,0.0,0.0,0.0,0.0,0.0,0.0,0.0,0.0,0.0,0.0,0.0,0.0,0.0
Median hourly earnings,   Males,Total,Total,Aug-79,0.0,0.0,0.0,0.0,0.0,0.0,0.0,0.0,0.0,0.0,0.0,0.0,0.0,0.0,0.0,0.0,0.0,0.0
Median hourly earnings,   Males,Total,Total,Aug-80,0.0,0.0,0.0,0.0,0.0,0.0,0.0,0.0,0.0,0.0,0.0,0.0,0.0,0.0,0.0,0.0,0.0,0.0
Median hourly earnings,   Males,Total,Total,Aug-81,0.0,0.0,0.0,0.0,0.0,0.0,0.0,0.0,0.0,0.0,0.0,0.0,0.0,0.0,0.0,0.0,0.0,0.0
Median hourly earnings,   Males,Total,Total,Aug-82,0.0,0.0,0.0,0.0,0.0,0.0,0.0,0.0,0.0,0.0,0.0,0.0,0.0,0.0,0.0,0.0,0.0,0.0
Median hourly earnings,   Males,Total,Total,Aug-83,0.0,0.0,0.0,0.0,0.0,0.0,0.0,0.0,0.0,0.0,0.0,0.0,0.0,0.0,0.0,0.0,0.0,0.0
Median hourly earnings,   Males,Total,Total,Aug-84,0.0,0.0,0.0,0.0,0.0,0.0,0.0,0.0,0.0,0.0,0.0,0.0,0.0,0.0,0.0,0.0,0.0,0.0
Median hourly earnings,   Males,Total,Total,Aug-85,0.0,0.0,0.0,0.0,0.0,0.0,0.0,0.0,0.0,0.0,0.0,0.0,0.0,0.0,0.0,0.0,0.0,0.0
Median hourly earnings,   Males,Total,Total,Aug-86,0.0,0.0,0.0,0.0,0.0,0.0,0.0,0.0,0.0,0.0,0.0,0.0,0.0,0.0,0.0,0.0,0.0,0.0
Median hourly earnings,   Males,Total,Total,Aug-87,0.0,0.0,0.0,0.0,0.0,0.0,0.0,0.0,0.0,0.0,0.0,0.0,0.0,0.0,0.0,0.0,0.0,0.0
Median hourly earnings,   Males,Total,Total,Aug-88,0.0,0.0,0.0,0.0,0.0,0.0,0.0,0.0,0.0,0.0,0.0,0.0,0.0,0.0,0.0,0.0,0.0,0.0
Median hourly earnings,   Males,Total,Total,Aug-89,11.5,0.0,11.1,0.0,10.5,0.0,10.8,0.0,11.5,0.0,11.0,0.0,12.4,0.0,13.9,0.0,11.1,0.0
Median hourly earnings,   Males,Total,Total,Aug-90,0.0,0.0,0.0,0.0,0.0,0.0,0.0,0.0,0.0,0.0,0.0,0.0,0.0,0.0,0.0,0.0,0.0,0.0
Median hourly earnings,   Males,Total,Total,Jul-91,0.0,0.0,0.0,0.0,0.0,0.0,0.0,0.0,0.0,0.0,0.0,0.0,0.0,0.0,0.0,0.0,0.0,0.0
Median hourly earnings,   Males,Total,Total,Aug-92,13.1,1.0,12.9,1.3,12.4,0.8,12.1,1.0,13.2,1.2,12.4,0.9,13.5,2.2,15.4,2.9,12.8,0.8
Median hourly earnings,   Males,Total,Total,Aug-93,13.6,0.9,13.5,0.8,12.5,0.6,13.2,0.9,13.5,1.6,12.6,1.3,14.6,4.5,16.5,2.8,13.5,0.6
Median hourly earnings,   Males,Total,Total,Aug-94,13.9,1.3,14.2,0.9,12.9,1.3,13.1,1.3,14.2,1.6,13.2,1.3,15.3,4.7,16.7,2.8,13.8,0.7
Median hourly earnings,   Males,Total,Total,Aug-95,14.5,0.7,14.0,1.3,13.5,0.6,13.8,1.3,14.2,1.3,13.5,1.7,13.7,3.3,17.2,2.8,14.2,0.3
Median hourly earnings,   Males,Total,Total,Aug-96,0.0,0.0,0.0,0.0,0.0,0.0,0.0,0.0,0.0,0.0,0.0,0.0,0.0,0.0,0.0,0.0,0.0,0.0
Median hourly earnings,   Males,Total,Total,Aug-97,15.5,1.3,15.1,0.9,14.7,1.0,14.6,1.5,15.8,1.8,14.3,1.9,17.0,5.7,18.9,2.4,15.1,0.6
Median hourly earnings,   Males,Total,Total,Aug-98,16.3,1.0,15.8,1.5,14.9,1.3,15.0,1.5,15.5,1.8,14.5,1.6,16.6,5.4,19.8,1.9,15.6,0.6
Median hourly earnings,   Males,Total,Total,Aug-99,17.1,1.0,16.0,1.2,15.1,1.1,15.8,1.4,16.8,1.1,15.4,1.7,17.2,2.3,20.0,3.1,16.3,0.5
Median hourly earnings,   Males,Total,Total,Aug-00,17.5,1.1,17.3,1.2,16.2,1.5,16.3,1.5,17.3,1.2,16.1,1.7,19.2,4.0,22.5,3.3,17.1,0.6
Median hourly earnings,   Males,Total,Total,Aug-01,18.3,1.0,17.6,1.3,16.7,1.1,16.9,1.4,17.5,1.7,16.5,1.7,18.8,3.6,21.1,2.6,17.5,0.4
Median hourly earnings,   Males,Total,Total,Aug-02,19.1,1.2,18.4,0.8,17.4,1.8,17.5,1.1,18.7,1.5,16.7,2.6,20.0,3.5,22.2,2.7,18.4,0.4
Median hourly earnings,   Males,Total,Total,Aug-03,19.8,1.0,18.8,1.3,18.0,1.3,18.4,1.2,18.8,2.4,18.0,2.2,18.6,4.3,23.0,2.9,18.9,0.6
Median hourly earnings,   Males,Total,Total,Aug-04,20.0,0.8,20.0,0.7,18.5,1.1,18.8,1.3,19.7,1.1,18.8,2.6,20.7,4.4,24.0,3.1,20.0,0.3
Median hourly earnings,   Males,Total,Total,Aug-05,21.1,1.5,20.8,1.4,19.8,0.9,20.0,0.9,21.0,2.1,18.8,2.0,20.8,2.9,24.4,2.6,20.5,1.1
Median hourly earnings,   Males,Total,Total,Aug-06,22.4,1.0,21.3,1.1,20.7,1.3,20.8,1.6,21.8,1.4,19.3,3.0,21.8,4.4,26.3,2.7,21.6,0.7
Median hourly earnings,   Males,Total,Total,Aug-07,23.0,1.3,22.5,1.0,22.1,1.2,21.7,1.6,23.7,1.6,20.0,1.7,25.0,4.8,30.0,2.6,22.5,0.6
Median hourly earnings,   Males,Total,Total,Aug-08,24.3,1.3,23.3,1.6,23.3,1.6,22.0,1.6,26.1,1.6,21.0,2.4,25.0,3.4,30.0,2.4,23.8,0.6
Median hourly earnings,   Males,Total,Total,Aug-09,25.0,1.1,24.1,1.5,24.4,1.4,23.3,2.3,26.3,2.2,22.9,2.0,29.0,6.4,31.6,2.9,25.0,0.1
Median hourly earnings,   Males,Total,Total,Aug-10,26.2,0.9,25.0,0.2,25.0,0.3,24.4,1.3,29.4,1.3,23.7,2.6,28.3,3.3,31.9,2.7,25.7,0.8
Median hourly earnings,   Males,Total,Total,Aug-11,26.7,1.3,25.3,1.3,26.4,1.5,25.0,0.6,30.0,1.9,24.4,1.9,26.6,4.0,31.6,2.8,26.3,0.5
Median hourly earnings,   Males,Total,Total,Aug-12,28.0,1.5,26.6,1.3,27.0,1.1,26.1,1.3,31.0,1.8,26.0,1.8,30.4,3.5,35.0,3.3,27.6,0.3
Median hourly earnings,   Males,Total,Total,Aug-13,28.4,1.5,27.2,1.4,28.0,1.3,26.5,2.0,31.7,2.4,25.5,1.3,33.7,4.2,34.4,4.0,28.4,0.8
Median hourly earnings,   Males,Total,Total,Aug-14,30.5,1.2,29.5,1.1,30.0,1.1,27.7,1.3,35.0,1.9,26.3,1.9,37.4,2.4,37.5,3.8,30.0,0.6
Median hourly earnings,   Males,Total,Total,Aug-15,31.2,1.3,30.0,1.6,29.0,1.3,28.8,1.3,33.3,1.8,26.2,2.0,31.3,2.1,37.1,3.3,30.3,0.5
Median hourly earnings,   Males,Total,Total,Aug-16,30.7,1.3,30.3,1.1,29.8,1.1,29.6,1.9,33.5,1.9,28.3,2.4,35.0,3.6,38.3,2.6,30.5,1.0
Median hourly earnings,   Males,Total,Total,Aug-17,31.5,1.8,31.3,2.0,31.0,1.3,29.7,1.1,34.6,1.8,29.0,1.9,33.3,3.9,40.0,3.5,31.6,0.6
Median hourly earnings,   Males,Total,Total,Aug-18,33.4,1.4,32.9,1.5,31.6,1.3,30.6,1.5,36.0,2.7,30.0,2.0,34.3,2.9,38.8,3.2,32.9,0.7
Median hourly earnings,   Males,Total,Total,Aug-19,34.4,1.7,33.8,1.7,32.9,2.1,32.2,1.3,37.5,1.4,32.0,3.4,35.1,3.0,41.4,4.0,34.3,0.9
Median hourly earnings,   Males,Total,Total,Aug-20,37.3,1.1,38.0,1.4,34.5,2.1,33.2,1.7,40.9,2.1,34.0,2.4,37.8,3.2,45.6,2.9,37.3,0.6
Median hourly earnings,   Males,Total,Total,Aug-21,39.0,1.6,37.5,0.8,35.0,1.8,35.0,2.1,40.0,1.2,32.1,1.7,38.0,4.3,47.2,3.2,37.5,0.4
Median hourly earnings,   Males,Total,Total,Aug-22,38.3,1.3,38.5,1.2,37.5,2.3,34.9,1.8,42.1,2.6,35.1,2.5,40.9,2.9,50.0,3.0,38.5,0.8
Median hourly earnings,   Males,Total,Total,Aug-23,42.1,1.4,41.5,1.8,40.0,0.9,37.9,1.2,41.7,2.3,37.5,2.2,43.8,2.1,45.0,2.2,40.8,0.9
Median hourly earnings,   Males,Total,Total,Aug-24,40.5,1.4,43.0,1.5,40.9,1.7,37.5,1.4,45.0,2.2,36.4,2.0,44.8,3.7,48.3,2.3,41.7,0.8
Median hourly earnings,   Females,Full-time,With leave entitlements,Aug-75,0.0,0.0,0.0,0.0,0.0,0.0,0.0,0.0,0.0,0.0,0.0,0.0,0.0,0.0,0.0,0.0,0.0,0.0
Median hourly earnings,   Females,Full-time,With leave entitlements,Aug-76,0.0,0.0,0.0,0.0,0.0,0.0,0.0,0.0,0.0,0.0,0.0,0.0,0.0,0.0,0.0,0.0,0.0,0.0
Median hourly earnings,   Females,Full-time,With leave entitlements,Aug-77,0.0,0.0,0.0,0.0,0.0,0.0,0.0,0.0,0.0,0.0,0.0,0.0,0.0,0.0,0.0,0.0,0.0,0.0
Median hourly earnings,   Females,Full-time,With leave entitlements,Aug-78,0.0,0.0,0.0,0.0,0.0,0.0,0.0,0.0,0.0,0.0,0.0,0.0,0.0,0.0,0.0,0.0,0.0,0.0
Median hourly earnings,   Females,Full-time,With leave entitlements,Aug-79,0.0,0.0,0.0,0.0,0.0,0.0,0.0,0.0,0.0,0.0,0.0,0.0,0.0,0.0,0.0,0.0,0.0,0.0
Median hourly earnings,   Females,Full-time,With leave entitlements,Aug-80,0.0,0.0,0.0,0.0,0.0,0.0,0.0,0.0,0.0,0.0,0.0,0.0,0.0,0.0,0.0,0.0,0.0,0.0
Median hourly earnings,   Females,Full-time,With leave entitlements,Aug-81,0.0,0.0,0.0,0.0,0.0,0.0,0.0,0.0,0.0,0.0,0.0,0.0,0.0,0.0,0.0,0.0,0.0,0.0
Median hourly earnings,   Females,Full-time,With leave entitlements,Aug-82,0.0,0.0,0.0,0.0,0.0,0.0,0.0,0.0,0.0,0.0,0.0,0.0,0.0,0.0,0.0,0.0,0.0,0.0
Median hourly earnings,   Females,Full-time,With leave entitlements,Aug-83,0.0,0.0,0.0,0.0,0.0,0.0,0.0,0.0,0.0,0.0,0.0,0.0,0.0,0.0,0.0,0.0,0.0,0.0
Median hourly earnings,   Females,Full-time,With leave entitlements,Aug-84,0.0,0.0,0.0,0.0,0.0,0.0,0.0,0.0,0.0,0.0,0.0,0.0,0.0,0.0,0.0,0.0,0.0,0.0
Median hourly earnings,   Females,Full-time,With leave entitlements,Aug-85,0.0,0.0,0.0,0.0,0.0,0.0,0.0,0.0,0.0,0.0,0.0,0.0,0.0,0.0,0.0,0.0,0.0,0.0
Median hourly earnings,   Females,Full-time,With leave entitlements,Aug-86,0.0,0.0,0.0,0.0,0.0,0.0,0.0,0.0,0.0,0.0,0.0,0.0,0.0,0.0,0.0,0.0,0.0,0.0
Median hourly earnings,   Females,Full-time,With leave entitlements,Aug-87,0.0,0.0,0.0,0.0,0.0,0.0,0.0,0.0,0.0,0.0,0.0,0.0,0.0,0.0,0.0,0.0,0.0,0.0
Median hourly earnings,   Females,Full-time,With leave entitlements,Aug-88,0.0,0.0,0.0,0.0,0.0,0.0,0.0,0.0,0.0,0.0,0.0,0.0,0.0,0.0,0.0,0.0,0.0,0.0
Median hourly earnings,   Females,Full-time,With leave entitlements,Aug-89,10.4,0.0,10.0,0.0,9.5,0.0,10.2,0.0,10.0,0.0,9.5,0.0,12.1,0.0,11.7,0.0,10.0,0.0
Median hourly earnings,   Females,Full-time,With leave entitlements,Aug-90,0.0,0.0,0.0,0.0,0.0,0.0,0.0,0.0,0.0,0.0,0.0,0.0,0.0,0.0,0.0,0.0,0.0,0.0
Median hourly earnings,   Females,Full-time,With leave entitlements,Jul-91,0.0,0.0,0.0,0.0,0.0,0.0,0.0,0.0,0.0,0.0,0.0,0.0,0.0,0.0,0.0,0.0,0.0,0.0
Median hourly earnings,   Females,Full-time,With leave entitlements,Aug-92,12.1,0.9,12.1,0.9,11.1,1.5,11.5,1.7,12.0,1.3,12.0,1.3,13.2,3.8,13.5,2.1,12.0,0.9
Median hourly earnings,   Females,Full-time,With leave entitlements,Aug-93,13.1,1.3,12.5,1.3,11.7,1.3,12.5,2.1,12.4,1.6,11.9,2.5,13.6,3.7,15.7,1.9,12.5,0.6
Median hourly earnings,   Females,Full-time,With leave entitlements,Aug-94,13.2,0.7,13.2,1.3,12.4,0.8,13.2,0.9,12.7,1.3,12.1,0.9,13.9,3.3,15.5,1.8,13.2,0.5
Median hourly earnings,   Females,Full-time,With leave entitlements,Aug-95,14.0,1.4,13.5,2.0,12.9,2.0,13.5,2.0,13.2,1.3,13.2,2.0,13.5,2.0,16.0,1.4,13.5,0.0
Median hourly earnings,   Females,Full-time,With leave entitlements,Aug-96,0.0,0.0,0.0,0.0,0.0,0.0,0.0,0.0,0.0,0.0,0.0,0.0,0.0,0.0,0.0,0.0,0.0,0.0
Median hourly earnings,   Females,Full-time,With leave entitlements,Aug-97,15.5,1.6,14.5,1.3,14.1,1.3,14.5,2.4,13.8,1.2,14.5,2.4,14.9,3.8,17.5,3.6,14.9,0.6
Median hourly earnings,   Females,Full-time,With leave entitlements,Aug-98,15.8,1.8,14.9,1.4,14.8,1.2,14.4,2.2,15.0,1.7,14.5,3.4,16.0,2.1,18.1,1.9,15.2,0.6
Median hourly earnings,   Females,Full-time,With leave entitlements,Aug-99,16.9,1.1,15.6,1.1,15.1,1.4,15.0,1.2,15.8,1.5,14.4,2.6,16.9,4.3,18.7,2.6,16.0,0.7
Median hourly earnings,   Females,Full-time,With leave entitlements,Aug-00,16.8,1.0,17.1,1.4,15.9,1.6,16.4,1.8,15.8,1.2,16.0,2.9,17.6,2.7,20.5,2.9,16.7,0.7
Median hourly earnings,   Females,Full-time,With leave entitlements,Aug-01,18.0,1.5,17.2,1.5,16.3,1.3,17.3,2.1,16.0,2.0,15.8,3.0,17.9,3.3,20.4,2.4,17.3,0.6
Median hourly earnings,   Females,Full-time,With leave entitlements,Aug-02,18.8,1.4,18.0,1.4,17.3,1.6,18.1,2.0,18.0,1.7,16.9,4.0,19.2,4.4,22.0,2.2,18.3,0.6
Median hourly earnings,   Females,Full-time,With leave entitlements,Aug-03,19.7,1.1,18.8,1.1,17.3,1.3,18.4,2.3,18.1,2.1,17.4,3.5,19.7,4.3,22.8,2.2,18.8,0.7
Median hourly earnings,   Females,Full-time,With leave entitlements,Aug-04,20.5,1.6,19.5,1.6,17.9,1.7,19.2,1.5,18.4,2.7,18.1,2.4,20.8,3.8,24.4,2.9,19.5,0.7
Median hourly earnings,   Females,Full-time,With leave entitlements,Aug-05,21.1,2.4,20.5,1.5,19.4,1.6,19.5,1.8,19.5,1.6,19.7,2.5,21.6,3.2,25.0,2.8,20.3,0.9
Median hourly earnings,   Females,Full-time,With leave entitlements,Aug-06,22.2,1.2,21.1,1.7,19.7,0.9,20.3,1.7,19.7,1.2,19.9,3.6,21.2,4.9,26.3,1.9,21.1,0.5
Median hourly earnings,   Females,Full-time,With leave entitlements,Aug-07,23.0,1.5,22.2,1.9,21.1,1.5,21.8,1.8,21.3,1.9,20.0,3.4,23.2,6.8,29.6,2.1,22.2,0.8
Median hourly earnings,   Females,Full-time,With leave entitlements,Aug-08,24.4,1.3,23.0,1.4,23.0,2.0,21.9,2.7,23.3,2.5,21.9,3.0,24.4,3.7,29.3,3.1,23.7,0.9
Median hourly earnings,   Females,Full-time,With leave entitlements,Aug-09,24.5,2.4,23.8,1.8,23.7,2.2,24.5,2.3,24.9,1.9,24.3,3.1,25.7,3.6,31.6,3.2,24.3,1.3
Median hourly earnings,   Females,Full-time,With leave entitlements,Aug-10,26.3,1.8,25.0,1.6,24.6,1.4,24.3,1.4,26.2,1.8,24.4,2.5,25.0,2.5,31.2,2.2,25.0,0.7
Median hourly earnings,   Females,Full-time,With leave entitlements,Aug-11,27.3,1.8,26.2,1.5,25.8,1.3,25.9,1.4,26.3,2.4,25.0,2.0,29.8,2.7,32.9,2.0,26.3,0.6
Median hourly earnings,   Females,Full-time,With leave entitlements,Aug-12,28.1,1.2,27.4,1.8,26.7,1.9,26.9,2.1,29.1,2.9,26.3,2.2,29.0,3.1,33.0,2.2,27.7,0.6
Median hourly earnings,   Females,Full-time,With leave entitlements,Aug-13,28.1,1.5,26.6,1.5,26.3,2.0,26.9,1.6,28.2,1.7,26.2,2.3,30.0,3.1,36.8,3.7,27.5,0.7
Median hourly earnings,   Females,Full-time,With leave entitlements,Aug-14,31.3,2.0,29.6,1.6,27.9,2.3,28.5,2.3,31.6,2.6,27.5,3.5,32.5,4.2,38.1,4.4,30.0,0.8
Median hourly earnings,   Females,Full-time,With leave entitlements,Aug-15,31.1,1.6,30.0,2.3,29.0,2.0,30.0,1.8,31.6,2.8,28.4,5.0,31.1,1.9,38.9,1.6,30.4,1.0
Median hourly earnings,   Females,Full-time,With leave entitlements,Aug-16,32.4,1.9,31.3,1.9,30.0,1.5,31.4,2.6,31.9,2.0,30.6,4.6,32.5,2.0,38.6,2.9,31.5,0.6
Median hourly earnings,   Females,Full-time,With leave entitlements,Aug-17,33.3,1.7,32.0,1.5,30.7,1.8,30.1,2.8,35.2,2.6,31.2,3.9,33.5,3.2,39.0,3.3,32.5,0.8
Median hourly earnings,   Females,Full-time,With leave entitlements,Aug-18,35.2,1.8,33.0,1.9,32.0,1.5,32.1,2.8,35.1,2.5,31.2,3.0,34.2,4.2,41.9,3.1,33.8,0.9
Median hourly earnings,   Females,Full-time,With leave entitlements,Aug-19,36.4,2.5,34.6,1.7,32.9,2.6,32.9,2.7,36.0,2.6,36.5,3.1,35.7,3.0,40.5,3.8,35.0,0.9
Median hourly earnings,   Females,Full-time,With leave entitlements,Aug-20,38.7,1.4,38.8,2.1,36.6,3.5,34.1,2.1,39.9,2.8,36.8,3.9,37.0,4.4,46.0,2.6,38.3,1.2
Median hourly earnings,   Females,Full-time,With leave entitlements,Aug-21,40.3,1.4,39.2,1.3,37.5,2.4,38.5,2.6,37.7,1.5,37.5,3.8,41.7,2.1,50.0,4.2,39.4,0.8
Median hourly earnings,   Females,Full-time,With leave entitlements,Aug-22,41.8,2.5,41.0,2.0,40.3,1.4,38.9,2.2,39.3,2.6,37.5,2.3,43.3,4.9,49.7,3.1,40.8,1.0
Median hourly earnings,   Females,Full-time,With leave entitlements,Aug-23,45.1,1.7,43.7,2.2,40.4,3.2,42.5,2.0,41.3,2.8,42.1,3.2,40.8,3.3,49.3,3.7,43.5,0.8
Median hourly earnings,   Females,Full-time,With leave entitlements,Aug-24,45.0,1.4,44.7,2.0,42.9,2.2,39.5,2.7,41.5,2.5,38.4,4.9,43.8,2.3,52.7,4.3,44.0,1.0
Median hourly earnings,   Females,Full-time,Without leave entitlements,Aug-75,0.0,0.0,0.0,0.0,0.0,0.0,0.0,0.0,0.0,0.0,0.0,0.0,0.0,0.0,0.0,0.0,0.0,0.0
Median hourly earnings,   Females,Full-time,Without leave entitlements,Aug-76,0.0,0.0,0.0,0.0,0.0,0.0,0.0,0.0,0.0,0.0,0.0,0.0,0.0,0.0,0.0,0.0,0.0,0.0
Median hourly earnings,   Females,Full-time,Without leave entitlements,Aug-77,0.0,0.0,0.0,0.0,0.0,0.0,0.0,0.0,0.0,0.0,0.0,0.0,0.0,0.0,0.0,0.0,0.0,0.0
Median hourly earnings,   Females,Full-time,Without leave entitlements,Aug-78,0.0,0.0,0.0,0.0,0.0,0.0,0.0,0.0,0.0,0.0,0.0,0.0,0.0,0.0,0.0,0.0,0.0,0.0
Median hourly earnings,   Females,Full-time,Without leave entitlements,Aug-79,0.0,0.0,0.0,0.0,0.0,0.0,0.0,0.0,0.0,0.0,0.0,0.0,0.0,0.0,0.0,0.0,0.0,0.0
Median hourly earnings,   Females,Full-time,Without leave entitlements,Aug-80,0.0,0.0,0.0,0.0,0.0,0.0,0.0,0.0,0.0,0.0,0.0,0.0,0.0,0.0,0.0,0.0,0.0,0.0
Median hourly earnings,   Females,Full-time,Without leave entitlements,Aug-81,0.0,0.0,0.0,0.0,0.0,0.0,0.0,0.0,0.0,0.0,0.0,0.0,0.0,0.0,0.0,0.0,0.0,0.0
Median hourly earnings,   Females,Full-time,Without leave entitlements,Aug-82,0.0,0.0,0.0,0.0,0.0,0.0,0.0,0.0,0.0,0.0,0.0,0.0,0.0,0.0,0.0,0.0,0.0,0.0
Median hourly earnings,   Females,Full-time,Without leave entitlements,Aug-83,0.0,0.0,0.0,0.0,0.0,0.0,0.0,0.0,0.0,0.0,0.0,0.0,0.0,0.0,0.0,0.0,0.0,0.0
Median hourly earnings,   Females,Full-time,Without leave entitlements,Aug-84,0.0,0.0,0.0,0.0,0.0,0.0,0.0,0.0,0.0,0.0,0.0,0.0,0.0,0.0,0.0,0.0,0.0,0.0
Median hourly earnings,   Females,Full-time,Without leave entitlements,Aug-85,0.0,0.0,0.0,0.0,0.0,0.0,0.0,0.0,0.0,0.0,0.0,0.0,0.0,0.0,0.0,0.0,0.0,0.0
Median hourly earnings,   Females,Full-time,Without leave entitlements,Aug-86,0.0,0.0,0.0,0.0,0.0,0.0,0.0,0.0,0.0,0.0,0.0,0.0,0.0,0.0,0.0,0.0,0.0,0.0
Median hourly earnings,   Females,Full-time,Without leave entitlements,Aug-87,0.0,0.0,0.0,0.0,0.0,0.0,0.0,0.0,0.0,0.0,0.0,0.0,0.0,0.0,0.0,0.0,0.0,0.0
Median hourly earnings,   Females,Full-time,Without leave entitlements,Aug-88,0.0,0.0,0.0,0.0,0.0,0.0,0.0,0.0,0.0,0.0,0.0,0.0,0.0,0.0,0.0,0.0,0.0,0.0
Median hourly earnings,   Females,Full-time,Without leave entitlements,Aug-89,8.6,0.0,9.9,0.0,8.5,0.0,9.6,0.0,9.6,0.0,9.3,0.0,10.7,0.0,8.3,0.0,9.2,0.0
Median hourly earnings,   Females,Full-time,Without leave entitlements,Aug-90,0.0,0.0,0.0,0.0,0.0,0.0,0.0,0.0,0.0,0.0,0.0,0.0,0.0,0.0,0.0,0.0,0.0,0.0
Median hourly earnings,   Females,Full-time,Without leave entitlements,Jul-91,0.0,0.0,0.0,0.0,0.0,0.0,0.0,0.0,0.0,0.0,0.0,0.0,0.0,0.0,0.0,0.0,0.0,0.0
Median hourly earnings,   Females,Full-time,Without leave entitlements,Aug-92,10.9,3.2,11.2,5.7,10.0,2.6,10.5,2.5,9.9,6.1,10.0,8.1,10.8,19.0,11.3,10.1,10.5,2.1
Median hourly earnings,   Females,Full-time,Without leave entitlements,Aug-93,11.5,3.5,11.4,4.7,10.6,1.4,10.9,5.0,11.5,7.9,10.6,4.5,12.7,6.6,12.4,6.6,11.1,1.8
Median hourly earnings,   Females,Full-time,Without leave entitlements,Aug-94,11.1,3.8,12.0,4.9,11.1,2.1,12.0,4.8,11.2,6.9,9.5,8.2,12.9,9.0,10.9,4.2,11.3,2.1
Median hourly earnings,   Females,Full-time,Without leave entitlements,Aug-95,11.5,3.4,13.5,5.1,11.7,2.4,12.1,4.4,11.1,3.2,10.7,6.6,10.4,14.0,11.2,20.3,11.7,1.7
Median hourly earnings,   Females,Full-time,Without leave entitlements,Aug-96,0.0,0.0,0.0,0.0,0.0,0.0,0.0,0.0,0.0,0.0,0.0,0.0,0.0,0.0,0.0,0.0,0.0,0.0
Median hourly earnings,   Females,Full-time,Without leave entitlements,Aug-97,12.8,2.8,13.5,6.3,11.8,2.6,12.2,3.0,12.1,3.8,13.5,11.3,12.4,6.6,14.5,4.9,12.5,2.0
Median hourly earnings,   Females,Full-time,Without leave entitlements,Aug-98,13.4,3.6,13.0,4.5,13.2,1.7,13.2,1.8,12.6,4.0,13.0,4.6,13.4,7.4,14.6,7.4,13.2,1.1
Median hourly earnings,   Females,Full-time,Without leave entitlements,Aug-99,14.4,2.2,14.2,2.5,13.0,3.0,13.6,2.7,12.8,3.5,13.9,3.8,14.0,12.6,13.7,7.6,14.0,1.3
Median hourly earnings,   Females,Full-time,Without leave entitlements,Aug-00,15.0,1.7,14.9,1.7,13.8,2.7,14.3,3.1,13.2,5.2,13.2,9.1,14.5,18.3,17.0,4.7,14.5,1.4
Median hourly earnings,   Females,Full-time,Without leave entitlements,Aug-01,15.0,2.4,15.1,3.1,13.7,2.8,14.6,3.1,15.0,2.9,14.5,8.4,14.3,8.5,17.5,11.5,14.6,1.4
Median hourly earnings,   Females,Full-time,Without leave entitlements,Aug-02,16.0,2.9,16.0,4.1,15.0,2.8,15.0,3.2,14.5,2.7,15.3,6.2,17.5,18.8,19.1,6.9,15.5,1.4
Median hourly earnings,   Females,Full-time,Without leave entitlements,Aug-03,15.7,3.2,15.0,3.5,15.0,4.1,15.6,2.6,16.3,4.8,17.2,6.6,13.0,12.6,18.8,13.1,15.6,1.6
Median hourly earnings,   Females,Full-time,Without leave entitlements,Aug-04,17.5,4.5,18.4,4.9,15.6,1.3,17.2,2.7,16.0,4.0,15.5,7.2,19.5,10.8,17.4,8.7,16.8,1.8
Median hourly earnings,   Females,Full-time,Without leave entitlements,Aug-05,16.3,2.7,18.2,3.6,16.3,4.0,17.0,5.3,15.6,3.1,18.4,9.5,14.7,11.8,18.4,7.2,16.9,1.8
Median hourly earnings,   Females,Full-time,Without leave entitlements,Aug-06,18.0,2.7,17.4,3.5,17.8,3.2,16.5,3.4,17.0,3.5,17.1,10.5,19.5,6.2,20.3,15.7,17.5,1.8
Median hourly earnings,   Females,Full-time,Without leave entitlements,Aug-07,18.5,2.2,18.4,3.2,18.0,2.1,18.3,2.7,19.8,2.9,17.6,3.2,17.6,15.6,23.4,16.6,18.4,1.0
Median hourly earnings,   Females,Full-time,Without leave entitlements,Aug-08,19.5,4.2,18.4,4.6,18.8,3.7,18.7,3.2,19.3,5.7,18.4,7.1,21.4,17.9,23.9,10.8,18.9,1.4
Median hourly earnings,   Females,Full-time,Without leave entitlements,Aug-09,19.2,5.9,20.4,10.5,20.0,4.6,19.7,4.5,20.0,4.0,19.9,4.0,17.5,13.8,27.4,17.9,19.8,3.2
Median hourly earnings,   Females,Full-time,Without leave entitlements,Aug-10,21.1,2.8,22.8,4.1,19.9,2.8,20.7,2.0,20.0,3.5,18.1,5.3,19.7,6.0,22.0,17.6,20.8,1.8
Median hourly earnings,   Females,Full-time,Without leave entitlements,Aug-11,22.0,4.1,20.0,1.8,21.6,3.1,22.8,5.4,21.1,4.4,22.4,9.0,17.2,33.7,23.1,8.8,21.2,2.2
Median hourly earnings,   Females,Full-time,Without leave entitlements,Aug-12,21.7,4.6,21.3,4.3,21.6,2.9,23.1,4.7,25.0,6.0,22.3,16.9,21.0,6.0,24.6,31.4,22.2,2.1
Median hourly earnings,   Females,Full-time,Without leave entitlements,Aug-13,21.6,3.0,21.3,3.9,21.7,4.0,24.8,5.1,24.6,7.7,22.0,7.9,23.2,5.8,27.1,19.7,22.0,2.3
Median hourly earnings,   Females,Full-time,Without leave entitlements,Aug-14,25.1,3.8,23.6,2.9,23.3,3.6,27.2,5.3,26.4,7.8,23.1,7.1,23.0,8.8,23.7,13.1,24.3,1.4
Median hourly earnings,   Females,Full-time,Without leave entitlements,Aug-15,23.0,4.0,24.3,3.8,23.4,4.3,26.0,2.6,24.0,3.7,25.3,7.9,26.6,7.6,28.4,34.2,23.8,2.1
Median hourly earnings,   Females,Full-time,Without leave entitlements,Aug-16,25.8,3.5,23.6,3.9,26.3,3.5,23.5,5.9,24.1,5.3,21.3,5.8,25.1,7.1,44.1,29.6,25.0,0.7
Median hourly earnings,   Females,Full-time,Without leave entitlements,Aug-17,26.3,4.0,26.3,5.4,25.0,3.4,23.1,3.7,27.0,6.5,25.0,6.5,29.2,15.0,40.3,28.8,26.0,1.6
Median hourly earnings,   Females,Full-time,Without leave entitlements,Aug-18,27.8,4.5,26.9,4.9,25.8,4.4,27.2,5.5,26.5,7.8,29.7,11.4,26.7,16.0,47.1,16.0,27.3,2.1
Median hourly earnings,   Females,Full-time,Without leave entitlements,Aug-19,28.4,5.9,26.2,4.1,26.3,5.7,29.0,4.7,27.4,7.6,24.0,8.1,27.4,7.3,44.7,15.9,27.3,2.3
Median hourly earnings,   Females,Full-time,Without leave entitlements,Aug-20,28.8,3.4,26.8,6.7,29.8,10.0,27.0,3.7,26.7,14.8,26.1,6.5,30.0,23.7,33.3,16.1,28.4,2.7
Median hourly earnings,   Females,Full-time,Without leave entitlements,Aug-21,30.0,5.1,32.3,5.2,28.3,4.9,30.0,1.7,31.9,6.9,28.9,2.3,33.0,14.1,50.2,15.9,30.0,2.4
Median hourly earnings,   Females,Full-time,Without leave entitlements,Aug-22,32.1,7.0,29.0,2.1,31.7,3.4,31.1,3.6,33.0,4.4,30.6,5.6,30.6,11.2,42.8,10.4,31.1,2.7
Median hourly earnings,   Females,Full-time,Without leave entitlements,Aug-23,33.0,6.5,35.8,9.2,31.6,8.5,33.5,5.1,30.0,6.1,32.7,11.3,39.4,18.2,51.2,14.8,32.7,3.3
Median hourly earnings,   Females,Full-time,Without leave entitlements,Aug-24,33.2,5.2,36.6,4.9,32.5,5.9,35.1,5.8,33.6,7.3,30.3,13.7,34.6,12.3,40.5,33.2,34.2,1.6
Median hourly earnings,   Females,Full-time,Total,Aug-75,0.0,0.0,0.0,0.0,0.0,0.0,0.0,0.0,0.0,0.0,0.0,0.0,0.0,0.0,0.0,0.0,0.0,0.0
Median hourly earnings,   Females,Full-time,Total,Aug-76,0.0,0.0,0.0,0.0,0.0,0.0,0.0,0.0,0.0,0.0,0.0,0.0,0.0,0.0,0.0,0.0,0.0,0.0
Median hourly earnings,   Females,Full-time,Total,Aug-77,0.0,0.0,0.0,0.0,0.0,0.0,0.0,0.0,0.0,0.0,0.0,0.0,0.0,0.0,0.0,0.0,0.0,0.0
Median hourly earnings,   Females,Full-time,Total,Aug-78,0.0,0.0,0.0,0.0,0.0,0.0,0.0,0.0,0.0,0.0,0.0,0.0,0.0,0.0,0.0,0.0,0.0,0.0
Median hourly earnings,   Females,Full-time,Total,Aug-79,0.0,0.0,0.0,0.0,0.0,0.0,0.0,0.0,0.0,0.0,0.0,0.0,0.0,0.0,0.0,0.0,0.0,0.0
Median hourly earnings,   Females,Full-time,Total,Aug-80,0.0,0.0,0.0,0.0,0.0,0.0,0.0,0.0,0.0,0.0,0.0,0.0,0.0,0.0,0.0,0.0,0.0,0.0
Median hourly earnings,   Females,Full-time,Total,Aug-81,0.0,0.0,0.0,0.0,0.0,0.0,0.0,0.0,0.0,0.0,0.0,0.0,0.0,0.0,0.0,0.0,0.0,0.0
Median hourly earnings,   Females,Full-time,Total,Aug-82,0.0,0.0,0.0,0.0,0.0,0.0,0.0,0.0,0.0,0.0,0.0,0.0,0.0,0.0,0.0,0.0,0.0,0.0
Median hourly earnings,   Females,Full-time,Total,Aug-83,0.0,0.0,0.0,0.0,0.0,0.0,0.0,0.0,0.0,0.0,0.0,0.0,0.0,0.0,0.0,0.0,0.0,0.0
Median hourly earnings,   Females,Full-time,Total,Aug-84,0.0,0.0,0.0,0.0,0.0,0.0,0.0,0.0,0.0,0.0,0.0,0.0,0.0,0.0,0.0,0.0,0.0,0.0
Median hourly earnings,   Females,Full-time,Total,Aug-85,0.0,0.0,0.0,0.0,0.0,0.0,0.0,0.0,0.0,0.0,0.0,0.0,0.0,0.0,0.0,0.0,0.0,0.0
Median hourly earnings,   Females,Full-time,Total,Aug-86,0.0,0.0,0.0,0.0,0.0,0.0,0.0,0.0,0.0,0.0,0.0,0.0,0.0,0.0,0.0,0.0,0.0,0.0
Median hourly earnings,   Females,Full-time,Total,Aug-87,0.0,0.0,0.0,0.0,0.0,0.0,0.0,0.0,0.0,0.0,0.0,0.0,0.0,0.0,0.0,0.0,0.0,0.0
Median hourly earnings,   Females,Full-time,Total,Aug-88,0.0,0.0,0.0,0.0,0.0,0.0,0.0,0.0,0.0,0.0,0.0,0.0,0.0,0.0,0.0,0.0,0.0,0.0
Median hourly earnings,   Females,Full-time,Total,Aug-89,10.2,0.0,10.0,0.0,9.4,0.0,10.0,0.0,10.0,0.0,9.5,0.0,11.7,0.0,11.5,0.0,10.0,0.0
Median hourly earnings,   Females,Full-time,Total,Aug-90,0.0,0.0,0.0,0.0,0.0,0.0,0.0,0.0,0.0,0.0,0.0,0.0,0.0,0.0,0.0,0.0,0.0,0.0
Median hourly earnings,   Females,Full-time,Total,Jul-91,0.0,0.0,0.0,0.0,0.0,0.0,0.0,0.0,0.0,0.0,0.0,0.0,0.0,0.0,0.0,0.0,0.0,0.0
Median hourly earnings,   Females,Full-time,Total,Aug-92,12.0,1.1,12.0,0.9,11.1,1.8,11.5,2.4,11.7,1.7,11.7,2.1,13.0,3.9,13.5,2.7,11.7,1.1
Median hourly earnings,   Females,Full-time,Total,Aug-93,12.8,1.3,12.5,1.1,11.5,1.1,12.5,1.4,12.4,1.4,11.5,2.4,13.5,3.5,15.6,1.9,12.5,0.0
Median hourly earnings,   Females,Full-time,Total,Aug-94,13.1,1.7,13.2,1.8,12.1,0.9,13.2,1.3,12.5,1.5,12.1,1.2,13.6,2.6,15.3,1.8,12.9,1.0
Median hourly earnings,   Females,Full-time,Total,Aug-95,13.5,1.9,13.5,1.6,12.7,1.3,13.2,1.7,12.8,1.3,12.9,2.7,13.2,2.6,15.7,1.7,13.5,0.6
Median hourly earnings,   Females,Full-time,Total,Aug-96,0.0,0.0,0.0,0.0,0.0,0.0,0.0,0.0,0.0,0.0,0.0,0.0,0.0,0.0,0.0,0.0,0.0,0.0
Median hourly earnings,   Females,Full-time,Total,Aug-97,15.2,1.1,14.4,1.1,13.8,1.1,14.1,2.3,13.6,1.1,14.5,2.2,14.5,3.8,17.2,3.2,14.5,0.7
Median hourly earnings,   Females,Full-time,Total,Aug-98,15.7,1.8,14.6,1.2,14.5,1.0,14.1,1.6,14.8,1.4,14.3,3.4,15.9,1.3,17.9,2.2,15.0,0.2
Median hourly earnings,   Females,Full-time,Total,Aug-99,16.6,1.1,15.5,1.3,15.0,1.2,14.8,1.3,15.4,1.4,14.3,2.2,16.3,2.8,18.4,2.1,15.7,0.4
Median hourly earnings,   Females,Full-time,Total,Aug-00,16.7,1.1,16.6,1.7,15.4,1.3,15.9,1.6,15.6,1.3,15.8,2.0,17.3,1.9,20.1,3.1,16.3,0.6
Median hourly earnings,   Females,Full-time,Total,Aug-01,17.6,1.4,16.8,1.3,15.8,1.1,16.9,1.5,15.9,1.4,15.8,2.7,17.6,2.7,20.3,2.3,17.0,0.7
Median hourly earnings,   Females,Full-time,Total,Aug-02,18.6,1.5,17.7,1.6,16.8,1.5,17.2,1.7,17.7,1.4,16.5,3.3,18.9,3.9,21.7,2.0,17.8,0.7
Median hourly earnings,   Females,Full-time,Total,Aug-03,19.2,1.3,18.4,1.2,17.0,1.0,17.9,2.1,17.9,2.2,17.4,3.2,18.8,2.9,22.4,2.2,18.4,0.6
Median hourly earnings,   Females,Full-time,Total,Aug-04,20.0,1.1,19.3,1.3,17.5,1.3,18.8,1.2,18.1,2.4,17.8,2.5,20.5,3.2,23.7,2.8,19.1,0.6
Median hourly earnings,   Females,Full-time,Total,Aug-05,20.3,1.9,20.2,1.2,18.9,1.4,18.8,1.8,19.0,1.5,19.6,2.3,20.0,2.8,24.9,2.4,20.0,0.5
Median hourly earnings,   Females,Full-time,Total,Aug-06,21.4,1.1,20.7,1.7,19.4,1.1,20.0,1.3,19.5,1.5,19.7,2.8,20.9,3.0,26.0,1.9,20.5,0.9
Median hourly earnings,   Females,Full-time,Total,Aug-07,22.2,1.3,21.7,1.6,20.5,1.3,21.4,1.2,21.1,1.8,19.7,3.1,21.9,7.4,29.3,2.5,21.6,0.8
Median hourly earnings,   Females,Full-time,Total,Aug-08,24.0,1.8,22.5,0.9,22.4,1.7,21.2,2.6,22.9,2.5,21.7,2.0,24.3,3.9,28.7,2.6,23.0,1.2
Median hourly earnings,   Females,Full-time,Total,Aug-09,23.8,2.4,23.7,1.9,23.1,1.9,23.7,2.2,24.3,2.2,23.5,3.9,25.1,3.8,31.6,3.5,23.8,1.0
Median hourly earnings,   Females,Full-time,Total,Aug-10,25.5,1.3,25.0,1.2,23.7,1.8,23.7,2.3,25.0,2.0,23.7,2.8,25.0,2.7,30.5,2.6,25.0,0.1
Median hourly earnings,   Females,Full-time,Total,Aug-11,26.4,1.6,25.6,1.3,25.0,1.0,25.2,2.3,25.2,2.0,25.0,2.1,28.4,2.2,32.0,2.0,26.0,0.9
Median hourly earnings,   Females,Full-time,Total,Aug-12,27.5,1.2,26.6,1.8,26.3,2.0,26.3,2.2,28.8,2.4,26.3,2.1,27.6,2.4,33.0,2.3,27.2,0.8
Median hourly earnings,   Females,Full-time,Total,Aug-13,27.5,2.0,26.3,2.0,25.3,1.3,26.4,2.0,27.8,1.8,25.3,2.3,28.8,3.6,36.2,3.7,26.6,1.0
Median hourly earnings,   Females,Full-time,Total,Aug-14,30.2,1.8,28.8,1.6,27.2,2.1,28.5,2.1,31.1,2.6,27.2,2.8,31.6,3.3,37.4,4.7,29.4,0.9
Median hourly earnings,   Females,Full-time,Total,Aug-15,30.3,1.7,29.5,2.5,28.4,1.3,29.5,2.3,30.6,3.3,28.0,4.2,30.3,1.6,38.8,1.2,30.0,1.2
Median hourly earnings,   Females,Full-time,Total,Aug-16,31.6,1.9,30.0,1.9,29.0,1.5,30.0,2.3,31.3,2.1,29.5,3.4,31.6,2.4,39.4,3.1,30.8,0.9
Median hourly earnings,   Females,Full-time,Total,Aug-17,32.3,2.0,31.3,1.7,30.0,1.9,29.1,2.4,33.4,2.9,30.3,3.8,33.3,2.7,39.5,3.1,31.6,0.9
Median hourly earnings,   Females,Full-time,Total,Aug-18,34.3,1.1,32.9,1.7,31.6,1.5,31.9,2.2,34.2,2.4,31.1,3.3,33.5,3.9,42.0,3.5,32.9,0.9
Median hourly earnings,   Females,Full-time,Total,Aug-19,35.0,2.3,33.8,2.0,31.6,2.4,32.7,2.8,35.1,2.8,35.6,3.8,34.5,2.7,40.5,4.0,34.2,0.8
Median hourly earnings,   Females,Full-time,Total,Aug-20,37.6,1.7,38.0,2.0,35.7,3.2,33.8,1.7,38.9,2.2,36.3,4.3,36.4,3.6,45.3,2.7,37.5,1.1
Median hourly earnings,   Females,Full-time,Total,Aug-21,39.5,1.3,38.6,1.3,35.7,2.7,37.5,2.7,37.3,1.6,35.8,4.2,41.2,1.8,50.0,4.2,38.5,1.1
Median hourly earnings,   Females,Full-time,Total,Aug-22,40.4,2.3,40.0,1.6,39.4,1.1,37.5,2.0,37.9,3.1,36.7,1.7,42.1,3.8,48.7,2.8,39.7,0.8
Median hourly earnings,   Females,Full-time,Total,Aug-23,44.3,1.6,43.3,2.0,40.0,3.0,41.0,2.2,40.0,2.4,41.3,2.9,40.6,2.7,49.5,3.7,42.5,1.0
Median hourly earnings,   Females,Full-time,Total,Aug-24,44.3,1.6,43.7,2.3,41.5,1.8,39.5,2.1,40.6,2.4,37.8,4.5,43.7,2.1,52.7,4.3,42.9,1.0
Median hourly earnings,   Females,Part-time,With leave entitlements,Aug-75,0.0,0.0,0.0,0.0,0.0,0.0,0.0,0.0,0.0,0.0,0.0,0.0,0.0,0.0,0.0,0.0,0.0,0.0
Median hourly earnings,   Females,Part-time,With leave entitlements,Aug-76,0.0,0.0,0.0,0.0,0.0,0.0,0.0,0.0,0.0,0.0,0.0,0.0,0.0,0.0,0.0,0.0,0.0,0.0
Median hourly earnings,   Females,Part-time,With leave entitlements,Aug-77,0.0,0.0,0.0,0.0,0.0,0.0,0.0,0.0,0.0,0.0,0.0,0.0,0.0,0.0,0.0,0.0,0.0,0.0
Median hourly earnings,   Females,Part-time,With leave entitlements,Aug-78,0.0,0.0,0.0,0.0,0.0,0.0,0.0,0.0,0.0,0.0,0.0,0.0,0.0,0.0,0.0,0.0,0.0,0.0
Median hourly earnings,   Females,Part-time,With leave entitlements,Aug-79,0.0,0.0,0.0,0.0,0.0,0.0,0.0,0.0,0.0,0.0,0.0,0.0,0.0,0.0,0.0,0.0,0.0,0.0
Median hourly earnings,   Females,Part-time,With leave entitlements,Aug-80,0.0,0.0,0.0,0.0,0.0,0.0,0.0,0.0,0.0,0.0,0.0,0.0,0.0,0.0,0.0,0.0,0.0,0.0
Median hourly earnings,   Females,Part-time,With leave entitlements,Aug-81,0.0,0.0,0.0,0.0,0.0,0.0,0.0,0.0,0.0,0.0,0.0,0.0,0.0,0.0,0.0,0.0,0.0,0.0
Median hourly earnings,   Females,Part-time,With leave entitlements,Aug-82,0.0,0.0,0.0,0.0,0.0,0.0,0.0,0.0,0.0,0.0,0.0,0.0,0.0,0.0,0.0,0.0,0.0,0.0
Median hourly earnings,   Females,Part-time,With leave entitlements,Aug-83,0.0,0.0,0.0,0.0,0.0,0.0,0.0,0.0,0.0,0.0,0.0,0.0,0.0,0.0,0.0,0.0,0.0,0.0
Median hourly earnings,   Females,Part-time,With leave entitlements,Aug-84,0.0,0.0,0.0,0.0,0.0,0.0,0.0,0.0,0.0,0.0,0.0,0.0,0.0,0.0,0.0,0.0,0.0,0.0
Median hourly earnings,   Females,Part-time,With leave entitlements,Aug-85,0.0,0.0,0.0,0.0,0.0,0.0,0.0,0.0,0.0,0.0,0.0,0.0,0.0,0.0,0.0,0.0,0.0,0.0
Median hourly earnings,   Females,Part-time,With leave entitlements,Aug-86,0.0,0.0,0.0,0.0,0.0,0.0,0.0,0.0,0.0,0.0,0.0,0.0,0.0,0.0,0.0,0.0,0.0,0.0
Median hourly earnings,   Females,Part-time,With leave entitlements,Aug-87,0.0,0.0,0.0,0.0,0.0,0.0,0.0,0.0,0.0,0.0,0.0,0.0,0.0,0.0,0.0,0.0,0.0,0.0
Median hourly earnings,   Females,Part-time,With leave entitlements,Aug-88,0.0,0.0,0.0,0.0,0.0,0.0,0.0,0.0,0.0,0.0,0.0,0.0,0.0,0.0,0.0,0.0,0.0,0.0
Median hourly earnings,   Females,Part-time,With leave entitlements,Aug-89,10.9,0.0,10.0,0.0,10.0,0.0,11.3,0.0,10.0,0.0,10.0,0.0,13.4,0.0,10.5,0.0,10.4,0.0
Median hourly earnings,   Females,Part-time,With leave entitlements,Aug-90,0.0,0.0,0.0,0.0,0.0,0.0,0.0,0.0,0.0,0.0,0.0,0.0,0.0,0.0,0.0,0.0,0.0,0.0
Median hourly earnings,   Females,Part-time,With leave entitlements,Jul-91,0.0,0.0,0.0,0.0,0.0,0.0,0.0,0.0,0.0,0.0,0.0,0.0,0.0,0.0,0.0,0.0,0.0,0.0
Median hourly earnings,   Females,Part-time,With leave entitlements,Aug-92,12.5,2.1,12.5,1.2,11.3,2.6,12.0,3.1,11.0,1.6,11.3,3.1,12.9,8.7,12.7,5.6,12.0,0.8
Median hourly earnings,   Females,Part-time,With leave entitlements,Aug-93,13.0,3.6,13.0,2.2,11.7,2.7,13.2,3.3,11.8,2.0,13.0,4.4,14.1,7.5,14.0,5.4,12.7,1.0
Median hourly earnings,   Females,Part-time,With leave entitlements,Aug-94,13.3,2.9,13.3,2.4,12.4,3.2,13.0,3.2,12.5,2.0,12.9,3.7,15.5,18.6,15.3,6.8,13.0,1.8
Median hourly earnings,   Females,Part-time,With leave entitlements,Aug-95,13.0,2.5,13.0,2.9,12.0,2.4,13.6,2.7,12.2,4.0,14.0,4.8,14.0,12.3,14.9,7.5,13.0,0.9
Median hourly earnings,   Females,Part-time,With leave entitlements,Aug-96,0.0,0.0,0.0,0.0,0.0,0.0,0.0,0.0,0.0,0.0,0.0,0.0,0.0,0.0,0.0,0.0,0.0,0.0
Median hourly earnings,   Females,Part-time,With leave entitlements,Aug-97,14.5,2.3,13.7,2.2,13.3,3.3,14.2,2.9,13.7,2.5,13.3,4.0,15.2,11.7,16.1,4.6,14.0,1.4
Median hourly earnings,   Females,Part-time,With leave entitlements,Aug-98,15.3,2.5,14.6,1.7,13.7,2.7,14.8,2.9,13.7,2.5,14.7,7.4,17.4,9.0,16.2,3.9,14.6,0.9
Median hourly earnings,   Females,Part-time,With leave entitlements,Aug-99,16.4,1.9,14.6,1.6,14.1,1.2,15.0,2.3,13.7,2.2,15.0,5.4,14.4,7.8,16.4,6.4,15.0,0.6
Median hourly earnings,   Females,Part-time,With leave entitlements,Aug-00,16.1,1.7,15.5,1.8,15.2,2.5,15.8,3.2,15.0,1.7,14.7,3.8,19.8,18.9,18.8,4.9,15.6,1.0
Median hourly earnings,   Females,Part-time,With leave entitlements,Aug-01,16.4,1.4,16.1,1.6,15.2,1.9,16.5,2.7,15.5,2.8,16.5,3.5,16.6,8.3,19.5,6.6,16.0,0.9
Median hourly earnings,   Females,Part-time,With leave entitlements,Aug-02,17.7,2.0,16.7,2.2,16.0,2.0,16.7,2.1,15.7,1.9,16.7,4.9,16.5,10.4,20.7,6.0,16.7,1.1
Median hourly earnings,   Females,Part-time,With leave entitlements,Aug-03,17.2,2.5,17.1,2.6,16.3,2.0,16.4,2.1,16.4,1.5,17.1,3.8,17.9,11.4,19.8,6.1,16.8,1.3
Median hourly earnings,   Females,Part-time,With leave entitlements,Aug-04,19.1,2.2,18.3,1.2,17.5,2.1,18.5,2.6,16.8,1.6,18.5,3.7,19.3,13.6,22.5,7.3,18.3,0.9
Median hourly earnings,   Females,Part-time,With leave entitlements,Aug-05,19.8,2.1,19.1,2.5,18.6,2.7,18.9,2.3,19.0,1.6,18.8,3.8,19.0,4.1,24.6,3.5,19.2,1.2
Median hourly earnings,   Females,Part-time,With leave entitlements,Aug-06,20.9,2.9,19.1,2.2,18.4,2.5,18.5,2.9,19.3,1.7,18.7,3.3,23.7,9.9,23.0,3.7,19.6,1.1
Median hourly earnings,   Females,Part-time,With leave entitlements,Aug-07,20.5,2.3,20.1,0.8,20.0,1.8,20.0,1.4,19.8,1.1,20.4,3.8,22.6,6.1,25.0,6.0,20.0,0.6
Median hourly earnings,   Females,Part-time,With leave entitlements,Aug-08,22.0,2.8,21.2,1.6,21.2,2.2,22.1,2.8,21.7,3.2,21.6,4.5,19.5,4.8,26.6,6.3,21.7,1.0
Median hourly earnings,   Females,Part-time,With leave entitlements,Aug-09,23.1,2.5,22.5,2.8,21.9,2.9,22.8,3.8,21.5,3.1,21.4,3.7,26.0,10.1,26.9,10.7,22.5,1.2
Median hourly earnings,   Females,Part-time,With leave entitlements,Aug-10,24.7,2.8,23.0,1.9,22.9,2.1,23.0,2.1,25.0,2.7,22.0,4.5,25.2,7.3,27.9,7.4,23.6,0.9
Median hourly earnings,   Females,Part-time,With leave entitlements,Aug-11,24.2,1.8,25.0,1.5,24.1,1.6,25.0,2.3,24.0,2.1,23.8,2.2,26.0,6.5,31.8,3.9,24.6,1.0
Median hourly earnings,   Females,Part-time,With leave entitlements,Aug-12,25.0,2.5,25.0,1.6,25.0,1.8,25.0,2.4,25.0,1.2,24.1,2.1,26.6,6.0,31.0,6.3,25.0,0.2
Median hourly earnings,   Females,Part-time,With leave entitlements,Aug-13,26.3,1.8,24.9,1.7,25.0,2.7,26.0,1.5,25.0,2.2,24.1,2.4,30.1,4.6,31.9,7.1,25.2,1.0
Median hourly earnings,   Females,Part-time,With leave entitlements,Aug-14,28.1,2.4,27.3,2.3,27.5,3.5,25.0,2.2,28.5,4.8,25.8,2.1,30.0,8.0,41.5,3.9,27.5,1.4
Median hourly earnings,   Females,Part-time,With leave entitlements,Aug-15,28.0,3.7,28.3,2.0,28.0,2.5,28.9,2.3,30.4,3.1,26.6,3.2,30.3,10.5,32.8,10.0,28.5,1.1
Median hourly earnings,   Females,Part-time,With leave entitlements,Aug-16,30.0,1.1,27.6,1.8,28.3,2.3,27.8,3.1,30.0,3.8,26.6,3.1,31.4,9.1,36.4,5.6,28.9,1.3
Median hourly earnings,   Females,Part-time,With leave entitlements,Aug-17,29.0,2.2,29.5,2.1,30.0,1.9,30.0,2.7,31.2,2.9,28.6,2.1,35.1,7.5,38.4,3.5,29.8,0.7
Median hourly earnings,   Females,Part-time,With leave entitlements,Aug-18,30.0,2.0,31.3,1.8,28.9,2.7,30.0,1.2,30.0,1.8,28.6,3.5,34.4,8.8,42.6,6.6,30.0,0.5
Median hourly earnings,   Females,Part-time,With leave entitlements,Aug-19,32.6,1.9,32.4,2.7,30.3,1.5,31.2,2.0,31.8,2.7,32.3,2.4,33.6,7.2,42.0,4.8,31.9,1.0
Median hourly earnings,   Females,Part-time,With leave entitlements,Aug-20,35.0,2.4,36.4,2.4,36.1,2.9,34.4,2.9,37.5,3.7,33.3,3.4,36.7,7.0,37.2,5.7,35.7,1.4
Median hourly earnings,   Females,Part-time,With leave entitlements,Aug-21,34.4,3.6,34.1,2.8,31.8,3.2,33.1,2.7,35.3,2.5,33.3,2.8,37.4,10.0,41.3,6.4,33.8,1.3
Median hourly earnings,   Females,Part-time,With leave entitlements,Aug-22,34.7,3.1,36.6,2.5,34.1,3.4,35.2,3.1,35.0,2.3,33.3,3.0,35.9,8.9,39.8,7.8,35.2,1.5
Median hourly earnings,   Females,Part-time,With leave entitlements,Aug-23,38.2,3.1,37.1,1.9,39.4,4.6,36.7,3.7,38.0,2.6,36.6,3.3,41.7,6.6,43.8,5.0,38.0,1.1
Median hourly earnings,   Females,Part-time,With leave entitlements,Aug-24,38.1,2.3,38.1,2.2,36.4,2.3,34.6,2.0,40.0,4.8,36.9,3.6,37.8,7.3,40.9,8.9,37.5,1.4
Median hourly earnings,   Females,Part-time,Without leave entitlements,Aug-75,0.0,0.0,0.0,0.0,0.0,0.0,0.0,0.0,0.0,0.0,0.0,0.0,0.0,0.0,0.0,0.0,0.0,0.0
Median hourly earnings,   Females,Part-time,Without leave entitlements,Aug-76,0.0,0.0,0.0,0.0,0.0,0.0,0.0,0.0,0.0,0.0,0.0,0.0,0.0,0.0,0.0,0.0,0.0,0.0
Median hourly earnings,   Females,Part-time,Without leave entitlements,Aug-77,0.0,0.0,0.0,0.0,0.0,0.0,0.0,0.0,0.0,0.0,0.0,0.0,0.0,0.0,0.0,0.0,0.0,0.0
Median hourly earnings,   Females,Part-time,Without leave entitlements,Aug-78,0.0,0.0,0.0,0.0,0.0,0.0,0.0,0.0,0.0,0.0,0.0,0.0,0.0,0.0,0.0,0.0,0.0,0.0
Median hourly earnings,   Females,Part-time,Without leave entitlements,Aug-79,0.0,0.0,0.0,0.0,0.0,0.0,0.0,0.0,0.0,0.0,0.0,0.0,0.0,0.0,0.0,0.0,0.0,0.0
Median hourly earnings,   Females,Part-time,Without leave entitlements,Aug-80,0.0,0.0,0.0,0.0,0.0,0.0,0.0,0.0,0.0,0.0,0.0,0.0,0.0,0.0,0.0,0.0,0.0,0.0
Median hourly earnings,   Females,Part-time,Without leave entitlements,Aug-81,0.0,0.0,0.0,0.0,0.0,0.0,0.0,0.0,0.0,0.0,0.0,0.0,0.0,0.0,0.0,0.0,0.0,0.0
Median hourly earnings,   Females,Part-time,Without leave entitlements,Aug-82,0.0,0.0,0.0,0.0,0.0,0.0,0.0,0.0,0.0,0.0,0.0,0.0,0.0,0.0,0.0,0.0,0.0,0.0
Median hourly earnings,   Females,Part-time,Without leave entitlements,Aug-83,0.0,0.0,0.0,0.0,0.0,0.0,0.0,0.0,0.0,0.0,0.0,0.0,0.0,0.0,0.0,0.0,0.0,0.0
Median hourly earnings,   Females,Part-time,Without leave entitlements,Aug-84,0.0,0.0,0.0,0.0,0.0,0.0,0.0,0.0,0.0,0.0,0.0,0.0,0.0,0.0,0.0,0.0,0.0,0.0
Median hourly earnings,   Females,Part-time,Without leave entitlements,Aug-85,0.0,0.0,0.0,0.0,0.0,0.0,0.0,0.0,0.0,0.0,0.0,0.0,0.0,0.0,0.0,0.0,0.0,0.0
Median hourly earnings,   Females,Part-time,Without leave entitlements,Aug-86,0.0,0.0,0.0,0.0,0.0,0.0,0.0,0.0,0.0,0.0,0.0,0.0,0.0,0.0,0.0,0.0,0.0,0.0
Median hourly earnings,   Females,Part-time,Without leave entitlements,Aug-87,0.0,0.0,0.0,0.0,0.0,0.0,0.0,0.0,0.0,0.0,0.0,0.0,0.0,0.0,0.0,0.0,0.0,0.0
Median hourly earnings,   Females,Part-time,Without leave entitlements,Aug-88,0.0,0.0,0.0,0.0,0.0,0.0,0.0,0.0,0.0,0.0,0.0,0.0,0.0,0.0,0.0,0.0,0.0,0.0
Median hourly earnings,   Females,Part-time,Without leave entitlements,Aug-89,10.0,0.0,10.0,0.0,9.4,0.0,10.0,0.0,9.3,0.0,10.0,0.0,10.8,0.0,10.0,0.0,10.0,0.0
Median hourly earnings,   Females,Part-time,Without leave entitlements,Aug-90,0.0,0.0,0.0,0.0,0.0,0.0,0.0,0.0,0.0,0.0,0.0,0.0,0.0,0.0,0.0,0.0,0.0,0.0
Median hourly earnings,   Females,Part-time,Without leave entitlements,Jul-91,0.0,0.0,0.0,0.0,0.0,0.0,0.0,0.0,0.0,0.0,0.0,0.0,0.0,0.0,0.0,0.0,0.0,0.0
Median hourly earnings,   Females,Part-time,Without leave entitlements,Aug-92,12.0,1.5,11.7,2.2,10.6,2.4,11.3,2.0,10.8,3.7,11.2,3.2,12.0,3.6,11.8,3.0,11.3,1.3
Median hourly earnings,   Females,Part-time,Without leave entitlements,Aug-93,12.4,1.4,12.5,2.0,11.3,1.5,12.0,1.8,11.4,2.8,12.0,2.5,12.6,8.0,12.0,3.0,12.0,0.3
Median hourly earnings,   Females,Part-time,Without leave entitlements,Aug-94,12.0,2.7,12.5,1.5,11.3,1.5,12.5,1.8,12.0,2.4,12.5,2.1,12.9,3.0,11.7,3.8,12.0,1.2
Median hourly earnings,   Females,Part-time,Without leave entitlements,Aug-95,12.0,0.9,11.3,2.3,11.6,2.2,12.1,1.8,11.7,2.2,12.5,2.4,12.5,6.4,11.7,2.4,11.8,0.9
Median hourly earnings,   Females,Part-time,Without leave entitlements,Aug-96,0.0,0.0,0.0,0.0,0.0,0.0,0.0,0.0,0.0,0.0,0.0,0.0,0.0,0.0,0.0,0.0,0.0,0.0
Median hourly earnings,   Females,Part-time,Without leave entitlements,Aug-97,13.0,1.9,12.1,1.5,11.8,1.2,13.0,1.3,11.8,2.2,12.7,3.2,12.3,7.2,13.2,3.0,12.5,0.7
Median hourly earnings,   Females,Part-time,Without leave entitlements,Aug-98,13.0,1.7,12.3,1.0,12.5,1.4,13.3,1.9,12.5,2.0,13.3,1.6,12.5,4.0,12.7,3.9,12.6,0.9
Median hourly earnings,   Females,Part-time,Without leave entitlements,Aug-99,13.7,2.0,12.5,2.4,12.5,1.4,13.9,2.0,12.5,1.4,13.0,2.5,12.5,3.5,13.5,4.4,13.0,1.0
Median hourly earnings,   Females,Part-time,Without leave entitlements,Aug-00,13.3,2.3,14.0,1.7,13.6,2.1,14.0,1.3,12.5,1.7,14.0,3.0,15.0,4.0,14.0,4.5,13.6,1.0
Median hourly earnings,   Females,Part-time,Without leave entitlements,Aug-01,14.7,1.7,14.4,2.1,13.3,1.7,15.0,1.3,13.1,1.6,15.0,2.6,15.0,5.2,14.5,4.8,14.2,0.7
Median hourly earnings,   Females,Part-time,Without leave entitlements,Aug-02,15.0,0.7,14.0,1.7,14.2,1.7,15.0,1.5,13.0,2.5,15.0,2.6,16.6,6.9,13.4,4.1,14.5,1.3
Median hourly earnings,   Females,Part-time,Without leave entitlements,Aug-03,15.8,2.3,15.0,1.3,14.8,1.0,15.8,2.1,14.8,1.6,15.7,2.7,15.6,11.2,14.8,3.4,15.0,0.7
Median hourly earnings,   Females,Part-time,Without leave entitlements,Aug-04,15.7,2.3,15.8,1.5,15.0,0.8,16.5,1.4,15.0,1.4,16.1,2.2,17.0,10.9,15.9,5.0,15.6,1.3
Median hourly earnings,   Females,Part-time,Without leave entitlements,Aug-05,16.4,1.6,16.0,2.1,16.0,1.5,16.7,0.9,16.3,2.0,16.5,2.2,15.2,6.3,15.0,2.8,16.1,0.8
Median hourly earnings,   Females,Part-time,Without leave entitlements,Aug-06,16.8,2.5,16.7,2.1,16.1,1.9,17.2,1.8,16.0,2.6,16.6,2.5,16.0,12.2,16.3,5.1,16.7,0.5
Median hourly earnings,   Females,Part-time,Without leave entitlements,Aug-07,17.5,1.3,17.4,2.0,17.5,1.5,17.1,1.7,17.0,1.9,17.5,2.8,19.9,16.6,16.8,4.8,17.5,1.0
Median hourly earnings,   Females,Part-time,Without leave entitlements,Aug-08,18.3,2.1,18.0,2.4,18.8,1.6,18.8,2.7,18.0,2.5,18.7,2.7,16.7,10.2,19.0,6.6,18.5,0.8
Median hourly earnings,   Females,Part-time,Without leave entitlements,Aug-09,19.3,1.8,18.3,2.1,18.8,2.0,20.0,1.6,20.0,1.2,19.7,2.3,19.8,7.7,20.0,4.4,19.1,1.2
Median hourly earnings,   Females,Part-time,Without leave entitlements,Aug-10,20.0,0.4,18.8,2.1,19.5,1.6,20.0,1.0,20.0,1.0,20.0,1.1,21.2,3.9,18.8,4.5,20.0,0.4
Median hourly earnings,   Females,Part-time,Without leave entitlements,Aug-11,20.0,1.0,20.0,1.0,20.0,1.0,20.0,1.1,20.0,1.8,19.8,1.3,20.0,3.8,21.4,6.1,20.0,0.4
Median hourly earnings,   Females,Part-time,Without leave entitlements,Aug-12,20.7,1.9,20.6,1.7,20.4,1.7,21.6,2.2,21.5,3.9,21.1,2.1,21.8,6.5,19.1,9.5,20.8,1.3
Median hourly earnings,   Females,Part-time,Without leave entitlements,Aug-13,20.4,1.5,21.4,2.1,22.0,2.3,21.7,2.5,21.5,2.5,22.1,2.3,20.0,4.1,20.5,4.7,21.2,1.2
Median hourly earnings,   Females,Part-time,Without leave entitlements,Aug-14,21.8,1.8,22.0,3.2,21.6,2.9,22.9,2.0,23.3,2.4,23.2,2.3,21.2,4.7,23.3,4.6,22.0,1.0
Median hourly earnings,   Females,Part-time,Without leave entitlements,Aug-15,22.0,2.0,22.9,2.2,23.1,1.7,22.3,3.4,23.7,2.7,23.0,3.6,21.9,5.9,25.0,7.2,22.9,0.8
Median hourly earnings,   Females,Part-time,Without leave entitlements,Aug-16,24.0,2.6,23.0,2.4,24.0,1.8,24.0,1.7,23.5,3.3,23.6,3.2,23.4,5.5,23.1,5.5,23.8,0.7
Median hourly earnings,   Females,Part-time,Without leave entitlements,Aug-17,24.0,1.9,24.0,2.1,24.6,1.7,24.3,1.8,24.6,2.6,24.8,1.3,25.0,3.6,24.6,3.6,24.3,1.3
Median hourly earnings,   Females,Part-time,Without leave entitlements,Aug-18,25.3,1.1,25.0,0.0,24.4,1.7,25.0,1.9,26.0,1.6,26.4,3.0,24.8,6.1,25.8,3.1,25.0,0.0
Median hourly earnings,   Females,Part-time,Without leave entitlements,Aug-19,25.0,1.7,25.0,0.7,26.8,1.6,26.0,2.1,27.0,4.3,26.1,2.2,27.7,4.4,26.6,3.5,25.7,1.2
Median hourly earnings,   Females,Part-time,Without leave entitlements,Aug-20,28.6,2.0,30.0,3.1,29.0,2.0,29.2,2.4,28.5,3.2,30.0,2.7,28.5,6.3,29.0,8.5,29.1,1.3
Median hourly earnings,   Females,Part-time,Without leave entitlements,Aug-21,28.1,2.7,28.0,2.5,27.6,1.8,29.0,2.2,27.8,3.0,27.0,3.5,25.9,6.3,26.9,4.9,28.0,1.2
Median hourly earnings,   Females,Part-time,Without leave entitlements,Aug-22,28.2,2.1,28.2,2.7,26.1,2.4,28.5,2.7,28.8,2.9,28.8,2.6,29.8,13.4,32.7,4.6,28.0,1.3
Median hourly earnings,   Females,Part-time,Without leave entitlements,Aug-23,30.0,1.4,30.1,3.1,30.3,1.7,32.2,2.0,30.0,3.3,30.8,2.7,31.2,4.7,31.0,4.8,30.0,1.1
Median hourly earnings,   Females,Part-time,Without leave entitlements,Aug-24,30.0,1.7,30.6,1.6,32.2,2.6,30.6,2.6,30.0,3.3,30.6,4.6,32.3,9.7,31.3,5.1,30.6,1.0
Median hourly earnings,   Females,Part-time,Total,Aug-75,0.0,0.0,0.0,0.0,0.0,0.0,0.0,0.0,0.0,0.0,0.0,0.0,0.0,0.0,0.0,0.0,0.0,0.0
Median hourly earnings,   Females,Part-time,Total,Aug-76,0.0,0.0,0.0,0.0,0.0,0.0,0.0,0.0,0.0,0.0,0.0,0.0,0.0,0.0,0.0,0.0,0.0,0.0
Median hourly earnings,   Females,Part-time,Total,Aug-77,0.0,0.0,0.0,0.0,0.0,0.0,0.0,0.0,0.0,0.0,0.0,0.0,0.0,0.0,0.0,0.0,0.0,0.0
Median hourly earnings,   Females,Part-time,Total,Aug-78,0.0,0.0,0.0,0.0,0.0,0.0,0.0,0.0,0.0,0.0,0.0,0.0,0.0,0.0,0.0,0.0,0.0,0.0
Median hourly earnings,   Females,Part-time,Total,Aug-79,0.0,0.0,0.0,0.0,0.0,0.0,0.0,0.0,0.0,0.0,0.0,0.0,0.0,0.0,0.0,0.0,0.0,0.0
Median hourly earnings,   Females,Part-time,Total,Aug-80,0.0,0.0,0.0,0.0,0.0,0.0,0.0,0.0,0.0,0.0,0.0,0.0,0.0,0.0,0.0,0.0,0.0,0.0
Median hourly earnings,   Females,Part-time,Total,Aug-81,0.0,0.0,0.0,0.0,0.0,0.0,0.0,0.0,0.0,0.0,0.0,0.0,0.0,0.0,0.0,0.0,0.0,0.0
Median hourly earnings,   Females,Part-time,Total,Aug-82,0.0,0.0,0.0,0.0,0.0,0.0,0.0,0.0,0.0,0.0,0.0,0.0,0.0,0.0,0.0,0.0,0.0,0.0
Median hourly earnings,   Females,Part-time,Total,Aug-83,0.0,0.0,0.0,0.0,0.0,0.0,0.0,0.0,0.0,0.0,0.0,0.0,0.0,0.0,0.0,0.0,0.0,0.0
Median hourly earnings,   Females,Part-time,Total,Aug-84,0.0,0.0,0.0,0.0,0.0,0.0,0.0,0.0,0.0,0.0,0.0,0.0,0.0,0.0,0.0,0.0,0.0,0.0
Median hourly earnings,   Females,Part-time,Total,Aug-85,0.0,0.0,0.0,0.0,0.0,0.0,0.0,0.0,0.0,0.0,0.0,0.0,0.0,0.0,0.0,0.0,0.0,0.0
Median hourly earnings,   Females,Part-time,Total,Aug-86,0.0,0.0,0.0,0.0,0.0,0.0,0.0,0.0,0.0,0.0,0.0,0.0,0.0,0.0,0.0,0.0,0.0,0.0
Median hourly earnings,   Females,Part-time,Total,Aug-87,0.0,0.0,0.0,0.0,0.0,0.0,0.0,0.0,0.0,0.0,0.0,0.0,0.0,0.0,0.0,0.0,0.0,0.0
Median hourly earnings,   Females,Part-time,Total,Aug-88,0.0,0.0,0.0,0.0,0.0,0.0,0.0,0.0,0.0,0.0,0.0,0.0,0.0,0.0,0.0,0.0,0.0,0.0
Median hourly earnings,   Females,Part-time,Total,Aug-89,10.0,0.0,10.0,0.0,9.6,0.0,10.0,0.0,10.0,0.0,10.0,0.0,11.0,0.0,10.4,0.0,10.0,0.0
Median hourly earnings,   Females,Part-time,Total,Aug-90,0.0,0.0,0.0,0.0,0.0,0.0,0.0,0.0,0.0,0.0,0.0,0.0,0.0,0.0,0.0,0.0,0.0,0.0
Median hourly earnings,   Females,Part-time,Total,Jul-91,0.0,0.0,0.0,0.0,0.0,0.0,0.0,0.0,0.0,0.0,0.0,0.0,0.0,0.0,0.0,0.0,0.0,0.0
Median hourly earnings,   Females,Part-time,Total,Aug-92,12.1,1.1,12.0,0.7,10.8,2.1,11.7,1.2,11.0,1.4,11.3,2.9,12.0,3.1,12.0,1.8,11.7,0.9
Median hourly earnings,   Females,Part-time,Total,Aug-93,12.5,1.6,12.7,1.0,11.3,1.4,12.4,1.4,11.7,1.6,12.5,2.4,13.0,7.2,12.5,3.3,12.2,1.0
Median hourly earnings,   Females,Part-time,Total,Aug-94,12.5,1.4,12.7,1.0,11.5,2.0,12.7,1.2,12.0,1.2,12.5,2.1,13.1,3.2,12.8,6.6,12.5,1.0
Median hourly earnings,   Females,Part-time,Total,Aug-95,12.4,1.0,12.0,1.1,11.7,1.5,12.9,1.3,12.0,1.8,12.7,3.2,12.5,6.2,12.5,2.3,12.1,0.8
Median hourly earnings,   Females,Part-time,Total,Aug-96,0.0,0.0,0.0,0.0,0.0,0.0,0.0,0.0,0.0,0.0,0.0,0.0,0.0,0.0,0.0,0.0,0.0,0.0
Median hourly earnings,   Females,Part-time,Total,Aug-97,13.5,1.9,12.9,1.4,12.1,1.1,13.3,1.0,12.5,1.4,13.0,2.2,13.3,4.7,14.4,2.8,13.0,0.4
Median hourly earnings,   Females,Part-time,Total,Aug-98,13.9,0.9,13.3,1.3,13.0,1.2,14.0,1.0,13.0,1.7,13.7,2.0,13.6,3.7,14.3,2.1,13.5,0.5
Median hourly earnings,   Females,Part-time,Total,Aug-99,14.5,1.6,13.6,1.4,13.3,0.9,14.2,1.3,13.0,1.4,13.9,2.1,13.5,3.7,15.0,2.9,13.8,0.6
Median hourly earnings,   Females,Part-time,Total,Aug-00,14.7,1.0,14.4,1.5,14.1,1.3,14.5,1.2,13.5,1.3,14.4,1.2,15.3,5.5,15.4,1.7,14.4,0.4
Median hourly earnings,   Females,Part-time,Total,Aug-01,15.2,1.3,15.0,0.7,14.2,0.9,15.2,1.2,14.0,1.1,15.5,1.6,15.5,2.4,16.2,3.5,15.0,0.0
Median hourly earnings,   Females,Part-time,Total,Aug-02,16.0,1.3,15.0,0.6,15.0,0.8,15.7,1.4,14.3,1.8,15.6,2.3,16.5,8.0,15.9,2.8,15.3,0.8
Median hourly earnings,   Females,Part-time,Total,Aug-03,16.4,1.0,16.0,1.5,15.3,1.0,16.0,1.2,15.5,1.5,16.2,1.7,16.6,6.7,17.4,2.8,16.0,0.5
Median hourly earnings,   Females,Part-time,Total,Aug-04,17.2,1.2,17.0,1.2,16.0,1.3,17.0,1.2,15.8,1.2,17.0,2.3,18.2,7.5,18.2,3.2,16.7,0.3
Median hourly earnings,   Females,Part-time,Total,Aug-05,17.7,0.7,17.5,1.5,17.0,0.9,17.8,1.0,17.5,1.6,17.3,2.0,16.7,5.5,18.8,3.0,17.5,0.5
Median hourly earnings,   Females,Part-time,Total,Aug-06,18.7,1.6,18.1,1.2,17.2,0.9,18.0,1.8,17.5,1.5,17.4,2.3,18.3,11.6,19.2,3.2,18.0,0.4
Median hourly earnings,   Females,Part-time,Total,Aug-07,19.0,1.4,18.9,1.5,18.5,1.2,18.5,1.3,18.7,1.2,18.9,1.8,20.3,5.7,20.9,3.6,18.8,0.5
Median hourly earnings,   Females,Part-time,Total,Aug-08,20.0,0.4,20.0,0.6,19.7,1.2,20.0,1.4,20.0,1.2,20.0,1.8,17.7,4.2,22.2,4.1,20.0,0.0
Median hourly earnings,   Females,Part-time,Total,Aug-09,20.3,1.1,20.0,0.4,20.0,0.7,20.7,1.7,20.3,1.7,20.0,1.6,22.0,6.0,22.4,5.7,20.0,0.3
Median hourly earnings,   Females,Part-time,Total,Aug-10,21.8,1.3,21.0,1.9,20.8,1.6,21.2,1.8,21.6,1.8,21.3,1.4,22.5,3.7,22.7,5.1,21.3,0.7
Median hourly earnings,   Females,Part-time,Total,Aug-11,21.7,1.0,22.2,0.9,21.9,1.0,22.5,2.0,22.5,1.6,21.7,2.0,21.5,4.6,25.2,4.9,22.0,0.4
Median hourly earnings,   Females,Part-time,Total,Aug-12,23.0,1.4,22.6,1.1,22.3,1.3,23.4,1.1,24.1,1.6,22.5,2.7,25.0,4.7,24.0,5.6,23.0,0.5
Median hourly earnings,   Females,Part-time,Total,Aug-13,23.3,1.3,23.1,1.4,23.2,0.9,23.7,2.2,23.5,1.8,23.2,1.9,25.0,5.3,26.2,3.1,23.3,0.5
Median hourly earnings,   Females,Part-time,Total,Aug-14,25.0,0.8,25.0,1.0,24.2,1.4,23.8,1.6,25.0,2.1,24.2,1.8,25.0,5.6,30.8,8.5,25.0,0.7
Median hourly earnings,   Females,Part-time,Total,Aug-15,25.0,0.9,25.5,1.6,25.0,0.3,25.3,1.2,26.1,2.0,25.0,1.6,25.0,1.6,28.1,7.6,25.0,0.0
Median hourly earnings,   Females,Part-time,Total,Aug-16,26.7,1.6,25.0,1.0,25.5,1.0,25.5,1.2,25.0,1.5,25.0,0.9,26.1,4.9,30.0,5.4,25.8,0.6
Median hourly earnings,   Females,Part-time,Total,Aug-17,26.0,1.7,27.1,2.2,26.3,1.4,26.5,1.9,27.1,1.4,27.1,2.4,26.5,6.2,30.5,3.4,26.7,0.8
Median hourly earnings,   Females,Part-time,Total,Aug-18,27.5,0.9,28.0,1.2,26.0,1.9,27.0,1.1,27.6,1.9,27.7,1.5,26.7,4.3,30.3,3.3,27.4,0.3
Median hourly earnings,   Females,Part-time,Total,Aug-19,28.3,1.1,28.2,2.0,28.9,1.6,28.6,2.0,30.0,1.6,29.1,1.8,30.0,4.1,33.4,8.5,28.9,1.0
Median hourly earnings,   Females,Part-time,Total,Aug-20,31.5,2.2,33.3,2.3,32.0,2.0,31.4,1.9,33.3,1.6,32.2,1.4,30.8,3.8,33.9,4.8,32.3,0.9
Median hourly earnings,   Females,Part-time,Total,Aug-21,31.3,1.7,31.1,1.4,29.8,0.9,31.3,1.5,31.7,2.0,30.2,2.1,31.3,6.6,33.6,5.4,30.8,1.0
Median hourly earnings,   Females,Part-time,Total,Aug-22,31.3,1.5,32.8,1.7,30.0,1.4,32.2,1.6,30.9,1.7,30.6,2.1,32.7,6.3,34.6,5.2,31.3,0.7
Median hourly earnings,   Females,Part-time,Total,Aug-23,33.4,1.7,34.4,1.6,33.3,1.4,34.0,1.4,33.3,2.2,34.6,1.5,33.1,4.4,37.5,5.1,34.0,0.9
Median hourly earnings,   Females,Part-time,Total,Aug-24,33.3,1.9,35.0,1.6,33.4,2.0,33.3,1.5,35.6,2.2,35.0,1.8,34.9,5.8,35.7,2.9,34.3,1.2
Median hourly earnings,   Females,Total,With leave entitlements,Aug-75,0.0,0.0,0.0,0.0,0.0,0.0,0.0,0.0,0.0,0.0,0.0,0.0,0.0,0.0,0.0,0.0,0.0,0.0
Median hourly earnings,   Females,Total,With leave entitlements,Aug-76,0.0,0.0,0.0,0.0,0.0,0.0,0.0,0.0,0.0,0.0,0.0,0.0,0.0,0.0,0.0,0.0,0.0,0.0
Median hourly earnings,   Females,Total,With leave entitlements,Aug-77,0.0,0.0,0.0,0.0,0.0,0.0,0.0,0.0,0.0,0.0,0.0,0.0,0.0,0.0,0.0,0.0,0.0,0.0
Median hourly earnings,   Females,Total,With leave entitlements,Aug-78,0.0,0.0,0.0,0.0,0.0,0.0,0.0,0.0,0.0,0.0,0.0,0.0,0.0,0.0,0.0,0.0,0.0,0.0
Median hourly earnings,   Females,Total,With leave entitlements,Aug-79,0.0,0.0,0.0,0.0,0.0,0.0,0.0,0.0,0.0,0.0,0.0,0.0,0.0,0.0,0.0,0.0,0.0,0.0
Median hourly earnings,   Females,Total,With leave entitlements,Aug-80,0.0,0.0,0.0,0.0,0.0,0.0,0.0,0.0,0.0,0.0,0.0,0.0,0.0,0.0,0.0,0.0,0.0,0.0
Median hourly earnings,   Females,Total,With leave entitlements,Aug-81,0.0,0.0,0.0,0.0,0.0,0.0,0.0,0.0,0.0,0.0,0.0,0.0,0.0,0.0,0.0,0.0,0.0,0.0
Median hourly earnings,   Females,Total,With leave entitlements,Aug-82,0.0,0.0,0.0,0.0,0.0,0.0,0.0,0.0,0.0,0.0,0.0,0.0,0.0,0.0,0.0,0.0,0.0,0.0
Median hourly earnings,   Females,Total,With leave entitlements,Aug-83,0.0,0.0,0.0,0.0,0.0,0.0,0.0,0.0,0.0,0.0,0.0,0.0,0.0,0.0,0.0,0.0,0.0,0.0
Median hourly earnings,   Females,Total,With leave entitlements,Aug-84,0.0,0.0,0.0,0.0,0.0,0.0,0.0,0.0,0.0,0.0,0.0,0.0,0.0,0.0,0.0,0.0,0.0,0.0
Median hourly earnings,   Females,Total,With leave entitlements,Aug-85,0.0,0.0,0.0,0.0,0.0,0.0,0.0,0.0,0.0,0.0,0.0,0.0,0.0,0.0,0.0,0.0,0.0,0.0
Median hourly earnings,   Females,Total,With leave entitlements,Aug-86,0.0,0.0,0.0,0.0,0.0,0.0,0.0,0.0,0.0,0.0,0.0,0.0,0.0,0.0,0.0,0.0,0.0,0.0
Median hourly earnings,   Females,Total,With leave entitlements,Aug-87,0.0,0.0,0.0,0.0,0.0,0.0,0.0,0.0,0.0,0.0,0.0,0.0,0.0,0.0,0.0,0.0,0.0,0.0
Median hourly earnings,   Females,Total,With leave entitlements,Aug-88,0.0,0.0,0.0,0.0,0.0,0.0,0.0,0.0,0.0,0.0,0.0,0.0,0.0,0.0,0.0,0.0,0.0,0.0
Median hourly earnings,   Females,Total,With leave entitlements,Aug-89,10.5,0.0,10.0,0.0,9.5,0.0,10.3,0.0,10.0,0.0,10.0,0.0,12.1,0.0,11.6,0.0,10.0,0.0
Median hourly earnings,   Females,Total,With leave entitlements,Aug-90,0.0,0.0,0.0,0.0,0.0,0.0,0.0,0.0,0.0,0.0,0.0,0.0,0.0,0.0,0.0,0.0,0.0,0.0
Median hourly earnings,   Females,Total,With leave entitlements,Jul-91,0.0,0.0,0.0,0.0,0.0,0.0,0.0,0.0,0.0,0.0,0.0,0.0,0.0,0.0,0.0,0.0,0.0,0.0
Median hourly earnings,   Females,Total,With leave entitlements,Aug-92,12.1,1.1,12.1,0.8,11.3,1.1,11.8,1.3,11.5,1.6,11.7,1.7,13.2,3.8,13.5,2.1,12.0,0.4
Median hourly earnings,   Females,Total,With leave entitlements,Aug-93,13.1,1.0,12.8,1.3,11.7,1.3,12.5,1.6,12.1,1.4,12.1,2.5,13.6,2.9,15.6,1.7,12.5,0.6
Median hourly earnings,   Females,Total,With leave entitlements,Aug-94,13.2,0.7,13.2,1.0,12.4,0.8,13.2,0.6,12.5,1.2,12.3,0.8,14.2,3.7,15.4,1.4,13.1,0.5
Median hourly earnings,   Females,Total,With leave entitlements,Aug-95,13.6,1.3,13.5,1.4,12.7,1.3,13.5,1.7,12.8,1.3,13.4,2.6,13.5,2.2,15.7,1.7,13.5,0.7
Median hourly earnings,   Females,Total,With leave entitlements,Aug-96,0.0,0.0,0.0,0.0,0.0,0.0,0.0,0.0,0.0,0.0,0.0,0.0,0.0,0.0,0.0,0.0,0.0,0.0
Median hourly earnings,   Females,Total,With leave entitlements,Aug-97,15.2,0.9,14.3,1.1,14.0,1.1,14.4,1.9,13.8,1.2,14.1,2.6,14.9,3.8,17.2,2.4,14.6,0.6
Median hourly earnings,   Females,Total,With leave entitlements,Aug-98,15.8,1.6,14.7,1.0,14.6,1.3,14.5,1.8,14.5,1.5,14.5,3.1,16.2,2.4,17.8,2.4,15.0,0.3
Median hourly earnings,   Females,Total,With leave entitlements,Aug-99,16.8,1.0,15.2,0.9,15.0,1.2,15.0,0.9,15.1,1.2,14.5,2.2,16.3,3.0,18.4,2.3,15.7,0.4
Median hourly earnings,   Females,Total,With leave entitlements,Aug-00,16.7,0.9,16.5,1.3,15.8,1.5,16.2,1.5,15.5,1.2,15.7,1.9,17.7,3.9,20.2,3.0,16.4,0.6
Median hourly earnings,   Females,Total,With leave entitlements,Aug-01,17.5,1.4,16.9,1.2,15.9,1.0,17.1,1.5,15.8,1.8,16.1,2.3,17.8,3.2,20.0,2.3,17.0,0.7
Median hourly earnings,   Females,Total,With leave entitlements,Aug-02,18.6,1.2,17.5,1.2,17.0,1.4,17.5,2.0,17.2,1.3,16.7,3.0,18.9,3.8,21.7,2.2,17.8,0.8
Median hourly earnings,   Females,Total,With leave entitlements,Aug-03,18.9,1.2,18.2,1.3,17.0,1.2,17.6,1.4,17.5,1.8,17.2,2.9,19.5,4.4,22.3,2.0,18.2,0.7
Median hourly earnings,   Females,Total,With leave entitlements,Aug-04,20.0,0.9,19.0,1.0,17.8,1.5,18.9,1.4,17.8,1.9,18.2,1.8,20.7,3.7,24.0,2.5,19.1,0.6
Median hourly earnings,   Females,Total,With leave entitlements,Aug-05,20.5,1.5,20.0,0.8,19.2,1.6,19.3,1.4,19.2,1.3,19.5,2.2,20.3,2.6,25.0,2.6,20.0,0.4
Median hourly earnings,   Females,Total,With leave entitlements,Aug-06,21.7,1.1,20.2,1.0,19.4,1.4,19.7,1.5,19.6,1.1,19.6,2.6,21.4,4.5,25.5,1.4,20.4,0.5
Median hourly earnings,   Females,Total,With leave entitlements,Aug-07,22.2,1.2,21.6,1.4,20.6,1.4,21.2,1.0,20.5,1.4,20.0,2.8,22.8,6.2,28.6,1.8,21.6,0.6
Median hourly earnings,   Females,Total,With leave entitlements,Aug-08,23.8,1.7,22.5,1.0,22.4,1.5,22.0,2.4,22.6,2.4,21.9,2.2,23.7,4.0,28.6,2.7,23.0,0.8
Median hourly earnings,   Females,Total,With leave entitlements,Aug-09,24.0,2.0,23.7,1.1,23.3,1.7,24.0,2.0,23.7,2.3,22.7,4.0,25.8,4.0,30.6,3.4,23.8,0.7
Median hourly earnings,   Females,Total,With leave entitlements,Aug-10,25.6,1.4,24.2,1.4,23.9,2.1,23.8,1.9,25.5,1.3,23.6,2.8,25.0,2.3,30.5,2.6,25.0,0.2
Median hourly earnings,   Females,Total,With leave entitlements,Aug-11,26.0,1.3,25.4,1.1,25.0,0.9,25.6,1.3,25.0,1.8,24.8,1.0,29.0,2.1,32.7,1.3,25.7,0.9
Median hourly earnings,   Females,Total,With leave entitlements,Aug-12,27.5,1.3,26.3,2.0,26.3,1.9,26.3,1.7,27.6,2.2,25.0,2.1,28.5,2.9,32.9,2.6,26.8,0.9
Median hourly earnings,   Females,Total,With leave entitlements,Aug-13,27.5,1.5,25.9,1.0,25.7,1.4,26.4,0.9,26.8,1.2,25.0,2.4,30.0,2.7,35.8,2.9,26.6,0.7
Median hourly earnings,   Females,Total,With leave entitlements,Aug-14,30.0,1.9,28.8,1.3,27.8,1.9,27.3,1.7,30.6,2.0,26.5,2.5,32.2,2.9,39.6,2.7,29.2,0.9
Median hourly earnings,   Females,Total,With leave entitlements,Aug-15,30.0,1.7,29.2,1.4,28.9,1.8,29.5,1.1,31.3,2.1,27.8,3.2,30.6,1.8,37.9,1.6,30.0,0.9
Median hourly earnings,   Females,Total,With leave entitlements,Aug-16,31.3,1.2,29.8,1.2,29.4,1.3,30.0,1.5,31.3,1.8,27.9,1.9,32.4,2.2,37.5,3.3,30.5,0.8
Median hourly earnings,   Females,Total,With leave entitlements,Aug-17,31.8,1.3,31.1,1.5,30.0,0.8,30.0,2.2,33.3,2.3,30.0,2.6,33.7,2.4,38.8,2.0,31.4,0.6
Median hourly earnings,   Females,Total,With leave entitlements,Aug-18,32.9,1.2,32.5,1.4,31.3,1.6,31.3,2.0,32.9,1.8,30.1,2.5,34.2,3.7,42.0,2.6,32.4,0.7
Median hourly earnings,   Females,Total,With leave entitlements,Aug-19,34.7,1.7,33.9,1.3,31.7,1.3,32.1,1.6,34.0,2.1,34.2,2.8,35.6,3.0,40.7,3.6,33.8,0.7
Median hourly earnings,   Females,Total,With leave entitlements,Aug-20,37.5,1.2,37.5,1.7,36.5,1.9,34.2,1.8,38.5,1.7,35.7,3.0,37.0,3.9,43.8,2.4,37.5,0.6
Median hourly earnings,   Females,Total,With leave entitlements,Aug-21,39.5,0.9,37.5,1.7,35.4,2.3,35.7,2.0,36.8,1.2,35.4,3.0,41.2,2.5,46.5,4.2,37.5,0.8
Median hourly earnings,   Females,Total,With leave entitlements,Aug-22,39.3,1.1,39.9,1.2,39.3,1.0,37.5,2.2,37.5,2.7,35.5,1.8,42.2,4.0,47.8,2.8,39.3,0.7
Median hourly earnings,   Females,Total,With leave entitlements,Aug-23,43.2,1.2,41.1,1.7,40.0,2.6,40.5,1.6,40.0,2.0,40.3,2.5,41.3,2.6,47.9,2.9,41.7,0.7
Median hourly earnings,   Females,Total,With leave entitlements,Aug-24,43.0,1.5,42.1,1.6,41.5,1.7,38.0,1.8,40.8,2.4,37.8,3.1,43.2,2.4,50.0,3.0,41.7,0.8
Median hourly earnings,   Females,Total,Without leave entitlements,Aug-75,0.0,0.0,0.0,0.0,0.0,0.0,0.0,0.0,0.0,0.0,0.0,0.0,0.0,0.0,0.0,0.0,0.0,0.0
Median hourly earnings,   Females,Total,Without leave entitlements,Aug-76,0.0,0.0,0.0,0.0,0.0,0.0,0.0,0.0,0.0,0.0,0.0,0.0,0.0,0.0,0.0,0.0,0.0,0.0
Median hourly earnings,   Females,Total,Without leave entitlements,Aug-77,0.0,0.0,0.0,0.0,0.0,0.0,0.0,0.0,0.0,0.0,0.0,0.0,0.0,0.0,0.0,0.0,0.0,0.0
Median hourly earnings,   Females,Total,Without leave entitlements,Aug-78,0.0,0.0,0.0,0.0,0.0,0.0,0.0,0.0,0.0,0.0,0.0,0.0,0.0,0.0,0.0,0.0,0.0,0.0
Median hourly earnings,   Females,Total,Without leave entitlements,Aug-79,0.0,0.0,0.0,0.0,0.0,0.0,0.0,0.0,0.0,0.0,0.0,0.0,0.0,0.0,0.0,0.0,0.0,0.0
Median hourly earnings,   Females,Total,Without leave entitlements,Aug-80,0.0,0.0,0.0,0.0,0.0,0.0,0.0,0.0,0.0,0.0,0.0,0.0,0.0,0.0,0.0,0.0,0.0,0.0
Median hourly earnings,   Females,Total,Without leave entitlements,Aug-81,0.0,0.0,0.0,0.0,0.0,0.0,0.0,0.0,0.0,0.0,0.0,0.0,0.0,0.0,0.0,0.0,0.0,0.0
Median hourly earnings,   Females,Total,Without leave entitlements,Aug-82,0.0,0.0,0.0,0.0,0.0,0.0,0.0,0.0,0.0,0.0,0.0,0.0,0.0,0.0,0.0,0.0,0.0,0.0
Median hourly earnings,   Females,Total,Without leave entitlements,Aug-83,0.0,0.0,0.0,0.0,0.0,0.0,0.0,0.0,0.0,0.0,0.0,0.0,0.0,0.0,0.0,0.0,0.0,0.0
Median hourly earnings,   Females,Total,Without leave entitlements,Aug-84,0.0,0.0,0.0,0.0,0.0,0.0,0.0,0.0,0.0,0.0,0.0,0.0,0.0,0.0,0.0,0.0,0.0,0.0
Median hourly earnings,   Females,Total,Without leave entitlements,Aug-85,0.0,0.0,0.0,0.0,0.0,0.0,0.0,0.0,0.0,0.0,0.0,0.0,0.0,0.0,0.0,0.0,0.0,0.0
Median hourly earnings,   Females,Total,Without leave entitlements,Aug-86,0.0,0.0,0.0,0.0,0.0,0.0,0.0,0.0,0.0,0.0,0.0,0.0,0.0,0.0,0.0,0.0,0.0,0.0
Median hourly earnings,   Females,Total,Without leave entitlements,Aug-87,0.0,0.0,0.0,0.0,0.0,0.0,0.0,0.0,0.0,0.0,0.0,0.0,0.0,0.0,0.0,0.0,0.0,0.0
Median hourly earnings,   Females,Total,Without leave entitlements,Aug-88,0.0,0.0,0.0,0.0,0.0,0.0,0.0,0.0,0.0,0.0,0.0,0.0,0.0,0.0,0.0,0.0,0.0,0.0
Median hourly earnings,   Females,Total,Without leave entitlements,Aug-89,10.0,0.0,10.0,0.0,9.3,0.0,10.0,0.0,9.4,0.0,10.0,0.0,10.7,0.0,10.0,0.0,10.0,0.0
Median hourly earnings,   Females,Total,Without leave entitlements,Aug-90,0.0,0.0,0.0,0.0,0.0,0.0,0.0,0.0,0.0,0.0,0.0,0.0,0.0,0.0,0.0,0.0,0.0,0.0
Median hourly earnings,   Females,Total,Without leave entitlements,Jul-91,0.0,0.0,0.0,0.0,0.0,0.0,0.0,0.0,0.0,0.0,0.0,0.0,0.0,0.0,0.0,0.0,0.0,0.0
Median hourly earnings,   Females,Total,Without leave entitlements,Aug-92,11.7,1.6,11.4,2.2,10.0,2.0,11.1,1.9,10.6,2.7,11.1,2.9,11.8,3.9,11.7,2.9,11.1,0.8
Median hourly earnings,   Females,Total,Without leave entitlements,Aug-93,12.0,1.8,12.5,1.5,11.1,1.6,12.0,1.5,11.5,2.7,11.7,2.2,12.7,4.3,12.0,2.0,12.0,0.7
Median hourly earnings,   Females,Total,Without leave entitlements,Aug-94,11.7,2.4,12.5,1.4,11.3,1.4,12.5,1.5,12.0,2.6,12.1,1.7,12.9,2.5,11.5,2.8,12.0,0.7
Median hourly earnings,   Females,Total,Without leave entitlements,Aug-95,11.7,1.1,11.7,1.6,11.6,1.9,12.1,1.1,11.3,2.3,12.0,3.0,11.4,4.5,11.7,2.2,11.7,0.9
Median hourly earnings,   Females,Total,Without leave entitlements,Aug-96,0.0,0.0,0.0,0.0,0.0,0.0,0.0,0.0,0.0,0.0,0.0,0.0,0.0,0.0,0.0,0.0,0.0,0.0
Median hourly earnings,   Females,Total,Without leave entitlements,Aug-97,13.0,1.6,12.2,1.3,11.8,0.9,12.9,1.5,11.9,1.1,12.8,2.3,12.3,6.0,13.3,2.5,12.5,0.6
Median hourly earnings,   Females,Total,Without leave entitlements,Aug-98,13.2,1.0,12.5,1.3,12.5,1.4,13.3,1.7,12.5,1.9,13.3,1.5,12.7,4.0,13.4,2.8,12.9,0.9
Median hourly earnings,   Females,Total,Without leave entitlements,Aug-99,14.0,1.7,13.0,2.2,12.7,1.0,13.8,1.5,12.5,1.4,13.3,1.8,13.3,4.4,13.5,3.0,13.2,0.6
Median hourly earnings,   Females,Total,Without leave entitlements,Aug-00,13.9,2.1,14.1,1.3,13.6,1.6,14.0,1.3,12.6,1.5,13.9,2.4,15.0,3.3,14.8,2.2,13.9,0.8
Median hourly earnings,   Females,Total,Without leave entitlements,Aug-01,14.7,1.4,14.6,1.7,13.3,1.7,14.9,1.1,13.5,1.5,15.0,2.3,14.7,4.1,15.0,4.0,14.3,0.7
Median hourly earnings,   Females,Total,Without leave entitlements,Aug-02,15.2,1.2,14.2,1.7,14.6,1.8,15.0,1.5,13.3,2.4,15.0,2.2,16.7,6.0,14.3,3.7,14.9,0.7
Median hourly earnings,   Females,Total,Without leave entitlements,Aug-03,15.8,1.8,15.0,1.3,14.9,0.9,15.8,2.0,15.0,1.2,15.8,2.9,15.0,10.3,15.3,3.3,15.2,0.8
Median hourly earnings,   Females,Total,Without leave entitlements,Aug-04,16.0,2.0,16.0,1.7,15.1,1.0,16.7,1.2,15.0,1.0,16.0,2.2,18.4,8.2,16.2,4.1,15.8,0.7
Median hourly earnings,   Females,Total,Without leave entitlements,Aug-05,16.3,1.4,16.7,1.5,16.0,1.7,16.7,1.2,16.3,2.0,16.6,2.9,15.0,5.6,16.0,3.3,16.3,1.1
Median hourly earnings,   Females,Total,Without leave entitlements,Aug-06,17.0,1.5,16.7,1.5,16.7,1.3,17.0,1.3,16.2,1.7,16.7,1.8,17.8,7.1,16.7,5.6,16.7,0.5
Median hourly earnings,   Females,Total,Without leave entitlements,Aug-07,17.9,1.5,17.5,1.8,17.7,1.4,17.6,1.5,17.8,1.9,17.6,2.5,19.7,12.9,17.5,5.4,17.7,0.9
Median hourly earnings,   Females,Total,Without leave entitlements,Aug-08,18.4,2.0,18.3,1.9,18.8,1.3,18.8,1.7,18.5,2.4,18.7,2.7,17.1,8.0,20.0,5.7,18.6,0.6
Median hourly earnings,   Females,Total,Without leave entitlements,Aug-09,19.3,1.8,18.5,2.3,18.9,1.7,20.0,1.0,20.0,0.9,19.7,2.0,19.1,6.2,20.0,6.8,19.2,1.2
Median hourly earnings,   Females,Total,Without leave entitlements,Aug-10,20.0,0.6,19.7,1.4,19.8,1.1,20.0,0.7,20.0,1.0,20.0,1.8,21.2,4.1,20.0,3.8,20.0,0.0
Median hourly earnings,   Females,Total,Without leave entitlements,Aug-11,20.4,1.1,20.0,0.6,20.3,1.3,20.5,1.7,20.0,1.1,20.0,1.2,19.9,6.1,21.6,4.8,20.0,0.6
Median hourly earnings,   Females,Total,Without leave entitlements,Aug-12,21.0,2.2,20.8,1.7,20.7,1.8,21.8,2.0,22.1,2.9,21.2,2.4,21.4,5.7,20.0,6.9,21.0,0.9
Median hourly earnings,   Females,Total,Without leave entitlements,Aug-13,20.8,1.6,21.4,2.0,21.9,1.8,22.1,2.7,22.0,2.3,22.1,2.3,20.4,3.7,20.8,5.5,21.4,1.3
Median hourly earnings,   Females,Total,Without leave entitlements,Aug-14,22.2,1.7,22.6,2.6,22.0,1.9,23.3,1.5,23.9,2.7,23.2,2.2,21.8,5.8,23.4,4.0,22.5,1.0
Median hourly earnings,   Females,Total,Without leave entitlements,Aug-15,22.5,1.9,23.2,1.8,23.2,1.3,23.4,3.3,24.0,2.3,23.0,3.8,24.1,4.1,25.0,5.2,23.0,0.8
Median hourly earnings,   Females,Total,Without leave entitlements,Aug-16,24.6,1.6,23.1,2.0,24.6,1.2,24.0,1.8,23.7,3.2,23.6,3.2,24.0,4.5,25.0,6.4,24.0,0.9
Median hourly earnings,   Females,Total,Without leave entitlements,Aug-17,25.0,1.0,24.5,1.3,25.0,1.3,24.3,2.1,25.0,2.8,24.9,1.2,25.0,2.8,25.3,4.6,24.9,0.7
Median hourly earnings,   Females,Total,Without leave entitlements,Aug-18,25.7,1.5,25.0,0.9,25.0,1.1,25.5,2.0,26.0,1.5,26.7,2.9,25.0,3.7,26.8,4.8,25.0,0.6
Median hourly earnings,   Females,Total,Without leave entitlements,Aug-19,25.0,1.3,25.0,0.9,26.7,1.6,27.0,3.0,27.0,2.9,26.0,1.8,27.5,3.7,27.4,4.1,26.0,0.9
Median hourly earnings,   Females,Total,Without leave entitlements,Aug-20,28.7,2.0,29.0,3.2,29.1,2.0,28.5,2.6,28.3,4.0,29.5,2.8,28.6,4.5,30.0,7.7,29.0,1.2
Median hourly earnings,   Females,Total,Without leave entitlements,Aug-21,29.0,1.8,28.3,2.7,27.8,1.4,29.4,1.7,28.0,2.5,27.8,2.5,27.1,6.4,30.0,6.0,28.3,0.9
Median hourly earnings,   Females,Total,Without leave entitlements,Aug-22,28.6,1.8,28.7,2.1,27.5,2.9,29.2,2.4,29.7,1.9,29.1,2.1,30.0,4.3,35.6,6.5,28.7,1.3
Median hourly earnings,   Females,Total,Without leave entitlements,Aug-23,30.0,1.1,31.0,2.3,30.5,1.4,32.4,2.3,30.0,2.9,31.7,2.1,31.8,3.9,35.1,4.1,30.8,1.2
Median hourly earnings,   Females,Total,Without leave entitlements,Aug-24,30.0,1.3,31.3,2.6,32.4,2.0,31.9,2.9,31.0,2.1,30.4,4.8,32.6,4.8,33.6,5.2,31.2,1.4
Median hourly earnings,   Females,Total,Total,Aug-75,0.0,0.0,0.0,0.0,0.0,0.0,0.0,0.0,0.0,0.0,0.0,0.0,0.0,0.0,0.0,0.0,0.0,0.0
Median hourly earnings,   Females,Total,Total,Aug-76,0.0,0.0,0.0,0.0,0.0,0.0,0.0,0.0,0.0,0.0,0.0,0.0,0.0,0.0,0.0,0.0,0.0,0.0
Median hourly earnings,   Females,Total,Total,Aug-77,0.0,0.0,0.0,0.0,0.0,0.0,0.0,0.0,0.0,0.0,0.0,0.0,0.0,0.0,0.0,0.0,0.0,0.0
Median hourly earnings,   Females,Total,Total,Aug-78,0.0,0.0,0.0,0.0,0.0,0.0,0.0,0.0,0.0,0.0,0.0,0.0,0.0,0.0,0.0,0.0,0.0,0.0
Median hourly earnings,   Females,Total,Total,Aug-79,0.0,0.0,0.0,0.0,0.0,0.0,0.0,0.0,0.0,0.0,0.0,0.0,0.0,0.0,0.0,0.0,0.0,0.0
Median hourly earnings,   Females,Total,Total,Aug-80,0.0,0.0,0.0,0.0,0.0,0.0,0.0,0.0,0.0,0.0,0.0,0.0,0.0,0.0,0.0,0.0,0.0,0.0
Median hourly earnings,   Females,Total,Total,Aug-81,0.0,0.0,0.0,0.0,0.0,0.0,0.0,0.0,0.0,0.0,0.0,0.0,0.0,0.0,0.0,0.0,0.0,0.0
Median hourly earnings,   Females,Total,Total,Aug-82,0.0,0.0,0.0,0.0,0.0,0.0,0.0,0.0,0.0,0.0,0.0,0.0,0.0,0.0,0.0,0.0,0.0,0.0
Median hourly earnings,   Females,Total,Total,Aug-83,0.0,0.0,0.0,0.0,0.0,0.0,0.0,0.0,0.0,0.0,0.0,0.0,0.0,0.0,0.0,0.0,0.0,0.0
Median hourly earnings,   Females,Total,Total,Aug-84,0.0,0.0,0.0,0.0,0.0,0.0,0.0,0.0,0.0,0.0,0.0,0.0,0.0,0.0,0.0,0.0,0.0,0.0
Median hourly earnings,   Females,Total,Total,Aug-85,0.0,0.0,0.0,0.0,0.0,0.0,0.0,0.0,0.0,0.0,0.0,0.0,0.0,0.0,0.0,0.0,0.0,0.0
Median hourly earnings,   Females,Total,Total,Aug-86,0.0,0.0,0.0,0.0,0.0,0.0,0.0,0.0,0.0,0.0,0.0,0.0,0.0,0.0,0.0,0.0,0.0,0.0
Median hourly earnings,   Females,Total,Total,Aug-87,0.0,0.0,0.0,0.0,0.0,0.0,0.0,0.0,0.0,0.0,0.0,0.0,0.0,0.0,0.0,0.0,0.0,0.0
Median hourly earnings,   Females,Total,Total,Aug-88,0.0,0.0,0.0,0.0,0.0,0.0,0.0,0.0,0.0,0.0,0.0,0.0,0.0,0.0,0.0,0.0,0.0,0.0
Median hourly earnings,   Females,Total,Total,Aug-89,10.0,0.0,10.0,0.0,9.4,0.0,10.0,0.0,10.0,0.0,10.0,0.0,11.5,0.0,11.3,0.0,10.0,0.0
Median hourly earnings,   Females,Total,Total,Aug-90,0.0,0.0,0.0,0.0,0.0,0.0,0.0,0.0,0.0,0.0,0.0,0.0,0.0,0.0,0.0,0.0,0.0,0.0
Median hourly earnings,   Females,Total,Total,Jul-91,0.0,0.0,0.0,0.0,0.0,0.0,0.0,0.0,0.0,0.0,0.0,0.0,0.0,0.0,0.0,0.0,0.0,0.0
Median hourly earnings,   Females,Total,Total,Aug-92,12.0,0.5,12.0,0.9,10.9,1.0,11.5,1.2,11.4,1.4,11.5,2.0,12.5,3.1,13.2,1.4,11.7,0.9
Median hourly earnings,   Females,Total,Total,Aug-93,12.5,1.0,12.5,0.9,11.5,0.8,12.4,1.1,12.0,1.0,12.0,2.0,13.5,3.3,14.6,1.5,12.5,0.1
Median hourly earnings,   Females,Total,Total,Aug-94,12.8,1.3,13.0,1.3,12.0,0.9,12.9,1.3,12.5,1.0,12.2,1.0,13.5,2.0,14.6,1.2,12.5,0.5
Median hourly earnings,   Females,Total,Total,Aug-95,13.1,1.1,13.2,0.5,12.4,0.8,13.1,1.5,12.5,0.8,12.7,1.6,13.2,3.0,14.6,2.1,13.0,0.7
Median hourly earnings,   Females,Total,Total,Aug-96,0.0,0.0,0.0,0.0,0.0,0.0,0.0,0.0,0.0,0.0,0.0,0.0,0.0,0.0,0.0,0.0,0.0,0.0
Median hourly earnings,   Females,Total,Total,Aug-97,14.6,1.2,13.8,1.0,13.1,0.8,13.7,1.2,13.0,0.8,13.8,1.5,14.0,3.0,16.0,1.5,13.8,0.4
Median hourly earnings,   Females,Total,Total,Aug-98,15.0,1.0,14.1,1.2,13.7,0.8,14.0,1.0,13.9,1.0,13.9,2.0,15.4,1.9,16.6,2.0,14.3,0.4
Median hourly earnings,   Females,Total,Total,Aug-99,15.7,0.8,14.6,1.0,13.9,0.7,14.5,1.0,14.2,0.9,14.0,1.2,15.7,2.9,16.9,1.8,14.9,0.5
Median hourly earnings,   Females,Total,Total,Aug-00,15.8,0.7,15.6,1.1,14.9,0.7,15.2,0.8,14.5,1.4,15.0,1.4,16.8,2.7,18.8,2.0,15.3,0.5
Median hourly earnings,   Females,Total,Total,Aug-01,16.7,0.9,16.1,1.0,15.0,0.4,16.0,0.9,15.0,0.8,15.6,1.9,17.2,2.1,18.9,1.5,15.9,0.3
Median hourly earnings,   Females,Total,Total,Aug-02,17.4,1.0,16.5,0.8,15.7,0.9,16.5,1.2,15.9,1.0,16.0,1.9,18.2,4.0,20.0,1.4,16.7,0.4
Median hourly earnings,   Females,Total,Total,Aug-03,17.6,1.0,17.1,1.2,16.0,0.7,16.8,1.3,16.4,1.3,16.7,1.5,18.6,3.1,20.5,2.8,17.0,0.6
Median hourly earnings,   Females,Total,Total,Aug-04,18.6,0.7,18.3,1.0,16.8,0.7,17.9,1.1,16.8,0.7,17.4,2.0,20.0,2.9,21.7,2.1,17.9,0.4
Median hourly earnings,   Females,Total,Total,Aug-05,19.1,1.3,19.0,1.1,18.0,0.9,18.3,0.8,18.4,0.9,18.0,2.2,19.2,2.0,22.5,2.7,18.8,0.4
Median hourly earnings,   Females,Total,Total,Aug-06,20.0,0.7,19.5,1.3,18.1,0.6,18.8,1.0,18.5,1.0,18.7,1.9,20.0,3.1,23.9,2.4,19.3,0.5
Median hourly earnings,   Females,Total,Total,Aug-07,20.4,1.0,20.0,0.7,19.5,1.2,20.0,0.9,19.8,0.6,19.1,1.4,20.5,5.0,26.4,1.9,20.0,0.0
Median hourly earnings,   Females,Total,Total,Aug-08,22.0,1.4,21.0,0.6,20.7,1.2,20.7,1.5,21.2,2.0,21.0,1.7,22.5,3.4,26.6,2.3,21.3,0.6
Median hourly earnings,   Females,Total,Total,Aug-09,22.3,0.7,21.7,1.3,21.2,0.9,22.3,1.6,22.2,1.3,21.3,2.3,24.2,3.0,28.9,3.0,22.0,0.7
Median hourly earnings,   Females,Total,Total,Aug-10,23.8,1.1,22.9,0.6,22.2,0.8,22.5,1.3,23.7,1.8,22.3,1.0,24.7,1.6,28.3,2.7,23.0,0.6
Median hourly earnings,   Females,Total,Total,Aug-11,24.4,1.3,23.9,1.0,23.5,1.1,23.8,1.6,23.7,1.5,22.9,1.0,26.4,2.7,30.0,2.4,24.0,0.6
Median hourly earnings,   Females,Total,Total,Aug-12,25.0,0.7,24.9,1.0,24.2,1.4,25.0,1.0,26.2,1.4,24.0,2.2,27.0,2.0,30.6,1.6,25.0,0.0
Median hourly earnings,   Females,Total,Total,Aug-13,25.0,0.6,24.9,0.8,24.4,1.2,25.0,0.6,26.0,1.3,24.0,1.9,27.5,2.7,32.9,2.9,25.0,0.0
Median hourly earnings,   Females,Total,Total,Aug-14,27.5,1.0,26.3,0.7,25.9,1.4,25.7,1.1,28.6,3.0,25.0,1.3,30.3,2.9,35.9,3.9,26.7,0.6
Median hourly earnings,   Females,Total,Total,Aug-15,27.0,1.6,27.5,1.4,26.9,1.1,27.4,1.7,28.3,1.3,26.1,2.2,29.7,1.4,37.1,2.7,27.5,0.6
Median hourly earnings,   Females,Total,Total,Aug-16,29.0,1.6,27.6,1.5,27.1,1.2,27.1,1.1,28.5,2.4,26.3,1.5,30.3,2.2,35.8,2.7,28.0,0.5
Median hourly earnings,   Females,Total,Total,Aug-17,29.2,1.0,29.0,1.2,28.0,0.9,27.8,1.4,30.0,1.2,27.8,1.2,31.6,2.4,35.8,2.2,29.0,0.5
Median hourly earnings,   Females,Total,Total,Aug-18,30.4,0.9,30.4,1.0,28.4,1.3,29.2,1.3,30.3,1.4,29.3,2.0,31.6,2.3,37.7,3.7,30.0,0.3
Median hourly earnings,   Females,Total,Total,Aug-19,31.7,1.4,30.8,1.1,30.0,0.4,30.0,0.9,32.3,1.6,31.2,2.0,32.9,2.3,38.9,2.4,31.3,0.6
Median hourly earnings,   Females,Total,Total,Aug-20,34.9,1.3,36.3,1.8,33.8,1.9,32.7,1.2,35.7,1.6,33.3,1.9,34.1,2.3,41.7,2.4,35.0,0.9
Median hourly earnings,   Females,Total,Total,Aug-21,36.3,1.5,34.3,1.0,32.7,1.4,33.3,1.3,34.2,1.4,32.1,1.4,37.5,3.3,43.5,4.0,34.5,0.7
Median hourly earnings,   Females,Total,Total,Aug-22,35.4,1.2,37.1,0.8,34.9,1.4,34.1,1.2,34.5,1.4,33.3,1.3,39.1,3.8,44.7,3.3,35.5,0.6
Median hourly earnings,   Females,Total,Total,Aug-23,39.4,1.1,38.7,1.6,36.9,2.6,37.3,2.0,37.3,2.0,37.5,2.2,39.7,2.0,45.8,3.0,38.4,0.7
Median hourly earnings,   Females,Total,Total,Aug-24,39.6,0.8,39.5,1.4,38.0,1.3,36.5,1.5,38.8,1.6,36.3,1.9,42.1,2.3,46.1,2.3,38.9,0.7
Mean weekly earnings,Persons,Full-time,With leave entitlements,Aug-75,0.0,0.0,0.0,0.0,0.0,0.0,0.0,0.0,0.0,0.0,0.0,0.0,0.0,0.0,0.0,0.0,0.0,0.0
Mean weekly earnings,Persons,Full-time,With leave entitlements,Aug-76,0.0,0.0,0.0,0.0,0.0,0.0,0.0,0.0,0.0,0.0,0.0,0.0,0.0,0.0,0.0,0.0,0.0,0.0
Mean weekly earnings,Persons,Full-time,With leave entitlements,Aug-77,0.0,0.0,0.0,0.0,0.0,0.0,0.0,0.0,0.0,0.0,0.0,0.0,0.0,0.0,0.0,0.0,0.0,0.0
Mean weekly earnings,Persons,Full-time,With leave entitlements,Aug-78,0.0,0.0,0.0,0.0,0.0,0.0,0.0,0.0,0.0,0.0,0.0,0.0,0.0,0.0,0.0,0.0,0.0,0.0
Mean weekly earnings,Persons,Full-time,With leave entitlements,Aug-79,0.0,0.0,0.0,0.0,0.0,0.0,0.0,0.0,0.0,0.0,0.0,0.0,0.0,0.0,0.0,0.0,0.0,0.0
Mean weekly earnings,Persons,Full-time,With leave entitlements,Aug-80,0.0,0.0,0.0,0.0,0.0,0.0,0.0,0.0,0.0,0.0,0.0,0.0,0.0,0.0,0.0,0.0,0.0,0.0
Mean weekly earnings,Persons,Full-time,With leave entitlements,Aug-81,0.0,0.0,0.0,0.0,0.0,0.0,0.0,0.0,0.0,0.0,0.0,0.0,0.0,0.0,0.0,0.0,0.0,0.0
Mean weekly earnings,Persons,Full-time,With leave entitlements,Aug-82,0.0,0.0,0.0,0.0,0.0,0.0,0.0,0.0,0.0,0.0,0.0,0.0,0.0,0.0,0.0,0.0,0.0,0.0
Mean weekly earnings,Persons,Full-time,With leave entitlements,Aug-83,0.0,0.0,0.0,0.0,0.0,0.0,0.0,0.0,0.0,0.0,0.0,0.0,0.0,0.0,0.0,0.0,0.0,0.0
Mean weekly earnings,Persons,Full-time,With leave entitlements,Aug-84,0.0,0.0,0.0,0.0,0.0,0.0,0.0,0.0,0.0,0.0,0.0,0.0,0.0,0.0,0.0,0.0,0.0,0.0
Mean weekly earnings,Persons,Full-time,With leave entitlements,Aug-85,0.0,0.0,0.0,0.0,0.0,0.0,0.0,0.0,0.0,0.0,0.0,0.0,0.0,0.0,0.0,0.0,0.0,0.0
Mean weekly earnings,Persons,Full-time,With leave entitlements,Aug-86,0.0,0.0,0.0,0.0,0.0,0.0,0.0,0.0,0.0,0.0,0.0,0.0,0.0,0.0,0.0,0.0,0.0,0.0
Mean weekly earnings,Persons,Full-time,With leave entitlements,Aug-87,0.0,0.0,0.0,0.0,0.0,0.0,0.0,0.0,0.0,0.0,0.0,0.0,0.0,0.0,0.0,0.0,0.0,0.0
Mean weekly earnings,Persons,Full-time,With leave entitlements,Aug-88,0.0,0.0,0.0,0.0,0.0,0.0,0.0,0.0,0.0,0.0,0.0,0.0,0.0,0.0,0.0,0.0,446.0,0.0
Mean weekly earnings,Persons,Full-time,With leave entitlements,Aug-89,487.1,0.0,474.3,0.0,466.4,0.0,466.2,0.0,498.3,0.0,459.0,0.0,534.4,0.0,561.3,0.0,481.0,0.0
Mean weekly earnings,Persons,Full-time,With leave entitlements,Aug-90,514.3,0.0,505.2,0.0,485.5,0.0,498.4,0.0,508.9,0.0,481.8,0.0,586.0,0.0,586.6,0.0,507.1,0.0
Mean weekly earnings,Persons,Full-time,With leave entitlements,Jul-91,0.0,0.0,0.0,0.0,0.0,0.0,0.0,0.0,0.0,0.0,0.0,0.0,0.0,0.0,0.0,0.0,539.0,0.0
Mean weekly earnings,Persons,Full-time,With leave entitlements,Aug-92,564.1,1.4,555.7,1.7,540.7,1.6,534.3,1.9,574.4,2.0,527.9,3.0,600.4,12.0,666.6,3.8,558.5,0.8
Mean weekly earnings,Persons,Full-time,With leave entitlements,Aug-93,606.5,1.7,583.9,1.7,558.5,1.8,564.8,2.3,606.4,2.2,541.6,2.4,628.4,9.0,699.1,2.3,590.2,0.9
Mean weekly earnings,Persons,Full-time,With leave entitlements,Aug-94,620.0,2.0,628.4,2.2,582.1,1.8,587.7,2.6,640.2,3.7,561.2,3.3,663.6,9.0,691.8,2.7,615.9,1.1
Mean weekly earnings,Persons,Full-time,With leave entitlements,Aug-95,656.4,1.6,623.4,1.4,597.8,2.0,599.5,2.4,631.4,2.0,602.1,3.3,624.6,6.3,731.7,2.9,631.5,0.9
Mean weekly earnings,Persons,Full-time,With leave entitlements,Aug-96,0.0,0.0,0.0,0.0,0.0,0.0,0.0,0.0,0.0,0.0,0.0,0.0,0.0,0.0,0.0,0.0,0.0,0.0
Mean weekly earnings,Persons,Full-time,With leave entitlements,Aug-97,678.6,2.1,649.6,2.1,647.4,2.4,643.6,3.6,686.7,3.0,593.5,3.4,686.1,10.7,776.7,2.9,664.6,1.1
Mean weekly earnings,Persons,Full-time,With leave entitlements,Aug-98,700.2,1.6,665.1,2.1,653.8,1.9,625.4,3.2,670.9,3.2,593.0,4.8,713.6,11.4,788.7,2.9,674.9,1.1
Mean weekly earnings,Persons,Full-time,With leave entitlements,Aug-99,754.7,1.7,675.4,1.8,670.1,2.2,665.2,2.7,728.3,2.9,634.7,3.5,742.5,9.6,833.8,3.8,710.3,0.9
Mean weekly earnings,Persons,Full-time,With leave entitlements,Aug-00,773.3,2.0,739.9,1.8,704.1,2.0,712.9,2.8,754.1,2.4,657.0,2.8,778.6,11.9,890.1,2.9,747.0,0.9
Mean weekly earnings,Persons,Full-time,With leave entitlements,Aug-01,837.4,1.5,771.4,1.9,763.6,2.7,764.2,2.9,777.4,2.2,708.1,4.9,804.7,10.3,906.6,2.4,795.7,0.9
Mean weekly earnings,Persons,Full-time,With leave entitlements,Aug-02,843.7,1.7,788.3,1.8,780.2,3.0,796.2,3.4,835.6,2.9,730.2,4.9,814.9,8.1,954.7,3.6,814.1,1.1
Mean weekly earnings,Persons,Full-time,With leave entitlements,Aug-03,894.4,5.1,819.5,8.0,798.3,3.2,793.7,5.8,863.8,8.9,780.3,6.0,823.6,8.3,975.9,6.7,846.8,5.6
Mean weekly earnings,Persons,Full-time,With leave entitlements,Aug-04,994.2,2.0,930.6,1.7,881.7,2.2,880.9,3.1,928.7,2.2,839.3,4.1,971.8,10.4,"1,055.7",2.6,940.1,1.0
Mean weekly earnings,Persons,Full-time,With leave entitlements,Aug-05,"1,034.4",2.6,985.2,1.6,930.0,2.2,943.4,3.7,"1,009.2",2.3,868.4,3.2,985.5,9.5,"1,091.0",2.8,989.8,1.2
Mean weekly earnings,Persons,Full-time,With leave entitlements,Aug-06,"1,088.7",1.6,"1,033.3",1.4,990.8,1.6,982.2,2.9,"1,065.1",2.6,930.7,4.1,"1,076.2",9.7,"1,166.5",2.5,"1,044.4",0.8
Mean weekly earnings,Persons,Full-time,With leave entitlements,Aug-07,"1,195.5",3.3,"1,100.8",1.9,"1,051.7",2.1,"1,066.2",3.7,"1,163.5",2.3,982.3,3.8,"1,088.1",10.0,"1,339.4",2.8,"1,128.6",1.6
Mean weekly earnings,Persons,Full-time,With leave entitlements,Aug-08,"1,210.4",2.0,"1,144.3",2.2,"1,117.6",2.7,"1,046.3",2.9,"1,236.4",2.9,"1,007.7",4.0,"1,253.8",7.6,"1,355.0",3.7,"1,167.2",1.0
Mean weekly earnings,Persons,Full-time,With leave entitlements,Aug-09,"1,263.3",3.0,"1,171.5",2.4,"1,177.3",2.3,"1,135.6",2.7,"1,276.3",3.2,"1,073.7",5.2,"1,323.9",7.8,"1,386.9",2.9,"1,215.7",1.1
Mean weekly earnings,Persons,Full-time,With leave entitlements,Aug-10,"1,318.9",1.8,"1,223.8",2.4,"1,241.9",1.9,"1,164.0",2.7,"1,408.9",3.1,"1,103.9",3.4,"1,342.7",6.7,"1,426.9",2.3,"1,277.9",1.2
Mean weekly earnings,Persons,Full-time,With leave entitlements,Aug-11,"1,350.2",2.2,"1,262.8",2.0,"1,285.7",2.2,"1,220.6",3.1,"1,459.5",2.8,"1,117.8",3.8,"1,324.9",6.0,"1,465.3",2.6,"1,316.7",1.1
Mean weekly earnings,Persons,Full-time,With leave entitlements,Aug-12,"1,381.9",1.8,"1,314.0",1.9,"1,358.4",2.5,"1,284.2",2.5,"1,587.2",2.3,"1,208.9",4.5,"1,377.6",4.8,"1,538.7",3.1,"1,378.6",1.1
Mean weekly earnings,Persons,Full-time,With leave entitlements,Aug-13,"1,435.7",2.2,"1,319.9",1.6,"1,399.0",2.4,"1,354.4",2.3,"1,565.1",2.4,"1,224.0",3.2,"1,543.1",4.6,"1,661.0",5.5,"1,413.7",1.0
Mean weekly earnings,Persons,Full-time,With leave entitlements,Aug-14,"1,515.4",2.2,"1,445.4",2.3,"1,441.0",2.2,"1,361.5",2.4,"1,696.3",3.0,"1,233.0",3.6,"1,636.0",5.2,"1,640.4",3.1,"1,492.7",1.1
Mean weekly earnings,Persons,Full-time,With leave entitlements,Aug-15,"1,537.6",1.8,"1,470.6",2.1,"1,440.0",2.1,"1,392.5",3.4,"1,664.6",3.4,"1,258.2",3.4,"1,564.1",5.0,"1,646.1",4.4,"1,503.8",0.9
Mean weekly earnings,Persons,Full-time,With leave entitlements,Aug-16,"1,570.6",1.8,"1,502.0",2.3,"1,481.7",2.6,"1,422.7",3.8,"1,659.3",2.8,"1,325.1",4.0,"1,693.5",5.7,"1,719.7",3.6,"1,536.2",0.9
Mean weekly earnings,Persons,Full-time,With leave entitlements,Aug-17,"1,624.9",1.6,"1,557.3",1.7,"1,550.8",2.0,"1,423.1",2.9,"1,712.4",2.4,"1,404.8",4.1,"1,620.8",3.4,"1,737.1",3.4,"1,587.8",0.7
Mean weekly earnings,Persons,Full-time,With leave entitlements,Aug-18,"1,698.8",2.3,"1,579.5",2.2,"1,578.7",1.8,"1,530.2",3.9,"1,762.1",2.6,"1,404.5",3.7,"1,608.6",3.7,"1,753.0",4.1,"1,635.1",1.1
Mean weekly earnings,Persons,Full-time,With leave entitlements,Aug-19,"1,733.6",2.0,"1,697.4",2.3,"1,546.4",1.9,"1,508.2",2.6,"1,922.0",2.9,"1,507.4",4.3,"1,622.3",3.9,"1,780.0",2.7,"1,689.3",0.9
Mean weekly earnings,Persons,Full-time,With leave entitlements,Aug-20,"1,736.6",1.7,"1,710.4",1.9,"1,614.6",2.4,"1,563.3",3.4,"1,934.0",2.6,"1,515.5",3.6,"1,673.6",4.0,"1,893.2",3.2,"1,715.1",1.0
Mean weekly earnings,Persons,Full-time,With leave entitlements,Aug-21,"1,881.5",2.3,"1,764.4",2.5,"1,726.6",2.2,"1,646.5",1.9,"1,875.4",2.9,"1,601.4",4.8,"1,826.8",4.3,"1,942.0",4.2,"1,800.1",1.2
Mean weekly earnings,Persons,Full-time,With leave entitlements,Aug-22,"1,894.5",2.2,"1,851.2",2.0,"1,833.7",2.6,"1,692.4",3.1,"1,991.5",2.7,"1,554.0",3.3,"1,796.4",3.9,"1,979.7",3.0,"1,863.7",1.0
Mean weekly earnings,Persons,Full-time,With leave entitlements,Aug-23,"1,964.9",1.7,"1,917.5",1.7,"1,862.5",2.1,"1,780.7",2.7,"2,021.6",3.1,"1,718.8",3.4,"1,785.6",4.2,"2,033.0",3.7,"1,922.1",0.8
Mean weekly earnings,Persons,Full-time,With leave entitlements,Aug-24,"2,098.2",2.2,"2,087.5",1.8,"2,021.5",2.3,"1,874.4",2.9,"2,220.7",2.2,"1,762.1",2.9,"1,960.3",3.6,"2,299.6",4.0,"2,077.3",1.3
Mean weekly earnings,Persons,Full-time,Without leave entitlements,Aug-75,0.0,0.0,0.0,0.0,0.0,0.0,0.0,0.0,0.0,0.0,0.0,0.0,0.0,0.0,0.0,0.0,0.0,0.0
Mean weekly earnings,Persons,Full-time,Without leave entitlements,Aug-76,0.0,0.0,0.0,0.0,0.0,0.0,0.0,0.0,0.0,0.0,0.0,0.0,0.0,0.0,0.0,0.0,0.0,0.0
Mean weekly earnings,Persons,Full-time,Without leave entitlements,Aug-77,0.0,0.0,0.0,0.0,0.0,0.0,0.0,0.0,0.0,0.0,0.0,0.0,0.0,0.0,0.0,0.0,0.0,0.0
Mean weekly earnings,Persons,Full-time,Without leave entitlements,Aug-78,0.0,0.0,0.0,0.0,0.0,0.0,0.0,0.0,0.0,0.0,0.0,0.0,0.0,0.0,0.0,0.0,0.0,0.0
Mean weekly earnings,Persons,Full-time,Without leave entitlements,Aug-79,0.0,0.0,0.0,0.0,0.0,0.0,0.0,0.0,0.0,0.0,0.0,0.0,0.0,0.0,0.0,0.0,0.0,0.0
Mean weekly earnings,Persons,Full-time,Without leave entitlements,Aug-80,0.0,0.0,0.0,0.0,0.0,0.0,0.0,0.0,0.0,0.0,0.0,0.0,0.0,0.0,0.0,0.0,0.0,0.0
Mean weekly earnings,Persons,Full-time,Without leave entitlements,Aug-81,0.0,0.0,0.0,0.0,0.0,0.0,0.0,0.0,0.0,0.0,0.0,0.0,0.0,0.0,0.0,0.0,0.0,0.0
Mean weekly earnings,Persons,Full-time,Without leave entitlements,Aug-82,0.0,0.0,0.0,0.0,0.0,0.0,0.0,0.0,0.0,0.0,0.0,0.0,0.0,0.0,0.0,0.0,0.0,0.0
Mean weekly earnings,Persons,Full-time,Without leave entitlements,Aug-83,0.0,0.0,0.0,0.0,0.0,0.0,0.0,0.0,0.0,0.0,0.0,0.0,0.0,0.0,0.0,0.0,0.0,0.0
Mean weekly earnings,Persons,Full-time,Without leave entitlements,Aug-84,0.0,0.0,0.0,0.0,0.0,0.0,0.0,0.0,0.0,0.0,0.0,0.0,0.0,0.0,0.0,0.0,0.0,0.0
Mean weekly earnings,Persons,Full-time,Without leave entitlements,Aug-85,0.0,0.0,0.0,0.0,0.0,0.0,0.0,0.0,0.0,0.0,0.0,0.0,0.0,0.0,0.0,0.0,0.0,0.0
Mean weekly earnings,Persons,Full-time,Without leave entitlements,Aug-86,0.0,0.0,0.0,0.0,0.0,0.0,0.0,0.0,0.0,0.0,0.0,0.0,0.0,0.0,0.0,0.0,0.0,0.0
Mean weekly earnings,Persons,Full-time,Without leave entitlements,Aug-87,0.0,0.0,0.0,0.0,0.0,0.0,0.0,0.0,0.0,0.0,0.0,0.0,0.0,0.0,0.0,0.0,0.0,0.0
Mean weekly earnings,Persons,Full-time,Without leave entitlements,Aug-88,0.0,0.0,0.0,0.0,0.0,0.0,0.0,0.0,0.0,0.0,0.0,0.0,0.0,0.0,0.0,0.0,409.0,0.0
Mean weekly earnings,Persons,Full-time,Without leave entitlements,Aug-89,401.6,0.0,386.2,0.0,398.4,0.0,355.4,0.0,453.1,0.0,406.4,0.0,676.0,0.0,356.9,0.0,401.5,0.0
Mean weekly earnings,Persons,Full-time,Without leave entitlements,Aug-90,393.5,0.0,416.0,0.0,390.9,0.0,402.1,0.0,435.9,0.0,406.7,0.0,353.1,0.0,522.4,0.0,404.0,0.0
Mean weekly earnings,Persons,Full-time,Without leave entitlements,Jul-91,0.0,0.0,0.0,0.0,0.0,0.0,0.0,0.0,0.0,0.0,0.0,0.0,0.0,0.0,0.0,0.0,457.0,0.0
Mean weekly earnings,Persons,Full-time,Without leave entitlements,Aug-92,433.1,6.2,443.7,8.9,415.8,4.9,428.7,7.8,448.2,7.6,422.4,10.4,399.7,26.8,435.0,19.2,431.3,2.9
Mean weekly earnings,Persons,Full-time,Without leave entitlements,Aug-93,495.6,6.0,482.8,5.7,432.6,5.7,429.9,9.1,519.6,9.6,414.1,15.5,549.1,19.0,436.9,11.9,472.2,3.1
Mean weekly earnings,Persons,Full-time,Without leave entitlements,Aug-94,479.3,6.3,536.5,8.6,473.3,6.7,473.3,7.7,586.6,8.2,432.0,13.7,559.1,16.4,508.1,12.9,499.4,2.9
Mean weekly earnings,Persons,Full-time,Without leave entitlements,Aug-95,503.0,7.7,538.9,6.3,500.7,8.2,523.2,9.8,618.7,9.6,501.5,18.1,534.5,26.2,592.5,13.3,523.5,3.7
Mean weekly earnings,Persons,Full-time,Without leave entitlements,Aug-96,0.0,0.0,0.0,0.0,0.0,0.0,0.0,0.0,0.0,0.0,0.0,0.0,0.0,0.0,0.0,0.0,0.0,0.0
Mean weekly earnings,Persons,Full-time,Without leave entitlements,Aug-97,536.7,7.2,525.5,5.7,534.7,7.3,507.3,9.6,604.1,8.2,535.7,14.4,564.8,17.8,606.1,13.7,539.0,4.1
Mean weekly earnings,Persons,Full-time,Without leave entitlements,Aug-98,578.9,6.1,537.2,9.5,510.1,5.8,493.2,6.9,604.1,8.3,516.9,10.8,677.5,19.9,628.7,12.7,549.0,3.8
Mean weekly earnings,Persons,Full-time,Without leave entitlements,Aug-99,632.9,5.7,553.2,6.0,562.5,6.8,549.7,7.4,558.5,7.0,514.5,12.0,685.8,13.7,672.7,14.6,583.9,2.8
Mean weekly earnings,Persons,Full-time,Without leave entitlements,Aug-00,622.8,6.7,568.2,7.8,571.3,6.2,555.1,6.1,675.9,8.2,527.9,12.1,612.2,21.8,857.5,12.8,600.2,3.7
Mean weekly earnings,Persons,Full-time,Without leave entitlements,Aug-01,658.1,7.9,630.1,8.8,632.3,6.7,581.3,7.2,685.5,6.8,568.3,12.6,595.6,22.6,970.4,18.6,644.4,3.6
Mean weekly earnings,Persons,Full-time,Without leave entitlements,Aug-02,649.4,6.6,642.6,8.4,659.8,4.5,590.9,6.1,733.8,7.0,541.7,11.3,597.5,23.4,853.5,15.8,653.1,3.4
Mean weekly earnings,Persons,Full-time,Without leave entitlements,Aug-03,708.1,8.3,590.4,11.6,637.3,5.0,667.9,9.4,816.9,11.5,638.5,11.7,705.4,20.9,"1,072.4",14.1,682.0,5.8
Mean weekly earnings,Persons,Full-time,Without leave entitlements,Aug-04,798.2,7.4,764.3,5.8,701.6,7.9,721.6,7.5,851.4,7.6,591.4,6.2,817.4,26.4,894.8,11.1,763.7,2.8
Mean weekly earnings,Persons,Full-time,Without leave entitlements,Aug-05,772.0,7.8,846.2,8.7,774.2,7.0,793.8,7.9,905.6,6.2,793.4,11.6,855.9,18.0,914.9,15.4,809.2,3.1
Mean weekly earnings,Persons,Full-time,Without leave entitlements,Aug-06,877.1,7.0,849.2,5.9,874.4,4.5,786.9,7.8,"1,050.9",8.5,778.3,12.0,757.7,22.2,"1,224.8",12.4,884.9,2.7
Mean weekly earnings,Persons,Full-time,Without leave entitlements,Aug-07,906.7,7.0,917.7,6.1,923.8,7.8,813.3,6.7,"1,209.8",8.0,783.5,11.5,"1,086.0",24.6,"1,302.6",11.5,942.4,3.0
Mean weekly earnings,Persons,Full-time,Without leave entitlements,Aug-08,995.4,7.0,867.2,8.3,996.5,7.5,877.4,7.5,"1,438.0",17.0,997.8,13.9,"1,023.3",17.3,"1,049.2",18.1,"1,009.0",4.4
Mean weekly earnings,Persons,Full-time,Without leave entitlements,Aug-09,"1,004.0",9.6,"1,094.3",16.8,"1,019.1",7.7,935.2,9.1,"1,217.9",10.7,869.4,19.4,"1,068.2",10.8,"1,764.5",18.0,"1,053.9",4.4
Mean weekly earnings,Persons,Full-time,Without leave entitlements,Aug-10,"1,055.4",8.5,984.6,7.0,"1,030.9",6.8,942.7,6.0,"1,296.9",7.9,888.6,13.5,"1,173.0",12.5,"1,530.0",15.3,"1,056.5",3.8
Mean weekly earnings,Persons,Full-time,Without leave entitlements,Aug-11,"1,112.5",7.1,"1,034.0",7.7,"1,100.5",6.0,934.1,9.7,"1,467.1",8.1,"1,077.8",13.0,990.0,20.1,"1,261.8",22.0,"1,116.2",3.0
Mean weekly earnings,Persons,Full-time,Without leave entitlements,Aug-12,"1,138.1",6.2,"1,063.1",7.9,"1,131.5",8.3,"1,114.9",9.7,"1,560.6",8.8,"1,053.7",12.2,"1,139.7",16.3,"1,484.2",19.3,"1,178.7",3.9
Mean weekly earnings,Persons,Full-time,Without leave entitlements,Aug-13,"1,133.3",7.4,"1,046.3",6.5,"1,189.3",5.8,"1,064.8",11.7,"1,583.5",9.0,985.9,12.9,"1,341.7",13.6,"1,380.0",17.5,"1,177.8",2.8
Mean weekly earnings,Persons,Full-time,Without leave entitlements,Aug-14,"1,192.1",8.1,"1,150.7",6.9,"1,253.6",8.7,"1,025.0",10.1,"1,532.2",8.0,"1,077.8",14.6,"1,263.9",13.2,"1,654.4",17.6,"1,235.0",3.7
Mean weekly earnings,Persons,Full-time,Without leave entitlements,Aug-15,"1,267.2",6.5,"1,127.1",7.2,"1,351.4",9.2,"1,089.3",8.5,"1,538.5",10.6,"1,057.3",16.4,"1,265.5",12.9,"2,008.3",20.2,"1,291.6",3.4
Mean weekly earnings,Persons,Full-time,Without leave entitlements,Aug-16,"1,232.7",6.3,"1,242.7",9.9,"1,217.7",5.8,"1,181.6",9.8,"1,413.4",7.5,972.9,16.2,"1,374.3",12.6,"1,608.5",20.2,"1,250.3",3.8
Mean weekly earnings,Persons,Full-time,Without leave entitlements,Aug-17,"1,245.1",6.0,"1,235.6",5.9,"1,319.6",8.7,"1,080.3",8.3,"1,424.2",10.9,"1,163.8",10.4,"1,406.0",15.8,"1,566.0",12.7,"1,273.1",3.6
Mean weekly earnings,Persons,Full-time,Without leave entitlements,Aug-18,"1,342.4",7.9,"1,242.8",7.8,"1,306.2",4.9,"1,334.3",7.7,"1,742.5",8.5,"1,272.3",14.3,"1,736.5",17.5,"1,912.8",19.4,"1,369.9",3.7
Mean weekly earnings,Persons,Full-time,Without leave entitlements,Aug-19,"1,308.5",6.4,"1,324.4",9.5,"1,465.0",6.3,"1,305.6",10.2,"1,733.8",8.7,"1,375.0",20.9,"1,314.3",15.9,"2,179.6",18.7,"1,414.1",3.6
Mean weekly earnings,Persons,Full-time,Without leave entitlements,Aug-20,"1,320.9",7.6,"1,280.3",9.4,"1,287.7",10.8,"1,204.7",9.8,"1,757.6",9.2,"1,273.8",14.3,"1,438.2",17.7,"1,967.2",12.8,"1,367.6",4.2
Mean weekly earnings,Persons,Full-time,Without leave entitlements,Aug-21,"1,391.1",7.9,"1,388.8",9.8,"1,375.6",8.6,"1,261.6",8.1,"1,821.6",11.3,"1,250.1",10.3,"1,464.8",11.0,"2,191.9",14.7,"1,439.8",3.2
Mean weekly earnings,Persons,Full-time,Without leave entitlements,Aug-22,"1,345.6",8.0,"1,456.4",6.9,"1,496.4",7.8,"1,450.5",8.4,"1,912.2",8.0,"1,282.7",12.6,"1,424.6",14.7,"2,459.9",14.7,"1,511.2",3.5
Mean weekly earnings,Persons,Full-time,Without leave entitlements,Aug-23,"1,577.1",7.1,"1,614.3",6.2,"1,621.8",7.5,"1,329.1",8.0,"2,022.2",10.9,"1,395.8",15.4,"1,794.0",12.0,"2,235.4",14.8,"1,640.8",3.1
Mean weekly earnings,Persons,Full-time,Without leave entitlements,Aug-24,"1,626.6",8.4,"1,953.3",9.2,"1,754.0",9.1,"1,709.0",10.2,"2,358.5",10.7,"1,387.3",16.0,"1,706.3",13.6,"2,398.5",13.0,"1,841.7",4.6
Mean weekly earnings,Persons,Full-time,Total,Aug-75,143.0,0.0,143.0,0.0,135.0,0.0,134.0,0.0,143.0,0.0,136.0,0.0,160.0,0.0,175.0,0.0,141.0,0.0
Mean weekly earnings,Persons,Full-time,Total,Aug-76,163.0,0.0,162.0,0.0,157.0,0.0,153.0,0.0,163.0,0.0,152.0,0.0,167.0,0.0,200.0,0.0,161.0,0.0
Mean weekly earnings,Persons,Full-time,Total,Aug-77,180.0,0.0,177.0,0.0,173.0,0.0,171.0,0.0,183.0,0.0,170.0,0.0,204.0,0.0,218.0,0.0,178.0,0.0
Mean weekly earnings,Persons,Full-time,Total,Aug-78,199.0,0.0,194.0,0.0,192.0,0.0,187.0,0.0,197.0,0.0,185.0,0.0,226.0,0.0,236.0,0.0,195.0,0.0
Mean weekly earnings,Persons,Full-time,Total,Aug-79,214.0,0.0,208.0,0.0,202.0,0.0,201.0,0.0,212.0,0.0,197.0,0.0,256.0,0.0,257.0,0.0,209.0,0.0
Mean weekly earnings,Persons,Full-time,Total,Aug-80,238.0,0.0,228.0,0.0,226.0,0.0,224.0,0.0,236.0,0.0,224.0,0.0,281.0,0.0,273.0,0.0,233.0,0.0
Mean weekly earnings,Persons,Full-time,Total,Aug-81,264.0,0.0,255.0,0.0,255.0,0.0,246.0,0.0,263.0,0.0,251.0,0.0,318.0,0.0,310.0,0.0,259.0,0.0
Mean weekly earnings,Persons,Full-time,Total,Aug-82,304.0,0.0,294.0,0.0,293.0,0.0,285.0,0.0,302.0,0.0,277.0,0.0,346.0,0.0,360.0,0.0,299.0,0.0
Mean weekly earnings,Persons,Full-time,Total,Aug-83,321.0,0.0,314.0,0.0,315.0,0.0,305.0,0.0,323.0,0.0,305.0,0.0,369.0,0.0,377.0,0.0,318.0,0.0
Mean weekly earnings,Persons,Full-time,Total,Aug-84,350.0,0.0,335.0,0.0,328.0,0.0,330.0,0.0,352.0,0.0,329.0,0.0,407.0,0.0,409.0,0.0,342.0,0.0
Mean weekly earnings,Persons,Full-time,Total,Aug-85,370.0,0.0,364.0,0.0,358.0,0.0,355.0,0.0,375.0,0.0,340.0,0.0,432.0,0.0,433.0,0.0,367.0,0.0
Mean weekly earnings,Persons,Full-time,Total,Aug-86,400.0,0.0,387.0,0.0,380.0,0.0,375.0,0.0,395.0,0.0,369.0,0.0,435.0,0.0,483.0,0.0,392.0,0.0
Mean weekly earnings,Persons,Full-time,Total,Aug-87,428.0,0.0,410.0,0.0,403.0,0.0,406.0,0.0,419.0,0.0,383.0,0.0,465.0,0.0,493.0,0.0,415.0,0.0
Mean weekly earnings,Persons,Full-time,Total,Aug-88,454.0,0.0,440.0,0.0,425.0,0.0,428.0,0.0,452.0,0.0,431.0,0.0,497.0,0.0,522.0,0.0,444.0,0.0
Mean weekly earnings,Persons,Full-time,Total,Aug-89,482.2,0.0,470.4,0.0,459.9,0.0,457.5,0.0,495.4,0.0,455.8,0.0,547.0,0.0,549.5,0.0,476.0,0.0
Mean weekly earnings,Persons,Full-time,Total,Aug-90,507.3,0.0,501.4,0.0,477.4,0.0,490.3,0.0,504.5,0.0,475.9,0.0,570.7,0.0,583.3,0.0,500.9,0.0
Mean weekly earnings,Persons,Full-time,Total,Jul-91,544.0,0.0,531.0,0.0,504.0,0.0,507.0,0.0,553.0,0.0,504.0,0.0,569.0,0.0,629.0,0.0,533.0,0.0
Mean weekly earnings,Persons,Full-time,Total,Aug-92,555.3,1.3,549.9,1.7,528.4,1.5,524.4,1.9,565.8,2.0,520.0,2.8,582.7,11.9,655.4,3.5,549.5,0.8
Mean weekly earnings,Persons,Full-time,Total,Aug-93,597.3,1.7,578.4,1.6,544.9,1.6,552.4,2.1,600.9,2.3,531.9,2.6,620.3,8.7,683.1,2.2,580.9,0.9
Mean weekly earnings,Persons,Full-time,Total,Aug-94,608.7,2.0,622.5,2.1,570.4,1.6,574.9,2.4,635.7,3.5,551.0,2.8,651.7,8.7,680.7,2.4,606.1,1.1
Mean weekly earnings,Persons,Full-time,Total,Aug-95,643.8,1.6,617.4,1.3,586.7,2.0,591.6,2.1,630.3,1.8,592.0,2.6,612.9,6.1,724.8,2.9,622.2,0.9
Mean weekly earnings,Persons,Full-time,Total,Aug-96,0.0,0.0,0.0,0.0,0.0,0.0,0.0,0.0,0.0,0.0,0.0,0.0,0.0,0.0,0.0,0.0,0.0,0.0
Mean weekly earnings,Persons,Full-time,Total,Aug-97,666.0,2.1,639.6,2.0,633.1,2.0,626.1,3.0,678.9,2.8,587.4,3.3,673.2,10.5,765.2,3.0,652.4,1.0
Mean weekly earnings,Persons,Full-time,Total,Aug-98,687.8,1.7,653.6,1.7,633.5,1.9,606.6,2.7,664.1,3.2,585.4,4.5,709.5,11.3,776.9,2.5,661.2,0.9
Mean weekly earnings,Persons,Full-time,Total,Aug-99,742.4,1.5,664.5,1.7,655.8,1.9,647.9,2.4,710.3,2.7,622.7,3.3,736.4,8.6,823.3,3.9,696.7,0.8
Mean weekly earnings,Persons,Full-time,Total,Aug-00,758.3,2.0,723.0,1.6,685.7,1.8,689.7,2.4,745.0,2.2,644.5,3.1,758.3,11.8,887.4,3.0,730.7,0.9
Mean weekly earnings,Persons,Full-time,Total,Aug-01,822.3,1.4,759.2,1.6,744.6,2.4,740.1,2.5,765.9,2.1,693.9,4.3,778.7,10.2,911.5,2.7,780.0,0.9
Mean weekly earnings,Persons,Full-time,Total,Aug-02,824.9,1.6,776.2,1.8,765.1,2.6,767.4,3.1,823.9,2.5,710.4,4.2,785.8,8.4,948.7,3.4,797.5,1.0
Mean weekly earnings,Persons,Full-time,Total,Aug-03,876.5,5.0,801.8,8.0,777.1,3.0,777.5,5.6,858.4,8.9,764.5,5.8,810.5,7.7,983.7,6.7,829.9,5.6
Mean weekly earnings,Persons,Full-time,Total,Aug-04,974.9,1.8,914.7,1.6,858.8,2.1,860.1,2.9,920.5,2.0,814.2,3.8,953.1,9.9,"1,043.4",2.4,921.4,0.9
Mean weekly earnings,Persons,Full-time,Total,Aug-05,"1,009.4",2.4,973.9,1.5,912.7,2.0,925.1,3.2,997.4,2.2,859.9,2.8,965.7,9.8,"1,077.1",3.2,971.9,1.1
Mean weekly earnings,Persons,Full-time,Total,Aug-06,"1,068.6",1.6,"1,016.9",1.2,974.5,1.5,958.5,2.7,"1,063.5",2.5,915.7,3.8,"1,042.9",9.3,"1,170.7",2.6,"1,027.4",0.8
Mean weekly earnings,Persons,Full-time,Total,Aug-07,"1,164.0",2.9,"1,083.3",2.0,"1,035.2",1.9,"1,033.3",3.5,"1,168.5",2.0,958.2,3.4,"1,087.9",9.6,"1,336.2",2.7,"1,108.0",1.4
Mean weekly earnings,Persons,Full-time,Total,Aug-08,"1,191.0",1.9,"1,121.3",2.3,"1,102.0",2.7,"1,024.1",2.6,"1,256.4",3.0,"1,006.7",3.2,"1,228.3",7.8,"1,335.4",3.4,"1,151.4",1.0
Mean weekly earnings,Persons,Full-time,Total,Aug-09,"1,240.6",2.7,"1,165.7",2.2,"1,159.5",2.3,"1,109.3",2.6,"1,270.0",2.9,"1,054.4",4.6,"1,294.4",7.6,"1,410.5",2.2,"1,200.4",1.2
Mean weekly earnings,Persons,Full-time,Total,Aug-10,"1,292.6",1.6,"1,203.2",2.1,"1,213.4",1.8,"1,134.2",2.6,"1,398.1",2.7,"1,082.9",3.2,"1,322.2",6.1,"1,435.7",2.4,"1,254.5",1.1
Mean weekly earnings,Persons,Full-time,Total,Aug-11,"1,326.6",1.9,"1,241.4",1.9,"1,262.1",2.0,"1,185.8",2.7,"1,460.2",2.9,"1,113.7",3.6,"1,279.0",5.4,"1,452.1",3.0,"1,295.6",1.0
Mean weekly earnings,Persons,Full-time,Total,Aug-12,"1,358.1",1.7,"1,290.5",1.8,"1,330.8",2.2,"1,267.4",2.4,"1,584.0",2.4,"1,194.4",4.2,"1,353.6",3.9,"1,536.0",3.0,"1,358.0",1.0
Mean weekly earnings,Persons,Full-time,Total,Aug-13,"1,409.6",2.1,"1,295.4",1.4,"1,370.0",2.3,"1,318.7",2.3,"1,566.8",2.2,"1,201.3",3.3,"1,521.2",4.6,"1,648.0",5.3,"1,390.0",0.8
Mean weekly earnings,Persons,Full-time,Total,Aug-14,"1,486.1",2.1,"1,417.8",2.1,"1,418.1",1.7,"1,321.0",2.0,"1,677.2",2.6,"1,219.6",3.2,"1,599.3",4.8,"1,641.4",3.0,"1,466.4",0.9
Mean weekly earnings,Persons,Full-time,Total,Aug-15,"1,510.4",1.6,"1,442.0",2.0,"1,428.4",2.2,"1,358.2",3.0,"1,649.6",3.2,"1,241.6",2.8,"1,528.6",4.3,"1,673.1",4.3,"1,481.6",0.8
Mean weekly earnings,Persons,Full-time,Total,Aug-16,"1,534.2",1.7,"1,478.4",2.2,"1,445.2",2.3,"1,391.3",3.5,"1,630.4",2.8,"1,295.9",3.6,"1,663.8",5.3,"1,712.3",3.3,"1,504.7",0.9
Mean weekly earnings,Persons,Full-time,Total,Aug-17,"1,584.0",1.5,"1,524.2",1.4,"1,517.3",1.8,"1,378.7",2.4,"1,679.3",2.1,"1,381.6",4.2,"1,602.1",3.2,"1,722.7",3.1,"1,551.6",0.7
Mean weekly earnings,Persons,Full-time,Total,Aug-18,"1,660.9",2.0,"1,550.1",1.9,"1,544.2",1.8,"1,504.2",3.4,"1,759.9",2.5,"1,391.0",3.8,"1,623.2",3.7,"1,766.8",4.5,"1,606.7",1.0
Mean weekly earnings,Persons,Full-time,Total,Aug-19,"1,690.5",2.0,"1,661.2",2.2,"1,536.2",1.9,"1,484.9",2.0,"1,898.6",2.4,"1,492.2",4.3,"1,589.9",4.0,"1,815.3",3.0,"1,659.5",0.8
Mean weekly earnings,Persons,Full-time,Total,Aug-20,"1,698.7",1.7,"1,678.6",1.8,"1,578.1",2.3,"1,523.0",3.1,"1,913.5",2.3,"1,494.7",3.6,"1,655.4",3.6,"1,899.5",3.0,"1,682.3",0.8
Mean weekly earnings,Persons,Full-time,Total,Aug-21,"1,836.1",2.1,"1,727.4",2.4,"1,681.6",2.0,"1,606.0",1.9,"1,869.9",2.8,"1,565.4",4.4,"1,789.7",3.9,"1,967.8",3.6,"1,762.7",1.2
Mean weekly earnings,Persons,Full-time,Total,Aug-22,"1,840.0",2.3,"1,817.2",1.8,"1,787.6",2.4,"1,660.7",2.7,"1,981.5",2.6,"1,527.1",2.9,"1,756.5",3.7,"2,034.7",3.8,"1,825.4",1.0
Mean weekly earnings,Persons,Full-time,Total,Aug-23,"1,934.5",1.7,"1,893.0",1.6,"1,835.7",1.8,"1,722.6",2.6,"2,021.7",3.1,"1,692.1",3.1,"1,786.4",3.6,"2,048.3",3.4,"1,896.2",0.8
Mean weekly earnings,Persons,Full-time,Total,Aug-24,"2,058.8",2.1,"2,078.0",1.7,"1,990.9",2.2,"1,856.0",2.5,"2,235.7",2.1,"1,735.5",2.8,"1,936.2",3.2,"2,307.8",3.6,"2,055.9",1.2
Mean weekly earnings,Persons,Part-time,With leave entitlements,Aug-75,0.0,0.0,0.0,0.0,0.0,0.0,0.0,0.0,0.0,0.0,0.0,0.0,0.0,0.0,0.0,0.0,0.0,0.0
Mean weekly earnings,Persons,Part-time,With leave entitlements,Aug-76,0.0,0.0,0.0,0.0,0.0,0.0,0.0,0.0,0.0,0.0,0.0,0.0,0.0,0.0,0.0,0.0,0.0,0.0
Mean weekly earnings,Persons,Part-time,With leave entitlements,Aug-77,0.0,0.0,0.0,0.0,0.0,0.0,0.0,0.0,0.0,0.0,0.0,0.0,0.0,0.0,0.0,0.0,0.0,0.0
Mean weekly earnings,Persons,Part-time,With leave entitlements,Aug-78,0.0,0.0,0.0,0.0,0.0,0.0,0.0,0.0,0.0,0.0,0.0,0.0,0.0,0.0,0.0,0.0,0.0,0.0
Mean weekly earnings,Persons,Part-time,With leave entitlements,Aug-79,0.0,0.0,0.0,0.0,0.0,0.0,0.0,0.0,0.0,0.0,0.0,0.0,0.0,0.0,0.0,0.0,0.0,0.0
Mean weekly earnings,Persons,Part-time,With leave entitlements,Aug-80,0.0,0.0,0.0,0.0,0.0,0.0,0.0,0.0,0.0,0.0,0.0,0.0,0.0,0.0,0.0,0.0,0.0,0.0
Mean weekly earnings,Persons,Part-time,With leave entitlements,Aug-81,0.0,0.0,0.0,0.0,0.0,0.0,0.0,0.0,0.0,0.0,0.0,0.0,0.0,0.0,0.0,0.0,0.0,0.0
Mean weekly earnings,Persons,Part-time,With leave entitlements,Aug-82,0.0,0.0,0.0,0.0,0.0,0.0,0.0,0.0,0.0,0.0,0.0,0.0,0.0,0.0,0.0,0.0,0.0,0.0
Mean weekly earnings,Persons,Part-time,With leave entitlements,Aug-83,0.0,0.0,0.0,0.0,0.0,0.0,0.0,0.0,0.0,0.0,0.0,0.0,0.0,0.0,0.0,0.0,0.0,0.0
Mean weekly earnings,Persons,Part-time,With leave entitlements,Aug-84,0.0,0.0,0.0,0.0,0.0,0.0,0.0,0.0,0.0,0.0,0.0,0.0,0.0,0.0,0.0,0.0,0.0,0.0
Mean weekly earnings,Persons,Part-time,With leave entitlements,Aug-85,0.0,0.0,0.0,0.0,0.0,0.0,0.0,0.0,0.0,0.0,0.0,0.0,0.0,0.0,0.0,0.0,0.0,0.0
Mean weekly earnings,Persons,Part-time,With leave entitlements,Aug-86,0.0,0.0,0.0,0.0,0.0,0.0,0.0,0.0,0.0,0.0,0.0,0.0,0.0,0.0,0.0,0.0,0.0,0.0
Mean weekly earnings,Persons,Part-time,With leave entitlements,Aug-87,0.0,0.0,0.0,0.0,0.0,0.0,0.0,0.0,0.0,0.0,0.0,0.0,0.0,0.0,0.0,0.0,0.0,0.0
Mean weekly earnings,Persons,Part-time,With leave entitlements,Aug-88,0.0,0.0,0.0,0.0,0.0,0.0,0.0,0.0,0.0,0.0,0.0,0.0,0.0,0.0,0.0,0.0,241.0,0.0
Mean weekly earnings,Persons,Part-time,With leave entitlements,Aug-89,248.3,0.0,234.7,0.0,234.3,0.0,269.4,0.0,230.6,0.0,235.0,0.0,282.5,0.0,335.4,0.0,243.7,0.0
Mean weekly earnings,Persons,Part-time,With leave entitlements,Aug-90,258.6,0.0,254.3,0.0,226.5,0.0,279.3,0.0,230.1,0.0,232.7,0.0,308.0,0.0,337.7,0.0,252.3,0.0
Mean weekly earnings,Persons,Part-time,With leave entitlements,Jul-91,0.0,0.0,0.0,0.0,0.0,0.0,0.0,0.0,0.0,0.0,0.0,0.0,0.0,0.0,0.0,0.0,286.0,0.0
Mean weekly earnings,Persons,Part-time,With leave entitlements,Aug-92,293.6,4.6,279.3,5.1,274.5,5.4,298.9,6.2,255.2,7.1,262.3,9.0,340.6,36.5,319.5,16.9,282.3,2.7
Mean weekly earnings,Persons,Part-time,With leave entitlements,Aug-93,299.0,4.5,287.1,4.7,273.9,7.5,320.7,5.5,274.9,4.5,309.2,7.7,296.1,25.9,352.7,10.4,292.2,2.8
Mean weekly earnings,Persons,Part-time,With leave entitlements,Aug-94,302.6,5.1,292.5,5.7,290.7,9.0,311.9,8.6,267.8,6.4,289.2,9.4,310.7,24.6,361.6,10.1,295.5,3.3
Mean weekly earnings,Persons,Part-time,With leave entitlements,Aug-95,308.7,5.3,298.4,4.2,277.4,6.7,325.5,8.0,286.1,6.5,318.2,9.3,271.9,17.5,372.9,10.4,301.7,2.0
Mean weekly earnings,Persons,Part-time,With leave entitlements,Aug-96,0.0,0.0,0.0,0.0,0.0,0.0,0.0,0.0,0.0,0.0,0.0,0.0,0.0,0.0,0.0,0.0,0.0,0.0
Mean weekly earnings,Persons,Part-time,With leave entitlements,Aug-97,318.4,6.5,299.8,4.6,314.0,7.8,318.5,8.0,286.7,5.8,327.8,8.1,302.9,19.9,361.7,10.8,309.4,2.9
Mean weekly earnings,Persons,Part-time,With leave entitlements,Aug-98,314.1,5.6,307.0,5.0,327.8,6.7,333.7,7.2,299.4,7.8,362.4,8.6,381.6,17.3,393.5,7.8,316.7,2.8
Mean weekly earnings,Persons,Part-time,With leave entitlements,Aug-99,363.0,5.1,312.2,4.4,320.5,4.5,347.4,8.1,305.0,6.3,381.8,9.3,352.6,23.0,397.9,8.7,333.8,2.1
Mean weekly earnings,Persons,Part-time,With leave entitlements,Aug-00,362.3,4.9,327.1,4.6,346.2,4.4,360.2,7.3,334.4,6.9,372.5,12.3,326.4,18.6,467.4,10.6,348.3,1.9
Mean weekly earnings,Persons,Part-time,With leave entitlements,Aug-01,388.7,4.9,358.6,5.1,372.2,5.1,378.1,7.3,328.8,5.6,375.2,10.6,312.1,23.5,430.2,10.7,369.5,2.5
Mean weekly earnings,Persons,Part-time,With leave entitlements,Aug-02,413.4,5.7,381.9,4.2,376.9,4.0,410.6,6.9,370.0,6.2,390.7,10.3,401.0,32.2,512.7,9.8,393.9,3.0
Mean weekly earnings,Persons,Part-time,With leave entitlements,Aug-03,447.2,5.3,381.8,4.9,406.2,5.1,415.6,5.5,392.3,10.0,427.1,8.9,492.8,20.7,509.0,17.0,414.1,2.9
Mean weekly earnings,Persons,Part-time,With leave entitlements,Aug-04,497.6,4.4,442.2,3.4,491.0,5.2,441.3,5.1,430.3,5.3,456.5,7.4,499.1,26.0,592.6,9.4,469.6,2.1
Mean weekly earnings,Persons,Part-time,With leave entitlements,Aug-05,505.0,4.2,482.3,4.5,483.9,5.6,498.0,4.0,450.1,6.5,521.4,10.5,487.8,22.0,600.3,8.2,490.8,2.5
Mean weekly earnings,Persons,Part-time,With leave entitlements,Aug-06,535.5,5.7,491.7,3.1,513.1,5.4,501.5,6.0,476.2,4.6,459.0,6.8,509.0,22.3,585.1,8.2,509.2,2.8
Mean weekly earnings,Persons,Part-time,With leave entitlements,Aug-07,547.3,4.5,512.6,4.0,551.7,4.6,525.8,6.8,528.8,3.9,520.7,6.3,701.8,19.3,651.3,9.7,536.7,2.4
Mean weekly earnings,Persons,Part-time,With leave entitlements,Aug-08,598.9,7.2,547.0,4.4,576.7,6.6,538.5,7.7,562.7,6.2,537.3,6.4,729.5,32.6,672.5,9.1,572.2,2.3
Mean weekly earnings,Persons,Part-time,With leave entitlements,Aug-09,623.2,5.2,565.6,4.9,608.5,5.6,591.3,5.7,586.5,9.6,594.1,8.4,669.7,11.7,733.8,13.1,599.8,2.9
Mean weekly earnings,Persons,Part-time,With leave entitlements,Aug-10,631.8,4.2,593.3,5.6,617.4,5.7,609.3,6.6,609.9,3.9,577.2,5.0,784.2,16.2,782.2,8.6,616.4,2.1
Mean weekly earnings,Persons,Part-time,With leave entitlements,Aug-11,631.8,4.2,618.3,4.0,634.6,5.4,671.7,5.0,609.1,6.3,608.7,7.6,684.1,13.6,768.1,9.2,631.1,2.1
Mean weekly earnings,Persons,Part-time,With leave entitlements,Aug-12,674.0,4.8,633.4,3.3,677.7,5.8,635.7,5.7,608.3,3.7,644.2,5.3,625.8,13.1,826.9,8.5,653.9,2.0
Mean weekly earnings,Persons,Part-time,With leave entitlements,Aug-13,722.3,4.1,663.5,4.2,698.5,6.0,682.7,5.8,658.7,6.4,611.7,5.9,703.6,11.4,820.3,12.8,690.2,2.1
Mean weekly earnings,Persons,Part-time,With leave entitlements,Aug-14,746.3,3.5,695.1,4.5,769.3,5.1,663.5,6.3,727.3,5.7,641.5,5.8,771.0,12.0,935.8,8.6,728.0,2.1
Mean weekly earnings,Persons,Part-time,With leave entitlements,Aug-15,769.5,4.4,705.1,3.4,788.4,4.9,736.2,5.5,733.7,5.2,682.3,5.9,822.3,14.4,824.2,9.2,746.0,1.9
Mean weekly earnings,Persons,Part-time,With leave entitlements,Aug-16,783.6,3.7,709.3,4.0,794.0,5.5,714.2,5.6,796.8,6.0,675.8,6.6,895.8,15.6,929.8,10.5,761.5,2.1
Mean weekly earnings,Persons,Part-time,With leave entitlements,Aug-17,780.0,4.7,791.1,4.3,760.3,6.1,780.7,5.0,810.6,5.8,737.9,7.4,896.9,14.4,957.4,11.1,785.2,2.1
Mean weekly earnings,Persons,Part-time,With leave entitlements,Aug-18,781.0,5.8,794.3,4.5,828.9,5.9,770.4,4.3,800.4,6.4,750.4,5.0,872.6,12.4,979.8,8.9,797.2,2.7
Mean weekly earnings,Persons,Part-time,With leave entitlements,Aug-19,871.5,4.9,822.0,4.2,813.5,4.3,831.5,5.7,850.4,6.9,810.6,6.0,850.0,12.0,979.3,10.9,841.3,2.4
Mean weekly earnings,Persons,Part-time,With leave entitlements,Aug-20,905.9,3.4,881.7,3.5,935.5,5.8,867.4,5.7,906.3,7.4,885.6,4.9,860.7,11.5,955.5,8.8,901.8,2.0
Mean weekly earnings,Persons,Part-time,With leave entitlements,Aug-21,910.7,4.8,888.1,4.1,884.9,5.2,849.9,5.1,849.6,5.3,870.4,5.3,"1,058.9",14.0,"1,079.8",11.0,889.3,2.0
Mean weekly earnings,Persons,Part-time,With leave entitlements,Aug-22,972.6,4.3,915.5,4.4,966.0,4.8,949.3,5.6,911.6,6.4,845.0,4.6,943.7,13.3,992.5,10.6,944.0,2.2
Mean weekly earnings,Persons,Part-time,With leave entitlements,Aug-23,996.3,5.1,958.5,4.5,"1,051.2",4.7,979.6,4.6,"1,016.6",6.9,937.8,6.1,"1,084.4",12.3,"1,067.2",10.3,997.2,2.4
Mean weekly earnings,Persons,Part-time,With leave entitlements,Aug-24,"1,022.6",4.7,"1,198.4",6.6,"1,065.4",4.5,928.7,5.6,"1,150.4",7.6,"1,035.0",7.5,"1,150.5",11.0,"1,227.1",9.2,"1,093.1",2.2
Mean weekly earnings,Persons,Part-time,Without leave entitlements,Aug-75,0.0,0.0,0.0,0.0,0.0,0.0,0.0,0.0,0.0,0.0,0.0,0.0,0.0,0.0,0.0,0.0,0.0,0.0
Mean weekly earnings,Persons,Part-time,Without leave entitlements,Aug-76,0.0,0.0,0.0,0.0,0.0,0.0,0.0,0.0,0.0,0.0,0.0,0.0,0.0,0.0,0.0,0.0,0.0,0.0
Mean weekly earnings,Persons,Part-time,Without leave entitlements,Aug-77,0.0,0.0,0.0,0.0,0.0,0.0,0.0,0.0,0.0,0.0,0.0,0.0,0.0,0.0,0.0,0.0,0.0,0.0
Mean weekly earnings,Persons,Part-time,Without leave entitlements,Aug-78,0.0,0.0,0.0,0.0,0.0,0.0,0.0,0.0,0.0,0.0,0.0,0.0,0.0,0.0,0.0,0.0,0.0,0.0
Mean weekly earnings,Persons,Part-time,Without leave entitlements,Aug-79,0.0,0.0,0.0,0.0,0.0,0.0,0.0,0.0,0.0,0.0,0.0,0.0,0.0,0.0,0.0,0.0,0.0,0.0
Mean weekly earnings,Persons,Part-time,Without leave entitlements,Aug-80,0.0,0.0,0.0,0.0,0.0,0.0,0.0,0.0,0.0,0.0,0.0,0.0,0.0,0.0,0.0,0.0,0.0,0.0
Mean weekly earnings,Persons,Part-time,Without leave entitlements,Aug-81,0.0,0.0,0.0,0.0,0.0,0.0,0.0,0.0,0.0,0.0,0.0,0.0,0.0,0.0,0.0,0.0,0.0,0.0
Mean weekly earnings,Persons,Part-time,Without leave entitlements,Aug-82,0.0,0.0,0.0,0.0,0.0,0.0,0.0,0.0,0.0,0.0,0.0,0.0,0.0,0.0,0.0,0.0,0.0,0.0
Mean weekly earnings,Persons,Part-time,Without leave entitlements,Aug-83,0.0,0.0,0.0,0.0,0.0,0.0,0.0,0.0,0.0,0.0,0.0,0.0,0.0,0.0,0.0,0.0,0.0,0.0
Mean weekly earnings,Persons,Part-time,Without leave entitlements,Aug-84,0.0,0.0,0.0,0.0,0.0,0.0,0.0,0.0,0.0,0.0,0.0,0.0,0.0,0.0,0.0,0.0,0.0,0.0
Mean weekly earnings,Persons,Part-time,Without leave entitlements,Aug-85,0.0,0.0,0.0,0.0,0.0,0.0,0.0,0.0,0.0,0.0,0.0,0.0,0.0,0.0,0.0,0.0,0.0,0.0
Mean weekly earnings,Persons,Part-time,Without leave entitlements,Aug-86,0.0,0.0,0.0,0.0,0.0,0.0,0.0,0.0,0.0,0.0,0.0,0.0,0.0,0.0,0.0,0.0,0.0,0.0
Mean weekly earnings,Persons,Part-time,Without leave entitlements,Aug-87,0.0,0.0,0.0,0.0,0.0,0.0,0.0,0.0,0.0,0.0,0.0,0.0,0.0,0.0,0.0,0.0,0.0,0.0
Mean weekly earnings,Persons,Part-time,Without leave entitlements,Aug-88,0.0,0.0,0.0,0.0,0.0,0.0,0.0,0.0,0.0,0.0,0.0,0.0,0.0,0.0,0.0,0.0,148.0,0.0
Mean weekly earnings,Persons,Part-time,Without leave entitlements,Aug-89,141.2,0.0,134.7,0.0,137.0,0.0,141.8,0.0,131.1,0.0,131.8,0.0,162.8,0.0,146.0,0.0,137.9,0.0
Mean weekly earnings,Persons,Part-time,Without leave entitlements,Aug-90,151.0,0.0,131.4,0.0,145.3,0.0,146.3,0.0,133.0,0.0,149.3,0.0,158.3,0.0,137.8,0.0,142.6,0.0
Mean weekly earnings,Persons,Part-time,Without leave entitlements,Jul-91,0.0,0.0,0.0,0.0,0.0,0.0,0.0,0.0,0.0,0.0,0.0,0.0,0.0,0.0,0.0,0.0,173.0,0.0
Mean weekly earnings,Persons,Part-time,Without leave entitlements,Aug-92,171.0,4.2,139.7,4.7,163.7,5.2,157.9,4.4,132.0,5.1,153.7,7.8,222.3,24.7,149.1,10.5,157.0,2.3
Mean weekly earnings,Persons,Part-time,Without leave entitlements,Aug-93,174.9,3.5,147.8,5.5,166.9,4.1,192.9,6.1,152.0,6.9,150.1,6.9,175.5,16.8,178.8,8.8,166.2,2.2
Mean weekly earnings,Persons,Part-time,Without leave entitlements,Aug-94,174.1,4.0,160.1,4.6,173.7,4.1,184.7,6.3,165.8,5.4,174.1,8.4,206.7,16.8,163.5,8.3,171.0,1.8
Mean weekly earnings,Persons,Part-time,Without leave entitlements,Aug-95,180.6,3.7,155.5,5.2,177.6,4.6,190.7,6.4,153.9,4.9,162.9,9.0,182.0,14.3,167.3,10.3,171.8,2.1
Mean weekly earnings,Persons,Part-time,Without leave entitlements,Aug-96,0.0,0.0,0.0,0.0,0.0,0.0,0.0,0.0,0.0,0.0,0.0,0.0,0.0,0.0,0.0,0.0,0.0,0.0
Mean weekly earnings,Persons,Part-time,Without leave entitlements,Aug-97,189.7,4.7,163.1,5.0,197.2,12.5,189.7,5.5,142.8,6.2,180.9,8.4,181.4,19.2,187.8,10.2,180.4,3.1
Mean weekly earnings,Persons,Part-time,Without leave entitlements,Aug-98,182.0,4.7,164.8,4.1,179.4,3.7,185.7,7.1,167.5,7.0,190.3,8.6,206.7,19.2,201.5,8.1,177.1,2.2
Mean weekly earnings,Persons,Part-time,Without leave entitlements,Aug-99,200.5,3.9,175.7,5.5,193.1,4.4,196.7,4.3,173.0,4.4,200.4,7.5,215.6,16.6,197.5,8.5,190.0,1.9
Mean weekly earnings,Persons,Part-time,Without leave entitlements,Aug-00,199.7,3.1,183.1,5.1,200.6,4.5,198.6,5.2,161.8,4.2,179.7,7.8,253.0,14.5,203.0,6.4,191.6,1.8
Mean weekly earnings,Persons,Part-time,Without leave entitlements,Aug-01,218.3,4.8,192.7,5.4,228.4,5.2,229.3,4.6,183.8,5.7,197.2,6.9,297.2,12.5,213.1,6.1,211.6,2.3
Mean weekly earnings,Persons,Part-time,Without leave entitlements,Aug-02,230.4,3.9,191.7,5.2,222.5,4.4,226.7,5.9,190.8,6.2,210.5,6.6,223.0,14.5,210.9,9.3,214.3,2.5
Mean weekly earnings,Persons,Part-time,Without leave entitlements,Aug-03,246.7,5.4,208.7,4.7,210.2,2.8,248.5,5.8,209.9,9.1,231.8,9.3,259.1,18.2,218.8,14.8,225.6,2.8
Mean weekly earnings,Persons,Part-time,Without leave entitlements,Aug-04,265.7,3.9,237.7,4.3,264.0,4.1,262.6,4.5,231.6,7.1,236.2,7.2,276.2,18.6,241.7,9.8,254.0,2.0
Mean weekly earnings,Persons,Part-time,Without leave entitlements,Aug-05,269.4,3.4,247.8,4.9,264.7,5.6,264.2,4.2,256.1,5.5,242.5,6.2,271.5,17.2,260.9,9.8,260.5,2.3
Mean weekly earnings,Persons,Part-time,Without leave entitlements,Aug-06,278.8,4.9,264.6,6.0,272.0,4.5,282.6,5.5,252.3,5.8,263.4,8.9,293.8,17.3,287.4,8.5,271.5,2.6
Mean weekly earnings,Persons,Part-time,Without leave entitlements,Aug-07,304.8,4.7,295.8,8.1,291.0,4.3,283.8,4.4,286.6,5.7,284.0,7.4,311.1,16.8,293.8,11.4,295.4,3.1
Mean weekly earnings,Persons,Part-time,Without leave entitlements,Aug-08,308.1,5.6,269.8,5.6,341.8,7.6,298.4,5.9,290.9,8.9,275.6,7.6,288.0,16.4,286.9,12.3,301.9,3.0
Mean weekly earnings,Persons,Part-time,Without leave entitlements,Aug-09,321.5,5.6,262.1,3.1,337.3,3.9,323.2,5.7,310.3,5.8,324.3,5.8,380.1,13.7,372.5,13.8,310.8,2.1
Mean weekly earnings,Persons,Part-time,Without leave entitlements,Aug-10,334.1,4.0,310.9,4.8,345.2,5.7,335.1,6.6,301.5,6.3,295.4,5.2,397.2,13.5,337.4,10.8,327.0,2.7
Mean weekly earnings,Persons,Part-time,Without leave entitlements,Aug-11,339.8,3.9,309.2,5.2,349.2,3.8,342.5,5.2,343.6,7.5,307.8,7.5,375.0,10.0,350.5,10.0,334.9,2.3
Mean weekly earnings,Persons,Part-time,Without leave entitlements,Aug-12,340.0,4.8,336.7,4.5,350.4,4.5,345.8,5.9,366.4,6.0,346.5,10.3,396.8,12.1,404.5,13.9,346.2,2.6
Mean weekly earnings,Persons,Part-time,Without leave entitlements,Aug-13,348.4,4.6,339.9,4.6,375.6,4.6,372.1,5.6,382.7,9.2,350.5,6.2,379.1,11.8,429.6,13.8,358.7,2.1
Mean weekly earnings,Persons,Part-time,Without leave entitlements,Aug-14,364.4,4.4,343.3,6.0,380.3,4.9,404.3,6.8,405.0,5.4,374.8,7.3,378.6,14.8,431.1,11.4,371.4,2.5
Mean weekly earnings,Persons,Part-time,Without leave entitlements,Aug-15,397.3,5.2,367.7,5.1,405.9,5.1,420.1,7.7,400.9,6.8,335.9,6.9,427.8,11.4,396.0,14.6,392.3,2.8
Mean weekly earnings,Persons,Part-time,Without leave entitlements,Aug-16,437.1,4.9,359.2,5.0,415.3,5.5,416.7,6.2,381.1,7.0,408.1,8.3,420.0,16.3,455.0,11.6,404.2,2.6
Mean weekly earnings,Persons,Part-time,Without leave entitlements,Aug-17,430.6,4.6,398.3,4.2,425.6,5.8,434.3,6.4,412.2,4.6,379.9,6.5,424.6,9.0,365.9,7.8,417.5,2.2
Mean weekly earnings,Persons,Part-time,Without leave entitlements,Aug-18,474.3,5.6,409.8,6.0,432.0,4.5,431.4,5.9,418.2,8.1,435.6,6.1,479.0,13.8,425.1,8.5,439.5,2.7
Mean weekly earnings,Persons,Part-time,Without leave entitlements,Aug-19,490.7,6.7,425.5,4.2,465.1,4.8,431.1,6.6,584.2,8.5,449.4,7.2,480.5,12.4,441.9,9.8,471.4,3.0
Mean weekly earnings,Persons,Part-time,Without leave entitlements,Aug-20,500.0,4.1,518.6,5.3,502.7,6.0,514.4,6.8,540.0,5.8,513.9,6.7,569.3,14.4,465.6,11.5,511.0,2.5
Mean weekly earnings,Persons,Part-time,Without leave entitlements,Aug-21,519.8,5.0,420.4,3.5,498.8,6.0,494.3,6.1,491.7,7.5,458.6,8.8,506.1,11.6,692.0,18.6,485.8,2.7
Mean weekly earnings,Persons,Part-time,Without leave entitlements,Aug-22,515.7,4.3,537.1,4.5,488.9,6.1,463.9,5.7,503.9,5.2,472.7,8.1,561.8,10.6,628.4,12.0,511.3,2.2
Mean weekly earnings,Persons,Part-time,Without leave entitlements,Aug-23,546.8,4.9,529.6,4.6,564.9,5.5,543.7,6.6,566.2,6.7,527.5,8.6,568.0,13.8,458.9,16.5,546.5,2.4
Mean weekly earnings,Persons,Part-time,Without leave entitlements,Aug-24,573.9,4.8,533.8,5.0,591.5,6.1,590.6,5.9,595.8,5.5,520.5,6.2,665.2,17.4,540.2,13.0,570.3,2.4
Mean weekly earnings,Persons,Part-time,Total,Aug-75,64.0,0.0,64.0,0.0,58.0,0.0,57.0,0.0,59.0,0.0,55.0,0.0,60.0,0.0,74.0,0.0,62.0,0.0
Mean weekly earnings,Persons,Part-time,Total,Aug-76,75.0,0.0,71.0,0.0,72.0,0.0,65.0,0.0,66.0,0.0,68.0,0.0,74.0,0.0,71.0,0.0,72.0,0.0
Mean weekly earnings,Persons,Part-time,Total,Aug-77,82.0,0.0,77.0,0.0,71.0,0.0,72.0,0.0,70.0,0.0,69.0,0.0,117.0,0.0,90.0,0.0,77.0,0.0
Mean weekly earnings,Persons,Part-time,Total,Aug-78,97.0,0.0,84.0,0.0,82.0,0.0,81.0,0.0,74.0,0.0,79.0,0.0,103.0,0.0,98.0,0.0,87.0,0.0
Mean weekly earnings,Persons,Part-time,Total,Aug-79,98.0,0.0,90.0,0.0,86.0,0.0,83.0,0.0,86.0,0.0,84.0,0.0,105.0,0.0,115.0,0.0,91.0,0.0
Mean weekly earnings,Persons,Part-time,Total,Aug-80,102.0,0.0,97.0,0.0,93.0,0.0,89.0,0.0,94.0,0.0,93.0,0.0,138.0,0.0,106.0,0.0,97.0,0.0
Mean weekly earnings,Persons,Part-time,Total,Aug-81,117.0,0.0,104.0,0.0,105.0,0.0,100.0,0.0,101.0,0.0,100.0,0.0,143.0,0.0,119.0,0.0,108.0,0.0
Mean weekly earnings,Persons,Part-time,Total,Aug-82,134.0,0.0,122.0,0.0,117.0,0.0,112.0,0.0,118.0,0.0,114.0,0.0,148.0,0.0,145.0,0.0,125.0,0.0
Mean weekly earnings,Persons,Part-time,Total,Aug-83,142.0,0.0,128.0,0.0,131.0,0.0,134.0,0.0,116.0,0.0,127.0,0.0,150.0,0.0,151.0,0.0,133.0,0.0
Mean weekly earnings,Persons,Part-time,Total,Aug-84,156.0,0.0,138.0,0.0,132.0,0.0,132.0,0.0,128.0,0.0,125.0,0.0,151.0,0.0,169.0,0.0,142.0,0.0
Mean weekly earnings,Persons,Part-time,Total,Aug-85,168.0,0.0,154.0,0.0,137.0,0.0,144.0,0.0,138.0,0.0,144.0,0.0,172.0,0.0,153.0,0.0,153.0,0.0
Mean weekly earnings,Persons,Part-time,Total,Aug-86,167.0,0.0,160.0,0.0,138.0,0.0,154.0,0.0,147.0,0.0,149.0,0.0,187.0,0.0,165.0,0.0,157.0,0.0
Mean weekly earnings,Persons,Part-time,Total,Aug-87,178.0,0.0,167.0,0.0,157.0,0.0,168.0,0.0,152.0,0.0,150.0,0.0,155.0,0.0,188.0,0.0,168.0,0.0
Mean weekly earnings,Persons,Part-time,Total,Aug-88,186.0,0.0,194.0,0.0,160.0,0.0,181.0,0.0,170.0,0.0,152.0,0.0,232.0,0.0,185.0,0.0,177.0,0.0
Mean weekly earnings,Persons,Part-time,Total,Aug-89,174.1,0.0,170.1,0.0,154.4,0.0,175.2,0.0,163.8,0.0,159.5,0.0,183.9,0.0,191.0,0.0,169.0,0.0
Mean weekly earnings,Persons,Part-time,Total,Aug-90,183.5,0.0,175.0,0.0,161.2,0.0,181.3,0.0,169.4,0.0,174.4,0.0,193.1,0.0,176.5,0.0,175.4,0.0
Mean weekly earnings,Persons,Part-time,Total,Jul-91,222.0,0.0,209.0,0.0,190.0,0.0,214.0,0.0,194.0,0.0,218.0,0.0,214.0,0.0,208.0,0.0,209.0,0.0
Mean weekly earnings,Persons,Part-time,Total,Aug-92,209.1,2.6,194.9,3.1,185.1,3.9,198.7,3.1,183.2,4.3,182.7,5.6,241.5,20.6,194.2,8.4,196.8,1.4
Mean weekly earnings,Persons,Part-time,Total,Aug-93,213.6,2.8,204.8,3.1,188.1,3.7,229.6,4.1,204.2,3.6,198.3,5.1,199.0,14.8,230.0,5.4,207.2,1.5
Mean weekly earnings,Persons,Part-time,Total,Aug-94,216.3,2.9,212.4,3.3,198.3,3.9,221.4,5.2,204.7,4.4,206.2,6.7,233.0,16.6,224.7,6.4,211.4,1.7
Mean weekly earnings,Persons,Part-time,Total,Aug-95,220.8,3.4,215.8,2.7,201.0,3.3,234.9,3.9,205.2,4.1,217.8,5.7,205.0,11.2,235.4,7.0,215.7,1.4
Mean weekly earnings,Persons,Part-time,Total,Aug-96,0.0,0.0,0.0,0.0,0.0,0.0,0.0,0.0,0.0,0.0,0.0,0.0,0.0,0.0,0.0,0.0,0.0,0.0
Mean weekly earnings,Persons,Part-time,Total,Aug-97,233.3,4.3,221.3,2.7,224.5,8.6,231.8,5.1,198.1,5.0,228.6,4.5,217.2,13.9,246.0,7.0,224.9,2.2
Mean weekly earnings,Persons,Part-time,Total,Aug-98,225.9,3.6,222.7,3.0,220.3,3.2,232.4,4.7,218.1,6.1,240.7,6.3,254.6,15.0,265.0,6.4,225.1,1.7
Mean weekly earnings,Persons,Part-time,Total,Aug-99,255.0,3.5,231.6,3.1,228.2,3.4,247.8,4.8,227.3,3.8,266.0,5.5,263.9,16.5,260.6,5.8,240.7,1.4
Mean weekly earnings,Persons,Part-time,Total,Aug-00,259.4,2.9,241.8,3.1,240.6,3.4,251.3,4.0,227.8,4.2,248.4,8.6,274.3,12.1,301.0,6.1,247.7,1.3
Mean weekly earnings,Persons,Part-time,Total,Aug-01,278.4,3.9,260.4,3.5,272.4,3.5,275.4,4.1,241.6,3.7,257.3,5.8,302.0,10.9,294.6,6.0,268.4,1.8
Mean weekly earnings,Persons,Part-time,Total,Aug-02,296.0,2.9,270.1,2.7,271.2,3.1,289.7,4.7,269.1,4.5,277.2,5.7,290.2,20.7,315.6,6.9,281.0,1.6
Mean weekly earnings,Persons,Part-time,Total,Aug-03,327.5,4.2,289.5,3.3,273.2,2.2,309.1,4.2,286.2,8.3,300.1,7.3,356.6,15.6,349.0,15.5,301.4,2.0
Mean weekly earnings,Persons,Part-time,Total,Aug-04,356.3,3.0,328.0,2.4,340.4,3.0,327.5,3.0,316.8,4.2,324.1,5.3,354.6,16.3,388.1,6.5,339.3,1.2
Mean weekly earnings,Persons,Part-time,Total,Aug-05,370.8,2.7,351.4,3.4,348.3,3.4,356.0,3.0,343.1,4.3,348.0,5.6,348.8,14.4,402.6,5.4,357.4,1.5
Mean weekly earnings,Persons,Part-time,Total,Aug-06,391.5,4.0,375.6,2.8,362.5,3.7,368.0,3.9,351.3,3.3,347.1,5.8,363.2,13.0,425.2,5.7,374.9,1.7
Mean weekly earnings,Persons,Part-time,Total,Aug-07,411.5,2.5,393.5,3.4,389.5,2.8,386.2,3.1,401.6,2.9,387.2,4.2,487.5,12.3,442.1,6.8,399.9,1.3
Mean weekly earnings,Persons,Part-time,Total,Aug-08,433.8,4.7,396.0,2.7,423.6,4.7,392.9,4.5,414.0,5.3,396.0,4.7,436.5,19.7,448.4,7.1,415.8,1.6
Mean weekly earnings,Persons,Part-time,Total,Aug-09,450.5,3.5,399.7,3.5,441.6,3.6,418.8,3.6,434.3,6.1,450.5,5.1,497.7,8.9,520.5,10.3,433.0,1.7
Mean weekly earnings,Persons,Part-time,Total,Aug-10,464.2,3.3,444.6,3.8,460.6,3.5,448.5,4.1,449.2,3.1,436.3,4.1,552.8,12.0,547.9,6.9,456.9,1.6
Mean weekly earnings,Persons,Part-time,Total,Aug-11,469.0,2.9,464.7,3.0,465.5,3.4,484.1,3.3,473.7,4.9,450.1,5.6,494.6,7.2,558.5,7.1,470.1,1.5
Mean weekly earnings,Persons,Part-time,Total,Aug-12,487.3,3.0,488.2,2.6,484.7,3.9,479.1,4.0,486.9,2.9,501.6,4.7,478.0,6.6,605.5,7.0,488.6,1.5
Mean weekly earnings,Persons,Part-time,Total,Aug-13,516.8,2.6,500.6,2.6,512.9,3.9,510.1,3.7,521.3,5.6,476.9,4.3,528.4,9.1,616.5,8.0,512.5,1.4
Mean weekly earnings,Persons,Part-time,Total,Aug-14,545.5,3.0,522.7,3.3,548.6,3.8,521.6,5.1,561.8,4.4,507.2,3.1,567.3,9.8,651.7,5.1,540.9,1.5
Mean weekly earnings,Persons,Part-time,Total,Aug-15,563.5,3.2,537.9,2.6,569.5,4.0,569.3,3.9,561.1,3.3,512.9,4.3,586.0,10.2,614.3,6.8,557.5,1.6
Mean weekly earnings,Persons,Part-time,Total,Aug-16,600.4,3.1,528.0,3.2,581.9,3.9,551.6,4.1,580.1,4.3,534.8,5.0,638.6,12.9,678.6,8.4,571.4,1.8
Mean weekly earnings,Persons,Part-time,Total,Aug-17,592.6,3.0,597.1,3.2,567.1,3.8,598.0,3.6,599.9,4.5,573.1,5.5,617.8,9.0,648.3,7.6,590.4,1.5
Mean weekly earnings,Persons,Part-time,Total,Aug-18,611.4,3.6,615.8,3.2,596.2,4.0,592.9,2.8,609.9,4.3,603.1,4.1,614.6,10.1,673.5,6.3,608.9,1.7
Mean weekly earnings,Persons,Part-time,Total,Aug-19,666.3,4.1,628.4,2.8,630.8,2.8,622.2,4.9,722.4,6.4,625.3,4.5,640.8,8.3,710.5,7.3,651.3,2.0
Mean weekly earnings,Persons,Part-time,Total,Aug-20,711.2,2.6,730.1,2.7,713.1,4.0,691.3,3.8,729.5,4.9,696.7,3.7,689.9,8.1,727.5,6.3,716.9,1.6
Mean weekly earnings,Persons,Part-time,Total,Aug-21,717.5,3.5,680.7,3.0,687.7,2.8,670.6,3.1,686.2,4.0,661.2,3.5,723.6,7.5,893.2,8.7,695.2,1.5
Mean weekly earnings,Persons,Part-time,Total,Aug-22,736.7,3.0,727.6,3.3,713.0,3.1,705.8,3.7,702.2,4.0,680.2,3.7,747.5,8.1,810.8,8.5,723.1,1.7
Mean weekly earnings,Persons,Part-time,Total,Aug-23,749.6,3.2,752.5,3.2,800.8,2.9,756.8,3.7,783.4,5.4,767.9,4.6,790.3,7.5,773.9,6.6,765.9,1.4
Mean weekly earnings,Persons,Part-time,Total,Aug-24,787.9,3.1,898.6,4.9,821.0,3.6,772.4,4.2,894.0,5.4,837.2,5.6,902.1,7.3,931.1,5.6,838.7,1.5
Mean weekly earnings,Persons,Total,With leave entitlements,Aug-75,0.0,0.0,0.0,0.0,0.0,0.0,0.0,0.0,0.0,0.0,0.0,0.0,0.0,0.0,0.0,0.0,0.0,0.0
Mean weekly earnings,Persons,Total,With leave entitlements,Aug-76,0.0,0.0,0.0,0.0,0.0,0.0,0.0,0.0,0.0,0.0,0.0,0.0,0.0,0.0,0.0,0.0,0.0,0.0
Mean weekly earnings,Persons,Total,With leave entitlements,Aug-77,0.0,0.0,0.0,0.0,0.0,0.0,0.0,0.0,0.0,0.0,0.0,0.0,0.0,0.0,0.0,0.0,0.0,0.0
Mean weekly earnings,Persons,Total,With leave entitlements,Aug-78,0.0,0.0,0.0,0.0,0.0,0.0,0.0,0.0,0.0,0.0,0.0,0.0,0.0,0.0,0.0,0.0,0.0,0.0
Mean weekly earnings,Persons,Total,With leave entitlements,Aug-79,0.0,0.0,0.0,0.0,0.0,0.0,0.0,0.0,0.0,0.0,0.0,0.0,0.0,0.0,0.0,0.0,0.0,0.0
Mean weekly earnings,Persons,Total,With leave entitlements,Aug-80,0.0,0.0,0.0,0.0,0.0,0.0,0.0,0.0,0.0,0.0,0.0,0.0,0.0,0.0,0.0,0.0,0.0,0.0
Mean weekly earnings,Persons,Total,With leave entitlements,Aug-81,0.0,0.0,0.0,0.0,0.0,0.0,0.0,0.0,0.0,0.0,0.0,0.0,0.0,0.0,0.0,0.0,0.0,0.0
Mean weekly earnings,Persons,Total,With leave entitlements,Aug-82,0.0,0.0,0.0,0.0,0.0,0.0,0.0,0.0,0.0,0.0,0.0,0.0,0.0,0.0,0.0,0.0,0.0,0.0
Mean weekly earnings,Persons,Total,With leave entitlements,Aug-83,0.0,0.0,0.0,0.0,0.0,0.0,0.0,0.0,0.0,0.0,0.0,0.0,0.0,0.0,0.0,0.0,0.0,0.0
Mean weekly earnings,Persons,Total,With leave entitlements,Aug-84,0.0,0.0,0.0,0.0,0.0,0.0,0.0,0.0,0.0,0.0,0.0,0.0,0.0,0.0,0.0,0.0,0.0,0.0
Mean weekly earnings,Persons,Total,With leave entitlements,Aug-85,0.0,0.0,0.0,0.0,0.0,0.0,0.0,0.0,0.0,0.0,0.0,0.0,0.0,0.0,0.0,0.0,0.0,0.0
Mean weekly earnings,Persons,Total,With leave entitlements,Aug-86,0.0,0.0,0.0,0.0,0.0,0.0,0.0,0.0,0.0,0.0,0.0,0.0,0.0,0.0,0.0,0.0,0.0,0.0
Mean weekly earnings,Persons,Total,With leave entitlements,Aug-87,0.0,0.0,0.0,0.0,0.0,0.0,0.0,0.0,0.0,0.0,0.0,0.0,0.0,0.0,0.0,0.0,0.0,0.0
Mean weekly earnings,Persons,Total,With leave entitlements,Aug-88,0.0,0.0,0.0,0.0,0.0,0.0,0.0,0.0,0.0,0.0,0.0,0.0,0.0,0.0,0.0,0.0,431.0,0.0
Mean weekly earnings,Persons,Total,With leave entitlements,Aug-89,471.0,0.0,454.3,0.0,455.8,0.0,451.7,0.0,475.6,0.0,441.5,0.0,527.2,0.0,546.4,0.0,464.3,0.0
Mean weekly earnings,Persons,Total,With leave entitlements,Aug-90,498.4,0.0,484.4,0.0,472.2,0.0,482.4,0.0,482.7,0.0,462.0,0.0,573.1,0.0,576.8,0.0,489.3,0.0
Mean weekly earnings,Persons,Total,With leave entitlements,Jul-91,0.0,0.0,0.0,0.0,0.0,0.0,0.0,0.0,0.0,0.0,0.0,0.0,0.0,0.0,0.0,0.0,516.0,0.0
Mean weekly earnings,Persons,Total,With leave entitlements,Aug-92,542.9,1.4,525.4,1.6,524.9,1.6,510.6,1.8,536.7,2.0,504.5,2.8,591.6,12.0,640.8,3.5,534.0,0.8
Mean weekly earnings,Persons,Total,With leave entitlements,Aug-93,582.1,1.6,551.4,1.6,541.5,1.8,541.7,2.2,564.6,2.1,519.1,2.3,616.2,9.0,670.3,2.3,563.3,0.9
Mean weekly earnings,Persons,Total,With leave entitlements,Aug-94,592.1,1.9,588.9,2.1,563.3,1.8,559.4,2.7,598.0,3.4,532.1,3.2,645.2,8.9,663.8,2.6,585.3,1.1
Mean weekly earnings,Persons,Total,With leave entitlements,Aug-95,626.9,1.5,582.1,1.4,574.4,2.0,568.1,2.2,588.2,1.9,566.7,3.2,603.2,6.2,695.0,2.8,598.2,0.8
Mean weekly earnings,Persons,Total,With leave entitlements,Aug-96,0.0,0.0,0.0,0.0,0.0,0.0,0.0,0.0,0.0,0.0,0.0,0.0,0.0,0.0,0.0,0.0,0.0,0.0
Mean weekly earnings,Persons,Total,With leave entitlements,Aug-97,643.1,2.1,601.5,2.0,619.3,2.4,600.9,3.7,637.1,2.8,558.6,3.2,664.5,10.4,734.1,2.9,625.0,1.0
Mean weekly earnings,Persons,Total,With leave entitlements,Aug-98,661.4,1.6,614.8,2.0,620.2,1.8,590.2,3.1,622.0,3.0,564.0,4.2,693.8,11.1,745.6,2.6,633.3,1.0
Mean weekly earnings,Persons,Total,With leave entitlements,Aug-99,715.8,1.6,623.7,1.6,634.3,2.1,621.3,2.6,668.2,2.8,599.2,3.7,706.7,9.8,790.3,3.5,665.5,0.8
Mean weekly earnings,Persons,Total,With leave entitlements,Aug-00,727.9,2.0,681.7,1.8,667.0,1.9,667.2,2.6,692.6,2.5,615.3,2.9,748.0,11.6,842.9,2.8,698.2,0.9
Mean weekly earnings,Persons,Total,With leave entitlements,Aug-01,787.3,1.4,711.2,1.9,715.6,2.6,713.1,2.8,709.4,2.2,659.4,5.0,772.1,10.4,847.8,2.3,741.0,0.9
Mean weekly earnings,Persons,Total,With leave entitlements,Aug-02,792.7,1.6,725.5,1.8,729.9,2.8,739.0,3.2,756.3,2.5,680.3,4.9,783.5,8.0,905.1,3.2,757.0,1.0
Mean weekly earnings,Persons,Total,With leave entitlements,Aug-03,828.3,4.8,737.0,7.1,742.1,3.0,732.4,5.2,783.0,7.5,727.4,6.0,787.7,8.3,903.7,5.0,777.2,5.0
Mean weekly earnings,Persons,Total,With leave entitlements,Aug-04,920.1,1.9,844.6,1.7,828.6,2.0,805.5,3.0,839.3,2.1,774.8,3.8,933.7,10.2,989.5,2.0,865.9,0.9
Mean weekly earnings,Persons,Total,With leave entitlements,Aug-05,947.7,2.4,899.2,1.6,863.2,2.1,865.6,3.3,908.5,2.1,806.3,3.3,939.5,9.3,"1,019.3",2.5,907.6,1.1
Mean weekly earnings,Persons,Total,With leave entitlements,Aug-06,997.6,1.4,928.3,1.3,916.7,1.5,895.5,2.6,962.2,2.4,841.2,3.7,"1,037.2",9.2,"1,082.6",2.4,952.5,0.8
Mean weekly earnings,Persons,Total,With leave entitlements,Aug-07,"1,086.2",3.0,995.8,1.8,978.7,2.0,957.6,3.2,"1,045.5",2.1,892.3,3.3,"1,042.3",9.5,"1,249.7",2.6,"1,027.8",1.5
Mean weekly earnings,Persons,Total,With leave entitlements,Aug-08,"1,113.2",2.0,"1,032.6",1.9,"1,042.9",2.5,957.6,2.8,"1,129.0",2.6,914.8,3.3,"1,207.3",7.9,"1,261.4",3.5,"1,070.2",1.0
Mean weekly earnings,Persons,Total,With leave entitlements,Aug-09,"1,154.1",2.9,"1,059.8",2.2,"1,092.6",2.2,"1,033.8",2.5,"1,154.3",2.8,973.8,4.5,"1,265.6",7.5,"1,302.9",2.4,"1,110.7",1.1
Mean weekly earnings,Persons,Total,With leave entitlements,Aug-10,"1,203.1",1.6,"1,100.8",2.3,"1,134.3",1.8,"1,055.7",2.6,"1,263.4",2.9,974.4,2.6,"1,288.7",6.1,"1,323.8",2.0,"1,158.8",1.1
Mean weekly earnings,Persons,Total,With leave entitlements,Aug-11,"1,221.2",2.0,"1,131.9",1.8,"1,177.6",2.0,"1,110.2",2.7,"1,299.6",2.6,"1,002.0",3.5,"1,263.3",5.9,"1,355.4",2.3,"1,189.8",1.0
Mean weekly earnings,Persons,Total,With leave entitlements,Aug-12,"1,256.5",1.7,"1,171.9",1.8,"1,250.2",2.2,"1,143.1",2.2,"1,411.2",2.1,"1,063.6",3.9,"1,319.8",4.6,"1,434.3",3.1,"1,244.9",1.0
Mean weekly earnings,Persons,Total,With leave entitlements,Aug-13,"1,306.1",2.1,"1,176.5",1.5,"1,277.3",2.3,"1,209.9",2.1,"1,404.1",2.1,"1,079.2",2.7,"1,450.1",4.2,"1,529.4",5.0,"1,275.7",1.0
Mean weekly earnings,Persons,Total,With leave entitlements,Aug-14,"1,368.8",2.0,"1,278.8",1.9,"1,320.0",2.0,"1,213.3",2.3,"1,511.0",2.9,"1,091.4",3.3,"1,557.2",5.1,"1,537.8",2.8,"1,342.0",1.0
Mean weekly earnings,Persons,Total,With leave entitlements,Aug-15,"1,401.4",1.8,"1,295.4",1.8,"1,323.7",1.9,"1,242.0",2.8,"1,484.3",3.0,"1,114.1",3.3,"1,499.4",5.0,"1,505.3",4.0,"1,355.0",0.8
Mean weekly earnings,Persons,Total,With leave entitlements,Aug-16,"1,415.6",1.8,"1,330.8",2.0,"1,352.7",2.5,"1,256.4",3.3,"1,474.0",2.5,"1,176.1",3.7,"1,611.3",5.7,"1,600.5",2.9,"1,378.8",0.8
Mean weekly earnings,Persons,Total,With leave entitlements,Aug-17,"1,470.0",1.6,"1,385.4",1.3,"1,394.7",1.8,"1,271.5",2.5,"1,525.1",2.0,"1,216.6",3.6,"1,551.5",3.6,"1,606.9",3.2,"1,424.3",0.7
Mean weekly earnings,Persons,Total,With leave entitlements,Aug-18,"1,526.8",2.1,"1,403.8",1.9,"1,441.4",1.8,"1,344.3",3.4,"1,557.9",2.5,"1,225.6",3.2,"1,547.9",3.3,"1,626.8",3.9,"1,465.0",1.1
Mean weekly earnings,Persons,Total,With leave entitlements,Aug-19,"1,572.7",1.8,"1,502.0",2.0,"1,395.6",1.8,"1,349.7",2.3,"1,680.2",2.8,"1,316.7",4.0,"1,530.4",3.8,"1,637.9",2.7,"1,512.8",0.9
Mean weekly earnings,Persons,Total,With leave entitlements,Aug-20,"1,566.3",1.6,"1,512.1",1.6,"1,468.1",2.4,"1,399.4",3.0,"1,698.2",2.5,"1,338.8",3.0,"1,569.4",4.0,"1,735.7",2.9,"1,535.6",0.9
Mean weekly earnings,Persons,Total,With leave entitlements,Aug-21,"1,705.8",2.1,"1,558.8",2.1,"1,547.5",2.2,"1,455.3",1.9,"1,629.2",2.5,"1,411.8",4.2,"1,736.8",4.3,"1,791.8",3.6,"1,606.0",1.1
Mean weekly earnings,Persons,Total,With leave entitlements,Aug-22,"1,722.1",2.1,"1,664.4",1.8,"1,659.8",2.2,"1,513.9",2.8,"1,771.3",2.5,"1,360.3",2.6,"1,681.5",3.6,"1,830.4",2.7,"1,680.9",0.9
Mean weekly earnings,Persons,Total,With leave entitlements,Aug-23,"1,799.5",1.6,"1,715.0",1.4,"1,700.5",2.1,"1,595.2",2.4,"1,818.6",2.7,"1,511.7",3.0,"1,710.9",4.2,"1,886.8",3.2,"1,741.3",0.8
Mean weekly earnings,Persons,Total,With leave entitlements,Aug-24,"1,895.8",2.0,"1,894.1",2.0,"1,826.3",2.0,"1,637.8",2.6,"1,986.9",2.3,"1,554.0",2.5,"1,856.9",3.2,"2,125.9",3.6,"1,873.2",1.2
Mean weekly earnings,Persons,Total,Without leave entitlements,Aug-75,0.0,0.0,0.0,0.0,0.0,0.0,0.0,0.0,0.0,0.0,0.0,0.0,0.0,0.0,0.0,0.0,0.0,0.0
Mean weekly earnings,Persons,Total,Without leave entitlements,Aug-76,0.0,0.0,0.0,0.0,0.0,0.0,0.0,0.0,0.0,0.0,0.0,0.0,0.0,0.0,0.0,0.0,0.0,0.0
Mean weekly earnings,Persons,Total,Without leave entitlements,Aug-77,0.0,0.0,0.0,0.0,0.0,0.0,0.0,0.0,0.0,0.0,0.0,0.0,0.0,0.0,0.0,0.0,0.0,0.0
Mean weekly earnings,Persons,Total,Without leave entitlements,Aug-78,0.0,0.0,0.0,0.0,0.0,0.0,0.0,0.0,0.0,0.0,0.0,0.0,0.0,0.0,0.0,0.0,0.0,0.0
Mean weekly earnings,Persons,Total,Without leave entitlements,Aug-79,0.0,0.0,0.0,0.0,0.0,0.0,0.0,0.0,0.0,0.0,0.0,0.0,0.0,0.0,0.0,0.0,0.0,0.0
Mean weekly earnings,Persons,Total,Without leave entitlements,Aug-80,0.0,0.0,0.0,0.0,0.0,0.0,0.0,0.0,0.0,0.0,0.0,0.0,0.0,0.0,0.0,0.0,0.0,0.0
Mean weekly earnings,Persons,Total,Without leave entitlements,Aug-81,0.0,0.0,0.0,0.0,0.0,0.0,0.0,0.0,0.0,0.0,0.0,0.0,0.0,0.0,0.0,0.0,0.0,0.0
Mean weekly earnings,Persons,Total,Without leave entitlements,Aug-82,0.0,0.0,0.0,0.0,0.0,0.0,0.0,0.0,0.0,0.0,0.0,0.0,0.0,0.0,0.0,0.0,0.0,0.0
Mean weekly earnings,Persons,Total,Without leave entitlements,Aug-83,0.0,0.0,0.0,0.0,0.0,0.0,0.0,0.0,0.0,0.0,0.0,0.0,0.0,0.0,0.0,0.0,0.0,0.0
Mean weekly earnings,Persons,Total,Without leave entitlements,Aug-84,0.0,0.0,0.0,0.0,0.0,0.0,0.0,0.0,0.0,0.0,0.0,0.0,0.0,0.0,0.0,0.0,0.0,0.0
Mean weekly earnings,Persons,Total,Without leave entitlements,Aug-85,0.0,0.0,0.0,0.0,0.0,0.0,0.0,0.0,0.0,0.0,0.0,0.0,0.0,0.0,0.0,0.0,0.0,0.0
Mean weekly earnings,Persons,Total,Without leave entitlements,Aug-86,0.0,0.0,0.0,0.0,0.0,0.0,0.0,0.0,0.0,0.0,0.0,0.0,0.0,0.0,0.0,0.0,0.0,0.0
Mean weekly earnings,Persons,Total,Without leave entitlements,Aug-87,0.0,0.0,0.0,0.0,0.0,0.0,0.0,0.0,0.0,0.0,0.0,0.0,0.0,0.0,0.0,0.0,0.0,0.0
Mean weekly earnings,Persons,Total,Without leave entitlements,Aug-88,0.0,0.0,0.0,0.0,0.0,0.0,0.0,0.0,0.0,0.0,0.0,0.0,0.0,0.0,0.0,0.0,223.0,0.0
Mean weekly earnings,Persons,Total,Without leave entitlements,Aug-89,212.4,0.0,189.7,0.0,222.1,0.0,200.9,0.0,218.2,0.0,191.8,0.0,375.0,0.0,190.7,0.0,209.0,0.0
Mean weekly earnings,Persons,Total,Without leave entitlements,Aug-90,220.7,0.0,191.0,0.0,218.4,0.0,221.1,0.0,214.4,0.0,225.6,0.0,217.4,0.0,229.7,0.0,213.0,0.0
Mean weekly earnings,Persons,Total,Without leave entitlements,Jul-91,0.0,0.0,0.0,0.0,0.0,0.0,0.0,0.0,0.0,0.0,0.0,0.0,0.0,0.0,0.0,0.0,247.0,0.0
Mean weekly earnings,Persons,Total,Without leave entitlements,Aug-92,243.2,3.4,208.4,4.4,237.7,3.4,231.7,4.8,220.9,5.4,216.8,6.5,284.4,19.2,202.4,9.7,230.0,1.5
Mean weekly earnings,Persons,Total,Without leave entitlements,Aug-93,278.7,3.5,230.5,3.9,252.0,3.8,259.4,5.5,246.0,6.3,216.3,8.5,332.3,15.8,238.3,6.3,256.1,1.9
Mean weekly earnings,Persons,Total,Without leave entitlements,Aug-94,267.5,3.6,254.7,5.6,269.1,3.4,273.8,5.2,295.5,5.5,230.0,6.5,362.4,14.4,244.7,7.9,267.6,2.0
Mean weekly earnings,Persons,Total,Without leave entitlements,Aug-95,279.0,4.3,261.9,3.6,285.1,4.5,292.0,5.1,285.8,6.4,264.2,11.1,338.0,18.2,246.6,7.9,277.9,2.2
Mean weekly earnings,Persons,Total,Without leave entitlements,Aug-96,0.0,0.0,0.0,0.0,0.0,0.0,0.0,0.0,0.0,0.0,0.0,0.0,0.0,0.0,0.0,0.0,0.0,0.0
Mean weekly earnings,Persons,Total,Without leave entitlements,Aug-97,298.8,4.9,268.2,3.6,307.0,7.5,291.8,4.8,288.9,5.6,277.6,9.3,355.0,11.9,288.3,9.2,291.9,2.8
Mean weekly earnings,Persons,Total,Without leave entitlements,Aug-98,315.3,4.3,273.5,5.9,296.2,3.7,295.9,4.6,306.7,5.4,269.1,7.3,410.6,15.2,305.3,7.6,298.5,2.4
Mean weekly earnings,Persons,Total,Without leave entitlements,Aug-99,347.4,3.6,285.5,4.6,317.7,4.3,324.2,4.2,301.5,4.2,287.8,6.8,401.2,11.2,304.3,7.9,318.6,1.9
Mean weekly earnings,Persons,Total,Without leave entitlements,Aug-00,344.3,3.7,303.9,5.3,328.7,4.5,326.6,4.1,327.3,5.9,269.0,6.8,411.1,16.0,395.9,8.2,327.9,2.5
Mean weekly earnings,Persons,Total,Without leave entitlements,Aug-01,343.6,4.5,313.6,5.4,368.9,4.0,338.1,4.8,358.1,4.3,290.6,7.2,440.9,13.9,411.0,12.6,343.9,2.3
Mean weekly earnings,Persons,Total,Without leave entitlements,Aug-02,359.3,3.7,307.8,4.4,361.2,3.1,346.0,4.1,369.6,4.8,305.1,7.2,422.6,19.6,344.8,9.0,346.6,1.9
Mean weekly earnings,Persons,Total,Without leave entitlements,Aug-03,381.7,4.5,300.3,5.9,338.6,3.2,375.2,5.4,399.2,5.8,344.1,8.7,447.7,15.4,458.5,8.9,356.1,3.0
Mean weekly earnings,Persons,Total,Without leave entitlements,Aug-04,417.8,4.7,385.9,4.1,403.6,4.4,397.2,4.2,410.9,6.2,332.1,4.9,525.8,19.7,412.7,7.2,403.6,1.6
Mean weekly earnings,Persons,Total,Without leave entitlements,Aug-05,414.7,4.5,399.6,5.4,420.1,4.9,422.7,4.5,465.2,4.8,386.6,7.1,561.1,16.4,432.8,10.1,419.1,1.7
Mean weekly earnings,Persons,Total,Without leave entitlements,Aug-06,454.7,4.5,428.1,3.9,481.8,3.2,426.9,5.7,514.8,6.5,396.7,6.7,493.1,15.7,551.0,7.8,459.4,2.1
Mean weekly earnings,Persons,Total,Without leave entitlements,Aug-07,498.0,4.5,472.6,4.8,508.9,5.4,444.6,4.3,588.7,5.8,436.7,6.4,622.3,19.8,605.7,8.5,500.1,1.8
Mean weekly earnings,Persons,Total,Without leave entitlements,Aug-08,504.2,4.2,417.8,4.4,557.8,6.2,482.0,5.3,663.3,12.7,490.7,9.1,576.9,14.3,467.4,9.4,509.5,3.2
Mean weekly earnings,Persons,Total,Without leave entitlements,Aug-09,498.0,6.1,452.5,9.1,549.7,4.7,486.6,6.1,595.1,7.1,465.0,10.9,708.3,9.1,704.0,11.8,512.6,2.9
Mean weekly earnings,Persons,Total,Without leave entitlements,Aug-10,549.1,5.3,485.6,4.8,589.0,5.5,524.3,4.5,606.1,5.6,443.0,7.3,756.7,10.3,703.6,11.1,549.1,2.7
Mean weekly earnings,Persons,Total,Without leave entitlements,Aug-11,560.2,4.0,519.6,5.3,601.3,4.1,516.0,5.6,703.8,4.8,506.6,8.4,673.6,14.7,595.5,12.8,571.7,2.1
Mean weekly earnings,Persons,Total,Without leave entitlements,Aug-12,566.4,3.4,547.0,4.8,614.4,5.1,539.6,5.5,815.1,6.2,519.9,7.8,712.9,10.3,637.5,11.2,599.4,2.4
Mean weekly earnings,Persons,Total,Without leave entitlements,Aug-13,551.4,5.0,522.0,4.1,669.6,4.1,573.6,7.2,769.8,6.3,504.2,6.8,817.3,9.9,613.3,11.3,597.4,1.8
Mean weekly earnings,Persons,Total,Without leave entitlements,Aug-14,593.1,5.0,564.0,4.8,664.9,5.9,587.8,6.4,794.0,5.9,535.5,8.1,823.9,10.2,751.9,10.7,627.1,2.4
Mean weekly earnings,Persons,Total,Without leave entitlements,Aug-15,654.0,4.0,547.8,4.6,727.6,6.1,605.5,6.5,790.9,7.5,494.7,8.8,834.8,9.7,861.1,15.1,657.8,1.9
Mean weekly earnings,Persons,Total,Without leave entitlements,Aug-16,679.6,4.1,582.4,5.8,698.5,4.1,636.7,5.9,699.8,5.8,529.1,7.0,832.0,9.6,757.6,11.6,657.6,2.5
Mean weekly earnings,Persons,Total,Without leave entitlements,Aug-17,688.8,3.7,640.3,3.5,725.5,5.8,629.0,4.3,721.8,7.0,568.8,5.6,801.3,11.3,720.1,8.2,683.3,2.2
Mean weekly earnings,Persons,Total,Without leave entitlements,Aug-18,730.0,5.7,640.2,5.8,706.2,3.4,702.7,4.6,843.6,6.9,649.3,7.8,"1,021.7",12.6,844.4,12.2,716.8,2.7
Mean weekly earnings,Persons,Total,Without leave entitlements,Aug-19,732.9,4.3,678.5,5.3,798.7,4.0,675.1,6.4,980.5,5.9,678.2,10.6,813.9,10.2,980.7,14.0,757.8,2.2
Mean weekly earnings,Persons,Total,Without leave entitlements,Aug-20,743.3,4.5,717.8,5.0,739.9,6.1,716.1,5.8,930.9,6.7,657.6,6.0,817.9,13.3,985.4,8.8,759.9,2.7
Mean weekly earnings,Persons,Total,Without leave entitlements,Aug-21,799.3,5.4,719.6,6.1,799.1,5.5,700.0,5.4,892.7,6.5,648.5,7.0,849.9,8.4,"1,246.7",10.8,786.9,2.1
Mean weekly earnings,Persons,Total,Without leave entitlements,Aug-22,772.9,4.9,791.5,4.1,850.5,4.6,781.4,5.1,993.2,5.7,690.7,7.4,926.4,9.9,"1,399.5",11.7,831.6,2.0
Mean weekly earnings,Persons,Total,Without leave entitlements,Aug-23,807.8,4.5,813.7,4.3,905.2,5.0,794.3,4.8,"1,015.2",6.9,754.0,8.6,"1,051.2",9.6,"1,044.9",10.6,857.2,2.1
Mean weekly earnings,Persons,Total,Without leave entitlements,Aug-24,851.5,4.3,888.8,5.3,964.5,6.8,930.6,7.3,"1,188.2",7.3,723.1,8.4,"1,087.3",9.6,"1,251.4",9.8,935.0,2.6
Mean weekly earnings,Persons,Total,Total,Aug-75,133.0,0.0,133.0,0.0,127.0,0.0,122.0,0.0,131.0,0.0,126.0,0.0,150.0,0.0,160.0,0.0,131.0,0.0
Mean weekly earnings,Persons,Total,Total,Aug-76,151.0,0.0,150.0,0.0,146.0,0.0,140.0,0.0,147.0,0.0,141.0,0.0,155.0,0.0,179.0,0.0,149.0,0.0
Mean weekly earnings,Persons,Total,Total,Aug-77,167.0,0.0,163.0,0.0,160.0,0.0,156.0,0.0,164.0,0.0,155.0,0.0,192.0,0.0,199.0,0.0,163.0,0.0
Mean weekly earnings,Persons,Total,Total,Aug-78,184.0,0.0,178.0,0.0,175.0,0.0,168.0,0.0,178.0,0.0,169.0,0.0,210.0,0.0,216.0,0.0,179.0,0.0
Mean weekly earnings,Persons,Total,Total,Aug-79,197.0,0.0,191.0,0.0,186.0,0.0,181.0,0.0,191.0,0.0,180.0,0.0,240.0,0.0,235.0,0.0,192.0,0.0
Mean weekly earnings,Persons,Total,Total,Aug-80,218.0,0.0,208.0,0.0,205.0,0.0,202.0,0.0,210.0,0.0,206.0,0.0,264.0,0.0,247.0,0.0,212.0,0.0
Mean weekly earnings,Persons,Total,Total,Aug-81,241.0,0.0,233.0,0.0,231.0,0.0,222.0,0.0,234.0,0.0,229.0,0.0,297.0,0.0,277.0,0.0,236.0,0.0
Mean weekly earnings,Persons,Total,Total,Aug-82,278.0,0.0,267.0,0.0,265.0,0.0,255.0,0.0,268.0,0.0,252.0,0.0,319.0,0.0,323.0,0.0,271.0,0.0
Mean weekly earnings,Persons,Total,Total,Aug-83,292.0,0.0,284.0,0.0,285.0,0.0,273.0,0.0,285.0,0.0,274.0,0.0,349.0,0.0,336.0,0.0,288.0,0.0
Mean weekly earnings,Persons,Total,Total,Aug-84,318.0,0.0,302.0,0.0,295.0,0.0,292.0,0.0,312.0,0.0,292.0,0.0,374.0,0.0,362.0,0.0,308.0,0.0
Mean weekly earnings,Persons,Total,Total,Aug-85,336.0,0.0,328.0,0.0,318.0,0.0,313.0,0.0,330.0,0.0,307.0,0.0,401.0,0.0,380.0,0.0,329.0,0.0
Mean weekly earnings,Persons,Total,Total,Aug-86,359.0,0.0,348.0,0.0,337.0,0.0,329.0,0.0,347.0,0.0,325.0,0.0,398.0,0.0,423.0,0.0,350.0,0.0
Mean weekly earnings,Persons,Total,Total,Aug-87,380.0,0.0,362.0,0.0,355.0,0.0,354.0,0.0,366.0,0.0,338.0,0.0,412.0,0.0,432.0,0.0,368.0,0.0
Mean weekly earnings,Persons,Total,Total,Aug-88,405.0,0.0,393.0,0.0,372.0,0.0,375.0,0.0,393.0,0.0,371.0,0.0,458.0,0.0,453.0,0.0,391.0,0.0
Mean weekly earnings,Persons,Total,Total,Aug-89,426.2,0.0,411.1,0.0,400.7,0.0,395.7,0.0,426.2,0.0,387.9,0.0,498.8,0.0,471.0,0.0,416.1,0.0
Mean weekly earnings,Persons,Total,Total,Aug-90,452.0,0.0,437.4,0.0,413.6,0.0,423.5,0.0,435.3,0.0,412.9,0.0,508.9,0.0,515.0,0.0,438.9,0.0
Mean weekly earnings,Persons,Total,Total,Jul-91,479.0,0.0,460.0,0.0,431.0,0.0,432.0,0.0,466.0,0.0,428.0,0.0,501.0,0.0,546.0,0.0,461.0,0.0
Mean weekly earnings,Persons,Total,Total,Aug-92,485.1,1.3,468.8,1.5,450.4,1.4,439.8,1.7,477.4,1.9,435.3,2.6,526.8,11.6,552.0,3.1,471.2,0.7
Mean weekly earnings,Persons,Total,Total,Aug-93,519.6,1.6,495.8,1.4,465.5,1.5,472.3,1.9,505.1,2.2,449.9,2.3,557.5,8.7,581.2,2.1,499.0,0.9
Mean weekly earnings,Persons,Total,Total,Aug-94,525.2,1.9,524.2,2.0,486.1,1.4,482.8,2.4,534.6,3.0,453.4,2.6,583.8,8.6,580.3,2.3,515.6,1.0
Mean weekly earnings,Persons,Total,Total,Aug-95,553.4,1.5,520.1,1.3,498.1,1.8,498.6,1.8,523.0,1.7,492.3,2.4,539.5,5.8,604.2,2.4,527.6,0.9
Mean weekly earnings,Persons,Total,Total,Aug-96,0.0,0.0,0.0,0.0,0.0,0.0,0.0,0.0,0.0,0.0,0.0,0.0,0.0,0.0,0.0,0.0,0.0,0.0
Mean weekly earnings,Persons,Total,Total,Aug-97,567.7,2.0,532.6,1.8,528.7,2.0,512.8,3.0,558.7,2.6,481.9,3.1,603.3,10.0,639.6,2.9,546.7,0.9
Mean weekly earnings,Persons,Total,Total,Aug-98,580.8,1.6,538.2,1.6,524.5,1.6,505.2,2.5,547.4,2.9,479.6,3.5,632.1,11.1,646.1,2.2,550.4,0.8
Mean weekly earnings,Persons,Total,Total,Aug-99,631.3,1.3,547.7,1.6,543.0,1.8,533.3,2.1,582.5,2.5,519.6,3.3,640.0,8.9,683.7,3.3,580.6,0.7
Mean weekly earnings,Persons,Total,Total,Aug-00,641.8,1.8,594.9,1.5,567.2,1.7,567.0,2.2,598.2,2.2,524.4,3.0,671.1,11.3,748.3,2.6,606.4,0.8
Mean weekly earnings,Persons,Total,Total,Aug-01,688.4,1.4,621.3,1.5,611.8,2.2,600.9,2.1,618.2,1.8,557.1,4.1,700.6,9.8,752.9,2.6,642.5,0.8
Mean weekly earnings,Persons,Total,Total,Aug-02,691.0,1.4,630.0,1.6,625.2,2.4,622.1,2.7,661.0,2.2,582.9,3.9,707.3,8.5,787.1,2.8,655.2,0.9
Mean weekly earnings,Persons,Total,Total,Aug-03,722.6,4.4,640.6,6.7,620.2,2.6,628.9,4.6,684.2,6.8,620.8,5.7,716.9,7.7,810.6,4.4,671.5,4.7
Mean weekly earnings,Persons,Total,Total,Aug-04,796.7,1.6,736.1,1.4,708.7,1.8,683.5,2.6,731.6,2.0,660.7,3.2,845.5,9.6,866.7,1.7,748.3,0.8
Mean weekly earnings,Persons,Total,Total,Aug-05,823.4,2.1,787.0,1.4,748.3,1.8,742.5,2.7,799.3,1.9,686.7,2.5,845.6,9.7,892.2,2.7,789.4,1.0
Mean weekly earnings,Persons,Total,Total,Aug-06,873.0,1.2,818.6,1.0,793.4,1.3,762.9,2.4,851.6,2.3,727.9,3.1,927.3,8.7,982.1,2.3,832.6,0.7
Mean weekly earnings,Persons,Total,Total,Aug-07,944.9,2.5,873.7,1.7,852.8,1.7,812.9,2.9,938.6,1.8,771.0,2.9,961.0,8.7,"1,114.2",2.5,898.0,1.2
Mean weekly earnings,Persons,Total,Total,Aug-08,975.6,1.7,891.7,1.9,907.9,2.5,823.3,2.3,"1,025.7",2.7,809.5,2.6,"1,066.2",7.9,"1,103.1",3.1,935.2,0.9
Mean weekly earnings,Persons,Total,Total,Aug-09,999.5,2.6,924.0,1.9,952.9,2.0,861.2,2.2,"1,020.0",2.4,850.6,3.7,"1,154.6",7.2,"1,185.6",2.0,965.8,1.0
Mean weekly earnings,Persons,Total,Total,Aug-10,"1,048.7",1.4,961.4,1.7,989.0,1.5,903.4,2.2,"1,117.5",2.5,843.4,2.3,"1,176.2",5.4,"1,197.1",2.1,"1,011.7",1.0
Mean weekly earnings,Persons,Total,Total,Aug-11,"1,062.3",1.7,996.9,1.6,"1,024.0",1.7,947.6,2.1,"1,166.4",2.5,875.7,2.9,"1,128.6",5.1,"1,219.8",2.6,"1,041.4",0.8
Mean weekly earnings,Persons,Total,Total,Aug-12,"1,091.7",1.5,"1,034.6",1.6,"1,087.1",1.8,989.4,1.8,"1,277.1",2.2,933.8,3.3,"1,200.8",3.8,"1,298.1",3.0,"1,093.0",0.8
Mean weekly earnings,Persons,Total,Total,Aug-13,"1,132.2",1.9,"1,026.0",1.3,"1,114.0",1.9,"1,034.9",2.0,"1,273.2",1.8,935.6,2.6,"1,328.2",4.1,"1,369.4",4.7,"1,114.8",0.8
Mean weekly earnings,Persons,Total,Total,Aug-14,"1,193.4",1.7,"1,116.6",1.7,"1,149.9",1.5,"1,046.1",1.8,"1,342.2",2.3,958.3,2.5,"1,436.1",4.7,"1,378.5",2.6,"1,173.3",0.9
Mean weekly earnings,Persons,Total,Total,Aug-15,"1,223.7",1.5,"1,125.2",1.7,"1,165.2",2.0,"1,075.2",2.4,"1,317.3",2.7,968.6,2.6,"1,365.0",4.4,"1,384.2",3.9,"1,186.7",0.7
Mean weekly earnings,Persons,Total,Total,Aug-16,"1,238.2",1.5,"1,153.5",1.9,"1,176.4",2.0,"1,080.2",2.8,"1,278.2",2.4,"1,017.4",2.9,"1,474.3",5.4,"1,443.0",2.6,"1,200.0",0.7
Mean weekly earnings,Persons,Total,Total,Aug-17,"1,284.9",1.4,"1,210.0",1.0,"1,201.6",1.5,"1,095.6",2.0,"1,323.0",1.6,"1,060.5",3.5,"1,413.8",3.3,"1,424.3",2.7,"1,239.1",0.6
Mean weekly earnings,Persons,Total,Total,Aug-18,"1,329.9",1.7,"1,242.4",1.5,"1,239.7",1.6,"1,166.0",2.7,"1,388.5",2.3,"1,084.9",3.0,"1,434.2",3.3,"1,455.5",3.9,"1,283.0",0.8
Mean weekly earnings,Persons,Total,Total,Aug-19,"1,374.0",1.6,"1,313.7",1.8,"1,244.0",1.6,"1,172.7",1.8,"1,511.0",2.2,"1,139.9",3.5,"1,383.1",3.5,"1,503.4",2.5,"1,331.6",0.7
Mean weekly earnings,Persons,Total,Total,Aug-20,"1,392.0",1.6,"1,362.5",1.4,"1,288.8",2.0,"1,229.5",2.3,"1,514.2",2.0,"1,159.5",2.6,"1,417.1",3.5,"1,598.5",2.5,"1,366.1",0.8
Mean weekly earnings,Persons,Total,Total,Aug-21,"1,518.5",1.8,"1,380.2",2.0,"1,358.6",1.8,"1,266.4",1.7,"1,464.1",2.2,"1,213.1",3.5,"1,541.9",3.7,"1,680.5",3.0,"1,422.7",0.9
Mean weekly earnings,Persons,Total,Total,Aug-22,"1,509.1",2.0,"1,477.5",1.5,"1,448.7",1.9,"1,321.3",2.4,"1,578.3",2.2,"1,207.0",2.2,"1,532.2",3.3,"1,741.4",3.3,"1,482.3",0.9
Mean weekly earnings,Persons,Total,Total,Aug-23,"1,583.5",1.4,"1,526.4",1.3,"1,511.1",1.6,"1,385.1",2.0,"1,626.9",2.7,"1,358.5",2.5,"1,586.3",3.1,"1,740.5",2.9,"1,543.8",0.7
Mean weekly earnings,Persons,Total,Total,Aug-24,"1,667.2",1.7,"1,700.6",1.7,"1,617.2",1.9,"1,470.9",2.2,"1,810.8",2.2,"1,396.8",2.2,"1,715.4",2.7,"1,981.0",3.2,"1,670.5",1.0
Mean weekly earnings,   Males,Full-time,With leave entitlements,Aug-75,0.0,0.0,0.0,0.0,0.0,0.0,0.0,0.0,0.0,0.0,0.0,0.0,0.0,0.0,0.0,0.0,0.0,0.0
Mean weekly earnings,   Males,Full-time,With leave entitlements,Aug-76,0.0,0.0,0.0,0.0,0.0,0.0,0.0,0.0,0.0,0.0,0.0,0.0,0.0,0.0,0.0,0.0,0.0,0.0
Mean weekly earnings,   Males,Full-time,With leave entitlements,Aug-77,0.0,0.0,0.0,0.0,0.0,0.0,0.0,0.0,0.0,0.0,0.0,0.0,0.0,0.0,0.0,0.0,0.0,0.0
Mean weekly earnings,   Males,Full-time,With leave entitlements,Aug-78,0.0,0.0,0.0,0.0,0.0,0.0,0.0,0.0,0.0,0.0,0.0,0.0,0.0,0.0,0.0,0.0,0.0,0.0
Mean weekly earnings,   Males,Full-time,With leave entitlements,Aug-79,0.0,0.0,0.0,0.0,0.0,0.0,0.0,0.0,0.0,0.0,0.0,0.0,0.0,0.0,0.0,0.0,0.0,0.0
Mean weekly earnings,   Males,Full-time,With leave entitlements,Aug-80,0.0,0.0,0.0,0.0,0.0,0.0,0.0,0.0,0.0,0.0,0.0,0.0,0.0,0.0,0.0,0.0,0.0,0.0
Mean weekly earnings,   Males,Full-time,With leave entitlements,Aug-81,0.0,0.0,0.0,0.0,0.0,0.0,0.0,0.0,0.0,0.0,0.0,0.0,0.0,0.0,0.0,0.0,0.0,0.0
Mean weekly earnings,   Males,Full-time,With leave entitlements,Aug-82,0.0,0.0,0.0,0.0,0.0,0.0,0.0,0.0,0.0,0.0,0.0,0.0,0.0,0.0,0.0,0.0,0.0,0.0
Mean weekly earnings,   Males,Full-time,With leave entitlements,Aug-83,0.0,0.0,0.0,0.0,0.0,0.0,0.0,0.0,0.0,0.0,0.0,0.0,0.0,0.0,0.0,0.0,0.0,0.0
Mean weekly earnings,   Males,Full-time,With leave entitlements,Aug-84,0.0,0.0,0.0,0.0,0.0,0.0,0.0,0.0,0.0,0.0,0.0,0.0,0.0,0.0,0.0,0.0,0.0,0.0
Mean weekly earnings,   Males,Full-time,With leave entitlements,Aug-85,0.0,0.0,0.0,0.0,0.0,0.0,0.0,0.0,0.0,0.0,0.0,0.0,0.0,0.0,0.0,0.0,0.0,0.0
Mean weekly earnings,   Males,Full-time,With leave entitlements,Aug-86,0.0,0.0,0.0,0.0,0.0,0.0,0.0,0.0,0.0,0.0,0.0,0.0,0.0,0.0,0.0,0.0,0.0,0.0
Mean weekly earnings,   Males,Full-time,With leave entitlements,Aug-87,0.0,0.0,0.0,0.0,0.0,0.0,0.0,0.0,0.0,0.0,0.0,0.0,0.0,0.0,0.0,0.0,0.0,0.0
Mean weekly earnings,   Males,Full-time,With leave entitlements,Aug-88,0.0,0.0,0.0,0.0,0.0,0.0,0.0,0.0,0.0,0.0,0.0,0.0,0.0,0.0,0.0,0.0,478.0,0.0
Mean weekly earnings,   Males,Full-time,With leave entitlements,Aug-89,523.3,0.0,511.7,0.0,504.7,0.0,494.1,0.0,544.9,0.0,487.9,0.0,573.0,0.0,621.3,0.0,518.1,0.0
Mean weekly earnings,   Males,Full-time,With leave entitlements,Aug-90,555.2,0.0,541.6,0.0,526.8,0.0,530.2,0.0,551.8,0.0,514.3,0.0,636.8,0.0,630.4,0.0,545.9,0.0
Mean weekly earnings,   Males,Full-time,With leave entitlements,Jul-91,0.0,0.0,0.0,0.0,0.0,0.0,0.0,0.0,0.0,0.0,0.0,0.0,0.0,0.0,0.0,0.0,574.0,0.0
Mean weekly earnings,   Males,Full-time,With leave entitlements,Aug-92,601.3,1.5,592.1,1.8,578.2,2.2,560.9,2.1,618.5,2.3,553.4,3.1,655.5,12.3,715.8,4.0,595.3,0.9
Mean weekly earnings,   Males,Full-time,With leave entitlements,Aug-93,651.3,2.3,620.8,2.1,596.5,2.2,593.7,2.8,659.3,2.7,570.1,2.6,686.6,9.8,756.1,2.9,630.9,1.2
Mean weekly earnings,   Males,Full-time,With leave entitlements,Aug-94,669.7,2.7,676.5,2.7,623.0,2.3,619.1,3.5,702.9,4.2,591.4,3.1,705.5,9.0,755.2,3.3,662.9,1.3
Mean weekly earnings,   Males,Full-time,With leave entitlements,Aug-95,702.5,1.7,661.7,1.9,634.8,2.5,634.2,2.8,693.6,2.5,636.2,4.6,671.6,7.3,793.0,3.4,674.5,1.1
Mean weekly earnings,   Males,Full-time,With leave entitlements,Aug-96,0.0,0.0,0.0,0.0,0.0,0.0,0.0,0.0,0.0,0.0,0.0,0.0,0.0,0.0,0.0,0.0,0.0,0.0
Mean weekly earnings,   Males,Full-time,With leave entitlements,Aug-97,725.1,2.2,699.5,2.6,694.3,2.6,668.3,3.2,762.0,3.5,618.3,3.9,758.4,12.8,851.7,3.2,713.3,1.2
Mean weekly earnings,   Males,Full-time,With leave entitlements,Aug-98,740.7,1.7,714.4,2.3,700.1,2.5,663.9,3.9,723.7,3.5,613.9,5.7,779.0,11.5,855.4,4.1,719.4,1.3
Mean weekly earnings,   Males,Full-time,With leave entitlements,Aug-99,811.0,2.0,721.6,1.9,713.2,2.6,711.1,3.0,794.7,3.4,659.4,3.9,796.0,10.1,921.8,4.5,761.2,1.0
Mean weekly earnings,   Males,Full-time,With leave entitlements,Aug-00,838.4,2.2,808.9,2.2,754.9,2.3,739.8,3.6,835.4,3.1,687.4,3.9,882.8,14.7,937.1,3.4,807.7,1.1
Mean weekly earnings,   Males,Full-time,With leave entitlements,Aug-01,900.7,1.9,833.7,2.4,832.9,3.6,810.8,3.9,852.7,2.9,754.3,4.3,859.1,11.3,969.4,3.6,858.4,1.2
Mean weekly earnings,   Males,Full-time,With leave entitlements,Aug-02,902.4,2.0,846.7,2.2,832.3,3.5,816.9,3.0,903.3,3.2,758.8,5.1,904.6,9.4,"1,022.3",4.6,869.1,1.2
Mean weekly earnings,   Males,Full-time,With leave entitlements,Aug-03,955.7,4.3,869.4,5.3,863.8,3.1,840.4,4.8,937.4,8.9,813.4,7.6,873.1,10.6,"1,048.6",4.2,905.0,4.3
Mean weekly earnings,   Males,Full-time,With leave entitlements,Aug-04,"1,069.9",2.2,993.6,1.9,948.7,2.6,921.8,3.3,"1,011.2",2.2,878.3,4.0,"1,041.9",10.8,"1,118.8",3.2,"1,006.7",1.0
Mean weekly earnings,   Males,Full-time,With leave entitlements,Aug-05,"1,113.1",2.4,"1,048.2",2.3,"1,003.9",2.6,"1,013.9",4.1,"1,102.9",2.4,913.2,4.2,"1,040.9",9.1,"1,148.4",4.1,"1,062.9",1.1
Mean weekly earnings,   Males,Full-time,With leave entitlements,Aug-06,"1,166.6",2.1,"1,106.9",1.5,"1,072.6",1.8,"1,049.5",3.5,"1,178.4",2.7,978.1,4.8,"1,191.0",9.2,"1,228.5",2.8,"1,123.9",1.1
Mean weekly earnings,   Males,Full-time,With leave entitlements,Aug-07,"1,276.5",3.3,"1,179.4",2.3,"1,136.3",2.5,"1,152.5",4.8,"1,265.1",2.3,"1,034.0",4.6,"1,224.5",10.7,"1,443.2",4.0,"1,212.0",1.7
Mean weekly earnings,   Males,Full-time,With leave entitlements,Aug-08,"1,292.4",2.7,"1,230.7",3.2,"1,209.3",3.2,"1,098.0",2.8,"1,359.3",3.4,"1,038.3",4.8,"1,420.3",9.9,"1,451.7",4.3,"1,253.7",1.4
Mean weekly earnings,   Males,Full-time,With leave entitlements,Aug-09,"1,380.7",3.7,"1,243.0",3.0,"1,267.7",3.3,"1,200.9",3.1,"1,401.7",3.4,"1,134.3",5.3,"1,454.9",9.2,"1,485.4",5.1,"1,311.9",1.4
Mean weekly earnings,   Males,Full-time,With leave entitlements,Aug-10,"1,417.0",2.5,"1,318.4",3.4,"1,358.3",2.1,"1,238.8",3.2,"1,568.1",3.3,"1,156.1",3.7,"1,505.4",8.8,"1,517.3",3.3,"1,384.4",1.6
Mean weekly earnings,   Males,Full-time,With leave entitlements,Aug-11,"1,453.7",2.5,"1,345.3",2.4,"1,393.0",2.4,"1,297.2",3.6,"1,628.2",3.7,"1,160.6",3.6,"1,409.2",8.1,"1,549.8",3.5,"1,419.5",1.3
Mean weekly earnings,   Males,Full-time,With leave entitlements,Aug-12,"1,481.2",2.4,"1,403.8",2.4,"1,475.4",2.7,"1,368.4",2.9,"1,784.6",2.6,"1,298.1",5.9,"1,517.8",6.7,"1,628.7",3.4,"1,490.6",1.3
Mean weekly earnings,   Males,Full-time,With leave entitlements,Aug-13,"1,532.6",2.7,"1,409.1",2.1,"1,552.7",3.0,"1,464.8",3.2,"1,735.6",3.2,"1,297.5",4.2,"1,702.6",5.5,"1,786.8",8.2,"1,530.9",1.3
Mean weekly earnings,   Males,Full-time,With leave entitlements,Aug-14,"1,615.4",2.7,"1,572.2",2.4,"1,594.9",2.7,"1,464.8",2.9,"1,870.4",3.5,"1,289.8",4.5,"1,872.6",6.0,"1,746.3",4.4,"1,619.9",1.4
Mean weekly earnings,   Males,Full-time,With leave entitlements,Aug-15,"1,664.9",1.9,"1,580.0",2.6,"1,582.7",2.3,"1,481.0",3.6,"1,792.2",3.9,"1,286.4",4.5,"1,722.9",6.5,"1,745.6",5.2,"1,624.7",0.9
Mean weekly earnings,   Males,Full-time,With leave entitlements,Aug-16,"1,697.4",2.1,"1,614.4",2.3,"1,616.9",3.2,"1,511.7",4.3,"1,803.1",2.8,"1,360.8",4.8,"1,957.1",6.7,"1,816.4",5.5,"1,659.6",1.1
Mean weekly earnings,   Males,Full-time,With leave entitlements,Aug-17,"1,719.7",2.1,"1,654.0",2.4,"1,679.2",2.5,"1,508.3",4.2,"1,871.5",3.3,"1,489.1",4.2,"1,822.5",4.2,"1,835.3",5.3,"1,696.2",1.1
Mean weekly earnings,   Males,Full-time,With leave entitlements,Aug-18,"1,809.8",2.8,"1,686.7",2.3,"1,708.0",2.7,"1,587.8",3.6,"1,947.2",3.4,"1,434.1",4.6,"1,741.6",5.0,"1,816.5",4.7,"1,750.3",1.3
Mean weekly earnings,   Males,Full-time,With leave entitlements,Aug-19,"1,844.7",2.2,"1,804.8",2.6,"1,690.0",2.1,"1,609.7",3.3,"2,163.6",3.2,"1,583.1",4.1,"1,705.6",5.8,"1,922.2",4.5,"1,819.0",1.1
Mean weekly earnings,   Males,Full-time,With leave entitlements,Aug-20,"1,830.8",1.9,"1,819.6",2.0,"1,726.0",3.1,"1,667.5",4.0,"2,095.9",3.2,"1,569.9",4.7,"1,783.4",6.3,"1,989.5",4.9,"1,825.2",1.2
Mean weekly earnings,   Males,Full-time,With leave entitlements,Aug-21,"2,014.1",2.5,"1,891.6",3.0,"1,847.6",2.4,"1,721.7",2.7,"2,051.9",3.2,"1,634.8",5.1,"1,927.3",5.8,"2,043.5",4.4,"1,925.9",1.4
Mean weekly earnings,   Males,Full-time,With leave entitlements,Aug-22,"2,034.2",2.4,"1,952.6",2.5,"1,963.5",3.5,"1,749.4",3.6,"2,225.1",3.0,"1,611.6",4.7,"1,908.6",5.0,"2,114.7",4.7,"1,994.0",1.3
Mean weekly earnings,   Males,Full-time,With leave entitlements,Aug-23,"2,064.2",1.9,"2,025.2",2.5,"2,017.4",2.8,"1,855.4",3.1,"2,169.5",3.6,"1,753.0",4.1,"1,899.6",5.2,"2,052.3",4.7,"2,035.2",1.2
Mean weekly earnings,   Males,Full-time,With leave entitlements,Aug-24,"2,149.5",2.2,"2,166.7",2.0,"2,141.5",2.8,"1,987.8",3.2,"2,467.4",2.9,"1,787.2",4.1,"2,193.7",5.4,"2,307.0",5.1,"2,174.7",1.4
Mean weekly earnings,   Males,Full-time,Without leave entitlements,Aug-75,0.0,0.0,0.0,0.0,0.0,0.0,0.0,0.0,0.0,0.0,0.0,0.0,0.0,0.0,0.0,0.0,0.0,0.0
Mean weekly earnings,   Males,Full-time,Without leave entitlements,Aug-76,0.0,0.0,0.0,0.0,0.0,0.0,0.0,0.0,0.0,0.0,0.0,0.0,0.0,0.0,0.0,0.0,0.0,0.0
Mean weekly earnings,   Males,Full-time,Without leave entitlements,Aug-77,0.0,0.0,0.0,0.0,0.0,0.0,0.0,0.0,0.0,0.0,0.0,0.0,0.0,0.0,0.0,0.0,0.0,0.0
Mean weekly earnings,   Males,Full-time,Without leave entitlements,Aug-78,0.0,0.0,0.0,0.0,0.0,0.0,0.0,0.0,0.0,0.0,0.0,0.0,0.0,0.0,0.0,0.0,0.0,0.0
Mean weekly earnings,   Males,Full-time,Without leave entitlements,Aug-79,0.0,0.0,0.0,0.0,0.0,0.0,0.0,0.0,0.0,0.0,0.0,0.0,0.0,0.0,0.0,0.0,0.0,0.0
Mean weekly earnings,   Males,Full-time,Without leave entitlements,Aug-80,0.0,0.0,0.0,0.0,0.0,0.0,0.0,0.0,0.0,0.0,0.0,0.0,0.0,0.0,0.0,0.0,0.0,0.0
Mean weekly earnings,   Males,Full-time,Without leave entitlements,Aug-81,0.0,0.0,0.0,0.0,0.0,0.0,0.0,0.0,0.0,0.0,0.0,0.0,0.0,0.0,0.0,0.0,0.0,0.0
Mean weekly earnings,   Males,Full-time,Without leave entitlements,Aug-82,0.0,0.0,0.0,0.0,0.0,0.0,0.0,0.0,0.0,0.0,0.0,0.0,0.0,0.0,0.0,0.0,0.0,0.0
Mean weekly earnings,   Males,Full-time,Without leave entitlements,Aug-83,0.0,0.0,0.0,0.0,0.0,0.0,0.0,0.0,0.0,0.0,0.0,0.0,0.0,0.0,0.0,0.0,0.0,0.0
Mean weekly earnings,   Males,Full-time,Without leave entitlements,Aug-84,0.0,0.0,0.0,0.0,0.0,0.0,0.0,0.0,0.0,0.0,0.0,0.0,0.0,0.0,0.0,0.0,0.0,0.0
Mean weekly earnings,   Males,Full-time,Without leave entitlements,Aug-85,0.0,0.0,0.0,0.0,0.0,0.0,0.0,0.0,0.0,0.0,0.0,0.0,0.0,0.0,0.0,0.0,0.0,0.0
Mean weekly earnings,   Males,Full-time,Without leave entitlements,Aug-86,0.0,0.0,0.0,0.0,0.0,0.0,0.0,0.0,0.0,0.0,0.0,0.0,0.0,0.0,0.0,0.0,0.0,0.0
Mean weekly earnings,   Males,Full-time,Without leave entitlements,Aug-87,0.0,0.0,0.0,0.0,0.0,0.0,0.0,0.0,0.0,0.0,0.0,0.0,0.0,0.0,0.0,0.0,0.0,0.0
Mean weekly earnings,   Males,Full-time,Without leave entitlements,Aug-88,0.0,0.0,0.0,0.0,0.0,0.0,0.0,0.0,0.0,0.0,0.0,0.0,0.0,0.0,0.0,0.0,445.0,0.0
Mean weekly earnings,   Males,Full-time,Without leave entitlements,Aug-89,450.2,0.0,409.5,0.0,442.4,0.0,367.3,0.0,489.3,0.0,437.8,0.0,445.3,0.0,328.6,0.0,434.9,0.0
Mean weekly earnings,   Males,Full-time,Without leave entitlements,Aug-90,425.9,0.0,446.1,0.0,432.1,0.0,449.3,0.0,483.4,0.0,475.4,0.0,373.2,0.0,649.4,0.0,443.3,0.0
Mean weekly earnings,   Males,Full-time,Without leave entitlements,Jul-91,0.0,0.0,0.0,0.0,0.0,0.0,0.0,0.0,0.0,0.0,0.0,0.0,0.0,0.0,0.0,0.0,511.0,0.0
Mean weekly earnings,   Males,Full-time,Without leave entitlements,Aug-92,466.2,7.1,474.8,10.1,460.8,6.0,462.6,9.2,490.1,9.6,449.7,12.6,438.6,32.3,520.1,26.7,468.5,3.3
Mean weekly earnings,   Males,Full-time,Without leave entitlements,Aug-93,556.1,7.6,519.7,7.2,476.5,7.1,455.2,9.7,568.1,11.9,459.0,21.7,615.4,20.2,401.6,16.2,518.7,3.8
Mean weekly earnings,   Males,Full-time,Without leave entitlements,Aug-94,522.7,7.4,617.9,9.7,529.3,6.8,493.0,8.6,645.1,9.0,477.0,16.1,611.5,20.3,582.7,14.5,552.9,3.5
Mean weekly earnings,   Males,Full-time,Without leave entitlements,Aug-95,555.4,8.2,596.4,7.8,538.8,8.7,596.9,11.1,712.0,11.3,574.3,22.9,591.3,29.6,632.3,15.4,581.2,4.1
Mean weekly earnings,   Males,Full-time,Without leave entitlements,Aug-96,0.0,0.0,0.0,0.0,0.0,0.0,0.0,0.0,0.0,0.0,0.0,0.0,0.0,0.0,0.0,0.0,0.0,0.0
Mean weekly earnings,   Males,Full-time,Without leave entitlements,Aug-97,581.3,7.8,548.2,8.5,584.1,8.8,555.5,12.8,678.0,8.9,543.4,14.3,612.7,27.3,661.3,21.0,583.3,4.6
Mean weekly earnings,   Males,Full-time,Without leave entitlements,Aug-98,625.8,7.0,600.7,11.1,564.3,8.3,519.2,9.5,693.1,10.8,542.2,11.7,712.4,20.0,681.7,16.2,603.3,4.4
Mean weekly earnings,   Males,Full-time,Without leave entitlements,Aug-99,685.9,6.3,565.6,8.9,594.8,8.3,604.8,9.7,610.9,9.1,537.7,16.5,779.8,17.7,764.4,19.6,623.9,3.5
Mean weekly earnings,   Males,Full-time,Without leave entitlements,Aug-00,638.5,10.4,595.4,9.6,649.3,7.4,592.9,9.5,754.6,10.2,546.9,13.2,685.3,25.8,977.8,16.2,644.4,4.9
Mean weekly earnings,   Males,Full-time,Without leave entitlements,Aug-01,711.7,9.9,676.1,10.2,694.2,9.2,619.6,10.2,757.5,8.7,620.4,16.3,594.9,24.7,"1,071.7",19.4,699.2,4.4
Mean weekly earnings,   Males,Full-time,Without leave entitlements,Aug-02,683.0,7.2,680.0,10.0,707.9,6.9,599.7,7.5,835.0,8.6,583.6,15.4,634.2,28.9,940.2,18.3,696.6,4.2
Mean weekly earnings,   Males,Full-time,Without leave entitlements,Aug-03,745.6,9.7,618.2,11.6,692.8,5.4,691.5,9.8,893.3,12.1,676.5,15.1,821.0,25.6,"1,193.7",14.9,731.3,5.4
Mean weekly earnings,   Males,Full-time,Without leave entitlements,Aug-04,835.2,8.7,790.4,7.2,772.8,8.6,744.9,9.7,917.2,8.9,598.3,7.5,843.5,25.9,"1,039.6",18.2,808.9,3.4
Mean weekly earnings,   Males,Full-time,Without leave entitlements,Aug-05,813.8,10.4,884.9,10.2,852.0,7.8,846.2,8.2,"1,012.3",8.4,830.2,14.4,"1,001.6",23.5,"1,004.0",17.3,870.7,3.8
Mean weekly earnings,   Males,Full-time,Without leave entitlements,Aug-06,973.8,8.7,877.9,7.6,948.7,6.2,854.9,9.3,"1,164.1",9.5,881.0,14.8,746.4,30.4,"1,360.3",12.9,962.3,3.5
Mean weekly earnings,   Males,Full-time,Without leave entitlements,Aug-07,974.5,7.5,"1,019.7",6.8,"1,025.0",8.2,849.0,8.2,"1,342.6",8.4,835.2,13.7,"1,225.6",30.5,"1,409.1",12.1,"1,032.6",3.3
Mean weekly earnings,   Males,Full-time,Without leave entitlements,Aug-08,"1,066.0",10.2,942.3,11.0,"1,094.7",9.0,960.8,9.0,"1,602.6",18.2,"1,118.1",17.9,"1,060.2",18.6,"1,044.5",21.9,"1,107.9",5.6
Mean weekly earnings,   Males,Full-time,Without leave entitlements,Aug-09,"1,076.0",11.5,"1,196.5",19.2,"1,104.5",9.5,"1,045.9",11.1,"1,332.8",10.8,966.6,23.7,"1,250.5",13.6,"2,243.4",24.2,"1,151.5",5.0
Mean weekly earnings,   Males,Full-time,Without leave entitlements,Aug-10,"1,154.3",9.3,"1,009.6",9.1,"1,133.9",7.3,"1,000.0",7.1,"1,447.1",8.6,951.8,17.0,"1,323.6",15.1,"1,761.7",19.2,"1,145.7",3.9
Mean weekly earnings,   Males,Full-time,Without leave entitlements,Aug-11,"1,164.8",9.4,"1,096.7",10.0,"1,244.8",7.6,957.4,10.1,"1,712.6",9.7,"1,197.9",17.2,"1,043.9",18.4,"1,581.6",25.7,"1,218.4",3.8
Mean weekly earnings,   Males,Full-time,Without leave entitlements,Aug-12,"1,252.6",7.8,"1,131.3",10.0,"1,201.8",9.5,"1,206.0",10.3,"1,686.9",8.4,"1,123.7",14.6,"1,246.6",18.4,"1,706.0",23.4,"1,274.5",4.8
Mean weekly earnings,   Males,Full-time,Without leave entitlements,Aug-13,"1,211.4",8.7,"1,145.5",7.6,"1,341.2",6.1,"1,114.8",11.9,"1,755.1",12.3,"1,082.6",14.9,"1,514.1",15.7,"1,452.7",21.9,"1,290.7",3.3
Mean weekly earnings,   Males,Full-time,Without leave entitlements,Aug-14,"1,297.5",8.3,"1,194.1",7.9,"1,367.4",10.9,"1,036.2",9.8,"1,681.7",9.4,"1,179.5",17.0,"1,431.7",12.9,"1,733.1",19.7,"1,326.6",4.0
Mean weekly earnings,   Males,Full-time,Without leave entitlements,Aug-15,"1,337.3",7.4,"1,174.5",8.3,"1,488.7",12.0,"1,111.0",10.3,"1,615.9",11.8,"1,090.7",19.5,"1,356.5",16.2,"2,029.6",21.4,"1,374.6",4.9
Mean weekly earnings,   Males,Full-time,Without leave entitlements,Aug-16,"1,258.3",8.3,"1,413.9",11.9,"1,286.9",7.0,"1,316.4",11.3,"1,562.7",9.7,"1,026.2",16.4,"1,513.1",15.7,"1,729.7",22.5,"1,343.3",4.6
Mean weekly earnings,   Males,Full-time,Without leave entitlements,Aug-17,"1,241.5",7.1,"1,271.0",6.6,"1,440.7",9.8,"1,165.7",10.2,"1,583.1",14.2,"1,273.7",12.9,"1,466.8",18.5,"1,595.6",13.3,"1,337.4",4.2
Mean weekly earnings,   Males,Full-time,Without leave entitlements,Aug-18,"1,404.7",9.1,"1,277.0",9.4,"1,396.5",7.2,"1,353.6",10.6,"1,910.6",10.0,"1,418.4",19.0,"1,892.2",19.4,"2,177.3",23.5,"1,452.3",4.7
Mean weekly earnings,   Males,Full-time,Without leave entitlements,Aug-19,"1,374.2",7.9,"1,488.5",12.4,"1,607.0",8.1,"1,333.9",11.0,"1,889.8",9.4,"1,602.8",25.9,"1,480.5",20.9,"2,369.5",20.9,"1,539.4",4.4
Mean weekly earnings,   Males,Full-time,Without leave entitlements,Aug-20,"1,407.0",9.7,"1,317.0",11.0,"1,284.4",13.0,"1,271.3",11.0,"1,945.3",9.9,"1,153.2",18.2,"1,643.5",19.1,"2,464.6",21.3,"1,444.5",5.4
Mean weekly earnings,   Males,Full-time,Without leave entitlements,Aug-21,"1,496.3",8.8,"1,470.2",11.8,"1,502.4",10.1,"1,257.0",10.4,"2,017.8",11.4,"1,293.1",16.0,"1,416.5",11.9,"2,403.9",16.0,"1,545.2",4.3
Mean weekly earnings,   Males,Full-time,Without leave entitlements,Aug-22,"1,269.6",8.5,"1,495.9",8.1,"1,668.7",9.1,"1,536.7",9.3,"2,133.6",9.9,"1,333.7",15.8,"1,788.2",22.2,"2,767.9",15.8,"1,592.4",4.3
Mean weekly earnings,   Males,Full-time,Without leave entitlements,Aug-23,"1,707.2",10.1,"1,649.2",7.9,"1,712.0",9.2,"1,284.1",12.2,"2,214.7",11.5,"1,478.3",18.4,"1,971.8",18.2,"2,517.8",19.5,"1,735.3",4.2
Mean weekly earnings,   Males,Full-time,Without leave entitlements,Aug-24,"1,781.6",11.0,"2,219.7",10.8,"1,864.1",11.2,"1,748.2",11.9,"2,417.4",8.9,"1,600.6",19.7,"1,967.1",16.0,"2,579.9",14.9,"2,001.3",5.7
Mean weekly earnings,   Males,Full-time,Total,Aug-75,154.0,0.0,153.0,0.0,146.0,0.0,145.0,0.0,155.0,0.0,145.0,0.0,177.0,0.0,200.0,0.0,152.0,0.0
Mean weekly earnings,   Males,Full-time,Total,Aug-76,176.0,0.0,175.0,0.0,168.0,0.0,164.0,0.0,176.0,0.0,163.0,0.0,188.0,0.0,220.0,0.0,174.0,0.0
Mean weekly earnings,   Males,Full-time,Total,Aug-77,194.0,0.0,190.0,0.0,186.0,0.0,183.0,0.0,197.0,0.0,179.0,0.0,217.0,0.0,246.0,0.0,191.0,0.0
Mean weekly earnings,   Males,Full-time,Total,Aug-78,214.0,0.0,209.0,0.0,206.0,0.0,197.0,0.0,212.0,0.0,197.0,0.0,241.0,0.0,263.0,0.0,209.0,0.0
Mean weekly earnings,   Males,Full-time,Total,Aug-79,230.0,0.0,223.0,0.0,216.0,0.0,214.0,0.0,227.0,0.0,208.0,0.0,279.0,0.0,285.0,0.0,224.0,0.0
Mean weekly earnings,   Males,Full-time,Total,Aug-80,255.0,0.0,245.0,0.0,241.0,0.0,237.0,0.0,253.0,0.0,239.0,0.0,308.0,0.0,300.0,0.0,248.0,0.0
Mean weekly earnings,   Males,Full-time,Total,Aug-81,282.0,0.0,273.0,0.0,271.0,0.0,259.0,0.0,283.0,0.0,266.0,0.0,342.0,0.0,334.0,0.0,276.0,0.0
Mean weekly earnings,   Males,Full-time,Total,Aug-82,328.0,0.0,317.0,0.0,315.0,0.0,304.0,0.0,326.0,0.0,292.0,0.0,375.0,0.0,394.0,0.0,322.0,0.0
Mean weekly earnings,   Males,Full-time,Total,Aug-83,346.0,0.0,335.0,0.0,338.0,0.0,323.0,0.0,347.0,0.0,323.0,0.0,404.0,0.0,416.0,0.0,340.0,0.0
Mean weekly earnings,   Males,Full-time,Total,Aug-84,377.0,0.0,359.0,0.0,353.0,0.0,349.0,0.0,379.0,0.0,348.0,0.0,449.0,0.0,452.0,0.0,366.0,0.0
Mean weekly earnings,   Males,Full-time,Total,Aug-85,399.0,0.0,392.0,0.0,389.0,0.0,378.0,0.0,403.0,0.0,358.0,0.0,471.0,0.0,482.0,0.0,394.0,0.0
Mean weekly earnings,   Males,Full-time,Total,Aug-86,427.0,0.0,415.0,0.0,407.0,0.0,399.0,0.0,429.0,0.0,389.0,0.0,474.0,0.0,545.0,0.0,420.0,0.0
Mean weekly earnings,   Males,Full-time,Total,Aug-87,458.0,0.0,438.0,0.0,431.0,0.0,430.0,0.0,452.0,0.0,404.0,0.0,508.0,0.0,541.0,0.0,444.0,0.0
Mean weekly earnings,   Males,Full-time,Total,Aug-88,486.0,0.0,472.0,0.0,458.0,0.0,455.0,0.0,485.0,0.0,451.0,0.0,540.0,0.0,571.0,0.0,476.0,0.0
Mean weekly earnings,   Males,Full-time,Total,Aug-89,519.4,0.0,507.7,0.0,499.0,0.0,484.6,0.0,540.9,0.0,484.9,0.0,562.8,0.0,606.8,0.0,513.1,0.0
Mean weekly earnings,   Males,Full-time,Total,Aug-90,547.8,0.0,538.0,0.0,518.7,0.0,524.6,0.0,547.7,0.0,511.6,0.0,621.6,0.0,631.4,0.0,539.9,0.0
Mean weekly earnings,   Males,Full-time,Total,Jul-91,586.0,0.0,569.0,0.0,540.0,0.0,534.0,0.0,597.0,0.0,540.0,0.0,604.0,0.0,660.0,0.0,570.0,0.0
Mean weekly earnings,   Males,Full-time,Total,Aug-92,593.0,1.4,586.1,1.9,567.3,2.1,552.2,2.1,609.0,2.2,545.3,3.1,634.6,12.1,708.0,3.7,586.7,1.0
Mean weekly earnings,   Males,Full-time,Total,Aug-93,643.6,2.3,614.8,1.9,583.8,2.0,580.7,2.7,653.2,2.7,563.9,2.8,678.8,8.9,736.6,3.0,622.2,1.2
Mean weekly earnings,   Males,Full-time,Total,Aug-94,657.8,2.6,673.0,2.6,612.9,2.0,604.9,3.0,697.6,4.0,582.3,2.7,695.0,8.9,743.0,2.9,653.6,1.3
Mean weekly earnings,   Males,Full-time,Total,Aug-95,690.2,1.6,657.3,1.8,624.3,2.4,630.5,2.5,695.3,2.3,630.4,3.5,659.4,7.1,785.1,3.5,666.5,1.1
Mean weekly earnings,   Males,Full-time,Total,Aug-96,0.0,0.0,0.0,0.0,0.0,0.0,0.0,0.0,0.0,0.0,0.0,0.0,0.0,0.0,0.0,0.0,0.0,0.0
Mean weekly earnings,   Males,Full-time,Total,Aug-97,712.2,2.2,687.2,2.3,680.1,2.1,655.5,2.3,753.7,3.3,609.7,3.6,743.9,12.4,837.9,3.2,700.6,1.1
Mean weekly earnings,   Males,Full-time,Total,Aug-98,728.2,1.9,704.0,1.7,680.7,2.4,643.2,3.2,720.3,3.5,606.4,5.1,769.0,11.5,841.7,3.7,706.2,1.1
Mean weekly earnings,   Males,Full-time,Total,Aug-99,797.5,1.8,706.5,1.9,696.0,2.2,696.6,2.4,774.4,3.2,646.6,3.8,794.0,8.8,911.3,4.5,745.6,0.9
Mean weekly earnings,   Males,Full-time,Total,Aug-00,817.0,2.1,788.4,2.0,739.8,2.2,719.8,3.0,825.2,2.9,673.9,4.0,856.9,13.3,940.8,3.5,789.1,1.1
Mean weekly earnings,   Males,Full-time,Total,Aug-01,883.8,1.8,819.8,2.0,811.1,3.0,784.3,3.3,840.9,2.5,741.1,3.9,827.8,11.0,978.7,4.1,841.1,1.1
Mean weekly earnings,   Males,Full-time,Total,Aug-02,881.8,1.8,832.0,2.0,815.6,3.3,787.3,2.8,895.3,2.7,739.4,4.1,863.6,9.2,"1,017.4",4.3,850.9,1.1
Mean weekly earnings,   Males,Full-time,Total,Aug-03,933.8,4.2,852.2,5.2,839.0,2.9,818.9,4.6,931.9,9.0,798.3,7.3,866.5,8.8,"1,063.7",4.8,886.2,4.3
Mean weekly earnings,   Males,Full-time,Total,Aug-04,"1,045.4",1.8,972.9,1.9,924.8,2.4,900.1,3.0,999.9,2.2,847.6,3.6,"1,016.6",10.1,"1,112.8",2.8,984.4,0.9
Mean weekly earnings,   Males,Full-time,Total,Aug-05,"1,085.4",2.3,"1,034.7",1.9,986.0,2.3,993.4,3.4,"1,091.9",2.1,902.3,4.0,"1,034.6",9.6,"1,135.9",4.1,"1,043.4",1.1
Mean weekly earnings,   Males,Full-time,Total,Aug-06,"1,148.5",2.3,"1,084.2",1.3,"1,054.8",1.7,"1,024.3",3.2,"1,176.6",2.5,968.1,4.7,"1,139.5",9.0,"1,240.8",2.7,"1,105.8",1.1
Mean weekly earnings,   Males,Full-time,Total,Aug-07,"1,241.4",2.9,"1,163.9",2.3,"1,120.5",2.0,"1,110.0",4.5,"1,274.3",2.0,"1,008.6",4.0,"1,224.6",9.9,"1,439.4",4.2,"1,190.6",1.4
Mean weekly earnings,   Males,Full-time,Total,Aug-08,"1,269.2",2.5,"1,207.2",3.2,"1,193.2",3.1,"1,079.8",2.8,"1,387.1",3.2,"1,047.6",3.6,"1,364.0",10.0,"1,430.5",4.3,"1,237.9",1.4
Mean weekly earnings,   Males,Full-time,Total,Aug-09,"1,352.1",3.3,"1,238.9",2.8,"1,246.0",2.8,"1,180.8",2.9,"1,393.4",3.1,"1,118.5",5.2,"1,430.0",9.0,"1,529.9",4.2,"1,294.9",1.4
Mean weekly earnings,   Males,Full-time,Total,Aug-10,"1,388.7",2.3,"1,290.6",2.9,"1,324.7",2.0,"1,202.5",2.9,"1,556.1",2.9,"1,135.1",3.3,"1,479.8",7.9,"1,542.2",3.1,"1,357.1",1.4
Mean weekly earnings,   Males,Full-time,Total,Aug-11,"1,421.6",2.3,"1,320.2",2.3,"1,372.5",2.2,"1,255.7",3.1,"1,637.4",3.7,"1,164.7",3.5,"1,346.1",7.0,"1,552.0",4.2,"1,396.5",1.2
Mean weekly earnings,   Males,Full-time,Total,Aug-12,"1,457.2",2.4,"1,376.2",2.1,"1,435.5",2.2,"1,351.2",2.9,"1,771.9",2.7,"1,280.2",5.3,"1,483.8",5.7,"1,633.1",3.6,"1,465.7",1.1
Mean weekly earnings,   Males,Full-time,Total,Aug-13,"1,501.1",2.4,"1,383.3",2.0,"1,521.1",2.6,"1,415.5",2.5,"1,737.6",3.1,"1,274.3",4.0,"1,678.6",5.5,"1,767.2",7.8,"1,504.1",1.1
Mean weekly earnings,   Males,Full-time,Total,Aug-14,"1,583.1",2.5,"1,532.5",2.2,"1,562.9",2.1,"1,404.6",2.5,"1,846.8",2.9,"1,279.3",3.9,"1,818.4",5.3,"1,745.0",3.8,"1,586.0",1.2
Mean weekly earnings,   Males,Full-time,Total,Aug-15,"1,629.7",1.7,"1,544.2",2.5,"1,569.1",2.8,"1,437.0",3.3,"1,768.6",3.6,"1,266.3",3.6,"1,670.8",5.2,"1,774.4",5.4,"1,596.2",0.9
Mean weekly earnings,   Males,Full-time,Total,Aug-16,"1,648.0",1.8,"1,594.3",2.4,"1,562.5",2.8,"1,482.4",4.1,"1,771.8",2.7,"1,330.8",4.4,"1,909.9",6.1,"1,810.2",4.8,"1,620.8",1.0
Mean weekly earnings,   Males,Full-time,Total,Aug-17,"1,666.8",1.7,"1,609.4",2.1,"1,637.7",2.2,"1,456.6",3.5,"1,837.6",2.9,"1,466.2",4.3,"1,780.1",3.7,"1,810.7",4.3,"1,650.3",0.9
Mean weekly earnings,   Males,Full-time,Total,Aug-18,"1,762.1",2.4,"1,649.8",2.1,"1,663.2",2.6,"1,552.2",3.2,"1,942.4",3.1,"1,432.4",4.8,"1,764.0",4.9,"1,849.8",5.3,"1,714.9",1.1
Mean weekly earnings,   Males,Full-time,Total,Aug-19,"1,789.0",2.2,"1,772.9",2.5,"1,678.2",2.0,"1,577.2",2.8,"2,124.5",2.8,"1,585.6",4.8,"1,678.2",5.6,"1,976.2",4.7,"1,785.1",1.0
Mean weekly earnings,   Males,Full-time,Total,Aug-20,"1,787.9",1.9,"1,781.8",1.9,"1,668.3",3.1,"1,615.6",3.7,"2,075.3",2.8,"1,534.4",4.3,"1,771.4",6.0,"2,023.9",4.4,"1,785.2",0.9
Mean weekly earnings,   Males,Full-time,Total,Aug-21,"1,962.7",2.4,"1,843.8",2.8,"1,798.3",2.3,"1,669.6",2.4,"2,048.2",2.9,"1,598.7",4.6,"1,862.6",5.0,"2,086.3",3.8,"1,882.4",1.4
Mean weekly earnings,   Males,Full-time,Total,Aug-22,"1,953.3",2.4,"1,909.3",2.2,"1,921.7",3.2,"1,720.3",3.0,"2,211.8",2.5,"1,582.3",4.0,"1,896.1",5.0,"2,193.0",4.4,"1,947.0",1.3
Mean weekly earnings,   Males,Full-time,Total,Aug-23,"2,033.5",2.0,"1,989.5",2.3,"1,978.1",2.2,"1,778.6",2.8,"2,174.8",3.7,"1,729.3",4.1,"1,906.3",4.1,"2,093.1",3.8,"2,004.2",1.1
Mean weekly earnings,   Males,Full-time,Total,Aug-24,"2,116.0",2.2,"2,170.8",2.1,"2,108.8",2.8,"1,956.9",2.8,"2,461.1",2.3,"1,775.6",3.7,"2,165.1",4.9,"2,338.6",4.3,"2,157.4",1.3
Mean weekly earnings,   Males,Part-time,With leave entitlements,Aug-75,0.0,0.0,0.0,0.0,0.0,0.0,0.0,0.0,0.0,0.0,0.0,0.0,0.0,0.0,0.0,0.0,0.0,0.0
Mean weekly earnings,   Males,Part-time,With leave entitlements,Aug-76,0.0,0.0,0.0,0.0,0.0,0.0,0.0,0.0,0.0,0.0,0.0,0.0,0.0,0.0,0.0,0.0,0.0,0.0
Mean weekly earnings,   Males,Part-time,With leave entitlements,Aug-77,0.0,0.0,0.0,0.0,0.0,0.0,0.0,0.0,0.0,0.0,0.0,0.0,0.0,0.0,0.0,0.0,0.0,0.0
Mean weekly earnings,   Males,Part-time,With leave entitlements,Aug-78,0.0,0.0,0.0,0.0,0.0,0.0,0.0,0.0,0.0,0.0,0.0,0.0,0.0,0.0,0.0,0.0,0.0,0.0
Mean weekly earnings,   Males,Part-time,With leave entitlements,Aug-79,0.0,0.0,0.0,0.0,0.0,0.0,0.0,0.0,0.0,0.0,0.0,0.0,0.0,0.0,0.0,0.0,0.0,0.0
Mean weekly earnings,   Males,Part-time,With leave entitlements,Aug-80,0.0,0.0,0.0,0.0,0.0,0.0,0.0,0.0,0.0,0.0,0.0,0.0,0.0,0.0,0.0,0.0,0.0,0.0
Mean weekly earnings,   Males,Part-time,With leave entitlements,Aug-81,0.0,0.0,0.0,0.0,0.0,0.0,0.0,0.0,0.0,0.0,0.0,0.0,0.0,0.0,0.0,0.0,0.0,0.0
Mean weekly earnings,   Males,Part-time,With leave entitlements,Aug-82,0.0,0.0,0.0,0.0,0.0,0.0,0.0,0.0,0.0,0.0,0.0,0.0,0.0,0.0,0.0,0.0,0.0,0.0
Mean weekly earnings,   Males,Part-time,With leave entitlements,Aug-83,0.0,0.0,0.0,0.0,0.0,0.0,0.0,0.0,0.0,0.0,0.0,0.0,0.0,0.0,0.0,0.0,0.0,0.0
Mean weekly earnings,   Males,Part-time,With leave entitlements,Aug-84,0.0,0.0,0.0,0.0,0.0,0.0,0.0,0.0,0.0,0.0,0.0,0.0,0.0,0.0,0.0,0.0,0.0,0.0
Mean weekly earnings,   Males,Part-time,With leave entitlements,Aug-85,0.0,0.0,0.0,0.0,0.0,0.0,0.0,0.0,0.0,0.0,0.0,0.0,0.0,0.0,0.0,0.0,0.0,0.0
Mean weekly earnings,   Males,Part-time,With leave entitlements,Aug-86,0.0,0.0,0.0,0.0,0.0,0.0,0.0,0.0,0.0,0.0,0.0,0.0,0.0,0.0,0.0,0.0,0.0,0.0
Mean weekly earnings,   Males,Part-time,With leave entitlements,Aug-87,0.0,0.0,0.0,0.0,0.0,0.0,0.0,0.0,0.0,0.0,0.0,0.0,0.0,0.0,0.0,0.0,0.0,0.0
Mean weekly earnings,   Males,Part-time,With leave entitlements,Aug-88,0.0,0.0,0.0,0.0,0.0,0.0,0.0,0.0,0.0,0.0,0.0,0.0,0.0,0.0,0.0,0.0,276.0,0.0
Mean weekly earnings,   Males,Part-time,With leave entitlements,Aug-89,261.9,0.0,243.7,0.0,216.2,0.0,260.6,0.0,259.7,0.0,217.2,0.0,0.0,0.0,194.0,0.0,250.1,0.0
Mean weekly earnings,   Males,Part-time,With leave entitlements,Aug-90,244.3,0.0,260.0,0.0,185.7,0.0,231.6,0.0,344.4,0.0,209.7,0.0,0.0,0.0,347.1,0.0,252.5,0.0
Mean weekly earnings,   Males,Part-time,With leave entitlements,Jul-91,0.0,0.0,0.0,0.0,0.0,0.0,0.0,0.0,0.0,0.0,0.0,0.0,0.0,0.0,0.0,0.0,305.0,0.0
Mean weekly earnings,   Males,Part-time,With leave entitlements,Aug-92,293.1,16.5,270.8,12.2,331.2,20.8,279.3,28.9,243.9,18.6,314.4,36.5,300.0,107.3,261.8,64.4,280.3,9.0
Mean weekly earnings,   Males,Part-time,With leave entitlements,Aug-93,273.2,20.1,260.5,15.7,202.0,22.6,365.8,30.9,319.7,19.0,264.2,41.7,253.1,95.4,333.7,28.0,278.1,8.8
Mean weekly earnings,   Males,Part-time,With leave entitlements,Aug-94,235.5,13.7,277.3,16.1,224.3,25.9,299.5,36.5,235.9,16.2,345.8,34.1,100.0,103.4,353.3,28.2,256.9,7.2
Mean weekly earnings,   Males,Part-time,With leave entitlements,Aug-95,339.3,17.5,273.3,13.6,256.3,18.3,322.0,27.7,295.5,20.4,270.6,28.8,260.9,71.7,332.1,25.2,294.2,7.9
Mean weekly earnings,   Males,Part-time,With leave entitlements,Aug-96,0.0,0.0,0.0,0.0,0.0,0.0,0.0,0.0,0.0,0.0,0.0,0.0,0.0,0.0,0.0,0.0,0.0,0.0
Mean weekly earnings,   Males,Part-time,With leave entitlements,Aug-97,304.5,20.1,255.6,13.4,283.1,22.4,267.4,20.8,208.2,21.6,406.2,23.6,256.9,44.4,332.2,25.4,275.6,9.0
Mean weekly earnings,   Males,Part-time,With leave entitlements,Aug-98,239.7,21.3,244.8,10.1,308.7,31.2,244.3,23.4,266.4,22.4,370.2,33.5,300.0,102.0,326.4,25.0,260.5,10.3
Mean weekly earnings,   Males,Part-time,With leave entitlements,Aug-99,376.6,16.3,289.2,12.1,272.9,16.0,269.0,15.2,326.2,19.6,390.9,24.7,437.4,44.6,297.6,27.5,315.7,6.8
Mean weekly earnings,   Males,Part-time,With leave entitlements,Aug-00,383.7,16.2,323.1,11.9,269.6,16.2,330.5,18.9,328.6,23.3,368.2,26.7,228.5,40.6,518.0,28.6,341.4,7.0
Mean weekly earnings,   Males,Part-time,With leave entitlements,Aug-01,375.0,11.9,349.7,15.3,337.0,17.3,435.2,20.5,298.6,13.8,302.1,35.7,260.4,59.0,373.0,20.6,355.7,6.9
Mean weekly earnings,   Males,Part-time,With leave entitlements,Aug-02,480.1,24.0,355.5,13.4,349.2,10.9,395.2,19.4,348.1,16.0,313.5,35.2,672.2,105.1,418.4,29.8,397.9,12.2
Mean weekly earnings,   Males,Part-time,With leave entitlements,Aug-03,521.3,15.6,373.0,10.3,397.5,15.7,445.1,20.9,434.6,16.7,367.9,22.9,312.9,32.5,583.7,23.7,439.2,6.9
Mean weekly earnings,   Males,Part-time,With leave entitlements,Aug-04,502.7,13.3,456.0,11.7,660.7,18.3,417.8,12.4,510.8,17.4,484.0,25.7,0.0,0.0,572.3,21.6,510.3,7.5
Mean weekly earnings,   Males,Part-time,With leave entitlements,Aug-05,518.7,14.2,575.2,12.1,501.1,12.1,424.1,17.1,449.3,15.3,599.2,23.8,530.5,51.1,534.5,18.5,519.9,7.7
Mean weekly earnings,   Males,Part-time,With leave entitlements,Aug-06,524.6,12.4,623.0,7.4,564.3,10.1,555.0,16.6,493.7,13.2,474.3,15.7,344.3,69.4,603.6,21.7,559.5,5.7
Mean weekly earnings,   Males,Part-time,With leave entitlements,Aug-07,515.8,9.8,494.1,14.7,613.1,13.5,616.5,16.7,609.0,13.0,489.5,18.9,996.8,25.9,647.5,23.3,547.8,6.4
Mean weekly earnings,   Males,Part-time,With leave entitlements,Aug-08,667.2,18.0,567.2,16.7,731.7,25.3,521.8,17.9,572.6,19.8,530.8,17.1,"1,378.2",64.4,539.6,28.7,630.0,8.0
Mean weekly earnings,   Males,Part-time,With leave entitlements,Aug-09,684.5,11.9,540.0,12.7,727.5,13.8,604.7,19.9,690.3,27.0,647.9,28.8,741.5,40.6,819.3,35.7,654.7,6.7
Mean weekly earnings,   Males,Part-time,With leave entitlements,Aug-10,632.3,8.4,629.3,10.4,645.0,12.0,680.7,20.6,680.2,16.9,575.5,14.4,"1,169.0",45.4,758.1,20.1,646.5,4.6
Mean weekly earnings,   Males,Part-time,With leave entitlements,Aug-11,666.9,10.6,606.4,11.5,638.2,14.5,703.7,11.6,599.1,14.0,602.7,18.6,752.9,32.9,792.3,18.4,642.2,6.4
Mean weekly earnings,   Males,Part-time,With leave entitlements,Aug-12,738.3,12.6,619.5,8.8,678.0,14.0,625.7,13.4,611.4,12.5,723.1,17.4,555.4,34.3,861.7,18.3,673.3,6.3
Mean weekly earnings,   Males,Part-time,With leave entitlements,Aug-13,764.0,15.1,630.7,9.2,723.3,16.3,740.9,15.1,684.9,17.9,624.0,16.6,606.1,34.3,802.7,20.8,705.6,7.3
Mean weekly earnings,   Males,Part-time,With leave entitlements,Aug-14,740.5,12.0,666.6,9.2,804.3,16.8,640.5,15.6,720.6,15.2,652.4,15.6,557.1,29.5,835.3,30.5,717.2,6.7
Mean weekly earnings,   Males,Part-time,With leave entitlements,Aug-15,740.5,8.6,715.5,9.7,896.1,15.5,733.0,18.3,793.7,18.7,636.5,16.6,949.6,35.3,817.7,30.1,760.2,6.0
Mean weekly earnings,   Males,Part-time,With leave entitlements,Aug-16,759.4,8.6,717.6,11.2,919.9,13.4,727.5,14.3,817.9,16.3,743.5,16.3,985.6,30.6,833.0,23.9,778.1,4.9
Mean weekly earnings,   Males,Part-time,With leave entitlements,Aug-17,790.9,11.3,818.1,9.3,697.4,10.3,675.1,14.0,691.2,15.4,880.7,21.6,659.3,45.1,"1,067.9",29.4,769.4,4.4
Mean weekly earnings,   Males,Part-time,With leave entitlements,Aug-18,856.6,14.5,836.3,13.4,873.4,11.6,759.4,11.1,"1,051.4",17.0,860.4,18.8,549.6,29.1,878.3,18.7,863.3,7.1
Mean weekly earnings,   Males,Part-time,With leave entitlements,Aug-19,986.3,12.2,871.4,11.0,871.1,10.4,923.0,23.9,990.4,22.9,774.9,14.2,"1,020.4",23.0,"1,050.7",27.2,921.8,4.7
Mean weekly earnings,   Males,Part-time,With leave entitlements,Aug-20,925.6,9.8,853.8,6.7,998.6,11.1,876.6,14.7,929.0,14.3,850.0,12.3,701.4,19.4,"1,051.8",20.3,911.6,4.6
Mean weekly earnings,   Males,Part-time,With leave entitlements,Aug-21,921.2,12.1,961.6,12.1,"1,012.5",14.3,836.3,12.7,849.2,12.1,853.4,14.7,"1,150.5",45.3,"1,000.2",24.7,935.5,7.2
Mean weekly earnings,   Males,Part-time,With leave entitlements,Aug-22,913.5,9.7,840.3,11.5,"1,086.6",11.6,918.4,10.3,"1,027.0",14.9,873.1,12.7,938.3,33.0,"1,003.3",17.9,942.5,4.6
Mean weekly earnings,   Males,Part-time,With leave entitlements,Aug-23,990.1,11.0,928.7,10.6,"1,197.3",13.6,"1,043.8",13.0,"1,084.0",16.4,849.2,12.5,"1,194.0",30.2,841.6,17.3,"1,020.8",4.6
Mean weekly earnings,   Males,Part-time,With leave entitlements,Aug-24,"1,035.9",9.1,"1,201.2",11.7,953.5,15.6,935.5,11.7,"1,132.1",13.1,"1,030.8",15.8,"1,041.4",20.0,"1,158.6",19.4,"1,073.1",5.4
Mean weekly earnings,   Males,Part-time,Without leave entitlements,Aug-75,0.0,0.0,0.0,0.0,0.0,0.0,0.0,0.0,0.0,0.0,0.0,0.0,0.0,0.0,0.0,0.0,0.0,0.0
Mean weekly earnings,   Males,Part-time,Without leave entitlements,Aug-76,0.0,0.0,0.0,0.0,0.0,0.0,0.0,0.0,0.0,0.0,0.0,0.0,0.0,0.0,0.0,0.0,0.0,0.0
Mean weekly earnings,   Males,Part-time,Without leave entitlements,Aug-77,0.0,0.0,0.0,0.0,0.0,0.0,0.0,0.0,0.0,0.0,0.0,0.0,0.0,0.0,0.0,0.0,0.0,0.0
Mean weekly earnings,   Males,Part-time,Without leave entitlements,Aug-78,0.0,0.0,0.0,0.0,0.0,0.0,0.0,0.0,0.0,0.0,0.0,0.0,0.0,0.0,0.0,0.0,0.0,0.0
Mean weekly earnings,   Males,Part-time,Without leave entitlements,Aug-79,0.0,0.0,0.0,0.0,0.0,0.0,0.0,0.0,0.0,0.0,0.0,0.0,0.0,0.0,0.0,0.0,0.0,0.0
Mean weekly earnings,   Males,Part-time,Without leave entitlements,Aug-80,0.0,0.0,0.0,0.0,0.0,0.0,0.0,0.0,0.0,0.0,0.0,0.0,0.0,0.0,0.0,0.0,0.0,0.0
Mean weekly earnings,   Males,Part-time,Without leave entitlements,Aug-81,0.0,0.0,0.0,0.0,0.0,0.0,0.0,0.0,0.0,0.0,0.0,0.0,0.0,0.0,0.0,0.0,0.0,0.0
Mean weekly earnings,   Males,Part-time,Without leave entitlements,Aug-82,0.0,0.0,0.0,0.0,0.0,0.0,0.0,0.0,0.0,0.0,0.0,0.0,0.0,0.0,0.0,0.0,0.0,0.0
Mean weekly earnings,   Males,Part-time,Without leave entitlements,Aug-83,0.0,0.0,0.0,0.0,0.0,0.0,0.0,0.0,0.0,0.0,0.0,0.0,0.0,0.0,0.0,0.0,0.0,0.0
Mean weekly earnings,   Males,Part-time,Without leave entitlements,Aug-84,0.0,0.0,0.0,0.0,0.0,0.0,0.0,0.0,0.0,0.0,0.0,0.0,0.0,0.0,0.0,0.0,0.0,0.0
Mean weekly earnings,   Males,Part-time,Without leave entitlements,Aug-85,0.0,0.0,0.0,0.0,0.0,0.0,0.0,0.0,0.0,0.0,0.0,0.0,0.0,0.0,0.0,0.0,0.0,0.0
Mean weekly earnings,   Males,Part-time,Without leave entitlements,Aug-86,0.0,0.0,0.0,0.0,0.0,0.0,0.0,0.0,0.0,0.0,0.0,0.0,0.0,0.0,0.0,0.0,0.0,0.0
Mean weekly earnings,   Males,Part-time,Without leave entitlements,Aug-87,0.0,0.0,0.0,0.0,0.0,0.0,0.0,0.0,0.0,0.0,0.0,0.0,0.0,0.0,0.0,0.0,0.0,0.0
Mean weekly earnings,   Males,Part-time,Without leave entitlements,Aug-88,0.0,0.0,0.0,0.0,0.0,0.0,0.0,0.0,0.0,0.0,0.0,0.0,0.0,0.0,0.0,0.0,138.0,0.0
Mean weekly earnings,   Males,Part-time,Without leave entitlements,Aug-89,129.6,0.0,120.7,0.0,120.2,0.0,111.7,0.0,115.4,0.0,114.3,0.0,150.1,0.0,143.3,0.0,123.0,0.0
Mean weekly earnings,   Males,Part-time,Without leave entitlements,Aug-90,134.7,0.0,115.7,0.0,121.7,0.0,117.3,0.0,122.5,0.0,107.9,0.0,97.3,0.0,123.6,0.0,123.0,0.0
Mean weekly earnings,   Males,Part-time,Without leave entitlements,Jul-91,0.0,0.0,0.0,0.0,0.0,0.0,0.0,0.0,0.0,0.0,0.0,0.0,0.0,0.0,0.0,0.0,187.0,0.0
Mean weekly earnings,   Males,Part-time,Without leave entitlements,Aug-92,162.5,6.8,123.2,9.2,148.8,11.5,138.6,11.2,127.0,11.3,125.9,16.1,196.4,28.6,132.5,21.7,142.9,3.6
Mean weekly earnings,   Males,Part-time,Without leave entitlements,Aug-93,161.4,7.9,136.3,10.9,135.5,10.1,194.7,12.2,149.0,15.5,131.5,14.5,157.6,24.3,167.4,16.2,151.0,3.5
Mean weekly earnings,   Males,Part-time,Without leave entitlements,Aug-94,175.9,9.5,144.5,10.6,153.9,9.0,175.0,14.4,139.2,11.5,171.5,19.0,216.5,40.9,141.3,12.5,160.1,4.5
Mean weekly earnings,   Males,Part-time,Without leave entitlements,Aug-95,167.6,11.2,158.1,11.3,169.2,8.7,185.0,11.8,146.9,10.9,142.8,16.7,172.7,27.1,166.5,19.3,164.5,5.8
Mean weekly earnings,   Males,Part-time,Without leave entitlements,Aug-96,0.0,0.0,0.0,0.0,0.0,0.0,0.0,0.0,0.0,0.0,0.0,0.0,0.0,0.0,0.0,0.0,0.0,0.0
Mean weekly earnings,   Males,Part-time,Without leave entitlements,Aug-97,179.2,6.7,151.6,8.1,229.9,33.0,167.2,10.7,124.8,12.3,154.8,15.6,206.4,54.3,147.1,14.8,175.5,8.9
Mean weekly earnings,   Males,Part-time,Without leave entitlements,Aug-98,191.0,8.5,171.9,8.2,158.2,9.1,172.0,8.7,153.7,13.0,156.2,14.8,222.6,32.4,183.7,14.0,173.7,4.9
Mean weekly earnings,   Males,Part-time,Without leave entitlements,Aug-99,200.4,8.7,172.0,7.1,178.3,7.8,181.2,10.6,149.9,12.2,185.4,13.9,253.0,30.1,190.9,14.0,181.9,3.9
Mean weekly earnings,   Males,Part-time,Without leave entitlements,Aug-00,199.1,9.4,200.9,11.5,180.5,7.4,195.4,9.9,147.7,10.5,205.1,16.3,226.5,33.6,179.7,15.7,189.7,5.0
Mean weekly earnings,   Males,Part-time,Without leave entitlements,Aug-01,203.9,7.7,187.4,7.3,234.9,10.7,214.4,10.0,178.1,10.8,195.4,13.3,233.7,40.5,201.3,15.0,204.3,4.4
Mean weekly earnings,   Males,Part-time,Without leave entitlements,Aug-02,231.1,6.4,195.2,8.4,228.0,7.1,226.5,13.0,183.2,8.9,196.3,13.4,165.0,25.3,196.3,15.0,214.5,4.0
Mean weekly earnings,   Males,Part-time,Without leave entitlements,Aug-03,254.1,12.5,206.8,9.3,193.7,12.5,233.9,14.8,197.6,9.6,223.4,16.7,288.0,36.3,212.9,15.2,220.9,4.8
Mean weekly earnings,   Males,Part-time,Without leave entitlements,Aug-04,282.9,7.5,239.9,8.7,248.1,8.3,247.4,12.0,247.2,10.9,251.6,13.0,276.1,23.2,225.6,16.5,257.1,3.8
Mean weekly earnings,   Males,Part-time,Without leave entitlements,Aug-05,281.9,6.4,241.7,7.9,247.3,8.3,266.2,9.8,250.3,12.3,256.0,11.4,293.9,29.3,297.0,14.2,259.5,3.1
Mean weekly earnings,   Males,Part-time,Without leave entitlements,Aug-06,288.4,9.7,272.6,10.2,260.8,8.4,263.8,8.9,251.8,11.2,235.3,18.1,290.7,35.4,336.4,16.0,272.7,4.2
Mean weekly earnings,   Males,Part-time,Without leave entitlements,Aug-07,333.1,8.4,335.8,16.5,279.0,8.2,292.2,6.6,310.4,11.2,267.3,15.2,313.7,40.4,371.9,16.9,317.0,5.3
Mean weekly earnings,   Males,Part-time,Without leave entitlements,Aug-08,321.4,10.2,268.1,10.1,390.9,22.2,270.4,12.7,337.4,11.9,252.7,12.7,267.0,28.1,291.1,26.6,313.9,6.5
Mean weekly earnings,   Males,Part-time,Without leave entitlements,Aug-09,325.3,10.4,256.5,6.9,319.7,9.0,292.3,11.8,311.4,12.1,366.4,12.0,411.3,18.9,354.8,21.5,304.2,4.3
Mean weekly earnings,   Males,Part-time,Without leave entitlements,Aug-10,348.1,6.8,320.9,9.9,357.2,9.1,343.8,13.0,302.3,9.9,275.5,11.6,445.6,24.7,370.9,20.1,337.3,4.6
Mean weekly earnings,   Males,Part-time,Without leave entitlements,Aug-11,359.2,6.3,297.9,6.9,324.3,8.1,356.8,11.0,353.9,12.8,352.9,16.9,416.2,17.2,354.4,19.5,337.0,3.6
Mean weekly earnings,   Males,Part-time,Without leave entitlements,Aug-12,340.9,7.9,349.1,10.0,358.8,8.9,339.4,8.7,379.0,12.7,346.7,20.1,391.3,21.5,376.9,15.5,351.3,3.8
Mean weekly earnings,   Males,Part-time,Without leave entitlements,Aug-13,349.8,6.4,374.1,8.4,350.9,8.9,359.4,8.9,463.3,19.7,375.5,12.8,392.8,16.7,437.3,15.9,369.9,4.4
Mean weekly earnings,   Males,Part-time,Without leave entitlements,Aug-14,347.6,7.8,345.0,9.3,382.8,7.3,446.7,13.7,412.1,10.6,415.1,14.4,397.6,29.0,417.3,20.6,371.5,3.9
Mean weekly earnings,   Males,Part-time,Without leave entitlements,Aug-15,405.7,9.8,387.0,8.3,387.0,11.6,468.4,12.6,426.5,13.2,330.7,12.7,403.3,27.6,389.7,18.7,401.7,4.7
Mean weekly earnings,   Males,Part-time,Without leave entitlements,Aug-16,445.5,7.1,374.9,8.0,418.8,9.0,427.4,13.2,382.8,11.7,458.8,15.3,367.5,19.2,532.6,19.8,414.7,3.6
Mean weekly earnings,   Males,Part-time,Without leave entitlements,Aug-17,460.7,8.6,409.8,6.5,427.9,10.4,432.8,6.7,404.5,9.3,384.3,11.9,424.3,16.0,398.3,16.6,429.3,3.7
Mean weekly earnings,   Males,Part-time,Without leave entitlements,Aug-18,450.1,5.5,434.6,10.0,458.4,8.4,422.6,11.3,411.6,10.3,442.0,12.2,509.9,26.8,445.4,18.1,442.5,4.0
Mean weekly earnings,   Males,Part-time,Without leave entitlements,Aug-19,564.9,12.4,462.6,8.0,458.4,8.4,429.2,10.0,641.4,13.5,474.1,11.8,471.2,22.2,498.6,14.6,513.7,5.8
Mean weekly earnings,   Males,Part-time,Without leave entitlements,Aug-20,480.9,5.7,492.6,7.1,451.8,10.1,531.7,10.7,546.3,11.7,495.4,11.4,600.0,23.9,402.9,21.9,489.7,4.3
Mean weekly earnings,   Males,Part-time,Without leave entitlements,Aug-21,536.5,8.4,414.6,6.3,484.1,7.8,498.9,10.0,503.0,9.0,484.5,10.8,581.2,16.1,747.9,22.1,491.1,3.2
Mean weekly earnings,   Males,Part-time,Without leave entitlements,Aug-22,540.4,7.1,541.4,7.9,492.6,9.2,458.7,10.8,516.4,11.8,451.8,10.0,564.9,21.1,624.5,21.6,522.6,4.3
Mean weekly earnings,   Males,Part-time,Without leave entitlements,Aug-23,574.5,7.0,566.4,7.5,558.4,8.6,524.5,10.5,631.9,13.5,514.7,15.3,539.9,20.4,429.4,20.5,567.5,3.4
Mean weekly earnings,   Males,Part-time,Without leave entitlements,Aug-24,616.1,7.7,581.6,9.8,551.8,9.4,661.6,11.7,652.0,11.7,572.9,12.4,680.8,21.5,597.6,23.6,600.7,4.1
Mean weekly earnings,   Males,Part-time,Total,Aug-75,73.0,0.0,66.0,0.0,72.0,0.0,52.0,0.0,68.0,0.0,52.0,0.0,0.0,0.0,52.0,0.0,67.0,0.0
Mean weekly earnings,   Males,Part-time,Total,Aug-76,77.0,0.0,80.0,0.0,98.0,0.0,70.0,0.0,83.0,0.0,89.0,0.0,0.0,0.0,83.0,0.0,82.0,0.0
Mean weekly earnings,   Males,Part-time,Total,Aug-77,90.0,0.0,81.0,0.0,77.0,0.0,71.0,0.0,81.0,0.0,65.0,0.0,0.0,0.0,95.0,0.0,83.0,0.0
Mean weekly earnings,   Males,Part-time,Total,Aug-78,111.0,0.0,96.0,0.0,97.0,0.0,76.0,0.0,91.0,0.0,110.0,0.0,0.0,0.0,86.0,0.0,98.0,0.0
Mean weekly earnings,   Males,Part-time,Total,Aug-79,106.0,0.0,98.0,0.0,95.0,0.0,73.0,0.0,108.0,0.0,80.0,0.0,0.0,0.0,0.0,0.0,99.0,0.0
Mean weekly earnings,   Males,Part-time,Total,Aug-80,108.0,0.0,102.0,0.0,109.0,0.0,84.0,0.0,121.0,0.0,116.0,0.0,0.0,0.0,101.0,0.0,106.0,0.0
Mean weekly earnings,   Males,Part-time,Total,Aug-81,129.0,0.0,99.0,0.0,107.0,0.0,93.0,0.0,104.0,0.0,88.0,0.0,0.0,0.0,110.0,0.0,112.0,0.0
Mean weekly earnings,   Males,Part-time,Total,Aug-82,166.0,0.0,138.0,0.0,112.0,0.0,93.0,0.0,148.0,0.0,153.0,0.0,0.0,0.0,127.0,0.0,142.0,0.0
Mean weekly earnings,   Males,Part-time,Total,Aug-83,177.0,0.0,147.0,0.0,145.0,0.0,144.0,0.0,125.0,0.0,141.0,0.0,0.0,0.0,131.0,0.0,156.0,0.0
Mean weekly earnings,   Males,Part-time,Total,Aug-84,188.0,0.0,147.0,0.0,155.0,0.0,137.0,0.0,135.0,0.0,179.0,0.0,0.0,0.0,186.0,0.0,163.0,0.0
Mean weekly earnings,   Males,Part-time,Total,Aug-85,185.0,0.0,177.0,0.0,132.0,0.0,140.0,0.0,142.0,0.0,170.0,0.0,0.0,0.0,115.0,0.0,164.0,0.0
Mean weekly earnings,   Males,Part-time,Total,Aug-86,180.0,0.0,139.0,0.0,117.0,0.0,144.0,0.0,149.0,0.0,152.0,0.0,210.0,0.0,169.0,0.0,153.0,0.0
Mean weekly earnings,   Males,Part-time,Total,Aug-87,172.0,0.0,148.0,0.0,153.0,0.0,170.0,0.0,147.0,0.0,151.0,0.0,179.0,0.0,199.0,0.0,160.0,0.0
Mean weekly earnings,   Males,Part-time,Total,Aug-88,189.0,0.0,153.0,0.0,157.0,0.0,149.0,0.0,146.0,0.0,166.0,0.0,343.0,25.0,144.0,0.0,160.0,0.0
Mean weekly earnings,   Males,Part-time,Total,Aug-89,149.2,0.0,138.3,0.0,126.6,0.0,132.2,0.0,127.8,0.0,122.6,0.0,150.1,0.0,145.9,0.0,138.3,0.0
Mean weekly earnings,   Males,Part-time,Total,Aug-90,151.5,0.0,135.9,0.0,124.8,0.0,124.7,0.0,144.4,0.0,121.8,0.0,97.3,0.0,144.1,0.0,137.9,0.0
Mean weekly earnings,   Males,Part-time,Total,Jul-91,205.0,0.0,201.0,0.0,174.0,0.0,189.0,0.0,210.0,0.0,196.0,0.0,162.0,25.0,191.0,0.0,206.0,0.0
Mean weekly earnings,   Males,Part-time,Total,Aug-92,186.8,6.3,154.8,7.5,161.4,11.3,158.6,10.0,155.8,9.2,151.1,16.2,200.8,27.8,144.4,20.1,166.3,3.7
Mean weekly earnings,   Males,Part-time,Total,Aug-93,178.2,6.1,160.6,8.8,140.4,9.1,214.8,10.9,191.4,12.2,143.1,13.5,163.7,23.9,192.5,13.2,170.4,3.2
Mean weekly earnings,   Males,Part-time,Total,Aug-94,188.9,8.6,173.9,11.2,160.1,9.5,195.2,11.6,159.5,9.1,204.0,17.0,212.1,40.3,174.8,12.8,178.3,4.3
Mean weekly earnings,   Males,Part-time,Total,Aug-95,192.6,7.8,189.0,6.9,181.3,7.5,204.5,10.3,175.0,8.8,170.9,12.3,182.4,24.3,192.1,16.4,188.1,4.0
Mean weekly earnings,   Males,Part-time,Total,Aug-96,0.0,0.0,0.0,0.0,0.0,0.0,0.0,0.0,0.0,0.0,0.0,0.0,0.0,0.0,0.0,0.0,0.0,0.0
Mean weekly earnings,   Males,Part-time,Total,Aug-97,196.0,7.2,175.2,7.1,236.1,29.7,184.4,10.1,140.4,10.7,211.1,11.7,221.1,35.5,190.3,13.5,192.4,7.9
Mean weekly earnings,   Males,Part-time,Total,Aug-98,197.3,8.2,189.3,6.6,177.4,10.3,186.0,7.9,174.6,13.8,198.0,15.3,225.3,30.6,210.2,13.9,188.8,4.9
Mean weekly earnings,   Males,Part-time,Total,Aug-99,231.1,7.2,202.0,7.7,191.9,7.4,198.6,7.5,189.7,9.7,227.6,11.4,288.4,29.6,206.0,12.0,208.5,3.4
Mean weekly earnings,   Males,Part-time,Total,Aug-00,239.9,7.2,230.6,7.7,193.8,6.2,226.0,10.6,180.5,12.1,239.9,16.9,227.1,30.1,252.0,11.0,221.6,3.5
Mean weekly earnings,   Males,Part-time,Total,Aug-01,234.2,6.4,225.2,7.9,249.5,9.7,259.9,9.6,207.4,7.5,209.9,13.7,241.0,35.8,239.8,10.5,233.8,3.7
Mean weekly earnings,   Males,Part-time,Total,Aug-02,283.0,8.7,232.8,6.3,248.6,5.4,258.2,11.5,222.1,6.0,218.5,12.0,224.6,37.2,241.5,15.6,252.6,4.1
Mean weekly earnings,   Males,Part-time,Total,Aug-03,326.9,11.6,260.4,6.7,229.5,11.5,284.6,14.2,259.6,9.6,257.7,14.2,296.5,24.1,319.5,16.7,278.5,4.2
Mean weekly earnings,   Males,Part-time,Total,Aug-04,327.9,6.4,290.5,6.5,331.0,9.5,291.7,9.2,317.6,8.3,302.3,13.1,276.1,23.2,326.1,14.4,313.7,3.6
Mean weekly earnings,   Males,Part-time,Total,Aug-05,350.0,7.5,332.6,6.8,305.3,6.7,299.1,7.3,308.8,11.1,336.8,9.1,339.7,26.5,361.4,11.1,328.3,3.6
Mean weekly earnings,   Males,Part-time,Total,Aug-06,360.5,7.7,379.5,5.6,340.7,6.5,327.7,9.0,307.0,7.2,295.4,13.4,304.4,29.0,419.7,11.5,353.5,3.1
Mean weekly earnings,   Males,Part-time,Total,Aug-07,389.0,5.2,382.7,11.4,359.8,6.8,377.8,7.3,404.0,7.6,323.1,9.1,576.2,20.1,441.8,13.6,383.3,3.5
Mean weekly earnings,   Males,Part-time,Total,Aug-08,417.4,9.5,341.3,9.2,470.8,17.5,340.5,9.7,394.4,11.7,336.4,10.9,600.0,44.2,352.6,18.2,395.4,4.7
Mean weekly earnings,   Males,Part-time,Total,Aug-09,420.0,7.6,329.4,7.4,434.2,7.5,355.9,9.7,431.0,14.4,470.1,15.1,500.8,21.3,456.7,19.4,398.0,3.7
Mean weekly earnings,   Males,Part-time,Total,Aug-10,435.5,5.6,412.2,7.5,437.9,7.3,429.3,10.2,410.5,10.1,397.6,10.1,637.5,27.3,520.3,13.5,429.1,3.3
Mean weekly earnings,   Males,Part-time,Total,Aug-11,446.7,6.2,403.6,7.2,406.7,7.2,459.9,7.7,429.7,9.8,435.4,12.0,498.5,15.6,512.4,13.1,428.8,3.6
Mean weekly earnings,   Males,Part-time,Total,Aug-12,452.5,6.3,445.9,6.2,443.8,8.3,423.4,7.5,446.9,8.5,487.5,12.9,439.3,15.4,558.6,10.7,449.2,3.1
Mean weekly earnings,   Males,Part-time,Total,Aug-13,468.8,7.0,455.9,5.6,448.8,8.1,459.7,7.1,538.3,15.3,452.1,9.5,459.4,18.5,561.0,13.4,469.2,3.6
Mean weekly earnings,   Males,Part-time,Total,Aug-14,490.3,7.6,466.8,6.0,500.9,7.8,499.5,11.1,519.5,8.5,514.1,10.2,449.4,23.3,537.8,13.6,490.4,3.2
Mean weekly earnings,   Males,Part-time,Total,Aug-15,500.1,5.7,504.1,5.8,519.9,10.8,552.7,9.3,544.3,11.0,446.8,10.4,554.3,19.8,524.8,15.1,512.6,3.9
Mean weekly earnings,   Males,Part-time,Total,Aug-16,549.2,5.9,486.7,7.1,558.9,7.8,520.1,10.1,516.2,9.2,535.0,12.1,594.4,19.2,621.8,17.8,529.1,3.4
Mean weekly earnings,   Males,Part-time,Total,Aug-17,565.2,6.1,541.9,5.6,511.1,6.3,510.5,7.4,486.6,7.5,597.6,13.4,493.5,18.1,628.0,18.3,537.1,2.9
Mean weekly earnings,   Males,Part-time,Total,Aug-18,575.0,7.0,586.3,8.3,575.3,7.8,552.1,7.7,613.0,9.4,591.6,13.4,518.7,21.4,586.2,11.9,580.4,4.2
Mean weekly earnings,   Males,Part-time,Total,Aug-19,697.6,9.3,623.4,7.3,604.3,7.5,582.8,14.7,753.4,11.5,568.1,9.8,642.5,14.6,679.1,15.5,654.1,4.2
Mean weekly earnings,   Males,Part-time,Total,Aug-20,651.7,5.4,652.9,4.8,657.0,7.3,653.8,6.5,678.4,7.7,629.1,8.1,634.9,16.0,678.4,12.0,655.5,2.7
Mean weekly earnings,   Males,Part-time,Total,Aug-21,686.8,6.3,645.1,7.2,659.7,7.1,607.7,7.2,657.3,7.3,616.2,8.4,690.5,13.8,846.2,16.2,662.4,3.9
Mean weekly earnings,   Males,Part-time,Total,Aug-22,679.1,5.4,636.1,6.3,687.3,6.6,643.5,7.5,713.9,8.3,642.7,9.8,707.5,18.3,791.1,14.7,671.6,2.9
Mean weekly earnings,   Males,Part-time,Total,Aug-23,704.6,4.9,699.0,6.5,767.3,7.7,733.8,9.0,781.6,8.9,657.7,9.5,732.0,16.2,586.3,13.1,722.8,2.7
Mean weekly earnings,   Males,Part-time,Total,Aug-24,774.4,6.4,840.3,7.6,688.9,9.4,765.3,7.8,834.8,8.0,817.8,10.9,812.7,12.8,874.1,13.4,783.2,3.5
Mean weekly earnings,   Males,Total,With leave entitlements,Aug-75,0.0,0.0,0.0,0.0,0.0,0.0,0.0,0.0,0.0,0.0,0.0,0.0,0.0,0.0,0.0,0.0,0.0,0.0
Mean weekly earnings,   Males,Total,With leave entitlements,Aug-76,0.0,0.0,0.0,0.0,0.0,0.0,0.0,0.0,0.0,0.0,0.0,0.0,0.0,0.0,0.0,0.0,0.0,0.0
Mean weekly earnings,   Males,Total,With leave entitlements,Aug-77,0.0,0.0,0.0,0.0,0.0,0.0,0.0,0.0,0.0,0.0,0.0,0.0,0.0,0.0,0.0,0.0,0.0,0.0
Mean weekly earnings,   Males,Total,With leave entitlements,Aug-78,0.0,0.0,0.0,0.0,0.0,0.0,0.0,0.0,0.0,0.0,0.0,0.0,0.0,0.0,0.0,0.0,0.0,0.0
Mean weekly earnings,   Males,Total,With leave entitlements,Aug-79,0.0,0.0,0.0,0.0,0.0,0.0,0.0,0.0,0.0,0.0,0.0,0.0,0.0,0.0,0.0,0.0,0.0,0.0
Mean weekly earnings,   Males,Total,With leave entitlements,Aug-80,0.0,0.0,0.0,0.0,0.0,0.0,0.0,0.0,0.0,0.0,0.0,0.0,0.0,0.0,0.0,0.0,0.0,0.0
Mean weekly earnings,   Males,Total,With leave entitlements,Aug-81,0.0,0.0,0.0,0.0,0.0,0.0,0.0,0.0,0.0,0.0,0.0,0.0,0.0,0.0,0.0,0.0,0.0,0.0
Mean weekly earnings,   Males,Total,With leave entitlements,Aug-82,0.0,0.0,0.0,0.0,0.0,0.0,0.0,0.0,0.0,0.0,0.0,0.0,0.0,0.0,0.0,0.0,0.0,0.0
Mean weekly earnings,   Males,Total,With leave entitlements,Aug-83,0.0,0.0,0.0,0.0,0.0,0.0,0.0,0.0,0.0,0.0,0.0,0.0,0.0,0.0,0.0,0.0,0.0,0.0
Mean weekly earnings,   Males,Total,With leave entitlements,Aug-84,0.0,0.0,0.0,0.0,0.0,0.0,0.0,0.0,0.0,0.0,0.0,0.0,0.0,0.0,0.0,0.0,0.0,0.0
Mean weekly earnings,   Males,Total,With leave entitlements,Aug-85,0.0,0.0,0.0,0.0,0.0,0.0,0.0,0.0,0.0,0.0,0.0,0.0,0.0,0.0,0.0,0.0,0.0,0.0
Mean weekly earnings,   Males,Total,With leave entitlements,Aug-86,0.0,0.0,0.0,0.0,0.0,0.0,0.0,0.0,0.0,0.0,0.0,0.0,0.0,0.0,0.0,0.0,0.0,0.0
Mean weekly earnings,   Males,Total,With leave entitlements,Aug-87,0.0,0.0,0.0,0.0,0.0,0.0,0.0,0.0,0.0,0.0,0.0,0.0,0.0,0.0,0.0,0.0,0.0,0.0
Mean weekly earnings,   Males,Total,With leave entitlements,Aug-88,0.0,0.0,0.0,0.0,0.0,0.0,0.0,0.0,0.0,0.0,0.0,0.0,0.0,0.0,0.0,0.0,475.0,0.0
Mean weekly earnings,   Males,Total,With leave entitlements,Aug-89,520.4,0.0,508.8,0.0,503.2,0.0,491.6,0.0,543.1,0.0,486.0,0.0,573.0,0.0,618.5,0.0,515.6,0.0
Mean weekly earnings,   Males,Total,With leave entitlements,Aug-90,552.0,0.0,538.6,0.0,525.4,0.0,528.7,0.0,550.5,0.0,511.2,0.0,636.8,0.0,628.1,0.0,543.4,0.0
Mean weekly earnings,   Males,Total,With leave entitlements,Jul-91,0.0,0.0,0.0,0.0,0.0,0.0,0.0,0.0,0.0,0.0,0.0,0.0,0.0,0.0,0.0,0.0,570.0,0.0
Mean weekly earnings,   Males,Total,With leave entitlements,Aug-92,596.1,1.6,584.5,1.8,576.3,2.1,556.1,2.0,609.1,2.3,550.1,3.1,654.0,12.4,711.1,4.0,589.7,0.9
Mean weekly earnings,   Males,Total,With leave entitlements,Aug-93,645.9,2.3,613.9,2.1,593.2,2.2,590.9,2.8,650.0,2.7,567.2,2.6,684.1,9.8,748.0,2.9,625.4,1.2
Mean weekly earnings,   Males,Total,With leave entitlements,Aug-94,658.5,2.6,666.9,2.7,619.1,2.3,612.5,3.6,691.8,4.1,585.0,3.0,703.6,9.0,745.6,3.3,654.1,1.3
Mean weekly earnings,   Males,Total,With leave entitlements,Aug-95,696.9,1.7,649.2,2.0,628.3,2.5,628.4,2.8,684.2,2.4,626.3,4.4,667.4,7.2,781.7,3.4,666.4,1.1
Mean weekly earnings,   Males,Total,With leave entitlements,Aug-96,0.0,0.0,0.0,0.0,0.0,0.0,0.0,0.0,0.0,0.0,0.0,0.0,0.0,0.0,0.0,0.0,0.0,0.0
Mean weekly earnings,   Males,Total,With leave entitlements,Aug-97,718.2,2.2,685.6,2.6,687.0,2.6,658.2,3.2,749.2,3.4,610.8,3.8,746.7,12.7,831.2,3.4,703.3,1.2
Mean weekly earnings,   Males,Total,With leave entitlements,Aug-98,732.6,1.7,696.2,2.3,692.3,2.5,651.6,3.9,712.0,3.5,605.8,5.1,777.2,11.5,838.0,3.9,707.8,1.3
Mean weekly earnings,   Males,Total,With leave entitlements,Aug-99,801.7,2.0,703.6,1.9,704.0,2.6,695.0,3.0,779.1,3.4,651.2,3.8,788.8,10.1,905.2,4.4,748.2,1.0
Mean weekly earnings,   Males,Total,With leave entitlements,Aug-00,825.0,2.3,790.3,2.2,743.5,2.3,724.0,3.5,819.9,3.1,676.1,3.8,859.9,14.7,922.5,3.3,792.9,1.2
Mean weekly earnings,   Males,Total,With leave entitlements,Aug-01,886.2,1.9,814.5,2.4,819.4,3.5,795.9,3.8,830.9,2.8,742.9,4.4,842.0,11.4,943.1,3.5,841.8,1.2
Mean weekly earnings,   Males,Total,With leave entitlements,Aug-02,888.8,1.9,826.7,2.1,816.8,3.5,802.4,2.9,881.2,3.1,745.9,5.1,901.4,9.2,"1,000.8",4.4,852.5,1.2
Mean weekly earnings,   Males,Total,With leave entitlements,Aug-03,935.2,4.0,837.2,5.2,846.0,3.1,820.5,4.4,912.9,8.7,794.8,7.6,842.4,10.4,"1,017.9",3.8,881.2,4.1
Mean weekly earnings,   Males,Total,With leave entitlements,Aug-04,"1,047.4",2.3,968.0,1.9,937.6,2.4,893.0,3.3,985.2,2.2,862.6,4.1,"1,041.9",10.8,"1,088.0",3.0,984.9,1.0
Mean weekly earnings,   Males,Total,With leave entitlements,Aug-05,"1,083.5",2.2,"1,022.7",2.2,982.8,2.6,987.8,3.9,"1,067.3",2.3,896.6,4.3,"1,026.4",9.0,"1,112.8",4.0,"1,036.0",1.1
Mean weekly earnings,   Males,Total,With leave entitlements,Aug-06,"1,129.2",1.9,"1,076.2",1.3,"1,045.6",1.7,"1,025.6",3.4,"1,151.5",2.6,952.2,4.7,"1,166.9",9.3,"1,191.7",2.9,"1,092.6",1.0
Mean weekly earnings,   Males,Total,With leave entitlements,Aug-07,"1,231.7",3.2,"1,138.0",2.2,"1,113.5",2.3,"1,118.2",4.6,"1,230.7",2.3,"1,007.7",4.5,"1,211.4",10.4,"1,404.5",3.7,"1,175.1",1.6
Mean weekly earnings,   Males,Total,With leave entitlements,Aug-08,"1,259.6",2.6,"1,196.0",2.9,"1,189.1",3.0,"1,064.6",2.9,"1,330.8",3.3,"1,007.6",4.6,"1,418.5",10.1,"1,410.3",4.2,"1,223.1",1.4
Mean weekly earnings,   Males,Total,With leave entitlements,Aug-09,"1,342.3",3.6,"1,204.5",3.0,"1,237.9",3.2,"1,169.2",3.0,"1,357.5",3.4,"1,094.8",5.4,"1,431.1",9.3,"1,456.3",4.7,"1,275.2",1.4
Mean weekly earnings,   Males,Total,With leave entitlements,Aug-10,"1,366.5",2.4,"1,273.4",3.2,"1,318.8",2.0,"1,205.5",3.2,"1,524.6",3.3,"1,096.4",3.4,"1,492.3",8.7,"1,458.9",3.0,"1,339.0",1.5
Mean weekly earnings,   Males,Total,With leave entitlements,Aug-11,"1,405.7",2.4,"1,292.8",2.3,"1,353.6",2.3,"1,256.8",3.4,"1,572.7",3.7,"1,118.6",3.6,"1,384.7",8.0,"1,497.5",3.0,"1,371.5",1.3
Mean weekly earnings,   Males,Total,With leave entitlements,Aug-12,"1,435.2",2.4,"1,344.6",2.3,"1,433.1",2.5,"1,317.0",2.8,"1,726.3",2.6,"1,240.6",5.7,"1,481.6",6.5,"1,573.3",3.5,"1,438.9",1.3
Mean weekly earnings,   Males,Total,With leave entitlements,Aug-13,"1,484.4",2.7,"1,352.6",2.1,"1,508.9",3.0,"1,414.7",3.2,"1,677.4",3.1,"1,244.0",4.0,"1,652.0",5.3,"1,714.4",7.9,"1,478.8",1.3
Mean weekly earnings,   Males,Total,With leave entitlements,Aug-14,"1,549.8",2.6,"1,485.7",2.3,"1,547.6",2.8,"1,411.1",2.9,"1,795.6",3.4,"1,227.0",4.1,"1,838.1",6.0,"1,690.7",4.4,"1,552.2",1.4
Mean weekly earnings,   Males,Total,With leave entitlements,Aug-15,"1,609.3",1.8,"1,502.9",2.5,"1,544.1",2.1,"1,419.2",3.3,"1,730.2",3.8,"1,217.2",4.1,"1,701.7",6.4,"1,678.4",5.1,"1,564.7",0.9
Mean weekly earnings,   Males,Total,With leave entitlements,Aug-16,"1,622.0",2.1,"1,537.8",2.2,"1,570.3",3.2,"1,441.2",4.1,"1,733.6",2.7,"1,319.4",4.6,"1,913.7",6.6,"1,758.4",5.3,"1,591.1",1.0
Mean weekly earnings,   Males,Total,With leave entitlements,Aug-17,"1,655.2",2.1,"1,585.0",2.2,"1,601.6",2.5,"1,437.4",3.8,"1,793.7",3.1,"1,420.3",4.4,"1,779.4",4.2,"1,783.7",5.2,"1,625.9",1.0
Mean weekly earnings,   Males,Total,With leave entitlements,Aug-18,"1,740.5",2.8,"1,616.0",2.2,"1,649.0",2.6,"1,499.8",3.4,"1,884.4",3.4,"1,375.4",4.1,"1,704.3",4.9,"1,749.1",4.5,"1,681.9",1.3
Mean weekly earnings,   Males,Total,With leave entitlements,Aug-19,"1,778.2",2.1,"1,715.2",2.3,"1,623.1",2.2,"1,555.9",3.0,"2,079.5",3.3,"1,497.9",3.8,"1,667.7",5.8,"1,851.1",4.3,"1,744.4",1.0
Mean weekly earnings,   Males,Total,With leave entitlements,Aug-20,"1,748.7",2.0,"1,711.5",1.9,"1,658.3",3.2,"1,591.8",3.9,"2,004.3",3.3,"1,482.0",4.1,"1,700.3",6.1,"1,925.9",4.7,"1,737.6",1.2
Mean weekly earnings,   Males,Total,With leave entitlements,Aug-21,"1,918.0",2.6,"1,796.2",2.8,"1,778.4",2.6,"1,642.9",2.5,"1,936.8",3.0,"1,549.0",4.7,"1,896.8",6.0,"1,937.8",4.4,"1,834.7",1.4
Mean weekly earnings,   Males,Total,With leave entitlements,Aug-22,"1,940.4",2.4,"1,868.5",2.4,"1,893.3",3.3,"1,665.2",3.6,"2,123.4",3.1,"1,522.1",4.2,"1,832.4",4.5,"2,018.1",4.4,"1,906.8",1.3
Mean weekly earnings,   Males,Total,With leave entitlements,Aug-23,"1,988.2",1.9,"1,927.9",2.1,"1,949.4",2.6,"1,766.2",3.0,"2,091.1",3.4,"1,658.8",3.9,"1,868.5",5.0,"1,951.9",4.4,"1,952.8",1.1
Mean weekly earnings,   Males,Total,With leave entitlements,Aug-24,"2,038.5",2.1,"2,072.5",1.8,"2,040.8",2.8,"1,873.8",2.9,"2,350.7",2.7,"1,679.8",3.4,"2,110.4",5.4,"2,199.1",5.0,"2,069.0",1.3
Mean weekly earnings,   Males,Total,Without leave entitlements,Aug-75,0.0,0.0,0.0,0.0,0.0,0.0,0.0,0.0,0.0,0.0,0.0,0.0,0.0,0.0,0.0,0.0,0.0,0.0
Mean weekly earnings,   Males,Total,Without leave entitlements,Aug-76,0.0,0.0,0.0,0.0,0.0,0.0,0.0,0.0,0.0,0.0,0.0,0.0,0.0,0.0,0.0,0.0,0.0,0.0
Mean weekly earnings,   Males,Total,Without leave entitlements,Aug-77,0.0,0.0,0.0,0.0,0.0,0.0,0.0,0.0,0.0,0.0,0.0,0.0,0.0,0.0,0.0,0.0,0.0,0.0
Mean weekly earnings,   Males,Total,Without leave entitlements,Aug-78,0.0,0.0,0.0,0.0,0.0,0.0,0.0,0.0,0.0,0.0,0.0,0.0,0.0,0.0,0.0,0.0,0.0,0.0
Mean weekly earnings,   Males,Total,Without leave entitlements,Aug-79,0.0,0.0,0.0,0.0,0.0,0.0,0.0,0.0,0.0,0.0,0.0,0.0,0.0,0.0,0.0,0.0,0.0,0.0
Mean weekly earnings,   Males,Total,Without leave entitlements,Aug-80,0.0,0.0,0.0,0.0,0.0,0.0,0.0,0.0,0.0,0.0,0.0,0.0,0.0,0.0,0.0,0.0,0.0,0.0
Mean weekly earnings,   Males,Total,Without leave entitlements,Aug-81,0.0,0.0,0.0,0.0,0.0,0.0,0.0,0.0,0.0,0.0,0.0,0.0,0.0,0.0,0.0,0.0,0.0,0.0
Mean weekly earnings,   Males,Total,Without leave entitlements,Aug-82,0.0,0.0,0.0,0.0,0.0,0.0,0.0,0.0,0.0,0.0,0.0,0.0,0.0,0.0,0.0,0.0,0.0,0.0
Mean weekly earnings,   Males,Total,Without leave entitlements,Aug-83,0.0,0.0,0.0,0.0,0.0,0.0,0.0,0.0,0.0,0.0,0.0,0.0,0.0,0.0,0.0,0.0,0.0,0.0
Mean weekly earnings,   Males,Total,Without leave entitlements,Aug-84,0.0,0.0,0.0,0.0,0.0,0.0,0.0,0.0,0.0,0.0,0.0,0.0,0.0,0.0,0.0,0.0,0.0,0.0
Mean weekly earnings,   Males,Total,Without leave entitlements,Aug-85,0.0,0.0,0.0,0.0,0.0,0.0,0.0,0.0,0.0,0.0,0.0,0.0,0.0,0.0,0.0,0.0,0.0,0.0
Mean weekly earnings,   Males,Total,Without leave entitlements,Aug-86,0.0,0.0,0.0,0.0,0.0,0.0,0.0,0.0,0.0,0.0,0.0,0.0,0.0,0.0,0.0,0.0,0.0,0.0
Mean weekly earnings,   Males,Total,Without leave entitlements,Aug-87,0.0,0.0,0.0,0.0,0.0,0.0,0.0,0.0,0.0,0.0,0.0,0.0,0.0,0.0,0.0,0.0,0.0,0.0
Mean weekly earnings,   Males,Total,Without leave entitlements,Aug-88,0.0,0.0,0.0,0.0,0.0,0.0,0.0,0.0,0.0,0.0,0.0,0.0,0.0,0.0,0.0,0.0,303.0,0.0
Mean weekly earnings,   Males,Total,Without leave entitlements,Aug-89,279.7,0.0,230.9,0.0,305.1,0.0,251.4,0.0,311.7,0.0,257.3,0.0,335.6,0.0,199.0,0.0,273.4,0.0
Mean weekly earnings,   Males,Total,Without leave entitlements,Aug-90,285.3,0.0,238.4,0.0,288.3,0.0,287.4,0.0,309.9,0.0,303.0,0.0,211.1,0.0,326.3,0.0,278.3,0.0
Mean weekly earnings,   Males,Total,Without leave entitlements,Jul-91,0.0,0.0,0.0,0.0,0.0,0.0,0.0,0.0,0.0,0.0,0.0,0.0,0.0,0.0,0.0,0.0,340.0,0.0
Mean weekly earnings,   Males,Total,Without leave entitlements,Aug-92,303.7,5.6,256.8,6.3,304.6,4.1,294.3,7.4,308.8,7.9,281.6,10.8,322.0,23.1,242.6,19.4,291.1,2.3
Mean weekly earnings,   Males,Total,Without leave entitlements,Aug-93,366.0,6.3,304.5,6.2,315.9,5.6,330.4,8.0,340.2,9.4,254.4,14.7,428.9,18.8,248.9,10.9,332.1,3.2
Mean weekly earnings,   Males,Total,Without leave entitlements,Aug-94,342.4,6.3,345.8,8.6,356.9,5.5,346.2,8.9,404.3,7.9,302.3,12.4,456.0,18.5,303.9,11.8,352.2,3.1
Mean weekly earnings,   Males,Total,Without leave entitlements,Aug-95,360.8,6.5,352.0,5.3,365.3,7.2,387.5,7.9,423.4,9.8,364.3,18.8,457.8,25.9,293.8,12.1,368.7,3.4
Mean weekly earnings,   Males,Total,Without leave entitlements,Aug-96,0.0,0.0,0.0,0.0,0.0,0.0,0.0,0.0,0.0,0.0,0.0,0.0,0.0,0.0,0.0,0.0,0.0,0.0
Mean weekly earnings,   Males,Total,Without leave entitlements,Aug-97,372.2,6.1,327.9,6.8,414.6,12.4,363.5,9.7,410.5,7.8,350.4,10.9,472.5,22.3,335.8,15.3,374.0,4.2
Mean weekly earnings,   Males,Total,Without leave entitlements,Aug-98,419.0,5.8,360.3,8.6,379.1,7.1,369.7,7.8,434.3,9.1,331.1,10.3,530.1,15.9,365.6,10.9,392.4,3.6
Mean weekly earnings,   Males,Total,Without leave entitlements,Aug-99,461.3,5.0,352.5,7.4,416.6,6.6,395.9,7.6,386.0,7.9,358.2,11.9,577.4,15.3,363.8,11.9,410.1,2.7
Mean weekly earnings,   Males,Total,Without leave entitlements,Aug-00,431.4,7.5,382.6,8.0,437.3,6.2,408.1,8.1,452.7,7.9,356.0,10.2,512.8,23.6,519.8,13.8,422.3,3.7
Mean weekly earnings,   Males,Total,Without leave entitlements,Aug-01,420.5,7.8,390.5,7.0,476.3,7.3,418.2,8.3,482.2,7.2,364.5,11.3,462.0,19.4,535.9,16.2,433.4,3.8
Mean weekly earnings,   Males,Total,Without leave entitlements,Aug-02,434.9,5.4,394.8,7.4,462.0,5.5,415.4,6.8,507.5,7.2,387.2,13.2,460.8,25.4,421.6,12.9,436.3,3.1
Mean weekly earnings,   Males,Total,Without leave entitlements,Aug-03,483.7,7.4,345.0,7.5,431.6,5.0,463.6,7.4,540.0,9.1,436.5,12.5,588.6,24.1,604.6,11.6,449.1,4.0
Mean weekly earnings,   Males,Total,Without leave entitlements,Aug-04,515.3,6.5,465.6,6.1,508.5,6.6,470.0,7.0,566.2,8.2,409.0,5.4,586.8,20.6,517.0,13.9,501.3,2.6
Mean weekly earnings,   Males,Total,Without leave entitlements,Aug-05,516.2,7.5,480.6,6.9,534.2,6.7,521.8,5.3,630.6,7.0,517.6,10.3,727.1,22.1,554.3,12.3,527.3,2.6
Mean weekly earnings,   Males,Total,Without leave entitlements,Aug-06,578.9,7.1,524.5,5.8,615.7,5.5,530.6,7.4,721.4,8.2,503.2,12.4,567.0,22.3,773.3,10.3,587.5,2.9
Mean weekly earnings,   Males,Total,Without leave entitlements,Aug-07,641.5,5.6,619.3,6.9,680.2,7.2,548.8,6.1,854.4,7.2,546.6,9.6,847.9,24.4,844.3,10.7,660.9,2.5
Mean weekly earnings,   Males,Total,Without leave entitlements,Aug-08,650.6,8.0,499.4,7.1,764.4,9.5,608.5,6.7,"1,000.7",15.4,656.3,14.2,767.5,17.4,498.2,17.6,671.0,5.0
Mean weekly earnings,   Males,Total,Without leave entitlements,Aug-09,616.5,8.1,601.4,14.3,716.8,7.5,596.7,9.4,810.7,8.6,611.2,15.8,914.1,12.0,878.0,18.3,661.6,4.2
Mean weekly earnings,   Males,Total,Without leave entitlements,Aug-10,701.1,7.4,577.8,7.2,775.8,6.5,665.6,6.7,831.0,6.9,550.7,12.8,966.0,13.7,"1,011.8",15.8,704.4,3.3
Mean weekly earnings,   Males,Total,Without leave entitlements,Aug-11,708.0,6.3,643.7,8.4,793.4,6.1,624.7,7.9,"1,019.5",8.1,711.3,14.1,814.6,15.7,796.2,19.4,740.6,3.0
Mean weekly earnings,   Males,Total,Without leave entitlements,Aug-12,714.4,5.5,689.3,8.2,801.9,7.3,685.3,7.2,"1,088.2",7.0,641.9,12.5,907.1,15.2,799.0,16.8,773.3,3.6
Mean weekly earnings,   Males,Total,Without leave entitlements,Aug-13,691.1,7.0,677.4,6.1,874.2,5.6,692.5,10.0,"1,103.1",10.0,647.1,10.5,"1,040.2",12.7,728.1,15.1,774.5,2.8
Mean weekly earnings,   Males,Total,Without leave entitlements,Aug-14,768.1,6.9,687.9,6.6,875.0,8.6,722.1,8.4,"1,076.3",8.4,726.5,12.6,"1,136.5",11.2,941.6,16.0,808.5,3.3
Mean weekly earnings,   Males,Total,Without leave entitlements,Aug-15,801.8,5.7,666.0,6.1,937.7,9.6,733.2,8.8,"1,050.0",9.7,612.1,14.4,"1,063.0",13.9,"1,045.1",17.7,826.3,3.3
Mean weekly earnings,   Males,Total,Without leave entitlements,Aug-16,784.4,6.3,755.3,8.4,867.4,5.9,822.0,8.5,932.1,7.9,648.1,8.4,"1,050.5",13.6,940.6,14.9,815.9,3.5
Mean weekly earnings,   Males,Total,Without leave entitlements,Aug-17,800.8,4.8,764.3,5.2,957.7,8.3,780.4,6.9,913.1,10.1,751.0,9.6,"1,044.8",16.0,941.4,11.1,841.1,3.0
Mean weekly earnings,   Males,Total,Without leave entitlements,Aug-18,861.0,6.9,770.5,7.9,893.9,5.1,874.4,7.7,"1,130.7",8.3,797.6,11.6,"1,342.7",17.0,"1,117.3",17.1,886.8,3.6
Mean weekly earnings,   Males,Total,Without leave entitlements,Aug-19,907.9,6.7,879.9,8.7,"1,039.2",6.3,804.9,8.0,"1,271.4",7.4,870.8,16.8,993.6,16.3,"1,300.2",16.5,968.5,3.2
Mean weekly earnings,   Males,Total,Without leave entitlements,Aug-20,863.3,7.1,772.8,7.2,841.3,9.5,856.0,8.1,"1,238.7",8.3,685.1,9.5,987.0,18.1,"1,314.4",18.2,888.6,4.1
Mean weekly earnings,   Males,Total,Without leave entitlements,Aug-21,942.6,6.4,889.0,9.0,971.3,8.1,787.7,8.8,"1,227.1",8.5,765.0,11.8,963.6,11.0,"1,463.5",13.0,958.8,3.0
Mean weekly earnings,   Males,Total,Without leave entitlements,Aug-22,856.9,5.9,897.4,5.3,"1,057.4",6.6,982.4,7.6,"1,384.9",8.7,817.6,10.4,"1,122.6",16.5,"1,758.6",14.8,"1,000.0",2.9
Mean weekly earnings,   Males,Total,Without leave entitlements,Aug-23,982.7,6.7,982.0,6.2,"1,069.2",7.1,873.3,7.5,"1,357.8",9.0,878.7,13.7,"1,229.9",15.2,"1,253.0",15.5,"1,040.4",3.2
Mean weekly earnings,   Males,Total,Without leave entitlements,Aug-24,"1,028.5",7.5,"1,165.7",8.0,"1,112.8",8.6,"1,124.7",10.6,"1,502.5",6.5,895.4,11.8,"1,345.8",12.1,"1,690.9",11.9,"1,154.6",4.3
Mean weekly earnings,   Males,Total,Total,Aug-75,151.0,0.0,150.0,0.0,144.0,0.0,141.0,0.0,152.0,0.0,142.0,0.0,174.0,0.0,193.0,0.0,149.0,0.0
Mean weekly earnings,   Males,Total,Total,Aug-76,172.0,0.0,171.0,0.0,165.0,0.0,161.0,0.0,171.0,0.0,161.0,0.0,180.0,0.0,210.0,0.0,170.0,0.0
Mean weekly earnings,   Males,Total,Total,Aug-77,190.0,0.0,185.0,0.0,182.0,0.0,178.0,0.0,192.0,0.0,176.0,0.0,216.0,0.0,237.0,0.0,186.0,0.0
Mean weekly earnings,   Males,Total,Total,Aug-78,209.0,0.0,202.0,0.0,202.0,0.0,192.0,0.0,206.0,0.0,194.0,0.0,234.0,0.0,255.0,0.0,204.0,0.0
Mean weekly earnings,   Males,Total,Total,Aug-79,223.0,0.0,217.0,0.0,211.0,0.0,207.0,0.0,221.0,0.0,204.0,0.0,271.0,0.0,278.0,0.0,218.0,0.0
Mean weekly earnings,   Males,Total,Total,Aug-80,249.0,0.0,238.0,0.0,235.0,0.0,230.0,0.0,247.0,0.0,236.0,0.0,301.0,0.0,289.0,0.0,242.0,0.0
Mean weekly earnings,   Males,Total,Total,Aug-81,274.0,0.0,264.0,0.0,265.0,0.0,251.0,0.0,274.0,0.0,260.0,0.0,337.0,0.0,320.0,0.0,268.0,0.0
Mean weekly earnings,   Males,Total,Total,Aug-82,319.0,0.0,307.0,0.0,305.0,0.0,293.0,0.0,317.0,0.0,288.0,0.0,371.0,0.0,378.0,0.0,311.0,0.0
Mean weekly earnings,   Males,Total,Total,Aug-83,336.0,0.0,325.0,0.0,328.0,0.0,314.0,0.0,335.0,0.0,313.0,0.0,398.0,0.0,396.0,0.0,330.0,0.0
Mean weekly earnings,   Males,Total,Total,Aug-84,366.0,0.0,347.0,0.0,343.0,0.0,338.0,0.0,366.0,0.0,342.0,0.0,434.0,0.0,436.0,0.0,355.0,0.0
Mean weekly earnings,   Males,Total,Total,Aug-85,387.0,0.0,380.0,0.0,373.0,0.0,365.0,0.0,388.0,0.0,350.0,0.0,463.0,0.0,456.0,0.0,381.0,0.0
Mean weekly earnings,   Males,Total,Total,Aug-86,412.0,0.0,399.0,0.0,389.0,0.0,384.0,0.0,412.0,0.0,376.0,0.0,451.0,0.0,515.0,0.0,402.0,0.0
Mean weekly earnings,   Males,Total,Total,Aug-87,439.0,0.0,419.0,0.0,411.0,0.0,415.0,0.0,431.0,0.0,391.0,0.0,477.0,0.0,515.0,0.0,425.0,0.0
Mean weekly earnings,   Males,Total,Total,Aug-88,468.0,0.0,452.0,0.0,437.0,0.0,436.0,0.0,465.0,0.0,435.0,0.0,530.0,0.0,530.0,0.0,455.0,0.0
Mean weekly earnings,   Males,Total,Total,Aug-89,495.0,0.0,482.2,0.0,473.3,0.0,461.0,0.0,513.6,0.0,457.2,0.0,544.1,0.0,556.8,0.0,487.6,0.0
Mean weekly earnings,   Males,Total,Total,Aug-90,524.2,0.0,509.7,0.0,490.2,0.0,498.1,0.0,524.0,0.0,486.4,0.0,581.6,0.0,592.3,0.0,513.6,0.0
Mean weekly earnings,   Males,Total,Total,Jul-91,559.0,0.0,538.0,0.0,509.0,0.0,506.0,0.0,564.0,0.0,506.0,0.0,577.0,0.0,617.0,0.0,539.0,0.0
Mean weekly earnings,   Males,Total,Total,Aug-92,560.5,1.5,544.2,1.8,530.5,1.9,512.9,2.0,568.7,2.2,510.5,3.0,597.5,12.1,652.5,3.5,549.1,0.9
Mean weekly earnings,   Males,Total,Total,Aug-93,606.2,2.2,575.8,1.8,543.1,2.0,548.1,2.6,609.4,2.7,524.6,2.6,640.3,8.9,677.8,2.9,582.9,1.2
Mean weekly earnings,   Males,Total,Total,Aug-94,610.5,2.5,625.8,2.6,571.4,2.0,562.5,3.0,645.9,3.8,538.3,2.5,661.2,8.9,671.6,2.8,607.1,1.2
Mean weekly earnings,   Males,Total,Total,Aug-95,645.8,1.5,608.7,1.8,579.5,2.4,584.5,2.4,641.0,2.1,583.2,3.4,624.1,6.8,706.1,3.3,619.2,1.1
Mean weekly earnings,   Males,Total,Total,Aug-96,0.0,0.0,0.0,0.0,0.0,0.0,0.0,0.0,0.0,0.0,0.0,0.0,0.0,0.0,0.0,0.0,0.0,0.0
Mean weekly earnings,   Males,Total,Total,Aug-97,660.0,2.1,627.8,2.2,627.5,2.3,599.8,2.3,690.7,3.2,558.9,3.5,708.0,12.0,747.3,3.2,644.4,1.0
Mean weekly earnings,   Males,Total,Total,Aug-98,674.0,2.0,635.6,1.7,620.0,2.3,589.2,3.1,659.3,3.4,550.9,4.4,723.4,11.3,750.5,3.5,645.8,1.1
Mean weekly earnings,   Males,Total,Total,Aug-99,740.0,1.7,639.3,1.9,639.4,2.2,626.2,2.4,704.6,3.1,595.8,3.6,750.5,8.9,803.5,4.3,682.5,0.9
Mean weekly earnings,   Males,Total,Total,Aug-00,754.1,2.0,716.3,1.9,673.4,2.1,654.4,2.7,740.0,2.7,615.8,3.7,794.3,13.1,848.9,3.3,720.1,1.1
Mean weekly earnings,   Males,Total,Total,Aug-01,801.2,1.8,737.0,2.0,731.3,2.9,707.1,3.0,759.4,2.4,662.6,4.0,776.8,11.0,862.2,3.9,758.9,1.1
Mean weekly earnings,   Males,Total,Total,Aug-02,806.0,1.7,747.2,1.9,733.5,3.1,712.9,2.8,804.8,2.6,675.3,3.9,805.0,9.2,904.3,4.0,769.8,1.1
Mean weekly earnings,   Males,Total,Total,Aug-03,848.6,3.8,753.3,5.0,740.5,2.9,734.0,3.7,833.5,8.3,722.4,7.2,792.9,8.7,929.4,3.9,792.8,3.9
Mean weekly earnings,   Males,Total,Total,Aug-04,935.7,1.9,863.1,1.9,837.5,2.2,796.6,2.9,895.5,2.2,768.8,3.4,946.0,10.1,986.8,2.6,880.8,0.9
Mean weekly earnings,   Males,Total,Total,Aug-05,981.2,2.1,921.7,1.9,887.4,2.3,879.9,3.2,977.0,1.9,805.6,3.7,956.3,9.9,"1,002.8",3.8,935.8,1.0
Mean weekly earnings,   Males,Total,Total,Aug-06,"1,026.2",2.1,966.4,1.1,944.4,1.5,907.3,3.0,"1,059.1",2.5,859.0,4.4,"1,062.9",8.9,"1,114.5",2.7,988.1,1.0
Mean weekly earnings,   Males,Total,Total,Aug-07,"1,110.9",2.9,"1,035.9",2.1,"1,014.7",1.9,976.6,4.2,"1,157.4",2.0,905.9,3.8,"1,145.2",9.1,"1,288.0",3.9,"1,067.3",1.4
Mean weekly earnings,   Males,Total,Total,Aug-08,"1,139.8",2.3,"1,058.8",2.8,"1,092.7",3.0,961.2,2.6,"1,267.3",3.1,934.3,3.4,"1,275.8",10.1,"1,264.6",4.0,"1,110.4",1.2
Mean weekly earnings,   Males,Total,Total,Aug-09,"1,196.3",3.3,"1,084.0",2.7,"1,122.0",2.7,"1,021.3",2.8,"1,243.5",3.0,"1,002.6",4.8,"1,336.7",8.7,"1,354.0",3.6,"1,146.9",1.4
Mean weekly earnings,   Males,Total,Total,Aug-10,"1,230.1",2.1,"1,135.3",2.5,"1,190.8",1.8,"1,067.4",2.6,"1,396.5",2.9,986.4,2.9,"1,381.6",7.7,"1,376.2",2.8,"1,205.4",1.3
Mean weekly earnings,   Males,Total,Total,Aug-11,"1,257.0",2.1,"1,167.0",2.2,"1,224.8",2.0,"1,114.5",2.8,"1,466.9",3.6,"1,033.3",3.2,"1,247.5",6.8,"1,385.0",3.6,"1,239.5",1.1
Mean weekly earnings,   Males,Total,Total,Aug-12,"1,282.4",2.3,"1,218.0",2.1,"1,284.5",2.0,"1,179.6",2.5,"1,593.4",2.6,"1,113.4",4.8,"1,374.9",5.5,"1,457.0",3.7,"1,298.7",1.1
Mean weekly earnings,   Males,Total,Total,Aug-13,"1,321.9",2.4,"1,215.0",1.9,"1,357.2",2.5,"1,228.9",2.5,"1,576.1",2.8,"1,110.0",3.6,"1,533.4",5.2,"1,549.2",7.4,"1,330.1",1.0
Mean weekly earnings,   Males,Total,Total,Aug-14,"1,400.5",2.2,"1,319.6",1.9,"1,389.6",2.0,"1,241.4",2.4,"1,649.0",2.7,"1,132.7",3.3,"1,725.5",5.3,"1,540.7",3.5,"1,396.7",1.2
Mean weekly earnings,   Males,Total,Total,Aug-15,"1,439.5",1.6,"1,335.8",2.3,"1,397.7",2.7,"1,260.6",3.0,"1,583.0",3.3,"1,086.2",3.0,"1,580.9",5.2,"1,547.1",5.1,"1,405.4",0.8
Mean weekly earnings,   Males,Total,Total,Aug-16,"1,438.9",1.8,"1,367.5",2.1,"1,385.5",2.7,"1,276.8",3.6,"1,549.3",2.5,"1,174.3",3.6,"1,775.5",6.0,"1,615.4",4.3,"1,413.1",0.9
Mean weekly earnings,   Males,Total,Total,Aug-17,"1,475.9",1.7,"1,398.7",1.9,"1,427.3",2.1,"1,269.5",3.0,"1,596.4",2.7,"1,284.1",4.4,"1,647.3",3.8,"1,623.1",4.2,"1,445.2",0.9
Mean weekly earnings,   Males,Total,Total,Aug-18,"1,543.9",2.3,"1,459.1",1.9,"1,458.9",2.3,"1,344.6",2.9,"1,713.6",2.9,"1,246.0",3.8,"1,625.3",4.7,"1,625.3",4.8,"1,506.5",1.0
Mean weekly earnings,   Males,Total,Total,Aug-19,"1,581.4",2.2,"1,548.4",2.2,"1,487.6",2.0,"1,384.0",2.4,"1,890.1",2.7,"1,332.7",4.1,"1,531.5",5.0,"1,725.9",4.1,"1,572.3",0.9
Mean weekly earnings,   Males,Total,Total,Aug-20,"1,572.7",1.9,"1,547.1",1.6,"1,474.1",2.8,"1,417.2",3.3,"1,830.0",2.7,"1,306.0",3.4,"1,565.7",5.4,"1,839.5",4.0,"1,565.5",0.9
Mean weekly earnings,   Males,Total,Total,Aug-21,"1,730.8",2.2,"1,611.6",2.5,"1,583.1",2.3,"1,444.6",2.2,"1,805.0",2.8,"1,366.6",4.1,"1,678.9",4.7,"1,834.1",3.5,"1,651.7",1.3
Mean weekly earnings,   Males,Total,Total,Aug-22,"1,723.9",2.3,"1,668.3",1.9,"1,692.6",2.9,"1,510.3",2.9,"1,957.1",2.3,"1,381.2",3.4,"1,698.0",4.4,"1,968.7",4.1,"1,712.8",1.2
Mean weekly earnings,   Males,Total,Total,Aug-23,"1,791.9",1.8,"1,739.2",1.9,"1,743.0",2.0,"1,559.7",2.5,"1,935.5",3.5,"1,515.9",3.8,"1,760.3",3.7,"1,824.5",3.3,"1,763.2",1.0
Mean weekly earnings,   Males,Total,Total,Aug-24,"1,833.4",2.0,"1,914.1",1.7,"1,834.7",2.7,"1,696.6",2.5,"2,168.1",2.2,"1,560.1",3.0,"1,952.9",4.5,"2,109.0",4.3,"1,884.9",1.1
Mean weekly earnings,   Females,Full-time,With leave entitlements,Aug-75,0.0,0.0,0.0,0.0,0.0,0.0,0.0,0.0,0.0,0.0,0.0,0.0,0.0,0.0,0.0,0.0,0.0,0.0
Mean weekly earnings,   Females,Full-time,With leave entitlements,Aug-76,0.0,0.0,0.0,0.0,0.0,0.0,0.0,0.0,0.0,0.0,0.0,0.0,0.0,0.0,0.0,0.0,0.0,0.0
Mean weekly earnings,   Females,Full-time,With leave entitlements,Aug-77,0.0,0.0,0.0,0.0,0.0,0.0,0.0,0.0,0.0,0.0,0.0,0.0,0.0,0.0,0.0,0.0,0.0,0.0
Mean weekly earnings,   Females,Full-time,With leave entitlements,Aug-78,0.0,0.0,0.0,0.0,0.0,0.0,0.0,0.0,0.0,0.0,0.0,0.0,0.0,0.0,0.0,0.0,0.0,0.0
Mean weekly earnings,   Females,Full-time,With leave entitlements,Aug-79,0.0,0.0,0.0,0.0,0.0,0.0,0.0,0.0,0.0,0.0,0.0,0.0,0.0,0.0,0.0,0.0,0.0,0.0
Mean weekly earnings,   Females,Full-time,With leave entitlements,Aug-80,0.0,0.0,0.0,0.0,0.0,0.0,0.0,0.0,0.0,0.0,0.0,0.0,0.0,0.0,0.0,0.0,0.0,0.0
Mean weekly earnings,   Females,Full-time,With leave entitlements,Aug-81,0.0,0.0,0.0,0.0,0.0,0.0,0.0,0.0,0.0,0.0,0.0,0.0,0.0,0.0,0.0,0.0,0.0,0.0
Mean weekly earnings,   Females,Full-time,With leave entitlements,Aug-82,0.0,0.0,0.0,0.0,0.0,0.0,0.0,0.0,0.0,0.0,0.0,0.0,0.0,0.0,0.0,0.0,0.0,0.0
Mean weekly earnings,   Females,Full-time,With leave entitlements,Aug-83,0.0,0.0,0.0,0.0,0.0,0.0,0.0,0.0,0.0,0.0,0.0,0.0,0.0,0.0,0.0,0.0,0.0,0.0
Mean weekly earnings,   Females,Full-time,With leave entitlements,Aug-84,0.0,0.0,0.0,0.0,0.0,0.0,0.0,0.0,0.0,0.0,0.0,0.0,0.0,0.0,0.0,0.0,0.0,0.0
Mean weekly earnings,   Females,Full-time,With leave entitlements,Aug-85,0.0,0.0,0.0,0.0,0.0,0.0,0.0,0.0,0.0,0.0,0.0,0.0,0.0,0.0,0.0,0.0,0.0,0.0
Mean weekly earnings,   Females,Full-time,With leave entitlements,Aug-86,0.0,0.0,0.0,0.0,0.0,0.0,0.0,0.0,0.0,0.0,0.0,0.0,0.0,0.0,0.0,0.0,0.0,0.0
Mean weekly earnings,   Females,Full-time,With leave entitlements,Aug-87,0.0,0.0,0.0,0.0,0.0,0.0,0.0,0.0,0.0,0.0,0.0,0.0,0.0,0.0,0.0,0.0,0.0,0.0
Mean weekly earnings,   Females,Full-time,With leave entitlements,Aug-88,0.0,0.0,0.0,0.0,0.0,0.0,0.0,0.0,0.0,0.0,0.0,0.0,0.0,0.0,0.0,0.0,380.0,0.0
Mean weekly earnings,   Females,Full-time,With leave entitlements,Aug-89,418.8,0.0,405.2,0.0,389.7,0.0,407.7,0.0,403.9,0.0,392.4,0.0,473.4,0.0,476.8,0.0,409.9,0.0
Mean weekly earnings,   Females,Full-time,With leave entitlements,Aug-90,441.6,0.0,440.9,0.0,405.7,0.0,429.4,0.0,424.5,0.0,410.0,0.0,496.5,0.0,524.4,0.0,435.7,0.0
Mean weekly earnings,   Females,Full-time,With leave entitlements,Jul-91,0.0,0.0,0.0,0.0,0.0,0.0,0.0,0.0,0.0,0.0,0.0,0.0,0.0,0.0,0.0,0.0,469.0,0.0
Mean weekly earnings,   Females,Full-time,With leave entitlements,Aug-92,498.8,1.8,491.4,2.3,470.0,2.3,481.7,3.2,491.5,2.6,475.7,5.3,523.3,12.8,588.0,5.4,492.2,1.0
Mean weekly earnings,   Females,Full-time,With leave entitlements,Aug-93,529.6,1.9,519.1,2.2,486.5,3.0,511.9,3.6,499.5,3.1,479.5,4.0,544.8,9.2,615.5,3.2,517.2,0.9
Mean weekly earnings,   Females,Full-time,With leave entitlements,Aug-94,538.3,2.3,538.8,2.5,506.5,2.5,529.8,2.9,522.0,4.0,498.5,5.6,599.4,11.0,608.1,4.0,532.7,1.4
Mean weekly earnings,   Females,Full-time,With leave entitlements,Aug-95,578.5,2.8,558.3,2.0,532.6,3.0,536.7,3.8,519.5,2.2,533.6,4.9,558.0,8.2,645.5,3.7,557.6,1.4
Mean weekly earnings,   Females,Full-time,With leave entitlements,Aug-96,0.0,0.0,0.0,0.0,0.0,0.0,0.0,0.0,0.0,0.0,0.0,0.0,0.0,0.0,0.0,0.0,0.0,0.0
Mean weekly earnings,   Females,Full-time,With leave entitlements,Aug-97,599.2,3.2,563.9,2.7,564.7,3.3,592.9,6.3,542.8,3.4,540.5,5.3,579.1,12.3,678.6,4.9,579.3,1.4
Mean weekly earnings,   Females,Full-time,With leave entitlements,Aug-98,633.5,2.4,581.3,3.6,573.0,3.5,551.5,3.7,577.0,4.0,552.4,5.2,634.5,12.7,697.7,3.6,599.3,1.6
Mean weekly earnings,   Females,Full-time,With leave entitlements,Aug-99,663.4,2.0,599.4,2.5,595.7,2.7,579.5,3.9,610.7,3.3,588.0,5.5,667.4,10.0,722.3,4.3,625.3,1.0
Mean weekly earnings,   Females,Full-time,With leave entitlements,Aug-00,672.5,2.7,625.9,2.2,619.9,2.9,662.8,3.7,618.2,2.6,598.6,4.3,650.3,9.0,834.0,4.7,648.7,1.0
Mean weekly earnings,   Females,Full-time,With leave entitlements,Aug-01,741.4,2.3,666.5,2.0,655.1,2.5,683.5,2.8,644.9,3.9,619.3,7.4,735.1,11.1,828.7,4.7,695.3,0.8
Mean weekly earnings,   Females,Full-time,With leave entitlements,Aug-02,749.0,2.4,692.5,2.6,695.0,3.5,758.2,6.3,712.6,3.8,676.6,6.8,707.2,9.1,871.5,4.5,723.7,1.4
Mean weekly earnings,   Females,Full-time,With leave entitlements,Aug-03,794.9,7.5,733.2,14.1,692.8,5.1,714.2,8.7,730.5,9.3,716.5,4.9,761.4,14.0,887.8,12.2,750.3,8.5
Mean weekly earnings,   Females,Full-time,With leave entitlements,Aug-04,878.1,3.2,827.5,2.9,770.4,2.6,803.4,4.5,782.3,3.6,766.0,7.0,884.0,10.9,973.5,4.1,832.0,1.6
Mean weekly earnings,   Females,Full-time,With leave entitlements,Aug-05,904.2,4.3,880.6,2.2,807.6,2.9,819.1,4.1,841.1,4.0,793.9,4.6,918.5,12.0,"1,019.7",3.3,868.4,1.9
Mean weekly earnings,   Females,Full-time,With leave entitlements,Aug-06,963.8,2.6,916.0,2.6,858.8,2.5,866.9,4.0,859.8,3.9,849.7,5.1,933.3,11.4,"1,093.6",3.8,915.9,1.1
Mean weekly earnings,   Females,Full-time,With leave entitlements,Aug-07,"1,066.0",4.5,968.4,2.7,917.9,4.1,927.3,3.6,981.6,3.3,879.1,9.0,919.4,11.8,"1,211.4",3.5,992.8,2.1
Mean weekly earnings,   Females,Full-time,With leave entitlements,Aug-08,"1,080.6",2.5,996.5,3.3,974.0,3.4,952.1,5.1,"1,020.6",4.4,951.1,5.3,"1,069.5",7.1,"1,226.8",4.2,"1,025.6",1.2
Mean weekly earnings,   Females,Full-time,With leave entitlements,Aug-09,"1,081.3",2.8,"1,057.8",2.9,"1,043.3",3.3,"1,027.6",4.9,"1,062.3",5.2,968.5,7.3,"1,140.5",7.0,"1,264.2",4.6,"1,065.5",1.6
Mean weekly earnings,   Females,Full-time,With leave entitlements,Aug-10,"1,166.6",2.4,"1,071.1",2.4,"1,058.8",3.6,"1,044.0",4.1,"1,115.4",4.0,"1,016.2",4.4,"1,129.6",6.5,"1,314.4",3.8,"1,108.0",1.2
Mean weekly earnings,   Females,Full-time,With leave entitlements,Aug-11,"1,186.0",3.2,"1,128.2",2.9,"1,116.9",3.4,"1,083.6",4.0,"1,154.7",2.8,"1,043.0",7.1,"1,223.6",4.4,"1,358.2",4.1,"1,150.0",1.6
Mean weekly earnings,   Females,Full-time,With leave entitlements,Aug-12,"1,231.0",2.5,"1,170.5",2.7,"1,177.9",3.7,"1,141.4",4.5,"1,237.7",3.5,"1,050.4",6.5,"1,210.4",5.3,"1,429.8",4.7,"1,202.4",1.6
Mean weekly earnings,   Females,Full-time,With leave entitlements,Aug-13,"1,285.2",2.8,"1,176.4",2.7,"1,160.1",3.5,"1,168.3",3.5,"1,260.6",2.8,"1,102.6",5.1,"1,333.8",5.5,"1,503.5",6.7,"1,227.3",1.1
Mean weekly earnings,   Females,Full-time,With leave entitlements,Aug-14,"1,358.2",2.5,"1,251.9",3.1,"1,212.6",3.3,"1,190.9",3.8,"1,386.9",4.6,"1,129.5",4.1,"1,335.1",6.2,"1,514.0",4.1,"1,294.3",1.0
Mean weekly earnings,   Females,Full-time,With leave entitlements,Aug-15,"1,342.9",3.0,"1,289.3",3.5,"1,225.2",3.2,"1,241.4",4.6,"1,443.5",5.3,"1,211.0",4.1,"1,367.5",5.2,"1,535.5",5.1,"1,313.5",1.8
Mean weekly earnings,   Females,Full-time,With leave entitlements,Aug-16,"1,378.0",2.5,"1,327.4",3.6,"1,295.4",4.0,"1,285.3",4.4,"1,406.7",5.3,"1,258.8",4.6,"1,347.6",6.3,"1,603.2",4.4,"1,348.9",1.5
Mean weekly earnings,   Females,Full-time,With leave entitlements,Aug-17,"1,485.4",2.5,"1,411.7",3.0,"1,368.4",3.5,"1,281.8",4.2,"1,446.6",4.1,"1,257.2",6.6,"1,380.2",4.5,"1,620.6",4.8,"1,425.6",1.3
Mean weekly earnings,   Females,Full-time,With leave entitlements,Aug-18,"1,538.2",2.6,"1,406.5",3.8,"1,392.9",4.1,"1,440.4",7.8,"1,467.1",2.7,"1,354.2",5.2,"1,458.9",4.6,"1,670.6",5.8,"1,461.7",1.7
Mean weekly earnings,   Females,Full-time,With leave entitlements,Aug-19,"1,576.4",3.2,"1,531.0",3.3,"1,346.6",3.3,"1,343.6",3.6,"1,526.7",4.3,"1,386.4",7.2,"1,530.8",4.6,"1,615.9",4.2,"1,498.5",1.4
Mean weekly earnings,   Females,Full-time,With leave entitlements,Aug-20,"1,606.2",2.4,"1,545.9",3.5,"1,461.1",3.3,"1,404.8",3.5,"1,657.6",4.4,"1,419.2",4.9,"1,553.4",5.6,"1,765.6",4.0,"1,554.8",1.3
Mean weekly earnings,   Females,Full-time,With leave entitlements,Aug-21,"1,703.5",2.7,"1,575.5",3.2,"1,554.7",3.1,"1,527.6",4.2,"1,574.9",4.9,"1,545.2",7.3,"1,717.1",5.4,"1,829.9",6.4,"1,618.6",1.4
Mean weekly earnings,   Females,Full-time,With leave entitlements,Aug-22,"1,701.6",3.0,"1,709.7",2.5,"1,651.7",3.7,"1,603.9",4.6,"1,637.6",5.0,"1,463.5",4.8,"1,670.1",4.8,"1,823.4",4.4,"1,680.4",1.5
Mean weekly earnings,   Females,Full-time,With leave entitlements,Aug-23,"1,830.9",2.7,"1,771.1",2.5,"1,658.2",3.8,"1,670.0",4.5,"1,791.0",4.5,"1,664.3",4.6,"1,656.6",5.7,"2,011.0",4.3,"1,767.0",1.1
Mean weekly earnings,   Females,Full-time,With leave entitlements,Aug-24,"2,031.1",3.0,"1,971.2",2.9,"1,858.1",3.2,"1,704.1",4.0,"1,855.6",3.6,"1,723.9",4.7,"1,741.3",3.7,"2,291.6",5.1,"1,942.7",1.7
Mean weekly earnings,   Females,Full-time,Without leave entitlements,Aug-75,0.0,0.0,0.0,0.0,0.0,0.0,0.0,0.0,0.0,0.0,0.0,0.0,0.0,0.0,0.0,0.0,0.0,0.0
Mean weekly earnings,   Females,Full-time,Without leave entitlements,Aug-76,0.0,0.0,0.0,0.0,0.0,0.0,0.0,0.0,0.0,0.0,0.0,0.0,0.0,0.0,0.0,0.0,0.0,0.0
Mean weekly earnings,   Females,Full-time,Without leave entitlements,Aug-77,0.0,0.0,0.0,0.0,0.0,0.0,0.0,0.0,0.0,0.0,0.0,0.0,0.0,0.0,0.0,0.0,0.0,0.0
Mean weekly earnings,   Females,Full-time,Without leave entitlements,Aug-78,0.0,0.0,0.0,0.0,0.0,0.0,0.0,0.0,0.0,0.0,0.0,0.0,0.0,0.0,0.0,0.0,0.0,0.0
Mean weekly earnings,   Females,Full-time,Without leave entitlements,Aug-79,0.0,0.0,0.0,0.0,0.0,0.0,0.0,0.0,0.0,0.0,0.0,0.0,0.0,0.0,0.0,0.0,0.0,0.0
Mean weekly earnings,   Females,Full-time,Without leave entitlements,Aug-80,0.0,0.0,0.0,0.0,0.0,0.0,0.0,0.0,0.0,0.0,0.0,0.0,0.0,0.0,0.0,0.0,0.0,0.0
Mean weekly earnings,   Females,Full-time,Without leave entitlements,Aug-81,0.0,0.0,0.0,0.0,0.0,0.0,0.0,0.0,0.0,0.0,0.0,0.0,0.0,0.0,0.0,0.0,0.0,0.0
Mean weekly earnings,   Females,Full-time,Without leave entitlements,Aug-82,0.0,0.0,0.0,0.0,0.0,0.0,0.0,0.0,0.0,0.0,0.0,0.0,0.0,0.0,0.0,0.0,0.0,0.0
Mean weekly earnings,   Females,Full-time,Without leave entitlements,Aug-83,0.0,0.0,0.0,0.0,0.0,0.0,0.0,0.0,0.0,0.0,0.0,0.0,0.0,0.0,0.0,0.0,0.0,0.0
Mean weekly earnings,   Females,Full-time,Without leave entitlements,Aug-84,0.0,0.0,0.0,0.0,0.0,0.0,0.0,0.0,0.0,0.0,0.0,0.0,0.0,0.0,0.0,0.0,0.0,0.0
Mean weekly earnings,   Females,Full-time,Without leave entitlements,Aug-85,0.0,0.0,0.0,0.0,0.0,0.0,0.0,0.0,0.0,0.0,0.0,0.0,0.0,0.0,0.0,0.0,0.0,0.0
Mean weekly earnings,   Females,Full-time,Without leave entitlements,Aug-86,0.0,0.0,0.0,0.0,0.0,0.0,0.0,0.0,0.0,0.0,0.0,0.0,0.0,0.0,0.0,0.0,0.0,0.0
Mean weekly earnings,   Females,Full-time,Without leave entitlements,Aug-87,0.0,0.0,0.0,0.0,0.0,0.0,0.0,0.0,0.0,0.0,0.0,0.0,0.0,0.0,0.0,0.0,0.0,0.0
Mean weekly earnings,   Females,Full-time,Without leave entitlements,Aug-88,0.0,0.0,0.0,0.0,0.0,0.0,0.0,0.0,0.0,0.0,0.0,0.0,0.0,0.0,0.0,0.0,328.0,0.0
Mean weekly earnings,   Females,Full-time,Without leave entitlements,Aug-89,330.1,0.0,355.4,0.0,317.3,0.0,334.6,0.0,351.4,0.0,336.9,0.0,953.5,0.0,385.3,0.0,346.9,0.0
Mean weekly earnings,   Females,Full-time,Without leave entitlements,Aug-90,337.4,0.0,373.6,0.0,312.3,0.0,342.4,0.0,338.8,0.0,307.2,0.0,327.6,0.0,354.0,0.0,339.4,0.0
Mean weekly earnings,   Females,Full-time,Without leave entitlements,Jul-91,0.0,0.0,0.0,0.0,0.0,0.0,0.0,0.0,0.0,0.0,0.0,0.0,0.0,0.0,0.0,0.0,347.0,0.0
Mean weekly earnings,   Females,Full-time,Without leave entitlements,Aug-92,386.7,8.5,390.4,11.0,345.0,9.5,372.7,14.5,347.6,10.4,360.0,17.3,329.9,43.2,352.0,21.3,371.4,5.3
Mean weekly earnings,   Females,Full-time,Without leave entitlements,Aug-93,403.3,6.3,401.5,11.9,356.2,9.1,380.2,14.9,404.1,15.4,369.4,16.2,430.7,31.8,476.5,15.6,390.9,3.4
Mean weekly earnings,   Females,Full-time,Without leave entitlements,Aug-94,405.7,9.9,409.8,11.7,369.0,10.0,436.3,14.0,434.2,14.3,334.3,18.6,484.4,23.3,353.3,27.0,402.8,5.1
Mean weekly earnings,   Females,Full-time,Without leave entitlements,Aug-95,410.0,10.8,454.6,11.5,441.2,14.0,402.3,13.4,382.8,13.4,381.7,17.3,398.8,26.8,540.0,21.0,425.8,5.7
Mean weekly earnings,   Females,Full-time,Without leave entitlements,Aug-96,0.0,0.0,0.0,0.0,0.0,0.0,0.0,0.0,0.0,0.0,0.0,0.0,0.0,0.0,0.0,0.0,0.0,0.0
Mean weekly earnings,   Females,Full-time,Without leave entitlements,Aug-97,458.6,11.9,485.8,10.6,442.0,13.6,439.8,13.8,439.9,14.9,512.6,27.2,504.7,26.4,518.5,17.9,459.4,7.0
Mean weekly earnings,   Females,Full-time,Without leave entitlements,Aug-98,483.2,10.9,421.7,9.0,412.8,7.9,442.6,10.1,394.2,12.9,458.1,23.9,573.9,31.0,541.4,26.5,442.6,5.0
Mean weekly earnings,   Females,Full-time,Without leave entitlements,Aug-99,525.8,10.7,527.1,13.0,485.6,7.5,473.6,10.3,453.3,11.3,461.8,15.1,495.5,20.1,550.5,19.2,503.2,4.5
Mean weekly earnings,   Females,Full-time,Without leave entitlements,Aug-00,593.1,8.9,526.2,9.3,430.2,8.5,499.6,10.2,503.9,10.1,492.0,21.0,504.6,39.9,674.8,18.2,522.3,5.2
Mean weekly earnings,   Females,Full-time,Without leave entitlements,Aug-01,562.0,9.8,547.6,11.3,505.4,10.7,503.3,9.7,565.3,9.4,476.4,17.9,596.4,27.0,768.2,23.5,543.1,4.6
Mean weekly earnings,   Females,Full-time,Without leave entitlements,Aug-02,598.9,10.0,567.5,10.4,563.3,9.7,575.9,10.9,537.0,12.9,448.1,17.1,534.3,27.8,746.2,27.5,575.8,4.4
Mean weekly earnings,   Females,Full-time,Without leave entitlements,Aug-03,630.1,14.3,555.4,17.8,515.3,9.4,605.9,13.5,645.8,16.0,566.7,17.3,494.0,43.8,750.4,24.1,585.2,10.1
Mean weekly earnings,   Females,Full-time,Without leave entitlements,Aug-04,731.2,10.1,712.0,10.1,553.6,10.6,685.5,11.3,666.3,12.3,574.2,19.9,780.2,41.0,711.1,13.5,675.4,5.3
Mean weekly earnings,   Females,Full-time,Without leave entitlements,Aug-05,708.3,8.6,779.3,11.9,620.1,11.2,702.9,20.6,669.5,11.7,684.2,20.5,650.7,25.2,771.7,26.4,700.4,3.8
Mean weekly earnings,   Females,Full-time,Without leave entitlements,Aug-06,726.5,11.3,783.8,10.9,745.4,8.9,640.8,11.7,757.0,12.7,578.8,21.9,776.1,24.4,868.9,26.4,737.8,5.4
Mean weekly earnings,   Females,Full-time,Without leave entitlements,Aug-07,773.9,11.3,733.6,11.1,699.1,12.1,739.9,12.3,894.3,14.0,657.9,15.9,761.5,35.2,"1,010.1",27.2,757.2,6.0
Mean weekly earnings,   Females,Full-time,Without leave entitlements,Aug-08,825.0,14.1,745.5,13.7,794.5,13.3,721.9,15.0,946.3,24.0,725.6,14.4,889.7,31.8,"1,053.2",24.4,801.8,7.1
Mean weekly earnings,   Females,Full-time,Without leave entitlements,Aug-09,867.7,18.8,808.6,17.6,797.7,14.8,760.4,18.9,925.2,20.0,699.2,22.2,770.3,22.9,"1,248.0",24.6,839.0,9.0
Mean weekly earnings,   Females,Full-time,Without leave entitlements,Aug-10,861.4,12.4,938.9,11.6,802.5,10.8,802.3,12.7,993.8,16.6,762.6,20.8,856.9,23.3,"1,061.2",22.9,874.1,5.3
Mean weekly earnings,   Females,Full-time,Without leave entitlements,Aug-11,992.7,8.2,904.4,12.6,805.8,11.0,891.8,15.8,911.4,13.0,826.9,14.5,853.8,31.7,790.4,23.9,899.6,5.1
Mean weekly earnings,   Females,Full-time,Without leave entitlements,Aug-12,920.2,8.3,922.9,11.9,922.6,12.8,920.3,21.5,"1,233.3",17.1,886.8,26.4,899.4,21.4,"1,098.0",24.4,961.8,5.3
Mean weekly earnings,   Females,Full-time,Without leave entitlements,Aug-13,951.2,15.3,836.2,14.3,889.8,10.9,927.7,22.8,"1,171.4",19.1,745.3,18.2,981.6,23.3,"1,198.9",35.5,928.1,6.8
Mean weekly earnings,   Females,Full-time,Without leave entitlements,Aug-14,954.8,12.1,"1,055.3",12.2,988.5,13.7,992.8,21.2,"1,187.7",11.0,821.8,22.7,838.6,29.1,"1,429.1",29.7,"1,022.0",5.7
Mean weekly earnings,   Females,Full-time,Without leave entitlements,Aug-15,"1,136.3",10.9,"1,032.0",19.4,"1,065.7",13.1,"1,045.7",16.6,"1,333.9",17.1,927.2,27.4,"1,071.4",22.8,"1,949.3",39.4,"1,119.6",6.1
Mean weekly earnings,   Females,Full-time,Without leave entitlements,Aug-16,"1,188.2",12.4,883.2,10.9,"1,045.3",13.1,841.4,16.3,"1,037.1",18.7,843.1,27.1,"1,107.5",28.9,"1,433.7",24.5,"1,053.8",6.2
Mean weekly earnings,   Females,Full-time,Without leave entitlements,Aug-17,"1,250.9",12.7,"1,156.6",12.2,993.0,11.5,828.4,10.7,"1,137.5",14.5,895.5,20.7,"1,199.4",30.7,"1,504.1",28.9,"1,138.3",6.3
Mean weekly earnings,   Females,Full-time,Without leave entitlements,Aug-18,"1,219.2",11.9,"1,181.7",12.5,"1,111.7",12.4,"1,286.2",19.2,"1,281.1",17.7,"1,001.9",16.5,"1,355.7",22.5,"1,500.4",24.8,"1,199.2",5.5
Mean weekly earnings,   Females,Full-time,Without leave entitlements,Aug-19,"1,157.4",11.8,"1,038.7",9.1,"1,167.5",11.9,"1,255.7",19.2,"1,317.0",21.0,925.9,21.8,"1,045.4",17.9,"1,586.4",32.8,"1,151.1",5.9
Mean weekly earnings,   Females,Full-time,Without leave entitlements,Aug-20,"1,159.0",13.1,"1,222.2",15.3,"1,295.1",16.4,"1,034.2",17.2,"1,163.6",21.3,"1,482.4",28.5,"1,148.5",35.3,"1,511.4",16.3,"1,212.7",6.0
Mean weekly earnings,   Females,Full-time,Without leave entitlements,Aug-21,"1,220.0",12.0,"1,198.4",12.8,"1,123.9",12.0,"1,270.4",13.2,"1,436.2",17.8,"1,170.5",25.0,"1,559.7",23.8,"1,854.4",20.2,"1,236.4",5.4
Mean weekly earnings,   Females,Full-time,Without leave entitlements,Aug-22,"1,470.5",14.1,"1,383.8",15.2,"1,229.7",11.7,"1,298.0",16.6,"1,360.3",14.2,"1,185.4",11.4,"1,048.5",21.7,"2,057.4",21.9,"1,370.2",5.3
Mean weekly earnings,   Females,Full-time,Without leave entitlements,Aug-23,"1,350.3",11.3,"1,537.1",13.4,"1,439.3",11.9,"1,405.0",14.2,"1,631.1",19.8,"1,246.1",29.0,"1,592.0",19.3,"1,766.6",27.4,"1,458.8",4.2
Mean weekly earnings,   Females,Full-time,Without leave entitlements,Aug-24,"1,370.5",10.0,"1,452.6",12.4,"1,592.0",11.5,"1,612.9",18.0,"2,214.1",37.0,"1,156.2",19.2,"1,180.2",22.9,"1,864.9",34.7,"1,556.1",7.0
Mean weekly earnings,   Females,Full-time,Total,Aug-75,114.0,0.0,118.0,0.0,107.0,0.0,106.0,0.0,110.0,0.0,110.0,0.0,122.0,0.0,130.0,0.0,113.0,0.0
Mean weekly earnings,   Females,Full-time,Total,Aug-76,132.0,0.0,133.0,0.0,126.0,0.0,127.0,0.0,131.0,0.0,121.0,0.0,118.0,0.0,159.0,0.0,131.0,0.0
Mean weekly earnings,   Females,Full-time,Total,Aug-77,148.0,0.0,148.0,0.0,140.0,0.0,143.0,0.0,146.0,0.0,142.0,0.0,167.0,0.0,163.0,0.0,146.0,0.0
Mean weekly earnings,   Females,Full-time,Total,Aug-78,164.0,0.0,162.0,0.0,156.0,0.0,160.0,0.0,161.0,0.0,149.0,0.0,177.0,0.0,186.0,0.0,162.0,0.0
Mean weekly earnings,   Females,Full-time,Total,Aug-79,177.0,0.0,174.0,0.0,166.0,0.0,169.0,0.0,173.0,0.0,168.0,0.0,182.0,0.0,200.0,0.0,173.0,0.0
Mean weekly earnings,   Females,Full-time,Total,Aug-80,196.0,0.0,192.0,0.0,188.0,0.0,190.0,0.0,192.0,0.0,183.0,0.0,211.0,0.0,221.0,0.0,193.0,0.0
Mean weekly earnings,   Females,Full-time,Total,Aug-81,220.0,0.0,216.0,0.0,211.0,0.0,216.0,0.0,214.0,0.0,211.0,0.0,253.0,0.0,263.0,0.0,217.0,0.0
Mean weekly earnings,   Females,Full-time,Total,Aug-82,248.0,0.0,245.0,0.0,237.0,0.0,239.0,0.0,243.0,0.0,237.0,0.0,285.0,0.0,292.0,0.0,245.0,0.0
Mean weekly earnings,   Females,Full-time,Total,Aug-83,268.0,0.0,268.0,0.0,260.0,0.0,260.0,0.0,264.0,0.0,259.0,0.0,304.0,0.0,309.0,0.0,266.0,0.0
Mean weekly earnings,   Females,Full-time,Total,Aug-84,293.0,0.0,283.0,0.0,269.0,0.0,284.0,0.0,290.0,0.0,274.0,0.0,320.0,0.0,324.0,0.0,285.0,0.0
Mean weekly earnings,   Females,Full-time,Total,Aug-85,309.0,0.0,303.0,0.0,287.0,0.0,303.0,0.0,312.0,0.0,295.0,0.0,352.0,0.0,355.0,0.0,303.0,0.0
Mean weekly earnings,   Females,Full-time,Total,Aug-86,343.0,0.0,331.0,0.0,319.0,0.0,322.0,0.0,323.0,0.0,317.0,0.0,365.0,0.0,378.0,0.0,330.0,0.0
Mean weekly earnings,   Females,Full-time,Total,Aug-87,364.0,0.0,352.0,0.0,341.0,0.0,349.0,0.0,345.0,0.0,331.0,0.0,390.0,0.0,414.0,0.0,353.0,0.0
Mean weekly earnings,   Females,Full-time,Total,Aug-88,390.0,0.0,375.0,0.0,350.0,0.0,368.0,0.0,373.0,0.0,377.0,0.0,428.0,0.0,447.0,0.0,377.0,0.0
Mean weekly earnings,   Females,Full-time,Total,Aug-89,412.8,0.0,402.5,0.0,382.5,0.0,401.3,0.0,401.1,0.0,388.9,0.0,522.8,0.0,470.5,0.0,405.5,0.0
Mean weekly earnings,   Females,Full-time,Total,Aug-90,435.5,0.0,437.7,0.0,397.6,0.0,419.5,0.0,419.5,0.0,399.8,0.0,483.3,0.0,515.4,0.0,429.4,0.0
Mean weekly earnings,   Females,Full-time,Total,Jul-91,475.0,0.0,466.0,0.0,437.0,0.0,453.0,0.0,462.0,0.0,439.0,0.0,494.0,0.0,570.0,0.0,461.0,0.0
Mean weekly earnings,   Females,Full-time,Total,Aug-92,490.3,1.7,486.0,2.2,456.4,2.3,470.3,2.9,483.1,2.5,467.5,5.0,508.5,13.0,573.1,5.3,483.1,1.0
Mean weekly earnings,   Females,Full-time,Total,Aug-93,518.3,1.8,513.5,2.2,471.7,2.7,500.3,3.4,494.1,2.9,466.8,4.0,534.4,9.4,605.7,3.0,507.1,0.9
Mean weekly earnings,   Females,Full-time,Total,Aug-94,527.9,2.2,529.6,2.3,491.7,2.3,519.5,3.0,515.9,3.5,485.9,5.0,585.7,10.5,596.3,3.7,522.0,1.3
Mean weekly earnings,   Females,Full-time,Total,Aug-95,565.1,2.7,550.3,1.6,521.4,2.9,521.9,3.7,510.5,2.2,516.5,4.5,542.7,8.0,640.0,3.6,546.1,1.4
Mean weekly earnings,   Females,Full-time,Total,Aug-96,0.0,0.0,0.0,0.0,0.0,0.0,0.0,0.0,0.0,0.0,0.0,0.0,0.0,0.0,0.0,0.0,0.0,0.0
Mean weekly earnings,   Females,Full-time,Total,Aug-97,586.9,3.0,557.7,2.7,549.6,3.2,568.7,5.9,533.9,3.3,538.1,5.2,570.6,10.9,668.9,4.7,567.8,1.5
Mean weekly earnings,   Females,Full-time,Total,Aug-98,620.0,2.2,567.6,3.4,550.7,3.1,536.2,3.2,561.3,3.8,543.9,5.6,630.4,12.3,687.3,3.9,583.6,1.5
Mean weekly earnings,   Females,Full-time,Total,Aug-99,651.2,1.9,593.8,2.4,583.7,2.6,560.9,3.6,595.3,3.2,576.7,5.0,652.3,9.3,711.4,4.1,613.6,1.0
Mean weekly earnings,   Females,Full-time,Total,Aug-00,665.4,2.8,615.7,2.2,594.8,2.6,635.6,2.9,606.9,2.4,588.2,4.2,634.0,10.4,822.5,4.3,635.3,1.1
Mean weekly earnings,   Females,Full-time,Total,Aug-01,727.6,2.0,656.6,1.9,636.4,2.4,661.8,2.6,634.6,3.3,604.1,6.9,716.8,11.0,825.2,4.6,680.8,0.8
Mean weekly earnings,   Females,Full-time,Total,Aug-02,733.9,2.3,683.3,2.5,680.3,3.1,731.4,5.2,693.2,3.8,655.0,6.5,688.0,9.4,864.1,4.4,709.1,1.3
Mean weekly earnings,   Females,Full-time,Total,Aug-03,781.2,7.4,716.9,14.0,673.2,4.9,703.5,8.6,721.9,9.2,699.7,4.7,737.2,14.3,880.9,12.3,735.0,8.4
Mean weekly earnings,   Females,Full-time,Total,Aug-04,865.0,3.3,817.7,2.6,746.3,2.4,786.2,4.3,773.1,3.1,749.6,6.6,872.2,10.6,953.1,3.9,817.0,1.5
Mean weekly earnings,   Females,Full-time,Total,Aug-05,884.7,3.6,872.5,2.4,788.7,2.7,804.7,4.1,823.8,3.9,785.3,4.1,880.5,12.2,"1,002.8",3.2,852.3,1.7
Mean weekly earnings,   Females,Full-time,Total,Aug-06,940.9,2.5,906.6,2.4,843.5,2.5,842.9,3.4,850.3,3.7,824.9,4.6,919.1,10.9,"1,083.7",3.7,898.6,1.1
Mean weekly earnings,   Females,Full-time,Total,Aug-07,"1,037.8",4.0,946.9,2.5,894.8,3.9,906.1,3.8,973.5,3.0,855.3,8.1,908.5,12.1,"1,200.6",3.0,970.0,1.9
Mean weekly earnings,   Females,Full-time,Total,Aug-08,"1,062.7",2.6,974.9,3.2,954.2,3.3,922.3,4.6,"1,015.3",4.5,929.3,5.1,"1,059.8",7.1,"1,213.0",3.6,"1,006.3",1.3
Mean weekly earnings,   Females,Full-time,Total,Aug-09,"1,064.6",3.1,"1,044.8",2.6,"1,023.5",3.2,991.5,4.5,"1,050.7",4.9,943.2,6.0,"1,101.2",6.3,"1,263.2",4.2,"1,048.0",1.6
Mean weekly earnings,   Females,Full-time,Total,Aug-10,"1,140.0",2.1,"1,060.5",2.0,"1,030.4",3.2,"1,018.6",3.9,"1,104.3",3.6,993.8,4.0,"1,104.3",6.3,"1,297.9",4.1,"1,086.6",1.0
Mean weekly earnings,   Females,Full-time,Total,Aug-11,"1,170.6",3.0,"1,110.0",2.6,"1,082.6",3.2,"1,060.5",3.7,"1,133.0",2.3,"1,023.0",6.7,"1,190.3",4.3,"1,324.3",3.7,"1,127.5",1.5
Mean weekly earnings,   Females,Full-time,Total,Aug-12,"1,204.3",2.3,"1,150.5",2.8,"1,157.0",3.3,"1,122.3",4.7,"1,237.3",4.0,"1,037.6",6.8,"1,188.5",4.6,"1,416.4",4.4,"1,182.4",1.5
Mean weekly earnings,   Females,Full-time,Total,Aug-13,"1,262.6",2.6,"1,150.5",2.7,"1,127.2",3.4,"1,146.3",3.9,"1,253.8",2.6,"1,076.1",5.0,"1,304.2",5.1,"1,494.2",6.5,"1,202.5",1.1
Mean weekly earnings,   Females,Full-time,Total,Aug-14,"1,328.7",2.5,"1,237.1",3.1,"1,191.5",2.8,"1,173.9",3.3,"1,367.1",4.0,"1,107.8",3.9,"1,302.4",6.0,"1,510.4",4.1,"1,272.3",0.9
Mean weekly earnings,   Females,Full-time,Total,Aug-15,"1,324.3",2.7,"1,270.2",3.6,"1,207.9",3.0,"1,221.2",4.3,"1,433.5",4.7,"1,197.7",3.9,"1,341.5",5.2,"1,553.3",4.9,"1,296.2",1.7
Mean weekly earnings,   Females,Full-time,Total,Aug-16,"1,359.0",2.2,"1,293.6",3.3,"1,270.8",3.1,"1,242.2",4.0,"1,371.8",5.1,"1,229.8",4.2,"1,329.6",6.1,"1,593.0",4.5,"1,322.1",1.4
Mean weekly earnings,   Females,Full-time,Total,Aug-17,"1,461.2",2.8,"1,390.9",2.6,"1,330.9",3.2,"1,240.5",4.1,"1,412.6",3.4,"1,228.8",6.1,"1,372.0",4.4,"1,613.5",5.1,"1,398.3",1.3
Mean weekly earnings,   Females,Full-time,Total,Aug-18,"1,509.7",2.4,"1,388.0",3.4,"1,364.5",3.5,"1,424.9",7.9,"1,452.0",2.9,"1,320.0",4.7,"1,451.3",4.5,"1,657.3",5.6,"1,438.3",1.5
Mean weekly earnings,   Females,Full-time,Total,Aug-19,"1,544.5",3.1,"1,486.3",3.0,"1,328.8",3.1,"1,333.9",3.1,"1,507.3",4.1,"1,339.2",6.3,"1,489.0",4.3,"1,614.5",3.9,"1,467.9",1.2
Mean weekly earnings,   Females,Full-time,Total,Aug-20,"1,572.0",2.4,"1,522.6",3.6,"1,447.1",2.8,"1,374.3",3.3,"1,618.7",4.4,"1,424.7",5.6,"1,526.1",5.1,"1,739.9",3.5,"1,528.1",1.4
Mean weekly earnings,   Females,Full-time,Total,Aug-21,"1,663.2",2.5,"1,547.2",3.1,"1,508.9",2.9,"1,503.3",4.1,"1,561.7",4.8,"1,508.9",6.6,"1,705.3",5.3,"1,832.0",5.2,"1,585.0",1.4
Mean weekly earnings,   Females,Full-time,Total,Aug-22,"1,680.8",2.9,"1,685.8",2.3,"1,596.8",3.6,"1,566.5",4.2,"1,611.6",4.7,"1,438.9",4.6,"1,600.6",4.0,"1,848.6",4.9,"1,650.3",1.4
Mean weekly earnings,   Females,Full-time,Total,Aug-23,"1,798.3",2.4,"1,756.9",2.4,"1,638.9",3.4,"1,638.2",4.0,"1,776.2",4.4,"1,632.3",4.6,"1,650.6",4.8,"1,995.9",4.4,"1,743.6",1.1
Mean weekly earnings,   Females,Full-time,Total,Aug-24,"1,982.6",2.8,"1,939.4",2.7,"1,828.9",2.8,"1,696.5",3.6,"1,884.4",4.8,"1,675.8",5.1,"1,706.0",3.3,"2,272.2",5.0,"1,912.4",1.6
Mean weekly earnings,   Females,Part-time,With leave entitlements,Aug-75,0.0,0.0,0.0,0.0,0.0,0.0,0.0,0.0,0.0,0.0,0.0,0.0,0.0,0.0,0.0,0.0,0.0,0.0
Mean weekly earnings,   Females,Part-time,With leave entitlements,Aug-76,0.0,0.0,0.0,0.0,0.0,0.0,0.0,0.0,0.0,0.0,0.0,0.0,0.0,0.0,0.0,0.0,0.0,0.0
Mean weekly earnings,   Females,Part-time,With leave entitlements,Aug-77,0.0,0.0,0.0,0.0,0.0,0.0,0.0,0.0,0.0,0.0,0.0,0.0,0.0,0.0,0.0,0.0,0.0,0.0
Mean weekly earnings,   Females,Part-time,With leave entitlements,Aug-78,0.0,0.0,0.0,0.0,0.0,0.0,0.0,0.0,0.0,0.0,0.0,0.0,0.0,0.0,0.0,0.0,0.0,0.0
Mean weekly earnings,   Females,Part-time,With leave entitlements,Aug-79,0.0,0.0,0.0,0.0,0.0,0.0,0.0,0.0,0.0,0.0,0.0,0.0,0.0,0.0,0.0,0.0,0.0,0.0
Mean weekly earnings,   Females,Part-time,With leave entitlements,Aug-80,0.0,0.0,0.0,0.0,0.0,0.0,0.0,0.0,0.0,0.0,0.0,0.0,0.0,0.0,0.0,0.0,0.0,0.0
Mean weekly earnings,   Females,Part-time,With leave entitlements,Aug-81,0.0,0.0,0.0,0.0,0.0,0.0,0.0,0.0,0.0,0.0,0.0,0.0,0.0,0.0,0.0,0.0,0.0,0.0
Mean weekly earnings,   Females,Part-time,With leave entitlements,Aug-82,0.0,0.0,0.0,0.0,0.0,0.0,0.0,0.0,0.0,0.0,0.0,0.0,0.0,0.0,0.0,0.0,0.0,0.0
Mean weekly earnings,   Females,Part-time,With leave entitlements,Aug-83,0.0,0.0,0.0,0.0,0.0,0.0,0.0,0.0,0.0,0.0,0.0,0.0,0.0,0.0,0.0,0.0,0.0,0.0
Mean weekly earnings,   Females,Part-time,With leave entitlements,Aug-84,0.0,0.0,0.0,0.0,0.0,0.0,0.0,0.0,0.0,0.0,0.0,0.0,0.0,0.0,0.0,0.0,0.0,0.0
Mean weekly earnings,   Females,Part-time,With leave entitlements,Aug-85,0.0,0.0,0.0,0.0,0.0,0.0,0.0,0.0,0.0,0.0,0.0,0.0,0.0,0.0,0.0,0.0,0.0,0.0
Mean weekly earnings,   Females,Part-time,With leave entitlements,Aug-86,0.0,0.0,0.0,0.0,0.0,0.0,0.0,0.0,0.0,0.0,0.0,0.0,0.0,0.0,0.0,0.0,0.0,0.0
Mean weekly earnings,   Females,Part-time,With leave entitlements,Aug-87,0.0,0.0,0.0,0.0,0.0,0.0,0.0,0.0,0.0,0.0,0.0,0.0,0.0,0.0,0.0,0.0,0.0,0.0
Mean weekly earnings,   Females,Part-time,With leave entitlements,Aug-88,0.0,0.0,0.0,0.0,0.0,0.0,0.0,0.0,0.0,0.0,0.0,0.0,0.0,0.0,0.0,0.0,237.0,0.0
Mean weekly earnings,   Females,Part-time,With leave entitlements,Aug-89,246.8,0.0,233.9,0.0,235.8,0.0,270.3,0.0,229.2,0.0,236.1,0.0,282.5,0.0,343.6,0.0,243.1,0.0
Mean weekly earnings,   Females,Part-time,With leave entitlements,Aug-90,260.2,0.0,253.9,0.0,228.6,0.0,281.5,0.0,225.1,0.0,234.8,0.0,308.0,0.0,336.5,0.0,252.3,0.0
Mean weekly earnings,   Females,Part-time,With leave entitlements,Jul-91,0.0,0.0,0.0,0.0,0.0,0.0,0.0,0.0,0.0,0.0,0.0,0.0,0.0,0.0,0.0,0.0,283.0,0.0
Mean weekly earnings,   Females,Part-time,With leave entitlements,Aug-92,293.6,4.7,280.5,4.9,269.6,5.0,301.1,6.5,256.9,6.9,256.7,8.7,343.8,37.7,324.6,17.2,282.5,2.6
Mean weekly earnings,   Females,Part-time,With leave entitlements,Aug-93,302.0,5.3,290.1,5.2,280.7,7.3,316.9,5.5,268.3,5.0,312.1,8.3,300.4,24.1,355.5,11.3,293.8,3.2
Mean weekly earnings,   Females,Part-time,With leave entitlements,Aug-94,316.6,6.2,294.5,7.1,297.6,9.3,313.6,8.5,272.3,6.3,279.2,10.6,318.4,24.4,363.1,10.7,301.6,3.7
Mean weekly earnings,   Females,Part-time,With leave entitlements,Aug-95,305.1,5.3,302.6,4.0,280.9,7.3,325.8,8.1,285.0,6.9,325.3,9.7,273.0,20.1,378.9,10.5,302.7,2.0
Mean weekly earnings,   Females,Part-time,With leave entitlements,Aug-96,0.0,0.0,0.0,0.0,0.0,0.0,0.0,0.0,0.0,0.0,0.0,0.0,0.0,0.0,0.0,0.0,0.0,0.0
Mean weekly earnings,   Females,Part-time,With leave entitlements,Aug-97,319.9,6.7,306.4,4.7,318.4,8.2,325.2,8.4,296.5,6.3,312.2,10.6,317.3,20.7,369.2,11.1,313.9,2.9
Mean weekly earnings,   Females,Part-time,With leave entitlements,Aug-98,321.6,5.7,318.5,5.6,330.2,5.4,348.8,8.2,303.6,7.3,360.9,8.3,384.4,17.8,406.4,8.0,324.7,2.6
Mean weekly earnings,   Females,Part-time,With leave entitlements,Aug-99,361.0,5.6,316.7,4.5,326.9,5.4,361.6,8.4,301.8,6.4,380.5,10.8,341.1,21.1,413.9,9.7,336.7,2.2
Mean weekly earnings,   Females,Part-time,With leave entitlements,Aug-00,358.6,4.6,327.9,5.0,357.6,4.9,366.6,6.9,335.1,6.7,373.2,12.7,363.5,22.5,458.0,10.8,349.4,1.9
Mean weekly earnings,   Females,Part-time,With leave entitlements,Aug-01,390.8,5.9,360.2,5.1,377.1,5.7,366.3,6.8,333.9,6.4,383.3,10.0,327.8,27.2,442.9,11.6,371.8,2.7
Mean weekly earnings,   Females,Part-time,With leave entitlements,Aug-02,401.4,4.8,386.3,4.3,381.6,4.4,412.9,6.6,373.3,6.2,400.5,10.3,373.3,25.0,530.8,9.8,393.3,2.6
Mean weekly earnings,   Females,Part-time,With leave entitlements,Aug-03,431.2,5.7,383.9,5.2,407.6,6.1,409.4,5.3,384.3,10.3,438.6,8.8,557.5,24.5,489.0,18.0,408.7,2.6
Mean weekly earnings,   Females,Part-time,With leave entitlements,Aug-04,496.8,4.5,439.9,4.0,458.9,4.7,446.9,5.6,414.8,5.1,452.3,7.5,499.1,26.0,597.8,10.0,462.3,2.3
Mean weekly earnings,   Females,Part-time,With leave entitlements,Aug-05,502.2,4.9,463.0,4.6,480.8,5.8,510.0,4.5,450.2,6.5,506.6,11.4,479.9,20.1,616.7,8.4,485.1,2.9
Mean weekly earnings,   Females,Part-time,With leave entitlements,Aug-06,538.1,5.5,464.1,3.7,501.2,5.5,492.3,6.2,473.7,5.0,456.3,8.1,555.5,24.6,580.4,7.1,498.5,2.5
Mean weekly earnings,   Females,Part-time,With leave entitlements,Aug-07,554.7,5.2,516.9,4.7,539.7,6.0,507.5,6.4,514.1,4.6,525.7,6.7,602.7,27.6,652.1,10.5,534.3,3.0
Mean weekly earnings,   Females,Part-time,With leave entitlements,Aug-08,583.9,6.7,543.4,4.4,545.5,6.4,542.3,7.6,561.3,6.4,538.6,6.7,512.8,22.8,699.8,10.0,560.8,2.6
Mean weekly earnings,   Females,Part-time,With leave entitlements,Aug-09,610.4,5.2,570.3,5.7,579.0,6.5,588.9,6.6,561.4,8.3,579.5,7.1,651.1,14.9,716.1,11.0,588.2,3.0
Mean weekly earnings,   Females,Part-time,With leave entitlements,Aug-10,631.6,5.3,585.6,6.2,611.6,5.9,595.6,6.0,597.5,4.2,577.7,5.9,678.3,15.8,790.0,8.7,609.7,2.3
Mean weekly earnings,   Females,Part-time,With leave entitlements,Aug-11,624.0,4.6,621.1,3.9,633.9,4.7,664.4,5.7,611.0,6.5,610.0,8.2,667.0,11.5,761.2,11.3,628.7,1.9
Mean weekly earnings,   Females,Part-time,With leave entitlements,Aug-12,659.4,5.0,636.6,3.6,677.7,6.2,637.7,5.9,607.7,4.6,623.9,4.7,649.8,12.1,815.3,12.0,649.5,1.9
Mean weekly earnings,   Females,Part-time,With leave entitlements,Aug-13,713.0,4.7,670.3,4.7,693.7,5.0,670.7,6.3,653.2,5.7,609.2,5.7,731.1,11.4,825.9,14.3,687.0,2.1
Mean weekly earnings,   Females,Part-time,With leave entitlements,Aug-14,747.9,3.5,703.3,4.4,762.0,5.6,667.9,6.1,728.8,5.5,638.4,6.6,808.8,13.5,962.1,8.8,730.8,2.0
Mean weekly earnings,   Females,Part-time,With leave entitlements,Aug-15,775.9,5.1,702.4,3.4,767.1,5.0,737.0,6.0,720.9,5.1,695.5,6.6,797.5,15.3,825.8,9.0,742.8,1.8
Mean weekly earnings,   Females,Part-time,With leave entitlements,Aug-16,790.2,4.3,707.2,4.9,766.4,5.1,711.0,5.1,792.3,5.9,663.2,7.1,868.8,17.2,952.9,10.9,757.3,2.2
Mean weekly earnings,   Females,Part-time,With leave entitlements,Aug-17,777.3,5.2,784.8,3.9,776.5,6.5,805.1,5.6,834.8,6.6,700.8,5.0,955.4,15.0,930.7,10.8,789.0,2.5
Mean weekly earnings,   Females,Part-time,With leave entitlements,Aug-18,761.9,4.7,784.2,4.2,817.7,6.1,773.6,5.0,748.3,4.9,724.5,4.5,948.5,14.5,"1,009.1",9.9,781.0,2.4
Mean weekly earnings,   Females,Part-time,With leave entitlements,Aug-19,840.2,5.0,807.8,4.6,799.1,4.9,812.5,4.8,822.8,5.0,819.1,6.3,799.9,13.0,959.1,11.6,820.5,2.4
Mean weekly earnings,   Females,Part-time,With leave entitlements,Aug-20,900.2,3.8,890.5,4.3,918.1,5.7,864.9,6.1,901.3,7.4,896.1,5.3,927.6,13.9,930.6,10.5,899.0,2.3
Mean weekly earnings,   Females,Part-time,With leave entitlements,Aug-21,907.2,4.1,867.0,4.4,853.7,4.9,853.1,5.2,849.7,5.1,875.2,6.1,"1,041.4",12.5,"1,110.8",11.4,876.1,1.6
Mean weekly earnings,   Females,Part-time,With leave entitlements,Aug-22,990.3,4.6,933.3,5.0,935.4,4.8,957.8,5.0,879.4,6.5,836.9,5.8,945.9,14.1,988.2,11.4,944.4,2.4
Mean weekly earnings,   Females,Part-time,With leave entitlements,Aug-23,998.0,5.6,966.4,4.9,"1,013.2",5.5,958.9,4.2,"1,001.1",7.1,959.7,5.8,"1,056.1",11.8,"1,150.6",11.7,990.9,2.7
Mean weekly earnings,   Females,Part-time,With leave entitlements,Aug-24,"1,017.7",5.6,"1,197.6",7.3,"1,094.8",4.6,926.7,5.8,"1,155.1",8.1,"1,036.4",8.2,"1,188.4",13.4,"1,253.3",9.4,"1,099.3",2.4
Mean weekly earnings,   Females,Part-time,Without leave entitlements,Aug-75,0.0,0.0,0.0,0.0,0.0,0.0,0.0,0.0,0.0,0.0,0.0,0.0,0.0,0.0,0.0,0.0,0.0,0.0
Mean weekly earnings,   Females,Part-time,Without leave entitlements,Aug-76,0.0,0.0,0.0,0.0,0.0,0.0,0.0,0.0,0.0,0.0,0.0,0.0,0.0,0.0,0.0,0.0,0.0,0.0
Mean weekly earnings,   Females,Part-time,Without leave entitlements,Aug-77,0.0,0.0,0.0,0.0,0.0,0.0,0.0,0.0,0.0,0.0,0.0,0.0,0.0,0.0,0.0,0.0,0.0,0.0
Mean weekly earnings,   Females,Part-time,Without leave entitlements,Aug-78,0.0,0.0,0.0,0.0,0.0,0.0,0.0,0.0,0.0,0.0,0.0,0.0,0.0,0.0,0.0,0.0,0.0,0.0
Mean weekly earnings,   Females,Part-time,Without leave entitlements,Aug-79,0.0,0.0,0.0,0.0,0.0,0.0,0.0,0.0,0.0,0.0,0.0,0.0,0.0,0.0,0.0,0.0,0.0,0.0
Mean weekly earnings,   Females,Part-time,Without leave entitlements,Aug-80,0.0,0.0,0.0,0.0,0.0,0.0,0.0,0.0,0.0,0.0,0.0,0.0,0.0,0.0,0.0,0.0,0.0,0.0
Mean weekly earnings,   Females,Part-time,Without leave entitlements,Aug-81,0.0,0.0,0.0,0.0,0.0,0.0,0.0,0.0,0.0,0.0,0.0,0.0,0.0,0.0,0.0,0.0,0.0,0.0
Mean weekly earnings,   Females,Part-time,Without leave entitlements,Aug-82,0.0,0.0,0.0,0.0,0.0,0.0,0.0,0.0,0.0,0.0,0.0,0.0,0.0,0.0,0.0,0.0,0.0,0.0
Mean weekly earnings,   Females,Part-time,Without leave entitlements,Aug-83,0.0,0.0,0.0,0.0,0.0,0.0,0.0,0.0,0.0,0.0,0.0,0.0,0.0,0.0,0.0,0.0,0.0,0.0
Mean weekly earnings,   Females,Part-time,Without leave entitlements,Aug-84,0.0,0.0,0.0,0.0,0.0,0.0,0.0,0.0,0.0,0.0,0.0,0.0,0.0,0.0,0.0,0.0,0.0,0.0
Mean weekly earnings,   Females,Part-time,Without leave entitlements,Aug-85,0.0,0.0,0.0,0.0,0.0,0.0,0.0,0.0,0.0,0.0,0.0,0.0,0.0,0.0,0.0,0.0,0.0,0.0
Mean weekly earnings,   Females,Part-time,Without leave entitlements,Aug-86,0.0,0.0,0.0,0.0,0.0,0.0,0.0,0.0,0.0,0.0,0.0,0.0,0.0,0.0,0.0,0.0,0.0,0.0
Mean weekly earnings,   Females,Part-time,Without leave entitlements,Aug-87,0.0,0.0,0.0,0.0,0.0,0.0,0.0,0.0,0.0,0.0,0.0,0.0,0.0,0.0,0.0,0.0,0.0,0.0
Mean weekly earnings,   Females,Part-time,Without leave entitlements,Aug-88,0.0,0.0,0.0,0.0,0.0,0.0,0.0,0.0,0.0,0.0,0.0,0.0,0.0,0.0,0.0,0.0,151.0,0.0
Mean weekly earnings,   Females,Part-time,Without leave entitlements,Aug-89,145.2,0.0,139.6,0.0,142.1,0.0,149.5,0.0,136.2,0.0,137.4,0.0,166.5,0.0,147.2,0.0,142.8,0.0
Mean weekly earnings,   Females,Part-time,Without leave entitlements,Aug-90,156.1,0.0,136.9,0.0,152.8,0.0,154.5,0.0,136.1,0.0,161.0,0.0,190.8,0.0,143.4,0.0,148.9,0.0
Mean weekly earnings,   Females,Part-time,Without leave entitlements,Jul-91,0.0,0.0,0.0,0.0,0.0,0.0,0.0,0.0,0.0,0.0,0.0,0.0,0.0,0.0,0.0,0.0,167.0,0.0
Mean weekly earnings,   Females,Part-time,Without leave entitlements,Aug-92,173.9,4.4,146.8,5.4,168.8,5.0,164.4,4.6,133.9,5.4,162.0,8.8,234.6,31.6,155.8,11.2,162.2,2.5
Mean weekly earnings,   Females,Part-time,Without leave entitlements,Aug-93,179.9,3.8,152.5,5.8,178.3,4.6,192.3,6.3,153.3,7.4,157.3,8.3,183.9,17.8,183.6,10.4,171.9,2.4
Mean weekly earnings,   Females,Part-time,Without leave entitlements,Aug-94,173.3,3.8,166.1,5.1,180.5,5.1,187.9,6.3,176.8,7.1,175.0,10.7,202.4,13.3,175.8,9.7,175.2,1.9
Mean weekly earnings,   Females,Part-time,Without leave entitlements,Aug-95,185.8,4.1,154.4,6.1,180.7,5.2,192.9,7.2,156.9,6.1,169.7,9.5,185.3,14.7,167.7,9.7,174.6,2.3
Mean weekly earnings,   Females,Part-time,Without leave entitlements,Aug-96,0.0,0.0,0.0,0.0,0.0,0.0,0.0,0.0,0.0,0.0,0.0,0.0,0.0,0.0,0.0,0.0,0.0,0.0
Mean weekly earnings,   Females,Part-time,Without leave entitlements,Aug-97,194.6,6.1,168.6,5.3,183.9,6.5,198.0,6.0,150.5,6.2,190.9,10.1,173.4,19.4,208.3,10.9,182.6,2.4
Mean weekly earnings,   Females,Part-time,Without leave entitlements,Aug-98,178.0,5.3,161.2,5.2,188.2,4.4,191.0,8.2,173.5,7.2,202.8,9.1,198.5,19.7,211.0,10.1,178.6,2.2
Mean weekly earnings,   Females,Part-time,Without leave entitlements,Aug-99,200.5,5.6,177.5,6.6,198.5,5.0,203.9,5.7,183.8,6.1,206.2,8.0,201.6,16.0,201.6,10.0,193.6,2.1
Mean weekly earnings,   Females,Part-time,Without leave entitlements,Aug-00,199.9,5.3,174.5,4.6,208.5,4.9,199.9,6.0,168.5,6.2,169.6,8.0,263.4,18.1,214.9,8.0,192.5,2.0
Mean weekly earnings,   Females,Part-time,Without leave entitlements,Aug-01,225.9,6.7,195.4,6.9,225.3,4.7,235.6,5.6,186.3,7.4,198.1,9.8,322.9,19.4,220.2,7.3,215.2,2.9
Mean weekly earnings,   Females,Part-time,Without leave entitlements,Aug-02,230.1,5.5,190.0,5.7,219.9,4.7,226.9,6.6,194.5,7.7,216.2,7.3,265.5,22.2,218.3,12.3,214.2,2.5
Mean weekly earnings,   Females,Part-time,Without leave entitlements,Aug-03,243.3,6.4,209.7,6.1,218.2,4.3,255.1,5.9,215.8,10.8,235.0,11.2,242.4,24.5,223.2,17.8,228.0,3.1
Mean weekly earnings,   Females,Part-time,Without leave entitlements,Aug-04,256.3,5.5,236.4,5.4,271.5,4.2,269.5,5.0,223.8,6.4,229.0,9.1,276.3,23.9,250.6,9.7,252.4,2.0
Mean weekly earnings,   Females,Part-time,Without leave entitlements,Aug-05,263.7,4.6,251.3,5.7,273.0,5.9,263.1,5.8,258.9,6.4,236.3,7.3,258.7,15.8,238.4,11.9,260.9,2.9
Mean weekly earnings,   Females,Part-time,Without leave entitlements,Aug-06,273.7,5.4,259.6,5.8,277.2,5.3,292.0,7.0,252.5,5.3,276.9,8.8,295.1,18.2,257.3,9.6,270.8,2.7
Mean weekly earnings,   Females,Part-time,Without leave entitlements,Aug-07,290.4,6.2,273.2,6.1,296.3,4.6,279.4,6.4,276.0,6.5,292.0,9.1,309.8,24.7,243.5,11.1,284.5,3.8
Mean weekly earnings,   Females,Part-time,Without leave entitlements,Aug-08,300.8,5.8,270.8,5.3,321.4,6.6,311.3,6.8,268.3,9.6,287.2,9.4,296.9,16.0,284.4,15.2,295.6,2.9
Mean weekly earnings,   Females,Part-time,Without leave entitlements,Aug-09,319.5,5.9,265.4,4.3,345.5,4.1,338.4,7.1,309.7,8.1,304.3,8.3,361.1,19.6,385.5,20.3,314.3,2.4
Mean weekly earnings,   Females,Part-time,Without leave entitlements,Aug-10,326.1,4.5,304.7,5.4,339.5,6.5,330.7,6.1,301.0,6.6,304.8,7.1,364.7,15.2,319.6,12.7,321.3,2.5
Mean weekly earnings,   Females,Part-time,Without leave entitlements,Aug-11,328.7,4.9,315.6,6.6,361.3,4.7,335.3,6.8,338.2,9.3,286.7,10.1,348.7,11.1,348.1,13.1,333.8,2.9
Mean weekly earnings,   Females,Part-time,Without leave entitlements,Aug-12,339.5,5.2,329.9,5.9,346.0,5.0,349.2,7.2,359.1,7.8,346.4,10.6,399.7,13.8,421.2,17.9,343.3,2.7
Mean weekly earnings,   Females,Part-time,Without leave entitlements,Aug-13,347.6,4.9,320.4,5.8,388.0,6.0,379.9,8.3,340.8,8.5,336.1,7.7,369.4,14.3,423.8,20.7,352.4,2.7
Mean weekly earnings,   Females,Part-time,Without leave entitlements,Aug-14,372.8,4.4,342.2,6.3,379.0,6.6,380.9,6.5,401.4,7.3,356.8,8.5,370.9,16.3,440.2,15.5,371.3,2.7
Mean weekly earnings,   Females,Part-time,Without leave entitlements,Aug-15,392.5,5.2,355.9,5.9,416.0,5.7,392.3,8.1,387.6,8.0,339.1,11.1,437.6,10.4,401.1,16.7,387.0,2.6
Mean weekly earnings,   Females,Part-time,Without leave entitlements,Aug-16,431.7,6.9,349.0,5.3,413.2,6.3,410.6,6.3,380.2,7.5,376.1,9.0,446.9,21.4,401.9,12.5,397.7,2.7
Mean weekly earnings,   Females,Part-time,Without leave entitlements,Aug-17,413.0,4.9,390.7,5.4,424.5,6.2,435.2,8.0,416.8,6.8,377.9,7.3,424.7,10.2,349.1,12.1,410.6,2.4
Mean weekly earnings,   Females,Part-time,Without leave entitlements,Aug-18,488.2,7.5,395.2,6.2,417.1,5.6,435.7,7.4,422.2,9.8,431.5,5.7,461.9,12.8,412.9,9.0,437.8,3.4
Mean weekly earnings,   Females,Part-time,Without leave entitlements,Aug-19,441.5,6.3,404.3,4.6,468.4,5.3,432.1,7.4,549.8,12.1,432.8,8.8,486.3,12.8,394.6,15.3,446.5,3.4
Mean weekly earnings,   Females,Part-time,Without leave entitlements,Aug-20,512.3,5.1,537.5,7.1,529.1,7.1,503.8,7.9,536.3,6.1,524.5,7.6,548.9,16.2,495.1,14.2,524.2,3.0
Mean weekly earnings,   Females,Part-time,Without leave entitlements,Aug-21,508.7,6.2,424.1,4.7,507.7,7.9,491.4,6.5,486.6,9.1,442.3,11.0,447.3,13.4,641.8,22.7,482.5,3.4
Mean weekly earnings,   Females,Part-time,Without leave entitlements,Aug-22,501.5,6.0,534.0,6.6,486.8,6.8,466.3,7.0,497.7,7.7,483.5,9.0,559.3,15.2,630.6,14.3,504.6,2.4
Mean weekly earnings,   Females,Part-time,Without leave entitlements,Aug-23,529.7,5.7,506.0,7.1,569.2,7.2,553.8,8.4,530.3,6.4,535.2,10.3,584.7,16.5,485.2,20.9,533.4,3.0
Mean weekly earnings,   Females,Part-time,Without leave entitlements,Aug-24,544.9,6.5,502.8,6.3,615.5,6.8,539.7,6.6,560.3,7.9,492.7,9.5,653.6,25.4,505.5,12.2,550.5,3.8
Mean weekly earnings,   Females,Part-time,Total,Aug-75,62.0,0.0,64.0,0.0,55.0,0.0,58.0,0.0,57.0,0.0,56.0,0.0,68.0,0.0,79.0,0.0,61.0,0.0
Mean weekly earnings,   Females,Part-time,Total,Aug-76,74.0,0.0,69.0,0.0,66.0,0.0,64.0,0.0,62.0,0.0,64.0,0.0,94.0,0.0,67.0,0.0,69.0,0.0
Mean weekly earnings,   Females,Part-time,Total,Aug-77,80.0,0.0,76.0,0.0,70.0,0.0,73.0,0.0,67.0,0.0,70.0,0.0,93.0,0.0,88.0,0.0,75.0,0.0
Mean weekly earnings,   Females,Part-time,Total,Aug-78,93.0,0.0,80.0,0.0,79.0,0.0,82.0,0.0,70.0,0.0,73.0,0.0,103.0,0.0,100.0,0.0,83.0,0.0
Mean weekly earnings,   Females,Part-time,Total,Aug-79,96.0,0.0,88.0,0.0,84.0,0.0,85.0,0.0,82.0,0.0,85.0,0.0,108.0,0.0,108.0,0.0,89.0,0.0
Mean weekly earnings,   Females,Part-time,Total,Aug-80,101.0,0.0,96.0,0.0,90.0,0.0,90.0,0.0,88.0,0.0,90.0,0.0,140.0,0.0,107.0,0.0,96.0,0.0
Mean weekly earnings,   Females,Part-time,Total,Aug-81,114.0,0.0,105.0,0.0,104.0,0.0,102.0,0.0,100.0,0.0,102.0,0.0,136.0,0.0,122.0,0.0,108.0,0.0
Mean weekly earnings,   Females,Part-time,Total,Aug-82,126.0,0.0,117.0,0.0,118.0,0.0,116.0,0.0,112.0,0.0,107.0,0.0,137.0,0.0,149.0,0.0,120.0,0.0
Mean weekly earnings,   Females,Part-time,Total,Aug-83,132.0,0.0,124.0,0.0,127.0,0.0,132.0,0.0,114.0,0.0,124.0,0.0,127.0,0.0,157.0,0.0,127.0,0.0
Mean weekly earnings,   Females,Part-time,Total,Aug-84,147.0,0.0,136.0,0.0,127.0,0.0,131.0,0.0,126.0,0.0,116.0,0.0,159.0,0.0,165.0,0.0,137.0,0.0
Mean weekly earnings,   Females,Part-time,Total,Aug-85,164.0,0.0,148.0,0.0,139.0,0.0,144.0,0.0,138.0,0.0,139.0,0.0,175.0,0.0,162.0,0.0,151.0,0.0
Mean weekly earnings,   Females,Part-time,Total,Aug-86,164.0,0.0,164.0,0.0,144.0,0.0,157.0,0.0,147.0,0.0,148.0,0.0,176.0,0.0,164.0,0.0,158.0,0.0
Mean weekly earnings,   Females,Part-time,Total,Aug-87,179.0,0.0,171.0,0.0,158.0,0.0,168.0,0.0,153.0,0.0,150.0,0.0,145.0,0.0,186.0,0.0,169.0,0.0
Mean weekly earnings,   Females,Part-time,Total,Aug-88,186.0,0.0,204.0,0.0,160.0,0.0,188.0,0.0,175.0,0.0,149.0,0.0,204.0,0.0,199.0,0.0,181.0,0.0
Mean weekly earnings,   Females,Part-time,Total,Aug-89,180.6,0.0,177.8,0.0,161.6,0.0,184.2,0.0,171.8,0.0,168.3,0.0,191.8,0.0,206.1,0.0,176.5,0.0
Mean weekly earnings,   Females,Part-time,Total,Aug-90,191.4,0.0,184.6,0.0,170.4,0.0,193.1,0.0,174.1,0.0,185.8,0.0,227.9,0.0,187.5,0.0,184.4,0.0
Mean weekly earnings,   Females,Part-time,Total,Jul-91,216.0,0.0,215.0,0.0,190.0,0.0,205.0,0.0,200.0,0.0,208.0,0.0,188.0,0.0,227.0,0.0,210.0,0.0
Mean weekly earnings,   Females,Part-time,Total,Aug-92,215.3,2.5,206.9,3.1,191.8,3.3,209.3,3.4,190.7,4.4,190.4,5.6,257.4,24.0,209.1,9.2,205.4,1.3
Mean weekly earnings,   Females,Part-time,Total,Aug-93,223.5,2.8,216.7,3.4,202.4,4.1,233.1,3.4,207.8,4.1,213.2,6.0,212.3,14.9,242.2,6.3,217.4,1.9
Mean weekly earnings,   Females,Part-time,Total,Aug-94,225.8,3.2,222.9,4.0,209.3,4.3,228.5,5.3,218.1,5.0,206.8,7.2,239.4,14.6,245.3,7.0,221.5,1.7
Mean weekly earnings,   Females,Part-time,Total,Aug-95,229.1,3.1,223.7,3.0,207.1,3.6,243.5,4.6,213.9,4.8,230.1,6.2,211.3,11.9,251.7,6.3,223.9,1.3
Mean weekly earnings,   Females,Part-time,Total,Aug-96,0.0,0.0,0.0,0.0,0.0,0.0,0.0,0.0,0.0,0.0,0.0,0.0,0.0,0.0,0.0,0.0,0.0,0.0
Mean weekly earnings,   Females,Part-time,Total,Aug-97,245.1,4.7,236.0,2.7,220.6,3.6,245.1,5.7,215.1,5.0,234.2,5.7,216.0,15.5,268.8,7.5,235.2,2.0
Mean weekly earnings,   Females,Part-time,Total,Aug-98,234.7,3.4,234.7,3.4,234.1,3.3,246.9,6.0,231.1,5.1,253.9,5.7,264.6,14.3,286.8,6.3,236.9,1.4
Mean weekly earnings,   Females,Part-time,Total,Aug-99,262.5,4.2,242.0,2.9,238.9,3.8,265.3,5.8,239.2,4.3,277.1,6.1,257.0,15.1,284.6,6.9,251.2,1.6
Mean weekly earnings,   Females,Part-time,Total,Aug-00,265.8,3.0,245.6,3.1,255.3,3.7,259.9,3.8,243.0,4.3,250.9,8.5,292.7,16.7,319.3,6.9,256.3,1.4
Mean weekly earnings,   Females,Part-time,Total,Aug-01,294.8,4.9,273.1,3.6,280.6,3.1,280.7,4.0,252.4,4.3,273.0,5.6,324.6,13.7,318.5,7.5,280.7,2.2
Mean weekly earnings,   Females,Part-time,Total,Aug-02,300.6,3.0,282.8,3.0,279.5,3.6,299.7,3.8,284.0,5.1,293.8,6.5,318.1,20.4,343.6,7.7,290.9,1.6
Mean weekly earnings,   Females,Part-time,Total,Aug-03,327.6,4.7,300.5,3.9,289.1,4.0,317.8,4.1,295.3,9.2,313.4,8.1,385.3,15.7,363.5,16.9,309.7,1.7
Mean weekly earnings,   Females,Part-time,Total,Aug-04,366.8,3.4,342.2,2.6,343.8,2.9,340.6,3.1,316.5,3.9,331.2,4.6,383.6,17.5,413.6,6.6,348.8,1.5
Mean weekly earnings,   Females,Part-time,Total,Aug-05,377.7,2.9,358.7,3.8,363.3,3.7,376.4,3.4,354.9,4.0,352.0,6.6,352.5,12.7,420.9,5.5,367.7,1.8
Mean weekly earnings,   Females,Part-time,Total,Aug-06,403.5,4.1,374.1,3.1,370.6,3.7,382.1,4.3,365.4,3.5,364.1,6.1,385.7,13.2,427.4,5.8,382.9,1.7
Mean weekly earnings,   Females,Part-time,Total,Aug-07,419.9,3.2,397.7,2.9,399.7,3.7,389.3,3.4,400.8,3.4,407.8,5.4,450.3,15.9,442.2,7.0,405.9,1.6
Mean weekly earnings,   Females,Part-time,Total,Aug-08,440.2,4.6,417.4,2.8,408.0,3.6,411.8,5.1,420.1,5.0,417.0,5.1,372.6,14.0,487.2,8.0,423.2,1.6
Mean weekly earnings,   Females,Part-time,Total,Aug-09,462.4,3.5,426.7,4.0,444.3,3.6,441.6,4.5,435.6,6.0,443.2,4.8,496.3,13.0,550.5,11.3,446.3,1.9
Mean weekly earnings,   Females,Part-time,Total,Aug-10,476.2,4.2,457.6,4.4,468.5,3.7,455.4,4.0,462.2,3.4,450.7,4.5,511.6,13.0,559.6,6.8,467.5,1.8
Mean weekly earnings,   Females,Part-time,Total,Aug-11,477.8,3.4,487.6,3.1,486.4,3.3,493.0,4.2,488.5,4.9,455.0,6.3,492.8,7.5,578.8,9.2,485.6,1.5
Mean weekly earnings,   Females,Part-time,Total,Aug-12,501.6,3.7,503.9,3.1,500.4,4.6,499.1,4.6,500.9,3.6,507.3,3.8,495.1,7.8,627.0,8.9,503.8,1.6
Mean weekly earnings,   Females,Part-time,Total,Aug-13,536.1,3.1,517.0,3.2,535.6,3.8,530.3,4.7,515.3,4.2,486.2,4.7,561.5,9.2,644.6,9.2,529.0,1.5
Mean weekly earnings,   Females,Part-time,Total,Aug-14,566.5,3.0,546.8,3.5,565.9,4.3,529.6,4.7,577.0,4.9,504.7,3.9,601.1,11.3,703.9,6.2,560.4,1.6
Mean weekly earnings,   Females,Part-time,Total,Aug-15,588.7,3.0,551.7,2.8,587.8,3.5,575.8,5.1,567.1,3.8,541.4,5.6,595.8,10.4,656.6,7.1,575.1,1.3
Mean weekly earnings,   Females,Part-time,Total,Aug-16,623.1,3.5,546.1,3.6,590.9,3.7,564.2,4.3,604.4,4.5,534.7,5.4,656.6,13.3,703.5,8.4,589.2,1.6
Mean weekly earnings,   Females,Part-time,Total,Aug-17,603.8,3.3,620.0,3.1,589.0,4.1,631.5,3.8,643.2,5.2,564.5,4.6,664.7,10.2,655.8,8.2,611.6,1.9
Mean weekly earnings,   Females,Part-time,Total,Aug-18,626.5,3.4,627.1,3.0,604.9,4.3,608.4,3.3,608.7,3.7,607.6,3.4,655.5,9.7,712.5,7.6,620.3,1.7
Mean weekly earnings,   Females,Part-time,Total,Aug-19,652.0,3.8,630.5,3.3,640.6,2.8,636.3,4.1,711.2,5.6,649.8,4.8,640.0,8.2,726.5,8.3,650.1,1.9
Mean weekly earnings,   Females,Part-time,Total,Aug-20,737.2,2.8,765.8,3.6,735.0,4.3,706.9,4.8,748.4,5.4,725.4,4.0,720.3,9.2,744.6,6.8,742.9,1.9
Mean weekly earnings,   Females,Part-time,Total,Aug-21,732.1,3.4,695.6,3.3,699.1,3.0,696.5,3.8,696.2,4.3,681.0,4.1,739.9,8.9,921.2,8.7,709.2,1.4
Mean weekly earnings,   Females,Part-time,Total,Aug-22,761.3,3.7,767.3,4.1,723.5,3.8,728.7,3.3,697.8,4.4,694.5,4.0,771.0,8.5,820.4,8.7,744.4,1.8
Mean weekly earnings,   Females,Part-time,Total,Aug-23,769.4,3.7,775.1,3.7,815.6,3.3,766.5,3.6,784.1,5.2,808.9,4.5,815.2,8.3,882.8,8.2,784.4,1.7
Mean weekly earnings,   Females,Part-time,Total,Aug-24,794.9,3.6,924.1,5.8,876.2,3.8,775.6,4.7,918.1,6.4,845.0,5.9,948.9,10.4,957.9,6.9,863.9,1.8
Mean weekly earnings,   Females,Total,With leave entitlements,Aug-75,0.0,0.0,0.0,0.0,0.0,0.0,0.0,0.0,0.0,0.0,0.0,0.0,0.0,0.0,0.0,0.0,0.0,0.0
Mean weekly earnings,   Females,Total,With leave entitlements,Aug-76,0.0,0.0,0.0,0.0,0.0,0.0,0.0,0.0,0.0,0.0,0.0,0.0,0.0,0.0,0.0,0.0,0.0,0.0
Mean weekly earnings,   Females,Total,With leave entitlements,Aug-77,0.0,0.0,0.0,0.0,0.0,0.0,0.0,0.0,0.0,0.0,0.0,0.0,0.0,0.0,0.0,0.0,0.0,0.0
Mean weekly earnings,   Females,Total,With leave entitlements,Aug-78,0.0,0.0,0.0,0.0,0.0,0.0,0.0,0.0,0.0,0.0,0.0,0.0,0.0,0.0,0.0,0.0,0.0,0.0
Mean weekly earnings,   Females,Total,With leave entitlements,Aug-79,0.0,0.0,0.0,0.0,0.0,0.0,0.0,0.0,0.0,0.0,0.0,0.0,0.0,0.0,0.0,0.0,0.0,0.0
Mean weekly earnings,   Females,Total,With leave entitlements,Aug-80,0.0,0.0,0.0,0.0,0.0,0.0,0.0,0.0,0.0,0.0,0.0,0.0,0.0,0.0,0.0,0.0,0.0,0.0
Mean weekly earnings,   Females,Total,With leave entitlements,Aug-81,0.0,0.0,0.0,0.0,0.0,0.0,0.0,0.0,0.0,0.0,0.0,0.0,0.0,0.0,0.0,0.0,0.0,0.0
Mean weekly earnings,   Females,Total,With leave entitlements,Aug-82,0.0,0.0,0.0,0.0,0.0,0.0,0.0,0.0,0.0,0.0,0.0,0.0,0.0,0.0,0.0,0.0,0.0,0.0
Mean weekly earnings,   Females,Total,With leave entitlements,Aug-83,0.0,0.0,0.0,0.0,0.0,0.0,0.0,0.0,0.0,0.0,0.0,0.0,0.0,0.0,0.0,0.0,0.0,0.0
Mean weekly earnings,   Females,Total,With leave entitlements,Aug-84,0.0,0.0,0.0,0.0,0.0,0.0,0.0,0.0,0.0,0.0,0.0,0.0,0.0,0.0,0.0,0.0,0.0,0.0
Mean weekly earnings,   Females,Total,With leave entitlements,Aug-85,0.0,0.0,0.0,0.0,0.0,0.0,0.0,0.0,0.0,0.0,0.0,0.0,0.0,0.0,0.0,0.0,0.0,0.0
Mean weekly earnings,   Females,Total,With leave entitlements,Aug-86,0.0,0.0,0.0,0.0,0.0,0.0,0.0,0.0,0.0,0.0,0.0,0.0,0.0,0.0,0.0,0.0,0.0,0.0
Mean weekly earnings,   Females,Total,With leave entitlements,Aug-87,0.0,0.0,0.0,0.0,0.0,0.0,0.0,0.0,0.0,0.0,0.0,0.0,0.0,0.0,0.0,0.0,0.0,0.0
Mean weekly earnings,   Females,Total,With leave entitlements,Aug-88,0.0,0.0,0.0,0.0,0.0,0.0,0.0,0.0,0.0,0.0,0.0,0.0,0.0,0.0,0.0,0.0,354.0,0.0
Mean weekly earnings,   Females,Total,With leave entitlements,Aug-89,391.5,0.0,372.2,0.0,371.8,0.0,382.5,0.0,367.0,0.0,359.7,0.0,459.8,0.0,458.3,0.0,381.7,0.0
Mean weekly earnings,   Females,Total,With leave entitlements,Aug-90,415.9,0.0,405.9,0.0,382.5,0.0,400.8,0.0,379.1,0.0,374.5,0.0,474.2,0.0,509.3,0.0,405.5,0.0
Mean weekly earnings,   Females,Total,With leave entitlements,Jul-91,0.0,0.0,0.0,0.0,0.0,0.0,0.0,0.0,0.0,0.0,0.0,0.0,0.0,0.0,0.0,0.0,431.0,0.0
Mean weekly earnings,   Females,Total,With leave entitlements,Aug-92,464.0,1.6,442.9,1.9,441.3,2.3,440.0,2.8,432.3,2.4,429.5,4.7,510.4,12.8,545.6,4.8,451.4,0.9
Mean weekly earnings,   Females,Total,With leave entitlements,Aug-93,490.1,1.8,465.6,2.1,456.9,2.9,470.1,3.5,435.9,2.6,439.2,3.1,525.8,9.1,572.9,3.0,472.7,0.9
Mean weekly earnings,   Females,Total,With leave entitlements,Aug-94,499.7,2.2,477.5,2.0,474.8,2.5,481.6,2.8,461.1,3.3,446.3,5.3,566.0,10.7,570.2,3.5,486.1,1.3
Mean weekly earnings,   Females,Total,With leave entitlements,Aug-95,528.6,2.5,494.0,1.5,492.9,2.7,484.6,3.4,458.0,2.1,477.0,3.6,522.7,7.8,594.0,3.3,503.8,1.2
Mean weekly earnings,   Females,Total,With leave entitlements,Aug-96,0.0,0.0,0.0,0.0,0.0,0.0,0.0,0.0,0.0,0.0,0.0,0.0,0.0,0.0,0.0,0.0,0.0,0.0
Mean weekly earnings,   Females,Total,With leave entitlements,Aug-97,540.4,3.0,493.5,2.4,519.9,3.2,515.4,5.8,476.8,2.9,475.8,4.2,552.6,11.9,624.7,4.1,517.2,1.3
Mean weekly earnings,   Females,Total,With leave entitlements,Aug-98,567.7,2.3,510.0,3.0,519.9,3.0,499.9,3.0,502.5,3.2,501.8,4.2,604.6,12.0,640.7,3.3,534.2,1.5
Mean weekly earnings,   Females,Total,With leave entitlements,Aug-99,602.3,1.8,523.3,2.2,538.0,2.4,518.5,3.3,522.9,2.8,527.4,5.7,609.9,10.1,667.3,3.7,557.0,0.9
Mean weekly earnings,   Females,Total,With leave entitlements,Aug-00,605.7,2.5,545.6,2.0,564.6,2.5,585.8,3.1,536.5,2.7,530.7,4.9,620.2,8.2,763.1,4.3,577.5,1.0
Mean weekly earnings,   Females,Total,With leave entitlements,Aug-01,666.0,1.7,580.8,1.9,588.4,2.3,602.1,2.7,552.7,3.4,546.1,7.0,690.1,11.1,749.6,4.3,615.3,0.8
Mean weekly earnings,   Females,Total,With leave entitlements,Aug-02,669.2,2.2,603.2,2.4,618.8,2.9,654.6,5.2,599.1,3.1,592.3,6.0,660.3,9.4,806.4,3.5,636.8,1.3
Mean weekly earnings,   Females,Total,With leave entitlements,Aug-03,695.8,6.6,614.7,10.7,615.3,3.8,622.3,7.3,616.9,5.8,632.7,4.7,727.1,14.4,791.3,8.1,649.2,6.7
Mean weekly earnings,   Females,Total,With leave entitlements,Aug-04,773.0,2.8,701.6,2.4,689.4,2.2,687.1,4.1,658.4,3.0,660.7,5.6,820.5,10.1,885.3,3.0,723.2,1.3
Mean weekly earnings,   Females,Total,With leave entitlements,Aug-05,782.8,3.6,750.2,1.8,714.9,2.6,715.7,3.3,708.9,2.9,699.8,4.3,848.5,11.2,925.1,3.1,751.6,1.6
Mean weekly earnings,   Females,Total,With leave entitlements,Aug-06,839.1,2.2,762.5,2.3,758.6,2.0,740.5,3.4,727.5,3.3,711.6,3.9,890.1,10.0,977.1,3.3,786.9,1.1
Mean weekly earnings,   Females,Total,With leave entitlements,Aug-07,913.2,3.8,823.0,2.1,816.0,3.3,779.1,2.7,818.0,2.8,743.3,6.6,861.2,11.4,"1,091.8",2.8,852.0,1.8
Mean weekly earnings,   Females,Total,With leave entitlements,Aug-08,938.6,2.3,839.6,2.6,864.7,2.9,818.3,4.1,876.6,3.8,799.2,4.1,995.4,6.6,"1,103.2",3.8,886.0,1.1
Mean weekly earnings,   Females,Total,With leave entitlements,Aug-09,938.7,2.4,896.8,2.4,923.3,2.6,877.8,3.8,902.5,3.7,827.8,4.9,"1,063.7",6.0,"1,146.1",3.3,920.9,1.3
Mean weekly earnings,   Females,Total,With leave entitlements,Aug-10,"1,010.9",2.1,904.7,2.2,921.5,2.8,888.6,3.6,934.2,3.2,838.5,2.8,"1,056.3",5.6,"1,186.2",3.3,949.6,1.0
Mean weekly earnings,   Females,Total,With leave entitlements,Aug-11,"1,008.1",2.6,949.1,2.3,972.6,2.7,931.2,3.2,962.5,2.4,869.8,5.1,"1,135.8",4.2,"1,210.1",3.6,978.9,1.4
Mean weekly earnings,   Females,Total,With leave entitlements,Aug-12,"1,055.7",2.0,980.0,2.2,"1,036.5",2.7,948.0,3.1,"1,023.7",2.5,865.4,4.7,"1,143.2",4.7,"1,293.2",4.0,"1,024.1",1.2
Mean weekly earnings,   Females,Total,With leave entitlements,Aug-13,"1,104.0",2.5,986.1,2.2,"1,015.2",2.9,979.7,2.9,"1,059.0",2.5,903.1,3.3,"1,223.2",4.8,"1,339.7",5.1,"1,046.3",1.1
Mean weekly earnings,   Females,Total,With leave entitlements,Aug-14,"1,160.6",1.9,"1,055.1",2.4,"1,072.4",2.7,994.8,3.2,"1,158.2",3.7,929.2,3.8,"1,249.8",6.0,"1,387.9",3.4,"1,106.0",0.9
Mean weekly earnings,   Females,Total,With leave entitlements,Aug-15,"1,167.6",2.8,"1,063.4",2.4,"1,082.1",2.5,"1,042.3",3.1,"1,189.8",3.7,"1,000.0",3.5,"1,281.0",5.1,"1,351.8",4.5,"1,120.3",1.3
Mean weekly earnings,   Females,Total,With leave entitlements,Aug-16,"1,186.1",2.3,"1,105.1",2.8,"1,131.2",3.4,"1,064.0",3.3,"1,171.3",3.8,"1,010.2",3.7,"1,266.4",5.9,"1,447.0",3.4,"1,148.1",1.3
Mean weekly earnings,   Females,Total,With leave entitlements,Aug-17,"1,267.2",1.8,"1,179.2",2.2,"1,178.1",3.0,"1,091.1",3.2,"1,221.4",3.2,"1,000.1",4.5,"1,313.4",4.4,"1,440.7",3.1,"1,209.0",1.2
Mean weekly earnings,   Females,Total,With leave entitlements,Aug-18,"1,297.0",2.2,"1,171.5",2.8,"1,218.1",3.4,"1,179.3",5.8,"1,203.5",2.5,"1,070.0",3.8,"1,390.6",4.1,"1,500.0",4.6,"1,231.2",1.4
Mean weekly earnings,   Females,Total,With leave entitlements,Aug-19,"1,353.2",2.8,"1,269.0",2.8,"1,165.1",2.6,"1,131.8",2.7,"1,251.6",3.2,"1,135.9",5.7,"1,399.4",4.6,"1,441.3",3.6,"1,267.8",1.2
Mean weekly earnings,   Females,Total,With leave entitlements,Aug-20,"1,378.5",2.1,"1,300.5",2.2,"1,277.0",2.4,"1,199.2",2.7,"1,356.7",2.9,"1,181.5",3.5,"1,441.9",5.2,"1,538.8",3.4,"1,324.6",1.0
Mean weekly earnings,   Females,Total,With leave entitlements,Aug-21,"1,480.8",2.2,"1,312.1",2.3,"1,313.1",2.7,"1,259.1",3.0,"1,283.0",3.3,"1,262.2",5.6,"1,589.3",5.0,"1,655.8",4.9,"1,366.3",1.1
Mean weekly earnings,   Females,Total,With leave entitlements,Aug-22,"1,490.7",2.3,"1,456.7",1.7,"1,419.4",2.6,"1,353.6",3.1,"1,383.7",4.0,"1,195.0",2.9,"1,532.2",4.6,"1,643.5",3.7,"1,445.0",1.0
Mean weekly earnings,   Females,Total,With leave entitlements,Aug-23,"1,601.1",2.2,"1,503.1",1.7,"1,455.1",3.2,"1,413.2",3.7,"1,518.6",3.4,"1,362.4",3.5,"1,555.5",5.0,"1,823.7",3.7,"1,524.4",0.9
Mean weekly earnings,   Females,Total,With leave entitlements,Aug-24,"1,746.8",2.5,"1,704.1",3.2,"1,610.6",2.4,"1,397.2",3.3,"1,606.7",3.6,"1,427.1",3.6,"1,645.1",3.1,"2,058.9",4.3,"1,670.6",1.5
Mean weekly earnings,   Females,Total,Without leave entitlements,Aug-75,0.0,0.0,0.0,0.0,0.0,0.0,0.0,0.0,0.0,0.0,0.0,0.0,0.0,0.0,0.0,0.0,0.0,0.0
Mean weekly earnings,   Females,Total,Without leave entitlements,Aug-76,0.0,0.0,0.0,0.0,0.0,0.0,0.0,0.0,0.0,0.0,0.0,0.0,0.0,0.0,0.0,0.0,0.0,0.0
Mean weekly earnings,   Females,Total,Without leave entitlements,Aug-77,0.0,0.0,0.0,0.0,0.0,0.0,0.0,0.0,0.0,0.0,0.0,0.0,0.0,0.0,0.0,0.0,0.0,0.0
Mean weekly earnings,   Females,Total,Without leave entitlements,Aug-78,0.0,0.0,0.0,0.0,0.0,0.0,0.0,0.0,0.0,0.0,0.0,0.0,0.0,0.0,0.0,0.0,0.0,0.0
Mean weekly earnings,   Females,Total,Without leave entitlements,Aug-79,0.0,0.0,0.0,0.0,0.0,0.0,0.0,0.0,0.0,0.0,0.0,0.0,0.0,0.0,0.0,0.0,0.0,0.0
Mean weekly earnings,   Females,Total,Without leave entitlements,Aug-80,0.0,0.0,0.0,0.0,0.0,0.0,0.0,0.0,0.0,0.0,0.0,0.0,0.0,0.0,0.0,0.0,0.0,0.0
Mean weekly earnings,   Females,Total,Without leave entitlements,Aug-81,0.0,0.0,0.0,0.0,0.0,0.0,0.0,0.0,0.0,0.0,0.0,0.0,0.0,0.0,0.0,0.0,0.0,0.0
Mean weekly earnings,   Females,Total,Without leave entitlements,Aug-82,0.0,0.0,0.0,0.0,0.0,0.0,0.0,0.0,0.0,0.0,0.0,0.0,0.0,0.0,0.0,0.0,0.0,0.0
Mean weekly earnings,   Females,Total,Without leave entitlements,Aug-83,0.0,0.0,0.0,0.0,0.0,0.0,0.0,0.0,0.0,0.0,0.0,0.0,0.0,0.0,0.0,0.0,0.0,0.0
Mean weekly earnings,   Females,Total,Without leave entitlements,Aug-84,0.0,0.0,0.0,0.0,0.0,0.0,0.0,0.0,0.0,0.0,0.0,0.0,0.0,0.0,0.0,0.0,0.0,0.0
Mean weekly earnings,   Females,Total,Without leave entitlements,Aug-85,0.0,0.0,0.0,0.0,0.0,0.0,0.0,0.0,0.0,0.0,0.0,0.0,0.0,0.0,0.0,0.0,0.0,0.0
Mean weekly earnings,   Females,Total,Without leave entitlements,Aug-86,0.0,0.0,0.0,0.0,0.0,0.0,0.0,0.0,0.0,0.0,0.0,0.0,0.0,0.0,0.0,0.0,0.0,0.0
Mean weekly earnings,   Females,Total,Without leave entitlements,Aug-87,0.0,0.0,0.0,0.0,0.0,0.0,0.0,0.0,0.0,0.0,0.0,0.0,0.0,0.0,0.0,0.0,0.0,0.0
Mean weekly earnings,   Females,Total,Without leave entitlements,Aug-88,0.0,0.0,0.0,0.0,0.0,0.0,0.0,0.0,0.0,0.0,0.0,0.0,0.0,0.0,0.0,0.0,177.0,0.0
Mean weekly earnings,   Females,Total,Without leave entitlements,Aug-89,176.6,0.0,169.8,0.0,173.8,0.0,176.9,0.0,160.9,0.0,158.0,0.0,397.1,0.0,186.1,0.0,174.8,0.0
Mean weekly earnings,   Females,Total,Without leave entitlements,Aug-90,185.6,0.0,167.7,0.0,178.4,0.0,190.1,0.0,163.6,0.0,187.4,0.0,221.8,0.0,176.9,0.0,178.6,0.0
Mean weekly earnings,   Females,Total,Without leave entitlements,Jul-91,0.0,0.0,0.0,0.0,0.0,0.0,0.0,0.0,0.0,0.0,0.0,0.0,0.0,0.0,0.0,0.0,192.0,0.0
Mean weekly earnings,   Females,Total,Without leave entitlements,Aug-92,211.2,3.8,179.3,5.3,200.2,4.4,197.5,5.8,163.1,5.1,183.5,6.8,255.6,23.3,183.1,9.6,195.6,2.2
Mean weekly earnings,   Females,Total,Without leave entitlements,Aug-93,225.9,3.0,183.8,5.7,212.1,4.7,220.0,6.0,184.6,6.4,197.2,7.9,252.0,19.4,232.6,8.1,209.7,1.6
Mean weekly earnings,   Females,Total,Without leave entitlements,Aug-94,217.4,3.8,203.5,5.8,214.5,4.1,230.4,5.7,215.0,6.1,191.6,8.5,292.2,15.6,199.7,8.6,214.2,2.1
Mean weekly earnings,   Females,Total,Without leave entitlements,Aug-95,226.4,4.2,208.3,5.4,235.5,4.7,232.2,6.1,188.0,5.3,207.3,9.0,236.8,13.3,216.6,7.5,220.6,2.5
Mean weekly earnings,   Females,Total,Without leave entitlements,Aug-96,0.0,0.0,0.0,0.0,0.0,0.0,0.0,0.0,0.0,0.0,0.0,0.0,0.0,0.0,0.0,0.0,0.0,0.0
Mean weekly earnings,   Females,Total,Without leave entitlements,Aug-97,246.3,6.2,225.7,4.4,233.2,6.4,249.5,5.7,199.8,6.3,227.7,11.0,281.6,17.4,256.5,10.0,234.9,3.0
Mean weekly earnings,   Females,Total,Without leave entitlements,Aug-98,237.1,4.8,208.3,4.7,236.9,4.2,243.4,5.9,210.3,7.2,232.4,10.0,283.0,17.5,262.8,11.3,229.2,2.2
Mean weekly earnings,   Females,Total,Without leave entitlements,Aug-99,264.0,4.8,234.9,7.0,247.5,4.5,273.6,3.7,236.5,5.8,242.0,7.0,268.7,13.8,260.1,9.2,251.5,2.3
Mean weekly earnings,   Females,Total,Without leave entitlements,Aug-00,280.5,4.1,248.4,5.3,254.3,4.6,272.5,5.4,229.0,5.7,215.6,9.7,337.4,22.6,307.3,9.6,260.7,2.4
Mean weekly earnings,   Females,Total,Without leave entitlements,Aug-01,285.9,5.7,256.4,6.2,282.9,4.3,281.9,4.4,270.5,5.6,240.6,9.3,426.4,15.3,307.6,10.8,276.7,2.1
Mean weekly earnings,   Females,Total,Without leave entitlements,Aug-02,306.9,5.4,245.5,5.0,283.9,4.3,298.5,6.4,262.6,7.4,250.3,7.5,378.7,20.3,297.7,13.2,281.9,2.3
Mean weekly earnings,   Females,Total,Without leave entitlements,Aug-03,306.9,6.4,270.7,6.7,267.4,4.1,307.0,6.1,289.5,6.9,286.5,9.0,315.3,20.6,306.0,9.9,287.7,3.5
Mean weekly earnings,   Females,Total,Without leave entitlements,Aug-04,342.0,4.8,318.6,4.9,323.2,4.2,349.0,4.7,284.7,5.2,275.4,9.7,465.9,28.0,340.5,8.0,327.2,2.0
Mean weekly earnings,   Females,Total,Without leave entitlements,Aug-05,348.0,4.5,337.9,6.1,335.0,4.7,347.7,7.4,333.0,7.0,288.1,8.2,411.8,18.2,335.3,13.1,340.2,1.8
Mean weekly earnings,   Females,Total,Without leave entitlements,Aug-06,363.8,5.8,343.6,5.8,381.4,4.6,347.9,6.7,338.1,6.5,322.1,9.0,435.0,13.4,348.0,10.5,358.9,3.0
Mean weekly earnings,   Females,Total,Without leave entitlements,Aug-07,384.3,6.1,356.7,5.8,373.5,5.8,361.6,6.5,382.6,6.8,350.3,7.3,414.6,23.8,369.4,13.3,372.4,3.3
Mean weekly earnings,   Females,Total,Without leave entitlements,Aug-08,381.4,6.1,351.9,6.5,409.1,7.7,389.9,7.5,371.3,11.1,359.0,8.8,395.4,17.3,447.4,11.3,381.6,3.8
Mean weekly earnings,   Females,Total,Without leave entitlements,Aug-09,406.4,7.2,325.9,5.0,416.1,4.5,411.8,7.6,410.7,8.5,366.4,9.1,507.6,14.1,563.9,14.0,394.1,3.0
Mean weekly earnings,   Females,Total,Without leave entitlements,Aug-10,424.3,5.3,410.2,5.2,433.3,6.0,408.2,5.7,427.2,7.6,369.0,7.3,521.1,14.2,455.5,10.3,421.9,2.7
Mean weekly earnings,   Females,Total,Without leave entitlements,Aug-11,435.1,4.4,417.3,5.5,449.2,5.2,435.9,6.5,441.3,5.7,363.5,7.7,502.6,17.5,434.7,11.7,433.7,2.4
Mean weekly earnings,   Females,Total,Without leave entitlements,Aug-12,443.4,3.6,431.7,4.8,440.6,4.8,429.7,7.7,542.0,8.9,418.2,11.9,527.5,11.7,514.9,14.1,450.4,2.1
Mean weekly earnings,   Females,Total,Without leave entitlements,Aug-13,433.8,6.1,397.2,5.1,499.7,5.0,462.3,9.9,486.4,8.5,387.6,7.2,562.7,15.9,506.7,17.3,448.5,2.7
Mean weekly earnings,   Females,Total,Without leave entitlements,Aug-14,459.9,4.2,456.2,6.4,488.6,6.7,468.8,7.2,553.5,6.4,407.3,7.2,505.3,16.4,571.3,12.3,477.2,2.5
Mean weekly earnings,   Females,Total,Without leave entitlements,Aug-15,532.1,5.3,452.5,7.2,548.8,6.5,501.7,7.9,557.0,8.3,389.4,10.0,625.9,12.5,652.7,19.9,516.4,2.8
Mean weekly earnings,   Females,Total,Without leave entitlements,Aug-16,588.9,7.2,430.7,5.2,537.9,7.3,476.2,6.3,489.8,7.4,429.6,8.9,633.3,15.9,605.1,12.2,516.9,3.0
Mean weekly earnings,   Females,Total,Without leave entitlements,Aug-17,598.3,6.5,523.6,4.9,521.4,6.0,492.3,6.0,561.4,8.1,439.8,7.3,559.4,13.9,546.0,14.5,546.8,2.9
Mean weekly earnings,   Females,Total,Without leave entitlements,Aug-18,620.9,6.4,535.9,6.6,545.3,5.7,566.8,6.9,566.9,8.7,525.4,7.4,689.7,11.2,627.8,13.2,573.8,2.6
Mean weekly earnings,   Females,Total,Without leave entitlements,Aug-19,566.8,5.0,520.5,4.7,604.7,5.6,577.7,9.5,693.0,9.4,509.7,8.8,649.7,9.7,593.0,18.9,575.4,2.9
Mean weekly earnings,   Females,Total,Without leave entitlements,Aug-20,637.5,5.8,668.8,5.9,658.1,7.2,587.3,6.8,631.7,8.0,638.0,9.7,678.7,17.0,788.6,10.5,648.2,2.5
Mean weekly earnings,   Females,Total,Without leave entitlements,Aug-21,672.4,6.7,562.2,6.0,642.6,5.3,624.5,6.1,652.5,8.4,553.5,11.0,727.2,14.1,"1,006.4",14.7,635.3,2.9
Mean weekly earnings,   Females,Total,Without leave entitlements,Aug-22,705.8,7.8,693.5,7.2,678.4,5.8,634.0,8.0,657.2,8.0,596.6,7.2,751.5,14.4,"1,104.8",14.0,690.7,3.0
Mean weekly earnings,   Females,Total,Without leave entitlements,Aug-23,666.6,5.7,664.5,7.8,749.7,7.2,733.2,7.0,734.2,9.1,653.9,11.3,913.7,13.3,817.6,18.2,700.1,2.5
Mean weekly earnings,   Females,Total,Without leave entitlements,Aug-24,698.1,4.4,655.0,5.6,844.6,7.2,731.4,9.3,879.4,18.7,614.2,9.1,802.4,16.4,779.3,16.8,743.8,3.5
Mean weekly earnings,   Females,Total,Total,Aug-75,99.0,0.0,103.0,0.0,93.0,0.0,90.0,0.0,92.0,0.0,92.0,0.0,109.0,0.0,116.0,0.0,98.0,0.0
Mean weekly earnings,   Females,Total,Total,Aug-76,114.0,0.0,114.0,0.0,108.0,0.0,106.0,0.0,106.0,0.0,102.0,0.0,111.0,0.0,132.0,0.0,112.0,0.0
Mean weekly earnings,   Females,Total,Total,Aug-77,128.0,0.0,126.0,0.0,120.0,0.0,119.0,0.0,117.0,0.0,115.0,0.0,142.0,0.0,142.0,0.0,124.0,0.0
Mean weekly earnings,   Females,Total,Total,Aug-78,143.0,0.0,137.0,0.0,129.0,0.0,131.0,0.0,129.0,0.0,120.0,0.0,155.0,0.0,162.0,0.0,136.0,0.0
Mean weekly earnings,   Females,Total,Total,Aug-79,151.0,0.0,147.0,0.0,141.0,0.0,138.0,0.0,139.0,0.0,139.0,0.0,162.0,0.0,171.0,0.0,146.0,0.0
Mean weekly earnings,   Females,Total,Total,Aug-80,166.0,0.0,161.0,0.0,153.0,0.0,155.0,0.0,151.0,0.0,151.0,0.0,192.0,0.0,187.0,0.0,160.0,0.0
Mean weekly earnings,   Females,Total,Total,Aug-81,185.0,0.0,184.0,0.0,173.0,0.0,174.0,0.0,169.0,0.0,173.0,0.0,219.0,0.0,218.0,0.0,180.0,0.0
Mean weekly earnings,   Females,Total,Total,Aug-82,208.0,0.0,204.0,0.0,198.0,0.0,193.0,0.0,192.0,0.0,189.0,0.0,239.0,0.0,244.0,0.0,202.0,0.0
Mean weekly earnings,   Females,Total,Total,Aug-83,223.0,0.0,221.0,0.0,214.0,0.0,209.0,0.0,207.0,0.0,207.0,0.0,271.0,0.0,259.0,0.0,218.0,0.0
Mean weekly earnings,   Females,Total,Total,Aug-84,245.0,0.0,233.0,0.0,219.0,0.0,222.0,0.0,229.0,0.0,207.0,0.0,278.0,0.0,265.0,0.0,233.0,0.0
Mean weekly earnings,   Females,Total,Total,Aug-85,261.0,0.0,250.0,0.0,232.0,0.0,238.0,0.0,243.0,0.0,237.0,0.0,305.0,0.0,292.0,0.0,249.0,0.0
Mean weekly earnings,   Females,Total,Total,Aug-86,280.0,0.0,275.0,0.0,257.0,0.0,253.0,0.0,254.0,0.0,246.0,0.0,317.0,0.0,309.0,0.0,269.0,0.0
Mean weekly earnings,   Females,Total,Total,Aug-87,297.0,0.0,284.0,0.0,272.0,0.0,269.0,0.0,271.0,0.0,258.0,0.0,321.0,0.0,335.0,0.0,283.0,0.0
Mean weekly earnings,   Females,Total,Total,Aug-88,317.0,0.0,313.0,0.0,276.0,0.0,292.0,0.0,290.0,0.0,274.0,0.0,368.0,0.0,365.0,0.0,303.0,0.0
Mean weekly earnings,   Females,Total,Total,Aug-89,335.0,0.0,322.0,0.0,302.2,0.0,311.0,0.0,309.8,0.0,291.4,0.0,443.1,0.0,382.4,0.0,323.1,0.0
Mean weekly earnings,   Females,Total,Total,Aug-90,358.7,0.0,349.2,0.0,313.2,0.0,326.3,0.0,322.7,0.0,313.1,0.0,411.5,0.0,427.9,0.0,343.8,0.0
Mean weekly earnings,   Females,Total,Total,Jul-91,379.0,0.0,369.0,0.0,337.0,0.0,345.0,0.0,346.0,0.0,334.0,0.0,411.0,0.0,470.0,0.0,361.0,0.0
Mean weekly earnings,   Females,Total,Total,Aug-92,393.4,1.5,378.2,1.6,351.9,2.0,352.9,2.2,363.9,2.0,341.9,3.8,444.5,11.9,441.1,4.0,376.7,0.8
Mean weekly earnings,   Females,Total,Total,Aug-93,415.4,1.5,399.8,2.0,367.3,2.2,385.1,2.5,370.9,2.2,355.8,2.8,457.6,9.1,479.2,2.5,397.0,0.8
Mean weekly earnings,   Females,Total,Total,Aug-94,423.2,1.9,403.0,1.7,380.7,1.9,391.0,2.7,394.0,2.7,350.4,4.2,491.5,9.8,484.0,3.0,405.5,1.1
Mean weekly earnings,   Females,Total,Total,Aug-95,443.6,2.2,420.1,1.2,400.9,2.4,401.1,2.7,383.9,2.0,384.6,3.1,443.0,7.1,498.9,2.7,420.9,1.1
Mean weekly earnings,   Females,Total,Total,Aug-96,0.0,0.0,0.0,0.0,0.0,0.0,0.0,0.0,0.0,0.0,0.0,0.0,0.0,0.0,0.0,0.0,0.0,0.0
Mean weekly earnings,   Females,Total,Total,Aug-97,458.2,2.9,424.4,2.2,412.5,2.4,413.1,4.7,396.5,2.3,385.1,3.9,481.1,10.2,530.9,3.9,432.2,1.3
Mean weekly earnings,   Females,Total,Total,Aug-98,472.9,2.0,427.3,2.5,415.5,2.2,405.1,2.4,417.3,3.0,398.2,4.1,534.4,11.7,539.5,3.3,440.8,1.1
Mean weekly earnings,   Females,Total,Total,Aug-99,505.8,1.5,445.0,1.9,433.2,1.9,427.5,2.5,441.3,2.5,432.9,4.5,521.9,9.6,565.4,3.1,464.8,0.8
Mean weekly earnings,   Females,Total,Total,Aug-00,516.6,2.3,461.6,1.8,450.6,2.2,467.1,2.5,443.3,2.1,421.9,4.5,544.2,9.5,654.4,3.4,481.0,1.0
Mean weekly earnings,   Females,Total,Total,Aug-01,564.4,1.4,491.7,1.8,482.9,1.9,483.6,1.9,462.4,2.4,439.0,5.2,621.0,10.2,645.4,4.0,514.7,0.7
Mean weekly earnings,   Females,Total,Total,Aug-02,563.2,1.9,504.3,2.0,505.4,2.1,522.9,3.8,500.3,2.8,479.6,5.1,603.1,9.9,678.5,3.1,529.7,1.1
Mean weekly earnings,   Females,Total,Total,Aug-03,584.7,6.2,520.2,9.6,492.7,2.9,514.8,6.4,516.3,4.5,507.0,4.4,635.6,13.4,692.2,7.2,540.3,5.9
Mean weekly earnings,   Females,Total,Total,Aug-04,650.9,2.4,599.7,1.8,566.3,1.8,559.9,3.2,548.7,2.7,539.2,4.7,741.9,9.8,750.4,2.4,605.9,1.2
Mean weekly earnings,   Females,Total,Total,Aug-05,657.0,2.8,640.4,1.9,597.2,2.1,595.0,2.9,599.7,2.8,563.4,3.1,734.0,11.3,786.2,2.8,632.2,1.3
Mean weekly earnings,   Females,Total,Total,Aug-06,708.4,1.8,661.5,1.9,632.2,2.0,611.2,2.5,617.0,3.0,593.2,3.1,784.4,9.3,855.5,3.1,666.2,0.9
Mean weekly earnings,   Females,Total,Total,Aug-07,765.9,2.8,695.5,1.7,678.5,2.9,647.2,2.5,697.3,2.4,618.5,4.9,769.3,11.1,938.1,2.2,715.2,1.2
Mean weekly earnings,   Females,Total,Total,Aug-08,794.6,2.0,710.7,2.2,713.3,2.6,671.0,2.9,747.3,3.5,670.6,3.6,858.4,6.4,947.3,3.1,744.5,1.0
Mean weekly earnings,   Females,Total,Total,Aug-09,794.1,2.2,754.8,2.1,774.1,2.3,704.9,3.2,766.8,3.2,691.1,3.6,942.2,5.6,"1,021.3",3.0,774.9,1.1
Mean weekly earnings,   Females,Total,Total,Aug-10,852.7,1.7,778.1,1.7,775.5,2.1,735.8,2.8,800.3,2.6,701.9,2.3,942.5,5.1,"1,023.2",3.2,805.0,0.8
Mean weekly earnings,   Females,Total,Total,Aug-11,853.6,2.2,816.8,1.8,813.0,2.4,770.1,2.5,827.0,2.1,717.7,4.2,999.5,3.9,"1,058.0",3.0,830.0,1.1
Mean weekly earnings,   Females,Total,Total,Aug-12,892.4,1.6,844.4,2.0,869.7,2.2,796.4,2.7,905.9,2.6,746.5,4.2,"1,015.8",4.3,"1,144.6",3.7,874.1,1.0
Mean weekly earnings,   Females,Total,Total,Aug-13,931.5,2.2,835.2,1.8,860.7,2.2,827.6,2.8,920.8,2.1,761.5,2.8,"1,096.8",4.4,"1,188.2",5.1,888.2,1.0
Mean weekly earnings,   Females,Total,Total,Aug-14,976.4,1.9,907.6,2.3,906.2,2.2,842.6,2.5,994.2,2.9,776.5,2.8,"1,123.0",5.5,"1,220.4",3.1,939.8,0.8
Mean weekly earnings,   Females,Total,Total,Aug-15,998.3,2.3,906.5,2.2,927.0,2.1,883.3,2.6,"1,020.0",3.2,844.6,3.1,"1,139.7",4.9,"1,233.0",4.3,958.3,1.1
Mean weekly earnings,   Females,Total,Total,Aug-16,"1,028.1",1.8,931.9,2.4,967.3,2.4,886.0,2.7,981.8,3.3,849.7,2.9,"1,144.3",5.7,"1,280.0",3.2,979.5,1.1
Mean weekly earnings,   Females,Total,Total,Aug-17,"1,090.3",2.0,"1,019.3",1.8,976.9,2.3,915.9,2.9,"1,036.4",2.7,844.8,3.7,"1,172.2",3.9,"1,244.0",3.0,"1,030.4",1.1
Mean weekly earnings,   Females,Total,Total,Aug-18,"1,113.8",1.8,"1,020.4",2.1,"1,018.2",2.4,991.4,4.9,"1,045.4",2.2,926.1,3.0,"1,240.8",3.9,"1,289.4",4.1,"1,056.1",1.1
Mean weekly earnings,   Females,Total,Total,Aug-19,"1,158.6",2.3,"1,075.9",2.3,"1,011.0",2.2,968.4,2.6,"1,112.2",2.9,954.3,4.6,"1,242.7",4.1,"1,286.4",3.3,"1,088.9",1.0
Mean weekly earnings,   Females,Total,Total,Aug-20,"1,211.9",2.0,"1,172.9",2.1,"1,112.4",2.0,"1,039.9",2.3,"1,173.4",2.5,"1,015.9",3.5,"1,277.3",4.5,"1,372.5",2.7,"1,166.3",1.0
Mean weekly earnings,   Females,Total,Total,Aug-21,"1,301.7",1.9,"1,145.4",2.2,"1,136.9",2.1,"1,088.8",2.7,"1,117.0",2.8,"1,057.7",4.4,"1,411.2",4.6,"1,532.2",3.7,"1,191.7",0.9
Mean weekly earnings,   Females,Total,Total,Aug-22,"1,295.3",2.1,"1,287.3",1.5,"1,211.0",2.2,"1,139.5",2.7,"1,186.4",3.4,"1,041.6",2.6,"1,371.5",3.5,"1,523.9",3.9,"1,253.8",0.9
Mean weekly earnings,   Females,Total,Total,Aug-23,"1,376.7",1.7,"1,319.7",1.6,"1,284.6",2.6,"1,214.2",2.8,"1,310.2",3.2,"1,206.1",2.9,"1,422.7",3.7,"1,657.4",3.7,"1,327.6",0.8
Mean weekly earnings,   Females,Total,Total,Aug-24,"1,500.5",2.2,"1,483.1",2.9,"1,409.9",1.9,"1,240.5",3.1,"1,442.4",4.5,"1,245.7",3.3,"1,506.7",2.8,"1,860.8",4.1,"1,456.7",1.4
Employees,Persons,Full-time,With leave entitlements,Aug-75,0.0,0.0,0.0,0.0,0.0,0.0,0.0,0.0,0.0,0.0,0.0,0.0,0.0,0.0,0.0,0.0,0.0,0.0
Employees,Persons,Full-time,With leave entitlements,Aug-76,0.0,0.0,0.0,0.0,0.0,0.0,0.0,0.0,0.0,0.0,0.0,0.0,0.0,0.0,0.0,0.0,0.0,0.0
Employees,Persons,Full-time,With leave entitlements,Aug-77,0.0,0.0,0.0,0.0,0.0,0.0,0.0,0.0,0.0,0.0,0.0,0.0,0.0,0.0,0.0,0.0,0.0,0.0
Employees,Persons,Full-time,With leave entitlements,Aug-78,0.0,0.0,0.0,0.0,0.0,0.0,0.0,0.0,0.0,0.0,0.0,0.0,0.0,0.0,0.0,0.0,0.0,0.0
Employees,Persons,Full-time,With leave entitlements,Aug-79,0.0,0.0,0.0,0.0,0.0,0.0,0.0,0.0,0.0,0.0,0.0,0.0,0.0,0.0,0.0,0.0,0.0,0.0
Employees,Persons,Full-time,With leave entitlements,Aug-80,0.0,0.0,0.0,0.0,0.0,0.0,0.0,0.0,0.0,0.0,0.0,0.0,0.0,0.0,0.0,0.0,0.0,0.0
Employees,Persons,Full-time,With leave entitlements,Aug-81,0.0,0.0,0.0,0.0,0.0,0.0,0.0,0.0,0.0,0.0,0.0,0.0,0.0,0.0,0.0,0.0,0.0,0.0
Employees,Persons,Full-time,With leave entitlements,Aug-82,0.0,0.0,0.0,0.0,0.0,0.0,0.0,0.0,0.0,0.0,0.0,0.0,0.0,0.0,0.0,0.0,0.0,0.0
Employees,Persons,Full-time,With leave entitlements,Aug-83,0.0,0.0,0.0,0.0,0.0,0.0,0.0,0.0,0.0,0.0,0.0,0.0,0.0,0.0,0.0,0.0,0.0,0.0
Employees,Persons,Full-time,With leave entitlements,Aug-84,0.0,0.0,0.0,0.0,0.0,0.0,0.0,0.0,0.0,0.0,0.0,0.0,0.0,0.0,0.0,0.0,"4,086.4",0.0
Employees,Persons,Full-time,With leave entitlements,Aug-85,0.0,0.0,0.0,0.0,0.0,0.0,0.0,0.0,0.0,0.0,0.0,0.0,0.0,0.0,0.0,0.0,"4,184.3",0.0
Employees,Persons,Full-time,With leave entitlements,Aug-86,0.0,0.0,0.0,0.0,0.0,0.0,0.0,0.0,0.0,0.0,0.0,0.0,0.0,0.0,0.0,0.0,"4,243.8",0.0
Employees,Persons,Full-time,With leave entitlements,Aug-87,0.0,0.0,0.0,0.0,0.0,0.0,0.0,0.0,0.0,0.0,0.0,0.0,0.0,0.0,0.0,0.0,"4,295.5",0.0
Employees,Persons,Full-time,With leave entitlements,Aug-88,0.0,0.0,0.0,0.0,0.0,0.0,0.0,0.0,0.0,0.0,0.0,0.0,0.0,0.0,0.0,0.0,"4,480.3",0.0
Employees,Persons,Full-time,With leave entitlements,Aug-89,"1,630.9",0.0,"1,264.4",0.0,733.5,0.0,371.6,0.0,426.1,0.0,118.3,0.0,48.0,0.0,92.5,0.0,"4,685.4",0.0
Employees,Persons,Full-time,With leave entitlements,Aug-90,"1,667.6",0.0,"1,288.0",0.0,734.2,0.0,374.5,0.0,428.6,0.0,118.0,0.0,47.8,0.0,102.1,0.0,"4,760.8",0.0
Employees,Persons,Full-time,With leave entitlements,Jul-91,0.0,0.0,0.0,0.0,0.0,0.0,0.0,0.0,0.0,0.0,0.0,0.0,0.0,0.0,0.0,0.0,"4,390.7",0.0
Employees,Persons,Full-time,With leave entitlements,Aug-92,"1,537.1",1.1,"1,122.8",1.2,711.7,1.2,325.1,1.4,408.3,1.6,105.0,2.4,41.1,12.0,94.8,3.1,"4,345.9",0.5
Employees,Persons,Full-time,With leave entitlements,Aug-93,"1,485.1",1.1,"1,118.4",1.3,727.1,1.6,331.0,2.1,420.9,1.6,104.0,2.1,47.9,7.9,97.7,1.9,"4,332.2",0.7
Employees,Persons,Full-time,With leave entitlements,Aug-94,"1,521.3",1.6,"1,126.1",1.6,759.2,1.5,331.0,1.9,428.5,2.6,102.1,3.3,45.6,8.4,99.8,2.0,"4,413.5",0.8
Employees,Persons,Full-time,With leave entitlements,Aug-95,"1,601.0",1.4,"1,142.5",0.8,780.4,1.9,330.1,2.1,435.9,1.4,103.5,3.0,46.1,6.2,98.8,2.4,"4,538.2",0.7
Employees,Persons,Full-time,With leave entitlements,Aug-96,"1,565.8",1.2,"1,169.1",1.1,781.2,1.2,318.6,1.3,437.5,1.9,99.5,3.0,45.6,7.7,95.6,2.9,"4,513.0",0.6
Employees,Persons,Full-time,With leave entitlements,Aug-97,"1,558.5",1.7,"1,122.8",1.5,748.6,1.6,314.2,2.1,440.4,1.9,96.6,2.4,48.5,10.2,96.1,1.7,"4,425.8",0.7
Employees,Persons,Full-time,With leave entitlements,Aug-98,"1,579.5",1.4,"1,135.5",2.0,769.5,1.5,318.8,2.2,445.0,2.1,95.9,4.2,46.2,11.0,96.8,2.5,"4,487.2",0.8
Employees,Persons,Full-time,With leave entitlements,Aug-99,"1,591.9",1.5,"1,132.1",1.6,788.2,1.9,312.2,2.2,448.3,2.1,97.8,2.7,49.3,8.8,98.9,2.4,"4,518.5",0.8
Employees,Persons,Full-time,With leave entitlements,Aug-00,"1,657.9",1.2,"1,179.2",1.5,805.6,1.9,327.5,2.4,455.2,1.9,98.7,1.9,47.0,10.4,103.6,2.8,"4,674.8",0.6
Employees,Persons,Full-time,With leave entitlements,Aug-01,"1,649.3",1.0,"1,194.8",1.3,782.5,1.8,321.2,2.3,443.4,1.8,94.8,4.0,48.2,9.0,102.7,2.1,"4,636.8",0.7
Employees,Persons,Full-time,With leave entitlements,Aug-02,"1,644.2",1.2,"1,188.6",1.2,833.8,2.1,324.7,2.2,444.0,2.4,99.6,3.5,52.5,8.4,107.2,3.1,"4,694.6",0.8
Employees,Persons,Full-time,With leave entitlements,Aug-03,"1,627.5",5.2,"1,182.3",8.3,820.9,3.2,339.6,5.8,439.9,8.8,104.2,5.8,46.0,7.9,103.2,6.7,"4,663.5",5.7
Employees,Persons,Full-time,With leave entitlements,Aug-04,"1,580.2",1.7,"1,199.8",1.4,898.4,2.1,330.2,2.7,449.8,2.2,105.0,3.0,53.6,9.9,105.3,2.4,"4,722.3",0.9
Employees,Persons,Full-time,With leave entitlements,Aug-05,"1,623.7",2.0,"1,266.6",1.4,959.4,1.5,357.0,2.2,489.5,1.9,106.0,2.7,46.8,8.5,108.3,2.2,"4,957.2",0.8
Employees,Persons,Full-time,With leave entitlements,Aug-06,"1,678.1",1.2,"1,271.0",1.4,976.3,1.4,362.1,2.5,522.7,2.5,109.1,3.7,53.7,9.3,117.7,2.0,"5,090.7",0.8
Employees,Persons,Full-time,With leave entitlements,Aug-07,"1,690.7",2.1,"1,333.9",1.3,"1,036.6",1.8,356.3,2.7,552.8,1.8,111.0,2.9,50.1,8.7,118.1,2.9,"5,249.5",0.9
Employees,Persons,Full-time,With leave entitlements,Aug-08,"1,795.5",1.5,"1,358.0",1.6,"1,060.4",2.3,375.5,2.6,615.2,2.5,119.1,4.1,57.5,7.5,122.9,2.7,"5,504.0",0.9
Employees,Persons,Full-time,With leave entitlements,Aug-09,"1,760.4",1.7,"1,363.7",1.6,"1,120.9",1.9,353.6,2.2,587.9,2.3,115.9,5.0,71.6,5.5,122.2,2.6,"5,496.3",0.8
Employees,Persons,Full-time,With leave entitlements,Aug-10,"1,750.4",1.4,"1,392.6",1.7,"1,105.9",1.7,371.9,2.9,628.4,2.0,109.3,3.0,70.7,5.3,121.0,3.0,"5,550.2",0.7
Employees,Persons,Full-time,With leave entitlements,Aug-11,"1,789.6",1.6,"1,425.7",1.6,"1,125.2",2.0,384.9,2.5,642.5,1.7,113.5,3.7,67.3,4.8,127.8,2.5,"5,676.4",0.9
Employees,Persons,Full-time,With leave entitlements,Aug-12,"1,816.8",1.4,"1,432.2",1.6,"1,171.4",1.9,386.9,2.9,689.8,1.7,109.5,3.8,79.5,4.4,134.8,3.0,"5,821.1",0.9
Employees,Persons,Full-time,With leave entitlements,Aug-13,"1,871.0",1.4,"1,404.7",1.4,"1,148.9",1.7,378.1,2.1,705.9,2.1,108.8,2.2,81.9,3.8,134.0,3.9,"5,833.2",0.6
Employees,Persons,Full-time,With leave entitlements,Aug-14,"1,865.3",1.7,"1,408.4",1.9,"1,126.0",2.0,378.2,2.2,652.6,2.4,114.3,3.0,72.9,5.5,126.7,2.3,"5,744.5",0.9
Employees,Persons,Full-time,With leave entitlements,Aug-15,"1,927.3",1.3,"1,445.1",1.4,"1,156.8",2.0,370.0,3.3,647.5,2.7,115.2,3.2,74.7,4.4,124.1,4.2,"5,860.7",0.7
Employees,Persons,Full-time,With leave entitlements,Aug-16,"1,925.7",1.2,"1,512.3",1.9,"1,113.7",2.0,361.3,3.1,613.2,2.2,115.0,3.4,72.6,3.9,134.5,2.8,"5,848.3",0.7
Employees,Persons,Full-time,With leave entitlements,Aug-17,"1,965.0",1.2,"1,526.5",1.5,"1,130.4",1.9,373.9,2.5,608.8,2.0,111.4,2.9,69.0,3.0,127.8,3.2,"5,912.8",0.6
Employees,Persons,Full-time,With leave entitlements,Aug-18,"2,008.0",1.6,"1,630.1",1.7,"1,195.0",1.6,373.2,2.6,650.5,2.2,115.9,3.0,67.7,3.4,131.9,2.9,"6,172.3",0.9
Employees,Persons,Full-time,With leave entitlements,Aug-19,"2,084.1",1.7,"1,660.6",1.6,"1,193.6",1.9,390.9,2.5,635.3,2.1,112.9,3.7,65.8,3.6,136.8,2.7,"6,280.1",0.8
Employees,Persons,Full-time,With leave entitlements,Aug-20,"2,024.2",1.5,"1,621.8",1.7,"1,182.1",1.8,394.1,2.3,648.9,1.8,113.4,2.8,65.7,2.9,145.5,2.6,"6,195.7",0.7
Employees,Persons,Full-time,With leave entitlements,Aug-21,"2,031.9",1.5,"1,654.1",1.7,"1,241.4",1.8,417.0,1.6,689.7,2.2,125.2,2.9,64.7,2.9,140.0,3.2,"6,364.0",0.9
Employees,Persons,Full-time,With leave entitlements,Aug-22,"2,210.1",1.5,"1,830.6",1.8,"1,345.3",1.9,411.9,2.2,731.5,2.0,132.0,2.7,67.4,2.9,151.4,2.8,"6,880.3",0.7
Employees,Persons,Full-time,With leave entitlements,Aug-23,"2,355.0",1.2,"1,914.2",1.3,"1,412.5",1.6,445.7,2.0,760.5,2.1,140.8,2.3,73.8,3.1,163.2,2.2,"7,265.8",0.6
Employees,Persons,Full-time,With leave entitlements,Aug-24,"2,380.7",1.5,"2,018.2",1.3,"1,478.1",1.8,446.3,2.7,807.2,1.9,134.0,2.5,71.8,2.8,169.3,3.1,"7,505.5",0.9
Employees,Persons,Full-time,Without leave entitlements,Aug-75,0.0,0.0,0.0,0.0,0.0,0.0,0.0,0.0,0.0,0.0,0.0,0.0,0.0,0.0,0.0,0.0,0.0,0.0
Employees,Persons,Full-time,Without leave entitlements,Aug-76,0.0,0.0,0.0,0.0,0.0,0.0,0.0,0.0,0.0,0.0,0.0,0.0,0.0,0.0,0.0,0.0,0.0,0.0
Employees,Persons,Full-time,Without leave entitlements,Aug-77,0.0,0.0,0.0,0.0,0.0,0.0,0.0,0.0,0.0,0.0,0.0,0.0,0.0,0.0,0.0,0.0,0.0,0.0
Employees,Persons,Full-time,Without leave entitlements,Aug-78,0.0,0.0,0.0,0.0,0.0,0.0,0.0,0.0,0.0,0.0,0.0,0.0,0.0,0.0,0.0,0.0,0.0,0.0
Employees,Persons,Full-time,Without leave entitlements,Aug-79,0.0,0.0,0.0,0.0,0.0,0.0,0.0,0.0,0.0,0.0,0.0,0.0,0.0,0.0,0.0,0.0,0.0,0.0
Employees,Persons,Full-time,Without leave entitlements,Aug-80,0.0,0.0,0.0,0.0,0.0,0.0,0.0,0.0,0.0,0.0,0.0,0.0,0.0,0.0,0.0,0.0,0.0,0.0
Employees,Persons,Full-time,Without leave entitlements,Aug-81,0.0,0.0,0.0,0.0,0.0,0.0,0.0,0.0,0.0,0.0,0.0,0.0,0.0,0.0,0.0,0.0,0.0,0.0
Employees,Persons,Full-time,Without leave entitlements,Aug-82,0.0,0.0,0.0,0.0,0.0,0.0,0.0,0.0,0.0,0.0,0.0,0.0,0.0,0.0,0.0,0.0,0.0,0.0
Employees,Persons,Full-time,Without leave entitlements,Aug-83,0.0,0.0,0.0,0.0,0.0,0.0,0.0,0.0,0.0,0.0,0.0,0.0,0.0,0.0,0.0,0.0,0.0,0.0
Employees,Persons,Full-time,Without leave entitlements,Aug-84,0.0,0.0,0.0,0.0,0.0,0.0,0.0,0.0,0.0,0.0,0.0,0.0,0.0,0.0,0.0,0.0,249.1,0.0
Employees,Persons,Full-time,Without leave entitlements,Aug-85,0.0,0.0,0.0,0.0,0.0,0.0,0.0,0.0,0.0,0.0,0.0,0.0,0.0,0.0,0.0,0.0,257.8,0.0
Employees,Persons,Full-time,Without leave entitlements,Aug-86,0.0,0.0,0.0,0.0,0.0,0.0,0.0,0.0,0.0,0.0,0.0,0.0,0.0,0.0,0.0,0.0,293.4,0.0
Employees,Persons,Full-time,Without leave entitlements,Aug-87,0.0,0.0,0.0,0.0,0.0,0.0,0.0,0.0,0.0,0.0,0.0,0.0,0.0,0.0,0.0,0.0,301.1,0.0
Employees,Persons,Full-time,Without leave entitlements,Aug-88,0.0,0.0,0.0,0.0,0.0,0.0,0.0,0.0,0.0,0.0,0.0,0.0,0.0,0.0,0.0,0.0,278.0,0.0
Employees,Persons,Full-time,Without leave entitlements,Aug-89,100.2,0.0,58.8,0.0,77.3,0.0,32.0,0.0,29.9,0.0,7.7,0.0,4.7,0.0,5.6,0.0,316.1,0.0
Employees,Persons,Full-time,Without leave entitlements,Aug-90,102.6,0.0,56.1,0.0,69.2,0.0,34.3,0.0,27.3,0.0,10.0,0.0,3.3,0.0,5.5,0.0,308.4,0.0
Employees,Persons,Full-time,Without leave entitlements,Jul-91,0.0,0.0,0.0,0.0,0.0,0.0,0.0,0.0,0.0,0.0,0.0,0.0,0.0,0.0,0.0,0.0,322.2,0.0
Employees,Persons,Full-time,Without leave entitlements,Aug-92,109.9,5.4,62.0,6.3,77.7,4.3,33.5,7.4,30.1,8.7,8.6,10.3,4.0,28.6,4.8,17.1,330.6,2.6
Employees,Persons,Full-time,Without leave entitlements,Aug-93,135.4,5.3,65.0,5.6,88.1,5.3,33.5,8.8,28.3,7.5,8.6,10.1,5.4,18.8,6.4,16.4,370.7,2.7
Employees,Persons,Full-time,Without leave entitlements,Aug-94,132.4,4.9,77.1,7.7,91.9,6.3,41.7,7.8,39.5,7.9,8.7,11.8,5.9,15.7,6.4,11.8,403.6,2.4
Employees,Persons,Full-time,Without leave entitlements,Aug-95,142.9,6.8,87.3,5.1,100.4,6.0,38.2,7.9,38.8,7.9,11.5,10.4,6.9,19.8,5.2,11.2,431.3,2.7
Employees,Persons,Full-time,Without leave entitlements,Aug-96,163.6,4.7,98.1,5.8,115.0,4.6,43.4,6.8,51.8,4.4,13.1,8.7,8.4,14.8,6.1,10.3,499.6,2.2
Employees,Persons,Full-time,Without leave entitlements,Aug-97,152.5,5.5,98.5,4.4,108.8,6.1,46.3,7.1,46.3,7.0,11.4,13.4,5.7,16.5,6.9,9.3,476.4,3.5
Employees,Persons,Full-time,Without leave entitlements,Aug-98,179.2,4.1,111.4,7.5,127.0,5.0,52.8,6.9,50.7,6.0,10.6,11.1,5.9,13.8,7.7,10.9,545.4,2.8
Employees,Persons,Full-time,Without leave entitlements,Aug-99,178.9,4.7,111.3,5.7,120.0,5.9,55.0,5.9,53.1,6.1,10.9,12.0,6.0,11.6,6.9,9.8,542.1,2.8
Employees,Persons,Full-time,Without leave entitlements,Aug-00,184.5,4.8,128.5,6.3,129.9,6.1,56.4,6.9,59.9,4.9,10.6,9.9,6.6,20.6,9.2,9.5,585.4,2.9
Employees,Persons,Full-time,Without leave entitlements,Aug-01,151.7,6.0,113.0,6.6,132.6,4.4,48.9,5.6,63.7,7.9,10.7,10.6,6.8,17.3,8.5,10.1,535.9,2.7
Employees,Persons,Full-time,Without leave entitlements,Aug-02,176.0,5.3,107.2,6.0,119.8,4.4,52.9,5.1,57.7,5.8,11.7,10.5,8.1,17.7,6.7,13.4,540.0,1.9
Employees,Persons,Full-time,Without leave entitlements,Aug-03,173.2,7.3,99.1,11.1,124.7,5.3,49.9,7.9,57.3,10.7,13.0,11.8,5.7,21.4,9.1,11.2,532.1,5.7
Employees,Persons,Full-time,Without leave entitlements,Aug-04,172.8,5.4,126.9,6.0,130.4,7.3,49.8,6.6,53.3,7.9,11.8,5.7,7.4,21.1,8.7,10.1,561.1,2.7
Employees,Persons,Full-time,Without leave entitlements,Aug-05,170.8,6.5,112.3,7.1,120.5,5.6,49.9,5.2,62.8,5.1,13.5,9.4,8.4,19.7,9.2,13.1,547.4,2.9
Employees,Persons,Full-time,Without leave entitlements,Aug-06,176.0,5.8,123.9,5.1,159.3,4.9,49.9,6.6,68.4,7.0,11.9,10.2,6.3,21.9,9.0,12.1,604.7,2.2
Employees,Persons,Full-time,Without leave entitlements,Aug-07,206.4,5.8,140.6,5.4,153.0,6.5,53.2,6.2,67.9,6.4,15.3,10.8,5.5,21.5,11.2,10.1,653.0,3.0
Employees,Persons,Full-time,Without leave entitlements,Aug-08,177.9,6.2,123.1,8.7,156.5,6.3,56.8,8.2,67.7,9.5,14.6,11.6,7.1,15.4,8.4,17.0,612.1,3.8
Employees,Persons,Full-time,Without leave entitlements,Aug-09,169.1,8.3,110.1,8.7,142.2,6.3,53.5,9.0,70.8,10.4,12.1,16.5,9.3,11.8,8.1,15.4,575.4,3.5
Employees,Persons,Full-time,Without leave entitlements,Aug-10,194.0,6.3,131.5,5.5,172.6,6.2,57.8,6.0,67.1,6.7,11.8,13.2,9.7,9.6,11.4,9.3,655.8,2.9
Employees,Persons,Full-time,Without leave entitlements,Aug-11,197.0,5.4,146.9,6.4,164.6,5.9,53.2,9.3,73.0,5.3,13.0,8.7,10.7,23.5,8.9,15.1,667.2,2.5
Employees,Persons,Full-time,Without leave entitlements,Aug-12,196.4,5.3,147.6,6.0,162.4,7.2,42.6,8.4,91.7,7.2,11.3,10.3,8.9,13.2,7.0,17.5,668.0,3.2
Employees,Persons,Full-time,Without leave entitlements,Aug-13,177.0,6.4,138.3,7.0,184.6,5.1,53.1,10.5,72.0,6.1,11.5,12.2,10.0,11.1,6.5,16.5,653.0,2.8
Employees,Persons,Full-time,Without leave entitlements,Aug-14,186.0,6.8,145.3,5.5,157.0,6.8,51.8,9.4,85.7,7.8,10.8,13.2,8.0,13.4,9.9,14.8,654.5,3.5
Employees,Persons,Full-time,Without leave entitlements,Aug-15,215.7,4.3,131.1,6.4,173.4,6.0,47.3,8.0,87.4,8.2,10.4,14.3,10.1,11.4,10.0,15.8,685.3,2.5
Employees,Persons,Full-time,Without leave entitlements,Aug-16,232.1,4.5,151.2,8.0,178.6,4.8,54.0,8.2,81.6,6.5,10.4,15.2,7.5,11.2,9.6,17.8,724.9,3.0
Employees,Persons,Full-time,Without leave entitlements,Aug-17,236.8,5.0,175.1,6.1,191.7,6.7,55.6,7.1,79.0,8.8,11.9,10.0,6.6,13.5,11.7,12.9,768.4,2.7
Employees,Persons,Full-time,Without leave entitlements,Aug-18,239.0,6.6,155.6,7.9,173.5,5.0,57.1,6.4,82.5,6.9,13.2,11.8,8.8,9.8,12.4,13.7,742.0,3.3
Employees,Persons,Full-time,Without leave entitlements,Aug-19,235.2,5.5,178.4,7.4,170.7,5.7,50.7,9.6,90.2,8.3,14.7,13.4,7.7,14.0,13.3,14.3,760.9,2.5
Employees,Persons,Full-time,Without leave entitlements,Aug-20,202.7,5.5,129.4,7.9,148.8,9.0,49.9,8.8,85.3,8.0,10.6,13.2,5.5,16.1,13.5,10.2,645.7,3.8
Employees,Persons,Full-time,Without leave entitlements,Aug-21,207.3,7.4,180.5,7.8,182.3,7.1,49.1,6.9,79.0,9.3,14.3,10.9,7.4,10.5,16.1,12.9,736.0,3.0
Employees,Persons,Full-time,Without leave entitlements,Aug-22,243.8,6.3,172.4,5.6,213.2,5.8,62.2,6.3,105.3,6.6,14.5,9.9,8.1,10.9,19.5,10.5,839.1,2.5
Employees,Persons,Full-time,Without leave entitlements,Aug-23,200.3,5.3,168.1,5.8,177.6,6.6,65.8,7.2,92.1,8.2,12.7,12.2,7.6,11.1,13.3,13.1,737.5,2.3
Employees,Persons,Full-time,Without leave entitlements,Aug-24,216.8,6.3,153.8,8.2,190.8,7.1,55.9,9.4,98.2,7.2,10.2,13.9,7.5,13.0,15.4,12.8,748.6,3.5
Employees,Persons,Full-time,Total,Aug-75,"1,549.3",0.0,"1,146.7",0.0,591.4,0.0,385.8,0.0,344.2,0.0,122.0,0.0,29.1,0.0,69.2,0.0,"4,237.6",0.0
Employees,Persons,Full-time,Total,Aug-76,"1,502.2",0.0,"1,152.8",0.0,572.9,0.0,385.8,0.0,343.2,0.0,120.4,0.0,28.0,0.0,65.5,0.0,"4,170.8",0.0
Employees,Persons,Full-time,Total,Aug-77,"1,522.3",0.0,"1,161.7",0.0,577.9,0.0,384.5,0.0,342.9,0.0,121.6,0.0,30.8,0.0,71.1,0.0,"4,212.9",0.0
Employees,Persons,Full-time,Total,Aug-78,"1,509.8",0.0,"1,170.2",0.0,600.4,0.0,380.3,0.0,354.0,0.0,119.4,0.0,36.1,0.0,76.0,0.0,"4,246.0",0.0
Employees,Persons,Full-time,Total,Aug-79,"1,556.2",0.0,"1,169.0",0.0,614.6,0.0,377.4,0.0,350.5,0.0,122.8,0.0,39.0,0.0,73.9,0.0,"4,303.3",0.0
Employees,Persons,Full-time,Total,Aug-80,"1,569.4",0.0,"1,182.7",0.0,620.5,0.0,375.6,0.0,360.0,0.0,121.5,0.0,38.7,0.0,76.3,0.0,"4,344.7",0.0
Employees,Persons,Full-time,Total,Aug-81,"1,579.1",0.0,"1,222.1",0.0,645.3,0.0,373.6,0.0,368.9,0.0,120.8,0.0,43.9,0.0,76.9,0.0,"4,430.6",0.0
Employees,Persons,Full-time,Total,Aug-82,"1,577.6",0.0,"1,137.4",0.0,661.1,0.0,369.0,0.0,369.6,0.0,119.6,0.0,44.9,0.0,74.5,0.0,"4,452.8",0.0
Employees,Persons,Full-time,Total,Aug-83,"1,460.6",0.0,"1,148.6",0.0,651.7,0.0,355.9,0.0,373.3,0.0,112.3,0.0,47.8,0.0,79.3,0.0,"4,229.5",0.0
Employees,Persons,Full-time,Total,Aug-84,"1,521.1",0.0,"1,164.9",0.0,658.2,0.0,363.5,0.0,384.9,0.0,116.9,0.0,42.3,0.0,83.7,0.0,"4,335.5",0.0
Employees,Persons,Full-time,Total,Aug-85,"1,535.9",0.0,"1,207.1",0.0,675.3,0.0,367.9,0.0,397.3,0.0,120.2,0.0,52.5,0.0,86.0,0.0,"4,442.1",0.0
Employees,Persons,Full-time,Total,Aug-86,"1,557.3",0.0,"1,213.0",0.0,708.6,0.0,377.1,0.0,411.2,0.0,121.7,0.0,54.3,0.0,94.1,0.0,"4,537.2",0.0
Employees,Persons,Full-time,Total,Aug-87,"1,583.9",0.0,"1,245.4",0.0,707.2,0.0,369.4,0.0,427.5,0.0,118.6,0.0,52.4,0.0,92.2,0.0,"4,596.6",0.0
Employees,Persons,Full-time,Total,Aug-88,"1,663.3",0.0,"1,256.5",0.0,744.1,0.0,381.9,0.0,437.9,0.0,123.1,0.0,54.1,0.0,97.3,0.0,"4,758.3",0.0
Employees,Persons,Full-time,Total,Aug-89,"1,731.1",0.0,"1,323.3",0.0,810.7,0.0,403.6,0.0,455.9,0.0,126.0,0.0,52.7,0.0,98.1,0.0,"5,001.5",0.0
Employees,Persons,Full-time,Total,Aug-90,"1,770.2",0.0,"1,344.1",0.0,803.5,0.0,408.8,0.0,455.9,0.0,128.0,0.0,51.2,0.0,107.6,0.0,"5,069.2",0.0
Employees,Persons,Full-time,Total,Jul-91,"1,659.9",0.0,"1,211.6",0.0,769.0,0.0,373.3,0.0,423.9,0.0,118.8,0.0,58.1,0.0,98.2,0.0,"4,712.9",0.0
Employees,Persons,Full-time,Total,Aug-92,"1,647.1",1.0,"1,184.8",1.2,789.4,1.2,358.6,1.3,438.4,1.5,113.6,2.2,45.0,12.0,99.7,2.8,"4,676.5",0.6
Employees,Persons,Full-time,Total,Aug-93,"1,620.5",1.1,"1,183.4",1.4,815.2,1.4,364.5,1.7,449.2,1.6,112.6,2.3,53.3,8.2,104.1,1.7,"4,702.9",0.7
Employees,Persons,Full-time,Total,Aug-94,"1,653.6",1.5,"1,203.2",1.3,851.2,1.3,372.7,1.8,468.0,2.2,110.9,2.6,51.4,8.4,106.2,1.8,"4,817.2",0.8
Employees,Persons,Full-time,Total,Aug-95,"1,743.9",1.4,"1,229.8",0.8,880.8,1.8,368.3,1.7,474.7,1.1,115.0,2.6,53.0,6.5,104.0,2.4,"4,969.5",0.6
Employees,Persons,Full-time,Total,Aug-96,"1,729.5",1.1,"1,267.2",1.0,896.3,1.2,362.0,1.5,489.4,1.7,112.6,2.6,54.0,7.5,101.7,2.8,"5,012.6",0.7
Employees,Persons,Full-time,Total,Aug-97,"1,711.0",1.6,"1,221.3",1.3,857.3,1.3,360.6,1.7,486.7,1.9,108.0,2.0,54.2,10.0,103.0,1.8,"4,902.1",0.7
Employees,Persons,Full-time,Total,Aug-98,"1,758.7",1.3,"1,246.9",1.7,896.5,1.5,371.7,1.5,495.7,2.0,106.5,3.9,52.1,10.3,104.5,1.9,"5,032.6",0.6
Employees,Persons,Full-time,Total,Aug-99,"1,770.7",1.3,"1,243.4",1.4,908.2,1.6,367.2,1.9,501.4,2.1,108.6,2.4,55.3,8.0,105.8,2.4,"5,060.7",0.7
Employees,Persons,Full-time,Total,Aug-00,"1,842.4",1.1,"1,307.6",1.2,935.6,1.7,383.8,2.0,515.1,1.7,109.3,2.0,53.6,10.9,112.8,2.5,"5,260.2",0.5
Employees,Persons,Full-time,Total,Aug-01,"1,801.0",1.1,"1,307.8",1.1,915.1,1.6,370.0,2.0,507.1,1.8,105.6,3.1,55.0,8.5,111.2,2.0,"5,172.7",0.7
Employees,Persons,Full-time,Total,Aug-02,"1,820.1",1.0,"1,295.8",1.2,953.6,1.7,377.6,2.1,501.6,2.2,111.3,2.8,60.6,8.5,113.9,2.9,"5,234.6",0.7
Employees,Persons,Full-time,Total,Aug-03,"1,800.6",5.1,"1,281.3",8.3,945.6,2.9,389.6,5.7,497.2,8.8,117.2,5.6,51.8,8.2,112.3,6.6,"5,195.6",5.7
Employees,Persons,Full-time,Total,Aug-04,"1,753.0",1.5,"1,326.7",1.2,"1,028.7",1.8,380.0,2.6,503.0,2.0,116.9,2.5,61.1,8.9,114.0,2.1,"5,283.4",0.8
Employees,Persons,Full-time,Total,Aug-05,"1,794.5",1.8,"1,378.9",1.2,"1,079.8",1.4,406.8,2.1,552.3,1.8,119.4,2.0,55.3,9.4,117.5,2.1,"5,504.6",0.7
Employees,Persons,Full-time,Total,Aug-06,"1,854.1",1.0,"1,394.9",1.3,"1,135.6",1.2,412.0,2.2,591.1,2.3,121.0,3.4,60.0,9.0,126.7,1.9,"5,695.4",0.7
Employees,Persons,Full-time,Total,Aug-07,"1,897.1",1.7,"1,474.4",1.2,"1,189.6",1.6,409.5,2.4,620.8,1.6,126.3,2.1,55.6,9.1,129.3,2.7,"5,902.6",0.8
Employees,Persons,Full-time,Total,Aug-08,"1,973.4",1.4,"1,481.1",1.7,"1,216.9",2.3,432.3,2.0,682.9,2.3,133.7,3.1,64.6,7.8,131.2,2.3,"6,116.1",0.8
Employees,Persons,Full-time,Total,Aug-09,"1,929.6",1.6,"1,473.9",1.5,"1,263.1",1.9,407.1,2.2,658.8,2.4,128.0,3.8,80.9,5.3,130.4,2.4,"6,071.7",0.7
Employees,Persons,Full-time,Total,Aug-10,"1,944.4",1.0,"1,524.0",1.6,"1,278.4",1.5,429.7,2.3,695.5,1.7,121.1,2.9,80.4,4.8,132.4,2.5,"6,205.9",0.6
Employees,Persons,Full-time,Total,Aug-11,"1,986.6",1.4,"1,572.6",1.4,"1,289.8",1.8,438.1,2.5,715.5,1.8,126.5,3.3,77.9,5.0,136.7,2.3,"6,343.7",0.8
Employees,Persons,Full-time,Total,Aug-12,"2,013.3",1.3,"1,579.8",1.3,"1,333.9",1.7,429.5,2.6,781.5,1.5,120.9,3.4,88.5,3.8,141.9,2.9,"6,489.1",0.9
Employees,Persons,Full-time,Total,Aug-13,"2,048.0",1.3,"1,543.0",1.3,"1,333.5",1.6,431.2,2.2,777.9,1.7,120.3,2.5,91.9,3.6,140.5,3.9,"6,486.2",0.6
Employees,Persons,Full-time,Total,Aug-14,"2,051.3",1.5,"1,553.7",1.9,"1,283.0",1.6,430.0,1.9,738.4,2.1,125.1,2.6,80.9,5.1,136.6,2.3,"6,399.0",0.8
Employees,Persons,Full-time,Total,Aug-15,"2,143.0",1.2,"1,576.1",1.3,"1,330.3",1.7,417.3,2.7,734.9,2.4,125.6,2.5,84.8,4.0,134.2,4.1,"6,546.0",0.7
Employees,Persons,Full-time,Total,Aug-16,"2,157.7",1.1,"1,663.5",1.7,"1,292.3",1.8,415.3,2.8,694.8,2.2,125.4,3.1,80.1,3.7,144.1,2.9,"6,573.2",0.6
Employees,Persons,Full-time,Total,Aug-17,"2,201.8",1.1,"1,701.6",1.3,"1,322.1",1.4,429.5,2.2,687.8,1.6,123.2,2.7,75.5,2.9,139.6,3.2,"6,681.1",0.5
Employees,Persons,Full-time,Total,Aug-18,"2,247.0",1.2,"1,785.7",1.5,"1,368.5",1.4,430.3,2.4,733.0,2.0,129.1,3.1,76.5,3.0,144.3,2.9,"6,914.3",0.7
Employees,Persons,Full-time,Total,Aug-19,"2,319.3",1.6,"1,838.9",1.1,"1,364.4",1.7,441.6,2.0,725.5,1.8,127.6,3.3,73.5,3.2,150.1,2.3,"7,040.9",0.8
Employees,Persons,Full-time,Total,Aug-20,"2,226.9",1.4,"1,751.2",1.5,"1,330.9",1.6,444.0,2.1,734.2,1.3,124.1,2.8,71.2,2.6,159.0,2.1,"6,841.4",0.6
Employees,Persons,Full-time,Total,Aug-21,"2,239.2",1.3,"1,834.7",1.7,"1,423.7",1.5,466.0,1.6,768.8,2.1,139.5,2.3,72.1,2.2,156.1,2.9,"7,100.0",0.7
Employees,Persons,Full-time,Total,Aug-22,"2,453.9",1.5,"2,003.1",1.4,"1,558.5",1.7,474.1,1.7,836.9,1.9,146.5,2.4,75.5,2.8,170.9,2.5,"7,719.4",0.7
Employees,Persons,Full-time,Total,Aug-23,"2,555.3",1.0,"2,082.3",1.1,"1,590.1",1.3,511.5,1.8,852.6,1.9,153.5,2.2,81.4,2.3,176.5,2.0,"8,003.3",0.6
Employees,Persons,Full-time,Total,Aug-24,"2,597.5",1.3,"2,172.0",1.1,"1,668.9",1.7,502.2,2.2,905.4,1.5,144.2,2.4,79.3,2.3,184.6,2.5,"8,254.0",0.8
Employees,Persons,Part-time,With leave entitlements,Aug-75,0.0,0.0,0.0,0.0,0.0,0.0,0.0,0.0,0.0,0.0,0.0,0.0,0.0,0.0,0.0,0.0,0.0,0.0
Employees,Persons,Part-time,With leave entitlements,Aug-76,0.0,0.0,0.0,0.0,0.0,0.0,0.0,0.0,0.0,0.0,0.0,0.0,0.0,0.0,0.0,0.0,0.0,0.0
Employees,Persons,Part-time,With leave entitlements,Aug-77,0.0,0.0,0.0,0.0,0.0,0.0,0.0,0.0,0.0,0.0,0.0,0.0,0.0,0.0,0.0,0.0,0.0,0.0
Employees,Persons,Part-time,With leave entitlements,Aug-78,0.0,0.0,0.0,0.0,0.0,0.0,0.0,0.0,0.0,0.0,0.0,0.0,0.0,0.0,0.0,0.0,0.0,0.0
Employees,Persons,Part-time,With leave entitlements,Aug-79,0.0,0.0,0.0,0.0,0.0,0.0,0.0,0.0,0.0,0.0,0.0,0.0,0.0,0.0,0.0,0.0,0.0,0.0
Employees,Persons,Part-time,With leave entitlements,Aug-80,0.0,0.0,0.0,0.0,0.0,0.0,0.0,0.0,0.0,0.0,0.0,0.0,0.0,0.0,0.0,0.0,0.0,0.0
Employees,Persons,Part-time,With leave entitlements,Aug-81,0.0,0.0,0.0,0.0,0.0,0.0,0.0,0.0,0.0,0.0,0.0,0.0,0.0,0.0,0.0,0.0,0.0,0.0
Employees,Persons,Part-time,With leave entitlements,Aug-82,0.0,0.0,0.0,0.0,0.0,0.0,0.0,0.0,0.0,0.0,0.0,0.0,0.0,0.0,0.0,0.0,0.0,0.0
Employees,Persons,Part-time,With leave entitlements,Aug-83,0.0,0.0,0.0,0.0,0.0,0.0,0.0,0.0,0.0,0.0,0.0,0.0,0.0,0.0,0.0,0.0,0.0,0.0
Employees,Persons,Part-time,With leave entitlements,Aug-84,0.0,0.0,0.0,0.0,0.0,0.0,0.0,0.0,0.0,0.0,0.0,0.0,0.0,0.0,0.0,0.0,319.1,0.0
Employees,Persons,Part-time,With leave entitlements,Aug-85,0.0,0.0,0.0,0.0,0.0,0.0,0.0,0.0,0.0,0.0,0.0,0.0,0.0,0.0,0.0,0.0,343.8,0.0
Employees,Persons,Part-time,With leave entitlements,Aug-86,0.0,0.0,0.0,0.0,0.0,0.0,0.0,0.0,0.0,0.0,0.0,0.0,0.0,0.0,0.0,0.0,349.6,0.0
Employees,Persons,Part-time,With leave entitlements,Aug-87,0.0,0.0,0.0,0.0,0.0,0.0,0.0,0.0,0.0,0.0,0.0,0.0,0.0,0.0,0.0,0.0,379.5,0.0
Employees,Persons,Part-time,With leave entitlements,Aug-88,0.0,0.0,0.0,0.0,0.0,0.0,0.0,0.0,0.0,0.0,0.0,0.0,0.0,0.0,0.0,0.0,360.7,0.0
Employees,Persons,Part-time,With leave entitlements,Aug-89,118.1,0.0,115.2,0.0,35.0,0.0,29.6,0.0,39.5,0.0,10.1,0.0,1.4,0.0,6.5,0.0,355.5,0.0
Employees,Persons,Part-time,With leave entitlements,Aug-90,110.2,0.0,116.3,0.0,39.7,0.0,29.6,0.0,44.5,0.0,10.2,0.0,2.3,0.0,4.2,0.0,357.1,0.0
Employees,Persons,Part-time,With leave entitlements,Jul-91,0.0,0.0,0.0,0.0,0.0,0.0,0.0,0.0,0.0,0.0,0.0,0.0,0.0,0.0,0.0,0.0,422.9,0.0
Employees,Persons,Part-time,With leave entitlements,Aug-92,130.6,4.1,138.7,5.2,44.8,5.4,36.4,5.8,54.8,5.8,10.2,7.1,1.4,33.6,7.6,16.2,424.5,2.6
Employees,Persons,Part-time,With leave entitlements,Aug-93,128.3,3.9,137.5,3.6,46.3,6.3,34.6,5.2,60.7,4.5,11.1,8.2,1.8,22.9,8.9,10.6,429.2,2.1
Employees,Persons,Part-time,With leave entitlements,Aug-94,146.6,4.9,149.8,4.8,52.5,8.1,37.9,7.6,54.7,5.8,12.2,8.5,2.5,24.3,9.3,9.0,465.5,2.8
Employees,Persons,Part-time,With leave entitlements,Aug-95,148.5,4.0,166.2,3.9,61.5,6.0,42.7,7.8,62.2,5.2,14.7,8.0,3.0,16.9,11.3,9.7,510.0,2.2
Employees,Persons,Part-time,With leave entitlements,Aug-96,155.0,3.8,169.5,4.2,65.9,6.6,41.6,6.4,59.0,6.5,15.0,8.9,3.9,24.6,11.1,6.9,521.0,2.4
Employees,Persons,Part-time,With leave entitlements,Aug-97,170.2,4.8,178.7,4.2,68.8,6.8,47.5,6.4,62.3,4.7,14.6,6.7,2.9,16.5,11.0,10.0,556.0,2.1
Employees,Persons,Part-time,With leave entitlements,Aug-98,176.1,4.9,185.6,4.0,88.4,5.8,43.7,6.1,67.4,6.7,13.8,7.6,2.9,16.5,11.9,7.4,589.9,2.2
Employees,Persons,Part-time,With leave entitlements,Aug-99,175.7,4.5,188.1,3.9,89.8,4.4,50.0,7.0,74.1,5.1,16.0,9.2,5.0,21.8,11.0,8.5,609.6,1.8
Employees,Persons,Part-time,With leave entitlements,Aug-00,206.2,4.3,193.4,2.8,93.1,5.2,48.7,6.5,78.1,6.0,16.9,6.8,3.4,18.0,13.0,9.9,652.8,1.4
Employees,Persons,Part-time,With leave entitlements,Aug-01,207.5,3.9,203.8,4.0,109.6,4.9,49.0,5.5,79.2,4.4,16.3,10.6,3.4,21.2,14.4,8.5,683.3,2.0
Employees,Persons,Part-time,With leave entitlements,Aug-02,221.1,4.3,217.0,3.3,118.8,3.9,56.5,5.9,91.1,4.0,17.2,8.4,4.3,26.1,13.5,10.4,739.5,2.2
Employees,Persons,Part-time,With leave entitlements,Aug-03,282.4,3.7,274.6,4.2,137.3,4.9,65.7,5.0,91.0,9.9,18.4,8.4,5.6,20.2,18.9,17.1,893.9,2.7
Employees,Persons,Part-time,With leave entitlements,Aug-04,276.9,4.0,256.2,2.9,141.1,3.9,68.4,3.8,98.2,4.1,21.3,6.8,4.7,23.8,17.6,7.3,884.4,1.9
Employees,Persons,Part-time,With leave entitlements,Aug-05,317.7,3.1,261.3,3.4,169.1,4.1,75.5,4.0,107.5,6.4,23.1,7.3,4.8,17.9,18.5,6.8,977.6,2.0
Employees,Persons,Part-time,With leave entitlements,Aug-06,330.8,4.4,305.4,2.8,179.3,4.9,79.6,4.7,110.7,4.4,25.5,5.6,4.0,19.4,19.9,6.4,"1,055.2",2.1
Employees,Persons,Part-time,With leave entitlements,Aug-07,342.9,3.6,290.0,3.6,177.1,4.3,89.6,5.7,126.2,4.0,26.9,6.1,6.7,18.4,17.7,6.8,"1,077.0",1.8
Employees,Persons,Part-time,With leave entitlements,Aug-08,339.3,5.7,312.4,3.6,170.0,4.5,79.4,5.8,116.6,3.8,29.3,6.2,5.6,21.8,19.5,8.3,"1,072.1",2.0
Employees,Persons,Part-time,With leave entitlements,Aug-09,362.4,5.1,308.2,3.9,196.3,4.1,81.4,5.7,126.3,5.9,30.5,8.3,7.0,10.7,18.1,11.8,"1,130.1",2.5
Employees,Persons,Part-time,With leave entitlements,Aug-10,354.7,4.2,337.7,3.9,230.1,3.8,90.2,5.2,139.9,3.0,35.6,5.8,7.6,13.0,23.0,7.1,"1,219.0",1.7
Employees,Persons,Part-time,With leave entitlements,Aug-11,391.6,3.1,363.2,3.2,224.1,5.0,96.8,3.9,148.7,4.4,33.4,6.7,7.2,11.9,23.9,8.3,"1,288.9",1.7
Employees,Persons,Part-time,With leave entitlements,Aug-12,391.3,4.0,377.8,3.1,221.4,5.1,107.6,6.0,151.2,3.8,38.0,3.5,6.6,13.3,23.2,7.3,"1,317.0",1.7
Employees,Persons,Part-time,With leave entitlements,Aug-13,415.6,3.3,392.6,3.3,241.6,4.0,103.6,4.9,152.5,4.5,33.7,6.5,10.2,11.9,24.9,9.3,"1,374.7",1.2
Employees,Persons,Part-time,With leave entitlements,Aug-14,439.4,2.9,401.8,3.9,247.5,3.7,102.0,5.5,154.3,4.7,36.0,6.2,7.3,10.1,21.6,8.8,"1,409.8",1.3
Employees,Persons,Part-time,With leave entitlements,Aug-15,415.5,3.4,428.9,2.7,251.4,3.7,110.1,5.4,155.5,4.6,38.4,6.1,7.1,9.9,25.7,8.8,"1,432.6",1.8
Employees,Persons,Part-time,With leave entitlements,Aug-16,472.0,3.1,416.7,3.3,257.0,5.0,110.8,3.9,167.8,4.8,34.2,6.1,8.3,14.0,23.9,9.0,"1,490.8",1.8
Employees,Persons,Part-time,With leave entitlements,Aug-17,441.1,3.4,441.7,3.9,278.1,4.9,115.5,4.1,159.6,4.4,43.8,5.3,7.3,11.9,25.6,9.7,"1,512.7",1.6
Employees,Persons,Part-time,With leave entitlements,Aug-18,463.0,4.0,469.8,3.7,267.8,4.3,120.9,3.8,175.3,4.4,43.6,4.0,6.1,12.0,25.7,8.1,"1,572.2",1.9
Employees,Persons,Part-time,With leave entitlements,Aug-19,478.1,4.1,477.3,2.5,309.3,3.6,119.5,4.0,185.1,4.4,42.5,4.7,8.9,10.1,29.5,9.9,"1,650.2",1.8
Employees,Persons,Part-time,With leave entitlements,Aug-20,521.8,3.1,510.1,3.1,325.2,4.2,121.4,4.5,193.2,5.1,44.2,4.2,9.7,11.3,29.4,7.8,"1,754.9",1.6
Employees,Persons,Part-time,With leave entitlements,Aug-21,448.9,4.5,507.0,3.7,335.5,3.4,131.7,4.5,217.9,4.6,43.8,4.4,8.6,9.0,29.6,9.0,"1,722.9",2.1
Employees,Persons,Part-time,With leave entitlements,Aug-22,508.3,2.9,456.7,3.8,337.2,3.3,130.3,4.8,187.4,5.3,49.6,4.0,10.5,11.5,27.0,8.2,"1,707.0",1.3
Employees,Persons,Part-time,With leave entitlements,Aug-23,485.1,4.4,512.5,3.8,352.6,5.0,134.3,4.2,192.5,5.9,50.8,5.2,8.8,10.3,29.1,9.7,"1,765.6",2.1
Employees,Persons,Part-time,With leave entitlements,Aug-24,551.7,4.0,560.9,2.6,379.2,4.0,148.9,4.0,225.6,4.6,53.7,7.0,10.5,9.3,32.7,7.6,"1,963.2",1.7
Employees,Persons,Part-time,Without leave entitlements,Aug-75,0.0,0.0,0.0,0.0,0.0,0.0,0.0,0.0,0.0,0.0,0.0,0.0,0.0,0.0,0.0,0.0,0.0,0.0
Employees,Persons,Part-time,Without leave entitlements,Aug-76,0.0,0.0,0.0,0.0,0.0,0.0,0.0,0.0,0.0,0.0,0.0,0.0,0.0,0.0,0.0,0.0,0.0,0.0
Employees,Persons,Part-time,Without leave entitlements,Aug-77,0.0,0.0,0.0,0.0,0.0,0.0,0.0,0.0,0.0,0.0,0.0,0.0,0.0,0.0,0.0,0.0,0.0,0.0
Employees,Persons,Part-time,Without leave entitlements,Aug-78,0.0,0.0,0.0,0.0,0.0,0.0,0.0,0.0,0.0,0.0,0.0,0.0,0.0,0.0,0.0,0.0,0.0,0.0
Employees,Persons,Part-time,Without leave entitlements,Aug-79,0.0,0.0,0.0,0.0,0.0,0.0,0.0,0.0,0.0,0.0,0.0,0.0,0.0,0.0,0.0,0.0,0.0,0.0
Employees,Persons,Part-time,Without leave entitlements,Aug-80,0.0,0.0,0.0,0.0,0.0,0.0,0.0,0.0,0.0,0.0,0.0,0.0,0.0,0.0,0.0,0.0,0.0,0.0
Employees,Persons,Part-time,Without leave entitlements,Aug-81,0.0,0.0,0.0,0.0,0.0,0.0,0.0,0.0,0.0,0.0,0.0,0.0,0.0,0.0,0.0,0.0,0.0,0.0
Employees,Persons,Part-time,Without leave entitlements,Aug-82,0.0,0.0,0.0,0.0,0.0,0.0,0.0,0.0,0.0,0.0,0.0,0.0,0.0,0.0,0.0,0.0,0.0,0.0
Employees,Persons,Part-time,Without leave entitlements,Aug-83,0.0,0.0,0.0,0.0,0.0,0.0,0.0,0.0,0.0,0.0,0.0,0.0,0.0,0.0,0.0,0.0,0.0,0.0
Employees,Persons,Part-time,Without leave entitlements,Aug-84,0.0,0.0,0.0,0.0,0.0,0.0,0.0,0.0,0.0,0.0,0.0,0.0,0.0,0.0,0.0,0.0,574.2,0.0
Employees,Persons,Part-time,Without leave entitlements,Aug-85,0.0,0.0,0.0,0.0,0.0,0.0,0.0,0.0,0.0,0.0,0.0,0.0,0.0,0.0,0.0,0.0,593.9,0.0
Employees,Persons,Part-time,Without leave entitlements,Aug-86,0.0,0.0,0.0,0.0,0.0,0.0,0.0,0.0,0.0,0.0,0.0,0.0,0.0,0.0,0.0,0.0,648.4,0.0
Employees,Persons,Part-time,Without leave entitlements,Aug-87,0.0,0.0,0.0,0.0,0.0,0.0,0.0,0.0,0.0,0.0,0.0,0.0,0.0,0.0,0.0,0.0,728.8,0.0
Employees,Persons,Part-time,Without leave entitlements,Aug-88,0.0,0.0,0.0,0.0,0.0,0.0,0.0,0.0,0.0,0.0,0.0,0.0,0.0,0.0,0.0,0.0,779.6,0.0
Employees,Persons,Part-time,Without leave entitlements,Aug-89,266.1,0.0,210.4,0.0,160.0,0.0,83.6,0.0,80.6,0.0,27.4,0.0,6.7,0.0,21.0,0.0,855.7,0.0
Employees,Persons,Part-time,Without leave entitlements,Aug-90,254.4,0.0,211.6,0.0,163.5,0.0,83.1,0.0,74.3,0.0,23.7,0.0,7.7,0.0,17.5,0.0,835.8,0.0
Employees,Persons,Part-time,Without leave entitlements,Jul-91,0.0,0.0,0.0,0.0,0.0,0.0,0.0,0.0,0.0,0.0,0.0,0.0,0.0,0.0,0.0,0.0,878.3,0.0
Employees,Persons,Part-time,Without leave entitlements,Aug-92,288.8,3.1,212.2,3.8,187.2,3.6,89.4,4.4,77.0,4.0,27.9,4.8,7.4,16.2,21.2,8.6,911.1,1.9
Employees,Persons,Part-time,Without leave entitlements,Aug-93,282.9,3.3,198.2,3.5,187.0,3.3,85.8,4.6,82.4,4.0,25.6,5.2,7.5,14.6,21.3,6.1,890.7,1.7
Employees,Persons,Part-time,Without leave entitlements,Aug-94,300.3,3.4,229.6,3.4,196.7,2.9,93.4,4.4,88.6,4.1,31.6,5.1,7.4,14.6,20.7,5.6,968.4,1.4
Employees,Persons,Part-time,Without leave entitlements,Aug-95,325.3,3.6,227.3,4.0,201.4,3.6,87.2,4.4,98.0,3.2,27.0,5.5,8.7,12.9,22.7,5.9,997.6,2.0
Employees,Persons,Part-time,Without leave entitlements,Aug-96,348.9,3.0,253.2,2.8,216.2,3.5,101.1,3.8,106.4,4.0,30.7,5.5,10.1,11.8,22.7,6.5,"1,089.2",1.4
Employees,Persons,Part-time,Without leave entitlements,Aug-97,332.6,3.3,240.9,3.0,225.4,4.2,97.8,4.2,99.9,4.5,30.4,6.7,6.9,12.0,21.9,6.8,"1,055.7",1.6
Employees,Persons,Part-time,Without leave entitlements,Aug-98,354.4,2.9,270.5,3.2,232.6,2.5,94.5,4.0,108.3,4.1,33.4,3.9,7.8,14.6,24.0,5.5,"1,125.4",1.4
Employees,Persons,Part-time,Without leave entitlements,Aug-99,347.4,4.1,271.3,3.9,235.7,3.2,97.4,3.5,106.3,4.0,28.2,5.6,9.2,14.9,23.9,5.3,"1,119.4",1.6
Employees,Persons,Part-time,Without leave entitlements,Aug-00,355.1,3.0,281.0,2.5,246.3,3.4,100.6,3.7,126.1,3.0,30.6,4.4,8.4,9.8,22.1,5.3,"1,170.1",1.2
Employees,Persons,Part-time,Without leave entitlements,Aug-01,380.9,2.3,295.5,3.9,248.6,2.9,109.2,3.0,119.6,3.6,31.9,6.5,7.4,12.3,24.0,3.6,"1,217.1",1.6
Employees,Persons,Part-time,Without leave entitlements,Aug-02,396.0,3.1,309.4,3.6,257.9,3.9,108.6,4.4,117.4,5.0,29.2,6.0,7.1,12.1,25.5,6.5,"1,251.1",1.6
Employees,Persons,Part-time,Without leave entitlements,Aug-03,418.8,2.9,313.8,3.5,290.1,2.6,115.3,4.6,126.5,8.6,34.1,6.5,7.8,14.9,23.2,15.3,"1,329.8",2.0
Employees,Persons,Part-time,Without leave entitlements,Aug-04,432.4,2.6,324.2,2.6,278.1,3.0,120.0,3.4,130.9,3.6,32.0,4.5,8.7,16.2,24.5,6.0,"1,350.8",1.1
Employees,Persons,Part-time,Without leave entitlements,Aug-05,420.0,2.5,330.4,3.7,274.4,3.3,116.7,2.9,132.3,4.4,38.0,4.3,8.6,15.9,25.9,5.8,"1,346.1",1.5
Employees,Persons,Part-time,Without leave entitlements,Aug-06,422.5,3.3,319.1,2.7,298.1,2.9,124.5,3.2,139.6,3.6,34.2,6.7,8.3,16.9,23.0,5.5,"1,369.4",1.6
Employees,Persons,Part-time,Without leave entitlements,Aug-07,436.6,4.6,353.8,3.3,291.2,3.3,122.0,3.4,139.6,4.4,34.7,4.9,8.2,15.1,25.0,5.9,"1,411.1",2.2
Employees,Persons,Part-time,Without leave entitlements,Aug-08,445.6,4.0,373.8,3.6,317.9,3.3,122.3,4.6,140.9,6.1,34.4,6.3,11.0,14.9,27.1,7.8,"1,473.0",2.0
Employees,Persons,Part-time,Without leave entitlements,Aug-09,485.1,4.3,371.3,3.8,314.2,3.6,146.9,4.8,154.9,5.2,34.7,5.5,10.2,12.7,26.0,7.4,"1,543.3",1.6
Employees,Persons,Part-time,Without leave entitlements,Aug-10,456.7,3.1,375.5,3.8,312.8,4.3,127.8,4.1,152.1,4.5,35.6,5.7,11.3,8.9,25.6,7.7,"1,497.4",1.7
Employees,Persons,Part-time,Without leave entitlements,Aug-11,493.3,3.8,359.1,3.3,325.8,3.2,128.3,4.7,154.7,5.7,37.3,6.0,11.3,9.0,24.1,7.6,"1,534.0",1.7
Employees,Persons,Part-time,Without leave entitlements,Aug-12,496.1,3.7,362.2,2.8,318.2,3.1,126.4,5.0,152.4,4.3,34.9,5.9,12.1,10.6,25.5,10.1,"1,527.8",1.7
Employees,Persons,Part-time,Without leave entitlements,Aug-13,507.6,3.1,398.2,3.9,326.3,4.3,129.6,4.1,151.3,5.6,36.0,5.6,12.0,10.0,27.1,9.0,"1,588.1",1.7
Employees,Persons,Part-time,Without leave entitlements,Aug-14,487.3,3.0,386.2,3.1,324.7,4.0,123.4,3.5,162.7,3.6,36.5,6.4,7.9,12.1,27.8,7.1,"1,556.3",1.4
Employees,Persons,Part-time,Without leave entitlements,Aug-15,515.2,3.5,421.4,3.5,336.4,3.4,123.3,5.2,167.5,5.2,36.8,5.4,10.7,9.5,24.7,8.1,"1,635.9",2.2
Employees,Persons,Part-time,Without leave entitlements,Aug-16,529.4,3.3,447.6,3.9,327.3,4.3,133.6,4.6,182.8,5.9,38.1,6.2,9.8,13.9,26.9,7.0,"1,695.5",1.8
Employees,Persons,Part-time,Without leave entitlements,Aug-17,510.2,3.0,430.8,2.5,379.7,3.7,128.9,4.7,179.3,3.5,37.4,5.1,10.6,7.6,28.1,6.9,"1,704.9",1.4
Employees,Persons,Part-time,Without leave entitlements,Aug-18,572.2,2.6,407.0,3.8,379.6,3.1,133.0,4.7,174.3,5.0,38.4,4.9,11.6,9.6,31.7,6.7,"1,747.7",1.6
Employees,Persons,Part-time,Without leave entitlements,Aug-19,558.9,3.9,455.3,3.3,341.0,3.7,130.9,4.6,171.5,3.4,44.8,5.4,11.6,10.1,29.5,7.4,"1,743.4",1.8
Employees,Persons,Part-time,Without leave entitlements,Aug-20,481.3,3.2,365.5,3.7,343.6,4.0,120.8,4.9,180.3,4.3,45.7,6.5,13.7,9.2,25.6,8.3,"1,576.4",1.8
Employees,Persons,Part-time,Without leave entitlements,Aug-21,438.9,3.3,403.9,3.2,350.1,3.7,134.0,4.0,183.1,5.7,45.2,5.4,13.2,8.4,27.4,10.7,"1,595.8",1.5
Employees,Persons,Part-time,Without leave entitlements,Aug-22,542.8,2.9,450.7,3.0,380.8,4.3,131.2,4.8,197.8,3.8,39.4,5.4,11.1,7.1,26.9,9.1,"1,780.6",1.6
Employees,Persons,Part-time,Without leave entitlements,Aug-23,590.4,3.7,474.0,3.0,374.0,4.1,140.4,4.8,206.6,5.0,35.9,6.2,11.7,10.1,27.1,10.6,"1,860.1",2.0
Employees,Persons,Part-time,Without leave entitlements,Aug-24,605.2,3.1,461.1,3.2,404.0,4.8,128.0,4.7,193.9,5.0,33.6,7.0,11.0,7.8,24.8,9.2,"1,861.5",1.5
Employees,Persons,Part-time,Total,Aug-75,220.3,0.0,167.9,0.0,74.4,0.0,67.0,0.0,58.2,0.0,17.8,0.0,3.2,0.0,11.6,0.0,620.4,0.0
Employees,Persons,Part-time,Total,Aug-76,235.3,0.0,188.5,0.0,82.9,0.0,66.8,0.0,65.4,0.0,18.5,0.0,4.3,0.0,12.3,0.0,674.1,0.0
Employees,Persons,Part-time,Total,Aug-77,244.4,0.0,196.3,0.0,81.2,0.0,71.8,0.0,68.0,0.0,20.9,0.0,5.2,0.0,12.4,0.0,700.4,0.0
Employees,Persons,Part-time,Total,Aug-78,263.3,0.0,204.4,0.0,105.2,0.0,78.7,0.0,64.7,0.0,21.2,0.0,4.9,0.0,13.0,0.0,755.5,0.0
Employees,Persons,Part-time,Total,Aug-79,273.0,0.0,200.3,0.0,95.7,0.0,76.0,0.0,71.3,0.0,21.0,0.0,3.4,0.0,10.9,0.0,755.7,0.0
Employees,Persons,Part-time,Total,Aug-80,262.4,0.0,217.8,0.0,113.7,0.0,72.5,0.0,78.3,0.0,19.9,0.0,8.0,0.0,14.2,0.0,768.8,0.0
Employees,Persons,Part-time,Total,Aug-81,287.3,0.0,203.2,0.0,117.5,0.0,74.1,0.0,80.8,0.0,20.9,0.0,6.4,0.0,16.5,0.0,806.7,0.0
Employees,Persons,Part-time,Total,Aug-82,287.9,0.0,230.7,0.0,121.4,0.0,79.3,0.0,83.6,0.0,22.3,0.0,7.0,0.0,15.4,0.0,847.7,0.0
Employees,Persons,Part-time,Total,Aug-83,284.2,0.0,221.5,0.0,123.6,0.0,81.4,0.0,83.0,0.0,23.5,0.0,5.5,0.0,17.7,0.0,840.4,0.0
Employees,Persons,Part-time,Total,Aug-84,301.6,0.0,240.3,0.0,129.0,0.0,85.7,0.0,84.8,0.0,25.0,0.0,6.6,0.0,20.2,0.0,893.3,0.0
Employees,Persons,Part-time,Total,Aug-85,303.4,0.0,244.2,0.0,151.8,0.0,92.2,0.0,94.9,0.0,24.2,0.0,6.8,0.0,20.3,0.0,937.7,0.0
Employees,Persons,Part-time,Total,Aug-86,331.7,0.0,251.7,0.0,153.6,0.0,98.6,0.0,101.9,0.0,29.3,0.0,9.6,0.0,21.7,0.0,998.0,0.0
Employees,Persons,Part-time,Total,Aug-87,364.7,0.0,300.9,0.0,172.1,0.0,102.6,0.0,104.8,0.0,28.5,0.0,10.5,0.0,24.1,0.0,"1,108.3",0.0
Employees,Persons,Part-time,Total,Aug-88,374.2,0.0,294.0,0.0,187.3,0.0,104.1,0.0,114.5,0.0,33.8,0.0,7.8,0.0,24.6,0.0,"1,140.3",0.0
Employees,Persons,Part-time,Total,Aug-89,384.2,0.0,325.6,0.0,195.0,0.0,113.2,0.0,120.1,0.0,37.5,0.0,8.1,0.0,27.5,0.0,"1,211.2",0.0
Employees,Persons,Part-time,Total,Aug-90,364.6,0.0,327.9,0.0,203.2,0.0,112.7,0.0,118.8,0.0,33.8,0.0,10.0,0.0,21.7,0.0,"1,192.9",0.0
Employees,Persons,Part-time,Total,Jul-91,411.9,0.0,340.8,0.0,224.8,0.0,117.9,0.0,134.4,0.0,39.0,0.0,9.1,0.0,23.5,0.0,"1,301.3",0.0
Employees,Persons,Part-time,Total,Aug-92,419.4,2.2,350.9,2.7,232.0,3.2,125.8,3.0,131.8,3.4,38.1,3.4,8.8,16.3,28.8,7.2,"1,335.6",1.3
Employees,Persons,Part-time,Total,Aug-93,411.2,2.7,335.7,2.2,233.2,3.0,120.4,3.5,143.1,2.5,36.7,4.3,9.3,13.7,30.2,4.9,"1,319.9",1.2
Employees,Persons,Part-time,Total,Aug-94,447.0,2.6,379.4,2.6,249.2,2.9,131.3,4.0,143.3,3.8,43.8,4.0,10.0,14.6,30.0,4.0,"1,434.0",1.2
Employees,Persons,Part-time,Total,Aug-95,473.8,2.8,393.4,2.1,262.9,2.7,129.9,3.3,160.2,2.8,41.8,4.1,11.6,11.2,34.0,5.4,"1,507.6",1.5
Employees,Persons,Part-time,Total,Aug-96,503.9,2.7,422.7,2.3,282.1,2.9,142.6,2.7,165.4,3.0,45.7,5.1,14.0,12.1,33.8,4.2,"1,610.2",1.3
Employees,Persons,Part-time,Total,Aug-97,502.8,2.8,419.6,2.3,294.2,3.1,145.3,3.7,162.2,3.3,45.0,4.1,9.8,10.5,32.9,5.2,"1,611.7",1.4
Employees,Persons,Part-time,Total,Aug-98,530.5,2.7,456.1,2.1,321.0,2.1,138.2,3.0,175.8,4.3,47.2,3.1,10.7,13.1,35.9,4.5,"1,715.3",1.2
Employees,Persons,Part-time,Total,Aug-99,523.1,2.9,459.4,2.5,325.4,2.7,147.4,3.6,180.4,2.6,44.2,4.4,14.2,13.9,34.9,4.5,"1,729.0",1.2
Employees,Persons,Part-time,Total,Aug-00,561.3,2.7,474.4,1.7,339.3,3.2,149.3,2.5,204.2,3.3,47.5,3.9,11.8,8.9,35.1,5.4,"1,822.8",1.0
Employees,Persons,Part-time,Total,Aug-01,588.5,1.9,499.4,2.5,358.2,2.6,158.2,2.5,198.9,2.3,48.2,5.4,10.8,13.8,38.5,4.0,"1,900.4",1.1
Employees,Persons,Part-time,Total,Aug-02,617.1,2.1,526.4,2.5,376.8,2.9,165.1,3.4,208.4,3.2,46.4,5.4,11.4,12.6,39.0,5.5,"1,990.6",1.2
Employees,Persons,Part-time,Total,Aug-03,701.2,1.9,588.4,2.7,427.4,2.1,181.0,3.5,217.5,8.0,52.5,6.1,13.5,11.2,42.1,15.2,"2,223.6",1.6
Employees,Persons,Part-time,Total,Aug-04,709.3,2.3,580.4,1.7,419.2,1.9,188.4,2.3,229.1,2.3,53.3,3.4,13.4,14.3,42.1,4.3,"2,235.2",1.0
Employees,Persons,Part-time,Total,Aug-05,737.7,1.7,591.7,2.4,443.5,2.0,192.2,2.6,239.8,2.7,61.1,3.1,13.4,10.9,44.4,3.6,"2,323.7",0.9
Employees,Persons,Part-time,Total,Aug-06,753.4,2.6,624.5,1.6,477.4,2.6,204.1,2.4,250.3,1.9,59.7,4.8,12.3,13.4,42.9,3.4,"2,424.5",1.0
Employees,Persons,Part-time,Total,Aug-07,779.4,2.4,643.8,1.8,468.3,2.3,211.6,1.7,265.8,2.6,61.6,3.2,14.9,11.6,42.7,4.0,"2,488.1",1.1
Employees,Persons,Part-time,Total,Aug-08,784.9,3.2,686.2,2.0,487.9,2.2,201.7,3.8,257.5,3.7,63.8,3.7,16.6,13.3,46.6,5.3,"2,545.1",1.3
Employees,Persons,Part-time,Total,Aug-09,847.5,2.9,679.4,3.0,510.5,3.0,228.3,3.3,281.2,3.9,65.2,5.0,17.2,9.3,44.1,5.7,"2,673.4",1.2
Employees,Persons,Part-time,Total,Aug-10,811.4,2.8,713.2,2.3,542.9,2.5,218.1,2.6,292.0,2.2,71.2,4.2,18.8,9.6,48.7,5.7,"2,716.4",1.0
Employees,Persons,Part-time,Total,Aug-11,884.9,2.3,722.3,2.4,549.9,2.7,225.1,2.7,303.5,3.6,70.7,3.8,18.5,6.3,48.0,5.5,"2,822.9",1.2
Employees,Persons,Part-time,Total,Aug-12,887.3,2.5,740.0,1.7,539.6,2.6,234.0,3.7,303.6,2.7,72.9,3.3,18.7,7.1,48.7,6.4,"2,844.9",1.0
Employees,Persons,Part-time,Total,Aug-13,923.2,1.8,790.8,2.4,567.9,3.0,233.2,2.4,303.8,3.2,69.7,3.9,22.2,8.0,52.0,5.7,"2,962.8",1.1
Employees,Persons,Part-time,Total,Aug-14,926.7,2.1,788.0,2.1,572.1,2.9,225.3,2.6,316.9,3.1,72.4,3.5,15.2,8.3,49.4,3.7,"2,966.1",1.0
Employees,Persons,Part-time,Total,Aug-15,930.7,2.4,850.3,2.1,587.7,2.8,233.4,3.2,323.0,3.0,75.2,3.3,17.8,8.0,50.3,5.0,"3,068.5",1.5
Employees,Persons,Part-time,Total,Aug-16,"1,001.4",2.1,864.3,2.4,584.4,2.7,244.4,2.5,350.6,3.6,72.3,3.9,18.1,10.6,50.8,5.3,"3,186.3",1.2
Employees,Persons,Part-time,Total,Aug-17,951.3,1.9,872.5,1.9,657.9,2.7,244.4,2.6,338.9,3.0,81.2,3.4,17.9,5.1,53.7,5.4,"3,217.6",0.9
Employees,Persons,Part-time,Total,Aug-18,"1,035.2",2.1,876.8,2.3,647.4,2.7,253.9,2.3,349.6,2.7,82.0,2.8,17.7,7.0,57.4,5.0,"3,320.0",1.2
Employees,Persons,Part-time,Total,Aug-19,"1,037.0",2.9,932.6,1.9,650.2,2.2,250.4,2.9,356.6,2.8,87.3,3.1,20.5,5.2,59.0,5.5,"3,393.6",1.2
Employees,Persons,Part-time,Total,Aug-20,"1,003.0",2.0,875.6,2.2,668.7,2.7,242.2,2.7,373.6,2.9,89.9,3.2,23.3,5.8,54.9,4.7,"3,331.2",1.0
Employees,Persons,Part-time,Total,Aug-21,887.8,2.8,910.9,2.3,685.5,2.1,265.7,2.7,401.0,3.6,89.0,2.8,21.8,5.2,57.0,6.1,"3,318.7",1.2
Employees,Persons,Part-time,Total,Aug-22,"1,051.1",2.1,907.5,2.4,718.0,2.5,261.4,2.8,385.2,3.2,89.0,2.6,21.6,5.3,53.9,5.8,"3,487.6",1.1
Employees,Persons,Part-time,Total,Aug-23,"1,075.5",2.2,986.4,2.1,726.6,2.3,274.7,3.3,399.1,3.9,86.7,3.5,20.5,5.5,56.2,5.4,"3,625.7",1.0
Employees,Persons,Part-time,Total,Aug-24,"1,156.9",1.9,"1,021.9",1.6,783.2,2.7,276.8,3.1,419.5,2.9,87.3,3.7,21.5,5.0,57.5,3.6,"3,824.7",0.8
Employees,Persons,Total,With leave entitlements,Aug-75,0.0,0.0,0.0,0.0,0.0,0.0,0.0,0.0,0.0,0.0,0.0,0.0,0.0,0.0,0.0,0.0,0.0,0.0
Employees,Persons,Total,With leave entitlements,Aug-76,0.0,0.0,0.0,0.0,0.0,0.0,0.0,0.0,0.0,0.0,0.0,0.0,0.0,0.0,0.0,0.0,0.0,0.0
Employees,Persons,Total,With leave entitlements,Aug-77,0.0,0.0,0.0,0.0,0.0,0.0,0.0,0.0,0.0,0.0,0.0,0.0,0.0,0.0,0.0,0.0,0.0,0.0
Employees,Persons,Total,With leave entitlements,Aug-78,0.0,0.0,0.0,0.0,0.0,0.0,0.0,0.0,0.0,0.0,0.0,0.0,0.0,0.0,0.0,0.0,0.0,0.0
Employees,Persons,Total,With leave entitlements,Aug-79,0.0,0.0,0.0,0.0,0.0,0.0,0.0,0.0,0.0,0.0,0.0,0.0,0.0,0.0,0.0,0.0,0.0,0.0
Employees,Persons,Total,With leave entitlements,Aug-80,0.0,0.0,0.0,0.0,0.0,0.0,0.0,0.0,0.0,0.0,0.0,0.0,0.0,0.0,0.0,0.0,0.0,0.0
Employees,Persons,Total,With leave entitlements,Aug-81,0.0,0.0,0.0,0.0,0.0,0.0,0.0,0.0,0.0,0.0,0.0,0.0,0.0,0.0,0.0,0.0,0.0,0.0
Employees,Persons,Total,With leave entitlements,Aug-82,0.0,0.0,0.0,0.0,0.0,0.0,0.0,0.0,0.0,0.0,0.0,0.0,0.0,0.0,0.0,0.0,0.0,0.0
Employees,Persons,Total,With leave entitlements,Aug-83,0.0,0.0,0.0,0.0,0.0,0.0,0.0,0.0,0.0,0.0,0.0,0.0,0.0,0.0,0.0,0.0,0.0,0.0
Employees,Persons,Total,With leave entitlements,Aug-84,"1,569.4",0.0,"1,212.2",0.0,637.3,0.0,351.2,0.0,395.6,0.0,114.7,0.0,38.9,0.0,86.1,0.0,"4,405.5",0.0
Employees,Persons,Total,With leave entitlements,Aug-85,0.0,0.0,0.0,0.0,0.0,0.0,0.0,0.0,0.0,0.0,0.0,0.0,0.0,0.0,0.0,0.0,"4,528.1",0.0
Employees,Persons,Total,With leave entitlements,Aug-86,0.0,0.0,0.0,0.0,0.0,0.0,0.0,0.0,0.0,0.0,0.0,0.0,0.0,0.0,0.0,0.0,"4,593.4",0.0
Employees,Persons,Total,With leave entitlements,Aug-87,0.0,0.0,0.0,0.0,0.0,0.0,0.0,0.0,0.0,0.0,0.0,0.0,0.0,0.0,0.0,0.0,"4,675.0",0.0
Employees,Persons,Total,With leave entitlements,Aug-88,0.0,0.0,0.0,0.0,0.0,0.0,0.0,0.0,0.0,0.0,0.0,0.0,0.0,0.0,0.0,0.0,"4,841.0",0.0
Employees,Persons,Total,With leave entitlements,Aug-89,"1,749.0",0.0,"1,379.6",0.0,768.4,0.0,401.2,0.0,465.6,0.0,128.4,0.0,49.5,0.0,99.1,0.0,"5,040.8",0.0
Employees,Persons,Total,With leave entitlements,Aug-90,"1,777.9",0.0,"1,404.3",0.0,773.9,0.0,404.1,0.0,473.1,0.0,128.2,0.0,50.2,0.0,106.3,0.0,"5,117.9",0.0
Employees,Persons,Total,With leave entitlements,Jul-91,"1,658.1",0.0,"1,297.8",0.0,753.1,0.0,370.1,0.0,464.0,0.0,116.9,0.0,50.7,0.0,102.9,0.0,"4,813.6",0.0
Employees,Persons,Total,With leave entitlements,Aug-92,"1,667.7",1.1,"1,261.5",1.2,756.5,1.2,361.5,1.2,463.1,1.6,115.2,2.3,42.5,12.3,102.4,2.7,"4,770.4",0.5
Employees,Persons,Total,With leave entitlements,Aug-93,"1,613.4",1.1,"1,255.9",1.3,773.3,1.7,365.6,1.8,481.7,1.5,115.2,1.8,49.7,7.9,106.6,1.9,"4,761.4",0.6
Employees,Persons,Total,With leave entitlements,Aug-94,"1,667.9",1.5,"1,276.0",1.4,811.7,1.5,368.9,2.0,483.2,2.2,114.3,3.3,48.1,8.4,109.1,1.8,"4,879.1",0.7
Employees,Persons,Total,With leave entitlements,Aug-95,"1,749.5",1.2,"1,308.7",1.0,841.9,1.8,372.7,1.7,498.1,1.5,118.2,2.7,49.1,6.1,110.1,2.1,"5,048.2",0.7
Employees,Persons,Total,With leave entitlements,Aug-96,"1,720.8",1.2,"1,338.6",1.0,847.1,1.1,360.2,1.3,496.6,1.9,114.6,2.7,49.5,8.3,106.7,2.4,"5,034.0",0.6
Employees,Persons,Total,With leave entitlements,Aug-97,"1,728.7",1.6,"1,301.5",1.5,817.4,1.7,361.7,2.4,502.7,1.7,111.2,2.2,51.4,9.9,107.1,1.8,"4,981.8",0.7
Employees,Persons,Total,With leave entitlements,Aug-98,"1,755.6",1.3,"1,321.1",1.7,858.0,1.5,362.5,2.1,512.4,2.0,109.7,3.4,49.1,10.6,108.7,2.0,"5,077.1",0.8
Employees,Persons,Total,With leave entitlements,Aug-99,"1,767.5",1.3,"1,320.2",1.1,877.9,1.7,362.2,2.2,522.4,1.9,113.7,2.7,54.3,9.4,109.9,2.0,"5,128.2",0.7
Employees,Persons,Total,With leave entitlements,Aug-00,"1,864.1",1.1,"1,372.5",1.3,898.7,1.8,376.2,2.5,533.3,2.2,115.6,2.1,50.5,10.2,116.6,2.8,"5,327.6",0.6
Employees,Persons,Total,With leave entitlements,Aug-01,"1,856.8",1.1,"1,398.6",1.3,892.1,1.8,370.1,2.2,522.6,1.8,111.1,4.4,51.6,9.3,117.1,1.9,"5,320.0",0.7
Employees,Persons,Total,With leave entitlements,Aug-02,"1,865.3",1.1,"1,405.6",1.3,952.6,1.9,381.2,2.1,535.0,2.1,116.8,3.6,56.8,8.8,120.7,2.6,"5,434.0",0.7
Employees,Persons,Total,With leave entitlements,Aug-03,"1,909.9",4.5,"1,456.9",6.5,958.2,2.6,405.3,4.8,530.8,6.1,122.5,5.8,51.6,8.3,122.1,3.6,"5,557.4",4.6
Employees,Persons,Total,With leave entitlements,Aug-04,"1,857.1",1.6,"1,456.0",1.5,"1,039.5",1.9,398.6,2.5,548.0,2.0,126.3,2.7,58.3,9.8,122.9,1.8,"5,606.7",0.8
Employees,Persons,Total,With leave entitlements,Aug-05,"1,941.4",1.7,"1,527.9",1.2,"1,128.5",1.6,432.5,1.8,597.0,1.5,129.1,2.5,51.6,7.9,126.9,2.0,"5,934.8",0.8
Employees,Persons,Total,With leave entitlements,Aug-06,"2,009.0",1.1,"1,576.4",1.4,"1,155.6",1.3,441.7,2.3,633.4,2.3,134.6,2.9,57.7,8.6,137.5,2.1,"6,145.9",0.8
Employees,Persons,Total,With leave entitlements,Aug-07,"2,033.6",1.9,"1,623.8",1.1,"1,213.7",1.6,445.9,2.1,679.0,1.6,137.8,2.4,56.9,8.1,135.8,2.5,"6,326.5",0.8
Employees,Persons,Total,With leave entitlements,Aug-08,"2,134.8",1.4,"1,670.4",1.3,"1,230.3",2.1,454.9,2.3,731.8,2.2,148.5,3.1,63.0,7.6,142.4,2.6,"6,576.1",0.7
Employees,Persons,Total,With leave entitlements,Aug-09,"2,122.8",1.8,"1,671.9",1.6,"1,317.2",1.7,435.0,2.0,714.2,1.8,146.4,3.9,78.6,5.2,140.3,2.1,"6,626.4",0.8
Employees,Persons,Total,With leave entitlements,Aug-10,"2,105.1",1.4,"1,730.3",1.6,"1,336.0",1.6,462.1,2.5,768.3,1.9,144.9,1.9,78.3,4.8,144.1,2.7,"6,769.1",0.7
Employees,Persons,Total,With leave entitlements,Aug-11,"2,181.2",1.3,"1,788.9",1.3,"1,349.3",1.6,481.7,2.2,791.2,1.7,146.9,3.2,74.4,4.6,151.7,2.3,"6,965.4",0.7
Employees,Persons,Total,With leave entitlements,Aug-12,"2,208.1",1.3,"1,810.0",1.5,"1,392.8",1.8,494.5,2.4,841.0,1.5,147.5,2.9,86.2,4.3,158.0,2.8,"7,138.1",0.8
Employees,Persons,Total,With leave entitlements,Aug-13,"2,286.6",1.2,"1,797.3",1.4,"1,390.5",1.6,481.7,1.7,858.4,1.6,142.5,2.0,92.1,3.5,158.8,3.2,"7,207.9",0.6
Employees,Persons,Total,With leave entitlements,Aug-14,"2,304.7",1.4,"1,810.2",1.6,"1,373.5",1.7,480.2,2.1,806.9,2.2,150.3,2.6,80.2,5.6,148.3,2.3,"7,154.2",0.8
Employees,Persons,Total,With leave entitlements,Aug-15,"2,342.8",1.3,"1,874.0",1.0,"1,408.2",1.8,480.2,2.6,803.0,2.0,153.6,3.3,81.8,4.5,149.8,3.7,"7,293.3",0.6
Employees,Persons,Total,With leave entitlements,Aug-16,"2,397.7",1.1,"1,929.0",1.6,"1,370.7",1.8,472.1,2.5,781.0,1.9,149.2,3.1,80.9,3.9,158.4,2.2,"7,339.1",0.6
Employees,Persons,Total,With leave entitlements,Aug-17,"2,406.1",1.2,"1,968.2",1.3,"1,408.5",1.8,489.4,1.9,768.5,1.6,155.2,2.4,76.3,3.0,153.5,2.9,"7,425.5",0.7
Employees,Persons,Total,With leave entitlements,Aug-18,"2,471.0",1.4,"2,099.9",1.4,"1,462.8",1.4,494.1,2.5,825.8,2.1,159.5,2.3,73.8,3.0,157.6,3.0,"7,744.5",0.8
Employees,Persons,Total,With leave entitlements,Aug-19,"2,562.2",1.3,"2,137.9",1.5,"1,502.9",1.4,510.5,2.1,820.5,1.7,155.4,3.3,74.7,3.5,166.3,2.8,"7,930.3",0.7
Employees,Persons,Total,With leave entitlements,Aug-20,"2,546.0",1.4,"2,131.9",1.4,"1,507.3",1.9,515.5,2.2,842.2,1.7,157.6,2.5,75.4,2.9,174.8,2.3,"7,950.6",0.8
Employees,Persons,Total,With leave entitlements,Aug-21,"2,480.8",1.3,"2,161.1",1.4,"1,576.8",1.7,548.7,1.7,907.6,1.7,169.0,2.3,73.2,2.8,169.6,2.5,"8,086.9",0.7
Employees,Persons,Total,With leave entitlements,Aug-22,"2,718.4",1.1,"2,287.4",1.3,"1,682.5",1.4,542.2,1.8,918.9,1.7,181.6,1.9,77.9,2.6,178.4,2.2,"8,587.3",0.6
Employees,Persons,Total,With leave entitlements,Aug-23,"2,840.1",1.3,"2,426.7",1.0,"1,765.0",1.9,580.0,1.8,953.0,1.8,191.6,2.0,82.6,3.2,192.3,1.9,"9,031.4",0.7
Employees,Persons,Total,With leave entitlements,Aug-24,"2,932.5",1.2,"2,579.0",1.0,"1,857.3",1.6,595.1,1.9,"1,032.8",1.6,187.7,2.3,82.3,2.6,202.0,2.8,"9,468.7",0.7
Employees,Persons,Total,Without leave entitlements,Aug-75,0.0,0.0,0.0,0.0,0.0,0.0,0.0,0.0,0.0,0.0,0.0,0.0,0.0,0.0,0.0,0.0,0.0,0.0
Employees,Persons,Total,Without leave entitlements,Aug-76,0.0,0.0,0.0,0.0,0.0,0.0,0.0,0.0,0.0,0.0,0.0,0.0,0.0,0.0,0.0,0.0,0.0,0.0
Employees,Persons,Total,Without leave entitlements,Aug-77,0.0,0.0,0.0,0.0,0.0,0.0,0.0,0.0,0.0,0.0,0.0,0.0,0.0,0.0,0.0,0.0,0.0,0.0
Employees,Persons,Total,Without leave entitlements,Aug-78,0.0,0.0,0.0,0.0,0.0,0.0,0.0,0.0,0.0,0.0,0.0,0.0,0.0,0.0,0.0,0.0,0.0,0.0
Employees,Persons,Total,Without leave entitlements,Aug-79,0.0,0.0,0.0,0.0,0.0,0.0,0.0,0.0,0.0,0.0,0.0,0.0,0.0,0.0,0.0,0.0,0.0,0.0
Employees,Persons,Total,Without leave entitlements,Aug-80,0.0,0.0,0.0,0.0,0.0,0.0,0.0,0.0,0.0,0.0,0.0,0.0,0.0,0.0,0.0,0.0,0.0,0.0
Employees,Persons,Total,Without leave entitlements,Aug-81,0.0,0.0,0.0,0.0,0.0,0.0,0.0,0.0,0.0,0.0,0.0,0.0,0.0,0.0,0.0,0.0,0.0,0.0
Employees,Persons,Total,Without leave entitlements,Aug-82,0.0,0.0,0.0,0.0,0.0,0.0,0.0,0.0,0.0,0.0,0.0,0.0,0.0,0.0,0.0,0.0,0.0,0.0
Employees,Persons,Total,Without leave entitlements,Aug-83,0.0,0.0,0.0,0.0,0.0,0.0,0.0,0.0,0.0,0.0,0.0,0.0,0.0,0.0,0.0,0.0,0.0,0.0
Employees,Persons,Total,Without leave entitlements,Aug-84,253.4,0.0,193.1,0.0,149.8,0.0,97.9,0.0,74.2,0.0,27.1,0.0,10.0,0.0,17.8,0.0,823.3,0.0
Employees,Persons,Total,Without leave entitlements,Aug-85,0.0,0.0,0.0,0.0,0.0,0.0,0.0,0.0,0.0,0.0,0.0,0.0,0.0,0.0,0.0,0.0,851.7,0.0
Employees,Persons,Total,Without leave entitlements,Aug-86,0.0,0.0,0.0,0.0,0.0,0.0,0.0,0.0,0.0,0.0,0.0,0.0,0.0,0.0,0.0,0.0,941.8,0.0
Employees,Persons,Total,Without leave entitlements,Aug-87,0.0,0.0,0.0,0.0,0.0,0.0,0.0,0.0,0.0,0.0,0.0,0.0,0.0,0.0,0.0,0.0,"1,029.9",0.0
Employees,Persons,Total,Without leave entitlements,Aug-88,0.0,0.0,0.0,0.0,0.0,0.0,0.0,0.0,0.0,0.0,0.0,0.0,0.0,0.0,0.0,0.0,"1,057.6",0.0
Employees,Persons,Total,Without leave entitlements,Aug-89,366.3,0.0,269.2,0.0,237.2,0.0,115.5,0.0,110.5,0.0,35.1,0.0,11.3,0.0,26.6,0.0,"1,171.9",0.0
Employees,Persons,Total,Without leave entitlements,Aug-90,357.0,0.0,267.8,0.0,232.7,0.0,117.4,0.0,101.6,0.0,33.6,0.0,11.0,0.0,23.0,0.0,"1,144.2",0.0
Employees,Persons,Total,Without leave entitlements,Jul-91,413.7,0.0,254.6,0.0,240.7,0.0,121.0,0.0,94.3,0.0,40.9,0.0,16.5,0.0,18.8,0.0,"1,200.5",0.0
Employees,Persons,Total,Without leave entitlements,Aug-92,398.8,2.4,274.2,3.3,264.9,3.0,123.0,3.7,107.1,4.1,36.5,4.2,11.4,15.8,26.0,7.8,"1,241.7",1.5
Employees,Persons,Total,Without leave entitlements,Aug-93,418.3,2.6,263.2,3.0,275.1,2.8,119.3,3.9,110.7,3.9,34.1,5.0,13.0,14.2,27.7,5.8,"1,261.4",1.4
Employees,Persons,Total,Without leave entitlements,Aug-94,432.7,2.2,306.6,3.6,288.7,2.2,135.1,3.9,128.1,3.9,40.3,4.2,13.3,13.0,27.1,5.2,"1,372.1",1.1
Employees,Persons,Total,Without leave entitlements,Aug-95,468.2,3.0,314.6,3.0,301.8,2.8,125.5,3.4,136.8,3.0,38.5,5.0,15.5,11.6,28.0,5.3,"1,428.9",1.6
Employees,Persons,Total,Without leave entitlements,Aug-96,512.5,2.7,351.3,2.5,331.2,2.8,144.4,3.2,158.2,3.4,43.8,4.2,18.5,10.3,28.8,6.0,"1,588.8",1.2
Employees,Persons,Total,Without leave entitlements,Aug-97,485.0,3.0,339.4,2.4,334.1,3.5,144.1,2.6,146.1,3.5,41.8,6.2,12.7,9.2,28.8,5.1,"1,532.0",1.6
Employees,Persons,Total,Without leave entitlements,Aug-98,533.6,2.3,381.9,3.2,359.6,2.3,147.3,2.9,159.1,3.2,44.0,4.0,13.7,11.5,31.7,5.2,"1,670.9",1.4
Employees,Persons,Total,Without leave entitlements,Aug-99,526.3,2.7,382.6,3.4,355.7,2.7,152.4,2.3,159.4,3.0,39.1,5.6,15.1,11.1,30.8,4.6,"1,661.5",1.4
Employees,Persons,Total,Without leave entitlements,Aug-00,539.6,2.3,409.5,2.3,376.2,3.3,156.9,3.4,185.9,2.7,41.2,3.7,14.9,10.5,31.3,4.0,"1,755.5",1.3
Employees,Persons,Total,Without leave entitlements,Aug-01,532.7,2.5,408.5,3.4,381.1,2.3,158.1,2.6,183.3,3.5,42.7,4.5,14.2,11.3,32.5,3.6,"1,753.0",1.4
Employees,Persons,Total,Without leave entitlements,Aug-02,572.0,2.3,416.6,2.8,377.8,2.8,161.5,3.7,175.0,3.3,40.9,5.0,15.2,13.8,32.2,5.4,"1,791.2",1.1
Employees,Persons,Total,Without leave entitlements,Aug-03,592.0,2.3,412.9,3.6,414.8,2.7,165.3,2.9,183.9,4.1,47.2,6.5,13.6,12.3,32.3,10.3,"1,861.9",1.3
Employees,Persons,Total,Without leave entitlements,Aug-04,605.3,3.1,451.1,2.6,408.5,2.8,169.8,2.4,184.1,3.9,43.9,3.7,16.1,13.5,33.3,5.1,"1,912.0",1.1
Employees,Persons,Total,Without leave entitlements,Aug-05,590.9,2.9,442.6,3.3,394.9,3.3,166.5,2.1,195.1,3.3,51.4,4.5,17.0,15.7,35.1,6.0,"1,893.5",1.5
Employees,Persons,Total,Without leave entitlements,Aug-06,598.5,2.7,443.0,2.1,457.4,2.6,174.3,3.2,208.0,3.4,46.1,5.3,14.6,13.3,32.1,5.0,"1,974.0",1.4
Employees,Persons,Total,Without leave entitlements,Aug-07,642.9,3.6,494.3,2.8,444.2,3.3,175.2,3.3,207.5,3.9,50.0,4.1,13.7,14.9,36.2,4.5,"2,064.1",1.5
Employees,Persons,Total,Without leave entitlements,Aug-08,623.4,3.1,496.9,3.1,474.4,3.0,179.1,4.2,208.6,5.3,49.0,5.7,18.2,12.8,35.5,6.5,"2,085.1",1.9
Employees,Persons,Total,Without leave entitlements,Aug-09,654.3,4.0,481.4,3.3,456.4,3.6,200.4,4.6,225.7,4.8,46.8,6.7,19.6,9.1,34.2,6.6,"2,118.7",1.8
Employees,Persons,Total,Without leave entitlements,Aug-10,650.6,3.1,506.9,3.5,485.4,4.1,185.6,3.6,219.2,4.0,47.4,5.2,21.0,7.2,37.0,6.3,"2,153.2",1.7
Employees,Persons,Total,Without leave entitlements,Aug-11,690.3,3.2,506.0,3.2,490.4,3.0,181.5,4.6,227.8,4.1,50.3,5.3,22.0,12.2,33.0,7.6,"2,201.2",1.5
Employees,Persons,Total,Without leave entitlements,Aug-12,692.5,2.6,509.8,2.5,480.7,3.2,169.0,4.2,244.1,3.7,46.2,4.1,21.0,6.4,32.6,8.3,"2,195.9",1.4
Employees,Persons,Total,Without leave entitlements,Aug-13,684.7,3.0,536.4,2.8,511.0,3.4,182.7,4.5,223.3,4.1,47.4,4.7,22.0,7.2,33.6,8.4,"2,241.1",1.3
Employees,Persons,Total,Without leave entitlements,Aug-14,673.3,3.1,531.5,2.8,481.6,3.5,175.2,3.8,248.4,3.9,47.3,5.6,15.9,8.3,37.7,6.3,"2,210.9",1.5
Employees,Persons,Total,Without leave entitlements,Aug-15,730.9,2.6,552.5,3.1,509.8,3.1,170.6,4.8,254.9,4.4,47.2,5.4,20.7,7.1,34.7,8.2,"2,321.2",1.4
Employees,Persons,Total,Without leave entitlements,Aug-16,761.5,2.8,598.8,4.0,505.9,3.1,187.6,3.8,264.4,4.6,48.5,5.5,17.3,8.9,36.4,7.3,"2,420.4",1.5
Employees,Persons,Total,Without leave entitlements,Aug-17,747.1,2.3,605.9,2.3,571.4,3.3,184.5,3.5,258.3,3.4,49.2,4.0,17.1,7.0,39.8,4.9,"2,473.3",1.3
Employees,Persons,Total,Without leave entitlements,Aug-18,811.2,2.9,562.6,4.0,553.0,2.6,190.1,3.2,256.8,4.2,51.6,4.5,20.4,6.1,44.2,6.7,"2,489.8",1.6
Employees,Persons,Total,Without leave entitlements,Aug-19,794.1,2.8,633.7,3.5,511.7,2.4,181.6,3.9,261.7,3.1,59.5,5.8,19.3,7.2,42.8,6.9,"2,504.3",1.3
Employees,Persons,Total,Without leave entitlements,Aug-20,684.0,2.9,494.9,3.5,492.3,4.0,170.7,4.1,265.6,4.1,56.3,5.8,19.1,8.2,39.1,6.7,"2,222.0",2.0
Employees,Persons,Total,Without leave entitlements,Aug-21,646.1,3.5,584.4,3.7,532.4,3.6,183.0,3.8,262.2,4.4,59.5,4.7,20.6,6.0,43.5,7.6,"2,331.8",1.6
Employees,Persons,Total,Without leave entitlements,Aug-22,786.5,2.9,623.2,2.4,594.0,2.5,193.4,3.8,303.1,3.1,53.9,4.9,19.2,5.7,46.4,7.1,"2,619.8",1.1
Employees,Persons,Total,Without leave entitlements,Aug-23,790.7,3.2,642.1,3.1,551.6,3.7,206.2,4.1,298.7,3.5,48.6,6.1,19.2,8.6,40.4,7.2,"2,597.6",1.5
Employees,Persons,Total,Without leave entitlements,Aug-24,822.0,2.7,614.8,3.4,594.8,4.6,183.9,4.7,292.1,4.3,43.8,6.6,18.5,7.1,40.1,7.6,"2,610.0",1.5
Employees,Persons,Total,Total,Aug-75,"1,769.6",0.0,"1,314.6",0.0,665.8,0.0,452.8,0.0,402.4,0.0,139.8,0.0,32.3,0.0,80.8,0.0,"4,858.0",0.0
Employees,Persons,Total,Total,Aug-76,"1,737.5",0.0,"1,341.3",0.0,655.8,0.0,452.6,0.0,408.6,0.0,138.9,0.0,32.3,0.0,77.8,0.0,"4,844.9",0.0
Employees,Persons,Total,Total,Aug-77,"1,766.7",0.0,"1,358.0",0.0,659.1,0.0,456.3,0.0,410.9,0.0,142.5,0.0,36.0,0.0,83.5,0.0,"4,913.3",0.0
Employees,Persons,Total,Total,Aug-78,"1,773.1",0.0,"1,374.6",0.0,705.6,0.0,459.0,0.0,418.7,0.0,140.6,0.0,41.0,0.0,89.0,0.0,"5,001.5",0.0
Employees,Persons,Total,Total,Aug-79,"1,829.2",0.0,"1,369.3",0.0,710.3,0.0,453.4,0.0,421.8,0.0,143.8,0.0,42.4,0.0,84.8,0.0,"5,059.0",0.0
Employees,Persons,Total,Total,Aug-80,"1,831.8",0.0,"1,400.5",0.0,734.2,0.0,448.1,0.0,438.3,0.0,141.4,0.0,46.7,0.0,90.5,0.0,"5,131.5",0.0
Employees,Persons,Total,Total,Aug-81,"1,866.4",0.0,"1,425.3",0.0,762.8,0.0,447.7,0.0,449.7,0.0,141.7,0.0,50.3,0.0,93.4,0.0,"5,237.3",0.0
Employees,Persons,Total,Total,Aug-82,"1,865.5",0.0,"1,368.1",0.0,782.5,0.0,448.3,0.0,453.2,0.0,141.9,0.0,51.9,0.0,89.9,0.0,"5,273.4",0.0
Employees,Persons,Total,Total,Aug-83,"1,744.9",0.0,"1,370.1",0.0,775.3,0.0,437.3,0.0,456.2,0.0,135.8,0.0,53.3,0.0,97.0,0.0,"5,069.9",0.0
Employees,Persons,Total,Total,Aug-84,"1,822.8",0.0,"1,405.3",0.0,787.1,0.0,449.1,0.0,469.8,0.0,141.8,0.0,48.9,0.0,103.9,0.0,"5,228.8",0.0
Employees,Persons,Total,Total,Aug-85,"1,839.3",0.0,"1,451.3",0.0,827.0,0.0,460.0,0.0,492.2,0.0,144.4,0.0,59.3,0.0,106.2,0.0,"5,379.8",0.0
Employees,Persons,Total,Total,Aug-86,"1,889.0",0.0,"1,464.7",0.0,862.2,0.0,475.6,0.0,513.0,0.0,150.9,0.0,63.9,0.0,115.8,0.0,"5,535.2",0.0
Employees,Persons,Total,Total,Aug-87,"1,948.6",0.0,"1,546.4",0.0,879.3,0.0,472.0,0.0,532.3,0.0,147.1,0.0,62.9,0.0,116.3,0.0,"5,704.9",0.0
Employees,Persons,Total,Total,Aug-88,"2,037.5",0.0,"1,550.5",0.0,931.4,0.0,486.0,0.0,552.4,0.0,156.9,0.0,61.9,0.0,121.9,0.0,"5,898.5",0.0
Employees,Persons,Total,Total,Aug-89,"2,115.3",0.0,"1,648.9",0.0,"1,005.7",0.0,516.7,0.0,576.1,0.0,163.5,0.0,60.8,0.0,125.7,0.0,"6,212.7",0.0
Employees,Persons,Total,Total,Aug-90,"2,134.8",0.0,"1,672.1",0.0,"1,006.7",0.0,521.5,0.0,574.7,0.0,161.8,0.0,61.2,0.0,129.3,0.0,"6,262.1",0.0
Employees,Persons,Total,Total,Jul-91,"2,071.8",0.0,"1,552.4",0.0,993.8,0.0,491.1,0.0,558.3,0.0,157.8,0.0,67.2,0.0,121.7,0.0,"6,014.2",0.0
Employees,Persons,Total,Total,Aug-92,"2,066.5",1.0,"1,535.6",1.0,"1,021.4",1.1,484.5,1.1,570.2,1.4,151.6,1.7,53.9,11.9,128.4,2.0,"6,012.1",0.5
Employees,Persons,Total,Total,Aug-93,"2,031.7",1.0,"1,519.2",1.1,"1,048.5",1.3,484.9,1.4,592.4,1.5,149.3,1.9,62.7,8.5,134.3,1.5,"6,022.8",0.6
Employees,Persons,Total,Total,Aug-94,"2,100.6",1.4,"1,582.6",0.9,"1,100.3",1.1,504.0,1.8,611.3,1.6,154.7,2.2,61.4,8.6,136.2,1.5,"6,251.1",0.6
Employees,Persons,Total,Total,Aug-95,"2,217.6",1.3,"1,623.3",0.8,"1,143.7",1.4,498.2,1.3,634.9,1.2,156.8,2.3,64.6,5.9,138.0,1.7,"6,477.0",0.6
Employees,Persons,Total,Total,Aug-96,"2,233.4",1.2,"1,689.9",0.9,"1,178.3",1.1,504.6,1.2,654.8,1.4,158.3,1.8,68.0,7.7,135.5,2.3,"6,622.8",0.6
Employees,Persons,Total,Total,Aug-97,"2,213.7",1.4,"1,640.9",1.1,"1,151.5",1.1,505.8,1.8,648.9,1.5,152.9,2.2,64.1,9.2,135.9,1.8,"6,513.8",0.6
Employees,Persons,Total,Total,Aug-98,"2,289.2",1.1,"1,703.0",1.2,"1,217.5",0.9,509.9,1.5,671.5,1.7,153.7,2.5,62.8,10.3,140.4,1.3,"6,748.0",0.6
Employees,Persons,Total,Total,Aug-99,"2,293.8",0.9,"1,702.8",1.0,"1,233.6",1.4,514.6,1.7,681.9,1.5,152.8,2.1,69.4,8.8,140.7,1.7,"6,789.6",0.6
Employees,Persons,Total,Total,Aug-00,"2,403.8",1.0,"1,782.0",1.0,"1,274.9",1.5,533.1,1.6,719.2,1.8,156.8,1.7,65.4,9.7,147.9,2.2,"7,083.1",0.5
Employees,Persons,Total,Total,Aug-01,"2,389.4",0.9,"1,807.1",1.0,"1,273.2",1.5,528.2,1.4,705.9,1.4,153.7,3.2,65.8,9.0,149.6,1.5,"7,073.1",0.6
Employees,Persons,Total,Total,Aug-02,"2,437.2",0.8,"1,822.2",1.1,"1,330.3",1.4,542.7,1.9,710.1,1.9,157.7,2.6,72.0,8.6,152.9,2.0,"7,225.2",0.6
Employees,Persons,Total,Total,Aug-03,"2,501.9",3.5,"1,869.8",5.4,"1,373.1",2.1,570.5,3.4,714.7,3.9,169.7,5.5,65.2,8.2,154.3,1.6,"7,419.2",3.6
Employees,Persons,Total,Total,Aug-04,"2,462.4",1.2,"1,907.1",1.1,"1,447.9",1.2,568.3,1.9,732.2,1.6,170.2,1.9,74.4,8.9,156.1,1.3,"7,518.7",0.6
Employees,Persons,Total,Total,Aug-05,"2,532.2",1.2,"1,970.5",1.0,"1,523.3",1.2,599.0,1.4,792.1,1.2,180.5,1.6,68.7,9.0,161.9,1.2,"7,828.3",0.6
Employees,Persons,Total,Total,Aug-06,"2,607.5",0.8,"2,019.4",1.0,"1,613.0",1.0,616.0,1.6,841.4,1.9,180.7,1.8,72.3,7.7,169.6,1.6,"8,119.9",0.6
Employees,Persons,Total,Total,Aug-07,"2,676.6",1.1,"2,118.2",1.0,"1,658.0",1.1,621.1,1.6,886.5,1.3,187.9,1.5,70.5,8.5,171.9,2.1,"8,390.6",0.5
Employees,Persons,Total,Total,Aug-08,"2,758.2",1.1,"2,167.3",1.3,"1,704.7",1.7,634.0,1.8,940.4,1.6,197.5,2.1,81.2,8.2,177.8,2.1,"8,661.2",0.5
Employees,Persons,Total,Total,Aug-09,"2,777.1",1.3,"2,153.3",1.4,"1,773.6",1.6,635.4,2.0,940.0,1.7,193.2,2.6,98.1,5.1,174.5,1.6,"8,745.1",0.6
Employees,Persons,Total,Total,Aug-10,"2,755.8",1.1,"2,237.3",1.2,"1,821.4",1.1,647.7,1.6,987.5,1.4,192.3,1.8,99.3,4.3,181.1,2.3,"8,922.3",0.5
Employees,Persons,Total,Total,Aug-11,"2,871.5",1.0,"2,294.9",1.0,"1,839.7",1.3,663.2,1.9,"1,019.0",1.5,197.2,2.1,96.4,4.5,184.7,2.0,"9,166.6",0.5
Employees,Persons,Total,Total,Aug-12,"2,900.6",0.9,"2,319.8",1.0,"1,873.5",1.2,663.5,1.5,"1,085.1",1.2,193.7,2.1,107.2,3.7,190.6,2.6,"9,334.0",0.5
Employees,Persons,Total,Total,Aug-13,"2,971.2",1.0,"2,333.7",1.1,"1,901.4",1.2,664.4,1.5,"1,081.7",1.3,189.9,2.1,114.1,3.1,192.5,3.1,"9,449.0",0.5
Employees,Persons,Total,Total,Aug-14,"2,978.0",1.0,"2,341.7",1.2,"1,855.1",1.2,655.3,1.4,"1,055.3",1.8,197.6,1.9,96.1,4.9,186.0,1.9,"9,365.1",0.6
Employees,Persons,Total,Total,Aug-15,"3,073.7",1.1,"2,426.4",1.0,"1,918.0",1.5,650.8,2.1,"1,057.9",1.6,200.8,2.2,102.6,4.1,184.5,3.2,"9,614.5",0.5
Employees,Persons,Total,Total,Aug-16,"3,159.2",0.9,"2,527.8",1.3,"1,876.7",1.2,659.7,1.8,"1,045.4",1.6,197.7,2.2,98.2,3.9,194.8,1.9,"9,759.5",0.4
Employees,Persons,Total,Total,Aug-17,"3,153.1",0.8,"2,574.1",1.0,"1,979.9",1.1,673.9,1.3,"1,026.7",1.0,204.4,1.9,93.4,2.6,193.3,2.2,"9,898.8",0.4
Employees,Persons,Total,Total,Aug-18,"3,282.2",1.0,"2,662.5",1.0,"2,015.8",1.1,684.2,1.7,"1,082.6",1.5,211.1,1.8,94.2,2.5,201.7,2.4,"10,234.3",0.6
Employees,Persons,Total,Total,Aug-19,"3,356.3",1.0,"2,771.5",0.9,"2,014.6",1.0,692.1,1.8,"1,082.1",1.3,214.9,2.2,94.0,2.6,209.1,1.7,"10,434.6",0.5
Employees,Persons,Total,Total,Aug-20,"3,229.9",1.0,"2,626.8",0.9,"1,999.6",1.4,686.2,1.5,"1,107.8",0.9,213.9,1.9,94.5,2.4,213.9,1.7,"10,172.6",0.5
Employees,Persons,Total,Total,Aug-21,"3,127.0",1.1,"2,745.6",1.2,"2,109.2",1.3,731.7,1.4,"1,169.7",1.3,228.5,1.4,93.9,1.9,213.1,1.8,"10,418.7",0.5
Employees,Persons,Total,Total,Aug-22,"3,504.9",1.0,"2,910.5",1.0,"2,276.5",1.1,735.6,1.2,"1,222.0",1.1,235.5,1.3,97.1,2.1,224.8,1.6,"11,207.0",0.5
Employees,Persons,Total,Total,Aug-23,"3,630.8",0.9,"3,068.8",0.8,"2,316.7",1.0,786.2,1.4,"1,251.7",1.3,240.2,1.7,101.9,1.7,232.8,1.6,"11,629.0",0.5
Employees,Persons,Total,Total,Aug-24,"3,754.4",0.9,"3,193.9",0.9,"2,452.1",1.2,779.0,1.4,"1,324.9",1.0,231.5,1.2,100.9,2.0,242.1,1.9,"12,078.7",0.5
Employees,   Males,Full-time,With leave entitlements,Aug-75,0.0,0.0,0.0,0.0,0.0,0.0,0.0,0.0,0.0,0.0,0.0,0.0,0.0,0.0,0.0,0.0,0.0,0.0
Employees,   Males,Full-time,With leave entitlements,Aug-76,0.0,0.0,0.0,0.0,0.0,0.0,0.0,0.0,0.0,0.0,0.0,0.0,0.0,0.0,0.0,0.0,0.0,0.0
Employees,   Males,Full-time,With leave entitlements,Aug-77,0.0,0.0,0.0,0.0,0.0,0.0,0.0,0.0,0.0,0.0,0.0,0.0,0.0,0.0,0.0,0.0,0.0,0.0
Employees,   Males,Full-time,With leave entitlements,Aug-78,0.0,0.0,0.0,0.0,0.0,0.0,0.0,0.0,0.0,0.0,0.0,0.0,0.0,0.0,0.0,0.0,0.0,0.0
Employees,   Males,Full-time,With leave entitlements,Aug-79,0.0,0.0,0.0,0.0,0.0,0.0,0.0,0.0,0.0,0.0,0.0,0.0,0.0,0.0,0.0,0.0,0.0,0.0
Employees,   Males,Full-time,With leave entitlements,Aug-80,0.0,0.0,0.0,0.0,0.0,0.0,0.0,0.0,0.0,0.0,0.0,0.0,0.0,0.0,0.0,0.0,0.0,0.0
Employees,   Males,Full-time,With leave entitlements,Aug-81,0.0,0.0,0.0,0.0,0.0,0.0,0.0,0.0,0.0,0.0,0.0,0.0,0.0,0.0,0.0,0.0,0.0,0.0
Employees,   Males,Full-time,With leave entitlements,Aug-82,0.0,0.0,0.0,0.0,0.0,0.0,0.0,0.0,0.0,0.0,0.0,0.0,0.0,0.0,0.0,0.0,0.0,0.0
Employees,   Males,Full-time,With leave entitlements,Aug-83,0.0,0.0,0.0,0.0,0.0,0.0,0.0,0.0,0.0,0.0,0.0,0.0,0.0,0.0,0.0,0.0,0.0,0.0
Employees,   Males,Full-time,With leave entitlements,Aug-84,0.0,0.0,0.0,0.0,0.0,0.0,0.0,0.0,0.0,0.0,0.0,0.0,0.0,0.0,0.0,0.0,"2,790.6",0.0
Employees,   Males,Full-time,With leave entitlements,Aug-85,0.0,0.0,0.0,0.0,0.0,0.0,0.0,0.0,0.0,0.0,0.0,0.0,0.0,0.0,0.0,0.0,"2,857.6",0.0
Employees,   Males,Full-time,With leave entitlements,Aug-86,0.0,0.0,0.0,0.0,0.0,0.0,0.0,0.0,0.0,0.0,0.0,0.0,0.0,0.0,0.0,0.0,0.0,0.0
Employees,   Males,Full-time,With leave entitlements,Aug-87,0.0,0.0,0.0,0.0,0.0,0.0,0.0,0.0,0.0,0.0,0.0,0.0,0.0,0.0,0.0,0.0,"2,888.8",0.0
Employees,   Males,Full-time,With leave entitlements,Aug-88,0.0,0.0,0.0,0.0,0.0,0.0,0.0,0.0,0.0,0.0,0.0,0.0,0.0,0.0,0.0,0.0,"2,972.1",0.0
Employees,   Males,Full-time,With leave entitlements,Aug-89,"1,067.0",0.0,819.9,0.0,489.0,0.0,251.7,0.0,285.3,0.0,82.6,0.0,29.4,0.0,54.1,0.0,"3,079.0",0.0
Employees,   Males,Full-time,With leave entitlements,Aug-90,"1,066.9",0.0,821.8,0.0,484.0,0.0,256.4,0.0,284.1,0.0,81.2,0.0,30.5,0.0,59.9,0.0,"3,084.9",0.0
Employees,   Males,Full-time,With leave entitlements,Jul-91,0.0,0.0,0.0,0.0,0.0,0.0,0.0,0.0,0.0,0.0,0.0,0.0,0.0,0.0,0.0,0.0,"2,844.1",0.0
Employees,   Males,Full-time,With leave entitlements,Aug-92,978.9,1.2,717.2,1.4,464.9,1.4,216.1,1.7,266.5,1.7,70.6,2.6,23.9,11.7,58.3,3.1,"2,796.4",0.6
Employees,   Males,Full-time,With leave entitlements,Aug-93,939.0,1.3,712.7,1.5,475.8,1.8,214.1,2.6,281.7,2.2,71.2,2.3,28.2,8.9,58.1,2.5,"2,780.9",0.8
Employees,   Males,Full-time,With leave entitlements,Aug-94,945.6,1.9,732.4,1.9,492.7,2.2,214.6,2.6,280.0,2.4,68.9,3.4,27.6,8.0,56.8,2.7,"2,818.7",0.9
Employees,   Males,Full-time,With leave entitlements,Aug-95,"1,006.0",1.5,719.0,1.2,497.9,2.1,212.5,2.3,280.0,1.8,69.1,4.1,27.0,6.3,57.8,2.8,"2,869.3",0.8
Employees,   Males,Full-time,With leave entitlements,Aug-96,980.8,1.6,747.2,1.4,494.2,1.7,207.7,1.7,281.4,2.6,68.6,3.1,27.3,8.8,56.9,3.1,"2,864.1",0.8
Employees,   Males,Full-time,With leave entitlements,Aug-97,982.4,1.7,709.0,1.9,477.9,1.8,211.2,2.1,289.1,2.1,65.8,2.7,28.9,10.4,54.5,2.2,"2,818.8",0.8
Employees,   Males,Full-time,With leave entitlements,Aug-98,982.0,1.3,714.4,1.9,489.4,1.9,209.5,2.7,284.9,2.1,63.3,4.9,25.3,9.9,55.9,3.4,"2,824.7",0.8
Employees,   Males,Full-time,With leave entitlements,Aug-99,984.5,1.8,704.4,1.5,498.8,2.2,203.3,2.1,286.5,2.3,63.9,2.9,28.8,9.2,55.3,2.4,"2,825.5",0.9
Employees,   Males,Full-time,With leave entitlements,Aug-00,"1,008.1",1.6,734.3,1.7,502.4,2.3,213.1,3.4,284.8,2.3,64.9,2.5,26.0,12.8,56.3,3.4,"2,890.0",0.9
Employees,   Males,Full-time,With leave entitlements,Aug-01,994.4,1.4,749.7,1.4,477.5,2.4,203.6,3.1,282.8,2.6,62.3,3.4,27.0,9.1,56.8,2.8,"2,854.2",0.9
Employees,   Males,Full-time,With leave entitlements,Aug-02,"1,015.2",1.4,738.0,1.5,517.5,2.2,210.4,2.4,286.3,3.0,64.9,3.8,28.6,9.5,59.1,3.7,"2,920.2",1.0
Employees,   Males,Full-time,With leave entitlements,Aug-03,"1,006.8",4.0,748.8,5.1,506.7,2.7,213.8,4.7,283.3,8.7,68.6,7.4,25.7,9.0,56.5,3.4,"2,910.1",4.2
Employees,   Males,Full-time,With leave entitlements,Aug-04,956.2,2.0,744.4,1.7,560.6,2.2,216.1,2.8,287.7,2.3,68.5,2.9,29.8,10.5,59.6,2.8,"2,923.1",1.0
Employees,   Males,Full-time,With leave entitlements,Aug-05,"1,012.0",1.7,790.4,1.8,598.4,1.9,227.8,2.7,314.3,1.9,66.2,3.0,25.6,7.6,60.0,3.1,"3,094.6",0.6
Employees,   Males,Full-time,With leave entitlements,Aug-06,"1,033.7",1.5,780.5,1.6,602.8,1.6,228.6,3.0,336.8,2.6,68.8,3.9,29.8,9.4,63.6,2.0,"3,144.5",0.9
Employees,   Males,Full-time,With leave entitlements,Aug-07,"1,039.5",1.6,836.7,1.6,634.7,1.9,219.7,3.0,354.7,2.0,73.9,3.5,27.7,8.7,65.2,3.6,"3,252.1",0.8
Employees,   Males,Full-time,With leave entitlements,Aug-08,"1,100.7",2.1,857.4,2.5,647.3,2.5,242.4,2.3,392.0,2.6,77.3,4.9,30.2,9.1,70.0,3.2,"3,417.3",1.1
Employees,   Males,Full-time,With leave entitlements,Aug-09,"1,070.3",1.9,837.1,2.0,669.6,2.7,220.4,2.5,370.7,2.3,73.6,5.3,41.7,6.3,67.8,3.9,"3,351.1",0.8
Employees,   Males,Full-time,With leave entitlements,Aug-10,"1,064.4",1.8,860.0,2.4,676.0,1.9,229.1,3.2,407.4,2.0,68.5,3.6,40.1,6.0,67.1,3.6,"3,412.6",0.8
Employees,   Males,Full-time,With leave entitlements,Aug-11,"1,097.8",1.6,884.0,1.8,688.0,1.9,246.9,2.9,413.5,2.4,72.2,3.7,36.7,5.9,71.5,2.9,"3,510.5",0.9
Employees,   Males,Full-time,With leave entitlements,Aug-12,"1,095.9",1.7,880.9,1.9,710.7,2.4,243.4,3.0,440.7,1.9,70.1,4.2,43.3,5.3,73.8,3.3,"3,558.8",0.9
Employees,   Males,Full-time,With leave entitlements,Aug-13,"1,138.2",1.6,866.0,2.0,699.3,2.2,237.3,2.7,452.5,2.4,67.8,3.0,46.5,3.9,74.5,3.8,"3,582.0",0.9
Employees,   Males,Full-time,With leave entitlements,Aug-14,"1,140.4",2.2,850.6,2.1,672.8,2.1,235.6,2.3,417.5,2.8,73.8,4.1,40.8,6.0,69.0,2.6,"3,500.5",1.1
Employees,   Males,Full-time,With leave entitlements,Aug-15,"1,165.6",1.6,900.9,1.6,694.9,1.9,233.4,3.4,410.5,2.7,72.1,4.1,41.3,5.4,65.3,5.1,"3,583.9",0.7
Employees,   Males,Full-time,With leave entitlements,Aug-16,"1,160.9",1.6,919.9,1.9,645.3,2.2,219.2,3.8,390.8,1.6,74.7,3.5,41.2,4.0,73.5,4.5,"3,525.4",0.7
Employees,   Males,Full-time,With leave entitlements,Aug-17,"1,170.3",1.5,917.4,1.7,663.3,2.2,233.3,3.0,380.9,2.6,70.9,3.2,37.5,3.4,69.4,3.8,"3,542.9",0.7
Employees,   Males,Full-time,With leave entitlements,Aug-18,"1,187.2",1.8,"1,006.3",1.8,704.6,2.3,227.3,3.1,399.8,2.6,73.0,3.6,35.9,4.1,74.5,3.3,"3,708.5",1.1
Employees,   Males,Full-time,With leave entitlements,Aug-19,"1,221.0",1.7,"1,009.1",2.1,694.6,1.7,241.8,3.4,394.3,2.1,69.4,4.4,34.5,4.4,73.3,3.9,"3,737.9",0.8
Employees,   Males,Full-time,With leave entitlements,Aug-20,"1,174.6",1.5,974.7,1.8,685.2,2.3,237.8,2.8,409.2,2.1,72.4,3.5,34.3,4.7,82.9,3.8,"3,671.1",0.8
Employees,   Males,Full-time,With leave entitlements,Aug-21,"1,164.6",1.8,988.4,2.1,728.6,1.9,255.5,2.4,434.6,2.5,78.5,3.7,33.8,3.9,73.5,3.7,"3,757.4",1.0
Employees,   Males,Full-time,With leave entitlements,Aug-22,"1,282.0",1.8,"1,066.0",1.8,785.4,2.4,250.6,2.5,440.6,2.0,80.7,3.3,35.7,4.0,81.3,3.2,"4,022.2",0.9
Employees,   Males,Full-time,With leave entitlements,Aug-23,"1,352.4",1.4,"1,103.1",1.5,803.6,2.3,266.1,2.2,463.4,2.2,86.4,2.7,39.2,3.8,86.8,3.1,"4,201.0",0.9
Employees,   Males,Full-time,With leave entitlements,Aug-24,"1,348.9",1.6,"1,200.5",1.4,852.0,2.0,267.9,2.7,481.7,2.5,80.9,3.5,34.8,3.8,87.4,4.0,"4,354.0",0.9
Employees,   Males,Full-time,Without leave entitlements,Aug-75,0.0,0.0,0.0,0.0,0.0,0.0,0.0,0.0,0.0,0.0,0.0,0.0,0.0,0.0,0.0,0.0,0.0,0.0
Employees,   Males,Full-time,Without leave entitlements,Aug-76,0.0,0.0,0.0,0.0,0.0,0.0,0.0,0.0,0.0,0.0,0.0,0.0,0.0,0.0,0.0,0.0,0.0,0.0
Employees,   Males,Full-time,Without leave entitlements,Aug-77,0.0,0.0,0.0,0.0,0.0,0.0,0.0,0.0,0.0,0.0,0.0,0.0,0.0,0.0,0.0,0.0,0.0,0.0
Employees,   Males,Full-time,Without leave entitlements,Aug-78,0.0,0.0,0.0,0.0,0.0,0.0,0.0,0.0,0.0,0.0,0.0,0.0,0.0,0.0,0.0,0.0,0.0,0.0
Employees,   Males,Full-time,Without leave entitlements,Aug-79,0.0,0.0,0.0,0.0,0.0,0.0,0.0,0.0,0.0,0.0,0.0,0.0,0.0,0.0,0.0,0.0,0.0,0.0
Employees,   Males,Full-time,Without leave entitlements,Aug-80,0.0,0.0,0.0,0.0,0.0,0.0,0.0,0.0,0.0,0.0,0.0,0.0,0.0,0.0,0.0,0.0,0.0,0.0
Employees,   Males,Full-time,Without leave entitlements,Aug-81,0.0,0.0,0.0,0.0,0.0,0.0,0.0,0.0,0.0,0.0,0.0,0.0,0.0,0.0,0.0,0.0,0.0,0.0
Employees,   Males,Full-time,Without leave entitlements,Aug-82,0.0,0.0,0.0,0.0,0.0,0.0,0.0,0.0,0.0,0.0,0.0,0.0,0.0,0.0,0.0,0.0,0.0,0.0
Employees,   Males,Full-time,Without leave entitlements,Aug-83,0.0,0.0,0.0,0.0,0.0,0.0,0.0,0.0,0.0,0.0,0.0,0.0,0.0,0.0,0.0,0.0,0.0,0.0
Employees,   Males,Full-time,Without leave entitlements,Aug-84,0.0,0.0,0.0,0.0,0.0,0.0,0.0,0.0,0.0,0.0,0.0,0.0,0.0,0.0,0.0,0.0,162.5,0.0
Employees,   Males,Full-time,Without leave entitlements,Aug-85,0.0,0.0,0.0,0.0,0.0,0.0,0.0,0.0,0.0,0.0,0.0,0.0,0.0,0.0,0.0,0.0,162.2,0.0
Employees,   Males,Full-time,Without leave entitlements,Aug-86,0.0,0.0,0.0,0.0,0.0,0.0,0.0,0.0,0.0,0.0,0.0,0.0,0.0,0.0,0.0,0.0,0.0,0.0
Employees,   Males,Full-time,Without leave entitlements,Aug-87,0.0,0.0,0.0,0.0,0.0,0.0,0.0,0.0,0.0,0.0,0.0,0.0,0.0,0.0,0.0,0.0,193.3,0.0
Employees,   Males,Full-time,Without leave entitlements,Aug-88,0.0,0.0,0.0,0.0,0.0,0.0,0.0,0.0,0.0,0.0,0.0,0.0,0.0,0.0,0.0,0.0,192.7,0.0
Employees,   Males,Full-time,Without leave entitlements,Aug-89,59.6,0.0,33.5,0.0,50.1,0.0,20.3,0.0,22.0,0.0,5.3,0.0,2.6,0.0,2.8,0.0,196.2,0.0
Employees,   Males,Full-time,Without leave entitlements,Aug-90,64.9,0.0,32.8,0.0,45.4,0.0,19.2,0.0,18.3,0.0,5.9,0.0,1.9,0.0,3.1,0.0,191.6,0.0
Employees,   Males,Full-time,Without leave entitlements,Jul-91,0.0,0.0,0.0,0.0,0.0,0.0,0.0,0.0,0.0,0.0,0.0,0.0,0.0,0.0,0.0,0.0,213.0,0.0
Employees,   Males,Full-time,Without leave entitlements,Aug-92,64.2,6.7,39.1,8.1,47.5,5.1,20.9,8.1,21.3,9.2,6.0,12.6,2.6,31.2,2.4,24.9,203.9,3.3
Employees,   Males,Full-time,Without leave entitlements,Aug-93,81.8,7.5,44.7,6.6,56.0,6.7,22.2,9.3,19.9,8.9,4.3,15.7,3.5,20.9,3.4,28.9,235.7,3.6
Employees,   Males,Full-time,Without leave entitlements,Aug-94,83.3,5.5,46.9,8.7,59.8,6.2,27.2,7.5,28.6,8.9,6.0,12.9,3.5,18.6,4.3,13.2,259.6,2.5
Employees,   Males,Full-time,Without leave entitlements,Aug-95,91.3,7.2,51.9,6.3,61.2,6.6,23.7,8.2,27.8,9.3,7.2,12.5,4.8,23.3,3.0,14.9,270.9,3.4
Employees,   Males,Full-time,Without leave entitlements,Aug-96,99.8,5.3,69.5,6.7,79.9,5.5,27.1,8.9,34.8,5.3,9.2,10.4,5.5,16.7,4.0,17.5,329.7,2.6
Employees,   Males,Full-time,Without leave entitlements,Aug-97,97.1,6.3,62.8,6.3,71.0,7.0,27.1,9.4,31.9,7.9,8.5,14.4,3.2,25.1,4.2,12.8,305.8,3.9
Employees,   Males,Full-time,Without leave entitlements,Aug-98,120.4,5.1,71.9,8.6,81.6,7.4,34.9,9.1,35.6,8.3,7.4,10.4,4.4,16.8,4.8,16.9,361.0,3.6
Employees,   Males,Full-time,Without leave entitlements,Aug-99,119.6,4.9,75.5,6.2,84.5,7.5,31.9,7.4,35.5,8.3,7.5,15.3,4.0,16.1,4.0,11.0,362.6,3.4
Employees,   Males,Full-time,Without leave entitlements,Aug-00,120.6,7.6,78.0,8.0,83.7,6.7,33.5,9.5,41.1,6.1,6.9,11.5,3.9,25.7,5.6,13.7,373.3,3.8
Employees,   Males,Full-time,Without leave entitlements,Aug-01,97.5,8.2,72.5,7.3,89.1,6.0,32.8,8.5,39.8,9.0,6.9,12.8,3.6,19.0,5.7,15.3,347.8,3.4
Employees,   Males,Full-time,Without leave entitlements,Aug-02,105.6,6.0,71.5,7.0,79.9,5.5,33.2,6.8,38.1,7.5,8.1,13.6,5.1,22.4,3.7,13.7,345.2,2.6
Employees,   Males,Full-time,Without leave entitlements,Aug-03,117.0,8.5,55.2,8.8,85.8,5.5,36.2,8.2,39.6,10.6,8.5,14.2,3.7,23.8,6.6,13.3,352.6,4.8
Employees,   Males,Full-time,Without leave entitlements,Aug-04,111.4,6.4,84.6,6.5,88.0,8.2,30.3,8.9,39.3,8.7,8.5,8.2,4.4,19.8,4.9,16.1,371.3,3.1
Employees,   Males,Full-time,Without leave entitlements,Aug-05,103.2,8.7,71.1,8.8,80.0,6.2,31.6,7.1,43.3,6.5,10.1,11.1,4.9,22.8,5.7,12.9,349.9,3.5
Employees,   Males,Full-time,Without leave entitlements,Aug-06,107.2,7.9,86.1,6.3,101.1,5.7,34.0,7.4,49.4,8.3,7.9,13.3,3.9,30.5,6.5,11.2,396.0,3.1
Employees,   Males,Full-time,Without leave entitlements,Aug-07,136.7,5.7,90.5,6.8,105.5,6.8,35.8,6.8,47.8,6.8,10.8,13.1,3.8,25.3,8.2,10.6,439.1,3.2
Employees,   Males,Full-time,Without leave entitlements,Aug-08,125.7,9.2,76.1,12.8,105.3,6.7,37.0,10.5,50.7,10.0,10.1,15.6,5.6,16.4,3.8,18.4,414.4,4.8
Employees,   Males,Full-time,Without leave entitlements,Aug-09,110.7,8.7,81.1,9.6,102.6,7.1,32.8,10.1,50.9,10.1,7.7,21.0,5.8,14.7,4.2,20.2,395.7,3.2
Employees,   Males,Full-time,Without leave entitlements,Aug-10,128.4,6.3,85.0,7.0,118.9,6.2,41.0,7.4,44.9,7.7,7.9,15.0,6.6,11.6,7.6,12.4,440.3,2.9
Employees,   Males,Full-time,Without leave entitlements,Aug-11,137.1,6.3,99.0,8.0,110.5,6.4,34.3,9.3,50.7,5.8,8.8,12.3,7.7,21.7,5.3,18.4,453.2,2.6
Employees,   Males,Full-time,Without leave entitlements,Aug-12,128.8,6.3,99.3,8.5,121.5,8.1,29.0,8.3,66.2,7.8,8.0,12.5,6.2,14.2,4.5,20.3,463.3,4.0
Employees,   Males,Full-time,Without leave entitlements,Aug-13,123.9,7.0,94.0,7.6,122.5,5.6,38.9,9.9,50.8,7.9,8.2,13.5,6.8,13.1,4.6,20.1,449.7,3.2
Employees,   Males,Full-time,Without leave entitlements,Aug-14,128.8,6.7,99.9,5.8,109.8,7.9,38.5,9.0,59.8,8.9,7.7,14.1,5.7,13.7,7.3,18.5,457.6,3.5
Employees,   Males,Full-time,Without leave entitlements,Aug-15,140.4,5.3,87.4,6.9,117.1,7.7,31.5,9.8,63.4,8.8,8.3,15.1,6.9,14.7,7.4,19.0,462.4,3.2
Employees,   Males,Full-time,Without leave entitlements,Aug-16,147.3,6.5,102.4,8.8,127.5,5.3,38.7,8.7,58.4,8.6,7.4,16.4,4.9,13.4,5.6,20.3,492.2,3.6
Employees,   Males,Full-time,Without leave entitlements,Aug-17,145.5,5.4,120.9,6.4,139.9,8.1,41.5,9.0,50.8,12.9,8.4,11.2,5.1,14.8,7.9,13.7,520.0,3.0
Employees,   Males,Full-time,Without leave entitlements,Aug-18,158.7,7.1,99.7,8.8,118.5,6.6,40.8,9.7,60.5,7.9,8.5,15.4,6.2,10.8,7.6,14.6,500.4,4.1
Employees,   Males,Full-time,Without leave entitlements,Aug-19,163.9,6.6,113.3,9.4,115.6,6.6,32.3,10.1,65.6,7.8,9.8,12.6,4.8,18.6,10.1,16.0,515.3,3.2
Employees,   Males,Full-time,Without leave entitlements,Aug-20,132.3,7.2,79.2,9.5,102.9,11.3,35.9,10.8,64.8,8.3,6.7,17.7,3.2,16.0,6.5,18.7,431.5,4.9
Employees,   Males,Full-time,Without leave entitlements,Aug-21,128.4,8.2,126.5,8.7,121.3,7.8,32.3,7.3,52.4,9.4,9.3,14.2,4.9,11.4,9.9,14.0,484.8,3.9
Employees,   Males,Full-time,Without leave entitlements,Aug-22,151.6,7.2,111.7,6.9,129.5,6.9,39.7,7.9,75.2,8.3,9.5,13.2,4.1,17.1,11.1,12.3,532.5,3.3
Employees,   Males,Full-time,Without leave entitlements,Aug-23,127.3,7.2,115.8,6.5,118.9,7.2,41.3,12.3,61.7,7.9,8.2,11.8,4.0,15.6,8.3,13.5,485.5,3.5
Employees,   Males,Full-time,Without leave entitlements,Aug-24,135.0,7.4,100.4,9.6,113.6,9.2,39.7,10.7,69.7,8.6,5.3,17.7,5.0,14.6,11.5,13.1,480.3,4.1
Employees,   Males,Full-time,Total,Aug-75,"1,103.9",0.0,804.5,0.0,427.0,0.0,274.9,0.0,250.8,0.0,91.0,0.0,20.2,0.0,44.3,0.0,"3,016.6",0.0
Employees,   Males,Full-time,Total,Aug-76,"1,070.7",0.0,802.0,0.0,417.0,0.0,273.3,0.0,247.7,0.0,89.3,0.0,19.5,0.0,43.9,0.0,"2,963.4",0.0
Employees,   Males,Full-time,Total,Aug-77,"1,067.7",0.0,803.6,0.0,411.6,0.0,271.9,0.0,248.1,0.0,90.8,0.0,22.9,0.0,47.4,0.0,"2,964.0",0.0
Employees,   Males,Full-time,Total,Aug-78,"1,051.6",0.0,809.3,0.0,433.7,0.0,269.4,0.0,254.6,0.0,89.7,0.0,27.5,0.0,49.3,0.0,"2,985.0",0.0
Employees,   Males,Full-time,Total,Aug-79,"1,106.1",0.0,813.2,0.0,440.2,0.0,270.7,0.0,253.1,0.0,88.9,0.0,29.7,0.0,49.8,0.0,"3,051.7",0.0
Employees,   Males,Full-time,Total,Aug-80,"1,099.4",0.0,817.6,0.0,447.8,0.0,267.1,0.0,258.0,0.0,89.3,0.0,27.2,0.0,49.9,0.0,"3,056.3",0.0
Employees,   Males,Full-time,Total,Aug-81,"1,100.0",0.0,824.4,0.0,461.3,0.0,263.2,0.0,262.3,0.0,87.9,0.0,31.8,0.0,49.8,0.0,"3,080.8",0.0
Employees,   Males,Full-time,Total,Aug-82,"1,103.2",0.0,828.5,0.0,469.2,0.0,262.4,0.0,263.1,0.0,87.2,0.0,30.7,0.0,50.2,0.0,"3,094.5",0.0
Employees,   Males,Full-time,Total,Aug-83,990.0,0.0,776.5,0.0,458.3,0.0,250.7,0.0,262.2,0.0,81.3,0.0,30.8,0.0,49.7,0.0,"2,899.6",0.0
Employees,   Males,Full-time,Total,Aug-84,"1,015.7",0.0,791.4,0.0,456.1,0.0,254.7,0.0,265.5,0.0,86.2,0.0,28.7,0.0,54.7,0.0,"2,953.1",0.0
Employees,   Males,Full-time,Total,Aug-85,"1,029.9",0.0,814.1,0.0,470.2,0.0,254.9,0.0,277.1,0.0,85.9,0.0,35.0,0.0,52.6,0.0,"3,019.8",0.0
Employees,   Males,Full-time,Total,Aug-86,"1,043.2",0.0,803.3,0.0,483.9,0.0,259.9,0.0,279.9,0.0,86.9,0.0,35.1,0.0,58.1,0.0,"3,050.2",0.0
Employees,   Males,Full-time,Total,Aug-87,"1,054.7",0.0,823.8,0.0,481.7,0.0,256.9,0.0,291.3,0.0,83.5,0.0,33.4,0.0,56.8,0.0,"3,082.1",0.0
Employees,   Males,Full-time,Total,Aug-88,"1,093.5",0.0,820.3,0.0,508.7,0.0,259.3,0.0,303.5,0.0,87.7,0.0,33.4,0.0,58.5,0.0,"3,164.8",0.0
Employees,   Males,Full-time,Total,Aug-89,"1,126.7",0.0,853.3,0.0,539.1,0.0,272.0,0.0,307.4,0.0,87.9,0.0,32.0,0.0,56.9,0.0,"3,275.2",0.0
Employees,   Males,Full-time,Total,Aug-90,"1,131.9",0.0,854.6,0.0,529.5,0.0,275.6,0.0,302.5,0.0,87.1,0.0,32.4,0.0,63.0,0.0,"3,276.5",0.0
Employees,   Males,Full-time,Total,Jul-91,"1,077.0",0.0,772.6,0.0,504.1,0.0,247.4,0.0,283.8,0.0,80.4,0.0,34.9,0.0,56.9,0.0,"3,057.2",0.0
Employees,   Males,Full-time,Total,Aug-92,"1,043.1",1.1,756.3,1.4,512.4,1.3,237.0,1.5,287.8,1.7,76.6,2.6,26.5,11.5,60.7,2.6,"3,000.3",0.6
Employees,   Males,Full-time,Total,Aug-93,"1,020.8",1.3,757.5,1.4,531.8,1.8,236.3,2.3,301.6,2.1,75.5,2.4,31.7,8.7,61.5,2.3,"3,016.6",0.8
Employees,   Males,Full-time,Total,Aug-94,"1,028.9",1.8,779.4,1.6,552.6,1.8,241.9,2.2,308.5,2.0,74.9,2.7,31.0,8.1,61.1,2.3,"3,078.3",0.9
Employees,   Males,Full-time,Total,Aug-95,"1,097.3",1.4,770.8,1.1,559.1,2.1,236.3,1.8,307.8,1.4,76.3,3.2,31.9,7.0,60.8,2.8,"3,140.2",0.7
Employees,   Males,Full-time,Total,Aug-96,"1,080.6",1.4,816.7,1.3,574.2,1.4,234.7,1.7,316.2,2.2,77.7,2.9,32.8,8.6,60.9,3.1,"3,193.8",0.7
Employees,   Males,Full-time,Total,Aug-97,"1,079.5",1.7,771.8,1.7,548.8,1.3,238.3,1.5,321.0,2.2,74.4,2.3,32.1,10.1,58.7,2.0,"3,124.6",0.7
Employees,   Males,Full-time,Total,Aug-98,"1,102.3",1.3,786.3,1.6,571.0,1.7,244.4,2.0,320.5,2.0,70.8,4.5,29.7,9.4,60.7,2.6,"3,185.8",0.6
Employees,   Males,Full-time,Total,Aug-99,"1,104.2",1.7,779.9,1.5,583.4,1.7,235.3,1.8,321.9,2.3,71.4,2.5,32.8,7.9,59.2,2.4,"3,188.1",0.9
Employees,   Males,Full-time,Total,Aug-00,"1,128.7",1.5,812.3,1.3,586.1,1.8,246.6,2.5,325.9,2.0,71.8,2.6,29.9,12.4,61.9,3.0,"3,263.3",0.8
Employees,   Males,Full-time,Total,Aug-01,"1,091.9",1.2,822.1,1.1,566.7,1.8,236.3,2.5,322.6,2.2,69.2,2.4,30.7,8.6,62.5,2.8,"3,202.0",0.8
Employees,   Males,Full-time,Total,Aug-02,"1,120.8",1.1,809.5,1.3,597.5,1.9,243.6,2.3,324.4,2.5,73.0,2.9,33.7,8.8,62.9,3.2,"3,265.4",0.9
Employees,   Males,Full-time,Total,Aug-03,"1,123.8",3.8,804.0,5.1,592.4,2.4,249.9,4.5,323.0,8.7,77.1,7.1,29.4,8.0,63.1,3.3,"3,262.7",4.1
Employees,   Males,Full-time,Total,Aug-04,"1,067.6",1.7,829.0,1.6,648.6,1.9,246.4,2.6,327.0,2.1,77.0,2.3,34.2,8.9,64.5,2.2,"3,294.3",0.8
Employees,   Males,Full-time,Total,Aug-05,"1,115.2",1.7,861.5,1.5,678.4,1.6,259.4,2.2,357.6,1.5,76.2,2.7,30.6,8.3,65.7,2.5,"3,444.5",0.7
Employees,   Males,Full-time,Total,Aug-06,"1,140.8",1.5,866.6,1.5,703.9,1.3,262.6,2.5,386.2,2.3,76.7,3.7,33.7,9.9,70.2,2.1,"3,540.6",0.8
Employees,   Males,Full-time,Total,Aug-07,"1,176.2",1.4,927.1,1.5,740.2,1.6,255.5,2.7,402.5,1.6,84.7,2.2,31.6,9.1,73.4,3.5,"3,691.2",0.7
Employees,   Males,Full-time,Total,Aug-08,"1,226.4",1.9,933.5,2.5,752.6,2.5,279.3,2.1,442.8,2.3,87.5,3.6,35.8,9.4,73.9,3.0,"3,831.7",1.1
Employees,   Males,Full-time,Total,Aug-09,"1,181.0",1.8,918.2,1.7,772.2,2.3,253.2,2.4,421.5,2.5,81.3,4.6,47.5,5.9,72.0,3.4,"3,746.9",0.7
Employees,   Males,Full-time,Total,Aug-10,"1,192.9",1.4,945.0,2.2,795.0,1.6,270.1,2.3,452.2,1.6,76.4,3.1,46.7,4.8,74.7,2.9,"3,853.0",0.8
Employees,   Males,Full-time,Total,Aug-11,"1,234.9",1.5,983.0,1.6,798.5,1.6,281.2,2.6,464.2,2.3,80.9,3.0,44.4,5.6,76.7,2.7,"3,963.7",0.8
Employees,   Males,Full-time,Total,Aug-12,"1,224.6",1.7,980.2,1.5,832.2,2.0,272.3,2.7,506.9,1.7,78.1,3.2,49.4,4.6,78.3,3.3,"4,022.1",0.9
Employees,   Males,Full-time,Total,Aug-13,"1,262.1",1.5,959.9,1.7,821.8,2.0,276.2,2.1,503.3,2.3,75.9,2.9,53.3,3.9,79.1,3.5,"4,031.7",0.8
Employees,   Males,Full-time,Total,Aug-14,"1,269.2",1.8,950.5,1.9,782.6,1.5,274.1,1.7,477.3,2.4,81.5,3.5,46.5,5.3,76.3,2.3,"3,958.1",0.9
Employees,   Males,Full-time,Total,Aug-15,"1,306.0",1.5,988.3,1.4,812.0,1.7,264.9,2.8,473.8,2.3,80.4,3.2,48.2,4.3,72.7,5.0,"4,046.3",0.7
Employees,   Males,Full-time,Total,Aug-16,"1,308.2",1.3,"1,022.4",1.5,772.7,1.9,257.8,3.4,449.2,1.7,82.1,3.4,46.1,3.5,79.2,4.2,"4,017.6",0.6
Employees,   Males,Full-time,Total,Aug-17,"1,315.8",1.3,"1,038.3",1.4,803.1,1.5,274.8,2.4,431.7,2.0,79.3,3.0,42.6,2.9,77.3,3.2,"4,062.9",0.6
Employees,   Males,Full-time,Total,Aug-18,"1,345.9",1.2,"1,106.0",1.5,823.1,2.0,268.1,2.9,460.2,2.3,81.5,3.7,42.1,3.4,82.0,3.4,"4,208.9",0.7
Employees,   Males,Full-time,Total,Aug-19,"1,384.9",1.7,"1,122.4",1.5,810.1,1.6,274.1,2.8,460.0,1.7,79.2,3.7,39.2,4.2,83.3,3.5,"4,253.2",0.7
Employees,   Males,Full-time,Total,Aug-20,"1,307.0",1.3,"1,053.9",1.3,788.0,1.9,273.7,2.3,474.0,1.7,79.2,3.2,37.5,4.2,89.3,3.3,"4,102.6",0.6
Employees,   Males,Full-time,Total,Aug-21,"1,293.0",1.6,"1,114.9",1.8,849.8,1.7,287.8,2.1,486.9,2.3,87.8,2.7,38.7,2.9,83.4,3.5,"4,242.2",0.9
Employees,   Males,Full-time,Total,Aug-22,"1,433.6",1.6,"1,177.8",1.5,914.9,2.1,290.3,1.8,515.8,1.7,90.2,3.0,39.8,3.7,92.3,2.5,"4,554.7",0.9
Employees,   Males,Full-time,Total,Aug-23,"1,479.7",1.3,"1,218.9",1.3,922.4,1.6,307.4,2.2,525.1,2.0,94.6,2.7,43.2,2.9,95.2,2.7,"4,686.6",0.8
Employees,   Males,Full-time,Total,Aug-24,"1,483.9",1.5,"1,300.9",1.5,965.7,2.0,307.6,2.2,551.4,1.9,86.2,3.0,39.8,3.0,98.8,3.2,"4,834.2",0.8
Employees,   Males,Part-time,With leave entitlements,Aug-75,0.0,0.0,0.0,0.0,0.0,0.0,0.0,0.0,0.0,0.0,0.0,0.0,0.0,0.0,0.0,0.0,0.0,0.0
Employees,   Males,Part-time,With leave entitlements,Aug-76,0.0,0.0,0.0,0.0,0.0,0.0,0.0,0.0,0.0,0.0,0.0,0.0,0.0,0.0,0.0,0.0,0.0,0.0
Employees,   Males,Part-time,With leave entitlements,Aug-77,0.0,0.0,0.0,0.0,0.0,0.0,0.0,0.0,0.0,0.0,0.0,0.0,0.0,0.0,0.0,0.0,0.0,0.0
Employees,   Males,Part-time,With leave entitlements,Aug-78,0.0,0.0,0.0,0.0,0.0,0.0,0.0,0.0,0.0,0.0,0.0,0.0,0.0,0.0,0.0,0.0,0.0,0.0
Employees,   Males,Part-time,With leave entitlements,Aug-79,0.0,0.0,0.0,0.0,0.0,0.0,0.0,0.0,0.0,0.0,0.0,0.0,0.0,0.0,0.0,0.0,0.0,0.0
Employees,   Males,Part-time,With leave entitlements,Aug-80,0.0,0.0,0.0,0.0,0.0,0.0,0.0,0.0,0.0,0.0,0.0,0.0,0.0,0.0,0.0,0.0,0.0,0.0
Employees,   Males,Part-time,With leave entitlements,Aug-81,0.0,0.0,0.0,0.0,0.0,0.0,0.0,0.0,0.0,0.0,0.0,0.0,0.0,0.0,0.0,0.0,0.0,0.0
Employees,   Males,Part-time,With leave entitlements,Aug-82,0.0,0.0,0.0,0.0,0.0,0.0,0.0,0.0,0.0,0.0,0.0,0.0,0.0,0.0,0.0,0.0,0.0,0.0
Employees,   Males,Part-time,With leave entitlements,Aug-83,0.0,0.0,0.0,0.0,0.0,0.0,0.0,0.0,0.0,0.0,0.0,0.0,0.0,0.0,0.0,0.0,0.0,0.0
Employees,   Males,Part-time,With leave entitlements,Aug-84,0.0,0.0,0.0,0.0,0.0,0.0,0.0,0.0,0.0,0.0,0.0,0.0,0.0,0.0,0.0,0.0,50.8,0.0
Employees,   Males,Part-time,With leave entitlements,Aug-85,0.0,0.0,0.0,0.0,0.0,0.0,0.0,0.0,0.0,0.0,0.0,0.0,0.0,0.0,0.0,0.0,57.9,0.0
Employees,   Males,Part-time,With leave entitlements,Aug-86,0.0,0.0,0.0,0.0,0.0,0.0,0.0,0.0,0.0,0.0,0.0,0.0,0.0,0.0,0.0,0.0,0.0,0.0
Employees,   Males,Part-time,With leave entitlements,Aug-87,0.0,0.0,0.0,0.0,0.0,0.0,0.0,0.0,0.0,0.0,0.0,0.0,0.0,0.0,0.0,0.0,46.3,0.0
Employees,   Males,Part-time,With leave entitlements,Aug-88,0.0,0.0,0.0,0.0,0.0,0.0,0.0,0.0,0.0,0.0,0.0,0.0,0.0,0.0,0.0,0.0,33.0,0.0
Employees,   Males,Part-time,With leave entitlements,Aug-89,11.8,0.0,9.0,0.0,2.7,0.0,2.7,0.0,1.9,0.0,0.6,0.0,0.0,0.0,0.4,0.0,29.0,0.0
Employees,   Males,Part-time,With leave entitlements,Aug-90,11.0,0.0,9.0,0.0,2.0,0.0,1.3,0.0,1.9,0.0,0.8,0.0,0.0,0.0,0.5,0.0,26.5,0.0
Employees,   Males,Part-time,With leave entitlements,Jul-91,0.0,0.0,0.0,0.0,0.0,0.0,0.0,0.0,0.0,0.0,0.0,0.0,0.0,0.0,0.0,0.0,43.9,0.0
Employees,   Males,Part-time,With leave entitlements,Aug-92,16.8,12.4,17.4,12.5,3.5,21.1,3.8,26.9,6.9,16.3,1.0,27.5,0.1,107.3,0.6,52.7,50.2,8.8
Employees,   Males,Part-time,With leave entitlements,Aug-93,13.5,15.5,13.9,11.6,4.0,19.4,2.7,28.4,7.9,13.7,0.7,35.0,0.2,75.8,1.1,27.5,43.9,7.6
Employees,   Males,Part-time,With leave entitlements,Aug-94,25.2,12.7,18.1,12.6,4.9,22.6,4.5,26.5,6.9,13.9,1.8,24.4,0.1,103.4,1.4,25.0,62.8,6.0
Employees,   Males,Part-time,With leave entitlements,Aug-95,15.7,15.5,23.9,13.4,8.7,13.2,4.1,22.8,6.8,16.6,1.9,27.6,0.3,67.7,1.4,22.1,62.8,7.2
Employees,   Males,Part-time,With leave entitlements,Aug-96,16.4,13.6,22.8,9.2,7.4,16.0,5.0,17.5,9.1,17.9,1.4,27.9,0.7,60.6,1.8,21.9,64.7,5.8
Employees,   Males,Part-time,With leave entitlements,Aug-97,16.4,19.2,23.0,11.5,8.6,17.6,5.5,15.8,6.9,17.1,2.4,20.5,0.7,35.4,2.2,24.3,65.7,7.2
Employees,   Males,Part-time,With leave entitlements,Aug-98,16.3,17.7,28.9,8.4,10.0,21.0,6.3,20.0,7.5,17.2,2.2,29.4,0.1,102.0,1.9,22.6,73.1,7.2
Employees,   Males,Part-time,With leave entitlements,Aug-99,21.7,13.8,30.6,12.4,10.6,12.7,7.7,12.2,9.8,17.0,2.0,25.2,0.6,39.5,1.5,25.8,84.6,5.9
Employees,   Males,Part-time,With leave entitlements,Aug-00,30.5,14.1,29.3,9.7,12.1,14.2,8.5,13.4,9.0,15.4,2.4,20.8,0.9,38.0,2.0,27.6,94.8,5.4
Employees,   Males,Part-time,With leave entitlements,Aug-01,28.2,10.1,31.0,10.5,13.4,11.4,8.4,13.5,11.6,11.0,1.6,33.9,0.8,55.1,2.6,19.1,97.5,5.1
Employees,   Males,Part-time,With leave entitlements,Aug-02,33.8,12.2,31.3,9.2,17.2,10.2,7.5,16.4,11.9,13.9,1.9,31.8,0.4,78.0,2.2,23.3,106.2,5.5
Employees,   Males,Part-time,With leave entitlements,Aug-03,50.0,11.8,51.9,8.4,20.1,13.4,11.4,17.7,14.5,14.7,3.0,16.5,1.5,26.8,4.0,17.1,156.3,5.6
Employees,   Males,Part-time,With leave entitlements,Aug-04,39.5,11.3,37.2,10.2,22.4,13.8,13.1,9.9,15.8,9.5,2.8,20.8,0.0,0.0,3.6,17.2,134.5,5.7
Employees,   Males,Part-time,With leave entitlements,Aug-05,52.9,11.0,45.0,8.9,26.3,12.3,10.6,14.1,18.1,13.5,3.7,18.8,0.8,42.6,3.7,14.6,161.0,5.8
Employees,   Males,Part-time,With leave entitlements,Aug-06,64.0,9.9,53.0,7.8,33.9,10.0,11.6,15.1,13.8,13.0,3.7,13.2,0.9,51.0,4.0,17.0,184.9,5.9
Employees,   Males,Part-time,With leave entitlements,Aug-07,65.2,8.8,53.9,9.7,28.9,10.1,15.0,9.4,19.6,12.0,3.8,17.7,1.7,24.5,3.3,20.4,191.3,4.1
Employees,   Males,Part-time,With leave entitlements,Aug-08,61.0,10.2,47.2,11.3,28.5,13.9,14.9,13.9,14.7,13.9,5.0,18.2,1.4,34.7,3.3,20.9,176.0,4.9
Employees,   Males,Part-time,With leave entitlements,Aug-09,62.5,11.7,48.5,10.0,39.1,12.8,12.4,17.6,24.6,13.5,6.5,25.6,1.4,31.5,3.1,34.3,198.1,6.1
Employees,   Males,Part-time,With leave entitlements,Aug-10,73.2,6.1,60.1,6.2,39.7,11.4,14.5,12.1,21.0,15.7,7.8,13.6,1.6,22.8,5.6,17.6,223.5,3.9
Employees,   Males,Part-time,With leave entitlements,Aug-11,71.3,8.3,67.6,9.4,37.9,10.5,18.0,11.2,23.6,11.2,5.9,16.1,1.4,28.1,5.3,13.8,230.9,4.6
Employees,   Males,Part-time,With leave entitlements,Aug-12,72.4,6.1,71.9,7.4,39.8,11.3,18.1,12.1,23.0,12.0,7.8,12.0,1.7,31.9,5.8,14.0,240.5,3.5
Employees,   Males,Part-time,With leave entitlements,Aug-13,76.1,8.5,67.8,8.0,39.0,10.0,17.6,12.4,26.5,12.6,5.8,13.7,2.2,30.0,5.9,16.8,241.1,4.0
Employees,   Males,Part-time,With leave entitlements,Aug-14,92.5,8.1,89.8,8.1,42.8,9.3,16.4,13.9,29.1,11.8,8.1,14.9,1.1,27.9,4.5,21.0,284.2,4.3
Employees,   Males,Part-time,With leave entitlements,Aug-15,74.6,8.2,88.3,7.7,41.4,13.4,21.0,16.3,27.2,14.6,8.6,16.1,1.2,28.6,5.1,24.7,267.3,4.7
Employees,   Males,Part-time,With leave entitlements,Aug-16,101.6,7.8,85.9,7.3,46.2,9.9,21.7,12.0,29.7,12.7,5.4,15.2,1.9,29.6,4.6,18.0,297.0,3.7
Employees,   Males,Part-time,With leave entitlements,Aug-17,87.2,8.8,82.6,7.0,56.9,8.6,21.7,11.1,26.9,12.3,9.0,12.5,1.4,30.8,5.0,19.7,290.8,4.1
Employees,   Males,Part-time,With leave entitlements,Aug-18,93.1,7.1,91.2,10.4,53.6,7.8,27.0,8.5,30.1,10.3,8.3,14.3,1.2,23.5,5.8,14.9,310.3,3.9
Employees,   Males,Part-time,With leave entitlements,Aug-19,102.4,9.6,107.2,7.6,61.8,9.6,20.5,11.9,30.4,13.7,8.2,10.6,2.0,19.0,6.5,21.0,339.1,4.0
Employees,   Males,Part-time,With leave entitlements,Aug-20,117.3,8.1,122.8,5.5,70.3,8.7,25.2,12.0,34.9,9.0,10.1,12.2,2.9,18.2,6.0,23.1,389.4,3.8
Employees,   Males,Part-time,With leave entitlements,Aug-21,112.3,9.6,112.9,9.5,65.8,8.9,25.0,10.8,46.0,8.9,9.7,13.7,1.4,31.2,8.3,16.4,381.2,5.5
Employees,   Males,Part-time,With leave entitlements,Aug-22,117.0,6.3,87.2,10.5,68.3,12.1,28.3,8.7,40.9,13.8,11.1,9.8,3.0,28.9,7.7,11.1,363.6,3.1
Employees,   Males,Part-time,With leave entitlements,Aug-23,102.9,7.6,107.4,10.2,72.7,11.0,32.8,11.4,36.1,13.5,10.1,9.9,1.8,27.3,7.9,16.6,371.6,4.7
Employees,   Males,Part-time,With leave entitlements,Aug-24,149.3,7.7,129.8,6.3,78.9,11.5,32.5,9.5,46.1,8.5,13.4,15.0,2.7,19.2,9.1,12.8,461.8,3.7
Employees,   Males,Part-time,Without leave entitlements,Aug-75,0.0,0.0,0.0,0.0,0.0,0.0,0.0,0.0,0.0,0.0,0.0,0.0,0.0,0.0,0.0,0.0,0.0,0.0
Employees,   Males,Part-time,Without leave entitlements,Aug-76,0.0,0.0,0.0,0.0,0.0,0.0,0.0,0.0,0.0,0.0,0.0,0.0,0.0,0.0,0.0,0.0,0.0,0.0
Employees,   Males,Part-time,Without leave entitlements,Aug-77,0.0,0.0,0.0,0.0,0.0,0.0,0.0,0.0,0.0,0.0,0.0,0.0,0.0,0.0,0.0,0.0,0.0,0.0
Employees,   Males,Part-time,Without leave entitlements,Aug-78,0.0,0.0,0.0,0.0,0.0,0.0,0.0,0.0,0.0,0.0,0.0,0.0,0.0,0.0,0.0,0.0,0.0,0.0
Employees,   Males,Part-time,Without leave entitlements,Aug-79,0.0,0.0,0.0,0.0,0.0,0.0,0.0,0.0,0.0,0.0,0.0,0.0,0.0,0.0,0.0,0.0,0.0,0.0
Employees,   Males,Part-time,Without leave entitlements,Aug-80,0.0,0.0,0.0,0.0,0.0,0.0,0.0,0.0,0.0,0.0,0.0,0.0,0.0,0.0,0.0,0.0,0.0,0.0
Employees,   Males,Part-time,Without leave entitlements,Aug-81,0.0,0.0,0.0,0.0,0.0,0.0,0.0,0.0,0.0,0.0,0.0,0.0,0.0,0.0,0.0,0.0,0.0,0.0
Employees,   Males,Part-time,Without leave entitlements,Aug-82,0.0,0.0,0.0,0.0,0.0,0.0,0.0,0.0,0.0,0.0,0.0,0.0,0.0,0.0,0.0,0.0,0.0,0.0
Employees,   Males,Part-time,Without leave entitlements,Aug-83,0.0,0.0,0.0,0.0,0.0,0.0,0.0,0.0,0.0,0.0,0.0,0.0,0.0,0.0,0.0,0.0,0.0,0.0
Employees,   Males,Part-time,Without leave entitlements,Aug-84,0.0,0.0,0.0,0.0,0.0,0.0,0.0,0.0,0.0,0.0,0.0,0.0,0.0,0.0,0.0,0.0,120.5,0.0
Employees,   Males,Part-time,Without leave entitlements,Aug-85,0.0,0.0,0.0,0.0,0.0,0.0,0.0,0.0,0.0,0.0,0.0,0.0,0.0,0.0,0.0,0.0,124.4,0.0
Employees,   Males,Part-time,Without leave entitlements,Aug-86,0.0,0.0,0.0,0.0,0.0,0.0,0.0,0.0,0.0,0.0,0.0,0.0,0.0,0.0,0.0,0.0,0.0,0.0
Employees,   Males,Part-time,Without leave entitlements,Aug-87,0.0,0.0,0.0,0.0,0.0,0.0,0.0,0.0,0.0,0.0,0.0,0.0,0.0,0.0,0.0,0.0,181.5,0.0
Employees,   Males,Part-time,Without leave entitlements,Aug-88,0.0,0.0,0.0,0.0,0.0,0.0,0.0,0.0,0.0,0.0,0.0,0.0,0.0,0.0,0.0,0.0,185.5,0.0
Employees,   Males,Part-time,Without leave entitlements,Aug-89,67.8,0.0,54.3,0.0,37.2,0.0,16.9,0.0,19.9,0.0,6.7,0.0,1.5,0.0,6.6,0.0,210.8,0.0
Employees,   Males,Part-time,Without leave entitlements,Aug-90,60.6,0.0,55.6,0.0,39.2,0.0,18.2,0.0,17.0,0.0,5.2,0.0,2.7,0.0,5.0,0.0,203.5,0.0
Employees,   Males,Part-time,Without leave entitlements,Jul-91,0.0,0.0,0.0,0.0,0.0,0.0,0.0,0.0,0.0,0.0,0.0,0.0,0.0,0.0,0.0,0.0,227.5,0.0
Employees,   Males,Part-time,Without leave entitlements,Aug-92,73.9,4.6,63.9,6.2,47.6,6.8,22.6,8.3,21.2,7.2,6.4,11.2,2.4,24.8,6.0,14.0,244.0,2.6
Employees,   Males,Part-time,Without leave entitlements,Aug-93,75.9,6.1,57.3,6.1,49.8,6.7,20.4,7.8,23.8,7.0,7.1,11.1,2.4,17.3,6.3,9.1,243.0,2.5
Employees,   Males,Part-time,Without leave entitlements,Aug-94,90.2,6.3,63.4,6.3,50.8,5.4,23.4,8.3,25.9,8.2,8.0,10.6,2.3,30.4,7.4,8.4,271.4,2.9
Employees,   Males,Part-time,Without leave entitlements,Aug-95,92.0,8.0,65.4,6.8,54.1,5.8,24.6,8.9,29.0,6.0,6.8,11.7,2.3,22.4,7.9,11.2,282.0,3.5
Employees,   Males,Part-time,Without leave entitlements,Aug-96,107.7,5.3,81.2,4.7,63.7,6.4,27.4,8.0,32.0,6.9,9.0,11.5,3.1,23.9,7.8,9.3,331.9,2.1
Employees,   Males,Part-time,Without leave entitlements,Aug-97,105.1,4.4,78.4,5.4,65.1,5.7,26.5,6.4,29.9,7.7,8.4,11.9,1.7,23.7,7.3,12.0,322.4,2.6
Employees,   Males,Part-time,Without leave entitlements,Aug-98,109.1,6.4,91.7,5.7,68.4,5.5,26.4,6.5,32.9,8.2,9.0,7.5,2.6,15.3,8.3,9.0,348.4,3.5
Employees,   Males,Part-time,Without leave entitlements,Aug-99,103.0,6.2,89.1,5.6,63.2,5.1,31.0,6.5,33.8,8.3,7.8,11.8,2.5,23.7,9.2,11.1,339.7,2.4
Employees,   Males,Part-time,Without leave entitlements,Aug-00,107.6,6.8,91.4,5.9,69.1,5.9,29.1,7.1,40.6,7.4,8.7,9.4,2.4,23.4,7.5,13.5,356.4,2.8
Employees,   Males,Part-time,Without leave entitlements,Aug-01,131.0,4.3,101.9,5.4,80.5,4.8,32.4,6.2,36.1,8.2,10.4,10.8,2.1,32.9,9.1,7.3,403.5,2.6
Employees,   Males,Part-time,Without leave entitlements,Aug-02,128.6,4.6,102.2,6.7,84.0,6.3,32.4,7.2,38.5,6.5,8.3,9.0,3.0,14.2,8.5,9.0,405.4,3.0
Employees,   Males,Part-time,Without leave entitlements,Aug-03,133.5,9.3,109.2,6.2,94.2,11.7,35.9,14.6,40.9,7.4,9.6,9.6,2.9,24.6,9.9,14.7,436.1,2.6
Employees,   Males,Part-time,Without leave entitlements,Aug-04,153.3,5.1,121.8,6.2,89.3,5.9,37.4,8.3,43.3,6.3,10.2,9.5,3.6,22.3,8.7,11.5,467.5,2.5
Employees,   Males,Part-time,Without leave entitlements,Aug-05,131.0,4.9,120.3,4.7,88.6,4.7,40.1,7.1,43.4,8.0,12.0,10.2,3.1,23.5,9.9,10.7,448.6,1.9
Employees,   Males,Part-time,Without leave entitlements,Aug-06,145.6,5.7,120.8,5.0,94.8,5.0,41.4,6.5,46.5,7.9,11.1,12.6,2.5,30.7,8.8,8.6,471.6,2.9
Employees,   Males,Part-time,Without leave entitlements,Aug-07,147.6,5.4,127.7,6.1,90.6,5.6,41.9,5.4,42.9,7.5,11.2,11.0,2.7,28.9,9.8,9.9,474.4,2.5
Employees,   Males,Part-time,Without leave entitlements,Aug-08,158.7,7.1,145.8,6.1,93.2,5.4,38.5,8.2,46.0,8.2,11.6,12.0,3.3,24.1,10.1,13.8,507.2,3.9
Employees,   Males,Part-time,Without leave entitlements,Aug-09,174.6,6.9,140.0,7.3,100.2,6.3,48.3,8.7,53.2,7.1,11.2,11.3,3.9,17.8,11.0,12.7,542.4,2.9
Employees,   Males,Part-time,Without leave entitlements,Aug-10,164.9,5.0,143.0,6.6,101.7,6.7,42.7,7.0,52.3,6.5,11.4,9.3,4.5,15.6,8.9,10.5,529.4,2.5
Employees,   Males,Part-time,Without leave entitlements,Aug-11,179.5,4.9,129.7,4.5,106.3,6.4,42.6,6.7,52.8,8.3,11.9,13.7,4.4,16.3,9.4,12.8,536.6,2.7
Employees,   Males,Part-time,Without leave entitlements,Aug-12,185.5,5.2,129.0,6.2,109.6,6.7,43.7,6.7,55.9,7.5,13.0,10.0,4.1,18.1,9.6,14.4,550.3,2.5
Employees,   Males,Part-time,Without leave entitlements,Aug-13,188.9,4.6,145.0,6.7,109.3,7.0,49.4,7.4,51.8,11.2,13.1,9.8,5.0,13.9,11.6,12.1,574.0,3.0
Employees,   Males,Part-time,Without leave entitlements,Aug-14,162.2,5.9,147.4,4.4,109.9,4.9,43.9,5.9,54.5,7.7,11.3,9.7,2.3,25.8,11.1,11.6,542.5,2.5
Employees,   Males,Part-time,Without leave entitlements,Aug-15,189.8,6.1,159.3,6.2,117.2,7.3,45.0,8.0,57.5,7.3,14.0,9.6,3.1,22.4,11.1,11.1,597.0,2.9
Employees,   Males,Part-time,Without leave entitlements,Aug-16,205.9,4.2,177.4,6.3,119.2,6.2,48.4,7.9,67.1,9.8,14.7,10.3,3.3,17.4,10.9,13.3,646.9,2.3
Employees,   Males,Part-time,Without leave entitlements,Aug-17,188.5,4.8,172.8,4.4,127.5,6.6,46.0,5.9,67.0,6.6,12.0,8.9,3.5,12.4,9.6,12.7,626.8,2.1
Employees,   Males,Part-time,Without leave entitlements,Aug-18,210.0,4.7,150.4,5.6,136.7,5.7,43.2,8.4,65.6,7.3,14.9,8.4,4.1,16.2,12.0,10.1,636.8,3.1
Employees,   Males,Part-time,Without leave entitlements,Aug-19,222.8,5.4,165.2,5.9,113.0,6.6,45.5,6.8,64.4,6.9,18.0,7.7,4.5,15.9,13.4,13.9,646.8,2.4
Employees,   Males,Part-time,Without leave entitlements,Aug-20,188.1,5.8,153.9,5.7,117.0,7.6,46.0,6.7,66.1,6.1,16.6,9.8,5.4,17.0,8.2,17.4,601.4,2.9
Employees,   Males,Part-time,Without leave entitlements,Aug-21,175.0,5.3,154.9,6.6,132.2,5.3,52.4,7.0,57.2,7.9,17.5,7.6,5.8,12.5,13.0,12.1,608.0,2.8
Employees,   Males,Part-time,Without leave entitlements,Aug-22,197.7,5.2,187.9,4.8,140.2,5.7,42.1,8.0,64.8,6.0,13.4,7.9,4.9,12.5,9.9,16.0,660.9,2.7
Employees,   Males,Part-time,Without leave entitlements,Aug-23,225.9,5.9,185.9,4.3,149.6,5.1,48.6,9.5,72.9,9.0,13.5,10.6,4.3,13.6,12.8,12.4,713.5,2.5
Employees,   Males,Part-time,Without leave entitlements,Aug-24,246.6,5.1,181.1,6.1,152.2,6.9,53.4,6.6,75.0,8.4,11.6,11.0,4.7,16.5,9.3,15.0,734.1,2.7
Employees,   Males,Part-time,Total,Aug-75,38.6,0.0,33.7,0.0,14.4,0.0,12.2,0.0,8.4,0.0,2.8,0.0,0.4,25.0,2.2,0.0,112.7,0.0
Employees,   Males,Part-time,Total,Aug-76,43.3,0.0,35.9,0.0,16.2,0.0,9.6,0.0,12.8,0.0,3.0,0.0,0.9,25.0,3.3,0.0,125.0,0.0
Employees,   Males,Part-time,Total,Aug-77,48.5,0.0,40.8,0.0,17.8,0.0,12.6,0.0,12.4,0.0,2.7,0.0,1.3,25.0,3.0,0.0,139.1,0.0
Employees,   Males,Part-time,Total,Aug-78,59.6,0.0,48.0,0.0,17.7,0.0,13.3,0.0,11.7,0.0,3.2,0.0,1.3,25.0,2.4,0.0,157.2,0.0
Employees,   Males,Part-time,Total,Aug-79,62.0,0.0,39.2,0.0,17.8,0.0,13.5,0.0,11.9,0.0,2.9,0.0,0.0,0.0,0.0,0.0,151.4,0.0
Employees,   Males,Part-time,Total,Aug-80,53.3,0.0,41.5,0.0,19.7,0.0,12.6,0.0,13.2,0.0,2.3,0.0,2.9,0.0,3.0,0.0,148.5,0.0
Employees,   Males,Part-time,Total,Aug-81,59.5,0.0,43.5,0.0,19.3,0.0,12.8,0.0,13.3,0.0,3.4,0.0,1.2,25.0,3.4,0.0,156.5,0.0
Employees,   Males,Part-time,Total,Aug-82,61.6,0.0,49.4,0.0,26.0,0.0,14.3,0.0,15.3,0.0,3.1,0.0,0.6,25.0,3.2,0.0,173.5,0.0
Employees,   Males,Part-time,Total,Aug-83,61.4,0.0,45.1,0.0,25.7,0.0,12.8,0.0,15.5,0.0,4.5,0.0,1.4,25.0,3.9,0.0,170.3,0.0
Employees,   Males,Part-time,Total,Aug-84,60.4,0.0,47.9,0.0,24.7,0.0,13.6,0.0,16.3,0.0,3.3,0.0,1.6,0.0,3.5,0.0,171.3,0.0
Employees,   Males,Part-time,Total,Aug-85,60.3,0.0,48.8,0.0,32.1,0.0,15.2,0.0,17.2,0.0,3.8,0.0,1.1,25.0,3.8,0.0,182.3,0.0
Employees,   Males,Part-time,Total,Aug-86,65.6,0.0,48.1,0.0,34.4,0.0,16.6,0.0,18.7,0.0,5.2,0.0,3.5,0.0,5.3,0.0,197.5,0.0
Employees,   Males,Part-time,Total,Aug-87,75.9,0.0,59.8,0.0,38.7,0.0,16.6,0.0,22.9,0.0,5.2,0.0,3.1,0.0,5.6,0.0,227.8,0.0
Employees,   Males,Part-time,Total,Aug-88,72.4,0.0,54.5,0.0,40.7,0.0,18.0,0.0,19.5,0.0,5.9,0.0,1.5,25.0,6.0,0.0,218.5,0.0
Employees,   Males,Part-time,Total,Aug-89,79.6,0.0,63.3,0.0,39.8,0.0,19.6,0.0,21.8,0.0,7.3,0.0,1.5,0.0,6.9,0.0,239.8,0.0
Employees,   Males,Part-time,Total,Aug-90,71.6,0.0,64.6,0.0,41.2,0.0,19.5,0.0,18.8,0.0,6.0,0.0,2.7,0.0,5.5,0.0,229.9,0.0
Employees,   Males,Part-time,Total,Jul-91,84.3,0.0,71.9,0.0,48.7,0.0,22.2,0.0,27.4,0.0,8.8,0.0,1.7,25.0,6.5,0.0,271.4,0.0
Employees,   Males,Part-time,Total,Aug-92,90.7,4.2,81.3,4.5,51.2,7.0,26.3,7.7,28.1,6.5,7.4,10.3,2.5,24.4,6.6,13.5,294.1,2.2
Employees,   Males,Part-time,Total,Aug-93,89.4,5.3,71.2,5.2,53.8,6.2,23.1,6.9,31.6,7.0,7.8,10.6,2.6,17.7,7.5,7.9,286.9,2.4
Employees,   Males,Part-time,Total,Aug-94,115.4,6.3,81.4,6.5,55.7,5.5,27.9,7.9,32.8,6.7,9.8,9.9,2.3,30.5,8.8,8.0,334.2,2.8
Employees,   Males,Part-time,Total,Aug-95,107.6,6.8,89.3,4.9,62.8,5.2,28.6,7.4,35.8,5.0,8.7,10.2,2.5,21.9,9.3,10.8,344.8,2.9
Employees,   Males,Part-time,Total,Aug-96,124.1,5.1,104.0,3.7,71.1,5.5,32.5,7.0,41.1,6.6,10.4,10.1,3.7,22.7,9.6,8.1,396.6,2.2
Employees,   Males,Part-time,Total,Aug-97,121.5,5.2,101.4,5.1,73.7,4.8,32.0,5.2,36.8,6.8,10.9,8.5,2.4,18.7,9.6,9.7,388.1,2.6
Employees,   Males,Part-time,Total,Aug-98,125.3,6.0,120.6,4.6,78.4,5.0,32.7,6.8,40.3,8.1,11.1,7.7,2.7,15.3,10.2,9.3,421.5,3.2
Employees,   Males,Part-time,Total,Aug-99,124.8,5.6,119.8,5.9,73.9,4.8,38.7,5.4,43.6,6.8,9.9,12.0,3.1,23.2,10.7,9.7,424.4,2.5
Employees,   Males,Part-time,Total,Aug-00,138.1,5.5,120.7,4.6,81.2,5.4,37.7,7.0,49.6,7.0,11.1,9.2,3.3,21.4,9.5,11.0,451.3,2.1
Employees,   Males,Part-time,Total,Aug-01,159.2,3.7,132.9,4.9,93.8,4.8,40.8,4.6,47.6,5.8,12.0,11.2,2.9,26.7,11.7,6.5,500.9,2.2
Employees,   Males,Part-time,Total,Aug-02,162.4,4.2,133.5,5.3,101.2,4.8,39.9,7.1,50.3,4.5,10.2,9.9,3.4,13.7,10.7,8.4,511.6,2.3
Employees,   Males,Part-time,Total,Aug-03,183.5,8.7,161.2,5.0,114.2,11.3,47.2,13.6,55.4,7.0,12.6,8.3,4.4,19.1,13.9,13.5,592.4,2.3
Employees,   Males,Part-time,Total,Aug-04,192.8,4.5,159.0,4.8,111.8,5.4,50.5,5.6,59.0,4.3,13.0,8.8,3.6,22.3,12.3,8.6,602.0,2.4
Employees,   Males,Part-time,Total,Aug-05,184.0,4.8,165.3,3.4,114.9,4.7,50.7,5.4,61.5,6.7,15.7,7.6,3.9,18.1,13.6,8.5,609.6,1.9
Employees,   Males,Part-time,Total,Aug-06,209.6,4.7,173.8,4.0,128.7,4.8,53.0,6.0,60.3,5.8,14.8,10.4,3.4,31.2,12.8,7.7,656.5,2.4
Employees,   Males,Part-time,Total,Aug-07,212.8,3.3,181.6,4.9,119.5,5.3,56.9,4.1,62.5,5.8,14.9,6.4,4.4,18.8,13.1,8.8,665.8,2.0
Employees,   Males,Part-time,Total,Aug-08,219.7,5.2,193.0,5.4,121.7,5.7,53.4,7.3,60.8,7.7,16.6,9.8,4.7,20.5,13.4,10.4,683.2,2.9
Employees,   Males,Part-time,Total,Aug-09,237.2,6.1,188.5,6.0,139.2,5.8,60.7,7.7,77.8,6.0,17.7,11.4,5.3,15.8,14.1,10.3,740.5,2.5
Employees,   Males,Part-time,Total,Aug-10,238.2,3.5,203.0,4.8,141.4,4.8,57.2,5.0,73.2,6.1,19.3,8.4,6.2,14.8,14.5,7.9,752.9,1.6
Employees,   Males,Part-time,Total,Aug-11,250.9,4.3,197.3,4.6,144.2,5.5,60.6,4.5,76.3,6.4,17.8,10.2,5.8,13.5,14.7,8.4,767.6,2.4
Employees,   Males,Part-time,Total,Aug-12,257.9,3.6,200.9,4.3,149.4,5.5,61.8,5.7,78.9,6.4,20.8,7.3,5.8,12.8,15.3,10.9,790.8,1.8
Employees,   Males,Part-time,Total,Aug-13,265.0,4.0,212.8,5.3,148.3,5.7,67.0,6.1,78.3,8.3,19.0,7.8,7.2,12.8,17.5,10.7,815.1,2.3
Employees,   Males,Part-time,Total,Aug-14,254.7,4.3,237.3,3.5,152.6,3.8,60.3,5.0,83.6,6.7,19.3,8.1,3.4,20.2,15.5,9.1,826.7,1.8
Employees,   Males,Part-time,Total,Aug-15,264.4,4.9,247.6,3.7,158.6,6.7,66.0,6.1,84.7,6.7,22.6,8.0,4.2,17.6,16.2,9.2,864.3,2.6
Employees,   Males,Part-time,Total,Aug-16,307.5,3.7,263.3,4.5,165.4,5.1,70.1,5.6,96.7,7.0,20.1,8.1,5.2,16.6,15.5,9.7,943.8,1.9
Employees,   Males,Part-time,Total,Aug-17,275.7,3.6,255.3,3.2,184.4,4.7,67.7,5.9,93.8,5.4,21.0,6.2,4.9,12.7,14.6,9.3,917.6,1.4
Employees,   Males,Part-time,Total,Aug-18,303.1,3.7,241.6,5.2,190.3,4.5,70.2,6.3,95.7,5.6,23.2,7.8,5.3,13.5,17.7,8.9,947.2,2.5
Employees,   Males,Part-time,Total,Aug-19,325.2,4.7,272.4,5.0,174.8,5.1,66.1,6.2,94.9,5.8,26.2,6.2,6.5,11.5,19.9,11.8,985.9,2.1
Employees,   Males,Part-time,Total,Aug-20,305.4,4.0,276.7,3.4,187.3,4.8,71.1,4.6,101.0,5.0,26.7,7.1,8.3,12.3,14.2,9.2,990.7,1.9
Employees,   Males,Part-time,Total,Aug-21,287.3,4.2,267.9,4.1,198.0,3.6,77.4,6.1,103.2,6.3,27.1,5.9,7.2,9.3,21.3,9.2,989.3,2.4
Employees,   Males,Part-time,Total,Aug-22,314.7,3.1,275.1,4.6,208.5,5.4,70.3,5.9,105.7,5.7,24.6,6.6,8.0,11.8,17.6,9.9,"1,024.4",1.8
Employees,   Males,Part-time,Total,Aug-23,328.8,4.4,293.3,4.0,222.3,4.9,81.5,7.6,108.9,7.7,23.5,6.4,6.1,11.7,20.6,9.6,"1,085.1",2.3
Employees,   Males,Part-time,Total,Aug-24,395.9,3.9,310.9,3.9,231.1,5.6,86.0,5.8,121.2,4.7,25.0,7.7,7.4,11.0,18.4,7.9,"1,195.9",1.9
Employees,   Males,Total,With leave entitlements,Aug-75,0.0,0.0,0.0,0.0,0.0,0.0,0.0,0.0,0.0,0.0,0.0,0.0,0.0,0.0,0.0,0.0,0.0,0.0
Employees,   Males,Total,With leave entitlements,Aug-76,0.0,0.0,0.0,0.0,0.0,0.0,0.0,0.0,0.0,0.0,0.0,0.0,0.0,0.0,0.0,0.0,0.0,0.0
Employees,   Males,Total,With leave entitlements,Aug-77,0.0,0.0,0.0,0.0,0.0,0.0,0.0,0.0,0.0,0.0,0.0,0.0,0.0,0.0,0.0,0.0,0.0,0.0
Employees,   Males,Total,With leave entitlements,Aug-78,0.0,0.0,0.0,0.0,0.0,0.0,0.0,0.0,0.0,0.0,0.0,0.0,0.0,0.0,0.0,0.0,0.0,0.0
Employees,   Males,Total,With leave entitlements,Aug-79,0.0,0.0,0.0,0.0,0.0,0.0,0.0,0.0,0.0,0.0,0.0,0.0,0.0,0.0,0.0,0.0,0.0,0.0
Employees,   Males,Total,With leave entitlements,Aug-80,0.0,0.0,0.0,0.0,0.0,0.0,0.0,0.0,0.0,0.0,0.0,0.0,0.0,0.0,0.0,0.0,0.0,0.0
Employees,   Males,Total,With leave entitlements,Aug-81,0.0,0.0,0.0,0.0,0.0,0.0,0.0,0.0,0.0,0.0,0.0,0.0,0.0,0.0,0.0,0.0,0.0,0.0
Employees,   Males,Total,With leave entitlements,Aug-82,0.0,0.0,0.0,0.0,0.0,0.0,0.0,0.0,0.0,0.0,0.0,0.0,0.0,0.0,0.0,0.0,0.0,0.0
Employees,   Males,Total,With leave entitlements,Aug-83,0.0,0.0,0.0,0.0,0.0,0.0,0.0,0.0,0.0,0.0,0.0,0.0,0.0,0.0,0.0,0.0,0.0,0.0
Employees,   Males,Total,With leave entitlements,Aug-84,991.4,0.0,776.2,0.0,427.2,0.0,236.4,0.0,252.0,0.0,80.4,0.0,25.1,0.0,52.8,0.0,"2,841.4",0.0
Employees,   Males,Total,With leave entitlements,Aug-85,0.0,0.0,0.0,0.0,0.0,0.0,0.0,0.0,0.0,0.0,0.0,0.0,0.0,0.0,0.0,0.0,"2,915.5",0.0
Employees,   Males,Total,With leave entitlements,Aug-86,0.0,0.0,0.0,0.0,0.0,0.0,0.0,0.0,0.0,0.0,0.0,0.0,0.0,0.0,0.0,0.0,"2,926.6",0.0
Employees,   Males,Total,With leave entitlements,Aug-87,0.0,0.0,0.0,0.0,0.0,0.0,0.0,0.0,0.0,0.0,0.0,0.0,0.0,0.0,0.0,0.0,"2,935.1",0.0
Employees,   Males,Total,With leave entitlements,Aug-88,0.0,0.0,0.0,0.0,0.0,0.0,0.0,0.0,0.0,0.0,0.0,0.0,0.0,0.0,0.0,0.0,"3,005.1",0.0
Employees,   Males,Total,With leave entitlements,Aug-89,"1,078.8",0.0,828.9,0.0,491.6,0.0,254.4,0.0,287.2,0.0,83.2,0.0,29.4,0.0,54.4,0.0,"3,107.9",0.0
Employees,   Males,Total,With leave entitlements,Aug-90,"1,077.9",0.0,830.8,0.0,486.0,0.0,257.7,0.0,286.0,0.0,82.0,0.0,30.5,0.0,60.4,0.0,"3,111.3",0.0
Employees,   Males,Total,With leave entitlements,Jul-91,0.0,0.0,0.0,0.0,0.0,0.0,0.0,0.0,0.0,0.0,0.0,0.0,0.0,0.0,0.0,0.0,"2,888.0",0.0
Employees,   Males,Total,With leave entitlements,Aug-92,995.7,1.2,734.6,1.5,468.4,1.3,219.8,1.7,273.4,1.7,71.6,2.7,24.0,11.7,59.0,3.1,"2,846.6",0.5
Employees,   Males,Total,With leave entitlements,Aug-93,952.5,1.3,726.7,1.5,479.8,1.7,216.8,2.7,289.5,2.1,71.9,2.2,28.4,9.0,59.3,2.6,"2,824.8",0.8
Employees,   Males,Total,With leave entitlements,Aug-94,970.8,1.8,750.5,1.8,497.6,2.2,219.2,2.7,286.9,2.4,70.7,3.4,27.7,8.0,58.2,2.5,"2,881.6",0.9
Employees,   Males,Total,With leave entitlements,Aug-95,"1,021.7",1.5,742.9,1.4,506.6,2.1,216.6,2.2,286.8,1.7,71.0,3.8,27.3,6.0,59.2,2.7,"2,932.1",0.7
Employees,   Males,Total,With leave entitlements,Aug-96,997.2,1.5,770.0,1.3,501.7,1.5,212.7,1.7,290.5,2.6,70.0,3.0,28.0,9.0,58.7,3.0,"2,928.8",0.7
Employees,   Males,Total,With leave entitlements,Aug-97,998.8,1.6,732.0,1.9,486.5,1.8,216.7,2.1,296.0,1.9,68.2,2.6,29.6,10.1,56.7,2.7,"2,884.5",0.8
Employees,   Males,Total,With leave entitlements,Aug-98,998.3,1.4,743.3,1.9,499.4,2.0,215.8,2.7,292.3,2.2,65.5,4.1,25.4,10.0,57.8,3.3,"2,897.9",0.9
Employees,   Males,Total,With leave entitlements,Aug-99,"1,006.3",1.7,735.0,1.4,509.5,2.2,211.0,2.2,296.3,2.4,65.9,2.6,29.4,9.4,56.8,2.4,"2,910.2",0.9
Employees,   Males,Total,With leave entitlements,Aug-00,"1,038.6",1.6,763.7,1.5,514.5,2.2,221.6,3.3,293.8,2.3,67.3,2.5,26.9,13.0,58.4,3.3,"2,984.8",0.9
Employees,   Males,Total,With leave entitlements,Aug-01,"1,022.6",1.3,780.6,1.4,490.9,2.3,212.0,3.1,294.3,2.5,64.0,3.6,27.8,9.5,59.4,2.6,"2,951.7",0.9
Employees,   Males,Total,With leave entitlements,Aug-02,"1,049.0",1.3,769.3,1.4,534.7,2.1,217.9,2.2,298.2,2.8,66.9,3.8,29.0,9.8,61.3,3.1,"3,026.4",0.9
Employees,   Males,Total,With leave entitlements,Aug-03,"1,056.8",3.5,800.7,4.9,526.7,2.8,225.1,3.9,297.8,8.1,71.5,7.3,27.1,8.8,60.5,2.7,"3,066.4",3.9
Employees,   Males,Total,With leave entitlements,Aug-04,995.8,2.0,781.6,1.8,583.1,2.0,229.2,2.8,303.5,2.3,71.4,2.9,29.8,10.5,63.2,2.5,"3,057.5",1.0
Employees,   Males,Total,With leave entitlements,Aug-05,"1,064.9",1.5,835.4,1.7,624.7,1.9,238.4,2.6,332.4,1.8,69.9,2.9,26.4,7.4,63.7,2.8,"3,255.6",0.6
Employees,   Males,Total,With leave entitlements,Aug-06,"1,097.7",1.3,833.5,1.6,636.7,1.6,240.2,2.8,350.6,2.5,72.6,3.6,30.7,9.1,67.6,2.1,"3,329.4",0.8
Employees,   Males,Total,With leave entitlements,Aug-07,"1,104.7",1.7,890.5,1.6,663.6,1.7,234.7,2.8,374.3,2.2,77.7,3.4,29.4,8.4,68.5,3.1,"3,443.4",0.7
Employees,   Males,Total,With leave entitlements,Aug-08,"1,161.7",2.1,904.6,2.3,675.8,2.2,257.3,2.5,406.7,2.5,82.3,4.3,31.6,9.1,73.4,3.1,"3,593.3",1.1
Employees,   Males,Total,With leave entitlements,Aug-09,"1,132.9",2.0,885.6,2.1,708.7,2.7,232.8,2.3,395.2,2.3,80.1,5.1,43.2,6.3,70.9,3.6,"3,549.2",0.8
Employees,   Males,Total,With leave entitlements,Aug-10,"1,137.7",1.8,920.1,2.3,715.7,1.8,243.6,2.9,428.3,2.1,76.4,3.2,41.7,5.9,72.7,3.8,"3,636.1",0.9
Employees,   Males,Total,With leave entitlements,Aug-11,"1,169.1",1.6,951.5,1.6,725.9,1.7,264.9,2.7,437.1,2.3,78.1,3.6,38.1,5.8,76.8,2.8,"3,741.4",0.8
Employees,   Males,Total,With leave entitlements,Aug-12,"1,168.2",1.7,952.8,1.8,750.5,2.3,261.5,2.7,463.8,2.0,77.9,3.8,45.0,5.1,79.6,3.4,"3,799.2",0.9
Employees,   Males,Total,With leave entitlements,Aug-13,"1,214.3",1.7,933.8,2.1,738.3,2.1,254.9,2.6,479.0,2.2,73.6,2.8,48.7,3.8,80.4,3.6,"3,823.1",0.8
Employees,   Males,Total,With leave entitlements,Aug-14,"1,232.8",2.1,940.5,1.8,715.5,2.0,252.0,2.3,446.6,2.8,81.9,3.5,41.9,6.2,73.4,3.0,"3,784.7",1.1
Employees,   Males,Total,With leave entitlements,Aug-15,"1,240.2",1.6,989.2,1.5,736.3,2.0,254.4,3.1,437.6,2.6,80.7,3.9,42.5,5.3,70.4,5.4,"3,851.2",0.7
Employees,   Males,Total,With leave entitlements,Aug-16,"1,262.5",1.5,"1,005.8",1.7,691.5,2.2,240.8,3.3,420.4,1.9,80.1,3.6,43.1,4.3,78.1,4.4,"3,822.4",0.7
Employees,   Males,Total,With leave entitlements,Aug-17,"1,257.5",1.5,"1,000.0",1.6,720.2,2.2,255.0,2.4,407.8,2.4,79.9,2.8,39.0,3.1,74.4,3.9,"3,833.7",0.8
Employees,   Males,Total,With leave entitlements,Aug-18,"1,280.4",1.7,"1,097.5",1.6,758.2,1.9,254.3,3.0,429.9,2.5,81.3,3.0,37.0,3.7,80.2,3.3,"4,018.8",1.0
Employees,   Males,Total,With leave entitlements,Aug-19,"1,323.4",1.5,"1,116.3",1.9,756.4,1.9,262.3,2.9,424.8,1.9,77.6,3.6,36.5,4.3,79.8,3.5,"4,077.0",0.8
Employees,   Males,Total,With leave entitlements,Aug-20,"1,291.9",1.7,"1,097.5",1.7,755.5,2.5,263.0,2.7,444.1,2.0,82.5,3.0,37.2,4.0,88.9,3.9,"4,060.5",0.9
Employees,   Males,Total,With leave entitlements,Aug-21,"1,276.9",1.8,"1,101.3",1.9,794.4,2.0,280.5,2.3,480.5,2.2,88.2,2.8,35.1,4.2,81.8,3.6,"4,138.6",1.0
Employees,   Males,Total,With leave entitlements,Aug-22,"1,398.9",1.8,"1,153.3",1.8,853.8,2.2,278.8,2.4,481.5,2.2,91.8,2.7,38.8,3.6,89.0,2.8,"4,385.8",0.9
Employees,   Males,Total,With leave entitlements,Aug-23,"1,455.3",1.5,"1,210.5",1.5,876.3,2.2,298.9,2.2,499.5,2.0,96.5,2.7,41.0,3.7,94.7,2.8,"4,572.7",0.9
Employees,   Males,Total,With leave entitlements,Aug-24,"1,498.2",1.3,"1,330.3",1.2,930.9,2.2,300.5,2.5,527.8,2.3,94.3,2.6,37.5,4.1,96.4,3.7,"4,815.8",0.8
Employees,   Males,Total,Without leave entitlements,Aug-75,0.0,0.0,0.0,0.0,0.0,0.0,0.0,0.0,0.0,0.0,0.0,0.0,0.0,0.0,0.0,0.0,0.0,0.0
Employees,   Males,Total,Without leave entitlements,Aug-76,0.0,0.0,0.0,0.0,0.0,0.0,0.0,0.0,0.0,0.0,0.0,0.0,0.0,0.0,0.0,0.0,0.0,0.0
Employees,   Males,Total,Without leave entitlements,Aug-77,0.0,0.0,0.0,0.0,0.0,0.0,0.0,0.0,0.0,0.0,0.0,0.0,0.0,0.0,0.0,0.0,0.0,0.0
Employees,   Males,Total,Without leave entitlements,Aug-78,0.0,0.0,0.0,0.0,0.0,0.0,0.0,0.0,0.0,0.0,0.0,0.0,0.0,0.0,0.0,0.0,0.0,0.0
Employees,   Males,Total,Without leave entitlements,Aug-79,0.0,0.0,0.0,0.0,0.0,0.0,0.0,0.0,0.0,0.0,0.0,0.0,0.0,0.0,0.0,0.0,0.0,0.0
Employees,   Males,Total,Without leave entitlements,Aug-80,0.0,0.0,0.0,0.0,0.0,0.0,0.0,0.0,0.0,0.0,0.0,0.0,0.0,0.0,0.0,0.0,0.0,0.0
Employees,   Males,Total,Without leave entitlements,Aug-81,0.0,0.0,0.0,0.0,0.0,0.0,0.0,0.0,0.0,0.0,0.0,0.0,0.0,0.0,0.0,0.0,0.0,0.0
Employees,   Males,Total,Without leave entitlements,Aug-82,0.0,0.0,0.0,0.0,0.0,0.0,0.0,0.0,0.0,0.0,0.0,0.0,0.0,0.0,0.0,0.0,0.0,0.0
Employees,   Males,Total,Without leave entitlements,Aug-83,0.0,0.0,0.0,0.0,0.0,0.0,0.0,0.0,0.0,0.0,0.0,0.0,0.0,0.0,0.0,0.0,0.0,0.0
Employees,   Males,Total,Without leave entitlements,Aug-84,84.7,0.0,63.1,0.0,53.6,0.0,32.0,0.0,29.9,0.0,9.2,0.0,5.2,0.0,5.4,0.0,283.0,0.0
Employees,   Males,Total,Without leave entitlements,Aug-85,0.0,0.0,0.0,0.0,0.0,0.0,0.0,0.0,0.0,0.0,0.0,0.0,0.0,0.0,0.0,0.0,286.6,0.0
Employees,   Males,Total,Without leave entitlements,Aug-86,0.0,0.0,0.0,0.0,0.0,0.0,0.0,0.0,0.0,0.0,0.0,0.0,0.0,0.0,0.0,0.0,321.2,0.0
Employees,   Males,Total,Without leave entitlements,Aug-87,0.0,0.0,0.0,0.0,0.0,0.0,0.0,0.0,0.0,0.0,0.0,0.0,0.0,0.0,0.0,0.0,374.8,0.0
Employees,   Males,Total,Without leave entitlements,Aug-88,0.0,0.0,0.0,0.0,0.0,0.0,0.0,0.0,0.0,0.0,0.0,0.0,0.0,0.0,0.0,0.0,378.2,0.0
Employees,   Males,Total,Without leave entitlements,Aug-89,127.4,0.0,87.7,0.0,87.3,0.0,37.2,0.0,42.0,0.0,12.0,0.0,4.1,0.0,9.4,0.0,407.0,0.0
Employees,   Males,Total,Without leave entitlements,Aug-90,125.6,0.0,88.4,0.0,84.6,0.0,37.4,0.0,35.3,0.0,11.1,0.0,4.5,0.0,8.1,0.0,395.1,0.0
Employees,   Males,Total,Without leave entitlements,Jul-91,0.0,0.0,0.0,0.0,0.0,0.0,0.0,0.0,0.0,0.0,0.0,0.0,0.0,0.0,0.0,0.0,440.5,0.0
Employees,   Males,Total,Without leave entitlements,Aug-92,138.1,4.1,103.0,4.4,95.1,3.6,43.5,5.8,42.4,5.7,12.4,8.7,4.9,19.1,8.4,14.6,447.8,1.8
Employees,   Males,Total,Without leave entitlements,Aug-93,157.7,5.1,102.0,4.7,105.8,3.7,42.6,5.5,43.7,5.2,11.4,8.3,5.9,15.4,9.7,11.9,478.7,2.2
Employees,   Males,Total,Without leave entitlements,Aug-94,173.5,4.4,110.3,5.9,110.7,3.7,50.6,6.6,54.5,6.7,14.0,8.0,5.7,18.5,11.7,6.7,531.0,1.9
Employees,   Males,Total,Without leave entitlements,Aug-95,183.3,5.1,117.2,4.4,115.3,4.7,48.3,5.3,56.9,5.7,14.0,8.4,7.1,15.3,10.9,9.9,552.9,2.5
Employees,   Males,Total,Without leave entitlements,Aug-96,207.5,3.6,150.7,3.8,143.6,4.0,54.5,5.7,66.8,4.6,18.1,7.4,8.6,13.4,11.8,9.3,661.6,1.5
Employees,   Males,Total,Without leave entitlements,Aug-97,202.2,3.8,141.2,3.8,136.1,4.5,53.5,3.9,61.8,4.8,17.0,8.2,4.9,16.2,11.6,7.9,628.2,2.3
Employees,   Males,Total,Without leave entitlements,Aug-98,229.4,4.3,163.7,4.9,149.9,4.3,61.3,5.7,68.5,5.4,16.4,7.2,7.1,12.7,13.1,8.9,709.4,2.6
Employees,   Males,Total,Without leave entitlements,Aug-99,222.6,3.3,164.6,4.6,147.8,4.7,63.0,4.6,69.3,5.9,15.4,9.9,6.5,11.9,13.1,8.2,702.3,1.9
Employees,   Males,Total,Without leave entitlements,Aug-00,228.3,4.3,169.4,4.6,152.8,4.8,62.7,6.9,81.7,4.4,15.6,6.7,6.3,18.0,13.1,9.0,729.8,2.4
Employees,   Males,Total,Without leave entitlements,Aug-01,228.5,5.0,174.4,4.1,169.6,4.1,65.2,5.7,75.9,6.0,17.2,6.2,5.8,15.3,14.7,6.3,751.3,2.2
Employees,   Males,Total,Without leave entitlements,Aug-02,234.1,2.8,173.7,4.5,163.9,3.6,65.5,5.5,76.5,4.7,16.4,7.3,8.1,15.2,12.3,7.5,750.6,1.7
Employees,   Males,Total,Without leave entitlements,Aug-03,250.5,4.4,164.5,4.9,179.9,6.9,72.0,6.5,80.5,4.0,18.1,8.5,6.6,19.9,16.5,10.3,788.7,1.9
Employees,   Males,Total,Without leave entitlements,Aug-04,264.7,4.3,206.4,5.0,177.3,4.5,67.6,4.7,82.6,6.3,18.6,5.7,8.0,14.3,13.6,10.0,838.8,2.0
Employees,   Males,Total,Without leave entitlements,Aug-05,234.3,4.8,191.4,3.8,168.6,4.2,71.8,4.4,86.7,4.6,22.1,7.4,8.1,19.9,15.6,8.7,798.5,1.9
Employees,   Males,Total,Without leave entitlements,Aug-06,252.8,4.6,206.9,3.9,195.9,4.4,75.4,4.6,95.9,5.5,19.0,9.7,6.4,17.6,15.3,6.5,867.7,2.2
Employees,   Males,Total,Without leave entitlements,Aug-07,284.3,3.7,218.2,4.1,196.1,4.6,77.7,3.7,90.7,5.4,22.0,7.5,6.5,16.3,18.0,7.4,913.5,1.5
Employees,   Males,Total,Without leave entitlements,Aug-08,284.4,6.2,221.9,4.8,198.5,4.9,75.5,5.7,96.8,5.7,21.7,10.3,8.9,14.9,13.9,10.4,921.6,3.2
Employees,   Males,Total,Without leave entitlements,Aug-09,285.3,5.1,221.2,6.0,202.8,5.5,81.1,7.6,104.1,4.9,18.8,10.4,9.7,13.6,15.2,10.8,938.1,2.3
Employees,   Males,Total,Without leave entitlements,Aug-10,293.4,4.5,228.0,5.2,220.7,5.3,83.7,5.4,97.1,5.5,19.3,7.6,11.1,10.7,16.5,8.9,969.8,2.1
Employees,   Males,Total,Without leave entitlements,Aug-11,316.6,3.9,228.7,5.1,216.7,4.2,76.9,6.0,103.4,5.3,20.7,10.7,12.1,15.2,14.7,11.8,989.9,1.8
Employees,   Males,Total,Without leave entitlements,Aug-12,314.2,3.2,228.3,5.1,231.1,4.9,72.7,4.9,122.0,4.3,21.0,7.9,10.3,9.1,14.1,11.5,"1,013.7",2.1
Employees,   Males,Total,Without leave entitlements,Aug-13,312.8,4.4,238.9,4.7,231.8,4.4,88.3,7.3,102.6,6.3,21.3,7.2,11.7,8.9,16.2,9.8,"1,023.7",2.2
Employees,   Males,Total,Without leave entitlements,Aug-14,291.0,4.8,247.3,3.8,219.7,4.4,82.3,5.5,114.3,5.4,19.0,7.8,8.0,10.7,18.4,10.4,"1,000.0",2.1
Employees,   Males,Total,Without leave entitlements,Aug-15,330.3,3.5,246.7,4.6,234.3,5.2,76.5,7.0,120.9,5.7,22.3,8.7,9.9,10.2,18.4,11.3,"1,059.4",1.8
Employees,   Males,Total,Without leave entitlements,Aug-16,353.1,3.5,279.8,5.1,246.7,3.7,87.1,5.5,125.5,6.4,22.1,7.0,8.2,11.0,16.6,11.1,"1,139.1",1.7
Employees,   Males,Total,Without leave entitlements,Aug-17,334.0,3.3,293.7,3.7,267.3,5.4,87.5,4.5,117.8,5.4,20.4,6.1,8.5,10.0,17.5,9.0,"1,146.8",2.0
Employees,   Males,Total,Without leave entitlements,Aug-18,368.6,4.5,250.1,5.5,255.2,3.3,84.0,5.8,126.0,4.9,23.5,6.2,10.4,9.3,19.5,8.2,"1,137.3",2.6
Employees,   Males,Total,Without leave entitlements,Aug-19,386.7,3.9,278.5,5.3,228.6,4.1,77.9,4.7,130.0,4.2,27.8,7.0,9.2,12.1,23.5,9.5,"1,162.1",1.8
Employees,   Males,Total,Without leave entitlements,Aug-20,320.4,5.0,233.1,5.4,219.9,7.0,81.8,5.8,130.9,4.9,23.4,7.9,8.6,13.0,14.6,14.7,"1,032.8",3.1
Employees,   Males,Total,Without leave entitlements,Aug-21,303.4,4.3,281.4,5.4,253.5,5.3,84.7,5.5,109.6,5.5,26.7,7.5,10.7,8.5,22.9,7.2,"1,092.9",2.5
Employees,   Males,Total,Without leave entitlements,Aug-22,349.3,4.2,299.6,3.6,269.7,3.8,81.8,5.8,140.0,4.5,23.0,6.5,9.0,10.9,20.9,9.7,"1,193.3",1.6
Employees,   Males,Total,Without leave entitlements,Aug-23,353.2,4.3,301.7,4.1,268.4,4.4,89.9,6.3,134.6,5.5,21.6,9.2,8.4,11.2,21.1,7.7,"1,199.0",1.9
Employees,   Males,Total,Without leave entitlements,Aug-24,381.6,4.7,281.5,5.3,265.8,5.4,93.1,6.8,144.8,6.4,17.0,8.9,9.7,12.0,20.8,10.2,"1,214.3",2.6
Employees,   Males,Total,Total,Aug-75,"1,142.5",0.0,838.2,0.0,441.4,0.0,287.1,0.0,259.2,0.0,93.8,0.0,20.6,0.0,46.5,0.0,"3,129.4",0.0
Employees,   Males,Total,Total,Aug-76,"1,114.0",0.0,837.9,0.0,433.2,0.0,282.9,0.0,260.5,0.0,92.3,0.0,20.4,0.0,47.2,0.0,"3,088.4",0.0
Employees,   Males,Total,Total,Aug-77,"1,116.2",0.0,844.4,0.0,429.4,0.0,284.5,0.0,260.5,0.0,93.5,0.0,24.2,0.0,50.4,0.0,"3,103.1",0.0
Employees,   Males,Total,Total,Aug-78,"1,111.2",0.0,857.3,0.0,451.4,0.0,282.7,0.0,266.3,0.0,92.9,0.0,28.8,0.0,51.7,0.0,"3,142.2",0.0
Employees,   Males,Total,Total,Aug-79,"1,168.1",0.0,852.4,0.0,458.0,0.0,284.2,0.0,265.0,0.0,91.8,0.0,29.7,0.0,49.8,0.0,"3,203.1",0.0
Employees,   Males,Total,Total,Aug-80,"1,152.7",0.0,859.1,0.0,467.5,0.0,279.7,0.0,271.2,0.0,91.6,0.0,30.1,0.0,52.9,0.0,"3,204.8",0.0
Employees,   Males,Total,Total,Aug-81,"1,159.5",0.0,867.9,0.0,480.6,0.0,276.0,0.0,275.6,0.0,91.4,0.0,33.1,0.0,53.2,0.0,"3,237.3",0.0
Employees,   Males,Total,Total,Aug-82,"1,164.8",0.0,877.9,0.0,495.2,0.0,276.7,0.0,278.4,0.0,90.3,0.0,31.3,0.0,53.4,0.0,"3,268.0",0.0
Employees,   Males,Total,Total,Aug-83,"1,051.4",0.0,821.7,0.0,484.0,0.0,263.6,0.0,277.7,0.0,85.8,0.0,32.2,0.0,53.5,0.0,"3,069.8",0.0
Employees,   Males,Total,Total,Aug-84,"1,076.1",0.0,839.3,0.0,480.8,0.0,268.4,0.0,281.9,0.0,89.6,0.0,30.3,0.0,58.2,0.0,"3,124.4",0.0
Employees,   Males,Total,Total,Aug-85,"1,090.2",0.0,862.9,0.0,502.3,0.0,270.1,0.0,294.3,0.0,89.7,0.0,36.1,0.0,56.5,0.0,"3,202.1",0.0
Employees,   Males,Total,Total,Aug-86,"1,108.8",0.0,851.4,0.0,518.4,0.0,276.6,0.0,298.6,0.0,92.1,0.0,38.6,0.0,63.4,0.0,"3,247.8",0.0
Employees,   Males,Total,Total,Aug-87,"1,130.7",0.0,883.5,0.0,520.4,0.0,273.5,0.0,314.2,0.0,88.7,0.0,36.6,0.0,62.3,0.0,"3,309.9",0.0
Employees,   Males,Total,Total,Aug-88,"1,165.8",0.0,874.8,0.0,549.4,0.0,277.3,0.0,323.0,0.0,93.6,0.0,34.8,0.0,64.5,0.0,"3,383.3",0.0
Employees,   Males,Total,Total,Aug-89,"1,206.3",0.0,916.6,0.0,578.9,0.0,291.6,0.0,329.2,0.0,95.1,0.0,33.5,0.0,63.8,0.0,"3,515.0",0.0
Employees,   Males,Total,Total,Aug-90,"1,203.4",0.0,919.2,0.0,570.7,0.0,295.0,0.0,321.3,0.0,93.2,0.0,35.0,0.0,68.5,0.0,"3,506.4",0.0
Employees,   Males,Total,Total,Jul-91,"1,161.3",0.0,844.5,0.0,552.8,0.0,269.6,0.0,311.3,0.0,89.2,0.0,36.6,0.0,63.4,0.0,"3,328.7",0.0
Employees,   Males,Total,Total,Aug-92,"1,133.8",1.2,837.6,1.2,563.5,1.2,263.3,1.4,315.9,1.7,84.0,2.1,29.0,11.9,67.4,2.2,"3,294.4",0.6
Employees,   Males,Total,Total,Aug-93,"1,110.2",1.3,828.7,1.3,585.6,1.7,259.4,2.0,333.3,1.9,83.3,2.2,34.3,8.7,68.9,2.2,"3,303.5",0.8
Employees,   Males,Total,Total,Aug-94,"1,144.3",1.6,860.8,1.3,608.3,1.5,269.8,2.1,341.3,1.6,84.7,2.2,33.4,8.4,69.9,2.2,"3,412.5",0.7
Employees,   Males,Total,Total,Aug-95,"1,204.9",1.3,860.2,1.2,621.9,2.0,264.9,1.7,343.6,1.2,85.0,3.1,34.4,6.1,70.1,2.6,"3,485.0",0.8
Employees,   Males,Total,Total,Aug-96,"1,204.7",1.2,920.7,1.2,645.3,1.3,267.2,1.6,357.3,2.0,88.1,2.2,36.5,8.1,70.5,2.9,"3,590.5",0.6
Employees,   Males,Total,Total,Aug-97,"1,201.0",1.5,873.2,1.4,622.6,1.1,270.2,1.4,357.8,1.8,85.2,2.5,34.5,9.3,68.3,2.2,"3,512.8",0.6
Employees,   Males,Total,Total,Aug-98,"1,227.7",1.3,907.0,1.5,649.4,1.5,277.1,1.8,360.8,1.8,81.9,3.5,32.5,9.4,70.9,1.8,"3,607.3",0.7
Employees,   Males,Total,Total,Aug-99,"1,228.9",1.2,899.6,1.4,657.2,1.8,274.0,1.8,365.6,2.0,81.3,2.6,35.9,8.0,69.9,2.1,"3,612.4",0.8
Employees,   Males,Total,Total,Aug-00,"1,266.9",1.3,933.0,1.3,667.3,1.6,284.3,2.0,375.5,2.0,82.9,1.9,33.2,12.0,71.4,3.2,"3,714.6",0.7
Employees,   Males,Total,Total,Aug-01,"1,251.1",1.2,955.0,1.0,660.5,1.8,277.1,2.2,370.2,2.2,81.2,3.2,33.6,9.2,74.2,1.8,"3,703.0",0.8
Employees,   Males,Total,Total,Aug-02,"1,283.2",1.1,943.1,1.2,698.7,1.8,283.4,2.1,374.8,2.3,83.3,2.9,37.1,8.4,73.6,2.4,"3,777.0",0.8
Employees,   Males,Total,Total,Aug-03,"1,307.3",2.4,965.2,4.6,706.7,3.2,297.2,2.3,378.4,6.7,89.7,6.7,33.7,8.4,77.0,1.8,"3,855.1",3.3
Employees,   Males,Total,Total,Aug-04,"1,260.5",1.5,988.0,1.7,760.4,1.4,296.9,2.4,386.0,2.0,90.0,2.1,37.8,9.6,76.8,1.6,"3,896.3",0.8
Employees,   Males,Total,Total,Aug-05,"1,299.1",1.4,"1,026.8",1.2,793.3,1.7,310.1,2.1,419.1,1.3,91.9,1.9,34.5,8.8,79.3,1.8,"4,054.1",0.6
Employees,   Males,Total,Total,Aug-06,"1,350.5",1.3,"1,040.4",1.1,832.6,1.0,315.6,2.0,446.5,2.3,91.6,2.7,37.1,8.4,82.9,1.9,"4,197.1",0.7
Employees,   Males,Total,Total,Aug-07,"1,388.9",1.2,"1,108.7",1.2,859.7,1.4,312.4,2.2,465.0,1.7,99.7,2.0,36.0,8.4,86.5,2.7,"4,356.9",0.6
Employees,   Males,Total,Total,Aug-08,"1,446.1",1.5,"1,126.5",1.9,874.3,2.1,332.7,1.9,503.5,1.9,104.0,2.6,40.5,9.8,87.3,2.6,"4,514.9",0.8
Employees,   Males,Total,Total,Aug-09,"1,418.1",1.5,"1,106.7",1.7,911.4,2.2,313.9,2.7,499.3,2.0,98.9,3.7,52.8,5.4,86.2,2.2,"4,487.3",0.6
Employees,   Males,Total,Total,Aug-10,"1,431.1",1.3,"1,148.1",1.8,936.4,1.2,327.3,1.7,525.4,1.6,95.7,2.3,52.8,4.6,89.2,2.6,"4,605.9",0.6
Employees,   Males,Total,Total,Aug-11,"1,485.8",1.4,"1,180.2",1.3,942.6,1.3,341.8,2.3,540.5,2.0,98.7,2.4,50.2,5.5,91.4,2.2,"4,731.3",0.6
Employees,   Males,Total,Total,Aug-12,"1,482.5",1.4,"1,181.1",1.6,981.6,1.5,334.1,1.9,585.8,1.7,98.9,2.5,55.2,4.4,93.6,3.3,"4,812.9",0.7
Employees,   Males,Total,Total,Aug-13,"1,527.1",1.3,"1,172.8",1.6,970.1,1.7,343.2,1.9,581.6,1.7,94.9,2.4,60.5,3.7,96.6,3.1,"4,846.7",0.7
Employees,   Males,Total,Total,Aug-14,"1,523.9",1.5,"1,187.8",1.3,935.3,1.3,334.4,1.7,560.9,2.1,100.9,2.6,49.9,5.4,91.8,2.5,"4,784.8",0.8
Employees,   Males,Total,Total,Aug-15,"1,570.4",1.2,"1,235.9",1.4,970.6,1.8,330.9,2.3,558.6,2.0,103.0,2.4,52.4,4.5,88.8,5.0,"4,910.6",0.7
Employees,   Males,Total,Total,Aug-16,"1,615.6",1.1,"1,285.6",1.3,938.2,1.6,327.9,2.4,545.9,1.9,102.2,2.4,51.4,4.1,94.7,3.1,"4,961.4",0.5
Employees,   Males,Total,Total,Aug-17,"1,591.5",1.2,"1,293.6",1.1,987.6,1.4,342.5,1.8,525.6,1.7,100.3,2.2,47.5,2.5,91.9,3.0,"4,980.5",0.4
Employees,   Males,Total,Total,Aug-18,"1,649.0",1.0,"1,347.6",1.3,"1,013.4",1.5,338.3,2.6,555.9,1.8,104.8,2.5,47.4,2.8,99.8,2.8,"5,156.1",0.6
Employees,   Males,Total,Total,Aug-19,"1,710.1",1.3,"1,394.8",1.3,984.9,1.2,340.2,2.0,554.8,1.5,105.4,2.5,45.7,3.1,103.2,2.5,"5,239.1",0.6
Employees,   Males,Total,Total,Aug-20,"1,612.4",1.3,"1,330.6",1.1,975.3,1.7,344.8,1.8,575.0,1.4,105.9,2.3,45.8,3.3,103.5,2.5,"5,093.3",0.6
Employees,   Males,Total,Total,Aug-21,"1,580.3",1.5,"1,382.7",1.6,"1,047.9",1.6,365.2,2.0,590.1,1.9,114.9,1.9,45.8,2.7,104.6,2.5,"5,231.5",0.8
Employees,   Males,Total,Total,Aug-22,"1,748.3",1.3,"1,452.8",1.3,"1,123.4",1.6,360.7,1.4,621.4,1.3,114.7,2.2,47.8,3.0,109.9,2.0,"5,579.1",0.7
Employees,   Males,Total,Total,Aug-23,"1,808.5",1.2,"1,512.2",1.1,"1,144.7",1.3,388.9,1.6,634.1,1.8,118.1,2.5,49.4,2.2,115.8,2.1,"5,771.7",0.6
Employees,   Males,Total,Total,Aug-24,"1,879.8",1.2,"1,611.8",1.3,"1,196.8",1.4,393.6,1.8,672.6,1.5,111.2,1.8,47.2,2.9,117.2,2.9,"6,030.1",0.5
Employees,   Females,Full-time,With leave entitlements,Aug-75,0.0,0.0,0.0,0.0,0.0,0.0,0.0,0.0,0.0,0.0,0.0,0.0,0.0,0.0,0.0,0.0,0.0,0.0
Employees,   Females,Full-time,With leave entitlements,Aug-76,0.0,0.0,0.0,0.0,0.0,0.0,0.0,0.0,0.0,0.0,0.0,0.0,0.0,0.0,0.0,0.0,0.0,0.0
Employees,   Females,Full-time,With leave entitlements,Aug-77,0.0,0.0,0.0,0.0,0.0,0.0,0.0,0.0,0.0,0.0,0.0,0.0,0.0,0.0,0.0,0.0,0.0,0.0
Employees,   Females,Full-time,With leave entitlements,Aug-78,0.0,0.0,0.0,0.0,0.0,0.0,0.0,0.0,0.0,0.0,0.0,0.0,0.0,0.0,0.0,0.0,0.0,0.0
Employees,   Females,Full-time,With leave entitlements,Aug-79,0.0,0.0,0.0,0.0,0.0,0.0,0.0,0.0,0.0,0.0,0.0,0.0,0.0,0.0,0.0,0.0,0.0,0.0
Employees,   Females,Full-time,With leave entitlements,Aug-80,0.0,0.0,0.0,0.0,0.0,0.0,0.0,0.0,0.0,0.0,0.0,0.0,0.0,0.0,0.0,0.0,0.0,0.0
Employees,   Females,Full-time,With leave entitlements,Aug-81,0.0,0.0,0.0,0.0,0.0,0.0,0.0,0.0,0.0,0.0,0.0,0.0,0.0,0.0,0.0,0.0,0.0,0.0
Employees,   Females,Full-time,With leave entitlements,Aug-82,0.0,0.0,0.0,0.0,0.0,0.0,0.0,0.0,0.0,0.0,0.0,0.0,0.0,0.0,0.0,0.0,0.0,0.0
Employees,   Females,Full-time,With leave entitlements,Aug-83,0.0,0.0,0.0,0.0,0.0,0.0,0.0,0.0,0.0,0.0,0.0,0.0,0.0,0.0,0.0,0.0,0.0,0.0
Employees,   Females,Full-time,With leave entitlements,Aug-84,0.0,0.0,0.0,0.0,0.0,0.0,0.0,0.0,0.0,0.0,0.0,0.0,0.0,0.0,0.0,0.0,"1,295.8",0.0
Employees,   Females,Full-time,With leave entitlements,Aug-85,0.0,0.0,0.0,0.0,0.0,0.0,0.0,0.0,0.0,0.0,0.0,0.0,0.0,0.0,0.0,0.0,"1,326.7",0.0
Employees,   Females,Full-time,With leave entitlements,Aug-86,0.0,0.0,0.0,0.0,0.0,0.0,0.0,0.0,0.0,0.0,0.0,0.0,0.0,0.0,0.0,0.0,0.0,0.0
Employees,   Females,Full-time,With leave entitlements,Aug-87,0.0,0.0,0.0,0.0,0.0,0.0,0.0,0.0,0.0,0.0,0.0,0.0,0.0,0.0,0.0,0.0,"1,406.7",0.0
Employees,   Females,Full-time,With leave entitlements,Aug-88,0.0,0.0,0.0,0.0,0.0,0.0,0.0,0.0,0.0,0.0,0.0,0.0,0.0,0.0,0.0,0.0,"1,508.2",0.0
Employees,   Females,Full-time,With leave entitlements,Aug-89,563.9,0.0,444.6,0.0,244.5,0.0,119.9,0.0,140.7,0.0,35.8,0.0,18.6,0.0,38.4,0.0,"1,606.4",0.0
Employees,   Females,Full-time,With leave entitlements,Aug-90,600.7,0.0,466.2,0.0,250.2,0.0,118.1,0.0,144.4,0.0,36.8,0.0,17.3,0.0,42.2,0.0,"1,676.0",0.0
Employees,   Females,Full-time,With leave entitlements,Jul-91,0.0,0.0,0.0,0.0,0.0,0.0,0.0,0.0,0.0,0.0,0.0,0.0,0.0,0.0,0.0,0.0,"1,546.8",0.0
Employees,   Females,Full-time,With leave entitlements,Aug-92,558.3,1.6,405.6,1.9,246.8,2.2,109.0,2.6,141.8,2.1,34.4,4.3,17.1,12.9,36.5,5.0,"1,549.5",0.8
Employees,   Females,Full-time,With leave entitlements,Aug-93,546.1,1.8,405.7,2.3,251.3,2.8,116.9,3.2,139.2,2.3,32.8,3.7,19.7,8.1,39.6,3.3,"1,551.3",1.0
Employees,   Females,Full-time,With leave entitlements,Aug-94,575.6,2.0,393.7,2.1,266.5,1.9,116.3,2.6,148.5,4.1,33.2,4.8,18.0,10.5,43.0,3.3,"1,594.8",1.2
Employees,   Females,Full-time,With leave entitlements,Aug-95,594.9,2.4,423.6,1.7,282.5,2.9,117.6,3.4,155.9,2.1,34.4,4.5,19.1,7.8,41.0,3.0,"1,668.9",1.2
Employees,   Females,Full-time,With leave entitlements,Aug-96,585.0,1.3,421.9,2.3,287.0,2.2,110.9,3.0,156.1,2.2,30.9,5.0,18.3,7.9,38.7,3.4,"1,648.9",0.9
Employees,   Females,Full-time,With leave entitlements,Aug-97,576.1,2.4,413.8,1.7,270.7,2.4,103.0,4.0,151.3,2.8,30.8,4.5,19.6,12.1,41.6,3.6,"1,606.9",1.0
Employees,   Females,Full-time,With leave entitlements,Aug-98,597.5,2.2,421.1,3.1,280.1,3.2,109.3,3.0,160.1,3.3,32.5,4.2,20.9,13.2,40.9,3.1,"1,662.5",1.3
Employees,   Females,Full-time,With leave entitlements,Aug-99,607.3,2.1,427.7,2.5,289.3,2.4,108.8,3.9,161.9,3.0,33.9,4.3,20.5,9.3,43.6,3.8,"1,693.0",1.0
Employees,   Females,Full-time,With leave entitlements,Aug-00,649.8,1.7,444.8,2.0,303.2,2.4,114.4,3.2,170.4,3.2,33.8,3.6,21.1,9.2,47.3,4.0,"1,784.8",0.7
Employees,   Females,Full-time,With leave entitlements,Aug-01,654.8,1.9,445.1,2.0,304.9,2.5,117.6,2.8,160.6,2.9,32.5,6.1,21.1,10.2,45.9,4.0,"1,782.6",0.9
Employees,   Females,Full-time,With leave entitlements,Aug-02,629.0,1.8,450.6,2.1,316.2,2.9,114.4,3.6,157.7,3.3,34.7,5.1,23.9,9.0,48.1,4.0,"1,774.4",1.0
Employees,   Females,Full-time,With leave entitlements,Aug-03,620.7,7.4,433.5,14.0,314.2,4.7,125.9,8.4,156.5,9.2,35.6,4.8,20.4,13.3,46.6,12.0,"1,753.4",8.4
Employees,   Females,Full-time,With leave entitlements,Aug-04,624.0,2.4,455.4,2.3,337.7,2.7,114.1,4.0,162.1,3.8,36.5,5.7,23.8,10.2,45.7,3.6,"1,799.2",1.3
Employees,   Females,Full-time,With leave entitlements,Aug-05,611.7,3.1,476.2,2.2,361.0,2.7,129.2,3.0,175.2,3.6,39.8,4.2,21.2,11.0,48.4,2.7,"1,862.6",1.5
Employees,   Females,Full-time,With leave entitlements,Aug-06,644.5,1.9,490.5,2.3,373.5,2.1,133.5,3.5,185.9,3.4,40.3,4.7,23.9,9.9,54.1,3.0,"1,946.1",1.0
Employees,   Females,Full-time,With leave entitlements,Aug-07,651.2,3.4,497.2,1.8,401.9,2.7,136.6,3.0,198.1,2.6,37.1,5.8,22.4,9.5,52.9,3.5,"1,997.4",1.6
Employees,   Females,Full-time,With leave entitlements,Aug-08,694.9,1.8,500.6,2.9,413.1,3.3,133.1,4.5,223.2,3.6,41.8,4.6,27.3,7.7,52.8,3.6,"2,086.7",1.0
Employees,   Females,Full-time,With leave entitlements,Aug-09,690.1,2.5,526.6,2.0,451.3,2.5,133.2,4.2,217.3,4.4,42.4,6.6,29.8,6.4,54.4,4.1,"2,145.1",1.3
Employees,   Females,Full-time,With leave entitlements,Aug-10,686.0,2.0,532.6,2.0,429.8,3.1,142.8,3.7,221.1,3.1,40.8,3.6,30.6,6.2,53.9,3.8,"2,137.5",1.1
Employees,   Females,Full-time,With leave entitlements,Aug-11,691.8,2.8,541.7,2.6,437.2,3.0,138.0,3.6,228.9,2.4,41.3,6.5,30.6,4.4,56.4,3.5,"2,165.9",1.5
Employees,   Females,Full-time,With leave entitlements,Aug-12,721.0,2.2,551.3,2.1,460.7,3.3,143.6,4.3,249.1,3.1,39.4,6.2,36.3,5.0,61.0,3.9,"2,262.4",1.5
Employees,   Females,Full-time,With leave entitlements,Aug-13,732.8,2.2,538.7,2.4,449.6,3.4,140.8,3.1,253.4,3.2,41.1,4.8,35.4,5.1,59.5,6.5,"2,251.2",1.1
Employees,   Females,Full-time,With leave entitlements,Aug-14,724.9,2.0,557.8,2.8,453.2,3.0,142.6,4.0,235.1,3.2,40.5,2.9,32.1,6.5,57.8,3.9,"2,243.9",1.2
Employees,   Females,Full-time,With leave entitlements,Aug-15,761.7,2.3,544.2,2.5,461.9,3.1,136.7,4.1,237.0,4.7,43.1,4.0,33.4,5.0,58.8,4.9,"2,276.8",1.4
Employees,   Females,Full-time,With leave entitlements,Aug-16,764.7,2.0,592.4,3.0,468.4,3.4,142.2,3.8,222.4,4.2,40.3,4.6,31.4,4.9,61.0,2.8,"2,322.8",1.2
Employees,   Females,Full-time,With leave entitlements,Aug-17,794.7,2.4,609.1,1.8,467.1,2.7,140.6,3.5,227.9,3.4,40.5,4.8,31.4,4.0,58.5,4.3,"2,369.9",1.2
Employees,   Females,Full-time,With leave entitlements,Aug-18,820.7,2.3,623.8,2.8,490.4,3.2,145.9,3.2,250.7,2.5,42.9,4.3,31.9,4.2,57.4,4.9,"2,463.7",1.4
Employees,   Females,Full-time,With leave entitlements,Aug-19,863.1,2.6,651.5,2.0,499.1,3.0,149.2,2.8,241.0,3.6,43.4,5.1,31.4,4.6,63.5,4.8,"2,542.2",1.4
Employees,   Females,Full-time,With leave entitlements,Aug-20,849.5,2.5,647.1,3.0,496.9,2.9,156.4,2.8,239.7,3.0,41.0,3.9,31.4,4.9,62.6,3.8,"2,524.6",1.2
Employees,   Females,Full-time,With leave entitlements,Aug-21,867.3,1.8,665.7,2.2,512.8,2.5,161.4,3.0,255.2,3.7,46.7,4.5,30.9,3.6,66.6,4.6,"2,606.6",1.0
Employees,   Females,Full-time,With leave entitlements,Aug-22,928.1,1.9,764.6,2.4,559.9,2.9,161.3,3.4,290.9,3.8,51.3,5.0,31.7,4.3,70.1,4.7,"2,858.1",1.2
Employees,   Females,Full-time,With leave entitlements,Aug-23,"1,002.6",2.2,811.1,2.1,608.9,2.9,179.6,3.3,297.1,3.5,54.4,3.6,34.6,4.4,76.4,2.9,"3,064.7",1.1
Employees,   Females,Full-time,With leave entitlements,Aug-24,"1,031.9",2.3,817.7,1.8,626.0,2.8,178.4,3.4,325.5,2.9,53.1,3.2,37.1,4.0,81.9,3.7,"3,151.5",1.3
Employees,   Females,Full-time,Without leave entitlements,Aug-75,0.0,0.0,0.0,0.0,0.0,0.0,0.0,0.0,0.0,0.0,0.0,0.0,0.0,0.0,0.0,0.0,0.0,0.0
Employees,   Females,Full-time,Without leave entitlements,Aug-76,0.0,0.0,0.0,0.0,0.0,0.0,0.0,0.0,0.0,0.0,0.0,0.0,0.0,0.0,0.0,0.0,0.0,0.0
Employees,   Females,Full-time,Without leave entitlements,Aug-77,0.0,0.0,0.0,0.0,0.0,0.0,0.0,0.0,0.0,0.0,0.0,0.0,0.0,0.0,0.0,0.0,0.0,0.0
Employees,   Females,Full-time,Without leave entitlements,Aug-78,0.0,0.0,0.0,0.0,0.0,0.0,0.0,0.0,0.0,0.0,0.0,0.0,0.0,0.0,0.0,0.0,0.0,0.0
Employees,   Females,Full-time,Without leave entitlements,Aug-79,0.0,0.0,0.0,0.0,0.0,0.0,0.0,0.0,0.0,0.0,0.0,0.0,0.0,0.0,0.0,0.0,0.0,0.0
Employees,   Females,Full-time,Without leave entitlements,Aug-80,0.0,0.0,0.0,0.0,0.0,0.0,0.0,0.0,0.0,0.0,0.0,0.0,0.0,0.0,0.0,0.0,0.0,0.0
Employees,   Females,Full-time,Without leave entitlements,Aug-81,0.0,0.0,0.0,0.0,0.0,0.0,0.0,0.0,0.0,0.0,0.0,0.0,0.0,0.0,0.0,0.0,0.0,0.0
Employees,   Females,Full-time,Without leave entitlements,Aug-82,0.0,0.0,0.0,0.0,0.0,0.0,0.0,0.0,0.0,0.0,0.0,0.0,0.0,0.0,0.0,0.0,0.0,0.0
Employees,   Females,Full-time,Without leave entitlements,Aug-83,0.0,0.0,0.0,0.0,0.0,0.0,0.0,0.0,0.0,0.0,0.0,0.0,0.0,0.0,0.0,0.0,0.0,0.0
Employees,   Females,Full-time,Without leave entitlements,Aug-84,0.0,0.0,0.0,0.0,0.0,0.0,0.0,0.0,0.0,0.0,0.0,0.0,0.0,0.0,0.0,0.0,86.6,0.0
Employees,   Females,Full-time,Without leave entitlements,Aug-85,0.0,0.0,0.0,0.0,0.0,0.0,0.0,0.0,0.0,0.0,0.0,0.0,0.0,0.0,0.0,0.0,95.6,0.0
Employees,   Females,Full-time,Without leave entitlements,Aug-86,0.0,0.0,0.0,0.0,0.0,0.0,0.0,0.0,0.0,0.0,0.0,0.0,0.0,0.0,0.0,0.0,0.0,0.0
Employees,   Females,Full-time,Without leave entitlements,Aug-87,0.0,0.0,0.0,0.0,0.0,0.0,0.0,0.0,0.0,0.0,0.0,0.0,0.0,0.0,0.0,0.0,107.8,0.0
Employees,   Females,Full-time,Without leave entitlements,Aug-88,0.0,0.0,0.0,0.0,0.0,0.0,0.0,0.0,0.0,0.0,0.0,0.0,0.0,0.0,0.0,0.0,85.3,0.0
Employees,   Females,Full-time,Without leave entitlements,Aug-89,40.5,0.0,25.4,0.0,27.2,0.0,11.6,0.0,7.8,0.0,2.4,0.0,2.1,0.0,2.8,0.0,119.9,0.0
Employees,   Females,Full-time,Without leave entitlements,Aug-90,37.6,0.0,23.3,0.0,23.8,0.0,15.2,0.0,9.0,0.0,4.1,0.0,1.5,0.0,2.4,0.0,116.8,0.0
Employees,   Females,Full-time,Without leave entitlements,Jul-91,0.0,0.0,0.0,0.0,0.0,0.0,0.0,0.0,0.0,0.0,0.0,0.0,0.0,0.0,0.0,0.0,108.9,0.0
Employees,   Females,Full-time,Without leave entitlements,Aug-92,45.7,7.4,22.8,8.1,30.2,7.8,12.6,13.4,8.8,11.1,2.6,14.4,1.4,38.7,2.5,20.7,126.7,4.3
Employees,   Females,Full-time,Without leave entitlements,Aug-93,53.6,6.9,20.3,11.2,32.2,8.1,11.3,13.5,8.4,14.4,4.3,13.5,2.0,26.4,3.0,16.5,135.0,3.3
Employees,   Females,Full-time,Without leave entitlements,Aug-94,49.1,8.6,30.2,9.9,32.1,9.5,14.5,13.2,11.0,12.6,2.8,18.2,2.4,23.3,2.1,25.7,144.0,4.7
Employees,   Females,Full-time,Without leave entitlements,Aug-95,51.6,10.1,35.4,10.0,39.2,10.9,14.5,12.9,11.0,13.0,4.4,16.0,2.0,24.3,2.2,19.7,160.3,4.8
Employees,   Females,Full-time,Without leave entitlements,Aug-96,63.8,7.1,28.6,9.5,35.1,8.6,16.3,10.8,17.1,10.8,3.9,17.6,2.9,19.8,2.2,16.7,169.8,3.9
Employees,   Females,Full-time,Without leave entitlements,Aug-97,55.4,11.3,35.7,7.8,37.8,11.4,19.3,12.6,14.4,12.7,2.8,17.4,2.5,20.7,2.7,13.9,170.6,6.4
Employees,   Females,Full-time,Without leave entitlements,Aug-98,58.8,10.1,39.5,9.7,45.5,6.7,17.9,8.6,15.1,11.3,3.2,24.9,1.5,24.4,2.9,20.6,184.4,4.6
Employees,   Females,Full-time,Without leave entitlements,Aug-99,59.3,9.1,35.8,11.4,35.5,7.3,23.1,9.2,17.6,9.8,3.3,17.3,2.0,19.0,3.0,15.3,179.5,3.9
Employees,   Females,Full-time,Without leave entitlements,Aug-00,63.8,5.9,50.5,7.6,46.2,9.2,22.8,10.1,18.8,9.1,3.6,18.3,2.7,32.5,3.7,15.2,212.1,4.0
Employees,   Females,Full-time,Without leave entitlements,Aug-01,54.3,8.3,40.5,11.3,43.5,9.3,16.1,8.4,23.9,10.1,3.9,13.3,3.2,22.9,2.8,15.4,188.1,4.5
Employees,   Females,Full-time,Without leave entitlements,Aug-02,70.4,9.4,35.7,8.9,39.9,8.1,19.7,9.1,19.6,9.7,3.6,13.5,3.0,23.0,3.0,26.3,194.8,3.3
Employees,   Females,Full-time,Without leave entitlements,Aug-03,56.2,12.7,43.8,16.9,39.0,9.6,13.8,12.1,17.7,13.8,4.5,15.7,2.0,37.8,2.5,23.0,179.4,9.0
Employees,   Females,Full-time,Without leave entitlements,Aug-04,61.4,9.1,42.3,10.4,42.3,9.9,19.5,10.2,14.0,13.7,3.4,15.3,3.1,31.9,3.8,13.4,189.9,4.3
Employees,   Females,Full-time,Without leave entitlements,Aug-05,67.6,7.9,41.2,9.5,40.4,11.0,18.2,11.1,19.6,11.6,3.4,19.5,3.5,25.7,3.5,25.7,197.5,3.8
Employees,   Females,Full-time,Without leave entitlements,Aug-06,68.8,9.0,37.8,8.5,58.2,6.8,15.9,9.0,19.0,10.7,4.1,19.9,2.4,19.2,2.5,24.7,208.6,4.2
Employees,   Females,Full-time,Without leave entitlements,Aug-07,69.7,9.5,50.1,8.7,47.5,10.6,17.4,12.6,20.1,11.8,4.5,12.9,1.7,31.6,3.0,21.5,214.0,5.3
Employees,   Females,Full-time,Without leave entitlements,Aug-08,52.1,12.0,47.0,13.1,51.2,11.8,19.8,13.9,17.0,19.3,4.5,13.9,1.5,30.4,4.6,23.9,197.7,6.4
Employees,   Females,Full-time,Without leave entitlements,Aug-09,58.5,13.1,29.0,16.8,39.6,13.9,20.7,15.2,20.0,18.6,4.4,21.7,3.5,21.4,3.9,23.5,179.6,7.0
Employees,   Females,Full-time,Without leave entitlements,Aug-10,65.5,11.0,46.4,9.2,53.6,10.3,16.8,12.0,22.2,11.3,3.9,21.5,3.1,20.2,3.8,17.6,215.4,4.8
Employees,   Females,Full-time,Without leave entitlements,Aug-11,59.9,9.3,47.9,9.9,54.1,9.9,18.9,16.0,22.4,11.8,4.2,13.8,3.0,32.7,3.6,22.7,214.0,4.9
Employees,   Females,Full-time,Without leave entitlements,Aug-12,67.7,8.6,48.3,8.7,40.9,11.3,13.6,18.0,25.5,10.1,3.4,24.9,2.8,19.9,2.6,26.5,204.7,4.6
Employees,   Females,Full-time,Without leave entitlements,Aug-13,53.1,12.1,44.3,13.7,62.2,9.7,14.2,21.0,21.2,13.6,3.3,19.1,3.2,20.8,1.9,30.0,203.3,5.7
Employees,   Females,Full-time,Without leave entitlements,Aug-14,57.2,9.6,45.4,12.2,47.1,11.7,13.3,18.4,26.0,12.3,3.1,21.4,2.3,24.6,2.6,24.4,197.0,5.6
Employees,   Females,Full-time,Without leave entitlements,Aug-15,75.2,8.3,43.7,13.4,56.3,10.0,15.7,13.2,24.0,15.4,2.1,26.4,3.2,21.1,2.6,29.0,222.9,4.0
Employees,   Females,Full-time,Without leave entitlements,Aug-16,84.8,10.1,48.8,10.7,51.1,11.4,15.3,17.3,23.2,17.0,3.0,22.5,2.6,28.2,3.9,22.6,232.7,5.2
Employees,   Females,Full-time,Without leave entitlements,Aug-17,91.3,9.7,54.2,11.7,51.9,10.3,14.1,11.4,28.2,13.6,3.4,19.8,1.5,28.3,3.8,23.9,248.4,5.3
Employees,   Females,Full-time,Without leave entitlements,Aug-18,80.3,9.3,55.9,12.5,55.0,11.9,16.4,15.1,22.0,16.8,4.6,16.8,2.6,17.8,4.9,18.5,241.6,5.4
Employees,   Females,Full-time,Without leave entitlements,Aug-19,71.3,9.1,65.1,9.0,55.2,11.3,18.3,15.5,24.6,17.4,5.0,23.2,3.0,19.3,3.2,26.7,245.6,4.2
Employees,   Females,Full-time,Without leave entitlements,Aug-20,70.4,10.4,50.2,11.9,45.9,14.5,14.0,18.1,20.5,17.2,3.9,18.7,2.3,29.7,7.1,15.6,214.2,5.5
Employees,   Females,Full-time,Without leave entitlements,Aug-21,78.9,10.2,54.1,11.4,61.1,9.9,16.8,12.7,26.7,16.8,5.0,21.6,2.5,20.7,6.2,17.0,251.2,4.7
Employees,   Females,Full-time,Without leave entitlements,Aug-22,92.2,10.6,60.7,10.5,83.7,9.8,22.5,12.5,30.2,11.2,5.0,10.6,4.0,19.6,8.5,17.3,306.7,4.2
Employees,   Females,Full-time,Without leave entitlements,Aug-23,73.0,9.0,52.3,11.0,58.8,11.6,24.5,10.7,30.4,15.5,4.5,24.8,3.5,17.6,5.0,24.1,252.0,4.0
Employees,   Females,Full-time,Without leave entitlements,Aug-24,81.8,8.9,53.4,11.2,77.2,8.1,16.2,15.9,28.4,13.2,4.9,19.0,2.5,20.7,3.9,27.6,268.3,4.4
Employees,   Females,Full-time,Total,Aug-75,445.4,0.0,342.2,0.0,164.4,0.0,110.9,0.0,93.4,0.0,31.0,0.0,8.9,0.0,24.9,0.0,"1,221.0",0.0
Employees,   Females,Full-time,Total,Aug-76,431.5,0.0,350.8,0.0,155.9,0.0,112.5,0.0,95.5,0.0,31.1,0.0,8.5,0.0,21.6,0.0,"1,207.4",0.0
Employees,   Females,Full-time,Total,Aug-77,454.6,0.0,358.1,0.0,166.3,0.0,112.6,0.0,94.8,0.0,30.8,0.0,7.9,0.0,23.7,0.0,"1,248.8",0.0
Employees,   Females,Full-time,Total,Aug-78,458.2,0.0,360.9,0.0,166.7,0.0,110.9,0.0,99.4,0.0,29.7,0.0,8.6,0.0,26.7,0.0,"1,261.1",0.0
Employees,   Females,Full-time,Total,Aug-79,450.1,0.0,355.8,0.0,174.4,0.0,106.7,0.0,97.4,0.0,33.9,0.0,9.3,0.0,24.1,0.0,"1,251.6",0.0
Employees,   Females,Full-time,Total,Aug-80,470.0,0.0,365.1,0.0,172.7,0.0,108.5,0.0,102.0,0.0,32.2,0.0,11.5,0.0,26.4,0.0,"1,288.4",0.0
Employees,   Females,Full-time,Total,Aug-81,479.1,0.0,397.8,0.0,184.0,0.0,110.4,0.0,106.6,0.0,32.8,0.0,12.1,0.0,27.1,0.0,"1,349.8",0.0
Employees,   Females,Full-time,Total,Aug-82,474.4,0.0,308.9,0.0,191.9,0.0,106.6,0.0,106.5,0.0,32.4,0.0,14.2,0.0,24.3,0.0,"1,331.3",0.0
Employees,   Females,Full-time,Total,Aug-83,470.6,0.0,372.1,0.0,193.4,0.0,105.2,0.0,111.1,0.0,31.0,0.0,16.9,0.0,29.7,0.0,"1,330.0",0.0
Employees,   Females,Full-time,Total,Aug-84,505.4,0.0,373.5,0.0,202.1,0.0,108.7,0.0,119.4,0.0,30.6,0.0,13.6,0.0,29.0,0.0,"1,382.4",0.0
Employees,   Females,Full-time,Total,Aug-85,506.0,0.0,393.0,0.0,205.1,0.0,112.9,0.0,120.2,0.0,34.3,0.0,17.5,0.0,33.4,0.0,"1,422.3",0.0
Employees,   Females,Full-time,Total,Aug-86,514.1,0.0,409.7,0.0,224.7,0.0,117.2,0.0,131.3,0.0,34.8,0.0,19.2,0.0,36.0,0.0,"1,487.0",0.0
Employees,   Females,Full-time,Total,Aug-87,529.2,0.0,421.7,0.0,225.4,0.0,112.5,0.0,136.2,0.0,35.1,0.0,19.0,0.0,35.4,0.0,"1,514.5",0.0
Employees,   Females,Full-time,Total,Aug-88,569.8,0.0,436.2,0.0,235.4,0.0,122.7,0.0,134.4,0.0,35.4,0.0,20.8,0.0,38.8,0.0,"1,593.5",0.0
Employees,   Females,Full-time,Total,Aug-89,604.4,0.0,470.0,0.0,271.7,0.0,131.5,0.0,148.6,0.0,38.2,0.0,20.7,0.0,41.2,0.0,"1,726.3",0.0
Employees,   Females,Full-time,Total,Aug-90,638.3,0.0,489.5,0.0,274.0,0.0,133.2,0.0,153.4,0.0,40.8,0.0,18.8,0.0,44.6,0.0,"1,792.7",0.0
Employees,   Females,Full-time,Total,Jul-91,582.9,0.0,439.1,0.0,264.9,0.0,125.8,0.0,140.1,0.0,38.3,0.0,23.2,0.0,41.4,0.0,"1,655.6",0.0
Employees,   Females,Full-time,Total,Aug-92,604.0,1.5,428.5,1.9,277.0,2.2,121.6,2.3,150.6,1.9,37.0,4.0,18.5,13.2,38.9,4.8,"1,676.2",0.8
Employees,   Females,Full-time,Total,Aug-93,599.7,1.6,425.9,2.3,283.5,2.5,128.2,2.9,147.6,2.2,37.1,3.4,21.6,8.3,42.6,3.1,"1,686.3",1.0
Employees,   Females,Full-time,Total,Aug-94,624.7,1.9,423.8,2.0,298.6,1.8,130.8,2.7,159.4,3.6,36.0,3.9,20.4,10.0,45.1,3.0,"1,738.9",1.2
Employees,   Females,Full-time,Total,Aug-95,646.5,2.3,459.0,1.4,321.7,2.5,132.0,3.5,166.9,2.0,38.7,4.0,21.1,7.9,43.2,3.0,"1,829.3",0.9
Employees,   Females,Full-time,Total,Aug-96,648.9,1.4,450.5,2.3,322.1,2.1,127.3,2.8,173.2,2.0,34.8,4.9,21.2,7.4,40.8,3.0,"1,818.8",1.0
Employees,   Females,Full-time,Total,Aug-97,631.5,2.0,449.5,1.5,308.5,2.3,122.3,3.3,165.7,2.6,33.6,3.9,22.1,11.1,44.3,3.6,"1,777.5",1.0
Employees,   Females,Full-time,Total,Aug-98,656.4,2.2,460.6,2.8,325.5,2.8,127.3,2.5,175.2,3.0,35.7,4.6,22.4,12.2,43.9,3.2,"1,846.9",1.2
Employees,   Females,Full-time,Total,Aug-99,666.6,1.7,463.5,2.1,324.8,2.3,132.0,3.6,179.5,3.0,37.2,4.0,22.5,8.6,46.6,3.6,"1,872.6",0.9
Employees,   Females,Full-time,Total,Aug-00,713.7,1.7,495.3,1.9,349.4,2.4,137.2,2.5,189.2,2.8,37.5,3.1,23.7,10.1,50.9,3.3,"1,996.9",0.7
Employees,   Females,Full-time,Total,Aug-01,709.1,1.7,485.6,1.8,348.4,2.3,133.7,2.7,184.5,2.6,36.4,5.4,24.3,9.5,48.7,3.6,"1,970.6",0.8
Employees,   Females,Full-time,Total,Aug-02,699.3,1.7,486.3,2.1,356.1,2.5,134.0,2.7,177.2,3.3,38.3,4.5,26.8,9.3,51.1,3.8,"1,969.2",0.9
Employees,   Females,Full-time,Total,Aug-03,676.9,7.4,477.3,13.9,353.2,4.4,139.6,8.3,174.2,9.1,40.1,4.5,22.4,13.8,49.1,12.1,"1,932.8",8.4
Employees,   Females,Full-time,Total,Aug-04,685.4,2.5,497.8,2.0,380.1,2.5,133.6,4.0,176.0,3.2,39.9,5.0,26.9,9.7,49.5,3.5,"1,989.1",1.2
Employees,   Females,Full-time,Total,Aug-05,679.4,2.5,517.4,2.1,401.4,2.4,147.4,3.0,194.7,3.4,43.2,3.3,24.7,11.8,51.9,2.7,"2,060.1",1.3
Employees,   Females,Full-time,Total,Aug-06,713.3,1.8,528.4,2.1,431.7,2.0,149.4,3.2,204.9,3.3,44.3,4.0,26.3,9.2,56.5,2.7,"2,154.8",1.0
Employees,   Females,Full-time,Total,Aug-07,720.9,2.8,547.3,1.7,449.4,2.3,154.0,3.1,218.2,2.5,41.5,5.7,24.1,10.0,55.9,3.3,"2,211.4",1.4
Employees,   Females,Full-time,Total,Aug-08,747.0,1.9,547.6,2.8,464.3,3.0,152.9,3.9,240.2,3.4,46.3,4.0,28.8,7.7,57.4,3.1,"2,284.4",1.1
Employees,   Females,Full-time,Total,Aug-09,748.6,2.3,555.6,2.1,490.9,2.6,153.9,3.8,237.3,3.9,46.8,4.9,33.4,5.9,58.3,3.6,"2,324.8",1.1
Employees,   Females,Full-time,Total,Aug-10,751.5,1.8,579.0,1.8,483.5,2.7,159.6,3.5,243.3,2.7,44.7,3.5,33.8,6.1,57.7,3.8,"2,353.0",1.1
Employees,   Females,Full-time,Total,Aug-11,751.7,2.4,589.6,2.3,491.3,2.7,156.9,4.0,251.3,2.3,45.5,6.1,33.6,4.9,60.0,3.0,"2,379.9",1.3
Employees,   Females,Full-time,Total,Aug-12,788.6,1.9,599.6,2.2,501.7,3.1,157.2,4.4,274.6,3.1,42.8,6.3,39.0,4.2,63.6,3.7,"2,467.1",1.4
Employees,   Females,Full-time,Total,Aug-13,785.9,2.1,583.0,2.4,511.7,3.1,155.0,3.6,274.6,2.8,44.3,4.6,38.6,4.6,61.3,6.6,"2,454.6",1.1
Employees,   Females,Full-time,Total,Aug-14,782.1,2.0,603.2,2.8,500.4,2.5,155.9,3.7,261.0,2.8,43.6,2.9,34.3,6.0,60.3,3.4,"2,440.9",1.2
Employees,   Females,Full-time,Total,Aug-15,837.0,2.3,587.8,2.4,518.2,2.7,152.4,3.8,261.0,4.1,45.2,3.6,36.6,5.0,61.5,4.8,"2,499.7",1.3
Employees,   Females,Full-time,Total,Aug-16,849.6,2.0,641.1,2.8,519.6,2.6,157.5,3.4,245.6,4.2,43.3,4.4,34.0,5.0,64.9,3.1,"2,555.6",1.0
Employees,   Females,Full-time,Total,Aug-17,886.1,2.4,663.3,1.7,519.0,2.5,154.7,3.7,256.1,3.0,43.9,4.1,32.9,4.0,62.3,4.7,"2,618.2",1.2
Employees,   Females,Full-time,Total,Aug-18,901.1,1.9,679.7,2.5,545.4,2.9,162.2,3.3,272.7,2.6,47.5,3.7,34.4,4.1,62.3,4.6,"2,705.4",1.3
Employees,   Females,Full-time,Total,Aug-19,934.4,2.5,716.6,1.6,554.3,2.7,167.5,2.4,265.6,3.4,48.4,4.4,34.3,3.6,66.8,4.2,"2,787.7",1.4
Employees,   Females,Full-time,Total,Aug-20,920.0,2.2,697.3,3.1,542.8,2.7,170.3,2.7,260.2,2.7,44.9,4.0,33.7,4.4,69.7,3.0,"2,738.8",1.2
Employees,   Females,Full-time,Total,Aug-21,946.2,1.5,719.8,2.3,573.9,1.9,178.2,2.9,281.8,3.7,51.7,4.1,33.4,3.3,72.8,3.7,"2,857.7",0.9
Employees,   Females,Full-time,Total,Aug-22,"1,020.3",1.9,825.3,2.1,643.6,2.7,183.8,2.9,321.1,3.5,56.3,4.6,35.7,3.7,78.6,4.1,"3,164.8",1.2
Employees,   Females,Full-time,Total,Aug-23,"1,075.6",1.8,863.4,1.9,667.7,2.3,204.1,2.7,327.5,3.2,58.9,4.1,38.2,3.4,81.4,2.7,"3,316.7",0.9
Employees,   Females,Full-time,Total,Aug-24,"1,113.6",2.0,871.1,1.5,703.2,2.3,194.6,2.9,353.9,2.7,58.0,3.6,39.5,3.3,85.8,3.4,"3,419.8",1.1
Employees,   Females,Part-time,With leave entitlements,Aug-75,0.0,0.0,0.0,0.0,0.0,0.0,0.0,0.0,0.0,0.0,0.0,0.0,0.0,0.0,0.0,0.0,0.0,0.0
Employees,   Females,Part-time,With leave entitlements,Aug-76,0.0,0.0,0.0,0.0,0.0,0.0,0.0,0.0,0.0,0.0,0.0,0.0,0.0,0.0,0.0,0.0,0.0,0.0
Employees,   Females,Part-time,With leave entitlements,Aug-77,0.0,0.0,0.0,0.0,0.0,0.0,0.0,0.0,0.0,0.0,0.0,0.0,0.0,0.0,0.0,0.0,0.0,0.0
Employees,   Females,Part-time,With leave entitlements,Aug-78,0.0,0.0,0.0,0.0,0.0,0.0,0.0,0.0,0.0,0.0,0.0,0.0,0.0,0.0,0.0,0.0,0.0,0.0
Employees,   Females,Part-time,With leave entitlements,Aug-79,0.0,0.0,0.0,0.0,0.0,0.0,0.0,0.0,0.0,0.0,0.0,0.0,0.0,0.0,0.0,0.0,0.0,0.0
Employees,   Females,Part-time,With leave entitlements,Aug-80,0.0,0.0,0.0,0.0,0.0,0.0,0.0,0.0,0.0,0.0,0.0,0.0,0.0,0.0,0.0,0.0,0.0,0.0
Employees,   Females,Part-time,With leave entitlements,Aug-81,0.0,0.0,0.0,0.0,0.0,0.0,0.0,0.0,0.0,0.0,0.0,0.0,0.0,0.0,0.0,0.0,0.0,0.0
Employees,   Females,Part-time,With leave entitlements,Aug-82,0.0,0.0,0.0,0.0,0.0,0.0,0.0,0.0,0.0,0.0,0.0,0.0,0.0,0.0,0.0,0.0,0.0,0.0
Employees,   Females,Part-time,With leave entitlements,Aug-83,0.0,0.0,0.0,0.0,0.0,0.0,0.0,0.0,0.0,0.0,0.0,0.0,0.0,0.0,0.0,0.0,0.0,0.0
Employees,   Females,Part-time,With leave entitlements,Aug-84,0.0,0.0,0.0,0.0,0.0,0.0,0.0,0.0,0.0,0.0,0.0,0.0,0.0,0.0,0.0,0.0,268.3,0.0
Employees,   Females,Part-time,With leave entitlements,Aug-85,0.0,0.0,0.0,0.0,0.0,0.0,0.0,0.0,0.0,0.0,0.0,0.0,0.0,0.0,0.0,0.0,285.9,0.0
Employees,   Females,Part-time,With leave entitlements,Aug-86,0.0,0.0,0.0,0.0,0.0,0.0,0.0,0.0,0.0,0.0,0.0,0.0,0.0,0.0,0.0,0.0,0.0,0.0
Employees,   Females,Part-time,With leave entitlements,Aug-87,0.0,0.0,0.0,0.0,0.0,0.0,0.0,0.0,0.0,0.0,0.0,0.0,0.0,0.0,0.0,0.0,333.2,0.0
Employees,   Females,Part-time,With leave entitlements,Aug-88,0.0,0.0,0.0,0.0,0.0,0.0,0.0,0.0,0.0,0.0,0.0,0.0,0.0,0.0,0.0,0.0,327.7,0.0
Employees,   Females,Part-time,With leave entitlements,Aug-89,106.3,0.0,106.2,0.0,32.3,0.0,26.9,0.0,37.7,0.0,9.5,0.0,1.4,0.0,6.2,0.0,326.5,0.0
Employees,   Females,Part-time,With leave entitlements,Aug-90,99.3,0.0,107.3,0.0,37.7,0.0,28.4,0.0,42.6,0.0,9.4,0.0,2.3,0.0,3.7,0.0,330.6,0.0
Employees,   Females,Part-time,With leave entitlements,Jul-91,0.0,0.0,0.0,0.0,0.0,0.0,0.0,0.0,0.0,0.0,0.0,0.0,0.0,0.0,0.0,0.0,380.8,0.0
Employees,   Females,Part-time,With leave entitlements,Aug-92,113.7,4.2,121.3,5.0,41.3,5.1,32.7,6.2,47.9,5.8,9.2,7.7,1.3,35.2,7.0,16.3,374.3,2.4
Employees,   Females,Part-time,With leave entitlements,Aug-93,114.8,4.3,123.6,4.2,42.3,6.4,31.9,5.2,52.9,5.0,10.4,7.9,1.7,20.9,7.8,11.4,385.2,2.4
Employees,   Females,Part-time,With leave entitlements,Aug-94,121.5,5.6,131.8,5.7,47.6,8.5,33.4,7.3,47.9,5.6,10.4,10.0,2.4,24.4,7.9,9.4,402.7,3.1
Employees,   Females,Part-time,With leave entitlements,Aug-95,132.8,4.1,142.2,4.2,52.8,6.4,38.6,7.9,55.4,6.4,12.8,8.7,2.7,19.3,9.8,9.9,447.2,2.5
Employees,   Females,Part-time,With leave entitlements,Aug-96,138.6,4.4,146.7,4.8,58.4,7.0,36.5,6.4,49.9,6.4,13.6,8.9,3.2,20.2,9.4,7.9,456.3,2.6
Employees,   Females,Part-time,With leave entitlements,Aug-97,153.8,4.9,155.7,4.2,60.2,6.8,42.0,7.1,55.5,5.0,12.2,6.6,2.2,17.8,8.8,10.7,490.3,2.2
Employees,   Females,Part-time,With leave entitlements,Aug-98,159.9,5.3,156.7,4.5,78.4,5.9,37.4,7.0,60.0,6.6,11.7,8.2,2.8,17.0,10.0,8.4,516.7,2.3
Employees,   Females,Part-time,With leave entitlements,Aug-99,153.9,4.8,157.5,3.7,79.1,5.1,42.3,7.4,64.3,5.5,14.0,10.3,4.4,21.4,9.5,9.9,525.0,1.8
Employees,   Females,Part-time,With leave entitlements,Aug-00,175.7,3.9,164.0,3.3,81.0,5.5,40.2,6.6,69.1,5.7,14.6,7.4,2.5,21.3,11.0,10.2,558.0,1.5
Employees,   Females,Part-time,With leave entitlements,Aug-01,179.4,4.4,172.9,4.2,96.2,5.4,40.6,5.6,67.7,5.1,14.6,10.3,2.6,23.9,11.8,9.0,585.8,2.2
Employees,   Females,Part-time,With leave entitlements,Aug-02,187.3,3.9,185.7,3.2,101.6,3.9,49.0,5.9,79.2,4.1,15.2,8.3,3.9,23.8,11.3,10.6,633.2,2.0
Employees,   Females,Part-time,With leave entitlements,Aug-03,232.4,4.6,222.6,4.7,117.3,5.9,54.3,6.0,76.5,10.1,15.4,8.9,4.1,23.1,14.9,18.7,737.5,2.6
Employees,   Females,Part-time,With leave entitlements,Aug-04,237.4,3.7,219.0,3.4,118.7,4.0,55.3,4.5,82.5,4.6,18.4,7.3,4.7,23.8,14.0,8.4,749.9,1.9
Employees,   Females,Part-time,With leave entitlements,Aug-05,264.8,4.0,216.3,3.9,142.8,4.2,64.9,4.4,89.5,6.3,19.4,7.1,4.0,17.4,14.8,7.7,816.6,2.4
Employees,   Females,Part-time,With leave entitlements,Aug-06,266.8,4.2,252.4,3.1,145.4,4.7,68.0,4.9,96.9,5.1,21.8,6.2,3.1,21.4,15.9,6.4,870.3,1.8
Employees,   Females,Part-time,With leave entitlements,Aug-07,277.7,3.8,236.1,4.1,148.2,5.2,74.5,6.0,106.6,4.4,23.1,6.0,5.0,21.5,14.4,7.2,885.7,2.2
Employees,   Females,Part-time,With leave entitlements,Aug-08,278.3,5.6,265.2,4.3,141.4,5.5,64.5,5.8,101.9,4.5,24.4,6.2,4.2,23.1,16.2,9.7,896.1,2.3
Employees,   Females,Part-time,With leave entitlements,Aug-09,299.8,4.6,259.7,4.9,157.2,5.5,69.0,6.3,101.7,6.5,24.0,7.7,5.6,14.8,15.0,10.3,932.0,2.5
Employees,   Females,Part-time,With leave entitlements,Aug-10,281.5,5.0,277.7,4.5,190.5,4.1,75.7,5.2,118.9,2.8,27.8,6.8,5.9,14.8,17.5,7.4,995.4,1.7
Employees,   Females,Part-time,With leave entitlements,Aug-11,320.3,3.2,295.7,3.2,186.2,4.8,78.8,4.6,125.1,4.7,27.5,6.9,5.7,11.4,18.6,10.8,"1,058.0",1.8
Employees,   Females,Part-time,With leave entitlements,Aug-12,318.9,4.4,305.9,3.4,181.6,5.5,89.5,6.2,128.2,4.3,30.2,4.1,4.9,13.2,17.4,9.9,"1,076.6",1.7
Employees,   Females,Part-time,With leave entitlements,Aug-13,339.5,3.6,324.7,3.7,202.6,4.2,86.0,4.9,125.9,4.6,27.9,6.7,8.0,10.5,19.0,11.6,"1,133.6",1.2
Employees,   Females,Part-time,With leave entitlements,Aug-14,347.0,3.0,311.9,4.2,204.7,4.2,85.5,4.7,125.2,4.9,27.9,6.7,6.2,11.5,17.1,9.2,"1,125.6",1.4
Employees,   Females,Part-time,With leave entitlements,Aug-15,340.9,4.0,340.6,2.9,209.9,4.5,89.1,5.8,128.3,4.6,29.8,5.9,6.0,11.3,20.6,8.3,"1,165.3",1.7
Employees,   Females,Part-time,With leave entitlements,Aug-16,370.4,3.4,330.8,3.8,210.8,5.2,89.1,3.8,138.1,4.9,28.9,5.8,6.4,15.5,19.3,10.3,"1,193.9",1.8
Employees,   Females,Part-time,With leave entitlements,Aug-17,353.8,3.4,359.1,3.9,221.2,5.5,93.7,4.3,132.8,4.9,34.8,4.6,5.9,12.4,20.6,10.4,"1,221.9",1.7
Employees,   Females,Part-time,With leave entitlements,Aug-18,369.8,4.4,378.6,3.9,214.2,4.7,93.9,4.6,145.2,4.8,35.3,3.8,4.9,13.8,19.9,9.6,"1,261.9",2.0
Employees,   Females,Part-time,With leave entitlements,Aug-19,375.7,4.4,370.1,3.2,247.5,4.0,99.0,4.9,154.7,4.5,34.3,5.7,6.9,11.7,23.0,11.1,"1,311.1",2.1
Employees,   Females,Part-time,With leave entitlements,Aug-20,404.5,3.2,387.3,3.7,254.9,4.6,96.2,4.6,158.4,5.5,34.1,4.3,6.8,13.8,23.3,8.0,"1,365.5",1.9
Employees,   Females,Part-time,With leave entitlements,Aug-21,336.7,3.9,394.1,4.2,269.7,4.1,106.8,4.9,171.9,4.9,34.1,4.4,7.2,9.7,21.3,10.0,"1,341.7",1.9
Employees,   Females,Part-time,With leave entitlements,Aug-22,391.3,3.8,369.5,4.1,268.8,3.2,102.0,4.7,146.5,5.8,38.5,5.2,7.5,12.7,19.3,9.0,"1,343.4",1.8
Employees,   Females,Part-time,With leave entitlements,Aug-23,382.1,5.1,405.1,4.0,279.9,5.6,101.5,3.4,156.4,5.9,40.8,5.2,7.0,11.3,21.3,11.3,"1,394.0",2.2
Employees,   Females,Part-time,With leave entitlements,Aug-24,402.4,4.4,431.1,3.0,300.3,3.9,116.3,4.2,179.4,5.0,40.3,7.1,7.8,10.8,23.7,8.8,"1,501.4",1.8
Employees,   Females,Part-time,Without leave entitlements,Aug-75,0.0,0.0,0.0,0.0,0.0,0.0,0.0,0.0,0.0,0.0,0.0,0.0,0.0,0.0,0.0,0.0,0.0,0.0
Employees,   Females,Part-time,Without leave entitlements,Aug-76,0.0,0.0,0.0,0.0,0.0,0.0,0.0,0.0,0.0,0.0,0.0,0.0,0.0,0.0,0.0,0.0,0.0,0.0
Employees,   Females,Part-time,Without leave entitlements,Aug-77,0.0,0.0,0.0,0.0,0.0,0.0,0.0,0.0,0.0,0.0,0.0,0.0,0.0,0.0,0.0,0.0,0.0,0.0
Employees,   Females,Part-time,Without leave entitlements,Aug-78,0.0,0.0,0.0,0.0,0.0,0.0,0.0,0.0,0.0,0.0,0.0,0.0,0.0,0.0,0.0,0.0,0.0,0.0
Employees,   Females,Part-time,Without leave entitlements,Aug-79,0.0,0.0,0.0,0.0,0.0,0.0,0.0,0.0,0.0,0.0,0.0,0.0,0.0,0.0,0.0,0.0,0.0,0.0
Employees,   Females,Part-time,Without leave entitlements,Aug-80,0.0,0.0,0.0,0.0,0.0,0.0,0.0,0.0,0.0,0.0,0.0,0.0,0.0,0.0,0.0,0.0,0.0,0.0
Employees,   Females,Part-time,Without leave entitlements,Aug-81,0.0,0.0,0.0,0.0,0.0,0.0,0.0,0.0,0.0,0.0,0.0,0.0,0.0,0.0,0.0,0.0,0.0,0.0
Employees,   Females,Part-time,Without leave entitlements,Aug-82,0.0,0.0,0.0,0.0,0.0,0.0,0.0,0.0,0.0,0.0,0.0,0.0,0.0,0.0,0.0,0.0,0.0,0.0
Employees,   Females,Part-time,Without leave entitlements,Aug-83,0.0,0.0,0.0,0.0,0.0,0.0,0.0,0.0,0.0,0.0,0.0,0.0,0.0,0.0,0.0,0.0,0.0,0.0
Employees,   Females,Part-time,Without leave entitlements,Aug-84,0.0,0.0,0.0,0.0,0.0,0.0,0.0,0.0,0.0,0.0,0.0,0.0,0.0,0.0,0.0,0.0,453.7,0.0
Employees,   Females,Part-time,Without leave entitlements,Aug-85,0.0,0.0,0.0,0.0,0.0,0.0,0.0,0.0,0.0,0.0,0.0,0.0,0.0,0.0,0.0,0.0,469.5,0.0
Employees,   Females,Part-time,Without leave entitlements,Aug-86,0.0,0.0,0.0,0.0,0.0,0.0,0.0,0.0,0.0,0.0,0.0,0.0,0.0,0.0,0.0,0.0,0.0,0.0
Employees,   Females,Part-time,Without leave entitlements,Aug-87,0.0,0.0,0.0,0.0,0.0,0.0,0.0,0.0,0.0,0.0,0.0,0.0,0.0,0.0,0.0,0.0,547.3,0.0
Employees,   Females,Part-time,Without leave entitlements,Aug-88,0.0,0.0,0.0,0.0,0.0,0.0,0.0,0.0,0.0,0.0,0.0,0.0,0.0,0.0,0.0,0.0,594.1,0.0
Employees,   Females,Part-time,Without leave entitlements,Aug-89,198.4,0.0,156.1,0.0,122.8,0.0,66.7,0.0,60.7,0.0,20.8,0.0,5.1,0.0,14.4,0.0,645.0,0.0
Employees,   Females,Part-time,Without leave entitlements,Aug-90,193.8,0.0,156.1,0.0,124.3,0.0,64.8,0.0,57.3,0.0,18.5,0.0,5.0,0.0,12.5,0.0,632.3,0.0
Employees,   Females,Part-time,Without leave entitlements,Jul-91,0.0,0.0,0.0,0.0,0.0,0.0,0.0,0.0,0.0,0.0,0.0,0.0,0.0,0.0,0.0,0.0,649.0,0.0
Employees,   Females,Part-time,Without leave entitlements,Aug-92,215.0,3.4,148.4,4.4,139.6,3.9,66.8,4.2,55.8,4.4,21.5,5.9,5.0,22.0,15.1,10.5,667.2,2.1
Employees,   Females,Part-time,Without leave entitlements,Aug-93,207.0,3.6,141.0,4.0,137.2,3.8,65.4,5.5,58.6,5.8,18.5,6.4,5.1,16.7,15.0,7.0,647.7,1.9
Employees,   Females,Part-time,Without leave entitlements,Aug-94,210.1,3.7,166.2,3.9,145.9,3.8,70.1,5.0,62.7,4.7,23.6,6.7,5.2,14.1,13.3,6.2,697.1,1.9
Employees,   Females,Part-time,Without leave entitlements,Aug-95,233.3,3.6,161.9,4.0,147.2,4.0,62.7,5.2,69.0,4.7,20.2,5.9,6.4,14.4,14.9,7.5,715.6,2.1
Employees,   Females,Part-time,Without leave entitlements,Aug-96,241.2,3.8,172.0,3.5,152.5,4.3,73.6,4.0,74.4,3.9,21.7,6.1,7.0,15.1,14.8,8.1,757.3,1.9
Employees,   Females,Part-time,Without leave entitlements,Aug-97,227.5,4.3,162.5,3.6,160.3,4.4,71.3,4.3,70.0,4.7,21.9,6.7,5.3,16.4,14.6,8.0,733.2,1.6
Employees,   Females,Part-time,Without leave entitlements,Aug-98,245.3,3.4,178.7,4.0,164.2,2.6,68.1,4.2,75.5,3.8,24.4,4.7,5.1,16.9,15.7,6.5,777.1,1.6
Employees,   Females,Part-time,Without leave entitlements,Aug-99,244.4,5.0,182.2,4.9,172.5,3.7,66.3,4.2,72.5,4.3,20.4,4.9,6.7,16.8,14.7,6.6,779.7,1.7
Employees,   Females,Part-time,Without leave entitlements,Aug-00,247.5,3.8,189.6,3.3,177.1,3.3,71.4,3.8,85.4,3.8,21.9,5.0,6.0,13.1,14.6,7.0,813.6,1.4
Employees,   Females,Part-time,Without leave entitlements,Aug-01,249.9,3.2,193.6,4.4,168.1,3.3,76.8,3.4,83.6,4.7,21.5,8.0,5.2,12.2,15.0,5.2,813.7,1.7
Employees,   Females,Part-time,Without leave entitlements,Aug-02,267.4,3.7,207.2,4.2,174.0,4.0,76.2,4.8,78.9,6.1,20.9,7.2,4.1,17.7,17.0,8.0,845.7,1.6
Employees,   Females,Part-time,Without leave entitlements,Aug-03,285.3,4.1,204.6,5.0,196.0,4.1,79.4,4.5,85.6,9.9,24.5,7.7,5.0,20.4,13.3,17.4,893.7,2.4
Employees,   Females,Part-time,Without leave entitlements,Aug-04,279.1,3.8,202.4,4.4,188.8,3.0,82.6,3.0,87.6,3.9,21.9,6.0,5.1,18.1,15.8,6.7,883.3,1.5
Employees,   Females,Part-time,Without leave entitlements,Aug-05,289.0,2.7,210.1,4.6,185.8,3.7,76.5,3.9,88.8,5.3,25.9,5.7,5.5,16.9,15.9,6.0,897.5,1.9
Employees,   Females,Part-time,Without leave entitlements,Aug-06,276.9,3.9,198.3,3.7,203.3,3.8,83.1,3.9,93.1,3.2,23.0,6.3,5.8,16.3,14.3,6.0,897.7,1.8
Employees,   Females,Part-time,Without leave entitlements,Aug-07,289.0,5.5,226.1,3.4,200.6,3.8,80.1,5.0,96.7,4.7,23.5,5.5,5.5,20.6,15.2,5.9,936.6,2.7
Employees,   Females,Part-time,Without leave entitlements,Aug-08,286.9,4.0,228.0,4.4,224.7,3.9,83.8,6.3,94.8,7.4,22.8,7.4,7.8,14.2,17.0,10.9,965.8,2.0
Employees,   Females,Part-time,Without leave entitlements,Aug-09,310.5,4.7,231.2,4.3,214.1,4.5,98.5,5.4,101.7,7.3,23.6,8.2,6.4,15.6,15.0,9.1,"1,001.0",2.1
Employees,   Females,Part-time,Without leave entitlements,Aug-10,291.7,3.5,232.5,4.5,211.1,4.9,85.2,3.8,99.9,5.1,24.2,7.0,6.7,12.3,16.7,9.3,968.0,1.9
Employees,   Females,Part-time,Without leave entitlements,Aug-11,313.8,4.6,229.4,4.5,219.5,3.5,85.6,5.6,102.0,6.3,25.4,7.6,6.9,8.4,14.7,8.3,997.3,2.1
Employees,   Females,Part-time,Without leave entitlements,Aug-12,310.6,4.4,233.2,4.3,208.6,3.8,82.8,6.5,96.5,5.8,21.9,7.9,8.0,12.1,16.0,11.5,977.5,2.0
Employees,   Females,Part-time,Without leave entitlements,Aug-13,318.8,3.3,253.2,4.6,217.0,5.2,80.2,5.9,99.5,6.8,22.8,7.1,7.0,12.5,15.6,12.0,"1,014.1",1.8
Employees,   Females,Part-time,Without leave entitlements,Aug-14,325.1,2.8,238.8,4.1,214.8,5.5,79.5,4.1,108.2,5.3,25.2,6.6,5.6,12.6,16.8,8.5,"1,013.9",1.8
Employees,   Females,Part-time,Without leave entitlements,Aug-15,325.4,3.1,262.1,4.5,219.2,4.3,78.3,5.6,110.0,5.9,22.8,8.8,7.6,8.1,13.6,10.8,"1,038.9",2.3
Employees,   Females,Part-time,Without leave entitlements,Aug-16,323.5,4.2,270.2,4.4,208.1,5.6,85.2,5.4,115.7,6.6,23.4,6.8,6.5,18.0,16.0,10.5,"1,048.6",2.1
Employees,   Females,Part-time,Without leave entitlements,Aug-17,321.7,3.4,258.0,3.6,252.2,4.6,82.9,5.9,112.3,5.4,25.4,6.3,7.1,10.5,18.5,8.7,"1,078.2",1.7
Employees,   Females,Part-time,Without leave entitlements,Aug-18,362.3,3.0,256.6,4.1,242.9,3.9,89.8,5.6,108.7,6.2,23.5,5.6,7.5,10.5,19.8,8.1,"1,110.9",1.8
Employees,   Females,Part-time,Without leave entitlements,Aug-19,336.0,4.6,290.1,3.8,228.0,3.7,85.4,6.3,107.0,3.3,26.8,7.0,7.2,11.7,16.1,10.1,"1,096.6",2.1
Employees,   Females,Part-time,Without leave entitlements,Aug-20,293.1,3.7,211.6,4.7,226.6,5.1,74.9,6.3,114.2,5.3,29.0,6.8,8.2,9.1,17.4,8.6,975.0,2.4
Employees,   Females,Part-time,Without leave entitlements,Aug-21,263.9,4.9,248.9,3.8,217.9,4.5,81.6,4.9,125.9,6.6,27.8,6.3,7.4,10.8,14.4,15.3,987.7,2.1
Employees,   Females,Part-time,Without leave entitlements,Aug-22,345.0,4.1,262.9,4.7,240.7,4.6,89.1,5.3,133.0,5.6,26.0,6.7,6.2,8.7,17.0,10.9,"1,119.8",2.0
Employees,   Females,Part-time,Without leave entitlements,Aug-23,364.5,4.4,288.1,5.2,224.4,5.7,91.8,4.5,133.7,5.9,22.4,6.5,7.3,11.3,14.3,14.8,"1,146.6",2.5
Employees,   Females,Part-time,Without leave entitlements,Aug-24,358.6,3.7,279.9,4.1,251.8,5.4,74.5,5.5,118.9,4.9,21.9,8.9,6.3,9.8,15.4,10.2,"1,127.4",2.1
Employees,   Females,Part-time,Total,Aug-75,181.7,0.0,134.2,0.0,60.0,0.0,54.8,0.0,49.8,0.0,15.0,0.0,2.8,0.0,9.4,0.0,507.6,0.0
Employees,   Females,Part-time,Total,Aug-76,192.0,0.0,152.6,0.0,66.7,0.0,57.2,0.0,52.6,0.0,15.5,0.0,3.4,0.0,9.0,0.0,549.0,0.0
Employees,   Females,Part-time,Total,Aug-77,195.9,0.0,155.5,0.0,63.4,0.0,59.2,0.0,55.6,0.0,18.2,0.0,3.9,0.0,9.4,0.0,561.3,0.0
Employees,   Females,Part-time,Total,Aug-78,203.7,0.0,156.4,0.0,87.5,0.0,65.4,0.0,53.0,0.0,18.0,0.0,3.6,0.0,10.6,0.0,598.3,0.0
Employees,   Females,Part-time,Total,Aug-79,211.0,0.0,161.1,0.0,77.9,0.0,62.5,0.0,59.4,0.0,18.1,0.0,3.4,0.0,10.9,0.0,604.3,0.0
Employees,   Females,Part-time,Total,Aug-80,209.1,0.0,176.3,0.0,94.0,0.0,59.9,0.0,65.1,0.0,17.6,0.0,5.1,0.0,11.2,0.0,638.3,0.0
Employees,   Females,Part-time,Total,Aug-81,227.8,0.0,159.7,0.0,98.2,0.0,61.3,0.0,67.5,0.0,17.5,0.0,5.1,0.0,13.1,0.0,650.2,0.0
Employees,   Females,Part-time,Total,Aug-82,226.3,0.0,181.3,0.0,95.4,0.0,65.0,0.0,68.3,0.0,19.2,0.0,6.4,0.0,12.2,0.0,674.2,0.0
Employees,   Females,Part-time,Total,Aug-83,222.9,0.0,176.4,0.0,97.8,0.0,68.6,0.0,67.5,0.0,19.0,0.0,4.2,0.0,13.8,0.0,670.2,0.0
Employees,   Females,Part-time,Total,Aug-84,241.3,0.0,192.5,0.0,104.3,0.0,72.0,0.0,68.5,0.0,21.6,0.0,5.1,0.0,16.7,0.0,722.0,0.0
Employees,   Females,Part-time,Total,Aug-85,243.1,0.0,195.4,0.0,119.7,0.0,77.0,0.0,77.7,0.0,20.4,0.0,5.7,0.0,16.4,0.0,755.4,0.0
Employees,   Females,Part-time,Total,Aug-86,266.1,0.0,203.6,0.0,119.1,0.0,81.9,0.0,83.2,0.0,24.1,0.0,6.1,0.0,16.4,0.0,800.5,0.0
Employees,   Females,Part-time,Total,Aug-87,288.8,0.0,241.2,0.0,133.4,0.0,86.0,0.0,81.9,0.0,23.3,0.0,7.4,0.0,18.6,0.0,880.5,0.0
Employees,   Females,Part-time,Total,Aug-88,301.9,0.0,239.5,0.0,146.6,0.0,86.0,0.0,95.0,0.0,27.9,0.0,6.3,0.0,18.6,0.0,921.8,0.0
Employees,   Females,Part-time,Total,Aug-89,304.6,0.0,262.3,0.0,155.1,0.0,93.6,0.0,98.3,0.0,30.2,0.0,6.6,0.0,20.6,0.0,971.4,0.0
Employees,   Females,Part-time,Total,Aug-90,293.1,0.0,263.3,0.0,162.0,0.0,93.2,0.0,100.0,0.0,27.8,0.0,7.4,0.0,16.2,0.0,962.9,0.0
Employees,   Females,Part-time,Total,Jul-91,327.6,0.0,268.9,0.0,176.1,0.0,95.6,0.0,107.0,0.0,30.2,0.0,7.4,0.0,17.0,0.0,"1,029.9",0.0
Employees,   Females,Part-time,Total,Aug-92,328.7,2.3,269.6,2.9,180.8,3.2,99.5,3.1,103.7,3.6,30.7,3.7,6.3,18.6,22.1,8.2,"1,041.5",1.4
Employees,   Females,Part-time,Total,Aug-93,321.8,2.7,264.5,2.7,179.4,3.3,97.2,3.5,111.5,3.1,28.9,5.4,6.8,14.7,22.7,5.7,"1,032.9",1.3
Employees,   Females,Part-time,Total,Aug-94,331.6,2.8,298.0,2.8,193.5,3.5,103.4,4.1,110.5,4.0,34.0,4.7,7.6,14.3,21.2,4.7,"1,099.8",1.4
Employees,   Females,Part-time,Total,Aug-95,366.1,2.3,304.1,2.1,200.0,2.9,101.3,3.8,124.4,3.8,33.0,4.1,9.1,12.1,24.7,5.5,"1,162.8",1.4
Employees,   Females,Part-time,Total,Aug-96,379.7,3.1,318.7,2.6,211.0,3.0,110.1,2.6,124.3,3.0,35.3,5.7,10.3,14.0,24.2,4.6,"1,213.6",1.5
Employees,   Females,Part-time,Total,Aug-97,381.3,3.2,318.2,2.4,220.5,3.2,113.3,4.3,125.4,3.3,34.1,3.8,7.5,13.3,23.3,5.5,"1,223.6",1.4
Employees,   Females,Part-time,Total,Aug-98,405.2,2.6,335.4,2.4,242.6,2.6,105.5,3.5,135.4,3.8,36.1,3.8,8.0,13.5,25.6,4.3,"1,293.8",1.0
Employees,   Females,Part-time,Total,Aug-99,398.3,3.2,339.7,2.1,251.6,2.8,108.6,4.4,136.8,3.0,34.3,3.8,11.1,14.0,24.2,6.0,"1,304.6",1.2
Employees,   Females,Part-time,Total,Aug-00,423.2,2.7,353.7,1.9,258.1,3.2,111.6,2.5,154.5,3.3,36.4,4.2,8.5,13.1,25.5,4.5,"1,371.6",1.1
Employees,   Females,Part-time,Total,Aug-01,429.3,2.3,366.5,2.6,264.3,2.7,117.4,2.7,151.2,2.7,36.2,5.2,7.9,13.5,26.8,5.0,"1,399.5",1.2
Employees,   Females,Part-time,Total,Aug-02,454.7,2.1,392.8,2.4,275.6,3.1,125.2,3.0,158.1,3.8,36.2,5.7,8.0,16.1,28.3,6.5,"1,478.9",1.1
Employees,   Females,Part-time,Total,Aug-03,517.7,3.1,427.2,3.5,313.2,3.8,133.7,3.2,162.1,8.8,39.9,6.9,9.1,10.8,28.2,16.9,"1,631.2",1.6
Employees,   Females,Part-time,Total,Aug-04,516.5,2.8,421.4,2.1,307.5,1.9,137.9,2.3,170.1,2.5,40.3,3.1,9.8,13.9,29.8,4.4,"1,633.2",1.1
Employees,   Females,Part-time,Total,Aug-05,553.8,2.1,426.3,3.2,328.6,2.4,141.5,3.0,178.3,2.7,45.4,3.7,9.5,10.4,30.8,2.7,"1,714.1",1.2
Employees,   Females,Part-time,Total,Aug-06,543.8,2.9,450.7,2.0,348.7,2.8,151.1,2.6,190.0,2.2,44.8,4.5,8.9,9.7,30.2,3.5,"1,768.1",1.0
Employees,   Females,Part-time,Total,Aug-07,566.7,2.9,462.2,2.2,348.8,2.7,154.7,2.3,203.3,2.8,46.7,4.1,10.5,12.3,29.6,3.9,"1,822.3",1.3
Employees,   Females,Part-time,Total,Aug-08,565.2,3.4,493.2,2.0,366.2,2.5,148.3,4.3,196.7,3.8,47.2,3.8,12.0,11.7,33.1,6.7,"1,861.9",1.2
Employees,   Females,Part-time,Total,Aug-09,610.3,2.4,490.9,3.2,371.2,3.0,167.6,3.5,203.4,4.7,47.6,5.9,11.9,11.4,30.0,6.5,"1,933.0",1.1
Employees,   Females,Part-time,Total,Aug-10,573.2,3.2,510.2,2.7,401.5,3.0,160.9,2.8,218.8,2.4,51.9,4.4,12.7,11.2,34.2,6.4,"1,963.4",1.3
Employees,   Females,Part-time,Total,Aug-11,634.1,2.5,525.1,2.6,405.7,2.6,164.4,3.2,227.1,3.4,52.9,4.7,12.6,5.5,33.3,7.3,"2,055.3",1.3
Employees,   Females,Part-time,Total,Aug-12,629.5,2.9,539.1,2.3,390.2,3.6,172.3,4.6,224.7,3.2,52.0,3.6,12.9,8.4,33.4,6.2,"2,054.1",1.2
Employees,   Females,Part-time,Total,Aug-13,658.3,2.1,577.9,2.5,419.6,3.5,166.2,2.7,225.5,3.1,50.7,4.8,15.0,7.9,34.5,6.5,"2,147.7",1.1
Employees,   Females,Part-time,Total,Aug-14,672.1,2.0,550.7,2.9,419.5,3.3,165.0,2.8,233.3,3.7,53.1,3.5,11.8,8.1,33.9,4.7,"2,139.4",1.2
Employees,   Females,Part-time,Total,Aug-15,666.3,2.0,602.7,2.4,429.1,3.0,167.4,3.8,238.3,3.3,52.6,4.3,13.6,6.8,34.2,5.8,"2,204.2",1.4
Employees,   Females,Part-time,Total,Aug-16,694.0,2.5,601.0,2.6,418.9,3.1,174.3,2.8,253.8,3.9,52.3,4.0,12.9,11.6,35.2,5.8,"2,242.5",1.4
Employees,   Females,Part-time,Total,Aug-17,675.6,2.1,617.1,2.3,473.4,3.0,176.6,2.7,245.1,3.4,60.1,3.5,13.0,5.7,39.1,6.1,"2,300.1",1.2
Employees,   Females,Part-time,Total,Aug-18,732.1,2.3,635.2,2.2,457.0,3.2,183.7,2.4,253.9,3.0,58.8,3.0,12.4,6.5,39.7,6.0,"2,372.8",1.3
Employees,   Females,Part-time,Total,Aug-19,711.8,3.0,660.2,1.9,475.4,2.0,184.4,3.8,261.7,3.0,61.1,3.7,14.0,6.2,39.1,6.4,"2,407.7",1.3
Employees,   Females,Part-time,Total,Aug-20,697.6,2.2,598.9,3.0,481.4,2.9,171.0,3.3,272.6,3.2,63.1,2.5,15.0,5.9,40.7,4.7,"2,340.5",1.2
Employees,   Females,Part-time,Total,Aug-21,600.6,3.1,643.0,2.7,487.5,2.6,188.3,3.2,297.8,3.7,61.9,3.0,14.6,6.9,35.7,7.9,"2,329.5",1.3
Employees,   Females,Part-time,Total,Aug-22,736.3,2.7,632.4,2.7,509.5,2.9,191.1,2.7,279.5,3.4,64.5,3.1,13.6,5.6,36.3,6.7,"2,463.1",1.4
Employees,   Females,Part-time,Total,Aug-23,746.7,2.8,693.2,2.7,504.3,2.5,193.3,2.7,290.2,3.4,63.2,3.9,14.3,5.8,35.6,6.2,"2,540.6",1.0
Employees,   Females,Part-time,Total,Aug-24,761.0,2.0,711.0,1.6,552.1,2.5,190.9,3.0,298.3,3.4,62.3,4.2,14.1,5.9,39.1,5.0,"2,628.8",0.8
Employees,   Females,Total,With leave entitlements,Aug-75,0.0,0.0,0.0,0.0,0.0,0.0,0.0,0.0,0.0,0.0,0.0,0.0,0.0,0.0,0.0,0.0,0.0,0.0
Employees,   Females,Total,With leave entitlements,Aug-76,0.0,0.0,0.0,0.0,0.0,0.0,0.0,0.0,0.0,0.0,0.0,0.0,0.0,0.0,0.0,0.0,0.0,0.0
Employees,   Females,Total,With leave entitlements,Aug-77,0.0,0.0,0.0,0.0,0.0,0.0,0.0,0.0,0.0,0.0,0.0,0.0,0.0,0.0,0.0,0.0,0.0,0.0
Employees,   Females,Total,With leave entitlements,Aug-78,0.0,0.0,0.0,0.0,0.0,0.0,0.0,0.0,0.0,0.0,0.0,0.0,0.0,0.0,0.0,0.0,0.0,0.0
Employees,   Females,Total,With leave entitlements,Aug-79,0.0,0.0,0.0,0.0,0.0,0.0,0.0,0.0,0.0,0.0,0.0,0.0,0.0,0.0,0.0,0.0,0.0,0.0
Employees,   Females,Total,With leave entitlements,Aug-80,0.0,0.0,0.0,0.0,0.0,0.0,0.0,0.0,0.0,0.0,0.0,0.0,0.0,0.0,0.0,0.0,0.0,0.0
Employees,   Females,Total,With leave entitlements,Aug-81,0.0,0.0,0.0,0.0,0.0,0.0,0.0,0.0,0.0,0.0,0.0,0.0,0.0,0.0,0.0,0.0,0.0,0.0
Employees,   Females,Total,With leave entitlements,Aug-82,0.0,0.0,0.0,0.0,0.0,0.0,0.0,0.0,0.0,0.0,0.0,0.0,0.0,0.0,0.0,0.0,0.0,0.0
Employees,   Females,Total,With leave entitlements,Aug-83,0.0,0.0,0.0,0.0,0.0,0.0,0.0,0.0,0.0,0.0,0.0,0.0,0.0,0.0,0.0,0.0,0.0,0.0
Employees,   Females,Total,With leave entitlements,Aug-84,578.0,0.0,436.0,0.0,210.1,0.0,114.8,0.0,143.6,0.0,34.3,0.0,13.8,0.0,33.3,0.0,"1,564.1",0.0
Employees,   Females,Total,With leave entitlements,Aug-85,0.0,0.0,0.0,0.0,0.0,0.0,0.0,0.0,0.0,0.0,0.0,0.0,0.0,0.0,0.0,0.0,"1,612.6",0.0
Employees,   Females,Total,With leave entitlements,Aug-86,0.0,0.0,0.0,0.0,0.0,0.0,0.0,0.0,0.0,0.0,0.0,0.0,0.0,0.0,0.0,0.0,"1,661.7",0.0
Employees,   Females,Total,With leave entitlements,Aug-87,0.0,0.0,0.0,0.0,0.0,0.0,0.0,0.0,0.0,0.0,0.0,0.0,0.0,0.0,0.0,0.0,"1,739.9",0.0
Employees,   Females,Total,With leave entitlements,Aug-88,0.0,0.0,0.0,0.0,0.0,0.0,0.0,0.0,0.0,0.0,0.0,0.0,0.0,0.0,0.0,0.0,"1,835.9",0.0
Employees,   Females,Total,With leave entitlements,Aug-89,670.2,0.0,550.8,0.0,276.8,0.0,146.9,0.0,178.4,0.0,45.2,0.0,20.0,0.0,44.6,0.0,"1,932.9",0.0
Employees,   Females,Total,With leave entitlements,Aug-90,700.0,0.0,573.5,0.0,287.9,0.0,146.4,0.0,187.1,0.0,46.1,0.0,19.7,0.0,45.9,0.0,"2,006.6",0.0
Employees,   Females,Total,With leave entitlements,Jul-91,0.0,0.0,0.0,0.0,0.0,0.0,0.0,0.0,0.0,0.0,0.0,0.0,0.0,0.0,0.0,0.0,"1,927.6",0.0
Employees,   Females,Total,With leave entitlements,Aug-92,672.0,1.5,526.9,1.6,288.1,2.0,141.7,2.3,189.7,2.0,43.6,4.0,18.5,13.6,43.5,4.2,"1,923.8",0.7
Employees,   Females,Total,With leave entitlements,Aug-93,660.9,1.6,529.3,2.1,293.5,2.8,148.8,2.7,192.1,1.8,43.3,2.8,21.3,8.0,47.3,3.0,"1,936.5",0.9
Employees,   Females,Total,With leave entitlements,Aug-94,697.1,1.9,525.5,1.8,314.0,2.4,149.7,2.4,196.4,3.0,43.6,4.7,20.4,10.7,50.9,2.6,"1,997.5",1.0
Employees,   Females,Total,With leave entitlements,Aug-95,727.8,2.0,565.8,1.4,335.3,2.3,156.1,2.9,211.3,2.0,47.2,3.3,21.8,7.4,50.8,2.6,"2,116.1",1.0
Employees,   Females,Total,With leave entitlements,Aug-96,723.6,1.4,568.6,1.9,345.5,2.4,147.5,2.2,206.0,2.3,44.5,3.7,21.5,8.5,48.0,2.8,"2,105.2",0.9
Employees,   Females,Total,With leave entitlements,Aug-97,730.0,2.2,569.5,1.9,330.9,2.6,145.0,3.6,206.8,2.2,42.9,3.4,21.8,11.6,50.4,2.9,"2,097.2",0.9
Employees,   Females,Total,With leave entitlements,Aug-98,757.4,2.1,577.8,2.4,358.5,2.4,146.7,2.1,220.1,2.6,44.2,3.5,23.7,12.0,50.9,2.9,"2,179.2",1.2
Employees,   Females,Total,With leave entitlements,Aug-99,761.3,1.7,585.2,1.9,368.5,2.0,151.2,3.4,226.1,2.4,47.8,3.9,24.9,10.0,53.1,2.5,"2,218.0",0.9
Employees,   Females,Total,With leave entitlements,Aug-00,825.5,1.4,608.9,1.6,384.2,2.2,154.5,3.1,239.5,3.0,48.4,3.6,23.5,8.3,58.2,4.0,"2,342.8",0.6
Employees,   Females,Total,With leave entitlements,Aug-01,834.2,1.6,618.0,1.8,401.1,2.0,158.2,2.4,228.3,2.5,47.1,6.2,23.7,10.2,57.7,3.2,"2,368.4",0.8
Employees,   Females,Total,With leave entitlements,Aug-02,816.2,1.4,636.3,2.0,417.8,2.2,163.4,3.3,236.8,2.3,49.9,4.8,27.8,9.9,59.4,3.2,"2,407.6",0.9
Employees,   Females,Total,With leave entitlements,Aug-03,853.1,5.9,656.1,8.5,431.5,2.8,180.2,6.5,233.0,4.0,51.0,5.0,24.5,13.6,61.5,5.5,"2,490.9",5.5
Employees,   Females,Total,With leave entitlements,Aug-04,861.3,2.0,674.5,2.0,456.4,2.3,169.3,3.3,244.5,2.7,54.9,4.2,28.5,9.8,59.7,2.8,"2,549.2",1.0
Employees,   Females,Total,With leave entitlements,Aug-05,876.5,2.4,692.5,1.5,503.8,2.5,194.1,2.2,264.6,2.3,59.2,3.6,25.2,9.6,63.2,2.9,"2,679.2",1.3
Employees,   Females,Total,With leave entitlements,Aug-06,911.3,1.7,742.9,1.9,518.9,1.6,201.5,3.0,282.8,2.9,62.1,3.4,27.0,8.6,69.9,2.6,"2,816.5",0.9
Employees,   Females,Total,With leave entitlements,Aug-07,928.9,2.7,733.3,1.5,550.1,2.3,211.2,2.3,304.7,1.9,60.2,3.5,27.5,8.8,67.3,3.0,"2,883.1",1.2
Employees,   Females,Total,With leave entitlements,Aug-08,973.1,1.7,765.8,2.1,554.5,2.9,197.6,3.4,325.1,2.9,66.1,3.5,31.5,7.2,69.0,3.3,"2,982.8",0.8
Employees,   Females,Total,With leave entitlements,Aug-09,989.9,2.4,786.3,1.9,608.5,2.2,202.2,3.1,319.0,3.0,66.4,3.9,35.4,5.4,69.4,3.2,"3,077.1",1.1
Employees,   Females,Total,With leave entitlements,Aug-10,967.5,1.9,810.2,1.7,620.3,2.0,218.5,2.9,340.0,2.2,68.5,2.9,36.6,5.1,71.4,3.1,"3,133.0",0.8
Employees,   Females,Total,With leave entitlements,Aug-11,"1,012.1",1.9,837.4,1.7,623.4,2.1,216.8,2.7,354.1,2.0,68.9,4.4,36.3,4.3,75.0,3.2,"3,223.9",1.0
Employees,   Females,Total,With leave entitlements,Aug-12,"1,039.9",1.9,857.2,1.6,642.3,2.2,233.1,2.9,377.2,1.9,69.6,3.7,41.2,4.4,78.4,3.2,"3,338.9",0.9
Employees,   Females,Total,With leave entitlements,Aug-13,"1,072.3",1.7,863.4,2.0,652.2,2.5,226.8,2.2,379.4,2.5,68.9,3.1,43.4,4.2,78.4,4.5,"3,384.8",0.8
Employees,   Females,Total,With leave entitlements,Aug-14,"1,071.9",1.3,869.7,1.9,658.0,2.3,228.1,3.1,360.3,2.5,68.4,3.4,38.3,6.2,74.9,3.6,"3,369.5",0.8
Employees,   Females,Total,With leave entitlements,Aug-15,"1,102.6",2.1,884.8,1.5,671.9,2.1,225.8,2.9,365.4,2.7,72.9,3.7,39.3,4.7,79.4,3.5,"3,442.1",0.8
Employees,   Females,Total,With leave entitlements,Aug-16,"1,135.2",1.6,923.2,1.8,679.2,2.7,231.3,2.5,360.5,2.5,69.1,3.5,37.8,4.3,80.3,2.7,"3,516.7",0.9
Employees,   Females,Total,With leave entitlements,Aug-17,"1,148.6",1.7,968.2,1.7,688.3,2.7,234.4,2.6,360.7,2.2,75.2,3.5,37.3,4.0,79.1,3.0,"3,591.8",1.0
Employees,   Females,Total,With leave entitlements,Aug-18,"1,190.6",1.8,"1,002.4",2.3,704.6,2.2,239.8,2.4,395.9,2.4,78.2,2.9,36.8,3.7,77.3,4.0,"3,725.6",1.2
Employees,   Females,Total,With leave entitlements,Aug-19,"1,238.8",1.9,"1,021.6",1.7,746.5,2.0,248.2,2.3,395.7,2.1,77.8,4.3,38.2,4.5,86.5,4.1,"3,853.3",1.0
Employees,   Females,Total,With leave entitlements,Aug-20,"1,254.0",1.7,"1,034.4",1.7,751.8,2.1,252.5,2.4,398.1,2.3,75.1,2.7,38.2,4.2,85.9,3.0,"3,890.1",0.9
Employees,   Females,Total,With leave entitlements,Aug-21,"1,204.0",1.3,"1,059.9",1.7,782.5,1.9,268.2,2.4,427.1,2.5,80.8,2.9,38.1,2.9,87.8,3.3,"3,948.3",0.8
Employees,   Females,Total,With leave entitlements,Aug-22,"1,319.5",1.3,"1,134.1",1.4,828.7,1.5,263.3,2.1,437.5,2.7,89.8,2.9,39.2,3.4,89.4,3.6,"4,201.5",0.6
Employees,   Females,Total,With leave entitlements,Aug-23,"1,384.8",1.8,"1,216.2",1.3,888.8,2.7,281.1,2.5,453.6,2.5,95.1,2.5,41.6,4.3,97.6,2.7,"4,458.7",0.8
Employees,   Females,Total,With leave entitlements,Aug-24,"1,434.3",1.7,"1,248.8",1.5,926.4,2.1,294.7,2.1,505.0,2.0,93.4,2.9,44.9,3.0,105.6,3.0,"4,652.9",0.9
Employees,   Females,Total,Without leave entitlements,Aug-75,0.0,0.0,0.0,0.0,0.0,0.0,0.0,0.0,0.0,0.0,0.0,0.0,0.0,0.0,0.0,0.0,0.0,0.0
Employees,   Females,Total,Without leave entitlements,Aug-76,0.0,0.0,0.0,0.0,0.0,0.0,0.0,0.0,0.0,0.0,0.0,0.0,0.0,0.0,0.0,0.0,0.0,0.0
Employees,   Females,Total,Without leave entitlements,Aug-77,0.0,0.0,0.0,0.0,0.0,0.0,0.0,0.0,0.0,0.0,0.0,0.0,0.0,0.0,0.0,0.0,0.0,0.0
Employees,   Females,Total,Without leave entitlements,Aug-78,0.0,0.0,0.0,0.0,0.0,0.0,0.0,0.0,0.0,0.0,0.0,0.0,0.0,0.0,0.0,0.0,0.0,0.0
Employees,   Females,Total,Without leave entitlements,Aug-79,0.0,0.0,0.0,0.0,0.0,0.0,0.0,0.0,0.0,0.0,0.0,0.0,0.0,0.0,0.0,0.0,0.0,0.0
Employees,   Females,Total,Without leave entitlements,Aug-80,0.0,0.0,0.0,0.0,0.0,0.0,0.0,0.0,0.0,0.0,0.0,0.0,0.0,0.0,0.0,0.0,0.0,0.0
Employees,   Females,Total,Without leave entitlements,Aug-81,0.0,0.0,0.0,0.0,0.0,0.0,0.0,0.0,0.0,0.0,0.0,0.0,0.0,0.0,0.0,0.0,0.0,0.0
Employees,   Females,Total,Without leave entitlements,Aug-82,0.0,0.0,0.0,0.0,0.0,0.0,0.0,0.0,0.0,0.0,0.0,0.0,0.0,0.0,0.0,0.0,0.0,0.0
Employees,   Females,Total,Without leave entitlements,Aug-83,0.0,0.0,0.0,0.0,0.0,0.0,0.0,0.0,0.0,0.0,0.0,0.0,0.0,0.0,0.0,0.0,0.0,0.0
Employees,   Females,Total,Without leave entitlements,Aug-84,168.7,0.0,130.0,0.0,96.3,0.0,66.0,0.0,44.3,0.0,18.0,0.0,4.9,0.0,12.5,0.0,540.3,0.0
Employees,   Females,Total,Without leave entitlements,Aug-85,0.0,0.0,0.0,0.0,0.0,0.0,0.0,0.0,0.0,0.0,0.0,0.0,0.0,0.0,0.0,0.0,565.1,0.0
Employees,   Females,Total,Without leave entitlements,Aug-86,0.0,0.0,0.0,0.0,0.0,0.0,0.0,0.0,0.0,0.0,0.0,0.0,0.0,0.0,0.0,0.0,625.7,0.0
Employees,   Females,Total,Without leave entitlements,Aug-87,0.0,0.0,0.0,0.0,0.0,0.0,0.0,0.0,0.0,0.0,0.0,0.0,0.0,0.0,0.0,0.0,655.1,0.0
Employees,   Females,Total,Without leave entitlements,Aug-88,0.0,0.0,0.0,0.0,0.0,0.0,0.0,0.0,0.0,0.0,0.0,0.0,0.0,0.0,0.0,0.0,679.4,0.0
Employees,   Females,Total,Without leave entitlements,Aug-89,238.9,0.0,181.5,0.0,150.0,0.0,78.3,0.0,68.5,0.0,23.2,0.0,7.3,0.0,17.2,0.0,764.8,0.0
Employees,   Females,Total,Without leave entitlements,Aug-90,231.4,0.0,179.4,0.0,148.1,0.0,80.0,0.0,66.3,0.0,22.5,0.0,6.5,0.0,14.9,0.0,749.1,0.0
Employees,   Females,Total,Without leave entitlements,Jul-91,0.0,0.0,0.0,0.0,0.0,0.0,0.0,0.0,0.0,0.0,0.0,0.0,0.0,0.0,0.0,0.0,757.9,0.0
Employees,   Females,Total,Without leave entitlements,Aug-92,260.7,2.6,171.2,4.2,169.8,3.7,79.5,3.9,64.6,4.1,24.1,5.2,6.4,20.7,17.6,9.5,793.9,1.9
Employees,   Females,Total,Without leave entitlements,Aug-93,260.6,3.2,161.2,3.8,169.4,3.6,76.7,5.1,67.0,5.4,22.8,6.0,7.1,16.4,18.0,6.2,782.7,1.6
Employees,   Females,Total,Without leave entitlements,Aug-94,259.2,2.9,196.3,3.9,178.0,3.1,84.5,4.8,73.6,4.4,26.3,6.0,7.6,14.5,15.4,6.2,841.1,1.6
Employees,   Females,Total,Without leave entitlements,Aug-95,284.9,3.4,197.3,3.5,186.5,3.1,77.2,4.3,80.0,4.1,24.6,5.9,8.4,12.7,17.1,5.8,875.9,2.0
Employees,   Females,Total,Without leave entitlements,Aug-96,305.0,3.4,200.6,3.5,187.6,3.9,89.9,3.6,91.5,3.9,25.6,5.4,9.9,13.1,17.0,7.3,927.1,1.6
Employees,   Females,Total,Without leave entitlements,Aug-97,282.8,4.0,198.2,2.9,198.1,4.3,90.6,3.7,84.4,4.8,24.8,6.7,7.8,12.9,17.2,6.9,903.8,1.8
Employees,   Females,Total,Without leave entitlements,Aug-98,304.1,2.7,218.2,3.8,209.7,2.7,86.0,3.4,90.6,3.5,27.6,4.1,6.6,13.6,18.6,6.4,961.5,1.6
Employees,   Females,Total,Without leave entitlements,Aug-99,303.6,4.2,218.0,5.0,207.9,3.1,89.4,2.7,90.2,4.0,23.7,4.7,8.6,14.5,17.7,6.3,959.2,1.7
Employees,   Females,Total,Without leave entitlements,Aug-00,311.4,3.1,240.1,3.2,223.4,3.4,94.3,3.3,104.2,3.8,25.5,5.7,8.7,14.3,18.2,7.1,"1,025.7",1.2
Employees,   Females,Total,Without leave entitlements,Aug-01,304.2,3.1,234.1,4.0,211.5,3.2,92.9,2.7,107.4,4.7,25.4,7.0,8.4,13.8,17.8,4.2,"1,001.8",1.5
Employees,   Females,Total,Without leave entitlements,Aug-02,337.8,3.7,242.9,3.8,213.8,3.5,95.9,4.8,98.5,4.8,24.5,6.3,7.1,17.9,20.0,7.4,"1,040.5",1.4
Employees,   Females,Total,Without leave entitlements,Aug-03,341.5,4.5,248.4,4.2,234.9,3.4,93.2,4.5,103.3,7.1,29.1,7.2,7.0,16.5,15.8,13.0,"1,073.2",1.8
Employees,   Females,Total,Without leave entitlements,Aug-04,340.6,3.5,244.7,3.9,231.2,3.0,102.1,2.9,101.6,3.4,25.3,5.8,8.1,16.8,19.7,5.6,"1,073.2",1.4
Employees,   Females,Total,Without leave entitlements,Aug-05,356.6,3.0,251.3,4.4,226.2,3.6,94.8,2.8,108.4,4.7,29.3,5.5,9.0,15.3,19.5,7.1,"1,095.0",1.7
Employees,   Females,Total,Without leave entitlements,Aug-06,345.7,3.5,236.1,3.2,261.5,3.1,98.9,3.8,112.1,3.1,27.1,6.4,8.2,12.4,16.8,6.0,"1,106.4",1.7
Employees,   Females,Total,Without leave entitlements,Aug-07,358.7,4.5,276.2,3.5,248.1,4.0,97.5,5.1,116.8,4.3,28.0,4.5,7.1,20.9,18.2,5.5,"1,150.6",2.3
Employees,   Females,Total,Without leave entitlements,Aug-08,339.0,3.9,275.0,4.6,275.9,3.9,103.6,5.7,111.8,7.4,27.3,7.1,9.3,14.4,21.5,8.4,"1,163.5",2.2
Employees,   Females,Total,Without leave entitlements,Aug-09,369.0,4.7,260.2,4.1,253.6,4.1,119.3,5.1,121.6,6.8,27.9,7.2,9.9,11.7,18.9,8.5,"1,180.6",2.1
Employees,   Females,Total,Without leave entitlements,Aug-10,357.3,3.2,278.9,4.3,264.7,4.4,101.9,3.9,122.1,4.3,28.1,6.9,9.9,10.5,20.5,7.6,"1,183.4",1.9
Employees,   Females,Total,Without leave entitlements,Aug-11,373.7,4.3,277.3,3.7,273.6,3.7,104.5,5.2,124.4,5.3,29.6,7.0,10.0,11.5,18.3,8.3,"1,211.3",1.9
Employees,   Females,Total,Without leave entitlements,Aug-12,378.2,3.5,281.5,3.7,249.6,3.8,96.4,5.3,122.1,4.9,25.2,7.7,10.8,9.6,18.5,10.5,"1,182.2",1.7
Employees,   Females,Total,Without leave entitlements,Aug-13,371.9,2.9,297.5,3.4,279.2,4.2,94.4,6.5,120.7,5.9,26.1,6.6,10.3,12.2,17.4,10.7,"1,217.5",1.5
Employees,   Females,Total,Without leave entitlements,Aug-14,382.3,2.7,284.2,4.4,261.9,5.1,92.8,4.1,134.1,4.7,28.3,5.8,7.9,12.0,19.3,8.0,"1,210.8",1.9
Employees,   Females,Total,Without leave entitlements,Aug-15,400.6,2.9,305.8,4.5,275.5,4.5,94.1,5.1,133.9,4.8,24.9,8.5,10.8,9.0,16.3,10.0,"1,261.8",2.1
Employees,   Females,Total,Without leave entitlements,Aug-16,408.4,3.8,319.0,4.7,259.3,5.3,100.5,4.7,138.9,5.7,26.4,6.5,9.0,13.5,19.9,9.3,"1,281.3",1.7
Employees,   Females,Total,Without leave entitlements,Aug-17,413.1,3.0,312.2,2.9,304.1,4.2,97.0,4.9,140.5,4.5,28.8,5.9,8.6,10.2,22.3,6.8,"1,326.5",1.5
Employees,   Females,Total,Without leave entitlements,Aug-18,442.6,2.7,312.5,4.5,297.8,3.5,106.1,4.6,130.8,5.8,28.1,5.6,10.0,8.5,24.6,8.6,"1,352.5",1.7
Employees,   Females,Total,Without leave entitlements,Aug-19,407.3,3.6,355.2,4.0,283.1,3.5,103.7,6.0,131.6,3.3,31.7,7.5,10.1,8.7,19.3,10.2,"1,342.2",1.8
Employees,   Females,Total,Without leave entitlements,Aug-20,363.5,3.7,261.7,3.9,272.5,4.9,88.9,5.2,134.7,5.5,32.9,6.2,10.5,10.1,24.5,7.5,"1,189.2",2.1
Employees,   Females,Total,Without leave entitlements,Aug-21,342.8,4.6,303.0,4.0,278.9,3.6,98.4,4.6,152.6,6.0,32.8,5.8,9.9,8.2,20.6,12.6,"1,238.9",1.8
Employees,   Females,Total,Without leave entitlements,Aug-22,437.2,4.0,323.6,3.8,324.3,3.4,111.6,5.2,163.1,5.0,31.0,5.9,10.2,8.6,25.5,9.8,"1,426.4",1.7
Employees,   Females,Total,Without leave entitlements,Aug-23,437.5,4.2,340.4,4.8,283.2,5.7,116.3,4.2,164.1,4.5,26.9,6.7,10.9,10.6,19.3,12.8,"1,398.6",1.9
Employees,   Females,Total,Without leave entitlements,Aug-24,440.3,3.2,333.3,3.9,329.0,5.2,90.7,5.7,147.3,4.3,26.8,7.8,8.8,8.8,19.3,9.4,"1,395.7",2.0
Employees,   Females,Total,Total,Aug-75,627.1,0.0,476.4,0.0,224.4,0.0,165.7,0.0,143.2,0.0,46.0,0.0,11.7,0.0,34.3,0.0,"1,728.7",0.0
Employees,   Females,Total,Total,Aug-76,623.5,0.0,503.4,0.0,222.6,0.0,169.7,0.0,148.1,0.0,46.6,0.0,11.9,0.0,30.6,0.0,"1,756.4",0.0
Employees,   Females,Total,Total,Aug-77,650.5,0.0,513.6,0.0,229.7,0.0,171.8,0.0,150.4,0.0,49.0,0.0,11.8,0.0,33.1,0.0,"1,810.1",0.0
Employees,   Females,Total,Total,Aug-78,661.9,0.0,517.3,0.0,254.2,0.0,176.3,0.0,152.4,0.0,47.7,0.0,12.2,0.0,37.3,0.0,"1,859.3",0.0
Employees,   Females,Total,Total,Aug-79,661.1,0.0,516.9,0.0,252.3,0.0,169.2,0.0,156.8,0.0,52.0,0.0,12.7,0.0,35.0,0.0,"1,855.9",0.0
Employees,   Females,Total,Total,Aug-80,679.1,0.0,541.4,0.0,266.7,0.0,168.4,0.0,167.1,0.0,49.8,0.0,16.6,0.0,37.6,0.0,"1,926.7",0.0
Employees,   Females,Total,Total,Aug-81,706.9,0.0,557.5,0.0,282.2,0.0,171.7,0.0,174.1,0.0,50.3,0.0,17.2,0.0,40.2,0.0,"2,000.0",0.0
Employees,   Females,Total,Total,Aug-82,700.7,0.0,490.2,0.0,287.3,0.0,171.6,0.0,174.8,0.0,51.6,0.0,20.6,0.0,36.5,0.0,"2,005.4",0.0
Employees,   Females,Total,Total,Aug-83,693.5,0.0,548.4,0.0,291.2,0.0,173.7,0.0,178.6,0.0,50.0,0.0,21.1,0.0,43.5,0.0,"2,000.1",0.0
Employees,   Females,Total,Total,Aug-84,746.7,0.0,566.0,0.0,306.4,0.0,180.8,0.0,187.9,0.0,52.3,0.0,18.7,0.0,45.8,0.0,"2,104.4",0.0
Employees,   Females,Total,Total,Aug-85,749.1,0.0,588.4,0.0,324.7,0.0,189.9,0.0,197.9,0.0,54.7,0.0,23.2,0.0,49.8,0.0,"2,177.7",0.0
Employees,   Females,Total,Total,Aug-86,780.2,0.0,613.3,0.0,343.8,0.0,199.1,0.0,214.4,0.0,58.9,0.0,25.3,0.0,52.4,0.0,"2,287.4",0.0
Employees,   Females,Total,Total,Aug-87,817.9,0.0,662.9,0.0,358.9,0.0,198.5,0.0,218.1,0.0,58.4,0.0,26.4,0.0,54.0,0.0,"2,395.1",0.0
Employees,   Females,Total,Total,Aug-88,871.7,0.0,675.7,0.0,382.0,0.0,208.7,0.0,229.5,0.0,63.3,0.0,27.1,0.0,57.3,0.0,"2,515.3",0.0
Employees,   Females,Total,Total,Aug-89,909.1,0.0,732.3,0.0,426.8,0.0,225.2,0.0,246.9,0.0,68.4,0.0,27.3,0.0,61.8,0.0,"2,697.7",0.0
Employees,   Females,Total,Total,Aug-90,931.4,0.0,752.9,0.0,436.0,0.0,226.4,0.0,253.4,0.0,68.6,0.0,26.2,0.0,60.8,0.0,"2,755.7",0.0
Employees,   Females,Total,Total,Jul-91,910.6,0.0,708.0,0.0,441.0,0.0,221.5,0.0,247.0,0.0,68.5,0.0,30.6,0.0,58.3,0.0,"2,685.5",0.0
Employees,   Females,Total,Total,Aug-92,932.7,1.2,698.1,1.3,457.9,1.8,221.2,1.5,254.3,1.5,67.7,2.2,24.9,13.0,61.0,3.0,"2,717.7",0.6
Employees,   Females,Total,Total,Aug-93,921.5,1.1,690.5,1.6,462.9,1.6,225.4,1.8,259.1,1.5,66.0,2.5,28.4,8.5,65.3,2.3,"2,719.2",0.7
Employees,   Females,Total,Total,Aug-94,956.3,1.5,721.8,1.1,492.0,1.6,234.3,2.4,270.0,2.2,69.9,3.1,28.0,9.7,66.3,1.7,"2,838.6",0.7
Employees,   Females,Total,Total,Aug-95,"1,012.7",1.6,763.1,1.0,521.7,1.6,233.3,2.1,291.3,1.7,71.8,2.5,30.2,6.9,67.9,1.6,"2,992.0",0.7
Employees,   Females,Total,Total,Aug-96,"1,028.6",1.4,769.2,1.5,533.1,1.4,237.4,1.4,297.5,1.5,70.2,2.7,31.4,8.1,65.0,2.2,"3,032.3",0.7
Employees,   Females,Total,Total,Aug-97,"1,012.8",2.0,767.7,1.5,529.0,1.5,235.6,2.5,291.1,1.7,67.7,2.8,29.6,10.2,67.6,2.8,"3,001.1",0.8
Employees,   Females,Total,Total,Aug-98,"1,061.5",1.4,796.0,1.3,568.2,1.4,232.7,1.7,310.7,2.1,71.8,2.4,30.4,11.6,69.5,2.2,"3,140.7",0.7
Employees,   Females,Total,Total,Aug-99,"1,064.9",1.3,803.2,1.1,576.4,1.5,240.6,2.1,316.3,1.9,71.5,2.6,33.6,10.1,70.8,2.2,"3,177.2",0.7
Employees,   Females,Total,Total,Aug-00,"1,136.9",1.3,849.0,1.3,607.6,1.9,248.8,1.8,343.7,1.9,73.9,3.1,32.2,7.9,76.5,2.2,"3,368.5",0.6
Employees,   Females,Total,Total,Aug-01,"1,138.3",1.0,852.1,1.6,612.7,1.6,251.1,1.5,335.7,1.5,72.6,3.7,32.2,9.6,75.5,2.3,"3,370.1",0.6
Employees,   Females,Total,Total,Aug-02,"1,154.0",1.2,879.2,1.3,631.7,1.5,259.3,2.1,335.3,2.0,74.5,3.3,34.9,9.9,79.4,2.1,"3,448.1",0.7
Employees,   Females,Total,Total,Aug-03,"1,194.6",5.0,904.5,6.2,666.4,1.3,273.4,5.0,336.3,1.5,80.0,4.6,31.5,11.6,77.3,2.8,"3,564.1",3.9
Employees,   Females,Total,Total,Aug-04,"1,201.9",1.4,919.2,1.2,687.6,1.5,271.5,2.1,346.1,1.9,80.2,2.8,36.6,8.7,79.4,1.9,"3,622.4",0.7
Employees,   Females,Total,Total,Aug-05,"1,233.1",1.5,943.7,1.4,730.1,1.6,288.9,1.5,373.0,1.9,88.6,2.0,34.2,10.1,82.7,1.6,"3,774.2",0.9
Employees,   Females,Total,Total,Aug-06,"1,257.0",1.1,979.1,1.3,780.4,1.6,300.4,1.7,394.8,1.9,89.2,2.2,35.2,7.5,86.7,2.1,"3,922.8",0.6
Employees,   Females,Total,Total,Aug-07,"1,287.6",1.3,"1,009.5",1.2,798.2,1.5,308.7,1.4,421.5,1.6,88.2,2.0,34.6,9.5,85.4,2.3,"4,033.7",0.6
Employees,   Females,Total,Total,Aug-08,"1,312.2",1.4,"1,040.8",1.4,830.5,1.9,301.2,2.2,436.9,1.9,93.4,2.4,40.8,7.5,90.5,2.5,"4,146.3",0.6
Employees,   Females,Total,Total,Aug-09,"1,359.0",1.5,"1,046.6",1.7,862.2,1.7,321.5,2.4,440.7,2.6,94.3,2.8,45.3,5.5,88.3,2.4,"4,257.7",0.7
Employees,   Females,Total,Total,Aug-10,"1,324.7",1.5,"1,089.2",1.2,885.0,1.7,320.4,2.0,462.1,1.6,96.6,2.3,46.4,4.9,91.9,2.7,"4,316.4",0.7
Employees,   Females,Total,Total,Aug-11,"1,385.7",1.1,"1,114.7",1.2,897.0,1.6,321.4,2.1,478.4,1.9,98.5,3.0,46.2,3.9,93.3,2.7,"4,435.3",0.6
Employees,   Females,Total,Total,Aug-12,"1,418.1",1.3,"1,138.7",1.2,891.9,1.4,329.4,1.9,499.3,1.6,94.8,2.8,52.0,3.9,97.0,2.9,"4,521.1",0.7
Employees,   Females,Total,Total,Aug-13,"1,444.2",1.2,"1,161.0",1.3,931.4,1.6,321.2,1.8,500.1,1.9,95.0,2.7,53.6,3.7,95.9,4.3,"4,602.3",0.6
Employees,   Females,Total,Total,Aug-14,"1,454.2",1.2,"1,153.9",1.6,919.9,1.7,321.0,2.0,494.4,2.0,96.7,2.1,46.1,5.2,94.2,2.0,"4,580.3",0.8
Employees,   Females,Total,Total,Aug-15,"1,503.2",1.6,"1,190.6",1.3,947.4,1.7,319.8,2.4,499.3,2.0,97.8,3.1,50.2,4.5,95.7,2.9,"4,703.9",0.7
Employees,   Females,Total,Total,Aug-16,"1,543.5",1.3,"1,242.2",1.6,938.5,1.6,331.8,1.9,499.4,1.9,95.6,2.6,46.9,4.7,100.2,1.7,"4,798.0",0.6
Employees,   Females,Total,Total,Aug-17,"1,561.7",1.2,"1,280.4",1.3,992.4,1.5,331.4,1.8,501.2,1.7,104.0,2.3,45.9,3.4,101.4,2.2,"4,918.3",0.7
Employees,   Females,Total,Total,Aug-18,"1,633.2",1.3,"1,314.9",1.4,"1,002.4",1.4,345.9,1.6,526.7,1.8,106.3,2.1,46.8,2.9,102.0,3.0,"5,078.1",0.8
Employees,   Females,Total,Total,Aug-19,"1,646.1",1.3,"1,376.8",1.0,"1,029.7",1.3,351.9,2.1,527.3,1.7,109.5,3.2,48.3,3.1,105.9,2.8,"5,195.5",0.7
Employees,   Females,Total,Total,Aug-20,"1,617.6",1.3,"1,296.2",1.2,"1,024.3",1.8,341.4,2.0,532.8,1.3,108.0,1.9,48.7,3.0,110.4,2.3,"5,079.3",0.8
Employees,   Females,Total,Total,Aug-21,"1,546.7",1.2,"1,362.8",1.4,"1,061.4",1.4,366.6,1.6,579.6,1.9,113.6,2.1,48.0,2.1,108.5,2.2,"5,187.2",0.5
Employees,   Females,Total,Total,Aug-22,"1,756.6",1.1,"1,457.7",1.1,"1,153.1",1.3,374.9,1.6,600.6,1.7,120.8,1.9,49.3,2.5,114.9,2.7,"5,627.9",0.5
Employees,   Females,Total,Total,Aug-23,"1,822.3",1.1,"1,556.6",1.0,"1,172.0",1.4,397.3,1.7,617.7,1.6,122.1,1.9,52.5,2.4,117.0,2.0,"5,857.3",0.6
Employees,   Females,Total,Total,Aug-24,"1,874.6",1.1,"1,582.1",1.2,"1,255.3",1.5,385.4,1.8,652.3,1.5,120.3,1.7,53.7,2.3,124.9,1.9,"6,048.6",0.6
,,,,,,,,,,,,,,,,,,,,,,
© Commonwealth of Australia 2024,,,,,,,,,,,,,,,,,,,,,,